x,y,theta
-1.046781557123316504e-02,-1.292809163826194596e-01,-1.412786126916176332e+00
-1.799946762868651030e-03,-1.506899969416332363e-01,-1.290205780055398099e+00
1.978335215439039449e-04,-1.559052176306292559e-01,-1.120127981329417821e+00
2.801528599816479649e-03,-1.606093186098566106e-01,-9.500567832209806385e-01
5.214751179304684923e-03,-1.649288043085695432e-01,-7.753254599721223217e-01
8.176123394065414399e-03,-1.692433654193979120e-01,-5.954411851484593399e-01
1.123867894641915333e-02,-1.731547785094241509e-01,-4.264326175497675786e-01
1.448310786676784354e-02,-1.776506793926341532e-01,-2.667549874115021091e-01
1.634643478132071989e-02,-1.811153011260207835e-01,-1.115219166494703235e-01
1.967327715579416866e-02,-1.837305223860706826e-01,8.411814783091517422e-02
2.266606456294542604e-02,-1.866830956736236224e-01,2.599853739712080225e-01
2.576311005832252962e-02,-1.892708454110979543e-01,4.377672594918507465e-01
2.870021400585870061e-02,-1.912774840621346562e-01,6.124579631606783536e-01
3.264472734649943170e-02,-1.939750172001729889e-01,8.121302567565016339e-01
3.669568183312896942e-02,-1.964187502913895544e-01,1.011568143126595709e+00
4.015282113972681172e-02,-1.977550473522139696e-01,1.185134905774026359e+00
4.424141338047814231e-02,-1.989005399031429089e-01,1.359261644432392613e+00
4.833188504206301778e-02,-1.997663360025084545e-01,1.533935524922729998e+00
5.274951103950956816e-02,-2.001902116376037544e-01,1.733421854937494455e+00
5.599578865978489112e-02,-2.000172877633402402e-01,1.913101720076496148e+00
5.851558436047100270e-02,-1.993513315229005767e-01,2.091167181791009355e+00
6.115023266052058148e-02,-1.988800414216879420e-01,2.265196274274539068e+00
6.288290587317021951e-02,-1.982025508565646577e-01,2.460155239753222478e+00
6.472484886377602442e-02,-1.974355552884729526e-01,2.639966600981645151e+00
6.661520248371276265e-02,-1.962311118640346352e-01,2.818485387674025677e+00
6.831815693353175678e-02,-1.960514567365325700e-01,3.007756383629310193e+00
6.978420651590476476e-02,-1.941437750595087774e-01,-3.096640585220796549e+00
7.233643314037864480e-02,-1.921213817866501417e-01,-2.913123237667706977e+00
7.446496305943013649e-02,-1.906080844863091428e-01,-2.724982733702146387e+00
7.768850024197765380e-02,-1.881676996339084196e-01,-2.580801050453503276e+00
8.179948719600466100e-02,-1.859202748341019507e-01,-2.430966811758072055e+00
8.234826099211020600e-02,-1.856974110174439974e-01,-2.246366792237302512e+00
8.259437767384238127e-02,-1.857168171028703851e-01,-2.063307591021760867e+00
8.340572018709006830e-02,-1.867741722996660858e-01,-1.884272143817175005e+00
8.363169117860937141e-02,-1.885242563959243500e-01,-1.702539900779984183e+00
8.387511274011745510e-02,-1.900253204081457092e-01,-1.529585748814390689e+00
8.464541888797114111e-02,-1.922565155888908972e-01,-1.352008393281901588e+00
8.479202565613148945e-02,-1.953651041019934254e-01,-1.173367802175186547e+00
8.545586607667043921e-02,-1.981938347820526025e-01,-1.006528273203215695e+00
1.392894726269206795e-01,-2.796198839413110981e-01,-1.004481466047291383e+00
1.953836542647472418e-01,-3.662422544781011591e-01,-9.958436122589882089e-01
2.541143531052999505e-01,-4.568820486013187576e-01,-9.896949604277943680e-01
3.109774154521747214e-01,-5.424660770756187800e-01,-9.587792754854334021e-01
3.760530297706154990e-01,-6.245146571757753673e-01,-8.588356041066301794e-01
4.461450802521254033e-01,-7.025273307470171202e-01,-8.375323235673798328e-01
4.872220688190327387e-01,-7.410875654140129942e-01,-9.995386166343763756e-01
4.899897778953783423e-01,-7.408322643068426805e-01,-1.171430298628275635e+00
4.929111880099618093e-01,-7.402025832128052985e-01,-1.340730092147655261e+00
4.964260641561418219e-01,-7.398547541230708902e-01,-1.514122347443079164e+00
4.997614436201897603e-01,-7.392889010173507858e-01,-1.692866198506843611e+00
5.031174594129008693e-01,-7.387902473417033988e-01,-1.867978680986180029e+00
5.068712705104103655e-01,-7.389209193536458997e-01,-2.042269777929629715e+00
5.102168439157033220e-01,-7.392733084049158965e-01,-2.216789994576402911e+00
5.142701098091795320e-01,-7.404935349845824799e-01,-2.398797399255221841e+00
5.174929125154892340e-01,-7.411299643095878853e-01,-2.574803860369503816e+00
5.202587459433868355e-01,-7.423165069567112528e-01,-2.756649503535950618e+00
5.222491561042661434e-01,-7.434444171879742713e-01,-2.936003748575500616e+00
5.238737588359507757e-01,-7.449783834086852741e-01,-3.121550105138512166e+00
5.250964991394642123e-01,-7.471606617655018878e-01,2.984942662687137815e+00
5.254751387413878483e-01,-7.488186148803368525e-01,2.813261591743597023e+00
5.253387779595760643e-01,-7.494578433165658415e-01,2.886375313714812485e+00
5.255391939710382099e-01,-7.493504104609232108e-01,3.057358097269037955e+00
5.256469400589653951e-01,-7.478320377707156075e-01,-3.043002063879848063e+00
5.236326107210569347e-01,-7.475801515306651490e-01,-2.864625815804889619e+00
5.216602882839034283e-01,-7.478026157505250904e-01,-2.688253216233134069e+00
4.358180864903198892e-01,-7.985511392434646583e-01,-2.600172685808989748e+00
3.503052300809549324e-01,-8.592853029122176078e-01,-2.504853940836205606e+00
2.680381526602089726e-01,-9.224653975485316293e-01,-2.468686787364601898e+00
1.922218666490051187e-01,-9.917691993147785823e-01,-2.401115429012534719e+00
1.169818473262427411e-01,-1.060903848079736145e+00,-2.406716954414028997e+00
4.644587973960540711e-02,-1.125446864308504713e+00,-2.411477227300483861e+00
-3.080423619152332718e-02,-1.194884959658690571e+00,-2.415368604447076351e+00
-1.076454483950701202e-01,-1.264276772407830540e+00,-2.414071795623872863e+00
-1.847967628495021108e-01,-1.333342351583781449e+00,-2.414900875045503437e+00
-2.212675496316072188e-01,-1.369785884485697824e+00,-2.581216931878898890e+00
-2.202320824715355840e-01,-1.371879982945065413e+00,-2.773601319122086295e+00
-2.190832835524531008e-01,-1.374945628401212927e+00,-2.978400933633223335e+00
-2.191070821433855897e-01,-1.378256457204923180e+00,3.127525717711201025e+00
-2.201156971071032697e-01,-1.381017997135632003e+00,2.959095762486887438e+00
-2.198742866510548788e-01,-1.383754296323936206e+00,2.756185894820818660e+00
-2.196841614852004521e-01,-1.386125918864835604e+00,2.558729945233439107e+00
-2.195177553197396048e-01,-1.388082880674629926e+00,2.375303917497324946e+00
-2.199844272829012959e-01,-1.390215735847835976e+00,2.177753016666335029e+00
-2.206218835099771070e-01,-1.392294479892199899e+00,1.982287235541388526e+00
-2.219096868514644494e-01,-1.393760667737532488e+00,1.798743364131212497e+00
-2.237044853177217740e-01,-1.395185171597892237e+00,1.588441426482880114e+00
-2.256629851383006313e-01,-1.396462872077240958e+00,1.399642607463675192e+00
-2.286450026252241641e-01,-1.396566002786109539e+00,1.206558400510648221e+00
-2.316634652799447469e-01,-1.395976468899123857e+00,1.024929775390340136e+00
-2.346116418640677992e-01,-1.395055192748350548e+00,8.484824789725902150e-01
-2.380522502830773046e-01,-1.393151052675848378e+00,6.563492617437116650e-01
-2.410188579291091260e-01,-1.391521823990079954e+00,4.819299093920219601e-01
-2.440145009989047320e-01,-1.389548071803573315e+00,3.023609918446951150e-01
-2.458978704161092210e-01,-1.387504860183502275e+00,1.212146321662039977e-01
-2.471408168984726705e-01,-1.384638637610694056e+00,-2.749035415541669844e-02
-2.473097568204016550e-01,-1.382798250823456199e+00,-1.940623644013908800e-01
-2.473468683682831792e-01,-1.381956053620248204e+00,-3.708537291246459811e-01
-2.470842517437800978e-01,-1.381699286970566209e+00,-5.389328867853571126e-01
-2.461097874558194343e-01,-1.380638217954010649e+00,-7.164661239480135668e-01
-2.457433078661176162e-01,-1.379979504588264128e+00,-9.489670947106711996e-01
-2.443759854199328563e-01,-1.378266949877462455e+00,-1.142692277847947135e+00
-2.422924366362184390e-01,-1.377210961806362599e+00,-1.345764346679426682e+00
-2.400938846543224925e-01,-1.376734281577853602e+00,-1.544754149764607343e+00
-2.378198332135532944e-01,-1.376228131312547065e+00,-1.746125264472657035e+00
-2.357352131707010356e-01,-1.376515243966831559e+00,-1.919579125708728240e+00
-2.327030682076619283e-01,-1.377513084421396750e+00,-2.103956218173624215e+00
-2.296960037002887534e-01,-1.378337397598462521e+00,-2.293945031159981163e+00
-2.278367205571410758e-01,-1.379815158153177901e+00,-2.509446912298866295e+00
-2.256606336902350907e-01,-1.381377708540853622e+00,-2.698269426164224605e+00
-2.237656397281411746e-01,-1.383611981639714106e+00,-2.880926682806564276e+00
-2.222947282163521554e-01,-1.386352814222177265e+00,-3.086834456259708315e+00
-2.209339688546641256e-01,-1.388658154832457692e+00,2.984872847951522967e+00
-2.198066738901831296e-01,-1.390725460089096588e+00,2.810317050484058665e+00
-2.192673189635195030e-01,-1.393055303415843493e+00,2.612452860603241778e+00
-2.184142446091529854e-01,-1.395817665194392987e+00,2.395225890007635527e+00
-2.185126119352354679e-01,-1.397887168250190770e+00,2.196989875498720046e+00
-2.188738310864950798e-01,-1.400343524522670302e+00,1.978718569754998935e+00
-2.198123685306072328e-01,-1.402289918199147056e+00,1.781029410221209197e+00
-2.216154945062198123e-01,-1.404361037532807721e+00,1.558622607011471040e+00
-2.237143890944396918e-01,-1.405759436151505337e+00,1.346638481577254076e+00
-2.263859351054745561e-01,-1.406304459298737930e+00,1.121820742919267921e+00
-2.284698101310491114e-01,-1.405778813931880977e+00,9.258371313737435715e-01
-2.307865132559534793e-01,-1.404943425922329903e+00,7.177739181062575691e-01
-2.321148577338432162e-01,-1.404031630246994844e+00,5.219813726373048191e-01
-2.339824368103312346e-01,-1.403400443579563062e+00,3.256607825536773637e-01
-2.357702789599274984e-01,-1.402049391676195800e+00,1.090719559029035973e-01
-2.374512570102115805e-01,-1.399967417702166372e+00,-1.007807047643117931e-01
-2.385951981876004435e-01,-1.398259616872520317e+00,-3.066646888388408487e-01
-2.391092126182356170e-01,-1.396149404999119437e+00,-5.487854435054894120e-01
-2.396178051334303394e-01,-1.393065575443556803e+00,-7.913010713825129328e-01
-2.389030674338460669e-01,-1.391246983925630509e+00,-1.026545200437507077e+00
-2.379516400298807288e-01,-1.389539015409995804e+00,-1.235560709433197291e+00
-2.359999295215384763e-01,-1.387400634099950514e+00,-1.478311392948060021e+00
-2.341746106532579530e-01,-1.386476396282545931e+00,-1.701619696207863575e+00
-2.319755798654712375e-01,-1.386186038529307218e+00,-1.899864320948930541e+00
-2.293348956915824965e-01,-1.386636489328493482e+00,-2.091714213358871088e+00
-2.266921187756604505e-01,-1.387820747528946574e+00,-2.317424258889745570e+00
-2.245601038879338485e-01,-1.389528802754052439e+00,-2.535155436191817824e+00
-2.226251101118452980e-01,-1.391207774038288436e+00,-2.725846762031688186e+00
-2.205144417702969151e-01,-1.393742442080078581e+00,-2.935054085846891425e+00
-2.194894332666323111e-01,-1.396388600423491777e+00,3.098422686340170262e+00
-2.184816550301716953e-01,-1.398655606241203664e+00,2.908614043592270271e+00
-2.177388412615909041e-01,-1.401147348479891974e+00,2.691653380350783831e+00
-2.169832283881702739e-01,-1.403412728518373509e+00,2.515603265829076562e+00
-2.166097696412679352e-01,-1.406515834819368704e+00,2.293286899220482233e+00
-2.167074259351332022e-01,-1.408309262609921175e+00,2.118478621041001819e+00
-2.175952152936821149e-01,-1.410676929640548138e+00,1.903419693051942474e+00
-2.189879442002831411e-01,-1.412549196824242292e+00,1.671757962854008905e+00
-2.209982770010899544e-01,-1.413969925922376802e+00,1.465934323663933281e+00
-2.236812697093728264e-01,-1.414964112003496366e+00,1.225664383419396097e+00
-2.269991460592050425e-01,-1.415400005367802638e+00,1.014221219064687762e+00
-2.288068512108877850e-01,-1.414447247411459774e+00,7.974912984397179994e-01
-2.313551187338199200e-01,-1.413188825931205539e+00,5.750748531482288151e-01
-2.340545351118409056e-01,-1.411676056673604185e+00,2.974109423916945216e-01
-2.363910492897019211e-01,-1.409779542365384719e+00,5.610021417023754869e-02
-2.382155981558981561e-01,-1.407789233275831275e+00,-1.837645655504859532e-01
-2.390060028896316413e-01,-1.406446188533273300e+00,-3.723935964218214045e-01
-2.396791564450286849e-01,-1.404022882203161071e+00,-6.161077516028817813e-01
-2.400669941077803460e-01,-1.401126554449377171e+00,-8.911458370892479941e-01
-2.394203847873571656e-01,-1.399044820904836284e+00,-1.145113295644026419e+00
-2.376266528588985294e-01,-1.397184512178143878e+00,-1.384379205051435857e+00
-2.359188149692130754e-01,-1.395755025246982584e+00,-1.623620182534527334e+00
-2.338261759552305585e-01,-1.395112417426621620e+00,-1.830313130062882321e+00
-2.305727996832608873e-01,-1.395292579230530849e+00,-2.069567032568484066e+00
-2.274016090262461487e-01,-1.396498242382951727e+00,-2.291060198987165730e+00
-2.259475245032833424e-01,-1.398140722418404813e+00,-2.470197585609307467e+00
-2.240098477383204723e-01,-1.400342932786957872e+00,-2.682094314363447918e+00
-2.226181714825243851e-01,-1.402117274161615690e+00,-2.862805518036233732e+00
-2.209646568464992133e-01,-1.404111416162936887e+00,-3.048600592821275157e+00
-2.195451948331739733e-01,-1.407400467506335184e+00,2.991893316036681849e+00
-2.182374342815406321e-01,-1.410559632678917152e+00,2.753104064769655857e+00
-2.175490643727565343e-01,-1.412547767249624053e+00,2.564582970996491795e+00
-2.167032890863759831e-01,-1.415643247137020833e+00,2.319956268432883828e+00
-2.171402697372770696e-01,-1.418911428446032019e+00,2.081933464087112107e+00
-2.176546557152672645e-01,-1.420563830202033584e+00,1.893736615599412865e+00
-2.193349633656198894e-01,-1.422931086727476035e+00,1.648243149795845852e+00
-2.219397662373661928e-01,-1.424582927320061865e+00,1.394704547582378051e+00
-2.251749128242211129e-01,-1.425907842082235311e+00,1.170048850691136622e+00
-2.275573049034543827e-01,-1.426000977823006721e+00,9.959508230666449524e-01
-2.301241856345458692e-01,-1.425236739007212483e+00,8.022945136029125957e-01
-2.321518934455046312e-01,-1.424425521357865598e+00,6.123388538832514882e-01
-2.343155026651489725e-01,-1.423478869175412775e+00,4.137547709075938829e-01
-2.367078199272972527e-01,-1.421415642838648630e+00,1.632744344183074958e-01
-2.384945681040607501e-01,-1.420135698455767814e+00,-3.140481810743205732e-02
-2.396386911838211398e-01,-1.418341437726813092e+00,-2.281419594360905578e-01
-2.406184162100893364e-01,-1.416102415422101357e+00,-4.403499216524719428e-01
-2.418651104135885743e-01,-1.414141223593682550e+00,-6.496607861047631882e-01
-2.423723655382540310e-01,-1.411783744134196494e+00,-8.957577224108106417e-01
-2.418601805725008602e-01,-1.409203585032513972e+00,-1.117877912343289148e+00
-2.408071746606452457e-01,-1.407610589502323206e+00,-1.371197534108889116e+00
-2.391611955154650804e-01,-1.406258490911224124e+00,-1.612497744992797299e+00
-2.366251385459229306e-01,-1.405212625077193689e+00,-1.867400766528107825e+00
-2.337943686440396573e-01,-1.405606153290855254e+00,-2.128996817800355768e+00
-2.315749176877988369e-01,-1.406887069814928948e+00,-2.343975030815243166e+00
-2.297909729016776592e-01,-1.408590005541218826e+00,-2.521226696067645268e+00
-2.285919767528600266e-01,-1.410388016470163208e+00,-2.709472201097845812e+00
-2.267360356820520007e-01,-1.412824314370709544e+00,-2.947615137667833007e+00
-2.248530212176654830e-01,-1.415881262865973156e+00,3.083818769673554616e+00
-2.238582015840064054e-01,-1.418775303491733641e+00,2.846710831176117118e+00
-2.231993654931156701e-01,-1.421282496011717633e+00,2.598746966385156565e+00
-2.221945598233385499e-01,-1.424434460938724945e+00,2.380425912715655734e+00
-2.248764412455010742e-01,-1.425598621267323507e+00,2.477895029927358106e+00
-2.269605074999692662e-01,-1.424839538418113394e+00,2.666856862053274213e+00
-2.285681114626157695e-01,-1.423281749661113427e+00,2.843059952792287959e+00
-2.307021725460725037e-01,-1.421563065354246591e+00,3.023876584900383691e+00
-2.332896001662761731e-01,-1.420297885378821956e+00,-3.078870622480876840e+00
-2.352216409666216534e-01,-1.419527253017905721e+00,-2.894163644335570051e+00
-2.790964039836170696e-01,-1.431682652981866699e+00,-2.849448417766003772e+00
-3.772737808688125805e-01,-1.464270922969342026e+00,-2.783245890338665429e+00
-4.719243728391774306e-01,-1.507354561895770662e+00,-2.687713749421118514e+00
-5.644901984715834375e-01,-1.553584336073011052e+00,-2.689757782099497341e+00
-6.553133916140924109e-01,-1.605426809734768812e+00,-2.580891091818467764e+00
-7.397811620421091972e-01,-1.666990090991364859e+00,-2.468764347441520179e+00
-8.172508719304980573e-01,-1.733884230797847481e+00,-2.420810567432874816e+00
-8.951352397531764371e-01,-1.802265914869791930e+00,-2.419940201570824456e+00
-9.748256380897368789e-01,-1.872030673108594057e+00,-2.419819809601498228e+00
-1.052526929239505638e+00,-1.940616929003935898e+00,-2.417299609104746505e+00
-1.132588939319415733e+00,-2.011805833679245037e+00,-2.416325590172610394e+00
-1.192064209586247259e+00,-2.066324441906659981e+00,-2.561063747141380631e+00
-1.190575929016409296e+00,-2.068413753906507946e+00,-2.753922847301379484e+00
-1.189060412864434868e+00,-2.070400951397084910e+00,-2.929826123218618683e+00
-1.187621179793646231e+00,-2.072853429454289742e+00,-3.127890119568438543e+00
-1.186647353530120963e+00,-2.075203342903167769e+00,2.973685404589022863e+00
-1.186403046391960592e+00,-2.077771897900614118e+00,2.780551758829433950e+00
-1.186520106018592813e+00,-2.081033264993376708e+00,2.576010672338621799e+00
-1.186671084859429293e+00,-2.084133306624018633e+00,2.360665372506074888e+00
-1.187136292169277629e+00,-2.086470539742842245e+00,2.180826182257472379e+00
-1.188326757183807647e+00,-2.089196350308584638e+00,1.993485556906477996e+00
-1.189956116459767843e+00,-2.090997666984138803e+00,1.808520794500601214e+00
-1.191811245236966466e+00,-2.092700774340774839e+00,1.616355952354731951e+00
-1.193939208966350973e+00,-2.093869776476902089e+00,1.422814218417149945e+00
-1.197015151134889210e+00,-2.095069564641617976e+00,1.245580669933811002e+00
-1.199556159282176626e+00,-2.096456035923077277e+00,1.074727388069479428e+00
-1.201999502939602893e+00,-2.097131641312418804e+00,9.451684991892890242e-01
-1.203265200046001127e+00,-2.097272729875493180e+00,7.672094021232941374e-01
-1.204740075157726409e+00,-2.096988534179633046e+00,5.902752986911149469e-01
-1.206417245999061416e+00,-2.096433113264350112e+00,4.312749229462379263e-01
-1.207841219489946383e+00,-2.095921668835257101e+00,2.462939416599873033e-01
-1.209073496130459446e+00,-2.095236777229072977e+00,6.632347537999934428e-02
-1.209554363666328403e+00,-2.094500608333191849e+00,-1.105079900912525476e-01
-1.209736375600008351e+00,-2.093435457019191315e+00,-2.738691977720927317e-01
-1.208744708491828135e+00,-2.091821696566164679e+00,-3.815702380623205436e-01
-1.208034498801991985e+00,-2.090958411784214377e+00,-5.616942331044856296e-01
-1.207486735333074934e+00,-2.090030605682076548e+00,-7.411988964051358098e-01
-1.206651390712063288e+00,-2.089056287287586411e+00,-9.202439271945761501e-01
-1.205530790806544017e+00,-2.088080127777269812e+00,-1.103071138928255479e+00
-1.204131492350500654e+00,-2.088598830947368867e+00,-1.271992192181362169e+00
-1.202940202719501084e+00,-2.088674787305376590e+00,-1.461628526030803954e+00
-1.201111554498256462e+00,-2.088224966069962996e+00,-1.640296825733143393e+00
-1.199187125537811927e+00,-2.087588697632152712e+00,-1.821646426031521493e+00
-1.196616258932264643e+00,-2.087493324133281813e+00,-1.997560294411400372e+00
-1.194102890350188462e+00,-2.087582623665096726e+00,-2.176861730749563240e+00
-1.192152302759947213e+00,-2.087919997327648325e+00,-2.263437397184322020e+00
-1.194104257259351654e+00,-2.088126996888996612e+00,-2.079872565630767056e+00
-1.196481770221655694e+00,-2.088943300263838232e+00,-1.891261588110431990e+00
-1.197825206431212042e+00,-2.089603865028141882e+00,-1.708879921441384786e+00
-1.199444874372656011e+00,-2.091302858526287167e+00,-1.536972590875252287e+00
-1.200487628328475553e+00,-2.093136398885402816e+00,-1.347949403518441169e+00
-1.201607079271288736e+00,-2.094499125144872131e+00,-1.174276481554168194e+00
-1.202097038686738673e+00,-2.096694873450350993e+00,-9.977980947912248322e-01
-1.202294057988350096e+00,-2.098648576946861688e+00,-8.242487451700768464e-01
-1.201906199525879515e+00,-2.100334445992006582e+00,-6.429813960704255926e-01
-1.201453404067309938e+00,-2.102154981745646634e+00,-4.653341792188006032e-01
-1.200744052133730033e+00,-2.104067364377095739e+00,-2.660863123754044213e-01
-1.199386681374812191e+00,-2.107055574459406166e+00,-1.112530064703558252e-01
-1.198598390577014339e+00,-2.108927107436576076e+00,6.846757283920258674e-02
-1.197162281124204863e+00,-2.111208196092596356e+00,2.541541980979726834e-01
-1.195153087715283169e+00,-2.113428239920463803e+00,4.326654293734264467e-01
-1.192422161985486229e+00,-2.115623832254326153e+00,5.985700307419495880e-01
-1.112372224866249759e+00,-2.061952716437595701e+00,6.546284223512445211e-01
-1.031189578029807485e+00,-1.997568379401112759e+00,6.998645026481238318e-01
-9.528768614460519926e-01,-1.931722679548276034e+00,7.424643585504950849e-01
-8.758174850817991297e-01,-1.864726818200316272e+00,7.385160659479597101e-01
-7.983191471927413296e-01,-1.796864338604349909e+00,7.186908419040379803e-01
-7.382700621237047178e-01,-1.754164165533465214e+00,5.457471872477759334e-01
-6.859776329368431069e-01,-1.730895897003483119e+00,3.734871831881351745e-01
-6.292525728200680790e-01,-1.716513148656795273e+00,1.988479067366595299e-01
-5.703295334113258619e-01,-1.710759550761057346e+00,1.675487961133440354e-02
-5.095352134109389919e-01,-1.715828049749781981e+00,-1.688153628496260328e-01
-4.465657936673876338e-01,-1.733864853621787772e+00,-3.678587542124752141e-01
-3.879363158186046601e-01,-1.763435076342990460e+00,-5.546201577309850528e-01
-3.279806709427230405e-01,-1.808167155266699355e+00,-7.350045365646985518e-01
-2.589334546544307392e-01,-1.880384610696935965e+00,-8.949275034391975803e-01
-1.938236053854170693e-01,-1.956203991741358950e+00,-8.589817890754457563e-01
-1.233836684843385295e-01,-2.032582897959182677e+00,-8.211681411878170023e-01
-5.319364117171718198e-02,-2.108189489070323663e+00,-8.333730439891919861e-01
1.488487425222477381e-03,-2.171918689156622229e+00,-9.718209419985546216e-01
1.896324170744212792e-02,-2.204972408671907136e+00,-1.169656966161980005e+00
3.109604837935528790e-02,-2.237583316864134808e+00,-1.366875556358440491e+00
3.660616318971889049e-02,-2.272914099278852351e+00,-1.563847702461351963e+00
3.577122521329962473e-02,-2.306616082227480824e+00,-1.740472492811113492e+00
2.770482934100021444e-02,-2.343458125597411179e+00,-1.916335398713074456e+00
9.568124069589550168e-03,-2.384800146588191616e+00,-2.105352579621805997e+00
-2.216198823556450592e-02,-2.429571312871527944e+00,-2.296872323971031804e+00
-3.983574058499186193e-02,-2.451186758377052133e+00,-2.327075108619328425e+00
-4.440304803494096730e-02,-2.458191615711364353e+00,-2.144634617657764419e+00
-6.681043817833616505e-02,-2.499321663924254810e+00,-2.083774625480152576e+00
-1.114403089726903329e-01,-2.589826262424518521e+00,-2.043773047941684240e+00
-1.569328585891250905e-01,-2.681445718020924573e+00,-2.046711475183024209e+00
-2.032220807488208936e-01,-2.772376540023050229e+00,-2.044788712352802129e+00
-2.500630041587947328e-01,-2.863284446203294920e+00,-2.049939012531011517e+00
-2.661268551969642737e-01,-2.895307019987552355e+00,-1.881921270496809129e+00
-2.675743656769086765e-01,-2.897644173257641675e+00,-1.699799429611742463e+00
-2.686767450500373022e-01,-2.899918358145164188e+00,-1.518680912927837579e+00
-2.692653800802868314e-01,-2.901971695469906187e+00,-1.331088965588985040e+00
-2.691821127271734060e-01,-2.904841501407432691e+00,-1.151303412806540027e+00
-2.688108536663109116e-01,-2.907819965041073651e+00,-9.872586385785372398e-01
-2.676729343463429278e-01,-2.911979148291114150e+00,-8.213749402608261363e-01
-2.648124257921188884e-01,-2.916925304175947087e+00,-6.466827049574943587e-01
-2.507379497455369810e-01,-2.929206707775291019e+00,-5.228633193117891986e-01
-1.694674611774433792e-01,-2.989157450484538625e+00,-6.613777683333412760e-01
-1.283983256751280444e-01,-3.020311181273793721e+00,-8.688232968436698789e-01
-1.274372171724882374e-01,-3.018794954749716819e+00,-1.077258618390553924e+00
-1.262887082490598001e-01,-3.017503997318466080e+00,-1.276605785966049122e+00
-1.217141497255179727e-01,-3.016008418668834068e+00,-1.422927104116057162e+00
-1.166249114241164897e-01,-3.017076943083365048e+00,-1.571976490891758615e+00
-1.148315812696270727e-01,-3.016883700830891080e+00,-1.749169732766234997e+00
-1.122660421917208717e-01,-3.017097416778062868e+00,-1.934534777275102257e+00
-1.089087226717234680e-01,-3.017642076194305023e+00,-2.141708746595262891e+00
-1.060770653295120547e-01,-3.018723536896587678e+00,-2.322713509038790480e+00
-1.031089616970575357e-01,-3.020734512329039223e+00,-2.587921900239961825e+00
-9.961967013400388482e-02,-3.023169394848779667e+00,-2.822756256325753554e+00
-9.742403064374986765e-02,-3.025091955568692370e+00,-3.006283591308410941e+00
-9.510656109521882506e-02,-3.027688075555018621e+00,3.025593907493540513e+00
-9.380779961217423912e-02,-3.029374506772425590e+00,2.845217640461084052e+00
-9.217709608832407031e-02,-3.032523505937677832e+00,2.604251850570626026e+00
-9.163156977391383184e-02,-3.035057939785579251e+00,2.398329097973826318e+00
-9.159198966453034607e-02,-3.038601169318300599e+00,2.155249505983361402e+00
-9.227745706248551005e-02,-3.040939641182081044e+00,1.916832600513804774e+00
-9.347163917852209514e-02,-3.043145625645672592e+00,1.716367103070829403e+00
-9.536672231567155933e-02,-3.045121575530051583e+00,1.480900662735257445e+00
-9.717902196261286873e-02,-3.046199903275230714e+00,1.248016817143770441e+00
-9.928464746968743149e-02,-3.046514347326622296e+00,1.045915106168474606e+00
-1.022812227846112559e-01,-3.045889535847631002e+00,8.078431777684157433e-01
-1.041284410579621095e-01,-3.044680094842937557e+00,5.705406053868012917e-01
-1.061342384869148198e-01,-3.043816738397582267e+00,3.712991206480604767e-01
-1.075576307662040876e-01,-3.042291793010813095e+00,1.400901535791478913e-01
-1.091093101128540049e-01,-3.040288988710570184e+00,-1.217363636789991072e-01
-1.099306908086247064e-01,-3.038354054867467013e+00,-3.223254722932265004e-01
-1.100623740855688204e-01,-3.036785285974884729e+00,-5.039295285741370867e-01
-1.096064801580030057e-01,-3.034316637372200365e+00,-7.583491163945582647e-01
-1.086129432858470717e-01,-3.031193113035472564e+00,-1.046164448660866997e+00
-1.069107127697317139e-01,-3.029350362106397743e+00,-1.309026195479899179e+00
-1.040225600133422856e-01,-3.027738433271965235e+00,-1.566090680708948524e+00
-1.015312651345954970e-01,-3.026813608593576621e+00,-1.765136973242788843e+00
-9.891922297228021577e-02,-3.026561342813204991e+00,-1.945938148813349367e+00
-9.487059772690745185e-02,-3.027354124512553923e+00,-2.209040254621049026e+00
-9.098671124815856104e-02,-3.029312140822236543e+00,-2.500615990837337321e+00
-8.744868657186985472e-02,-3.031536971161191474e+00,-2.760597340634663333e+00
-8.526714996747548903e-02,-3.033354803534059396e+00,-2.937846438090223611e+00
-8.233158475341151306e-02,-3.036288374082258823e+00,3.054119764247848146e+00
-8.063045429233066386e-02,-3.038539917648949817e+00,2.877477370652627986e+00
-7.895098510679403325e-02,-3.041105316113787982e+00,2.700251349727994299e+00
-7.777498508410012057e-02,-3.044467334532329872e+00,2.450174542076585471e+00
-7.720373869839101955e-02,-3.047421990972801531e+00,2.241908704438837940e+00
-7.745979109346551317e-02,-3.051768350093495119e+00,2.062006192838577334e+00
-7.716461924112701098e-02,-3.055007897421185614e+00,1.899023902815990761e+00
-7.766352986456570573e-02,-3.057259258196758811e+00,1.710972852032915048e+00
-7.816480355785185297e-02,-3.058434064407590913e+00,1.527846925300019754e+00
-7.950367885872684781e-02,-3.059468586329422202e+00,1.347095719375874134e+00
-7.958674213956402899e-02,-3.058873471736696992e+00,1.168514794497827802e+00
-3.977435679231162285e-02,-2.987308189463135921e+00,1.065479478159139903e+00
1.108833834623659288e-02,-2.897672122180975141e+00,1.065783122577658837e+00
6.092054203570289317e-02,-2.807501667773356413e+00,1.066446106490499091e+00
1.128877653238953283e-01,-2.714975225033393613e+00,1.065668592874561948e+00
1.615237563169674706e-01,-2.628333573243783139e+00,1.050668772473151380e+00
2.197643261505801138e-01,-2.535554514757416555e+00,9.963818020569147338e-01
2.798150998424842051e-01,-2.448806945645351618e+00,9.482751108656292116e-01
3.438555584659704900e-01,-2.364594731217539714e+00,9.128116239130313891e-01
4.070507354451016746e-01,-2.281532291788146871e+00,9.426427701905001344e-01
4.659636445350660572e-01,-2.197368082567295655e+00,9.913094015283399063e-01
5.269407818361429019e-01,-2.106825107453569768e+00,9.734481873369468241e-01
5.884070157342992102e-01,-2.023452719468602723e+00,9.252480601195187671e-01
6.573651171040522101e-01,-1.937826767749101897e+00,8.765406319374628996e-01
7.221045526730985875e-01,-1.865171613003486994e+00,8.338830150941920483e-01
7.965716946104128837e-01,-1.789039779567577204e+00,7.779457823901179125e-01
8.729049700423976432e-01,-1.718825315123942321e+00,7.318924572209686286e-01
9.546419316717738024e-01,-1.650416866988168474e+00,6.825087032352837868e-01
1.034806544047220944e+00,-1.591005701510397552e+00,5.731581721261916895e-01
1.071637591320685701e+00,-1.557187367610619155e+00,4.139335656544549380e-01
1.071080531674671654e+00,-1.554819662511295109e+00,2.328883555293586594e-01
1.070798147916292908e+00,-1.552593088574644620e+00,4.932266150415171718e-02
1.070841133394766498e+00,-1.550379279500414986e+00,-1.348224499820028233e-01
1.071151271570150998e+00,-1.548308826227622115e+00,-3.179790836579853841e-01
1.074796012085853514e+00,-1.546782715323558488e+00,-4.877984823855876506e-01
1.082514783534600955e+00,-1.549347351334755318e+00,-6.516876050099648099e-01
1.090402149024622735e+00,-1.552961893168284480e+00,-8.224306576085749221e-01
1.091977000740230963e+00,-1.553045730200287355e+00,-7.149809534293195545e-01
1.093515609035808467e+00,-1.554262733358922288e+00,-5.401545488934025308e-01
1.095066450267365488e+00,-1.555997684656112545e+00,-3.444487940011670690e-01
1.097115183856230081e+00,-1.557565614125645981e+00,-1.491089899107044259e-01
1.099005236249674278e+00,-1.558943551889057311e+00,5.438040091362596890e-02
1.101291180547285586e+00,-1.559800171171840333e+00,2.356715337503559327e-01
1.103416865279765791e+00,-1.560810092100235247e+00,4.102032099780021923e-01
1.106719296437333133e+00,-1.562102937069234532e+00,6.056723482965681304e-01
1.109839465563378091e+00,-1.562845127756455232e+00,7.803829171783872587e-01
1.113116021665683464e+00,-1.563166942274864635e+00,9.533956397868537103e-01
1.116261800098640400e+00,-1.563496759003558445e+00,1.129971926508992253e+00
1.119616516566560582e+00,-1.563331283831441709e+00,1.327887409150154907e+00
1.122792963243956832e+00,-1.562337689294504894e+00,1.524902422857938200e+00
1.124956862617673137e+00,-1.560629976928336049e+00,1.724065940023367105e+00
1.126425299012113745e+00,-1.558459880930474606e+00,1.924885549347806757e+00
1.127726150872647493e+00,-1.556223592224021290e+00,2.124579562615251493e+00
1.128473117774161594e+00,-1.553894082317383463e+00,2.323870567147874322e+00
1.129328366661914940e+00,-1.552088266682419393e+00,2.486100968298605718e+00
1.128970178629675525e+00,-1.549628061388105493e+00,2.673635464063519152e+00
1.128981194118887865e+00,-1.547296874259028510e+00,2.873768113091765386e+00
1.128800750032637135e+00,-1.545651713792745463e+00,3.055531164300048008e+00
1.128027311495952034e+00,-1.543407454393079359e+00,-3.032004669957173881e+00
1.127165828706108375e+00,-1.541793660084967099e+00,-2.845396561038040950e+00
1.125840018917950713e+00,-1.539049961057502580e+00,-2.697607844310633940e+00
1.124413337505302701e+00,-1.536924905064350311e+00,-2.526453208108312420e+00
1.123058709339234795e+00,-1.535112196324590172e+00,-2.359305748108868173e+00
1.120577691569246914e+00,-1.533141859422735287e+00,-2.235199226542732731e+00
1.118742175036878672e+00,-1.531459122806881012e+00,-2.056884847532681970e+00
1.117722154769084320e+00,-1.530956114282711722e+00,-1.872882264539612596e+00
1.115541084452061682e+00,-1.531623301101532109e+00,-1.645347779118337517e+00
1.112956964531966353e+00,-1.533598746078196351e+00,-1.398946105790885630e+00
1.111861399945734297e+00,-1.535818023536776877e+00,-1.201494155020683463e+00
1.110605201242168993e+00,-1.538086106250349916e+00,-9.910837691493198376e-01
1.110258357346895153e+00,-1.540878555868868238e+00,-7.540045209722856523e-01
1.110817290490354603e+00,-1.544278618450817264e+00,-5.017248654813281084e-01
1.112457091095372164e+00,-1.547744997356938157e+00,-3.133992641122592682e-01
1.216855523373959302e+00,-1.581105967333052531e+00,-3.105406297450363784e-01
1.318414497701812405e+00,-1.614132768795552009e+00,-3.110848117002630309e-01
1.411614801649047735e+00,-1.644744922331058623e+00,-3.068713496760007708e-01
1.510074613719569747e+00,-1.672847696708906540e+00,-2.628918563737238090e-01
1.577570321686703858e+00,-1.695709768151001162e+00,-4.132321339844693409e-01
1.589436741246327278e+00,-1.702148518910306274e+00,-6.177723959991668901e-01
1.667192760831939236e+00,-1.769928626961087215e+00,-7.313226719819028165e-01
1.743037826575518201e+00,-1.838631713783067445e+00,-7.336908006579773156e-01
1.822529005628369614e+00,-1.909967862041098030e+00,-7.328989808048462784e-01
1.836909884569073892e+00,-1.920893977863462165e+00,-9.112013525166334782e-01
1.837724484847418571e+00,-1.919273926336478420e+00,-1.058766980496495647e+00
1.839272707795695405e+00,-1.919056938973058735e+00,-1.237175577646023372e+00
1.840709431858812639e+00,-1.917760691278590057e+00,-1.417098918077383640e+00
1.842961456282266042e+00,-1.916683909562233223e+00,-1.626923541056901845e+00
1.844959502326832146e+00,-1.916266844708764294e+00,-1.819858685058048264e+00
1.847495404353628912e+00,-1.916552880089235300e+00,-2.030290448603189635e+00
1.849825819113683822e+00,-1.916995346417944335e+00,-2.220342093383328219e+00
1.852410174154550226e+00,-1.917640388191848233e+00,-2.419539114771528610e+00
1.854890323959367704e+00,-1.918856064222955515e+00,-2.612910327682902434e+00
1.856808422314070173e+00,-1.919985439963873164e+00,-2.819251029859207058e+00
1.858504199674999136e+00,-1.921716409216814414e+00,-3.022074700334730135e+00
1.860178966802592315e+00,-1.923291446036849983e+00,3.070023740922490862e+00
1.861601158299589054e+00,-1.925782821342242990e+00,2.861293508253460516e+00
1.862485220227312332e+00,-1.927861057254019350e+00,2.652687473056278833e+00
1.863030005525323052e+00,-1.929909411379238993e+00,2.460868064448095360e+00
1.862896049838075330e+00,-1.932151889102884823e+00,2.257685463136090309e+00
1.862344537873693362e+00,-1.934291583746846177e+00,2.070615824543152517e+00
1.861616231560834889e+00,-1.936409584870364853e+00,1.862285524866374109e+00
1.860168643544370504e+00,-1.938181646115874068e+00,1.664112802130364388e+00
1.858678362900332282e+00,-1.940029421616405569e+00,1.445791531798865215e+00
1.856623418417872706e+00,-1.940444582525138628e+00,1.258595689419234720e+00
1.854316796060635042e+00,-1.940519123510577870e+00,1.047180563729208869e+00
1.852249383133814709e+00,-1.939646516523635844e+00,8.403078859572090664e-01
1.850596388521652536e+00,-1.938514336528618154e+00,6.384489081605603245e-01
1.848971702162365949e+00,-1.937465228676393370e+00,4.562814747044215968e-01
1.847718999742648638e+00,-1.936273474036575681e+00,2.774835755270932403e-01
1.846566629488690436e+00,-1.934743130944423628e+00,7.923886182329031858e-02
1.846087590437193171e+00,-1.932784437449779791e+00,-1.333789376195961551e-01
1.844934620152429261e+00,-1.930648825228851617e+00,-3.493927916209935147e-01
1.844543989769176662e+00,-1.928628515421031420e+00,-5.300407283866718222e-01
1.844283497042556563e+00,-1.926623438759387685e+00,-7.082484128366064446e-01
1.844524772993497264e+00,-1.924773841468301550e+00,-8.916751655292816103e-01
1.845500720001028494e+00,-1.922870076791169947e+00,-1.070683987433634909e+00
1.846677433757858644e+00,-1.921301128366809996e+00,-1.255154112130930422e+00
1.848592009233213540e+00,-1.919537537786043968e+00,-1.468433525405094198e+00
1.850553218484342288e+00,-1.918396157573468930e+00,-1.659479336912500047e+00
1.853345053624473993e+00,-1.917549405100511306e+00,-1.894909879144459852e+00
1.856492019789143466e+00,-1.917641382112552195e+00,-2.110908825663821542e+00
1.859007883422100216e+00,-1.918171993597159286e+00,-2.297137481822257410e+00
1.861776935493443697e+00,-1.918657995570404839e+00,-2.512711379406413315e+00
1.864145440569176859e+00,-1.919843278816333099e+00,-2.696485191412836713e+00
1.865734822206104093e+00,-1.921145153182885812e+00,-2.872153542397263948e+00
1.867781002082205211e+00,-1.923161734423370683e+00,-3.078406368327099241e+00
1.868939127023433455e+00,-1.924901283588471346e+00,3.025124116811432895e+00
1.870090748055286411e+00,-1.926874854002939896e+00,2.814593384387257036e+00
1.871000886242985661e+00,-1.929216642505927171e+00,2.613778998130749986e+00
1.871474943628766763e+00,-1.931126904148369405e+00,2.438166031833230996e+00
1.852710643867826690e+00,-1.913362896288835602e+00,2.289604518039686010e+00
1.779649311569118986e+00,-1.830236487799991485e+00,2.293703687251616330e+00
1.711957846282892381e+00,-1.753752700249660013e+00,2.296015525884270936e+00
1.643674565917395691e+00,-1.675835730173930394e+00,2.294277138088058443e+00
1.574108311918913650e+00,-1.596611228049970910e+00,2.296078892723937948e+00
1.510879746588240424e+00,-1.525888825854037512e+00,2.223728413160142470e+00
1.510593723398914845e+00,-1.526362978073848575e+00,2.015447648675056325e+00
1.509534825636013267e+00,-1.527876026086574690e+00,1.792918109676588934e+00
1.508307005190162808e+00,-1.529014560427404801e+00,1.578528113088200069e+00
1.506510790229080410e+00,-1.530013503683048226e+00,1.388251082970861194e+00
1.504221848673357620e+00,-1.530492205382498083e+00,1.175847755868860256e+00
1.502467208255488851e+00,-1.530092035694624375e+00,9.846377908244233756e-01
1.500417918150065422e+00,-1.529218114814896445e+00,7.707344123859353191e-01
1.498956932788230167e+00,-1.528172554800717675e+00,5.792080447065959259e-01
1.497396612012021677e+00,-1.526787926201195411e+00,3.889665862389330986e-01
1.495984831372355162e+00,-1.524869388302331208e+00,1.785891798427061139e-01
1.495292607889360914e+00,-1.523274753837233098e+00,-1.171895513419911675e-02
1.494478685374024618e+00,-1.521290201327376579e+00,-2.225772329676798944e-01
1.494042960531568376e+00,-1.518748094662155879e+00,-4.155804827329178663e-01
1.493834476595018224e+00,-1.515976553581553032e+00,-6.277492553072360204e-01
1.493956287980168662e+00,-1.513734003003061712e+00,-8.168980255647688704e-01
1.494838176813810593e+00,-1.511318187484477660e+00,-1.027959871395435210e+00
1.496166301311629532e+00,-1.508936604990930963e+00,-1.220192860384398781e+00
1.498047207388566227e+00,-1.507287984853614704e+00,-1.432182262667414552e+00
1.500146295287802856e+00,-1.505585954070389532e+00,-1.643917358426500552e+00
1.502324753166740523e+00,-1.504734461313640415e+00,-1.835202931377403646e+00
1.504778618936037482e+00,-1.504424460903240002e+00,-2.027549762092742736e+00
1.507484364337432492e+00,-1.504794045559389337e+00,-2.236797056340632306e+00
1.510130119437082641e+00,-1.505283624625295857e+00,-2.431427725298353160e+00
1.444396586607743727e+00,-1.554862123366931081e+00,-2.545301226546612838e+00
1.359992601551649472e+00,-1.614715249161126076e+00,-2.544462846364016873e+00
1.276552799177608888e+00,-1.672346972819133137e+00,-2.541805057958669511e+00
1.194831696666903031e+00,-1.728919795884521493e+00,-2.545582215947034044e+00
1.113708735147254547e+00,-1.784484468676631463e+00,-2.554720523610529259e+00
1.069652089116768012e+00,-1.815002707266521131e+00,-2.410256077757889859e+00
1.047456263079779681e+00,-1.837266983569495915e+00,-2.201754585196312064e+00
1.034994430169720925e+00,-1.856591688186954858e+00,-2.015994098278610203e+00
1.026176881642834271e+00,-1.877844653074320025e+00,-1.813705048216673665e+00
1.021313241674857819e+00,-1.899517403559654705e+00,-1.626488122829562011e+00
1.019362681792503444e+00,-1.914257803862840834e+00,-1.442614057959292317e+00
1.022813102201353130e+00,-1.930908874495243621e+00,-1.211040698770822432e+00
1.027949840715936869e+00,-1.945583195908715091e+00,-9.889953381605387506e-01
1.036446066364438146e+00,-1.959118831616397882e+00,-7.658183092333519237e-01
1.046992139124576449e+00,-1.969037997103741056e+00,-5.796545471130122307e-01
1.059306320599792350e+00,-1.977356992055215867e+00,-4.019894124965814330e-01
1.073880072551984366e+00,-1.984172456398775708e+00,-2.119616187881747660e-01
1.091186434625469603e+00,-1.989066469749499078e+00,-2.314617064575878388e-02
1.108004558073226065e+00,-1.989097468135314628e+00,1.671788501131962756e-01
1.116018917330192428e+00,-1.988360344383691247e+00,1.479829725229612203e-01
1.115252757835373698e+00,-1.986780198939235964e+00,-7.457503092978133574e-02
1.114157638162518893e+00,-1.985067507641678164e+00,-3.408420438897846183e-01
1.113812656933767853e+00,-1.983445483165057199e+00,-5.524563367797292734e-01
1.113753369107159497e+00,-1.980823350387564075e+00,-8.085922207152075325e-01
1.114353945241922661e+00,-1.978599901715006437e+00,-1.084501414557962118e+00
1.115392581846763820e+00,-1.977387721889448891e+00,-1.262675676338767650e+00
1.117045290661793366e+00,-1.976150722326689868e+00,-1.455007765365456285e+00
1.119237846774158829e+00,-1.975757978540196635e+00,-1.638955711424479933e+00
1.121483820177145541e+00,-1.975617214953834022e+00,-1.843012992895445956e+00
1.124191935681460919e+00,-1.975672655594416183e+00,-2.034946515689334490e+00
1.126811509929505295e+00,-1.976318005733733285e+00,-2.226147780001369370e+00
1.130562344562464627e+00,-1.977927119307766768e+00,-2.532307718896275706e+00
1.133971066100696534e+00,-1.980959469477920676e+00,-2.778109901359579137e+00
1.135597492872596925e+00,-1.982933337658817852e+00,-2.969202231509876722e+00
1.138393405633941979e+00,-1.987038135499013425e+00,3.008060003203517407e+00
1.139818511864247430e+00,-1.990331521456290442e+00,2.743292130920697236e+00
1.140585977750593560e+00,-1.994102096581291894e+00,2.493469921645155907e+00
1.140124682741405993e+00,-1.996776905411477232e+00,2.261160143630378538e+00
1.139505874118201145e+00,-2.000647531446411165e+00,1.991339742579233851e+00
1.138164123581321574e+00,-2.002653699143135846e+00,1.799964711743363921e+00
1.135741868259481535e+00,-2.005398934860804783e+00,1.493954539235953449e+00
1.132797568872510929e+00,-2.007036256238120764e+00,1.228476732757552314e+00
1.130402879415339790e+00,-2.007712713461822229e+00,1.036460621615584277e+00
1.126512925362723738e+00,-2.007671964724671465e+00,7.319012757238989586e-01
1.123509981438683969e+00,-2.006283533407839492e+00,4.641797696333428425e-01
1.121790494702516794e+00,-2.005257855512200482e+00,2.729663041030885307e-01
1.119723019025509414e+00,-2.002930667395140585e+00,-3.255475921172021336e-02
1.118463112009040472e+00,-2.000533987225538102e+00,-2.999470097400613322e-01
1.117908639460719167e+00,-1.998835584788526631e+00,-4.904194838542575985e-01
1.117259211429793453e+00,-1.995631595603884367e+00,-7.482419432638675039e-01
1.191814549766160303e+00,-2.071162084166581874e+00,-7.856564898224458471e-01
1.267058980828435599e+00,-2.147473432493784085e+00,-7.847314036398898018e-01
1.342964593189449163e+00,-2.224153838611869549e+00,-7.818189097338370530e-01
1.353204096064025252e+00,-2.234136886791298515e+00,-9.461062044197088294e-01
1.362979562470010952e+00,-2.250354694892428675e+00,-1.122633615260682616e+00
1.370326322251872675e+00,-2.268947554150151813e+00,-1.303629117190162834e+00
1.388970778323598720e+00,-2.366825804707969549e+00,-1.403838024932263950e+00
1.407826267972617007e+00,-2.473216024994848272e+00,-1.413088114364042136e+00
1.416520691604880477e+00,-2.500056596519310670e+00,-1.598600000936878374e+00
1.418266105394226484e+00,-2.501045267548806184e+00,-1.779720565336751159e+00
1.421044734264899967e+00,-2.501920275466932519e+00,-1.978483519229531806e+00
1.423727790031048546e+00,-2.503307689326055296e+00,-2.186970719916775163e+00
1.426005594136452226e+00,-2.505654890908857624e+00,-2.369546540291290970e+00
1.428318588143187684e+00,-2.509830573243034380e+00,-2.501772149686725122e+00
1.428807488829883621e+00,-2.512904450258861999e+00,-2.653327258295677726e+00
1.429743783308809135e+00,-2.515866821784652263e+00,-2.893537396070795964e+00
1.430156633836984215e+00,-2.518205051244538861e+00,-3.100135858217309082e+00
1.430503671776673924e+00,-2.520674712051380606e+00,2.964701819964638663e+00
1.430658872584242181e+00,-2.522896162060943581e+00,2.766841831665181495e+00
1.430840434530177063e+00,-2.524797992155451531e+00,2.549372499852628593e+00
1.431188824790472269e+00,-2.526438062927049977e+00,2.352348277229908025e+00
1.430991155366255541e+00,-2.528159078374793367e+00,2.137883080398158331e+00
1.430177112585909516e+00,-2.529254435133886147e+00,1.942511406285248432e+00
1.429263473516474425e+00,-2.530211938064040211e+00,1.722673910883417259e+00
1.427894552540776019e+00,-2.531259050098237040e+00,1.528859262982890765e+00
1.425855250596634427e+00,-2.531706727183476779e+00,1.316177905379261714e+00
1.423586867854372606e+00,-2.531552552246849608e+00,1.132522623639421022e+00
1.423136115494329612e+00,-2.532609732787171275e+00,1.000458844535478731e+00
1.422226101046261570e+00,-2.532628390480067271e+00,8.161278795276178943e-01
1.422318466386861102e+00,-2.532057245931521372e+00,6.666878595501644078e-01
1.421030562037557621e+00,-2.530236729085744596e+00,4.641715478426113317e-01
1.420977542509022751e+00,-2.528738758151952482e+00,2.572277019705234702e-01
1.421181484375540593e+00,-2.527123317765143984e+00,6.929122192623372867e-02
1.426797350953848964e+00,-2.527876466028213809e+00,2.220087571115057085e-02
1.429811072409309380e+00,-2.531158859010079532e+00,1.699219555946052673e-01
1.430351369800979100e+00,-2.534034598171792663e+00,3.120723274621453047e-01
1.431681057611563945e+00,-2.536211516473548144e+00,5.113122307891350138e-01
1.433498372625985562e+00,-2.538162050660245583e+00,7.327471237635183599e-01
1.435960682040429592e+00,-2.538987613551970668e+00,9.361190793280361744e-01
1.437762413427912556e+00,-2.540142335395127571e+00,1.166045384229944748e+00
1.440010167565615395e+00,-2.539711414183256188e+00,1.361644504972685521e+00
1.442124163288635907e+00,-2.539245433350960202e+00,1.537987653118655595e+00
1.443614704085592670e+00,-2.538691796107246379e+00,1.713012117734665329e+00
1.444734565094044854e+00,-2.537192150302089111e+00,1.927437379416412577e+00
1.445129511694658753e+00,-2.535977800861238585e+00,2.105925644980561451e+00
1.444938079113009977e+00,-2.534342895914060367e+00,2.368693948650030023e+00
1.443835980194501101e+00,-2.532646004599680811e+00,2.581572202660563864e+00
1.442756666276857169e+00,-2.531259514269621480e+00,2.772704367992857577e+00
1.441767850621983982e+00,-2.530059327161398031e+00,2.947671064188879253e+00
1.440556353113402022e+00,-2.528831044311240284e+00,3.139535383793388146e+00
1.439001193301456372e+00,-2.527261762227009267e+00,-2.933781691150323390e+00
1.435615677842306370e+00,-2.525155933166010058e+00,-2.671328424998830720e+00
1.431353121462645595e+00,-2.523098169128917601e+00,-2.512920316089685357e+00
1.356055694225349662e+00,-2.590835229039539556e+00,-2.399408824446437105e+00
1.278969661542901814e+00,-2.661178207804228091e+00,-2.405759658473664686e+00
1.201995307532167434e+00,-2.731317775853803642e+00,-2.396945749467082276e+00
1.129338750591092122e+00,-2.803544963230199638e+00,-2.274484531003239773e+00
1.087339625444682989e+00,-2.861350555963552811e+00,-2.097058189005870599e+00
1.071134792491526655e+00,-2.886824731198849303e+00,-1.927760460011834320e+00
1.068400380804827021e+00,-2.888553758704421881e+00,-1.773554723441466807e+00
1.065582033139043761e+00,-2.894821205816008991e+00,-1.590530253123511928e+00
1.064159004801951136e+00,-2.904194257448775129e+00,-1.415210360173935422e+00
1.065062389966271894e+00,-2.913763240244018338e+00,-1.235516818880971535e+00
1.099072745342349222e+00,-3.014883496645956562e+00,-1.235395044093527961e+00
1.118608056136991324e+00,-3.065534960414219245e+00,-1.406559913775831117e+00
1.119440440639019707e+00,-3.065206273261185110e+00,-1.583370494840599774e+00
1.120520584255481067e+00,-3.065222747717655238e+00,-1.764326443196237770e+00
1.095752046968862858e+00,-3.162566637018143112e+00,-1.821127465923906508e+00
1.093683513321909606e+00,-3.177159058868760155e+00,-1.991144600282254595e+00
1.093146410184192341e+00,-3.180862232476602269e+00,-2.146278579491485594e+00
1.091877114788615710e+00,-3.185624576720381018e+00,-2.325323042702982068e+00
1.090396035461748570e+00,-3.189880736890798651e+00,-2.498188329418349340e+00
1.007536320395811646e+00,-3.252338715651866607e+00,-2.504010065344266955e+00
9.280770829715404568e-01,-3.314610350715225806e+00,-2.475908951516874623e+00
9.114508608115436950e-01,-3.326125223480301596e+00,-2.314753405027177191e+00
8.460767436830959332e-01,-3.401540382636893511e+00,-2.289317338270116853e+00
7.758467895121817781e-01,-3.481279780189696194e+00,-2.293527546342224888e+00
7.049602768238142358e-01,-3.562571263555747603e+00,-2.269820376731945810e+00
6.387468247075009931e-01,-3.652317193371074744e+00,-2.130060175856376858e+00
6.052004148495773173e-01,-3.711746013127593891e+00,-1.986299035934266266e+00
5.906202832541979086e-01,-3.749422719799710091e+00,-1.814423317197478180e+00
5.823510895698914558e-01,-3.775499889255652164e+00,-1.636412794477628996e+00
5.803745392331468578e-01,-3.838759353033301736e+00,-1.481059859674007217e+00
5.977546955489595470e-01,-3.942058015997739862e+00,-1.310956224039466989e+00
6.289745506143322729e-01,-4.026635741454938078e+00,-1.156157152552786949e+00
6.737142440697897472e-01,-4.103445748575433427e+00,-9.788242367659611975e-01
7.311939538342168143e-01,-4.171832994600211286e+00,-8.023756137299989932e-01
7.742842255964914600e-01,-4.209986962876315353e+00,-6.915685408016338798e-01
8.018965327595244386e-01,-4.233003569382097098e+00,-6.826909708784654196e-01
8.010334713512883287e-01,-4.233364177958248931e+00,-8.739210267683590327e-01
8.574753332865148181e-01,-4.321422783872271189e+00,-9.892061082780683190e-01
8.970323593922640004e-01,-4.387891271405299776e+00,-8.255414467145443247e-01
8.979004302629093326e-01,-4.390664290812247295e+00,-6.496024500332251428e-01
8.986997413209674157e-01,-4.393740649460171177e+00,-4.184024167477403133e-01
9.004598812713690004e-01,-4.396831095440784765e+00,-1.729328541865512436e-01
9.034740946261908823e-01,-4.400160546165420072e+00,1.029564457234881103e-01
9.076074362983043153e-01,-4.403128692280016132e+00,2.782765688590894682e-01
9.091061476223288862e-01,-4.405524055683801343e+00,5.229166474528866848e-01
9.122087595635945956e-01,-4.406844959304907938e+00,7.251152460672043443e-01
9.154722489157266496e-01,-4.407655160080358847e+00,9.092953615791573574e-01
9.181884482158897409e-01,-4.408228607408515742e+00,1.091072071822151601e+00
9.206889914105007566e-01,-4.408822835212809821e+00,1.280696972445701798e+00
9.238494983824045992e-01,-4.407874096656611229e+00,1.466209693471155262e+00
9.270780810826776408e-01,-4.406978875394785611e+00,1.701438323816951703e+00
9.291574674227845998e-01,-4.406047423672654340e+00,1.876569055855105805e+00
9.308479064760839528e-01,-4.404503044536054901e+00,2.088721776249191642e+00
9.319719282038689823e-01,-4.402518668621951292e+00,2.277715751973286018e+00
9.322329772095865330e-01,-4.400190587813451515e+00,2.561909011219382748e+00
9.326171762687880396e-01,-4.398409379894065552e+00,2.741316079006453688e+00
9.323899976394861566e-01,-4.395982309008100941e+00,2.937285079682048661e+00
9.312457886366497517e-01,-4.393995908704147801e+00,-3.082926348915378867e+00
9.299251991695755004e-01,-4.392235006124312058e+00,-2.800432855582136948e+00
9.283529859531388650e-01,-4.391536870280529747e+00,-2.602971080355178657e+00
9.262891349706318112e-01,-4.390514391581576525e+00,-2.333441169596488951e+00
9.244739571565729896e-01,-4.390417315344143923e+00,-2.153664161722335102e+00
9.233360713839198208e-01,-4.390589314508122065e+00,-1.970212987031390917e+00
9.214710218630455252e-01,-4.392220911379785875e+00,-1.730158831569532207e+00
9.204430392262079597e-01,-4.393506801355271385e+00,-1.542906234942259314e+00
9.194759672246789473e-01,-4.396380103967318043e+00,-1.307988232792314243e+00
9.186614165746038729e-01,-4.399341428846716973e+00,-1.079450032182644792e+00
9.179143872116489744e-01,-4.403288525211795701e+00,-8.389136219760134905e-01
9.181965676171213175e-01,-4.406030701017790818e+00,-6.300464673915660008e-01
9.187107803630339964e-01,-4.409338541457275440e+00,-4.448137156807500658e-01
9.201316691827186034e-01,-4.413376314684980706e+00,-1.944609009077137851e-01
9.218139909884270899e-01,-4.416383320932957268e+00,-4.441552953521443747e-03
9.239213508332798641e-01,-4.419792348449562702e+00,2.372096344983826710e-01
9.264760105005288571e-01,-4.423121296607789077e+00,4.971832988350526894e-01
9.291886720271755884e-01,-4.425593249267565810e+00,6.801729591388584462e-01
9.317234304285360036e-01,-4.427407920724917290e+00,8.730524193210482675e-01
9.352102853262799220e-01,-4.428527955406501349e+00,1.121446048517875216e+00
9.385824416805124137e-01,-4.429056461652709054e+00,1.322069998955575976e+00
9.408721300490084927e-01,-4.429932191309059242e+00,1.537878616626024320e+00
9.432393396165025257e-01,-4.429703017000753640e+00,1.749618418375642470e+00
9.449900527364379910e-01,-4.429298401278669139e+00,1.942180072982524486e+00
9.463664337729610354e-01,-4.428335165112327942e+00,2.160598952386552973e+00
8.835037554253551972e-01,-4.346343592482030616e+00,2.236207233388846749e+00
8.216174321716614992e-01,-4.266495126848466768e+00,2.236795113913089939e+00
7.600849428567224564e-01,-4.188006506577949928e+00,2.235861127020358552e+00
7.027162540860214524e-01,-4.115032860544754811e+00,2.232124697620583742e+00
6.719282786571064703e-01,-4.075567522083617611e+00,2.216771871976661590e+00
6.722033861322356252e-01,-4.077966737696534061e+00,2.034050440463036846e+00
6.720418536414084487e-01,-4.080633580164165330e+00,1.837367303623115067e+00
6.713976820182245842e-01,-4.082855376690860183e+00,1.660524408303791999e+00
6.703127245983191429e-01,-4.084728796587535626e+00,1.482868839971842156e+00
6.884347916069745166e-01,-3.993774898149380359e+00,1.397310998030560691e+00
7.099627921380553541e-01,-3.897378023895456067e+00,1.375286164383945797e+00
7.363801687969474541e-01,-3.792041713737301922e+00,1.325412579072965391e+00
7.680586066509484944e-01,-3.690062662905820190e+00,1.273474808733744634e+00
8.042896661222919130e-01,-3.596697250583161587e+00,1.220227084720304944e+00
8.503406506167158208e-01,-3.502696284905499002e+00,1.117934235040247470e+00
9.039361871372373347e-01,-3.413158417171359371e+00,1.019252564540690686e+00
9.691944759696272671e-01,-3.325951025482500878e+00,9.042970162520523880e-01
1.044351659435857727e+00,-3.249236321072765943e+00,7.339129871102524350e-01
1.112131959618150256e+00,-3.203252801794048477e+00,5.400589765064028880e-01
1.170103634792322156e+00,-3.180586386275811250e+00,3.624021549160865163e-01
1.201526431017659879e+00,-3.175170304831763435e+00,1.577556987536629374e-01
1.236471337226144440e+00,-3.174692557333601783e+00,-7.511509768062310521e-02
1.262155547550952495e+00,-3.179698532305082370e+00,-2.658025866796490666e-01
1.292116902840458881e+00,-3.191574764703000167e+00,-4.904766324199438254e-01
1.314937736900454901e+00,-3.206070981194057090e+00,-6.739831359494631302e-01
1.337650159320988852e+00,-3.226839450153242694e+00,-8.795751402111056105e-01
1.354307359096617702e+00,-3.243186124131085091e+00,-8.942433713498226799e-01
1.408036240966737074e+00,-3.291527903061219895e+00,-7.178755042115873009e-01
1.498767399175035875e+00,-3.357012697286754221e+00,-6.021808527952560164e-01
1.551110031734151518e+00,-3.389286447676095992e+00,-5.370470239287696845e-01
1.600239793674872901e+00,-3.414507367967867246e+00,-4.524090331639257778e-01
1.659435720981192741e+00,-3.437989326796275780e+00,-3.319712857258583782e-01
1.708911623272595826e+00,-3.452516178894509125e+00,-2.384876629818428184e-01
1.752800194004626722e+00,-3.461712273758885683e+00,-1.572707970866629446e-01
1.836334644085275913e+00,-3.469716228856552398e+00,6.068402220827146150e-04
1.950835700871272449e+00,-3.478874234530016984e+00,-7.533085718729818844e-03
2.055528811529771627e+00,-3.483501064592521956e+00,-9.705803439014091399e-03
2.164443015352545352e+00,-3.488628630479337023e+00,-1.089421699448032618e-02
2.179125285964084391e+00,-3.497722054074264175e+00,1.836530035302444686e-01
2.181476740294829408e+00,-3.501033025221564454e+00,3.691818395057667179e-01
2.184719625809849575e+00,-3.504437000111146006e+00,5.564663058031650289e-01
2.188152760949363174e+00,-3.507800650945355425e+00,7.699363418113226443e-01
2.191410192742222929e+00,-3.510852630029512866e+00,9.764755873297497057e-01
2.195002721787271405e+00,-3.513660628947369080e+00,1.185617688259621660e+00
2.197746503417481012e+00,-3.516388767367537582e+00,1.395130546643536196e+00
2.200015714633619002e+00,-3.518011361060712883e+00,1.605994102117511702e+00
2.199674790881503306e+00,-3.519870363989327622e+00,1.794678571622049690e+00
2.165555632094433580e+00,-3.437110050075740997e+00,1.882763927930161119e+00
2.128248115440467991e+00,-3.345562362093869702e+00,1.882862351263082212e+00
2.112316376811095964e+00,-3.320995850253910753e+00,2.040777395788531567e+00
2.110778088267712960e+00,-3.319025159655023760e+00,2.265409456767345286e+00
2.109033522987488585e+00,-3.316619490532096037e+00,2.450071106906545726e+00
2.104108182081990464e+00,-3.307068183299536557e+00,2.626840589969211326e+00
2.090905612874784492e+00,-3.274917763854171771e+00,2.801774616871127055e+00
2.084416417649135322e+00,-3.259258399965839992e+00,2.980726507524359192e+00
2.078179814458327446e+00,-3.246160521214278116e+00,-3.092517412110207253e+00
2.072717342552882425e+00,-3.232864310729841151e+00,-2.881894454355463431e+00
2.066968379978793902e+00,-3.221969572700231765e+00,-2.690055074066488583e+00
2.060774741406894872e+00,-3.210562162137488684e+00,-2.481775681629563746e+00
2.053811104815062016e+00,-3.197014905015878483e+00,-2.233171567591212270e+00
2.047533758079455257e+00,-3.187844073760597308e+00,-2.042158073407274621e+00
2.041354601510832367e+00,-3.178664459109099560e+00,-1.856525720162578885e+00
2.035668029505828702e+00,-3.170425715663101496e+00,-1.675083803063692089e+00
2.028498168593857454e+00,-3.161011076621795368e+00,-1.426860184241623974e+00
2.023042599952369791e+00,-3.153597156982468785e+00,-1.246788065536484025e+00
2.017825878626063663e+00,-3.146621950211514029e+00,-1.037358200821155041e+00
2.012449613456088748e+00,-3.138322696700738046e+00,-7.733577648198040055e-01
2.008625841674298584e+00,-3.131376825868801284e+00,-6.004921302668488892e-01
2.005129127678314305e+00,-3.124193669464264911e+00,-3.937844648887316445e-01
2.002586194402133035e+00,-3.117573199155524666e+00,-2.113919271351070717e-01
1.985949739851625262e+00,-3.080462777083588843e+00,-1.790982347691715826e-01
1.974116834842376100e+00,-3.052788499801200039e+00,-3.269685043128264801e-01
1.964763144549590335e+00,-3.031184841076998815e+00,-5.070470731486157456e-01
1.953598752968874752e+00,-3.001385089892389946e+00,-6.677492564810226794e-01
1.943501625665599919e+00,-2.973816916973442304e+00,-8.889304142110592277e-01
1.937887190359030898e+00,-2.953810694026916206e+00,-1.100629172827583213e+00
1.963765906701486763e+00,-2.995801524393746806e+00,-1.117834644358739693e+00
1.995671690424993150e+00,-3.055481384222275221e+00,-1.114050834785943245e+00
2.023294466379690348e+00,-3.101068491574733077e+00,-1.122396914422587821e+00
2.056749276674493032e+00,-3.173078126149141198e+00,-1.170437997131275498e+00
2.084419888787531150e+00,-3.242047258506431273e+00,-1.211474706413883995e+00
2.109033522986905052e+00,-3.316619490531272696e+00,-1.258406203608951612e+00
2.121282136651737815e+00,-3.413873130138600498e+00,-1.296464832325391558e+00
2.128520713228414074e+00,-3.511591920285385360e+00,-1.323169668719792469e+00
2.121215538198789385e+00,-3.564867072298333106e+00,-1.480872851293278947e+00
2.113826616099456324e+00,-3.565291363999190555e+00,-1.714110330907521407e+00
2.108651371897063420e+00,-3.564726250419895326e+00,-1.912610376704797721e+00
2.103594891021175695e+00,-3.565473466974852901e+00,-2.087952809359266304e+00
2.097693672987975599e+00,-3.566982986381374232e+00,-2.259758655689432683e+00
2.091427838614617674e+00,-3.568432157713586239e+00,-2.434081478886165328e+00
2.085013079705150041e+00,-3.570104180879919653e+00,-2.617507852198229568e+00
2.081630757177492796e+00,-3.572525328850663318e+00,-2.822649799021585970e+00
2.077376688253454340e+00,-3.576017173139633520e+00,-3.076638000036134191e+00
2.073328242674285171e+00,-3.578341133926614237e+00,3.019040413479912477e+00
2.069009360798567343e+00,-3.581880678677280105e+00,2.741521541483947555e+00
2.063845271955724758e+00,-3.584372528096000821e+00,2.505702032874027374e+00
2.058781715804796075e+00,-3.587451282388112173e+00,2.263876182939396742e+00
2.054151770265135735e+00,-3.589347711343539693e+00,2.054974804801980692e+00
2.048411947716742176e+00,-3.591456200244304675e+00,1.868037246830572151e+00
2.040185540508905326e+00,-3.593544553713694967e+00,1.605164740442150295e+00
2.032840167347287785e+00,-3.595010343147116760e+00,1.393986085707690448e+00
2.025512886880067587e+00,-3.595875209749319179e+00,1.204276094652533047e+00
2.018602402012082742e+00,-3.595445946997280373e+00,1.021169291919796773e+00
2.009111948491853372e+00,-3.593984118491173163e+00,7.213227708267043736e-01
2.000159491505917764e+00,-3.591630116070435808e+00,4.769079987177899382e-01
1.993513325852215967e+00,-3.589923919850312117e+00,2.892147668546332095e-01
1.984797424780976094e+00,-3.587823420287138632e+00,8.520766719260781941e-03
1.978551960710438040e+00,-3.586622651936087980e+00,-1.738558551754221526e-01
1.970449433535032435e+00,-3.584646643294671975e+00,-4.049384515822958552e-01
1.964473254864001373e+00,-3.583578005117867615e+00,-5.768724921098605796e-01
1.958584366946384492e+00,-3.582396498347388825e+00,-7.740992049748653958e-01
1.953134978761965623e+00,-3.580324183283023487e+00,-9.612792860741965484e-01
1.947245117286998894e+00,-3.579113796049622209e+00,-1.176828360594675438e+00
1.943165370648771484e+00,-3.577950285294752231e+00,-1.368690534754031907e+00
1.939054904072861296e+00,-3.576674525578013686e+00,-1.625496868632706704e+00
1.935547397930757141e+00,-3.576504924456929579e+00,-1.857614222563994888e+00
1.932137364428097248e+00,-3.577108623462652126e+00,-2.083254610366753301e+00
1.920375216768131610e+00,-3.578378723492097624e+00,-2.153166243800119783e+00
1.902922402326982176e+00,-3.578741239900683713e+00,-1.959638577324471553e+00
1.891456129201558367e+00,-3.579339600503022023e+00,-1.774670805091269621e+00
1.878821178576055129e+00,-3.580531693661471948e+00,-1.595303905378170573e+00
1.852455421479668685e+00,-3.582395834250454936e+00,-1.480089229887664892e+00
1.821050330305749032e+00,-3.600140573970592506e+00,-1.621292224196260623e+00
1.804041486047729403e+00,-3.705280505902979193e+00,-1.606520632278599869e+00
1.781932471987476285e+00,-3.807645325800665947e+00,-1.600390030041992429e+00
1.762641416167689101e+00,-3.839038270534971709e+00,-1.423845057090621147e+00
1.756357482458476449e+00,-3.940339098641937099e+00,-1.383638704982943946e+00
1.763785774649464066e+00,-4.041570646248104026e+00,-1.380558257417110912e+00
1.735310666685035530e+00,-4.058813949543125688e+00,-1.238576200940730176e+00
1.727668235808130337e+00,-4.061304462458157793e+00,-1.055029156410945745e+00
1.719232381369285800e+00,-4.063001969125734192e+00,-8.486084802607785083e-01
1.715128132360327129e+00,-4.065502574947114311e+00,-6.262976536960181972e-01
1.711504951722679913e+00,-4.067583733709819072e+00,-4.440263028970894976e-01
1.693777076452146479e+00,-4.072936780755568087e+00,-4.351562816047528925e-01
1.685520940675196755e+00,-4.074206366075796559e+00,-6.151494070182876861e-01
1.732313646178382127e+00,-4.136480622434048904e+00,-6.323538570546867188e-01
1.811463514197027669e+00,-4.202006669116300053e+00,-6.335184299805471930e-01
1.825853579439216334e+00,-4.220784678905577181e+00,-6.331207902575031188e-01
1.781966389389814109e+00,-4.203179589728324395e+00,-4.589258380977124796e-01
1.856117824846040154e+00,-4.242767115754429774e+00,-3.288647963411547304e-01
1.934451987374000037e+00,-4.279750264423735295e+00,-3.370482436669571258e-01
2.028363402727010989e+00,-4.317058180417370217e+00,-3.352562599604282934e-01
2.111866886303288560e+00,-4.356779978349325511e+00,-3.364046659886589241e-01
2.193373532172937956e+00,-4.394199059086809633e+00,-3.208112746438628315e-01
2.258467811157260474e+00,-4.428022762215289454e+00,-1.471895636540839492e-01
2.252807270015969809e+00,-4.430572897615470573e+00,5.302110271818057802e-02
2.249943480915641114e+00,-4.432917776273422206e+00,2.683649826379030934e-01
2.247480195753824628e+00,-4.434869629438217942e+00,4.578228414472956809e-01
2.244473537295387455e+00,-4.436819109030006203e+00,6.710833218693309510e-01
2.243742837443308602e+00,-4.437993223753561089e+00,8.724462781551521884e-01
2.288346984321427247e+00,-4.367045652093224817e+00,8.993891810894850680e-01
2.344400679557933742e+00,-4.287660411008901384e+00,9.148069634291304819e-01
2.394316966454307583e+00,-4.211206637059302871e+00,9.160449907681483817e-01
2.450562853953137665e+00,-4.130127242465285065e+00,9.184684487447402068e-01
2.511592389879494736e+00,-4.046156784855104327e+00,9.181271381036818502e-01
2.572576043993640482e+00,-3.962661658599059500e+00,9.132693921748008536e-01
2.618122239731097256e+00,-3.892527715033613500e+00,7.885883377682902928e-01
2.613806615551721446e+00,-3.891100321328824663e+00,6.101402952210738251e-01
2.608831400145339874e+00,-3.888964646598938035e+00,4.112689701737470838e-01
2.604276222692504028e+00,-3.885750264051383684e+00,2.264494547676096647e-01
2.599825365657747245e+00,-3.882229409241947149e+00,2.628543371577747936e-02
2.595793192291428131e+00,-3.879506929303194962e+00,-1.549654225600940460e-01
2.591515084833690974e+00,-3.876123297044482108e+00,-3.493275937748905324e-01
2.587277937913603054e+00,-3.872436314156424420e+00,-5.488482480436899236e-01
2.583508792736811444e+00,-3.868993130838699557e+00,-7.415519112247906941e-01
2.580830042091623699e+00,-3.866056572459183993e+00,-9.327748509176756464e-01
2.578660464574606070e+00,-3.863205976313154988e+00,-1.108198645032540286e+00
2.570274102431814978e+00,-3.856806410241628402e+00,-1.270890443430360284e+00
2.565484885550578742e+00,-3.855027643015308314e+00,-1.094672016332340458e+00
2.562415172721424828e+00,-3.855857722897739759e+00,-9.170790342931122163e-01
2.559097158117777049e+00,-3.856959453844061247e+00,-7.016520056914484771e-01
2.552204715195538931e+00,-3.855627097329277220e+00,-5.347649661502748009e-01
2.551254577848283578e+00,-3.855402052357251197e+00,-2.807480774978194371e-01
2.550974573705898418e+00,-3.856451751634148106e+00,-9.639474837633443816e-02
2.550641141276889456e+00,-3.857047453640486623e+00,9.494682193999992581e-02
2.550637513660479083e+00,-3.857705492783691792e+00,2.861353080804585058e-01
2.551311630934609109e+00,-3.858037964844275969e+00,4.987365028936722733e-01
2.552514025410614895e+00,-3.858610862485412962e+00,7.691654008364174899e-01
2.553707050789188582e+00,-3.858089511470922606e+00,9.567029318196884624e-01
2.555213818294002515e+00,-3.856318751777211951e+00,1.209375657827252093e+00
2.576204743635911232e+00,-3.757648190102212737e+00,1.322320245080532031e+00
2.601021809345348768e+00,-3.655640753637682927e+00,1.317448090868587052e+00
2.604443662763274325e+00,-3.638511813247659266e+00,1.483723608778038106e+00
2.605181269488080265e+00,-3.635528028310176740e+00,1.676339686581265864e+00
2.606351798714658052e+00,-3.632753448252473483e+00,1.885822217282972169e+00
2.608430553112247807e+00,-3.629079914577530541e+00,2.083634363531356559e+00
2.609844248207144002e+00,-3.625595882775765944e+00,2.297057929509949581e+00
2.610547118285579060e+00,-3.622779855103535951e+00,2.469750881505707873e+00
2.533771556078736609e+00,-3.562185261276805903e+00,2.513019602861103596e+00
2.446397676819562328e+00,-3.497687656119837563e+00,2.507645383724007360e+00
2.357312591062685314e+00,-3.431108817526179688e+00,2.500846939251121892e+00
2.273378910938552266e+00,-3.367115213863974166e+00,2.497200806644015447e+00
2.189471089704476903e+00,-3.303243997075675953e+00,2.492060620121900882e+00
2.111987870108756216e+00,-3.243338078552136849e+00,2.490981412746176460e+00
2.027377507717566640e+00,-3.178080261803448714e+00,2.486381012559791159e+00
1.943548053417766264e+00,-3.112992922961415054e+00,2.486070297959321884e+00
1.860421297148005193e+00,-3.048723113927586770e+00,2.482494717589968758e+00
1.778306001064553943e+00,-2.984744483157985684e+00,2.481800036652693553e+00
1.696075054215677724e+00,-2.920435556450540648e+00,2.478522776173880615e+00
1.612827749893307017e+00,-2.854844444582989471e+00,2.476693327022289726e+00
1.530895683826014375e+00,-2.790426769298353982e+00,2.474735435366432146e+00
1.448570439948227984e+00,-2.725163426268161881e+00,2.475333359197100069e+00
1.362274638877242205e+00,-2.656493329235054546e+00,2.473829877068642435e+00
1.277677441092727628e+00,-2.590190557125390036e+00,2.474582202804006759e+00
1.189597288071119419e+00,-2.521004898029806984e+00,2.473963844198205919e+00
1.132798826551010940e+00,-2.478305666647258487e+00,2.317585943390544578e+00
1.131411017686515752e+00,-2.479126668467636740e+00,2.121000019699456729e+00
1.130315164560727892e+00,-2.480725879004821000e+00,1.933307005476406770e+00
1.128427102126536630e+00,-2.482548728716656772e+00,1.762677197941909801e+00
1.126893849946031034e+00,-2.482294969618608960e+00,1.546041701814199643e+00
1.124436866804490842e+00,-2.483298752027459422e+00,1.283543881630631711e+00
1.120142935549862884e+00,-2.484420063059919581e+00,1.072018099326027318e+00
1.118571409726009103e+00,-2.483688620068024377e+00,8.714334794120366379e-01
1.116291522378208612e+00,-2.483227877295012487e+00,6.896946420485506879e-01
1.114021294498075410e+00,-2.481772555293667359e+00,4.976120685136218302e-01
1.111655955594738288e+00,-2.479900120464706426e+00,2.853175156143331059e-01
1.109407867216892996e+00,-2.478101811390748921e+00,9.355017259660547424e-02
1.107129169569802452e+00,-2.475179076148959822e+00,-1.479860932976530541e-01
1.106078284928059041e+00,-2.473052876685270629e+00,-3.431212263114060690e-01
1.105548992295067645e+00,-2.470882344246080109e+00,-5.280893594113543754e-01
1.105095433814677230e+00,-2.468490310673647770e+00,-7.191253012438688641e-01
1.105200985411604941e+00,-2.466635359224748747e+00,-8.941339641804739724e-01
1.106158622897344568e+00,-2.463490052075322012e+00,-1.122355385544854700e+00
1.108111350704998443e+00,-2.460799551414209585e+00,-1.391119923808866288e+00
1.109532605295505014e+00,-2.459460290780415725e+00,-1.578175665715189746e+00
1.111794971284414624e+00,-2.458316501093292583e+00,-1.766589423061255104e+00
1.114521170742688305e+00,-2.457577130529944309e+00,-2.008977342637514152e+00
1.117997003673222967e+00,-2.458219917191715620e+00,-2.295857627186415062e+00
1.121251957719045178e+00,-2.458971230541598718e+00,-2.557549393377924751e+00
1.122771145411639138e+00,-2.459986588252293327e+00,-2.732561715174885553e+00
1.125088358857506243e+00,-2.462430491969976210e+00,-3.001254015699779121e+00
1.126951120746415569e+00,-2.464674759380617530e+00,3.045716008375872530e+00
1.127956323112649040e+00,-2.467601724762368498e+00,2.795229032608302244e+00
1.128105275827933518e+00,-2.470055820295631754e+00,2.567797505292827243e+00
1.128092032354190088e+00,-2.472059903098677403e+00,2.375222149544867101e+00
1.127624819323795657e+00,-2.473632587133880456e+00,2.200700891449013152e+00
1.126189650918004714e+00,-2.476782306403852107e+00,1.948430097725994514e+00
1.124295322823797294e+00,-2.478321054515419952e+00,1.740456586953278428e+00
1.122190472528231453e+00,-2.479520275106717353e+00,1.549135023843118297e+00
1.119094538710257991e+00,-2.480938346402690176e+00,1.313044160012609707e+00
1.115962216577267796e+00,-2.481470605963465026e+00,1.056243966851269311e+00
1.113239442311160232e+00,-2.481454056212797799e+00,8.686991004149239304e-01
1.110094860493915370e+00,-2.480534187489078501e+00,6.343540884870154661e-01
1.107194886805123568e+00,-2.478822407103999481e+00,3.612466418304110527e-01
1.104229494414806334e+00,-2.476654652881033591e+00,1.048755636873915376e-01
1.101881339486982858e+00,-2.474069990025788535e+00,-1.029394908631091898e-01
1.099857693451884666e+00,-2.473754402113467865e+00,-2.209815386103983204e-02
1.098185504213570640e+00,-2.475195915695430404e+00,1.545241696130250642e-01
1.099458849507434666e+00,-2.476418512071563605e+00,3.341522288262240847e-01
1.100779051901947581e+00,-2.477760833267934615e+00,5.310050878356410431e-01
1.102456817213893547e+00,-2.478922153296888364e+00,7.619132711062489571e-01
1.104487913032034863e+00,-2.479078038570153186e+00,9.661432277756678566e-01
1.106425610212169230e+00,-2.479444064699851680e+00,1.189745980758127208e+00
1.108673429713832759e+00,-2.478387341357010332e+00,1.386472832431578261e+00
1.110996147314502247e+00,-2.476731106246884639e+00,1.641629769078904122e+00
1.113041291814225842e+00,-2.474624204066541822e+00,1.913318678357143199e+00
1.114426055217178302e+00,-2.471914251607209234e+00,2.158831537943597390e+00
1.114416469663538356e+00,-2.469056632339161172e+00,2.414956863975600054e+00
1.113528342001079974e+00,-2.465973157708187369e+00,2.627131404160560013e+00
1.026866770940441320e+00,-2.420440577477003696e+00,2.713723448060104460e+00
9.370166126036800769e-01,-2.377041439857248584e+00,2.706479972303819981e+00
8.492097242007422553e-01,-2.332929190252821972e+00,2.700215811280266998e+00
7.817177729692550425e-01,-2.297217795018829278e+00,2.579693650855681142e+00
7.811021295603564063e-01,-2.297269340168389018e+00,2.369227742717458174e+00
7.806600269672885339e-01,-2.299105415724177259e+00,2.175653404188111928e+00
7.803377260462447396e-01,-2.299824264293709675e+00,1.964738680095945877e+00
7.780490910442912078e-01,-2.301603852619013235e+00,1.743718326503995497e+00
7.758424930246166085e-01,-2.302180599085796864e+00,1.493397009240303941e+00
7.727840093714708480e-01,-2.302927324590712921e+00,1.303946871298427901e+00
7.695459972185437758e-01,-2.302613434818834293e+00,1.039412004771878228e+00
7.654400951299655809e-01,-2.301927548840981608e+00,7.877905923916045383e-01
7.629765280426575869e-01,-2.300271552437127554e+00,5.999570958713043023e-01
7.600183959700074210e-01,-2.298658563659411236e+00,3.341630693683759201e-01
7.567508250733027131e-01,-2.295708238744986307e+00,8.343413337818066100e-02
7.546327213269702350e-01,-2.292362099970181255e+00,-1.905145583293618994e-01
7.533730114692168689e-01,-2.289533185143481031e+00,-4.222791475085603818e-01
7.525403682323924537e-01,-2.285873667099990403e+00,-6.836688649145578056e-01
7.521395688904045640e-01,-2.280269397445723101e+00,-8.421428266889454672e-01
7.522526373270154165e-01,-2.277949060412274740e+00,-1.048549747139513100e+00
7.535700314046269721e-01,-2.275047183142476115e+00,-1.239049445458555887e+00
7.551618531835174730e-01,-2.273215351227825920e+00,-1.434207526047428294e+00
7.567911041096915259e-01,-2.271555663093374644e+00,-1.633004248336453967e+00
7.590839269516191923e-01,-2.270309231454533450e+00,-1.843746101666735360e+00
7.611489898289898193e-01,-2.269380141385962890e+00,-2.045419819429982411e+00
7.636356962564283535e-01,-2.268900987036753136e+00,-2.228067807554937829e+00
7.658127799139264891e-01,-2.268891792601755331e+00,-2.440028839983538589e+00
7.673920252996391245e-01,-2.269039535072570946e+00,-2.617111827858288997e+00
7.690839669300857384e-01,-2.269828778732436714e+00,-2.828623659198111984e+00
7.702965823759200248e-01,-2.270490520500815013e+00,-3.018426290080731267e+00
7.714827871754572630e-01,-2.271567543626206387e+00,3.080087367806755960e+00
7.719665039803762507e-01,-2.272603995120932030e+00,2.897269812953629842e+00
7.726055351738813082e-01,-2.273729462929801048e+00,2.723079486276492212e+00
7.728756896286290701e-01,-2.274971172976696376e+00,2.532444985293925477e+00
7.731116384960412535e-01,-2.276466088498430906e+00,2.313031119918681711e+00
7.722478432221986377e-01,-2.277890542058149670e+00,2.115015419742697134e+00
7.709110781220532838e-01,-2.279248717580306671e+00,1.907278261765072536e+00
7.697175964428017991e-01,-2.279665186502513929e+00,1.729388994407559776e+00
7.681941914817550510e-01,-2.279675182687967094e+00,1.543721489218665477e+00
7.659049797716099839e-01,-2.279444659430890141e+00,1.356689216403083709e+00
7.624004136221650407e-01,-2.278876392689161534e+00,1.155485416413274846e+00
7.596994383755929503e-01,-2.277853882167924837e+00,9.717294061123160631e-01
7.586909854210768245e-01,-2.274655654216140910e+00,8.154978495039290065e-01
7.574273099743866755e-01,-2.271978845372344846e+00,6.048390110337377168e-01
7.559143965365225926e-01,-2.270118145299154122e+00,3.904503260163761924e-01
7.535572719485851279e-01,-2.268252767192359354e+00,2.141746564460982882e-01
7.517322077658269430e-01,-2.266227761095791049e+00,2.413952636202501903e-02
7.498321901287611224e-01,-2.263370913263374362e+00,-1.852574264236302171e-01
7.490485641977118192e-01,-2.260908690674704236e+00,-3.681591376934615356e-01
8.329044851787700265e-01,-2.300578078258769033e+00,-4.776949324396446706e-01
9.257993696291269003e-01,-2.347848502578016472e+00,-4.761363110203266635e-01
1.021141714886230734e+00,-2.396096509337635627e+00,-4.745137294192445232e-01
1.086642412410796954e+00,-2.427557763599999863e+00,-5.507484437131631161e-01
1.169617569705500459e+00,-2.478178818514160664e+00,-5.632882882907502831e-01
1.256566169963061252e+00,-2.529624869214499583e+00,-5.463485260768047302e-01
1.354304592321750267e+00,-2.579337399140936515e+00,-4.544321189067790923e-01
1.380651878588143422e+00,-2.588397464068669329e+00,-5.876466167620499892e-01
1.387792958086226713e+00,-2.591035396971673954e+00,-5.956836427320912897e-01
1.469392897654708596e+00,-2.644751962115985844e+00,-5.995219310361233900e-01
1.559223665252925439e+00,-2.704339622302911472e+00,-6.010650140054635271e-01
1.646965477255545540e+00,-2.762935001615758779e+00,-6.044682491615183118e-01
1.732546431185233660e+00,-2.821044836542268008e+00,-6.054545959832298152e-01
1.818159810840389579e+00,-2.879609886538935015e+00,-6.092246180804444800e-01
1.900583368930075956e+00,-2.936176452661228176e+00,-6.117605742646903266e-01
1.985279013491340727e+00,-2.995066619476981717e+00,-6.129001013964185951e-01
2.002918065686843718e+00,-3.008603313111674282e+00,-4.792233416557834524e-01
2.001435547236976920e+00,-3.009969871288259213e+00,-3.142581595341741307e-01
2.000985383919640981e+00,-3.011276169392346880e+00,-1.221798715711471528e-01
2.001522489924344672e+00,-3.012861607741212033e+00,8.693073146207741519e-02
2.002902331329050156e+00,-3.013497485487663052e+00,3.026836013076527054e-01
2.004377588045264780e+00,-3.014711657637519249e+00,4.784229466717371260e-01
2.004811000196041970e+00,-3.015452011556656320e+00,6.618147280332534743e-01
2.004210031779650958e+00,-3.016482734899117002e+00,8.334161108076713065e-01
2.005522915394946093e+00,-3.017055035758175574e+00,1.070647968463668942e+00
2.007596792668073782e+00,-3.016492647143303785e+00,1.266783579171863572e+00
2.009449464306041211e+00,-3.015392449859497059e+00,1.507093603597285059e+00
2.010735144821931275e+00,-3.014718614115491579e+00,1.687817361457745635e+00
2.012467314272618601e+00,-3.012791606153558899e+00,1.929163604171282964e+00
2.012954440730116978e+00,-3.011089454860221171e+00,2.108893263328788237e+00
2.013272005673200749e+00,-3.008697967957533415e+00,2.333792469676996717e+00
2.012679797369716361e+00,-3.006241976431391016e+00,2.541026596047237796e+00
2.011873311228919547e+00,-3.003837734321484820e+00,2.765657345529037414e+00
2.010188009951288102e+00,-3.001880531535430219e+00,2.997340547296294844e+00
2.008082841846500433e+00,-2.999464050454355490e+00,-3.029340344208674818e+00
2.005498025311658328e+00,-2.997335618087956899e+00,-2.792248770697574045e+00
2.002378463617352722e+00,-2.995875496304875263e+00,-2.583254252509899818e+00
1.999918690715230429e+00,-2.994629720289691210e+00,-2.358287553468233710e+00
1.996787550170377568e+00,-2.993994212281173350e+00,-2.163796886007639309e+00
1.993669457633943098e+00,-2.993818589802315078e+00,-1.944078797751814358e+00
1.991175449823485932e+00,-2.994722122150836441e+00,-1.760198731231561453e+00
1.988425827768234289e+00,-2.995826571960731766e+00,-1.536703680458852972e+00
1.986171056977653393e+00,-2.997533644330473646e+00,-1.324601150200500177e+00
1.984942691577642249e+00,-2.999724277246528459e+00,-1.145788225049292119e+00
1.983574433809935700e+00,-3.001593952949171751e+00,-9.583280978603203604e-01
1.983021476465676391e+00,-3.007503011129396331e+00,-8.043088083672699229e-01
2.052628230483413585e+00,-3.083229960719313656e+00,-8.162570977052870935e-01
2.124113083792107393e+00,-3.163170719219017712e+00,-8.281414091722232307e-01
2.193778858631826534e+00,-3.242672422540376242e+00,-8.351838654149624785e-01
2.264784530714064381e+00,-3.324958389319831564e+00,-8.442351523501109289e-01
2.308938803984327937e+00,-3.381435408240515361e+00,-7.580887247312073640e-01
2.304968538107496467e+00,-3.383500435683234553e+00,-5.867994551993150898e-01
2.302049439932959185e+00,-3.385091912342409248e+00,-3.913619553980505761e-01
2.299579568546735064e+00,-3.387103676296876920e+00,-1.869039470096723887e-01
2.297564274065433398e+00,-3.388747586917069121e+00,2.413983394474288405e-02
2.296035213285882559e+00,-3.390288303644106271e+00,2.087282272724429177e-01
2.294671067488618377e+00,-3.391752763923377767e+00,4.153878108405748559e-01
2.293292587016190875e+00,-3.393224005936869681e+00,6.253843685388666973e-01
2.292658432753751807e+00,-3.393985397355260059e+00,8.091775536113748890e-01
2.290403338791714649e+00,-3.393591460622706446e+00,1.004063495991770472e+00
2.287734250470205399e+00,-3.392540551189433540e+00,1.182149508945936622e+00
2.283879991563330325e+00,-3.390495045081853842e+00,1.407885980303567264e+00
2.276255150672238603e+00,-3.386917457965463729e+00,1.621530769702458130e+00
2.268119226193555438e+00,-3.381958979565323542e+00,1.806655300387079777e+00
2.257735104669578163e+00,-3.376636727948040040e+00,2.017570204636265352e+00
2.247979155473783131e+00,-3.371313098333676539e+00,2.230171529280597476e+00
2.238407772399538143e+00,-3.365960208351630456e+00,2.409133939091004706e+00
2.227135436049943795e+00,-3.360400917792737197e+00,2.624147553343569417e+00
2.215445668777390686e+00,-3.355144836362256466e+00,2.842632944541555684e+00
2.203151300927704170e+00,-3.349787266616031101e+00,3.062832912086604686e+00
2.191147794110309022e+00,-3.344569353413652912e+00,-3.010557952510312774e+00
2.179185539253115866e+00,-3.339541885628388496e+00,-2.827168469843289511e+00
2.166416749450844392e+00,-3.334532383023855573e+00,-2.630491006720016234e+00
2.153971960986281076e+00,-3.329467487348938270e+00,-2.423121984924434535e+00
2.139630644987293273e+00,-3.324803065724522888e+00,-2.215140830734856792e+00
2.124851596021758660e+00,-3.320732672347511460e+00,-2.008680807907478272e+00
2.109033522986732745e+00,-3.316619490530658965e+00,-1.813903803051390762e+00
2.108950765000518590e+00,-3.316963982425911617e+00,-1.625915352914907075e+00
2.109033522986524023e+00,-3.316619490530562153e+00,-1.397177053153891402e+00
2.118989785978413032e+00,-3.326540826564473807e+00,-1.165627717105218064e+00
2.129911530816421816e+00,-3.336170219030958339e+00,-9.621863660330003398e-01
2.139025448680033303e+00,-3.344812399787262525e+00,-7.706521013431183453e-01
2.168852525157546562e+00,-3.367767008860015121e+00,-6.417059119692155589e-01
2.185677149224444449e+00,-3.380879454205114598e+00,-4.792797057678946926e-01
2.302084794462419204e+00,-3.440984566295066216e+00,-4.018709110961595776e-01
2.407441051037318758e+00,-3.490888572329425621e+00,-3.973412927442803722e-01
2.433700092893699818e+00,-3.508354192853491149e+00,-5.526469322997874523e-01
2.536148845941152086e+00,-3.581751311674744809e+00,-5.898012683122635380e-01
2.635230905570498550e+00,-3.650301760936708995e+00,-5.788327436815773330e-01
2.740646238938914792e+00,-3.722565884494383859e+00,-5.565580052788414722e-01
2.847750191062771385e+00,-3.792098774812609818e+00,-5.216076074697927334e-01
2.921540571954388099e+00,-3.829834216598619001e+00,-6.509534107951779891e-01
2.928067035543573837e+00,-3.830118848180308788e+00,-8.777479428401537831e-01
2.934665072243421768e+00,-3.829978725524480598e+00,-1.082814282346824752e+00
2.940912491963817210e+00,-3.830561447640543626e+00,-1.320548679707263862e+00
2.948002766465791513e+00,-3.831063359488441122e+00,-1.554747180696897990e+00
2.956276786915427390e+00,-3.832020346779136499e+00,-1.794128035039490587e+00
2.969369755882542261e+00,-3.835982762059777507e+00,-1.960570507202901380e+00
2.974651291681170928e+00,-3.839676651626968251e+00,-2.158351183687410746e+00
2.979782872236799385e+00,-3.841668331338590203e+00,-2.355985456635982800e+00
2.986432129518791889e+00,-3.845174401076500548e+00,-2.621441698882455373e+00
2.991001867319685648e+00,-3.848235619661318552e+00,-2.808212396753832163e+00
2.996832539904642267e+00,-3.851747556820474649e+00,-3.041487284555544068e+00
3.001026342856726536e+00,-3.855080812187606121e+00,3.039286527905575408e+00
3.005225051641864376e+00,-3.859117702897669755e+00,2.845883007064123671e+00
3.009319420000571732e+00,-3.863425337782127489e+00,2.621055180832901232e+00
3.012102245244075771e+00,-3.867103168992117368e+00,2.429126136358541910e+00
3.014059241109311227e+00,-3.871448226738262832e+00,2.218128202979585684e+00
3.015840688458853336e+00,-3.875206631274542346e+00,2.043248944107314280e+00
3.017452359132936301e+00,-3.878647100252853086e+00,1.855816025057363650e+00
3.018427689184585816e+00,-3.881616687021002043e+00,1.670089482639192102e+00
3.018071667094097243e+00,-3.885123193834589372e+00,1.367591434373218506e+00
3.018273016702356593e+00,-3.887665714798452132e+00,1.101966198883377990e+00
3.018490650362784855e+00,-3.889245823889707854e+00,9.128413153631240728e-01
3.018517485701008862e+00,-3.890384092019679940e+00,7.039837557691102088e-01
3.019102599013065547e+00,-3.890808051226101405e+00,4.393352409668625502e-01
3.019966630405427566e+00,-3.891231460424383393e+00,2.505233765369179744e-01
3.020690897937632791e+00,-3.890718726446471543e+00,-5.329660907996525837e-02
3.022335965005816139e+00,-3.890221800978516775e+00,-3.175170513773715175e-01
3.024388359133059812e+00,-3.889812875632042477e+00,-5.060239230772252128e-01
3.027694744135345228e+00,-3.888199494878442408e+00,-8.087708652996949965e-01
3.032289447600081012e+00,-3.887115034055419471e+00,-1.077751919892481425e+00
3.036554828289040220e+00,-3.886877653116663556e+00,-1.267559345471924059e+00
3.042836518652161537e+00,-3.886612889653902947e+00,-1.516491716924520228e+00
3.047559432456415252e+00,-3.887733594553728356e+00,-1.719800198059124652e+00
3.054444786757048558e+00,-3.888696442162499878e+00,-1.909784979890665424e+00
3.063956918244366445e+00,-3.961288447349069930e+00,-1.793100806425470539e+00
3.068407599705614164e+00,-3.965333366998338160e+00,-1.593211154160973919e+00
3.070975980146254170e+00,-3.967817271051675920e+00,-1.394296568211947251e+00
3.072795679545702097e+00,-3.971076937111920557e+00,-1.202972888808873764e+00
3.075161544690311111e+00,-3.974289750606359917e+00,-1.005627188006326111e+00
3.144117607504227863e+00,-4.060253099020390444e+00,-1.022840879420842342e+00
3.151565086072967148e+00,-4.062533035341571619e+00,-1.197215162243169928e+00
3.157624041403795268e+00,-4.064950170922134731e+00,-1.383784204034821830e+00
3.161237763213534002e+00,-4.065879943650670292e+00,-1.573342409917871221e+00
3.169651732190652993e+00,-4.079336743871056825e+00,-1.723274187262581414e+00
3.161518815869489796e+00,-4.183514630916324251e+00,-1.729158555117618956e+00
3.167074273523123651e+00,-4.253489540915182943e+00,-1.873315166793621422e+00
3.158342625838117090e+00,-4.352887638208050802e+00,-1.958964966471598235e+00
3.135225273039616845e+00,-4.451908607395364648e+00,-1.963153239632013047e+00
3.115865492000534420e+00,-4.542720868026384196e+00,-1.981877865143588435e+00
3.091893618716502701e+00,-4.637595788404932584e+00,-2.003550202874221142e+00
3.096271908672648898e+00,-4.657843845141107941e+00,-2.178091709412287802e+00
3.100023546760482418e+00,-4.659040982627681515e+00,-2.390102334706341036e+00
3.103125384590955438e+00,-4.660721531926903971e+00,-2.595302583029155841e+00
3.104501772532920700e+00,-4.663186660775583192e+00,-2.809011604073339274e+00
3.104879726364260684e+00,-4.664297081671369583e+00,-3.019527403167497237e+00
3.105706459666814467e+00,-4.664349216496955997e+00,3.035683814698002081e+00
3.106386058132152517e+00,-4.663590732521890381e+00,2.836087352314664134e+00
3.108322350793853328e+00,-4.662040104055832579e+00,2.625285538758566961e+00
3.109041035161185018e+00,-4.659836318588085113e+00,2.436889814482813055e+00
3.102204955647108964e+00,-4.654251252233366998e+00,2.278253945475915643e+00
3.080272627806745600e+00,-4.630168937537184171e+00,2.141513809464074214e+00
3.076826681732911961e+00,-4.625202949350660120e+00,1.978459642328613377e+00
3.074452275203499507e+00,-4.624636653732112634e+00,1.791478361770729943e+00
3.068742769887314203e+00,-4.622364814922853782e+00,1.581273475539257234e+00
3.063783301829011041e+00,-4.618182317425557848e+00,1.404165637873813655e+00
3.059459042551442298e+00,-4.612919216814323597e+00,1.224195003457524633e+00
3.060494983719282747e+00,-4.589689761456495987e+00,1.080765287785412143e+00
3.096738436053970034e+00,-4.512477183901744127e+00,1.044732109365372086e+00
3.112956881179160806e+00,-4.485559112781842828e+00,9.251268234771602428e-01
3.113736454645576579e+00,-4.485508701242736151e+00,7.329729568705032339e-01
3.112935403849924842e+00,-4.487109611457147373e+00,5.100278032218509283e-01
3.111660216128749656e+00,-4.487522638020241317e+00,2.834948088369770303e-01
3.111475821210186954e+00,-4.488460671854871187e+00,6.854429531106241702e-02
3.109892280594388048e+00,-4.489379311362398539e+00,-1.844267528132493006e-01
3.109135553551140241e+00,-4.490263102086884395e+00,-3.774975820373377422e-01
3.108443393524705556e+00,-4.490383587908906904e+00,-5.947146452003334582e-01
3.108351364197681654e+00,-4.490169882084781072e+00,-7.841390724464980533e-01
3.108702719215655108e+00,-4.490471152324054138e+00,-9.711055350747481718e-01
3.111517368376707449e+00,-4.489956624591496137e+00,-1.230197456414855228e+00
3.114242946424417902e+00,-4.490282185435316542e+00,-1.511145812447427739e+00
3.117380698267271821e+00,-4.491548449006240062e+00,-1.706194922399983049e+00
3.120285459070538892e+00,-4.493397180981935080e+00,-1.935164628429834721e+00
3.103518153418454606e+00,-4.546257418452357868e+00,-1.955812421188882100e+00
3.101150074490009345e+00,-4.565991812065703925e+00,-1.943086615497892966e+00
3.103965841218794264e+00,-4.573997689397726774e+00,-1.986291172770617841e+00
3.101764571681957960e+00,-4.584958299914213775e+00,-1.824061859363699467e+00
3.077959356270759006e+00,-4.689910151702178176e+00,-1.840273493275462302e+00
3.051399344075638620e+00,-4.792871676643144951e+00,-1.849568042308121329e+00
3.023713577968346389e+00,-4.893493522169176657e+00,-1.857950223608855866e+00
2.994210633696412494e+00,-4.995687012160380469e+00,-1.869451519837732389e+00
2.963210768779806603e+00,-5.099394535306833731e+00,-1.879240855423834233e+00
2.931767270533617520e+00,-5.201052113330781879e+00,-1.890368440431519748e+00
2.899508157128518171e+00,-5.299036943962986079e+00,-1.846491659845338251e+00
2.882574761050143763e+00,-5.370146911451943339e+00,-1.679733177699741731e+00
2.879985855756826307e+00,-5.405627527950621847e+00,-1.499730902479223804e+00
2.882795533685182932e+00,-5.438638053317450982e+00,-1.315920964198551646e+00
2.893050844927417931e+00,-5.471450526491701716e+00,-1.116434528091624800e+00
2.907734256831251862e+00,-5.497424315514544801e+00,-9.414532576706505784e-01
2.927770261953277942e+00,-5.525614003603774194e+00,-8.073011478364605642e-01
2.940652283031690128e+00,-5.540845202659920865e+00,-6.095214022813314481e-01
2.943285079450156605e+00,-5.542094632885204319e+00,-3.823491648252434483e-01
2.945196970577546480e+00,-5.543551010280069136e+00,-2.035266140977697591e-01
2.959441011685998824e+00,-5.547546083806967232e+00,-3.867448377234182499e-02
2.960606842279069006e+00,-5.548624039218843507e+00,1.571433721990009857e-01
2.963188358900478825e+00,-5.551320041849908016e+00,4.097329543608436153e-01
2.965348111098885298e+00,-5.554390722520359702e+00,6.438854613834549268e-01
2.977948591272226331e+00,-5.548461710290664151e+00,8.392025764679048594e-01
2.982129862189939029e+00,-5.550386982527376389e+00,1.100031639653732851e+00
2.984445809649108661e+00,-5.550315111445225824e+00,1.279944407068543510e+00
2.987976154769452553e+00,-5.549831718153402704e+00,1.506763770926481838e+00
2.990943672633644912e+00,-5.548067755652739130e+00,1.771398991042720361e+00
2.992170263700388411e+00,-5.546141463698115892e+00,1.963443505657513466e+00
2.993549480563411525e+00,-5.543889732153530758e+00,2.138015949266038884e+00
2.993324176304341222e+00,-5.542492627682733541e+00,2.335659535249015040e+00
2.992030973819558959e+00,-5.540129659497488923e+00,2.574842188037430812e+00
2.984524947828298025e+00,-5.533512357402907256e+00,2.751913480329210682e+00
2.973383254588750191e+00,-5.528846952072930421e+00,2.896984922486292913e+00
2.938997461000666611e+00,-5.518914423827230742e+00,2.783756233419571569e+00
2.921205646166495473e+00,-5.510055602615683057e+00,2.612177273808793831e+00
2.922554748436135608e+00,-5.511780686591906786e+00,2.388949609995745238e+00
2.923174644566178149e+00,-5.513213347056456826e+00,2.182123510020265833e+00
2.924402671646807228e+00,-5.513980861440029635e+00,1.999550691829013793e+00
2.923258631801729290e+00,-5.514422944655263947e+00,1.794775933951032743e+00
2.920762749325602758e+00,-5.513778978892672100e+00,1.589378389386848500e+00
2.918273360706009179e+00,-5.512994738864857247e+00,1.402843990668993568e+00
2.917260511135348455e+00,-5.507658489162672311e+00,1.218282537667224608e+00
2.924024746120228446e+00,-5.489205101494254890e+00,1.055019814946307255e+00
2.922825603223768276e+00,-5.487176278835339538e+00,8.643818552333073502e-01
2.921667880533570738e+00,-5.486167703357059722e+00,6.819915258462972973e-01
2.920446843767358747e+00,-5.485891536033713045e+00,5.056775186995160487e-01
2.918161308743828286e+00,-5.484693802034190213e+00,2.676945749819327203e-01
2.917414188145246889e+00,-5.482883965559381068e+00,6.326837686512902514e-02
2.916331234998614352e+00,-5.481487970183482439e+00,-1.718427892446234007e-01
2.914369746108264270e+00,-5.480611199779160891e+00,-3.950211794011254107e-01
2.912948821017960821e+00,-5.480095488453390118e+00,-5.882064148578919349e-01
2.911152203116415205e+00,-5.479327704844335400e+00,-8.112056644620460055e-01
2.910018741847100632e+00,-5.478461585360977715e+00,-1.036701918002921996e+00
2.910835519700358365e+00,-5.477492151210186400e+00,-1.223010630680305022e+00
2.912453479966748748e+00,-5.476947455394616249e+00,-1.439254353420620358e+00
2.915190928594921349e+00,-5.476440169297543292e+00,-1.666101327247771158e+00
2.917752322689751043e+00,-5.477076523842251632e+00,-1.858827857442469256e+00
2.920812412724711482e+00,-5.479349421774462492e+00,-2.082528983012096102e+00
2.923936536005718789e+00,-5.482146385930081856e+00,-2.310487930009205826e+00
2.927043393187989562e+00,-5.484783358488400040e+00,-2.568492011931165830e+00
2.929840748530871064e+00,-5.487200288664647374e+00,-2.808308733514893074e+00
2.932160616857127255e+00,-5.489293787903838151e+00,-3.031961700501665469e+00
2.933345694957122607e+00,-5.490572963238477655e+00,3.072300032479954979e+00
2.934220536330498952e+00,-5.492823904239307886e+00,2.828448039962067284e+00
2.935433319307700017e+00,-5.494876709602664278e+00,2.602188138489277769e+00
2.937281431502979601e+00,-5.495832944211472615e+00,2.423843834592577018e+00
2.939123108581026766e+00,-5.497871190750010406e+00,2.183567468619424190e+00
2.938342841898900382e+00,-5.500738828461127383e+00,1.957958407483270769e+00
2.937067584180649948e+00,-5.502450338388524820e+00,1.781295505592211503e+00
2.933489570098061439e+00,-5.504171879913388743e+00,1.540873001287292876e+00
2.929564578972366995e+00,-5.504881653517246676e+00,1.284245145701086166e+00
2.925408568904676265e+00,-5.502671985626082396e+00,1.057372955200748477e+00
2.922264108438868302e+00,-5.500834707561797821e+00,8.231067371919009723e-01
2.992244819745211615e+00,-5.433826887047436216e+00,7.323836689668362654e-01
3.067686221908486832e+00,-5.370231205502658867e+00,6.333425660721213601e-01
3.150609865420916478e+00,-5.316523316604296667e+00,4.919880102302842118e-01
3.221484398372401969e+00,-5.285294871059038613e+00,3.090315277550629847e-01
3.269975990208439320e+00,-5.274605155422215752e+00,1.632159841930695410e-01
3.368824616770891289e+00,-5.264243845914786668e+00,1.314861994679196455e-01
3.374079390482516594e+00,-5.263572849053569591e+00,3.206175488171543186e-01
3.466464241507149602e+00,-5.228038945413120864e+00,4.227401921627647052e-01
3.560154633954977221e+00,-5.189244487936843342e+00,4.172872974686859804e-01
3.653058132641522349e+00,-5.150136394341916279e+00,5.029802541681052119e-01
3.736138641789400694e+00,-5.095774377965081037e+00,6.564068979223858236e-01
3.817203679385471560e+00,-5.035861174136232243e+00,6.725910136525861116e-01
3.891804498502027254e+00,-4.968502986920010578e+00,8.133858695427753638e-01
3.956214186510787822e+00,-4.892452723550514193e+00,9.229747313373269924e-01
4.011322588136390088e+00,-4.827759476635001157e+00,8.468130551830685970e-01
4.004358131927399533e+00,-4.829102750793928145e+00,6.855949356821515739e-01
4.003383123915583930e+00,-4.826932918149680063e+00,4.700518735347452570e-01
4.002244119747335738e+00,-4.824946002794050948e+00,2.371116489116304182e-01
4.000945482834343814e+00,-4.824261979406799128e+00,-2.564462292168914487e-03
3.999446156939299168e+00,-4.823079036317543533e+00,-2.332030673465612658e-01
3.997350455573942529e+00,-4.822602731627263495e+00,-5.004698111733785204e-01
3.995901101720412463e+00,-4.821466635819703583e+00,-7.011273055452383884e-01
3.995920560804289146e+00,-4.820517429587114933e+00,-9.385913400291628905e-01
3.996749061621490462e+00,-4.819524662712859175e+00,-1.139408604791477320e+00
4.003387596746178723e+00,-4.828699939712406852e+00,-1.320061802230202419e+00
4.005597834719809569e+00,-4.828563665406639061e+00,-1.510875363858463771e+00
4.009168614165599998e+00,-4.828395208600464450e+00,-1.758347939528779991e+00
4.010908680950690197e+00,-4.828152461655402128e+00,-1.934959947717474593e+00
4.014479621660773212e+00,-4.830501414194825038e+00,-2.210099169658063190e+00
4.017607772771261132e+00,-4.832850391829510706e+00,-2.402853042636213576e+00
4.006119140347052188e+00,-4.846641086011953092e+00,-2.571487490693186828e+00
4.008401100920242044e+00,-4.848157710690327526e+00,-2.750604252895836765e+00
4.009692575628533540e+00,-4.850044315193120070e+00,-2.938633937408284602e+00
4.011381353661064963e+00,-4.851956927264577502e+00,-3.116106834101356693e+00
4.012691947106733714e+00,-4.854566974272318980e+00,2.984320142460619607e+00
4.014439079285552658e+00,-4.856839073008332619e+00,2.804606470116954409e+00
4.015784652707735880e+00,-4.859432158703018700e+00,2.620121906920677812e+00
4.017938785911003841e+00,-4.861847360666772033e+00,2.438413797643060654e+00
4.019299106239040853e+00,-4.864714748686207457e+00,2.258927434458787520e+00
4.019955784138960375e+00,-4.866813485869277756e+00,2.081812894764045296e+00
4.020245629773820717e+00,-4.868921666278191118e+00,1.899487397282048295e+00
4.020152838734022183e+00,-4.871037752130968457e+00,1.718166173495776716e+00
4.018335713945504040e+00,-4.870198941877594834e+00,1.537378072760985814e+00
4.015978140605025892e+00,-4.869299324201554313e+00,1.347399613574774557e+00
4.014165712017019771e+00,-4.869542242349490735e+00,1.165618427095382215e+00
4.011818449356590044e+00,-4.868003750965644194e+00,9.875833380590429700e-01
4.009900928694802857e+00,-4.866468678929414260e+00,8.023882453931692194e-01
4.009642453238432935e+00,-4.863925971985235464e+00,6.103623388081818035e-01
4.008561438861049986e+00,-4.862627895020412261e+00,4.132440381038692823e-01
4.006952876951579867e+00,-4.862370515981511154e+00,2.090541867450544933e-01
4.005605100538171648e+00,-4.860945087048607505e+00,7.161008719960631000e-03
4.021763725139637202e+00,-4.862236604903437787e+00,-2.048198135988351098e-01
4.020116990667123247e+00,-4.861364267124706373e+00,-4.085810382414527542e-01
4.019090560901133813e+00,-4.860070175728598230e+00,-6.162240024178959885e-01
4.017980709409832762e+00,-4.858435719911668116e+00,-8.417130522271574211e-01
4.017230168853152428e+00,-4.857041668734860984e+00,-1.064010511494361877e+00
4.017968771828961394e+00,-4.855741670417311973e+00,-1.256807692561083156e+00
4.018460650616839658e+00,-4.854025513210793896e+00,-1.440602392999790426e+00
4.019982918305407438e+00,-4.853097494783049193e+00,-1.620735239007249584e+00
4.022278290229907682e+00,-4.853336005634794503e+00,-1.802956743679448692e+00
4.024685137847769489e+00,-4.854953964596774085e+00,-1.991723156721628918e+00
4.015142861236527416e+00,-4.876888079063671277e+00,-2.126862108872001222e+00
3.961811766405053614e+00,-4.963400425785041037e+00,-2.122984237957865616e+00
3.905961167961582881e+00,-5.051836792930854081e+00,-2.220291653977382929e+00
3.833518940946653686e+00,-5.132168230646191098e+00,-2.378705863760433914e+00
3.799918192298421094e+00,-5.160148003627674562e+00,-2.417164172100807917e+00
3.721041481538304829e+00,-5.225260643292393148e+00,-2.436160575252308558e+00
3.655313223157977021e+00,-5.290790251260965249e+00,-2.239567373724421273e+00
3.628492130872869481e+00,-5.331892213600465169e+00,-2.033257841875355076e+00
3.610458641227350274e+00,-5.378285774891440774e+00,-1.819126371539838027e+00
3.602575605409098269e+00,-5.428167215803979317e+00,-1.605010220096130258e+00
3.604845164284309789e+00,-5.476162130861353283e+00,-1.399982287367522060e+00
3.616307470440119243e+00,-5.521697934779680850e+00,-1.196049372048065607e+00
3.638470820497881064e+00,-5.566856343224686476e+00,-1.010225573696978074e+00
3.665785504296463770e+00,-5.603613104136497824e+00,-8.333623868767897624e-01
3.701853445798873654e+00,-5.637306745511962092e+00,-6.400149147103931790e-01
3.750746752296858055e+00,-5.666215591798975382e+00,-4.335779323271997665e-01
3.785851904860796147e+00,-5.680999787736270790e+00,-3.693556343462269798e-01
3.850401089540007593e+00,-5.716456260160454050e+00,-5.404929384898916611e-01
3.874065389912426660e+00,-5.733774167182126291e+00,-3.929402873958428022e-01
3.918721275345594890e+00,-5.753552883429161824e+00,-2.414914139572776064e-01
3.926393873899620246e+00,-5.755795863519315603e+00,-5.098202123318311407e-02
3.935691564260515918e+00,-5.756743451614303453e+00,1.161256496461168936e-01
4.034644437162311803e+00,-5.741388424843542282e+00,1.315536004647760437e-01
4.134221294336184016e+00,-5.727833539473897062e+00,1.216744961514927698e-01
4.155935772893143643e+00,-5.725710128263631127e+00,2.792557909264995475e-01
4.251925094451695308e+00,-5.695005983692624341e+00,3.298852451809926034e-01
4.312210436448197903e+00,-5.670777364670019693e+00,4.840680662699502479e-01
4.396441537335061156e+00,-5.630346462164084187e+00,3.432948398710329863e-01
4.438802148330690756e+00,-5.613327296836504665e+00,5.141128605432199183e-01
4.461605721433834937e+00,-5.599667829092164872e+00,7.034916601677765335e-01
4.471066563678163241e+00,-5.590430279398170832e+00,8.945630083769271490e-01
4.507911613053813937e+00,-5.543570765554383328e+00,9.280560626976265270e-01
4.536125219035812783e+00,-5.507628259632122436e+00,7.438320254624302130e-01
4.612974338997360313e+00,-5.442016881301585229e+00,7.499534731377749397e-01
4.664424693194177074e+00,-5.388562630591156477e+00,9.142965665470754733e-01
4.727528907083166310e+00,-5.303615581156089220e+00,1.016902589240035626e+00
4.769027508137047455e+00,-5.238952993030933314e+00,1.128641861361697751e+00
4.783297847805243919e+00,-5.224411233045776370e+00,1.262675572170859351e+00
4.785207387058521000e+00,-5.224136777426766187e+00,1.465937095581599348e+00
4.787250046897658429e+00,-5.225445094968860005e+00,1.669525442725392494e+00
4.789612103015653766e+00,-5.225570044473810682e+00,1.892070181926855943e+00
4.791029431394520088e+00,-5.225085637835228169e+00,2.070612401998008334e+00
4.792593348220957949e+00,-5.224366838223751586e+00,2.285297540668135952e+00
4.793955559852958181e+00,-5.223487893452885444e+00,2.496149106907775916e+00
4.794783291012805648e+00,-5.221903200290562985e+00,2.735235040041835930e+00
4.794813183262547795e+00,-5.219983370636739117e+00,2.950795948144690151e+00
4.769450842846930883e+00,-5.214445082683722532e+00,3.057121784059661618e+00
4.768749891192988422e+00,-5.213011242193069883e+00,-3.048024366659183748e+00
4.765497765034695021e+00,-5.212882978540716472e+00,-3.014150147580953121e+00
4.747569731263186377e+00,-5.215140699780949518e+00,3.100041833926848955e+00
4.749331343549913598e+00,-5.216740305136412736e+00,2.918589654506665187e+00
4.750954527289335871e+00,-5.218478601032889408e+00,2.738492361699674138e+00
4.735641756118812218e+00,-5.210146012408879201e+00,2.572194612629901123e+00
4.719840410758905591e+00,-5.199694354332681456e+00,2.763198631085083790e+00
4.713563487912575845e+00,-5.196373273938660553e+00,2.944251390769662802e+00
4.712836060672798588e+00,-5.194889595376113611e+00,-3.128108880931316449e+00
4.711003716290471210e+00,-5.193507339372891884e+00,-2.951399145786136380e+00
4.708659262807931789e+00,-5.192799530324428758e+00,-2.762884451415589915e+00
4.705525418330660514e+00,-5.192660347016512468e+00,-2.559401018714998255e+00
4.702565598841416339e+00,-5.192876079968196557e+00,-2.364027114938473506e+00
4.700619565401236599e+00,-5.192433234565513089e+00,-2.170538736571351990e+00
4.697690157164714719e+00,-5.193366580997191839e+00,-1.971563139751973281e+00
4.665797023342208583e+00,-5.283940333245326748e+00,-1.826639664036630695e+00
4.648544073547448363e+00,-5.341295027068110102e+00,-1.983675373447766344e+00
4.602721182991391657e+00,-5.431385966474352678e+00,-2.064377132293263806e+00
4.555560093455005344e+00,-5.519718613648318950e+00,-2.065282754574355284e+00
4.506381083816517474e+00,-5.612151337864279554e+00,-2.061924626637420044e+00
4.458684643840012285e+00,-5.702393579020140102e+00,-2.061236156215076498e+00
4.407802104566181711e+00,-5.794923724877328652e+00,-2.114623059426136820e+00
4.358448259894554866e+00,-5.865850339471497144e+00,-2.283646893634158737e+00
4.306804085434201568e+00,-5.918765028925922600e+00,-2.432371089979884271e+00
4.233856434971195348e+00,-5.972972148244189761e+00,-2.618438618496963688e+00
4.152994788589282393e+00,-6.013007422564444759e+00,-2.799624659733072729e+00
4.073076228199155047e+00,-6.035907193623988753e+00,-2.959389734411130846e+00
4.042218344139886455e+00,-6.043894730372714186e+00,-3.129655690780045685e+00
4.032929021406109982e+00,-6.044908875466620479e+00,2.967411975666049528e+00
4.024404001737503123e+00,-6.044385547866420794e+00,2.788165139264839887e+00
4.020594442415379000e+00,-6.044602438109070164e+00,2.564749417483700888e+00
4.020103670996719281e+00,-6.045622437179950737e+00,2.370143471283795211e+00
4.019855177396146395e+00,-6.048232561409617070e+00,2.188569121405782969e+00
4.018970070994580368e+00,-6.050173291055616964e+00,1.990411912641701031e+00
4.016802529399096322e+00,-6.052222101683269351e+00,1.756556383863392412e+00
4.014863372382026618e+00,-6.053527659645994596e+00,1.585821848409181056e+00
4.012128769115421711e+00,-6.054394754271260837e+00,1.363745488713708376e+00
4.011082584727910572e+00,-6.044822164880121029e+00,1.227060579079255476e+00
4.019341054799626001e+00,-6.022480984489298805e+00,1.030113931437159902e+00
4.036617222310593611e+00,-5.992762739184611220e+00,8.795574105697276934e-01
4.036818668308537639e+00,-5.990731766759055610e+00,6.640388780969450622e-01
4.035253885576035593e+00,-5.989330569269601057e+00,4.609392756345641051e-01
4.032847870033977600e+00,-5.987593124299598557e+00,2.705775703557219414e-01
4.030621581076252014e+00,-5.985840134855859418e+00,6.216784012060893455e-02
4.028454383383864190e+00,-5.983731468356282335e+00,-1.882313581370021749e-01
4.026772939525589123e+00,-5.981956444597586575e+00,-3.785745422118482195e-01
4.025703260186482169e+00,-5.980058985789878712e+00,-5.569881833732991394e-01
4.025262979075234782e+00,-5.977887400731075829e+00,-7.816689260617866175e-01
4.024988542358789445e+00,-5.975919195164600239e+00,-9.604930571163196040e-01
4.025551048422107314e+00,-5.972572732211128610e+00,-1.153299213318767169e+00
4.029131420406090847e+00,-5.980040945862377555e+00,-1.329186277051020548e+00
4.030020505703270750e+00,-5.979918483587787215e+00,-1.509429285615735417e+00
4.031076222008784349e+00,-5.979157094284726526e+00,-1.690972527307524675e+00
4.014521958162545978e+00,-6.067249372522234729e+00,-1.854108304852393418e+00
3.974286243699103327e+00,-6.163038220707394821e+00,-2.013128819116018153e+00
3.925362485665293555e+00,-6.254703600710854516e+00,-2.100342418068598782e+00
3.866327330438811494e+00,-6.346076499915686675e+00,-2.162762561505330972e+00
3.804725972504479081e+00,-6.430407280086739341e+00,-2.220278671294033224e+00
3.737306011748140477e+00,-6.514445290792353127e+00,-2.274963702544089639e+00
3.670539412708111460e+00,-6.588793088552790778e+00,-2.323535585243498680e+00
3.602487754918510809e+00,-6.661373010376060222e+00,-2.327811031900762107e+00
3.533136337382432490e+00,-6.734284267994038231e+00,-2.330626571465434171e+00
3.461986847206579565e+00,-6.809967882060798949e+00,-2.331072260492335069e+00
3.391429127871549820e+00,-6.884307927989371301e+00,-2.341002082518855332e+00
3.386205978658599847e+00,-6.890645032730184028e+00,-2.518339277970700785e+00
3.387807077083751839e+00,-6.891629850571253435e+00,-2.683749186770636452e+00
3.324469042518244155e+00,-6.921112336324043213e+00,-2.866129416546586040e+00
3.305689568521893662e+00,-6.925594235444519242e+00,-3.050539089233305301e+00
3.284624954557510357e+00,-6.926259015198795943e+00,3.059155865056891965e+00
3.198784511463728553e+00,-6.913895792757005054e+00,2.893719858163889658e+00
3.192436322826706530e+00,-6.912955368537199163e+00,2.713891940578702755e+00
3.186430854121382605e+00,-6.910866419237487790e+00,2.536074642503964860e+00
3.180529357097489296e+00,-6.907278143720845698e+00,2.356117652882373736e+00
3.175801476632779785e+00,-6.903101252886749251e+00,2.176392572482165999e+00
3.170265340049789327e+00,-6.894948136842701025e+00,1.986265154969772739e+00
3.166454916616143311e+00,-6.887700951720726827e+00,1.809428250028762397e+00
3.164537861622680470e+00,-6.881214528864942004e+00,1.631590480601594617e+00
3.163265981354355105e+00,-6.874098020790212260e+00,1.451252324423118578e+00
3.163525992215192595e+00,-6.866746775718031159e+00,1.271542545025009741e+00
3.166051993399928488e+00,-6.857315180127691256e+00,1.087873654444787341e+00
3.171740166675367067e+00,-6.846117398258550146e+00,9.046202424597091785e-01
3.177298342788783092e+00,-6.837977371047012198e+00,7.254316898516747214e-01
3.190549499484263141e+00,-6.826387251279335544e+00,5.414141655045356938e-01
3.196412398997877435e+00,-6.821464638418612836e+00,3.625135811044639667e-01
3.204564842440865924e+00,-6.817668638743202614e+00,1.724010733046988653e-01
3.212277957872093026e+00,-6.816026938227598642e+00,-5.710959609277432153e-03
3.223132215547636736e+00,-6.816254392124060146e+00,-1.854749830807103095e-01
3.239361393395557176e+00,-6.820386656665829328e+00,-3.354561299038628652e-01
3.289377304765082055e+00,-6.838159837729784307e+00,-4.969278141315304209e-01
3.307317803116747168e+00,-6.851152132230107661e+00,-6.676536616065559260e-01
3.308084926561732697e+00,-6.851546992146046122e+00,-8.530981321785310323e-01
3.309423284858362901e+00,-6.852018870212676305e+00,-1.064748370159548596e+00
3.310900953527340373e+00,-6.853466241376879431e+00,-1.263102955591080656e+00
3.312359482088860219e+00,-6.855165998951588513e+00,-1.450308005448081028e+00
3.314115581413974887e+00,-6.857497237010218960e+00,-1.660854699521954414e+00
3.315625138115043224e+00,-6.859923426505829092e+00,-1.849219325950110182e+00
3.316155786449058507e+00,-6.863636505706959490e+00,-2.060606070515417443e+00
3.316354326303091238e+00,-6.867532898876689273e+00,-2.258371373267813009e+00
3.316099145109686841e+00,-6.871232939531033423e+00,-2.443688182188072044e+00
3.315024760050298891e+00,-6.875193251296499497e+00,-2.655849338332002318e+00
3.257208666504650019e+00,-6.904220043334758472e+00,-2.834141148154451617e+00
3.219406720014699186e+00,-6.916612428678920566e+00,-3.002466618081149896e+00
3.214350741284132340e+00,-6.919056087991362958e+00,3.099083520304428241e+00
3.206785007018880584e+00,-6.920207777022062245e+00,2.909972613914957762e+00
3.200283770585415688e+00,-6.920679502380986392e+00,2.745392956581556909e+00
3.170745329126657186e+00,-6.910557792300333624e+00,2.583644340435916842e+00
3.168184116849510179e+00,-6.910498138791057343e+00,2.400188031315289461e+00
3.168486845397317175e+00,-6.912957606667450960e+00,2.214223809044650437e+00
3.162984990868523028e+00,-6.906932623018353645e+00,2.064443054358999774e+00
3.116580682530059487e+00,-6.822072186985866260e+00,2.089738195792690600e+00
3.111595199494674002e+00,-6.813905373564748125e+00,2.259188984564788782e+00
3.089675310758182913e+00,-6.791054214507757258e+00,2.413230231161814121e+00
3.087654008101373471e+00,-6.788906968074731374e+00,2.594921417468073699e+00
3.084144476868456941e+00,-6.786793163671225315e+00,2.779187745292153622e+00
3.079671592059065155e+00,-6.784917158345002974e+00,2.896137977729239754e+00
3.057092732431613058e+00,-6.777629342470372187e+00,2.751673947399512432e+00
2.961830280195955734e+00,-6.740180347320404053e+00,2.759648901705550550e+00
2.874377908755585409e+00,-6.706824990660455121e+00,2.962665764461874129e+00
2.871460727939179058e+00,-6.704882900531336176e+00,-3.107540922376546888e+00
2.868245907417438012e+00,-6.702956532325107908e+00,-2.918434293487607523e+00
2.864474300680367680e+00,-6.701738202801259980e+00,-2.704700626464858537e+00
2.861693176556582063e+00,-6.700562687960988306e+00,-2.459761848262885575e+00
2.858609413082082273e+00,-6.699580609722534774e+00,-2.277405484039614070e+00
2.854969225740257244e+00,-6.699703510928485706e+00,-2.055835289569999613e+00
2.851921039222339083e+00,-6.699706061635620102e+00,-1.803212036761236536e+00
2.849115444559599197e+00,-6.701095570615871466e+00,-1.556487326309552444e+00
2.846680477667316467e+00,-6.705467624797050163e+00,-1.338915212426297519e+00
2.845873846637116955e+00,-6.709496446546685533e+00,-1.139566793651805909e+00
2.846465135271054603e+00,-6.712574388571802331e+00,-9.036286258878925004e-01
2.847010775983433994e+00,-6.714485905463154936e+00,-7.257045290572596841e-01
2.848523523701496085e+00,-6.717866743442883148e+00,-5.485214581010808832e-01
2.937675883510581620e+00,-6.764616407313713609e+00,-4.526582382804525961e-01
3.029573687870184884e+00,-6.809780946191548168e+00,-4.491818290281047177e-01
3.124184331524932912e+00,-6.855763381746271534e+00,-4.484343016134335613e-01
3.218186870615262318e+00,-6.901595821979610967e+00,-4.365290620854390680e-01
3.291699795844400533e+00,-6.931852769830529226e+00,-2.484051161655937146e-01
3.292258000708290666e+00,-6.933865379693629372e+00,-5.463226262436646913e-02
3.304483998535757472e+00,-6.936074400366135428e+00,1.095230803466911707e-01
3.347832201494922000e+00,-6.931421518384752289e+00,2.559385644976884810e-01
3.440313812255864079e+00,-6.912516050947126622e+00,2.563982480229672900e-01
3.452694583163525621e+00,-6.913065330557635058e+00,4.222728717792462172e-01
3.466809148451585720e+00,-6.909763266642741542e+00,6.057122880586668368e-01
3.468073343200604342e+00,-6.911077322152880953e+00,7.973631035891413088e-01
3.505298102838692476e+00,-6.867401362644715235e+00,9.399089956968251780e-01
3.530269382261336464e+00,-6.828516141123433414e+00,1.110935455999793264e+00
3.543155722696693211e+00,-6.797353840321476603e+00,1.297587580678637886e+00
3.547927792163101834e+00,-6.774278207656916351e+00,1.475037767940315714e+00
3.548354543230400893e+00,-6.748344345840082248e+00,1.663883451704799121e+00
3.541030786238684502e+00,-6.706289367603201157e+00,1.816596039598546319e+00
3.545006424574039805e+00,-6.729152030223170655e+00,1.904084852015878626e+00
3.541548597526314346e+00,-6.721435300734801999e+00,2.076853399043030457e+00
3.528889972700395283e+00,-6.700886457779484218e+00,2.004378956953686508e+00
3.545554023146071376e+00,-6.741586545668588393e+00,1.850403601721187785e+00
3.541148800970407073e+00,-6.724685985927528087e+00,1.636468615814866912e+00
3.539541027083306979e+00,-6.721273366409261207e+00,1.458555343250051095e+00
3.542547130833972879e+00,-6.697727052025081562e+00,1.284534923771352366e+00
3.550234177513740708e+00,-6.672786626621041606e+00,1.097833063629380490e+00
3.562781042109592899e+00,-6.649506119775682400e+00,9.217566364088115582e-01
3.587152950234825166e+00,-6.617262554939975061e+00,8.138046452585174784e-01
3.598951937186902761e+00,-6.602103114804704909e+00,8.926078261883682030e-01
3.616938663378499452e+00,-6.573018573805232023e+00,7.337915069255963596e-01
3.645266971100111775e+00,-6.548847473807903441e+00,5.589520524395389378e-01
3.671172595527465443e+00,-6.533797594090096972e+00,4.151601701457185989e-01
3.683361374269846777e+00,-6.530239164145497988e+00,3.696718240944136258e-01
3.683323289083841878e+00,-6.532712431095379912e+00,5.411454500798267286e-01
3.683688176585257601e+00,-6.535973790368559300e+00,7.167328111269770652e-01
3.684455238710328207e+00,-6.539115099023427469e+00,8.913433581378950032e-01
3.685678340745855763e+00,-6.541545392126530523e+00,1.089722657983449805e+00
3.687233603304195473e+00,-6.543142680348615237e+00,1.282487611302296937e+00
3.688062353207949506e+00,-6.543808653084532523e+00,1.460526319430386355e+00
3.688984110789713888e+00,-6.544357277062592182e+00,1.638444168233982756e+00
3.689566531129631066e+00,-6.543840041958773668e+00,1.831387437052259592e+00
3.689375761030365464e+00,-6.543381677797373008e+00,2.005553190124434781e+00
3.689074914766623081e+00,-6.542241187664500579e+00,2.168987407892025487e+00
3.628441124681959895e+00,-6.461831399581294377e+00,2.163629076100182402e+00
3.567515638270709832e+00,-6.375697547553300204e+00,2.158921326411972430e+00
3.508092494929446303e+00,-6.290850000416766008e+00,2.158383318462249179e+00
3.444649989950746782e+00,-6.203546841391541555e+00,2.196576967830293103e+00
3.379994668464172403e+00,-6.133278620946081006e+00,2.338968581934341984e+00
3.302049372788690818e+00,-6.073311436121993090e+00,2.512943025381894291e+00
3.245042605331061480e+00,-6.042527094004478627e+00,2.619096569800860586e+00
3.149342127639505495e+00,-6.001478815139599909e+00,2.711664758986826129e+00
3.048828499753302168e+00,-5.961432038173672510e+00,2.677879937976530123e+00
3.004285802974724806e+00,-5.938416076478431727e+00,2.483596305303920282e+00
2.970118053619790643e+00,-5.913442361839460482e+00,2.282291417618474760e+00
2.946070492791101003e+00,-5.887542481550394946e+00,2.084835507943447741e+00
2.930499054762593314e+00,-5.860097958495896542e+00,1.875808002132710817e+00
2.923195789840311143e+00,-5.835995058303693028e+00,1.696426542419537720e+00
2.920823183463483019e+00,-5.814469905038052389e+00,1.516944983280906101e+00
2.923202716515874489e+00,-5.818088646412168607e+00,1.581209248734017692e+00
2.926664895016467760e+00,-5.823818859164815009e+00,1.759186624108003416e+00
2.929938831710562575e+00,-5.827535109888144049e+00,1.926577617887174743e+00
2.933989301211201273e+00,-5.830878498006354604e+00,2.112224731432670755e+00
2.938703523532913309e+00,-5.834038838559282958e+00,2.270173148023549192e+00
2.945078065951148627e+00,-5.838417087004585504e+00,2.433472352289784091e+00
2.938401823871885643e+00,-5.835968054755967138e+00,2.578655282038077701e+00
2.863981650108916810e+00,-5.800322327159695313e+00,2.576269047584121896e+00
2.782700603202638234e+00,-5.753283988676223260e+00,2.557056512802760473e+00
2.703267782588258950e+00,-5.704109762520968907e+00,2.509243112334391235e+00
2.668152532317690007e+00,-5.689489383902906816e+00,2.331427220878569795e+00
2.669519381337760233e+00,-5.695851989734608267e+00,2.121733421221926541e+00
2.670555129643384706e+00,-5.700640932597820232e+00,1.932060076813009619e+00
2.670216869149066419e+00,-5.705165454775078970e+00,1.736971115819545997e+00
2.669209128043683155e+00,-5.709026624978381648e+00,1.485787150308645277e+00
2.667848968206181226e+00,-5.712262181324835097e+00,1.236847135500071637e+00
2.666479882961998005e+00,-5.714574971967993022e+00,1.042539504351074564e+00
2.664634564191735944e+00,-5.715995345345183054e+00,8.310639443580555286e-01
2.662872044103549385e+00,-5.716584377386055849e+00,5.654228968745170780e-01
2.661714582228659864e+00,-5.716788669365585385e+00,3.751979646013612335e-01
2.660116023039433397e+00,-5.716520348847731192e+00,6.957793027409889253e-02
2.659756930455481339e+00,-5.716447383594272402e+00,-1.051532487583884123e-01
2.659527261037100132e+00,-5.716553662811863390e+00,-2.915855921446002808e-01
2.659731374511665969e+00,-5.716293299862416077e+00,-4.833591522537882823e-01
2.659868939512411323e+00,-5.715897292838015176e+00,-6.957118190150273218e-01
2.660837309348418778e+00,-5.715780349324774967e+00,-9.645187269733603852e-01
2.662323723457420410e+00,-5.715982120789305121e+00,-1.155404433959493549e+00
2.665150608301010582e+00,-5.715738909785734734e+00,-1.460284773251856461e+00
2.668732496157938172e+00,-5.716696419836435616e+00,-1.727705065223945846e+00
2.671437707704252151e+00,-5.718334295968449332e+00,-1.907374387713971942e+00
2.674657493852845569e+00,-5.720040513265875148e+00,-2.117445895692672497e+00
2.678122050108579622e+00,-5.722697495841862825e+00,-2.312749039902527226e+00
2.680969312927540482e+00,-5.725774518098464050e+00,-2.497926302420093059e+00
2.683747129278967414e+00,-5.729472762242949990e+00,-2.675769827122395306e+00
2.686592281936550197e+00,-5.733480797296712339e+00,-2.862891331380717386e+00
2.689216653870077245e+00,-5.737771587424321140e+00,-3.081176320472094332e+00
2.690921365051373471e+00,-5.741634011719071395e+00,3.016474129582789487e+00
2.692952248272489690e+00,-5.745754102696743360e+00,2.842079660383521222e+00
2.694512698203261447e+00,-5.750231797226589059e+00,2.654869468494756024e+00
2.695521645668593091e+00,-5.754949815355769438e+00,2.440789959730276237e+00
2.696582195178864882e+00,-5.759029151451285244e+00,2.261678419776222970e+00
2.696732972116846483e+00,-5.763620574702653876e+00,2.071080024595032487e+00
2.695878863372321188e+00,-5.769831916830607810e+00,1.764428601278085873e+00
2.694808898444613909e+00,-5.773216707170979234e+00,1.589828669693328145e+00
2.694062001463883416e+00,-5.776052411472099024e+00,1.399206766162139459e+00
2.692460863956865680e+00,-5.778818895852535498e+00,1.207922594110142134e+00
2.690672126745630166e+00,-5.781236346836180040e+00,9.961274886448860943e-01
2.688715796771499633e+00,-5.782453234088114513e+00,7.294530942589136924e-01
2.687460669270304692e+00,-5.782865075481629979e+00,5.413188008777479743e-01
2.686261786231553650e+00,-5.783161028471628384e+00,3.666823555549343916e-01
2.684993167740487685e+00,-5.783210826996804776e+00,1.412585350160015241e-01
2.684929958261351501e+00,-5.783430884275213124e+00,-3.315731489504011170e-02
2.684890590594665394e+00,-5.783374696870405174e+00,-2.246125725300993081e-01
2.684991871024542842e+00,-5.782695542617244833e+00,-5.298005551021575110e-01
2.685162035775308986e+00,-5.782011801012476582e+00,-7.985969958076637454e-01
2.686185379144207186e+00,-5.782134969500756227e+00,-9.918623856287558382e-01
2.688584822008408537e+00,-5.781536866629242155e+00,-1.297590515455596671e+00
2.691723925563162645e+00,-5.782136353474037982e+00,-1.563529109118576566e+00
2.694372430615078251e+00,-5.783037347024989394e+00,-1.750740025781269971e+00
2.697662276884233101e+00,-5.784614288397331272e+00,-1.953819166914001482e+00
2.700389429680517317e+00,-5.786515415508963756e+00,-2.133683499553989726e+00
2.704077046084071068e+00,-5.789664955523406320e+00,-2.376519894724791637e+00
2.708116486130204947e+00,-5.793974454558454390e+00,-2.640146549332889059e+00
2.711274566228961902e+00,-5.798698956414116701e+00,-2.865936673107644772e+00
2.714018113133855437e+00,-5.803411156724759046e+00,-3.097520419611195397e+00
2.716804781389300150e+00,-5.808690161418200937e+00,2.939344367368846633e+00
2.718966429350185177e+00,-5.813786981769028195e+00,2.723003314810346076e+00
2.720301671097688612e+00,-5.819216238171121880e+00,2.490347535334606288e+00
2.721291138405963039e+00,-5.824927930241885932e+00,2.242651382606038801e+00
2.721639083971097772e+00,-5.830269061729450364e+00,2.024339440555949832e+00
2.721414306779907477e+00,-5.835398352124210319e+00,1.775123154667173520e+00
2.720524273937979576e+00,-5.839650474514645140e+00,1.559693664566738303e+00
2.719098626377806749e+00,-5.843205718994012088e+00,1.329095428692484093e+00
2.717270072342195419e+00,-5.846507267142482256e+00,1.110593624208878749e+00
2.715276540571807118e+00,-5.849066069717319571e+00,8.623231923559634415e-01
2.713977741627130236e+00,-5.849990849813829996e+00,6.340647500658598279e-01
2.712219770697778198e+00,-5.850072045196293757e+00,3.863567660841851770e-01
2.711642277768428588e+00,-5.850700145575783218e+00,1.700433000482360069e-01
2.711326001265909280e+00,-5.850818621490605942e+00,-8.064047098256349466e-02
2.711287750633827986e+00,-5.850669987660171323e+00,-2.977668028252084542e-01
2.711767385224006510e+00,-5.850611134213405506e+00,-5.289967164428506230e-01
2.712344506261064492e+00,-5.850925688267883729e+00,-7.456133368598503175e-01
2.713126407653617012e+00,-5.850665870816746050e+00,-9.949622363271192205e-01
2.714740541780250371e+00,-5.850863002128724233e+00,-1.224808813768024196e+00
2.717215452801100106e+00,-5.851192530894348209e+00,-1.471353721225426403e+00
2.719849775252697999e+00,-5.852522290698752627e+00,-1.686425769408813613e+00
2.723845970418292239e+00,-5.854404075771614480e+00,-1.934247744456746521e+00
2.727463496363318640e+00,-5.856600277473174465e+00,-2.153580180507056241e+00
2.730973143067090714e+00,-5.859919618534517483e+00,-2.385640256225434186e+00
2.734996121548032733e+00,-5.863994188454412892e+00,-2.623031036523847614e+00
2.741190989617655838e+00,-5.873859128201692315e+00,-2.798449912375105875e+00
2.744640015698332824e+00,-5.881048130400937879e+00,-2.979910348789224006e+00
2.747362193858501556e+00,-5.886505188165489066e+00,3.114610133301288108e+00
2.749243998504701025e+00,-5.891713954419234511e+00,2.935136960978558029e+00
2.751230005438286330e+00,-5.896603017936710600e+00,2.750610210522094867e+00
2.753864358054577188e+00,-5.906334123431590477e+00,2.574298502806195099e+00
2.755494894334938660e+00,-5.914323020649617568e+00,2.393251609766747556e+00
2.722851518930431425e+00,-5.885036152344494731e+00,2.247823966133413176e+00
2.700117614418322098e+00,-5.852987740370370062e+00,2.111762450818245540e+00
2.701906041549279713e+00,-5.856732895694891639e+00,2.191610732549135854e+00
2.646086445865614145e+00,-5.777053045771495476e+00,2.160856175794172440e+00
2.589451665752812826e+00,-5.692663369724804134e+00,2.158639947563766981e+00
2.532306457010304435e+00,-5.607433802236570841e+00,2.156445891668330450e+00
2.474407977183757268e+00,-5.520133806613323202e+00,2.152990898712278334e+00
2.417686982125348383e+00,-5.433906562499420723e+00,2.149732818808657964e+00
2.358044674197779411e+00,-5.341994424924615181e+00,2.145468191635591992e+00
2.301935181356013604e+00,-5.255228545580329147e+00,2.143857123610792836e+00
2.251381005938434932e+00,-5.176527268448693597e+00,2.142621129852427586e+00
2.239412766613530170e+00,-5.161146479251850216e+00,1.978055789339858928e+00
2.240178999132392601e+00,-5.164231882472832602e+00,1.796713160273316845e+00
2.234438255038649235e+00,-5.112546119306301762e+00,1.662988877971649071e+00
2.235436361768407210e+00,-5.109848736639529321e+00,1.802105337498674187e+00
2.234180708681096750e+00,-5.106498362102106725e+00,1.681846293471018550e+00
2.227083919327633499e+00,-5.010776768150071447e+00,1.536965261644467340e+00
2.236694874858709881e+00,-4.950604487894352701e+00,1.370811538886058001e+00
2.257934349485822167e+00,-4.893143083664670989e+00,1.187138663898191338e+00
2.291221589825664040e+00,-4.837241078338596623e+00,9.977905560060243984e-01
2.317758116555722836e+00,-4.807556159378706617e+00,9.459186161577232133e-01
2.320625427152859910e+00,-4.807245052742310065e+00,1.126845128706606802e+00
2.323602754502774648e+00,-4.806786420752560574e+00,1.320787927764465852e+00
2.326121847269463583e+00,-4.805811415285928589e+00,1.498721124101801694e+00
2.328910716916712254e+00,-4.777664611428991570e+00,1.643203338489463983e+00
2.326037127788597836e+00,-4.736091951751169482e+00,1.818341373167214892e+00
2.313669667806252939e+00,-4.696716834744150582e+00,1.995293155178394562e+00
2.304723027062726359e+00,-4.676638826270100857e+00,2.173725735391677016e+00
2.273122952364529770e+00,-4.633553074260133187e+00,2.302939638458881610e+00
2.241436033334315514e+00,-4.602114826621487076e+00,2.471901899077912468e+00
2.159548609677232278e+00,-4.547643554186403314e+00,2.588784225729528821e+00
2.072155463936331987e+00,-4.494278330496308094e+00,2.601638867083263751e+00
2.028024891125677076e+00,-4.466723755153248376e+00,2.758924956646146232e+00
2.026010806648248952e+00,-4.462621518290701417e+00,2.935404502271832694e+00
2.024762753488360101e+00,-4.459754950582146549e+00,3.128357644582343333e+00
2.023293292740020011e+00,-4.456924691950834294e+00,-2.979340009735670591e+00
2.021448949094933223e+00,-4.454684990525256794e+00,-2.803520894252705009e+00
1.998161317747983112e+00,-4.459246390280468653e+00,-2.627747978585434296e+00
1.937506922534192100e+00,-4.493232541188952212e+00,-2.479474201954457779e+00
1.891110110137585787e+00,-4.530962499920226705e+00,-2.294997396269613965e+00
1.861620867501095899e+00,-4.565184454862552421e+00,-2.109838069322562681e+00
1.839625528659156295e+00,-4.603156884996695730e+00,-1.930553648810581668e+00
1.829100292208254430e+00,-4.622617757706546371e+00,-1.747456672562735402e+00
1.824673166627951204e+00,-4.621263963068693137e+00,-1.575703673806299721e+00
1.821533516499398875e+00,-4.620888392040023440e+00,-1.396961447373634480e+00
1.819060329154857936e+00,-4.621251964679665036e+00,-1.201758522432751164e+00
1.817358587389323876e+00,-4.621736941003540267e+00,-9.995609742163440448e-01
1.816330264285455742e+00,-4.622772258016918379e+00,-7.754909522275775791e-01
1.815419711779062029e+00,-4.624038820241941572e+00,-5.631917001741357787e-01
1.815055009769188654e+00,-4.625654727899093821e+00,-3.349332289724738509e-01
1.815258514067275897e+00,-4.627219599408132211e+00,-1.497709384176391378e-01
1.815926207026670847e+00,-4.629550651258770522e+00,1.136132929355727489e-01
1.817345912004062480e+00,-4.631556921300110652e+00,3.670204847619319422e-01
1.818620802123326108e+00,-4.632566216724915975e+00,5.729024807144673659e-01
1.820035498130694540e+00,-4.633213669592859851e+00,7.644377113642119026e-01
1.821539555837804247e+00,-4.633357249580361881e+00,9.481073585291206474e-01
1.822951823150084527e+00,-4.632688068046419971e+00,1.127123479173318898e+00
1.824489993303276769e+00,-4.631563583087569214e+00,1.337897149689195375e+00
1.825632457286019639e+00,-4.629994820161725144e+00,1.528959771921144517e+00
1.826255798367931726e+00,-4.628111680742652112e+00,1.713693140385077918e+00
1.826946404849986383e+00,-4.625821346830695902e+00,1.894642069876369073e+00
1.826982356388516360e+00,-4.622742956509680923e+00,2.108665315799578721e+00
1.826472653648518518e+00,-4.620090168293737420e+00,2.299623125092693954e+00
1.825981091422371749e+00,-4.616616041058482445e+00,2.495771414820108891e+00
1.824705806337751923e+00,-4.613320943585129008e+00,2.759186038671736618e+00
1.823170542008762940e+00,-4.610345048798117240e+00,2.970194158654391625e+00
1.821031374528300883e+00,-4.607716247529530129e+00,-3.121240217733129541e+00
1.817850238234871796e+00,-4.604397837187914178e+00,-2.880604208166396951e+00
1.750166052460569110e+00,-4.623430532903111789e+00,-2.710996279408840692e+00
1.721973148683910271e+00,-4.634410362624478807e+00,-2.523822101570842413e+00
1.702091482767325026e+00,-4.645426235111611568e+00,-2.337825043369500477e+00
1.684904442363773791e+00,-4.659754763540152389e+00,-2.149274143968435524e+00
1.671023093999112863e+00,-4.676326423193275517e+00,-1.962297179398980518e+00
1.661378288319379060e+00,-4.694800338557281627e+00,-1.774265174987633920e+00
1.655990454350949603e+00,-4.714550934417167660e+00,-1.585271869790553012e+00
1.654497546445783396e+00,-4.735181276683096740e+00,-1.397842402299891207e+00
1.657803264449719816e+00,-4.755568214116647319e+00,-1.209022504836135159e+00
1.665568051825138562e+00,-4.776435780458029967e+00,-1.024931816336510648e+00
1.676821293005877678e+00,-4.795231889851500284e+00,-8.439394707609667590e-01
1.691092224653703902e+00,-4.811940442289937891e+00,-6.627934733231388709e-01
1.708194692557513550e+00,-4.826134383090471047e+00,-4.809294770228451643e-01
1.727342175654672740e+00,-4.837174071755415028e+00,-2.998450285973432994e-01
1.748060146687753669e+00,-4.844306306468178391e+00,-1.175788374722670782e-01
1.769563845400823787e+00,-4.847763880594477826e+00,6.381379752808423456e-02
1.791133444542100328e+00,-4.847373072843503827e+00,2.448298022083021663e-01
1.812478821340635093e+00,-4.843422626078213611e+00,4.264306329453123046e-01
1.832321855555120393e+00,-4.835874641313420597e+00,6.051144345446588524e-01
1.850484844152457065e+00,-4.825401064821475572e+00,7.800812071472738030e-01
1.866191258303121048e+00,-4.811724575871747511e+00,9.573482596245652676e-01
1.878593947082801030e+00,-4.795150927568004207e+00,1.134846805976152728e+00
1.887996086829452524e+00,-4.776674349150772159e+00,1.308770886018970181e+00
1.893676794323065904e+00,-4.756169992311723327e+00,1.486567707272243188e+00
1.894792025680039904e+00,-4.734718390077788719e+00,1.664944125574004508e+00
1.891661628787144389e+00,-4.712989954507475154e+00,1.844603869314037636e+00
1.884040249702167769e+00,-4.691134920930331020e+00,2.027389772854053085e+00
1.872279191886090377e+00,-4.670500725324009395e+00,2.210664489785949982e+00
1.856588494553921054e+00,-4.652027204753196976e+00,2.394402925972889840e+00
1.837633218704433524e+00,-4.635888187312723119e+00,2.582002959542619269e+00
1.816548165814905191e+00,-4.622983017442058085e+00,2.766341317404847455e+00
1.793778667180618624e+00,-4.613934702273896349e+00,2.951406180461048301e+00
1.770020903454286865e+00,-4.608663580716942043e+00,3.136855826080697351e+00
1.745973318135854990e+00,-4.607689295900311954e+00,-2.961728800854028343e+00
1.721809151430400364e+00,-4.610660468223117370e+00,-2.775556039673120701e+00
1.699114812783823369e+00,-4.617438420745191507e+00,-2.589806347188561730e+00
1.678338697698716242e+00,-4.627830049008909263e+00,-2.404823714832631687e+00
1.659872026663144817e+00,-4.641450321755717923e+00,-2.218201872275253894e+00
1.644432233607544536e+00,-4.657814171460245234e+00,-2.029344198997503845e+00
1.633042292967368692e+00,-4.675681309026780141e+00,-1.845348246104339562e+00
1.625714094923505382e+00,-4.695367320324359106e+00,-1.656469339986357259e+00
1.622138812044257028e+00,-4.716096820500255582e+00,-1.470038097247408970e+00
1.622792787281540416e+00,-4.737245934589592977e+00,-1.284769749370593406e+00
1.627706823354414301e+00,-4.757803149886867367e+00,-1.097356572297713884e+00
1.637345843156637226e+00,-4.777226663550688812e+00,-9.088724806212437057e-01
1.650070184757413294e+00,-4.794081028782932741e+00,-7.223635760295068486e-01
1.666008416777129408e+00,-4.808916470207524441e+00,-5.341989343296242865e-01
1.684526729544009838e+00,-4.820490607756222623e+00,-3.461983598090547232e-01
1.705902934873313903e+00,-4.829728433736089066e+00,-1.730017319099131923e-01
1.728394887876881336e+00,-4.835386996183442143e+00,1.322663417602717344e-03
1.751288758317758099e+00,-4.837511867618371042e+00,1.763421026246722034e-01
1.773584327807200989e+00,-4.835707686342669120e+00,3.509206055403948366e-01
1.795126277319218699e+00,-4.830356379969070524e+00,5.258463315065475818e-01
1.815309120169760870e+00,-4.822007642449952058e+00,6.984845482071052603e-01
1.833199351491228368e+00,-4.810652800744830593e+00,8.711317741877506737e-01
1.848603000765164595e+00,-4.795952226560389775e+00,1.044321425385807300e+00
1.860166474141259574e+00,-4.778802584335725356e+00,1.218045373165217660e+00
1.868284609961207599e+00,-4.759782883019794575e+00,1.391752478209863808e+00
1.872410992660810569e+00,-4.739428397696065609e+00,1.565366089076320577e+00
1.872468792578971586e+00,-4.718434328865205529e+00,1.739060261979273880e+00
1.868046006458372599e+00,-4.697310141665149708e+00,1.915849355773341145e+00
1.859220193323267267e+00,-4.676341996705805748e+00,2.097118106754666922e+00
1.844895241090674265e+00,-4.656383561569868768e+00,2.284071802954547259e+00
1.825534669447764768e+00,-4.638839247429015877e+00,2.475452328731385876e+00
1.803307114329535610e+00,-4.623988626811414981e+00,2.667746758477406388e+00
1.779090218420187997e+00,-4.612098337676282078e+00,2.855261792975037682e+00
1.753619994151278449e+00,-4.604453204752608109e+00,3.043917086278132622e+00
1.727340620220395140e+00,-4.601053925336849204e+00,-3.049357338041938092e+00
1.700990094876395853e+00,-4.601597650191656008e+00,-2.861801933746889848e+00
1.675283304467602097e+00,-4.606275340693748888e+00,-2.670388341681430244e+00
1.639486477868389303e+00,-4.622847631921069400e+00,-2.478928160114607593e+00
1.605522713665229473e+00,-4.646887249086496752e+00,-2.294440165107704654e+00
1.576687646754447947e+00,-4.676064631727953724e+00,-2.103644070718136305e+00
1.555117501480062003e+00,-4.707607950603854619e+00,-1.921294137205612929e+00
1.540081227735726310e+00,-4.743052266823402974e+00,-1.728664740786880483e+00
1.531905815575944851e+00,-4.779932524859258791e+00,-1.541104963182380994e+00
1.531140682246703966e+00,-4.816096182623613053e+00,-1.353661369278357451e+00
1.537901117628658332e+00,-4.852394385166735269e+00,-1.164351421422093802e+00
1.550989645054156263e+00,-4.884519499761804440e+00,-9.764056011584439920e-01
1.570621603523081555e+00,-4.913225004873050139e+00,-7.887665407711691445e-01
1.595657997701846798e+00,-4.937628763989027725e+00,-5.942103231903198557e-01
1.624708185437623298e+00,-4.955557660090606831e+00,-4.073349291398838945e-01
1.657788866238752101e+00,-4.967611130852799484e+00,-2.128046425615635895e-01
1.693624885010079462e+00,-4.973494990156388518e+00,-3.183730486049374947e-02
1.729253139793529792e+00,-4.972606900333136792e+00,1.467679989319545797e-01
1.765604841401985370e+00,-4.965072573728017247e+00,3.284493148850825550e-01
1.776761940425542807e+00,-4.962307653245070505e+00,5.095265177290244640e-01
1.776749192366972263e+00,-4.964085217926763605e+00,6.919332466596126441e-01
1.777146659631005488e+00,-4.965163592333443177e+00,8.774864587447983588e-01
1.777640910618658809e+00,-4.965683221914187762e+00,1.053318894723970223e+00
1.777969582530935844e+00,-4.965472917706060585e+00,1.228547415734362547e+00
1.778892948486320069e+00,-4.964956195158605645e+00,1.430160885992851627e+00
1.779765835893443171e+00,-4.964443205735166842e+00,1.606950460058009122e+00
1.780487704872233401e+00,-4.962716314838261589e+00,1.845056147916757538e+00
1.780486179587842166e+00,-4.960997875564432391e+00,2.025674495652691753e+00
1.779871151446157151e+00,-4.959057918852432856e+00,2.200696091100126317e+00
1.779219111769610562e+00,-4.957068305512531303e+00,2.396534581389368146e+00
1.778267861638253233e+00,-4.954803650601820486e+00,2.604711733589019751e+00
1.776826602776896413e+00,-4.952854525187726509e+00,2.786448563634140729e+00
1.774966488523759045e+00,-4.950729435653926203e+00,2.994402224811000046e+00
1.772702463104789627e+00,-4.948926742501172704e+00,-3.107408076515110196e+00
1.770178155055635694e+00,-4.946759285720728094e+00,-2.899096669887029520e+00
1.759061829309234160e+00,-4.947837698815716223e+00,-2.747436082485920306e+00
1.659855813769963051e+00,-4.989004022954348194e+00,-2.748548151081462887e+00
1.559034883285041584e+00,-5.030949431323946008e+00,-2.748604192874058327e+00
1.544108126345820953e+00,-5.034904199726724983e+00,-2.574920067495852116e+00
1.540893407305432561e+00,-5.033804947623754522e+00,-2.378614485604993334e+00
1.537384513501943051e+00,-5.033267394233789993e+00,-2.169243794259922975e+00
1.534290327096890616e+00,-5.033030718356528155e+00,-1.990922365852413112e+00
1.530832502971602338e+00,-5.033562942622277880e+00,-1.777653369899018010e+00
1.526817553293934315e+00,-5.035735626889485061e+00,-1.602242324928864869e+00
1.525993496265961369e+00,-5.118556602107858566e+00,-1.451896775263109118e+00
1.534265493169064687e+00,-5.169446012800669621e+00,-1.268024956481016208e+00
1.539050608109209906e+00,-5.186323684748595397e+00,-1.336518058749273985e+00
1.549361703471850982e+00,-5.222960510641377674e+00,-1.187771499087817206e+00
1.586098430881694332e+00,-5.319836720609198544e+00,-1.186010764786872063e+00
1.623011244783831186e+00,-5.416201658789220552e+00,-1.184132546540870745e+00
1.661826185539747147e+00,-5.514103310713880823e+00,-1.180736398107551155e+00
1.669055859654019480e+00,-5.532879873979530849e+00,-1.366668969931779554e+00
1.669810571696425994e+00,-5.532952238906796438e+00,-1.541575429533842856e+00
1.671043074637520665e+00,-5.532949062880685887e+00,-1.774659230349749039e+00
1.672678917135749233e+00,-5.533271504708057620e+00,-1.966479299383455448e+00
1.675053176412110378e+00,-5.534255683198665565e+00,-2.157884914233739071e+00
1.676393613983861552e+00,-5.535432923030832342e+00,-2.353526194948039940e+00
1.678435628659576739e+00,-5.536548405165190978e+00,-2.536981018876474536e+00
1.680135662379313333e+00,-5.538210815788278119e+00,-2.764164539821601263e+00
1.681685509048871596e+00,-5.540773256353438647e+00,-3.034458563327078195e+00
1.682204499191627400e+00,-5.543423872324904522e+00,2.999686550184265332e+00
1.682603575577437116e+00,-5.545936346025166053e+00,2.812126012510165030e+00
1.683020340324524744e+00,-5.548018700372851164e+00,2.606071581990272445e+00
1.682759498373066265e+00,-5.550071606961742177e+00,2.420207663130509612e+00
1.682403408905217557e+00,-5.553388443029085408e+00,2.152359733514551010e+00
1.681184569599587286e+00,-5.555281586273377314e+00,1.965195234009867731e+00
1.679348042994352586e+00,-5.557427859048649665e+00,1.752332458897845280e+00
1.677325441295119957e+00,-5.559000450112654867e+00,1.565556526363995671e+00
1.675067859128310799e+00,-5.560056367504893515e+00,1.391455494731294262e+00
1.672333545276594169e+00,-5.560717652794388677e+00,1.204987550605376878e+00
1.669272492771239680e+00,-5.560477342497818221e+00,9.904216076773886268e-01
1.666155961565167098e+00,-5.559768818087919229e+00,8.046952707688429518e-01
1.663653988695234176e+00,-5.558649976214395494e+00,6.301437180097022583e-01
1.660598753356030466e+00,-5.557637376708490784e+00,4.498718863163070902e-01
1.657777071829879212e+00,-5.556035621986609385e+00,2.489546043806377118e-01
1.655236519361037661e+00,-5.553531706917411270e+00,5.650829126436262076e-03
1.652927761656979522e+00,-5.551122538758251679e+00,-2.401938675509765753e-01
1.651218175562599200e+00,-5.549344832264224259e+00,-4.202373351617499919e-01
1.649746912985031067e+00,-5.546725394145893162e+00,-6.445693300723578378e-01
1.648749251789358050e+00,-5.544491613879452885e+00,-8.671583052668048186e-01
1.648265565735787863e+00,-5.542321142217670804e+00,-1.108795496712869033e+00
1.648730928267120976e+00,-5.540566840964083362e+00,-1.314933532459833909e+00
1.649455728273210742e+00,-5.539328710032114245e+00,-1.518905653919228493e+00
1.650775319215134651e+00,-5.538427159233315855e+00,-1.725517691662341369e+00
1.651788486860349403e+00,-5.538375016477644408e+00,-1.910890268373906853e+00
1.650932366495444281e+00,-5.540994242052469154e+00,-1.879393086151484038e+00
1.648480267719784065e+00,-5.542892157153334942e+00,-1.698086501828509398e+00
1.646239578486056621e+00,-5.545444185912075774e+00,-1.506094710303002460e+00
1.644207142657127196e+00,-5.547324859749307002e+00,-1.321407669466110324e+00
1.642643433015172905e+00,-5.549781158822387539e+00,-1.143142289022519575e+00
1.689276397269762420e+00,-5.638430765006996026e+00,-1.000643835748516564e+00
1.748091580222690622e+00,-5.720653638458565560e+00,-8.764002200979917889e-01
1.816576818164621132e+00,-5.798370586218773326e+00,-8.266346464335414534e-01
1.886160374527583672e+00,-5.877383745278202731e+00,-8.312643251953388823e-01
1.919252790110899776e+00,-5.915184233809866576e+00,-1.002380824713922092e+00
1.919457899347005947e+00,-5.915295535066680266e+00,-1.195415572435573281e+00
1.920068498728393802e+00,-5.914893795224263506e+00,-1.376524298323325901e+00
1.921608452349791829e+00,-5.915057503614264967e+00,-1.561480766972912715e+00
1.923242174112965053e+00,-5.915199390014795888e+00,-1.764273027451330744e+00
1.925075260016436252e+00,-5.915959409618533726e+00,-1.946837683659050633e+00
1.927084992056428137e+00,-5.917368073114367633e+00,-2.140598924583060114e+00
1.928711635505658384e+00,-5.919416601638405773e+00,-2.318872949938531658e+00
1.930288628937338435e+00,-5.921365920360059043e+00,-2.504644069195759215e+00
1.931953293048095599e+00,-5.923652101331088105e+00,-2.694648696372955676e+00
1.933317425781167831e+00,-5.926556007378785296e+00,-2.876524656960845583e+00
1.934486169321003812e+00,-5.929659290510497449e+00,-3.074431460013053563e+00
1.935044585562665009e+00,-5.932788276328067489e+00,3.031928382391156251e+00
1.935642205855531817e+00,-5.935806937200843514e+00,2.850647286761352817e+00
1.936219800196737451e+00,-5.938658872326583626e+00,2.673343588936178072e+00
1.936380004873009986e+00,-5.941287712179337710e+00,2.497199133946119254e+00
1.936018934196874985e+00,-5.943927510005879711e+00,2.320772505010059827e+00
1.934719055035408530e+00,-5.947150603561716764e+00,2.121468181162057043e+00
1.932765170908000263e+00,-5.949648320832428894e+00,1.922525441585301031e+00
1.930404707266254682e+00,-5.952123393045130939e+00,1.724003756924890940e+00
1.927380218540179380e+00,-5.954211012720485030e+00,1.551382891840082490e+00
1.924126161103952626e+00,-5.956214462960861766e+00,1.357848176068643165e+00
1.920456845901073351e+00,-5.957789883834473166e+00,1.171583081681841776e+00
1.917102302986256612e+00,-5.958797447649529566e+00,9.954525514589879220e-01
1.913855967485221354e+00,-5.959401513197088107e+00,8.236563178406489660e-01
1.910100599947303079e+00,-5.959792070042963630e+00,6.275407757518780549e-01
1.906300950788571313e+00,-5.959467391693751281e+00,4.346543319879764278e-01
1.903096593522066504e+00,-5.958982328082120361e+00,2.616430730405089888e-01
1.900236972677871172e+00,-5.958096999434455476e+00,9.126725340745654724e-02
1.897373925347256129e+00,-5.957256426041988462e+00,-7.946047672246926707e-02
1.894818821446415003e+00,-5.956688525874966444e+00,-2.542113043404962691e-01
1.892376097203732010e+00,-5.956082790269929816e+00,-4.286369954845410946e-01
1.913599508783294434e+00,-5.971511495624091559e+00,-4.812206582940512511e-01
1.934464007305563671e+00,-5.984937246263775101e+00,-5.083899961985542948e-01
1.945520337580648240e+00,-5.994713325230490497e+00,-6.658549437251626291e-01
2.020961964178200176e+00,-6.059815116705092208e+00,-6.563942722896373150e-01
2.095373892073132627e+00,-6.121111986045920439e+00,-6.355085017791057833e-01
2.132189694319067907e+00,-6.150960381645861119e+00,-7.960272828580834403e-01
2.130240434160235896e+00,-6.150737002989425939e+00,-9.861939877197358761e-01
2.129359050126591768e+00,-6.150141950006554836e+00,-1.184082939930883205e+00
2.129295636831428862e+00,-6.149350893142095487e+00,-1.389758617718988676e+00
2.129393271564546719e+00,-6.148963303655271773e+00,-1.561361078120603318e+00
2.130268382024929075e+00,-6.148403889211896178e+00,-1.776353690439105959e+00
2.131319591855390438e+00,-6.148420376370977714e+00,-1.987610347450325499e+00
2.132482077121208075e+00,-6.149187000389553681e+00,-2.181622506887644253e+00
2.134015452322380213e+00,-6.150096570743036395e+00,-2.362907181739984708e+00
2.134966184232192088e+00,-6.151600987066337289e+00,-2.566108107291510620e+00
2.136305043767233514e+00,-6.153850845657691693e+00,-2.788074518314823891e+00
2.136910176459392297e+00,-6.156257418639458301e+00,-2.982659579215889423e+00
2.137359704908314395e+00,-6.158606013367576182e+00,3.106608751491324760e+00
2.137356815144057176e+00,-6.161352899802089667e+00,2.881960811395287259e+00
2.137608833957418408e+00,-6.163979426338660694e+00,2.672969375622402222e+00
2.137211683505541693e+00,-6.166818703612563901e+00,2.450001672721441981e+00
2.136256413659295639e+00,-6.169430273831817857e+00,2.256420580541671050e+00
2.134367166337187260e+00,-6.172367450056808202e+00,2.034650700872200790e+00
2.131886896801529652e+00,-6.174664024193121215e+00,1.825179684647486367e+00
2.129670176028838569e+00,-6.176343315082621466e+00,1.631787878126640390e+00
2.126747491369676002e+00,-6.177994333973110486e+00,1.437825276634628002e+00
2.123085756976926142e+00,-6.179509143777454305e+00,1.252726006938910119e+00
2.120138374121399494e+00,-6.180163969695069426e+00,1.431397144586814330e+00
2.118073050177653460e+00,-6.181400690453162206e+00,1.578460754143037548e+00
2.116080661671414731e+00,-6.184488573077129736e+00,1.385666762329985646e+00
2.113570200610893846e+00,-6.186691709355351954e+00,1.179642000289059522e+00
2.110857966739930092e+00,-6.188369389538229015e+00,9.925363859237815722e-01
2.108209718612266581e+00,-6.189779677656863655e+00,7.808071412599957295e-01
2.105736578794184410e+00,-6.190947272576605265e+00,5.809420478549983669e-01
2.103255349230274796e+00,-6.191480162406734600e+00,3.932898739088029894e-01
2.101317977163893680e+00,-6.192142190668788793e+00,2.120149148348604295e-01
2.099551846522044851e+00,-6.192276938970001865e+00,2.322497872568349275e-02
2.098043808120970688e+00,-6.192541352555640977e+00,-1.613739392484916380e-01
2.128795597790448468e+00,-6.200958835952273596e+00,-2.867066829119080396e-01
2.158972446363216946e+00,-6.210289862589629450e+00,-1.573564461605877762e-01
2.161256702865645085e+00,-6.210287906250643530e+00,-3.496437786028600003e-01
2.163214908127765401e+00,-6.209907075576347246e+00,-5.413753261666175431e-01
2.164888696171366256e+00,-6.209132459704807872e+00,-7.212236803642148031e-01
2.169648789988426696e+00,-6.210779008556314373e+00,-6.733707873578641534e-01
2.176541706001985599e+00,-6.213629205962073243e+00,-5.039272015299470775e-01
2.182417508265707795e+00,-6.214047979017404799e+00,-6.403677272073301507e-01
2.185812795947992715e+00,-6.213358795895853603e+00,-8.369025988375977665e-01
2.189098074211360156e+00,-6.212598083798789972e+00,-1.024676855733077208e+00
2.247360397324177139e+00,-6.301154965384676565e+00,-1.074297446567217706e+00
2.265373591046679458e+00,-6.319600516249805899e+00,-1.266912803576385471e+00
2.268441178175674811e+00,-6.320400329704607856e+00,-1.467823682945103458e+00
2.270622366065284226e+00,-6.321336283169601167e+00,-1.669394028631677518e+00
2.274007922215826483e+00,-6.322747162572894375e+00,-1.885105757923217551e+00
2.276643362297689599e+00,-6.324581912612946333e+00,-2.075858366099153862e+00
2.279794406186331557e+00,-6.327146126018423189e+00,-2.275295437670997512e+00
2.282504739710112585e+00,-6.330480369622110359e+00,-2.506933328876272959e+00
2.285653956134985343e+00,-6.333812770560264482e+00,-2.731693500091779025e+00
2.288723063042553907e+00,-6.337375599680187932e+00,-2.967025718067811013e+00
2.291150457914200356e+00,-6.340917415581385441e+00,3.094892632902619845e+00
2.293060096919690150e+00,-6.344920730918140350e+00,2.860695590095240437e+00
2.294954791475201983e+00,-6.348701993979172897e+00,2.638358514244515618e+00
2.227676534075993420e+00,-6.307559645049623853e+00,2.441715434530118412e+00
2.202783926567045913e+00,-6.282769554689230596e+00,2.247350365567024610e+00
2.145491801918480768e+00,-6.206497948643300511e+00,2.175388328724153997e+00
2.083582083047707645e+00,-6.132917166953680166e+00,2.243021706623500755e+00
2.022581344011777027e+00,-6.062576920491600241e+00,2.223239999610253204e+00
1.962492784798633982e+00,-5.988028802925946970e+00,2.207757074174105938e+00
1.901533849144895871e+00,-5.911060663302711404e+00,2.211115497836302346e+00
1.836176328965888116e+00,-5.830148194690569774e+00,2.217797394824943868e+00
1.773676394907185427e+00,-5.752074529043570195e+00,2.217393613115498319e+00
1.716599323193583881e+00,-5.670205885353350794e+00,2.099788985335170999e+00
1.692607209461375994e+00,-5.617277748939920379e+00,1.917517678515342716e+00
1.678156818810550011e+00,-5.551224999354201550e+00,1.739923474317943253e+00
1.664074578274195026e+00,-5.454261336409215843e+00,1.723032322146922146e+00
1.652426506421253771e+00,-5.353166565760304252e+00,1.656218616620535489e+00
1.655015404740195040e+00,-5.298552169899055642e+00,1.474151854397922179e+00
1.671534931492153264e+00,-5.226140109765300856e+00,1.296704009535466051e+00
1.691927262127415510e+00,-5.177050732748708306e+00,1.118865606841857874e+00
1.730478612808938887e+00,-5.117634003531004616e+00,9.546509801965189501e-01
1.780265327336300496e+00,-5.045894594795049315e+00,8.078684414999738328e-01
1.779318722141477682e+00,-5.045556769239698980e+00,6.408506366619478589e-01
1.778350451293063905e+00,-5.044209199512192043e+00,4.541444622447441404e-01
1.777229675255096453e+00,-5.042845358067007844e+00,2.724903635459398066e-01
1.777044323988498320e+00,-5.042681876902434190e+00,2.486929491975039819e-01
1.778990008991267135e+00,-5.044369953500067894e+00,4.477626528169005860e-01
1.780953338559846166e+00,-5.046275469489881260e+00,6.450082307067094289e-01
1.783291696076948707e+00,-5.047140254244344426e+00,8.286606394373108309e-01
1.785900524068423367e+00,-5.047945692917488181e+00,1.009128866963697080e+00
1.802217948597005126e+00,-5.024066234776416451e+00,1.111448711265497602e+00
1.814347647707373445e+00,-5.005069877680532464e+00,9.211663460539758486e-01
1.815377667853515842e+00,-5.004101972955084854e+00,9.120595360825461961e-01
