x,y,theta
3.001488044043133518e-01,-1.299509539846982031e+00,-8.334093960598231154e-01
3.134697797478286918e-01,-1.366134343604421986e+00,-7.896740997348655755e-01
3.138249476390336246e-01,-1.366441687859465848e+00,-5.822269273396925016e-01
3.139860994954770113e-01,-1.367709392944760571e+00,-3.822191765464689195e-01
3.142292151177226156e-01,-1.368251527552888369e+00,-1.524512190115841215e-01
3.143417749252973015e-01,-1.369106238781849116e+00,2.520239752516503090e-02
3.153225449372901168e-01,-1.370272985553555145e+00,2.873112676547797117e-01
3.162664139502328053e-01,-1.371851253255913727e+00,4.941292070654068613e-01
3.174914071988260145e-01,-1.372377637406297257e+00,6.784197855959747114e-01
3.294007016202723515e-01,-1.388651519236741461e+00,7.485343914062090320e-01
3.264627488083670648e-01,-1.383666880372066643e+00,5.745599702925782148e-01
3.250429011204202245e-01,-1.380952610673580772e+00,5.434743018317771401e-01
3.347201173665185214e-01,-1.388747342390665995e+00,7.230287383040856497e-01
3.430640481856917501e-01,-1.394473241447618195e+00,8.973415695964478411e-01
3.469283465409203626e-01,-1.391633211877225884e+00,1.075492462204741262e+00
3.510972268988790668e-01,-1.388601463452014073e+00,1.252648166552868814e+00
3.557512887762301901e-01,-1.384806395787441247e+00,1.452010040635790311e+00
3.602168751422419324e-01,-1.381182693388860905e+00,1.629782908862615898e+00
3.653088398011006266e-01,-1.377490551326901569e+00,1.828343954470899035e+00
3.687038011736326615e-01,-1.372800635465873720e+00,2.030478524640867199e+00
3.720759173790314511e-01,-1.367946217564295130e+00,2.232727131305835666e+00
3.746261235978848303e-01,-1.363580108581090355e+00,2.413642388106240322e+00
3.768938499036435519e-01,-1.358654461331985530e+00,2.616049554424653589e+00
3.789351874189439418e-01,-1.353431024921535775e+00,2.815868514425173164e+00
3.807190627044463871e-01,-1.348847349553573993e+00,3.006520720831073579e+00
3.817181323850270536e-01,-1.355052149327013566e+00,-3.089813552937423324e+00
3.833813635694845456e-01,-1.359937148396855200e+00,-2.904575082606818626e+00
3.842145028232040183e-01,-1.365708341586932661e+00,-2.711780555408372706e+00
3.813304953939422592e-01,-1.358972192861815476e+00,-2.515250380458622370e+00
3.785466084941648268e-01,-1.352516120636651609e+00,-2.341669049826530458e+00
3.756643417741102886e-01,-1.345487340488009220e+00,-2.169299756948148694e+00
3.728336951698401069e-01,-1.339570054458911752e+00,-1.994840683573010143e+00
3.691620610606539676e-01,-1.333291525815665235e+00,-1.796161462367947603e+00
3.664131388123129107e-01,-1.328594576258110393e+00,-1.598154423696945381e+00
3.633572154710517088e-01,-1.323381925175238782e+00,-1.400142403599205165e+00
3.809681322289215077e-01,-1.314567274296231769e+00,-1.142008485155357578e+00
3.992012348396271060e-01,-1.305996164762019518e+00,-8.811386357825994331e-01
4.385223880930388396e-01,-1.363982894702785886e+00,-8.751618653205760490e-01
5.148690631809403895e-01,-1.458365437856638636e+00,-8.668204234942309405e-01
5.874181279202205230e-01,-1.554176587691784572e+00,-8.667884858301333484e-01
6.583065766509537120e-01,-1.644344317112958143e+00,-8.638387245550724902e-01
7.240627260954721756e-01,-1.729690309231306067e+00,-8.564337097709886493e-01
7.294230498690423836e-01,-1.758434863003594417e+00,-6.847901840428169962e-01
7.371335391902686940e-01,-1.742427800180379016e+00,-7.155393841986626979e-01
7.307964732760143800e-01,-1.738957506194716451e+00,-8.928046292885890578e-01
7.256849572681471905e-01,-1.735494501576397841e+00,-1.069796513359283052e+00
7.219502901130055994e-01,-1.732023899074116358e+00,-1.247567376419887575e+00
7.211747511033088642e-01,-1.730391872521066077e+00,-1.418058522219473927e+00
7.206919473162861633e-01,-1.729035512710535016e+00,-1.595326866079593175e+00
7.196563042632869722e-01,-1.727447660313814248e+00,-1.758893494713650085e+00
7.167679221500086184e-01,-1.721745282757298101e+00,-1.989030211145769611e+00
7.139594624808091039e-01,-1.716619841163378846e+00,-2.220788542557528444e+00
6.992888812604208804e-01,-1.797804267918415855e+00,-2.268480206637887520e+00
6.140168458529233764e-01,-1.891939567876599781e+00,-2.264699176644992651e+00
5.377732248192659270e-01,-1.977822921806740242e+00,-2.267095627694290183e+00
5.138608148633171391e-01,-1.999361803060013543e+00,-2.103167826386860728e+00
5.106501005374323165e-01,-1.999420498638530219e+00,-1.923405427640231258e+00
5.083726085170902076e-01,-2.000315502656776712e+00,-1.753908475463705097e+00
5.071540676338435194e-01,-2.002446232511376767e+00,-1.568503215967304021e+00
5.069409934818553953e-01,-2.004883507067204196e+00,-1.389159153561073001e+00
5.073350334899412450e-01,-2.007009073392076903e+00,-1.328407325266037331e+00
5.087363577342934873e-01,-2.006434682640716005e+00,-1.504154318651346411e+00
5.112704852234010167e-01,-2.006840800000775360e+00,-1.677012369053541008e+00
5.128661230434343743e-01,-2.006730838693784325e+00,-1.857336747623525630e+00
5.065941975921085527e-01,-2.001812172077064744e+00,-2.084331394244880897e+00
5.081457556592533509e-01,-2.001931172473271570e+00,-2.276971980995174061e+00
4.516731502308944379e-01,-2.081337169669428722e+00,-2.295204627446052914e+00
4.170803355045717975e-01,-2.069793504473634194e+00,-2.251758435219202603e+00
4.317798844766675970e-01,-2.080401100811436699e+00,-1.990162655328464592e+00
4.311670109621510427e-01,-2.081924706677753534e+00,-1.795505381361718999e+00
4.454076337620656023e-01,-2.079831740438359056e+00,-1.498610231737237619e+00
4.419146558379868917e-01,-2.079195097963290717e+00,-1.346001579165062356e+00
4.384206632470949994e-01,-2.078881031693567749e+00,-1.187548639178326315e+00
4.352493572367210906e-01,-2.079210591806105679e+00,-1.024214480675976091e+00
4.336356889817681304e-01,-2.079668366762999376e+00,-8.725100193462353992e-01
4.355772654363366247e-01,-2.080316172722802559e+00,-6.830905509097223716e-01
4.385666104938730769e-01,-2.080713632666381763e+00,-4.924832662812387296e-01
4.411735660853589591e-01,-2.081136483457941555e+00,-3.115407770778060303e-01
4.441991081002565345e-01,-2.081542235213331704e+00,-1.211650193483869153e-01
4.493778327546006368e-01,-2.098233900107151495e+00,2.065845737265205317e-02
4.537612410533641838e-01,-2.112346114289688437e+00,1.749503858950724466e-01
4.496508146961895047e-01,-2.081266763852590351e+00,4.228727616782309573e-01
4.526606427993624671e-01,-2.087669855800985630e+00,5.901963601081893218e-01
4.561378557362386621e-01,-2.095742757874991202e+00,7.674024322500893058e-01
4.598941537359239051e-01,-2.103565158832326976e+00,9.427558553194389512e-01
4.636867257596179459e-01,-2.110380378771036014e+00,1.120379457109078603e+00
4.698086734078276150e-01,-2.113317702489606376e+00,1.280515028895535812e+00
4.762989156838534632e-01,-2.115576959764768894e+00,1.451148898355640204e+00
4.444380569108387080e-01,-2.111039905576914233e+00,1.724147562380685450e+00
4.465810962410706186e-01,-2.106982919557126355e+00,1.895052064267009673e+00
4.484174007585872146e-01,-2.102374656361364558e+00,2.068673773244032343e+00
4.487232820532966460e-01,-2.098687356059594222e+00,2.242593923250493670e+00
4.489628015862852650e-01,-2.094519299394100642e+00,2.413298716134008703e+00
4.485043246753765422e-01,-2.090578042033561790e+00,2.592790953351213012e+00
3.655118277850349373e-01,-2.033023118265960161e+00,2.629936968768241901e+00
3.164976793462809246e-01,-1.969656373914445480e+00,2.717540594188869729e+00
3.140038568340306480e-01,-1.991916770320429464e+00,2.623430598683032411e+00
3.176706956250802127e-01,-1.990043925331401953e+00,2.429806846961454880e+00
2.321959378492319814e-01,-1.931665479746136116e+00,2.394664368077487726e+00
1.634073311742074430e-01,-1.864980185023097148e+00,2.391629544356908887e+00
8.224339166776351018e-02,-1.795236006444728138e+00,2.400619620609178995e+00
1.827702886997034800e-04,-1.725267263744159285e+00,2.409697231007573048e+00
-8.222569495789933125e-02,-1.656818871327746745e+00,2.415060533792091402e+00
-8.944221498029851503e-02,-1.652079910338647872e+00,2.595308693977663950e+00
-9.213351207564807188e-02,-1.652692865862368965e+00,2.414074467430067372e+00
-9.498220573941582034e-02,-1.653907688789791885e+00,2.231810705477085044e+00
-9.808787782607743255e-02,-1.655475629720400077e+00,2.047227200931171165e+00
-1.018315308211028419e-01,-1.656591814388405304e+00,1.859043540415231899e+00
-1.060868813453857418e-01,-1.657824405493620645e+00,1.679077904532153775e+00
-1.111821830611875728e-01,-1.658574997071386781e+00,1.493634043927729804e+00
-1.160229542372180345e-01,-1.659303842004669960e+00,1.308581283165978659e+00
-1.211675116732914698e-01,-1.659631478386704995e+00,1.121976774074182170e+00
-1.264399121949947580e-01,-1.659420229219094933e+00,9.413401024360482650e-01
-1.318904073550397904e-01,-1.658392435652108032e+00,7.551130386704210107e-01
-1.374984167984104055e-01,-1.656952141270538359e+00,5.711918947295093751e-01
-1.428890791825905837e-01,-1.655158515669973296e+00,3.867818372522098258e-01
-1.481738922518806567e-01,-1.653043708216411556e+00,2.048523382557418393e-01
-1.531369486438136640e-01,-1.644468784271182482e+00,5.259082186682077775e-02
-1.580537168635681999e-01,-1.635648550260377698e+00,-1.086361965463009810e-01
-1.707508446026096971e-01,-1.644242529346223725e+00,-3.444828388998151247e-01
-1.674855222249864162e-01,-1.634091695450855530e+00,-5.069922368320988193e-01
-1.639339884498531574e-01,-1.624239590854830384e+00,-6.630400889103749140e-01
-1.692372710708991146e-01,-1.624651533025651462e+00,-8.599593839653060234e-01
-1.674001105645544774e-01,-1.616208859297713296e+00,-1.022302668147332838e+00
-1.714484304145344473e-01,-1.614844815371594411e+00,-1.211359705954766053e+00
-1.681281736155552098e-01,-1.597143160574369558e+00,-1.364862587879756450e+00
-1.644140210990485962e-01,-1.580357061149856301e+00,-1.513634296852557126e+00
-1.739031732743152314e-01,-1.560965012839348631e+00,-1.732921730908494773e+00
-1.714159371578156399e-01,-1.543417194042665530e+00,-1.890486251075178314e+00
-1.684186686209207806e-01,-1.525425452408028182e+00,-2.055941651355532862e+00
-1.441914908298628506e-01,-1.606840279499837099e+00,-2.227215428786829321e+00
-1.946477288479962486e-01,-1.663934267923206534e+00,-2.232168909038767968e+00
-2.589998104276605151e-01,-1.749782151316346068e+00,-2.221355870454157611e+00
-3.185208561606217570e-01,-1.826420784573333123e+00,-2.222801709431468709e+00
-3.786860826533187674e-01,-1.908991478590645885e+00,-2.214074736950070843e+00
-4.028904148448097522e-01,-1.982605739986439186e+00,-2.325720352553485082e+00
-4.079922050563167257e-01,-1.976100603491575125e+00,-2.532400378625494497e+00
-4.131176316043801977e-01,-1.970231129177170359e+00,-2.734920884855754686e+00
-4.107649468027255724e-01,-1.972512056416919402e+00,-2.919365919184468972e+00
-4.087235197412529275e-01,-1.974641492493915074e+00,-3.100060876681629107e+00
-4.065921713386217995e-01,-1.977432119201065319e+00,2.997065766651374474e+00
-4.043079850449320389e-01,-1.979929670854858159e+00,2.801149442681151847e+00
-4.023065813557542003e-01,-1.982116893973158156e+00,2.616146288161449451e+00
-4.011261399789832205e-01,-1.984519038461885376e+00,2.436042519556265162e+00
-3.998418458392410391e-01,-1.986937028931341942e+00,2.251810378507212995e+00
-3.992092099285804996e-01,-1.989253868575501016e+00,2.055379794977210128e+00
-3.992572589866792421e-01,-1.991233033070194391e+00,1.866799430339933119e+00
-3.997441334107527111e-01,-1.992966353387946699e+00,1.688098844259237952e+00
-4.006483113840552668e-01,-1.994003121433760128e+00,1.505930200959611165e+00
-4.020916912816898670e-01,-1.995171143702338279e+00,1.292330215502244251e+00
-4.034162994368650224e-01,-1.995450170519703637e+00,1.110051052766878765e+00
-4.049904261521869442e-01,-1.995272343122654446e+00,9.116633271439525954e-01
-4.065635040418005830e-01,-1.994779840805527948e+00,7.284913654176987663e-01
-4.078477611674024006e-01,-1.993739726035552495e+00,5.489420747902813424e-01
-4.089647941415157084e-01,-1.992232687005116354e+00,3.629996789639522436e-01
-4.094811759261585693e-01,-1.991008132119036267e+00,1.528172938237259970e-01
-4.098836645520106958e-01,-1.989757413860070434e+00,-2.241266619768271864e-02
-4.102392864672290140e-01,-1.988569346721362097e+00,-2.036664773500139192e-01
-4.104807360865193044e-01,-1.987379408620798316e+00,-3.829541534880915865e-01
-4.106747383517516670e-01,-1.986072112348145069e+00,-5.679227530387139788e-01
-4.108436641606623141e-01,-1.985133705284968686e+00,-7.439629347343718058e-01
-4.105968072914089051e-01,-1.983755919175122395e+00,-9.222204800821410808e-01
-4.102933374489845519e-01,-1.982508841407071509e+00,-1.103187543491643163e+00
-4.092205378700020102e-01,-1.981396283618385601e+00,-1.286998991408398352e+00
-4.072773391445863034e-01,-1.980200317209518168e+00,-1.482494828450551028e+00
-4.048272720788412826e-01,-1.979906875395977872e+00,-1.668875731854621458e+00
-4.022720266966921532e-01,-1.979535298618229966e+00,-1.848264466309488485e+00
-4.126400444105829957e-01,-1.969190031044933953e+00,-2.059839717933904524e+00
-4.225742908666345055e-01,-1.959251000088700012e+00,-2.275559526774766805e+00
-4.179998297232684346e-01,-1.964415938031882636e+00,-2.454205182870257573e+00
-4.808706338457638951e-01,-2.035423804521589553e+00,-2.475508943551183449e+00
-5.572064086548840223e-01,-2.096452937095048874e+00,-2.475454299754828558e+00
-6.370585123563878849e-01,-2.157668063373313405e+00,-2.477557676406187070e+00
-7.179375733415930272e-01,-2.219422379095004505e+00,-2.481444663918623839e+00
-7.389687467017191924e-01,-2.217119861724509366e+00,-2.321011442030821659e+00
-7.184822250381751596e-01,-2.232266549968206615e+00,-2.113372745154824095e+00
-7.220926800471221263e-01,-2.231805182915258978e+00,-1.931999968058289996e+00
-7.254673044631785306e-01,-2.231859489064139890e+00,-1.754326607394837367e+00
-7.287114909668670482e-01,-2.234209753598260573e+00,-1.578369667164255752e+00
-7.312505960076838285e-01,-2.242634538742390049e+00,-1.399463749848258942e+00
-7.296547892530726998e-01,-2.261694515078866541e+00,-1.227278260781826669e+00
-6.953657823097042501e-01,-2.338390933018535289e+00,-1.110599071373366220e+00
-6.749115723735006345e-01,-2.409641443468980349e+00,-1.298184527835515967e+00
-6.635486630076067316e-01,-2.490140693882935796e+00,-1.471842411343241785e+00
-6.643213544664774428e-01,-2.557440111403388006e+00,-1.646592980096162728e+00
-6.713257466677997609e-01,-2.596592029533975943e+00,-1.818762157356524911e+00
-6.842550639162646720e-01,-2.633408291538059665e+00,-1.997426479175046676e+00
-7.033263496968423789e-01,-2.668740066494670327e+00,-2.173193414753757047e+00
-7.278451339606221149e-01,-2.700492637530199413e+00,-2.347212275848552299e+00
-7.676434462004001480e-01,-2.735033002163072435e+00,-2.520719347148316913e+00
-8.518389063193829713e-01,-2.792467408137238039e+00,-2.564389548655628737e+00
-9.050762541078859469e-01,-2.824132711191126077e+00,-2.740531581941398453e+00
-9.212308682710954599e-01,-2.831910101418373849e+00,-2.916774215915235224e+00
-9.370953334459013462e-01,-2.836212142440623474e+00,-3.090456817286274305e+00
-9.512553959495008149e-01,-2.831295227583628282e+00,3.012620580693724737e+00
-9.705659239350773460e-01,-2.831256444171639242e+00,2.843993422153874295e+00
-9.698479483985068539e-01,-2.819317709535245520e+00,2.881382390086050460e+00
-9.824285164426009853e-01,-2.845316059589591884e+00,2.747431371664388333e+00
-9.709881977063251624e-01,-2.824360571019336685e+00,2.516296034842578244e+00
-1.060273910231101624e+00,-2.771585319090668076e+00,2.504827836562416365e+00
-1.149206274251676430e+00,-2.692522760264783432e+00,2.489383115144861325e+00
-1.220269411004206495e+00,-2.682745919124872369e+00,2.346876982080510654e+00
-1.207473851667759224e+00,-2.650270796196799505e+00,2.449995757323799150e+00
-1.205359071090955192e+00,-2.643724618463226594e+00,2.627601246932402823e+00
-1.203453541321260589e+00,-2.637065206530320172e+00,2.811424928369431253e+00
-1.204231908517333194e+00,-2.641172389013327848e+00,3.002771532062658011e+00
-1.204897850035030915e+00,-2.641268007641807802e+00,-3.096466680051863207e+00
-1.207485593738100604e+00,-2.645894175733654929e+00,-2.904763157117605576e+00
-1.211686688953636182e+00,-2.645913509719390877e+00,-2.728383473466304832e+00
-1.216019348859123106e+00,-2.645715532436953676e+00,-2.540823919283644372e+00
-1.302623699986861450e+00,-2.707764239840734888e+00,-2.505335765673741832e+00
-1.343747203126384626e+00,-2.739266881556390754e+00,-2.661805130989824963e+00
-1.344602602736064245e+00,-2.741748408019629490e+00,-2.848520729927982220e+00
-1.344850024807909605e+00,-2.744051058426858702e+00,-3.039382412568310876e+00
-1.345542068761689247e+00,-2.746399064561004355e+00,3.065106342661083172e+00
-1.346440653823153921e+00,-2.749085277414196948e+00,2.890685516077208916e+00
-1.347303040870647228e+00,-2.751838266995365156e+00,2.713218711094359747e+00
-1.348294663745711608e+00,-2.754150924230457154e+00,2.537626323412406570e+00
-1.340379287354362292e+00,-2.749242224799737677e+00,2.332108094975834600e+00
-1.343408947208951654e+00,-2.754607005432585964e+00,2.153345995586885220e+00
-1.337386156784532876e+00,-2.751335468427602127e+00,1.961815020490352390e+00
-1.339130836292359295e+00,-2.753088408431153766e+00,1.779555116405471926e+00
-1.341331344231274647e+00,-2.754511340396741392e+00,1.597839602623300825e+00
-1.343566694475537115e+00,-2.755763836980356540e+00,1.421278022761371052e+00
-1.346040887285933962e+00,-2.756589891903566070e+00,1.245505874837550264e+00
-1.348900408120416783e+00,-2.757004023618323973e+00,1.067512198545172097e+00
-1.351806153697173496e+00,-2.757202462393936848e+00,8.852671576756935279e-01
-1.354466963932287937e+00,-2.757186011272422910e+00,7.079609575629129958e-01
-1.357061256380995395e+00,-2.757114585563787301e+00,5.299007886563738001e-01
-1.359679969045098913e+00,-2.756359258613955365e+00,3.530784645552862977e-01
-1.361639603877388804e+00,-2.755603284549531740e+00,1.710790922606270081e-01
-1.363548761311919710e+00,-2.754131540382920296e+00,-8.493575137619214371e-03
-1.365255502855467373e+00,-2.752831185612186093e+00,-1.844486039670513722e-01
-1.366262253239876490e+00,-2.751945240536072035e+00,-3.637602349989690897e-01
-1.367128451837100966e+00,-2.750801381659977896e+00,-5.444990748099369782e-01
-1.368531906355061611e+00,-2.750962235829441216e+00,-7.300067146576019184e-01
-1.383537805346015670e+00,-2.776364976642209825e+00,-1.018643392242235324e+00
-1.326319164573481979e+00,-2.836890842057476547e+00,-1.027452734169252091e+00
-1.273293174060231348e+00,-2.924562499193735565e+00,-1.027506481581292652e+00
-1.219155785065973552e+00,-3.015977795819649199e+00,-1.028242054264931538e+00
-1.177443767116262974e+00,-3.087093913738970130e+00,-8.723723892197552399e-01
-1.176259017310698152e+00,-3.087272359745082628e+00,-1.072973280175889776e+00
-1.174990174000436927e+00,-3.086848562726265399e+00,-1.252445456630304044e+00
-1.172902634628675056e+00,-3.085948195797473481e+00,-1.450868721677480044e+00
-1.170419760046449431e+00,-3.085166928261048103e+00,-1.633160722607058135e+00
-1.167699683558833135e+00,-3.085173464209663763e+00,-1.831079893019547100e+00
-1.164516278513211267e+00,-3.085623330122437391e+00,-2.046053437621472071e+00
-1.161181750089456344e+00,-3.086109918390729678e+00,-2.222470106071370743e+00
-1.157053891940483803e+00,-3.088677036975702617e+00,-2.392422951336510284e+00
-1.154564351272521217e+00,-3.090869045774170765e+00,-2.596998228837702705e+00
-1.152307736425635554e+00,-3.092692955423572254e+00,-2.777558906284524287e+00
-1.150072560894740636e+00,-3.095631032817712569e+00,-2.981646996386180692e+00
-1.148265856025124654e+00,-3.098268744055673984e+00,3.124880770178528611e+00
-1.146311337099341854e+00,-3.100960255692329248e+00,2.945641821865466525e+00
-1.144864574680424907e+00,-3.103410993251154881e+00,2.767295645346222965e+00
-1.142904932112714267e+00,-3.106720069713437837e+00,2.593015680977164727e+00
-1.142166250956216267e+00,-3.108731919480941741e+00,2.416130240240016214e+00
-1.141634186752246594e+00,-3.112040288599908333e+00,2.209400819001387628e+00
-1.141856426499400445e+00,-3.114606347363204186e+00,2.006388251474718665e+00
-1.142433711750464154e+00,-3.117081275444776090e+00,1.798271672256793297e+00
-1.144041166428863887e+00,-3.119533203769895291e+00,1.554460255616189723e+00
-1.145928330472508749e+00,-3.121159897534441896e+00,1.341816293166345764e+00
-1.148283392491589172e+00,-3.122501868497171706e+00,1.117962255313398545e+00
-1.150857817615579703e+00,-3.122599372692579589e+00,8.776810341475858035e-01
-1.153069134377664229e+00,-3.122369255953171940e+00,6.651926343752653237e-01
-1.155218911280958105e+00,-3.121851626886602560e+00,4.451988521769554286e-01
-1.157325538430143297e+00,-3.120454312759032955e+00,2.041220039114104989e-01
-1.158604850423054167e+00,-3.118537216276422885e+00,-1.359567343399089960e-02
-1.159345698596532692e+00,-3.116816510130865137e+00,-2.538200050304189603e-01
-1.159970880128103454e+00,-3.115107495631400880e+00,-4.655130399615067249e-01
-1.160224825833892304e+00,-3.112787729621117272e+00,-6.941872936217655665e-01
-1.118212553859857072e+00,-3.158427952433634278e+00,-8.476689204741160166e-01
-1.048163135906253540e+00,-3.238139570511076482e+00,-8.470278691721357944e-01
-9.769479609986684299e-01,-3.319855323576683670e+00,-8.479508881466525372e-01
-9.508244269993508802e-01,-3.351453193900310712e+00,-6.719034842726169243e-01
-9.496713913823359166e-01,-3.354594550288528598e+00,-4.885248689758412977e-01
-9.489439064717606342e-01,-3.363481770066358401e+00,-3.044673461088032163e-01
-9.478491388867981149e-01,-3.371823426664821710e+00,-1.359097172220025684e-01
-9.469282942477391662e-01,-3.380140064504113084e+00,3.156088325899393532e-02
-9.456007242759587594e-01,-3.388193862988253979e+00,1.998613932188938735e-01
-9.444018203456798766e-01,-3.392323920281752336e+00,3.763041074414959497e-01
-9.428723221489733186e-01,-3.396129598075305456e+00,5.513699642524438893e-01
-8.646955042862417562e-01,-3.335690627151946863e+00,6.773659754613200468e-01
-7.850683880057862662e-01,-3.271608888748013477e+00,6.793622362286435568e-01
-7.223744832094697310e-01,-3.218075209805050463e+00,5.225697075247787149e-01
-7.239199837506651303e-01,-3.216615753528731414e+00,3.333601725800918736e-01
-7.253876473579480288e-01,-3.214550590904944105e+00,1.450811358886853197e-01
-7.265219135567634323e-01,-3.212500911650169488e+00,-3.332857337080453314e-02
-7.276196702933865890e-01,-3.210437231691393833e+00,-2.164873558916434182e-01
-7.327162800963163969e-01,-3.220117974464846711e+00,-4.115401994934265173e-01
-7.377206597474774696e-01,-3.229716166507794917e+00,-5.956933685743712736e-01
-7.324573834447498655e-01,-3.215147568498776032e+00,-7.584181390907872578e-01
-7.322572573375142335e-01,-3.213342423024331040e+00,-9.372840553145181941e-01
-7.316621170168657873e-01,-3.212225915993959457e+00,-1.110731568225981292e+00
-7.308574412367225825e-01,-3.210863150646858788e+00,-1.293719786223720414e+00
-7.299477368314297721e-01,-3.209894118741987601e+00,-1.495491503374147380e+00
-7.288563229657295528e-01,-3.209285266391503466e+00,-1.669527574617906573e+00
-7.271479201887046662e-01,-3.208758158979621022e+00,-1.851892097808319759e+00
-7.249060115752200550e-01,-3.208773247473235113e+00,-2.053857391432240664e+00
-7.225419805080096625e-01,-3.209529882436483295e+00,-2.232308706324684699e+00
-7.209843931014221496e-01,-3.211496963448012831e+00,-2.412807635343856560e+00
-7.191678078514703865e-01,-3.212913500679942302e+00,-2.586736973941547557e+00
-7.173626235317644984e-01,-3.214866118282172724e+00,-2.802607332005174534e+00
-7.155134439539412305e-01,-3.217214485406055591e+00,-3.005015863785201358e+00
-7.142697888729779843e-01,-3.219270725915708287e+00,3.100328383301199420e+00
-7.130320573802605422e-01,-3.221286534433317694e+00,2.922309081892314975e+00
-7.124156584302289152e-01,-3.223717385278177083e+00,2.711192441171240475e+00
-7.119557579407772563e-01,-3.226119961956582571e+00,2.527369986042097061e+00
-7.117494181898907923e-01,-3.228701287828430022e+00,2.332260746673080920e+00
-7.116442784059539006e-01,-3.230906610878061080e+00,2.149102542174282870e+00
-7.123376690598556271e-01,-3.233245356214203170e+00,1.968191045575127918e+00
-7.512760173693268095e-01,-3.139833286565197668e+00,1.959655665092804089e+00
-7.910415466806076656e-01,-3.042698230241840829e+00,1.970668090377116544e+00
-7.934569722532611724e-01,-2.975325964716664107e+00,1.997859267126353755e+00
-7.958571133180453172e-01,-2.973708473111575490e+00,1.813440451788935981e+00
-7.980834101339986386e-01,-2.972681470813747229e+00,1.644136735634878832e+00
-8.014135070764665247e-01,-2.971145338706254524e+00,1.450048841737962446e+00
-8.044333956859023305e-01,-2.969383531675994448e+00,1.266206502242069876e+00
-8.072640073278204431e-01,-2.967309930203410051e+00,1.090115746229914029e+00
-8.101330149412514503e-01,-2.964667175240941255e+00,9.210106060364603442e-01
-7.477303081422438380e-01,-2.872680265169360148e+00,9.158608165676148660e-01
-6.817324240594273554e-01,-2.788606251477636189e+00,9.144110560456215619e-01
-6.181469677709718891e-01,-2.708446982440954720e+00,9.054531958453205798e-01
-5.759521941773600995e-01,-2.655210714068642730e+00,9.028798729380059784e-01
-5.093421566282372304e-01,-2.571047792316765612e+00,8.980904826788216333e-01
-4.905608389194656693e-01,-2.543883746630744014e+00,7.473876810055469777e-01
-4.925746533215548673e-01,-2.542309007398856568e+00,5.488118492401368176e-01
-4.945415559427140950e-01,-2.541207975132179442e+00,3.665001792090111232e-01
-4.963474821541632442e-01,-2.539872438154447298e+00,1.803234262257367715e-01
-4.978852574799954023e-01,-2.538575849768190729e+00,-1.155459340992264329e-03
-4.996237081391668999e-01,-2.536981129646976640e+00,-1.785915644064483276e-01
-5.007813033365906552e-01,-2.535460561866337503e+00,-3.606819981596530167e-01
-5.019539637297503187e-01,-2.534201758870160415e+00,-5.467057403058902532e-01
-5.026422139001561762e-01,-2.532787634142338984e+00,-7.314519213673341680e-01
-5.023714604232926151e-01,-2.532879054345491543e+00,-9.336714379223616245e-01
-4.501404112259370094e-01,-2.613815693070115298e+00,-9.293340833344772012e-01
-3.811322475634149609e-01,-2.695833612436477011e+00,-9.319340584022052232e-01
-3.239720539945713518e-01,-2.773647222941647783e+00,-9.307888652343343505e-01
-2.675887746492752184e-01,-2.852461357969474420e+00,-9.394866712183593815e-01
-2.300260372042767787e-01,-2.876378626268525807e+00,-1.001771586249748491e+00
-2.303572225540823359e-01,-2.882643270164729987e+00,-1.196417945171178054e+00
-2.296704856256629734e-01,-2.887029657118311388e+00,-1.410481201596248235e+00
-2.262058612688923886e-01,-2.890404452014649905e+00,-1.620898959563293884e+00
-2.227046919796540070e-01,-2.893465068962368658e+00,-1.800773258296468837e+00
-2.189122307143787916e-01,-2.896826738521102396e+00,-1.986402629398655639e+00
-2.156866159578105235e-01,-2.900539044514106823e+00,-2.171051488417981457e+00
-2.117649536898827123e-01,-2.905358591546036706e+00,-2.378462918186354802e+00
-2.081384843056509060e-01,-2.910069383674255050e+00,-2.559618861923134592e+00
-2.047414503764574678e-01,-2.915171732122313397e+00,-2.764905869705757357e+00
-2.013292517702490181e-01,-2.920320536170950998e+00,-2.961636972173765869e+00
-1.981763451749096461e-01,-2.925879187248921820e+00,3.115215990705262783e+00
-1.950182294991857079e-01,-2.932194404991283143e+00,2.945392634178216618e+00
-1.931954139914384139e-01,-2.936937228030130687e+00,2.725830076819883097e+00
-1.916142192356701524e-01,-2.942684743820624060e+00,2.530926262129344462e+00
-1.897810118882347352e-01,-2.948416178883064731e+00,2.320435654147266380e+00
-1.885340065261508213e-01,-2.953918842796763755e+00,2.123547508520801763e+00
-1.877133825629124231e-01,-2.959183207365911894e+00,1.918182979151502598e+00
-1.873416118415988096e-01,-2.964403748223146895e+00,1.707542280553065339e+00
-1.872322849319154880e-01,-2.968550228739333274e+00,1.511979532288950878e+00
-1.875056339311794162e-01,-2.972931970275339619e+00,1.307678902950673239e+00
-1.880281344718088277e-01,-2.976736147750242090e+00,1.093832960818838851e+00
-1.887457136389697199e-01,-2.979654539204010355e+00,8.962275970969051375e-01
-1.890856488700077553e-01,-2.982113971822893728e+00,6.844878788982770024e-01
-1.890528326144092774e-01,-2.984095226908746401e+00,4.870188380811276141e-01
-1.891068154843350280e-01,-2.985831077804597999e+00,2.802192379696337721e-01
-1.889494834415774149e-01,-2.987414059503621377e+00,8.225915105909820113e-02
-1.886287620082292560e-01,-2.988466236611131865e+00,-1.300556532156167677e-01
-1.875941351675171620e-01,-2.989486256705099709e+00,-3.343420513167906227e-01
-1.868176366854771564e-01,-2.990614814925051324e+00,-5.479410409328379084e-01
-1.854824190698444730e-01,-2.991898332327131094e+00,-7.412079888333561462e-01
-1.035243535252969305e-01,-3.059582725080686849e+00,-7.474520614443933564e-01
-2.210769514290848031e-02,-3.136074384275018279e+00,-7.442313345028289673e-01
5.832057400230605121e-02,-3.210974771462009603e+00,-7.463978316188989437e-01
7.866284802965110845e-02,-3.252992690356692140e+00,-6.573912290834698080e-01
8.184587652255878587e-02,-3.251883952520405963e+00,-4.591206317134746140e-01
8.652752085879122923e-02,-3.250788897338389383e+00,-2.577202493893544499e-01
9.196460072634861371e-02,-3.249890848747082561e+00,-3.361427696975372026e-02
9.757577420244149813e-02,-3.248871477998113377e+00,1.797462414976574163e-01
1.031279016527625603e-01,-3.248022667574763656e+00,3.810285989713381172e-01
1.089953725452944555e-01,-3.246314783431750950e+00,5.788404830726167072e-01
1.947127899256502481e-01,-3.197606432680264010e+00,5.881478967162018234e-01
2.873189472309656267e-01,-3.132110497521992443e+00,6.016112699674937003e-01
3.757802108222605963e-01,-3.077971986323966735e+00,5.792082027547258427e-01
4.615057004223925841e-01,-3.021187509020821338e+00,5.815052186965199432e-01
5.474517932579753277e-01,-2.963586170805353692e+00,5.855901424399512223e-01
6.358161445342780382e-01,-2.905668454058357497e+00,5.817676048597036909e-01
6.303071826699648827e-01,-2.888795985276809919e+00,4.603302625746132914e-01
6.313160380188099774e-01,-2.884142121237674772e+00,2.893308172928912847e-01
6.320710385095508199e-01,-2.879697131814945354e+00,1.107812771475222419e-01
6.312126864960930783e-01,-2.879515540337583612e+00,-8.022889596987906047e-02
6.305077725676746514e-01,-2.879029593979408830e+00,-2.649290510942429733e-01
6.303197961062773080e-01,-2.878803535585950701e+00,-4.724065918976806944e-01
6.302629402350210519e-01,-2.880210762599501262e+00,-6.839130573663113610e-01
6.301750618847140606e-01,-2.881594522938667247e+00,-8.707080338714338064e-01
6.343004127644086276e-01,-2.881443768087562418e+00,-1.069742348181856206e+00
6.391129094411511780e-01,-2.881121535886454588e+00,-1.255688444871067677e+00
6.435821025173583676e-01,-2.881316233741681110e+00,-1.431850581256590038e+00
6.481501713705628553e-01,-2.881560682929960482e+00,-1.605645338775598452e+00
6.533527596301830220e-01,-2.882462779305785538e+00,-1.804809487804658996e+00
6.582087756853512994e-01,-2.883541792035993367e+00,-1.978834685363989543e+00
6.572119089299773842e-01,-2.884529490051924050e+00,-2.170721045060243437e+00
6.562548401511381080e-01,-2.885666027074530238e+00,-2.363691512084763247e+00
6.550359325808443600e-01,-2.887316891891161585e+00,-2.557183986764756778e+00
6.562200334719108241e-01,-2.894102224990513506e+00,-2.750232850532947637e+00
6.571188708420759861e-01,-2.900856433608149487e+00,-2.926216374164563039e+00
6.575136431705699280e-01,-2.907953545150764096e+00,-3.116517346879594363e+00
6.587830501044851239e-01,-2.912936283649766089e+00,2.986582183640740240e+00
6.598696441613335351e-01,-2.918385065330888928e+00,2.790664386996455359e+00
6.610042503951796267e-01,-2.923347101227458111e+00,2.601418653768434730e+00
6.585801102917464567e-01,-2.923216915787361980e+00,2.434105839286853978e+00
6.562721275347636052e-01,-2.923610664907751566e+00,2.237716754425559618e+00
6.531955233558583984e-01,-2.923547279869598281e+00,2.042046588888349223e+00
6.502934620713574088e-01,-2.923649032897843281e+00,1.847237902473858551e+00
6.465199443501444820e-01,-2.923044951070933539e+00,1.682378276630202008e+00
6.430589322595577917e-01,-2.922365170408130375e+00,1.508975734800246604e+00
6.396280782038445967e-01,-2.921250321443555009e+00,1.340033361451156813e+00
6.491908500709365759e-01,-2.923101933451941914e+00,1.123864741032947423e+00
6.584038233586708699e-01,-2.924374712324047110e+00,9.314511286158434489e-01
6.564897196961740899e-01,-2.922536925208101266e+00,7.341087413316800259e-01
7.249499381264118414e-01,-2.847828203319981544e+00,7.180148468492020264e-01
8.076573483129321218e-01,-2.780034900642151641e+00,7.115110172870313665e-01
8.889161871284734229e-01,-2.712192464990232921e+00,7.105499030599311538e-01
9.710722350600259345e-01,-2.647425973133066268e+00,7.042144955189473254e-01
9.975979828180513431e-01,-2.633923237623412739e+00,8.714343926257959172e-01
1.000552074704978534e+00,-2.634669106734318422e+00,1.046824809669396172e+00
1.003426008795810898e+00,-2.634731336694212445e+00,1.227044704489522076e+00
1.005945525701081866e+00,-2.634134123073037070e+00,1.402023922068853290e+00
1.008125144004363039e+00,-2.633294726870707869e+00,1.589832421639523208e+00
1.010338603090766840e+00,-2.632140070523803832e+00,1.768163334677963272e+00
1.012236076296603615e+00,-2.631005530488017996e+00,1.953466525354585093e+00
1.013859430887664725e+00,-2.629599254730893509e+00,2.138954622801452654e+00
1.014619142864138679e+00,-2.627394743239183761e+00,2.350553777837044667e+00
1.016404339733374407e+00,-2.624518966995149416e+00,2.553287194084487677e+00
1.017713666852137155e+00,-2.621836275901601176e+00,2.731597469416035651e+00
1.019063378661791530e+00,-2.619231684804931515e+00,2.909952450032608606e+00
1.016746622675176681e+00,-2.616826687728809997e+00,3.127493920525609816e+00
1.014812049129261595e+00,-2.614838367267942498e+00,-2.956843425689469118e+00
1.012470758170108009e+00,-2.612897617849054388e+00,-2.769291066511470056e+00
1.009988437335467948e+00,-2.611639724492621273e+00,-2.589392980768073116e+00
1.007244847727674975e+00,-2.610440009893629121e+00,-2.407282132945076647e+00
1.004288328790022167e+00,-2.609507418427183367e+00,-2.187781046776827498e+00
1.001334881465568483e+00,-2.608937877455906662e+00,-2.007870573847086337e+00
9.985658372613952505e-01,-2.609340931567658117e+00,-1.831911210016683000e+00
9.955874131447113307e-01,-2.609767523930234479e+00,-1.650561212596677541e+00
9.929043620283901639e-01,-2.610431196392782649e+00,-1.462524409371050549e+00
9.911463728660679928e-01,-2.611677435170780548e+00,-1.282709322698245336e+00
9.897447712987644808e-01,-2.612909271290642099e+00,-1.106603115831845674e+00
9.884784963287042148e-01,-2.614790894956137812e+00,-9.254863897639926673e-01
9.874555261328697986e-01,-2.616453765590514902e+00,-7.384164345647983296e-01
9.871532599755020732e-01,-2.618060666454416818e+00,-5.571680329386961006e-01
9.867283502292873987e-01,-2.619509600287421414e+00,-3.806148181717380896e-01
9.865494082188335234e-01,-2.621169056751436965e+00,-1.985813431209162983e-01
9.867448837136284512e-01,-2.622952503865547236e+00,-1.138301451807983804e-02
9.872074382486271116e-01,-2.624855455240886037e+00,1.876921854317395999e-01
9.879672342234614435e-01,-2.626397080588907418e+00,3.746438962048398436e-01
9.888363223712309802e-01,-2.627672548940494845e+00,5.571650068462924432e-01
9.900526499011388371e-01,-2.628321456979404669e+00,7.378342073957891989e-01
1.064107430431788792e+00,-2.565565322250680680e+00,8.098112033777760121e-01
1.132598409835434250e+00,-2.495891824782247692e+00,8.011279138311769854e-01
1.204898185162613045e+00,-2.424127608267088174e+00,7.991661675868796388e-01
1.276868549795187269e+00,-2.352802378767550273e+00,7.907310165281800085e-01
1.290131436596374526e+00,-2.342643620519988534e+00,9.643611637540213666e-01
1.292729051160235620e+00,-2.341904953904707209e+00,1.143865800445155179e+00
1.295342712307917976e+00,-2.341283740161541616e+00,1.319866064701845643e+00
1.297568746713040122e+00,-2.340360968212751747e+00,1.500224065655470174e+00
1.299950702681749837e+00,-2.339112959642584144e+00,1.687924166194837872e+00
1.301987263940828088e+00,-2.337514566194264898e+00,1.885495208798499522e+00
1.303271349993574413e+00,-2.335967387977965881e+00,2.061613841645789869e+00
1.304632622803030051e+00,-2.334172716194010011e+00,2.264428281391888120e+00
1.305254372882088454e+00,-2.332138497707834990e+00,2.452459881896888572e+00
1.305889783726329689e+00,-2.329751615344000548e+00,2.668826168462248294e+00
1.305626635778668110e+00,-2.327993113669889702e+00,2.843469412708636845e+00
1.305565375536704931e+00,-2.325807503236449136e+00,3.047059607477490051e+00
1.304962544977780858e+00,-2.324003151767812803e+00,-3.044664381559415212e+00
1.304427286676588471e+00,-2.322208019177038896e+00,-2.870325833854336040e+00
1.303181655990489851e+00,-2.320269372572001387e+00,-2.637543848681404235e+00
1.301874793301811328e+00,-2.319148689107379813e+00,-2.462813347291153310e+00
1.301148387276758411e+00,-2.318151436734480875e+00,-2.275283119675178600e+00
1.299433765634272264e+00,-2.317722491473214408e+00,-2.101127452062778733e+00
1.298064819896698419e+00,-2.317635813972180880e+00,-1.912710164479376029e+00
1.296219709500698425e+00,-2.318146728836360637e+00,-1.698375055316619697e+00
1.294863649206301481e+00,-2.318908274649051915e+00,-1.510276311027275664e+00
1.293816038753753173e+00,-2.320516862290865845e+00,-1.278922666483014892e+00
1.293548263932866371e+00,-2.321919599782933830e+00,-1.104465512547361916e+00
1.293944073222227820e+00,-2.323451877548530220e+00,-9.302701008707264796e-01
1.365132415858232751e+00,-2.398187379539765907e+00,-8.185004543686345002e-01
1.435792490302583380e+00,-2.472423328227930650e+00,-8.192115083175939283e-01
1.508979301998634170e+00,-2.549083455923947472e+00,-8.212970221940227855e-01
1.581033928979608261e+00,-2.623999035937760294e+00,-8.236069589161536530e-01
1.653800110180165817e+00,-2.700552471957025524e+00,-8.283041786237863580e-01
1.702148831286356190e+00,-2.752084867377990740e+00,-6.513526738873438582e-01
1.702840913101754561e+00,-2.753230841097843218e+00,-4.750214346913215202e-01
1.704522584035188526e+00,-2.754584056189522290e+00,-3.086553796689767704e-01
1.706954431779593051e+00,-2.756178035523361380e+00,-1.288205397756488901e-01
1.708876762158663354e+00,-2.757105552207222754e+00,5.390971375368166368e-02
1.711357378833167520e+00,-2.758003744942324698e+00,2.392388752793604412e-01
1.713718958532439940e+00,-2.759041729733608506e+00,4.192842773782721189e-01
1.716125117382664600e+00,-2.760155189712491630e+00,6.001518379921405577e-01
1.719081599314130182e+00,-2.760830059812355408e+00,7.831699739654689463e-01
1.721779867910796291e+00,-2.760980250109960732e+00,9.607681971835485557e-01
1.724384048037177486e+00,-2.760829036560284777e+00,1.138098693311337062e+00
1.727291873943610279e+00,-2.760301170938273874e+00,1.316001960502241719e+00
1.729844801574305313e+00,-2.759333808066306570e+00,1.495833436246478021e+00
1.732043403254692970e+00,-2.757782155988892647e+00,1.668818405421474971e+00
1.734370830738328984e+00,-2.756338334610306084e+00,1.849339174230680838e+00
1.736610302440321218e+00,-2.754649871740754818e+00,2.005090251967655668e+00
1.738035947078566013e+00,-2.752740037109798976e+00,2.180042152372256847e+00
1.739016348344733842e+00,-2.750897508039814809e+00,2.357175409332164850e+00
1.739811172394599481e+00,-2.748707131825371963e+00,2.537149069227766507e+00
1.739183781523834460e+00,-2.747385889716542184e+00,2.718739471544397546e+00
1.738617389558809956e+00,-2.746012306317495266e+00,2.905899239679683443e+00
1.737619143617464168e+00,-2.744934111036978486e+00,3.087834756019266713e+00
1.736375136658590446e+00,-2.743903365053506072e+00,-3.014192052923579723e+00
1.734979506128939253e+00,-2.743047498013556407e+00,-2.831983468329139608e+00
1.733144500112921094e+00,-2.742581403833312503e+00,-2.653571322061495597e+00
1.731009401754008747e+00,-2.742060848373923942e+00,-2.469873580727845130e+00
1.729018252989509064e+00,-2.742059882279998195e+00,-2.289845842105128426e+00
1.727058928800850213e+00,-2.742351787327477641e+00,-2.104986366476480519e+00
1.724959769468573434e+00,-2.743073791066622302e+00,-1.923372620236075026e+00
1.722827751713484679e+00,-2.744072319528675585e+00,-1.739174040056747250e+00
1.721146867443196449e+00,-2.745615134449363115e+00,-1.556606717948761709e+00
1.719717224833448244e+00,-2.747548049848774987e+00,-1.374163957854452667e+00
1.718538623715130997e+00,-2.749754225279108066e+00,-1.193926677390015234e+00
1.717605904075141243e+00,-2.751912375902791030e+00,-1.015104966140343068e+00
1.717458604178068837e+00,-2.754315182430499664e+00,-8.333769947894055230e-01
1.717701398945134184e+00,-2.756842236191534568e+00,-6.543538251903494585e-01
1.718243999571120506e+00,-2.760283267132997320e+00,-4.967904257072966456e-01
1.719050621088484387e+00,-2.762815162285606974e+00,-3.195083611609055851e-01
1.720544443473594365e+00,-2.765313566604338913e+00,-1.335528607862940809e-01
1.721953679586496921e+00,-2.767360617344197138e+00,4.996959708576474701e-02
1.723261842861883331e+00,-2.769245181002167655e+00,2.280977667198906822e-01
1.724943429848877274e+00,-2.771155994714225024e+00,4.151739355322722758e-01
1.723894064251706881e+00,-2.774428874160796976e+00,3.646639711362692493e-01
1.721792895364577580e+00,-2.773907171454042864e+00,1.793948868030301180e-01
1.720265349349987538e+00,-2.773305222276353454e+00,-3.682562632849484523e-03
1.718182714192785676e+00,-2.772663121252434859e+00,-1.852881134710987199e-01
1.716260426728285493e+00,-2.771273174173057185e+00,-3.697812416910641331e-01
1.715206178688712058e+00,-2.770022427958812372e+00,-5.539892221115617632e-01
1.714829280015269797e+00,-2.768420204847258148e+00,-7.346984055889497212e-01
1.746216303616296317e+00,-2.801813967449069853e+00,-6.511103809810607768e-01
1.746666215951208523e+00,-2.804746747225922654e+00,-4.640755098779090204e-01
1.747234651718665654e+00,-2.806941424840950550e+00,-2.842507485381771115e-01
1.748324339645270342e+00,-2.809258193299211115e+00,-9.342687214530318029e-02
1.749351915392782564e+00,-2.811703086290694653e+00,8.906831711198419377e-02
1.750758268589716726e+00,-2.813818491183266879e+00,2.655659256548435487e-01
1.752189055133666296e+00,-2.815495792042104650e+00,4.494535149304378363e-01
1.754274644738466282e+00,-2.817140608875681629e+00,6.200589215363994100e-01
1.756024705731795699e+00,-2.819617291248405433e+00,7.941174923063215596e-01
1.754071869744197709e+00,-2.820181777434378478e+00,6.193363489899522678e-01
1.752392473480927082e+00,-2.819832818080128867e+00,4.452477389597486179e-01
1.750555845670458410e+00,-2.819897514645762104e+00,2.699873458128211334e-01
1.748985587079957327e+00,-2.819152121189641313e+00,9.313085409868875064e-02
1.748074108348650624e+00,-2.818306017695096255e+00,-8.335427851674839794e-02
1.747117751008204101e+00,-2.817355409347308104e+00,-2.634099473180080975e-01
1.746437779537442836e+00,-2.816276020908532018e+00,-4.413682928100108871e-01
1.746126284712522292e+00,-2.815198604095197954e+00,-6.121712803340344511e-01
1.821432234174084952e+00,-2.880461966821460607e+00,-7.037545256172542674e-01
1.898240762680315941e+00,-2.947041753499028527e+00,-7.003749229497933104e-01
1.975285113114428670e+00,-3.013122794380697300e+00,-6.987639652408206281e-01
1.983746872381833004e+00,-3.028851502029760390e+00,-8.136648412847755640e-01
1.983447410357650043e+00,-3.027274621461418125e+00,-9.971464083154751856e-01
1.984112416960390091e+00,-3.026750249177440732e+00,-1.175866122267320124e+00
1.986948253587790258e+00,-3.032944716757084436e+00,-1.339361780554351622e+00
1.988127411304251746e+00,-3.032111547030185594e+00,-1.518423399866041024e+00
1.989993620123174933e+00,-3.031967252967838977e+00,-1.706692112295677299e+00
1.992015236253071198e+00,-3.031966950166039343e+00,-1.882932263715308085e+00
1.994079110565659452e+00,-3.032702431286396827e+00,-2.057265875755410089e+00
1.995945751135265844e+00,-3.032962620486979066e+00,-2.234528205545474933e+00
1.997923621611587652e+00,-3.034164078813640586e+00,-2.409681396679665966e+00
2.000020135077977823e+00,-3.035525883971303074e+00,-2.585286068003680882e+00
2.002039796996223142e+00,-3.037159484695862055e+00,-2.763286519443165723e+00
2.003960626108147292e+00,-3.039342941931226338e+00,-2.950904276994761766e+00
2.005395699750711636e+00,-3.041869469145340510e+00,-3.132651582680299640e+00
2.006769784199881723e+00,-3.041540376022847880e+00,2.967730689929635624e+00
2.008031536376739368e+00,-3.041488415342328722e+00,2.779912590496552038e+00
2.020698503342725161e+00,-3.018956704625105125e+00,2.474225483134796733e+00
2.013676731150299215e+00,-3.032603316556066630e+00,2.353184483417030570e+00
1.938887894518345423e+00,-2.962579375616138488e+00,2.364824785262731766e+00
1.861888026857266842e+00,-2.880616455709213763e+00,2.343400365499596738e+00
1.787453011211199705e+00,-2.807911375744511773e+00,2.345994612442543481e+00
1.714059262506931969e+00,-2.735866235447692141e+00,2.349486348622170873e+00
1.609321105079157377e+00,-2.642268139256529924e+00,2.337225540977782234e+00
1.532657591549365872e+00,-2.566936572849629616e+00,2.334702385269090463e+00
1.500215992334112514e+00,-2.543297525658260838e+00,2.171120029414330688e+00
1.507770870960294385e+00,-2.536512787796601831e+00,2.325732208603837226e+00
1.512000965606123959e+00,-2.530623822263674771e+00,2.514062711537611960e+00
1.512363968866093922e+00,-2.531536956932832094e+00,2.721682799375126915e+00
1.512331142022342423e+00,-2.532747138713666857e+00,2.925643807654695561e+00
1.512147743567751279e+00,-2.533567129336772084e+00,3.122723404696690075e+00
1.511568776910567680e+00,-2.534736335202016910e+00,-2.949889931694808620e+00
1.510793161624572223e+00,-2.535904994982058014e+00,-2.754732556531856780e+00
1.509480936849618704e+00,-2.537639666703696673e+00,-2.546256516624138655e+00
1.428524754146488052e+00,-2.605222455036838802e+00,-2.520716281417496152e+00
1.348560860048583221e+00,-2.668605971229209839e+00,-2.519322937409568919e+00
1.262757622415509262e+00,-2.734995779565730256e+00,-2.518100291758876175e+00
1.173905907865121501e+00,-2.805018851156210857e+00,-2.515164489181899832e+00
1.091495042887663081e+00,-2.870319292738819250e+00,-2.509465681641335877e+00
1.050175135694118689e+00,-2.870921800627878273e+00,-2.490791732581643103e+00
1.075635326740414177e+00,-2.875599435481368094e+00,-2.202075992138431637e+00
1.085227024323183409e+00,-2.868939100475481840e+00,-2.049777858431298672e+00
1.093104442959216938e+00,-2.863860091921103912e+00,-1.901720374804685809e+00
1.104199346493967671e+00,-2.853104091418535493e+00,-1.720876525618648234e+00
1.115377751082661018e+00,-2.842998263677986692e+00,-1.539660726091413911e+00
1.126942386666527574e+00,-2.832939838148630152e+00,-1.361713096061184736e+00
1.139134888215427521e+00,-2.823606632842333930e+00,-1.175037653416417971e+00
1.177624897505190393e+00,-2.925576749145712974e+00,-1.067362342692470767e+00
1.224380128781333399e+00,-3.020436285831357814e+00,-1.057567810545105180e+00
1.270994978184812885e+00,-3.117724358759224934e+00,-1.048753145531708730e+00
1.266762126927773791e+00,-3.157851389406550524e+00,-9.057694668026419205e-01
1.263767071331270753e+00,-3.161291825678672396e+00,-7.154609311060258214e-01
1.260829229452057110e+00,-3.164787221747930701e+00,-5.308408377706580472e-01
1.258497124548529023e+00,-3.168305985125319690e+00,-3.439941239023647235e-01
1.256404178166571572e+00,-3.171831107725656462e+00,-1.563168359288341636e-01
1.254555582043831441e+00,-3.174869550229038939e+00,2.625400527298879863e-02
1.252385146588561149e+00,-3.177932380251562883e+00,2.115970098993532889e-01
1.250913542113415433e+00,-3.181119713999965626e+00,4.055346556124231894e-01
1.249419388025803990e+00,-3.183866971278665137e+00,5.904757692373469036e-01
1.248066260856611764e+00,-3.186129504776836097e+00,7.787173041629442682e-01
1.246917583864465717e+00,-3.188119229502130114e+00,9.659553473020935366e-01
1.248493773927027872e+00,-3.189170968178844934e+00,1.143104187612895783e+00
1.250059585394831307e+00,-3.189218377942647731e+00,1.336547098482558260e+00
1.251134893843845131e+00,-3.189043058092664307e+00,1.514424028591902172e+00
1.252309543109363155e+00,-3.188538421758943642e+00,1.700205819998689138e+00
1.253118510767364580e+00,-3.187836286264865926e+00,1.872801178484664986e+00
1.253763934347486675e+00,-3.186883113675486268e+00,2.049360473351228507e+00
1.253788385291851215e+00,-3.185911326439168967e+00,2.227891422468644134e+00
1.253411248472407591e+00,-3.184879854888928108e+00,2.406586859653423005e+00
1.252170704954283398e+00,-3.182898659787484874e+00,2.667337627903686670e+00
1.251292603936112746e+00,-3.181545650648357704e+00,2.846438363348201328e+00
1.249914723602307376e+00,-3.180135656789760734e+00,3.025148371484112975e+00
1.248466878057584495e+00,-3.179086178915755845e+00,-3.083059834461743254e+00
1.247156998348896817e+00,-3.178352537637626707e+00,-2.911964015588926813e+00
1.244795956926301406e+00,-3.177426806568839357e+00,-2.728418283350970697e+00
1.250323341081264417e+00,-3.186581740591117207e+00,-2.513284210393115448e+00
1.255806721490400069e+00,-3.196305316129940177e+00,-2.299666703831531045e+00
1.260910177370284435e+00,-3.206334286435178260e+00,-2.085555824227356414e+00
1.255966221864458499e+00,-3.203078001914963835e+00,-1.921141325491600105e+00
1.250778310370211921e+00,-3.199918339272203482e+00,-1.755247779560086041e+00
1.245799992249507326e+00,-3.197443857595068550e+00,-1.586728426561473615e+00
1.241215126093457854e+00,-3.195364674258001969e+00,-1.418929050603769726e+00
1.244743153304887828e+00,-3.194727935720302447e+00,-1.224641839467273341e+00
1.248602532735012094e+00,-3.194283112792727586e+00,-1.027974172697683874e+00
1.260468791612087580e+00,-3.214346442658370773e+00,-8.737688624316193309e-01
1.324822460212291331e+00,-3.296496721622208526e+00,-8.757418579308913209e-01
1.398754854753234467e+00,-3.378120179791521238e+00,-8.595918145640389918e-01
1.475693698201419046e+00,-3.433757775435871906e+00,-9.867772070209183122e-01
1.460212845188118891e+00,-3.434279479402842394e+00,-1.182632958225203534e+00
1.447129179031296564e+00,-3.435101132734041496e+00,-1.399225332999782134e+00
1.446167400056258323e+00,-3.435834992526843656e+00,-1.608803950030686769e+00
1.445148495492293961e+00,-3.436836223415909775e+00,-1.794465851585135052e+00
1.444511461889380843e+00,-3.441468664372911768e+00,-2.001647645318073376e+00
1.444338445464781406e+00,-3.446012161846848887e+00,-2.183979124894566137e+00
1.439461740312854010e+00,-3.451628109551811985e+00,-2.402189159715129918e+00
1.358251299519731559e+00,-3.528784275961653449e+00,-2.402341971250077091e+00
1.292525079094173357e+00,-3.574508436116237586e+00,-2.266365150365147407e+00
1.291492743303563007e+00,-3.569487165324914280e+00,-2.067928091763237664e+00
1.290362972433220845e+00,-3.565863946027557407e+00,-1.880871155541446127e+00
1.289052442813650723e+00,-3.563208995731958151e+00,-1.709783547775462154e+00
1.290403568496906850e+00,-3.560475044218951002e+00,-1.522855155336752420e+00
1.292257020839047810e+00,-3.557593846257355530e+00,-1.349355618636341791e+00
1.305334280871792263e+00,-3.550282863640407793e+00,-1.149434860499455313e+00
1.318356668986395475e+00,-3.543184450531071672e+00,-9.453346764239263234e-01
1.314915265510073095e+00,-3.547073069914587151e+00,-7.672253198558824927e-01
1.311235816239579632e+00,-3.551192246565809896e+00,-5.876328953972219660e-01
1.311944790798313054e+00,-3.554386684383933126e+00,-4.080742734423143392e-01
1.312695686501494263e+00,-3.557762538311405098e+00,-2.264088672881471864e-01
1.313648632184477805e+00,-3.560893835449762790e+00,-3.260729877622663142e-02
1.315184679536015810e+00,-3.564293397945179187e+00,1.495126228886598241e-01
1.316991362531261478e+00,-3.567416742097255344e+00,3.323685339587365006e-01
1.319022008159215220e+00,-3.570019406096904380e+00,5.139119901840977223e-01
1.320651076832969339e+00,-3.571997258396525599e+00,6.938847065477511400e-01
1.322748276838040971e+00,-3.573947778982002887e+00,8.725625569745460997e-01
1.314918328869903785e+00,-3.572442971619158136e+00,1.071160561797151356e+00
1.306530315573442458e+00,-3.570963974712982214e+00,1.248561548617022954e+00
1.310373406696664800e+00,-3.571349733628239598e+00,1.422246078030505290e+00
1.313753724381375276e+00,-3.571148345273873481e+00,1.603256846232606447e+00
1.316874807906766920e+00,-3.570660553606927579e+00,1.781739930385387582e+00
1.321071596491784739e+00,-3.569091514137227694e+00,1.955247963747881679e+00
1.324917295068252177e+00,-3.567426611291462546e+00,2.130116460554781099e+00
1.328579473911799536e+00,-3.565559322080757099e+00,2.306804927002614747e+00
1.331505126191914856e+00,-3.564025336810620281e+00,2.482769331702570081e+00
1.334062507148574328e+00,-3.562726069695602238e+00,2.659319628526653823e+00
1.333578467438089943e+00,-3.563782974089324984e+00,2.850020642454087039e+00
1.333464884329860878e+00,-3.564690875149636895e+00,3.044378738525154837e+00
1.333214751577952661e+00,-3.565622937941848924e+00,-3.049237750834928651e+00
1.331852939685507442e+00,-3.562662821113988798e+00,-2.867364149205941182e+00
1.330426189996609443e+00,-3.559602077361989192e+00,-2.685363202961381202e+00
1.328751577522934824e+00,-3.556913075517179390e+00,-2.503704798171918267e+00
1.328881023246231363e+00,-3.554501524052768868e+00,-2.499108178472881470e+00
1.330957242747565328e+00,-3.550210774366142186e+00,-2.664870550410820105e+00
1.261757935694784338e+00,-3.581500540534061194e+00,-2.670125541609217112e+00
1.161139698348232940e+00,-3.633333900668278549e+00,-2.666224927168570957e+00
1.061878083422277852e+00,-3.687599523003069368e+00,-2.654496822297989667e+00
9.638129982051534261e-01,-3.741861972412153570e+00,-2.646001000742807197e+00
9.018875497176210843e-01,-3.776227898067168187e+00,-2.461407167838088217e+00
8.959220592250062287e-01,-3.773756476585254038e+00,-2.595406771485356145e+00
8.932462661945965721e-01,-3.772854408889501965e+00,-2.818546031216151881e+00
8.925297871581967524e-01,-3.774522125312198551e+00,-2.997846392544797567e+00
8.920238714293693416e-01,-3.776160882346234260e+00,3.109836040096377374e+00
8.915807801003436950e-01,-3.779629910891677547e+00,2.935621991420022336e+00
8.908563530351151227e-01,-3.783381089500650329e+00,2.764399228150864918e+00
8.899815842055772697e-01,-3.787366445328092635e+00,2.587456471891179444e+00
8.890078061574959722e-01,-3.791207232795726245e+00,2.418047208363332423e+00
8.879917517291899820e-01,-3.794968397161060825e+00,2.240914731407378291e+00
8.864007171912370309e-01,-3.798784371368308044e+00,2.067708709835569092e+00
8.842323810709795673e-01,-3.802705135706494488e+00,1.892388122375048276e+00
8.811036526628927001e-01,-3.806991013097234866e+00,1.700440420798090546e+00
8.786810500836287341e-01,-3.809902501718736012e+00,1.531210604556756172e+00
8.752699402011848706e-01,-3.812731495496111123e+00,1.313783414198173238e+00
8.776605614860020221e-01,-3.817500245370414547e+00,1.110460454632922200e+00
8.798669980251617728e-01,-3.821859441760876663e+00,8.783063362471247304e-01
8.815657729590586911e-01,-3.825101480318351843e+00,6.827598060923669721e-01
8.834548982056789068e-01,-3.828198076249732296e+00,4.860059349494286751e-01
8.793082347599661119e-01,-3.827221649365445177e+00,3.077322640268275733e-01
8.753905785898959957e-01,-3.826350180202925610e+00,1.379875770095319032e-01
8.718812603162565678e-01,-3.825298052726251896e+00,-2.768916947561471734e-02
8.710470141666027954e-01,-3.822749513396856980e+00,-1.936080487625090052e-01
8.703948484832528809e-01,-3.819600787784326101e+00,-3.852227691403810605e-01
8.699466332434107052e-01,-3.817195509525068697e+00,-5.701751635263427875e-01
8.698816010290154610e-01,-3.814592312469455848e+00,-7.541667735752833890e-01
8.702517744714921566e-01,-3.812317039731515589e+00,-9.193472046741290038e-01
8.707101337556192311e-01,-3.809741269952636511e+00,-1.080130316569197779e+00
8.718180487174304050e-01,-3.807328005090933054e+00,-1.241486882802590008e+00
8.732242598987844939e-01,-3.805038512193175126e+00,-1.419763112332557586e+00
8.727517000730048435e-01,-3.799019596229551432e+00,-1.642157824592811677e+00
8.728246935535024509e-01,-3.794142083253608355e+00,-1.844386392610305903e+00
8.731892956080147261e-01,-3.790251433916279833e+00,-2.035016958300550183e+00
8.738374500523852229e-01,-3.786997047072385048e+00,-2.232279773810534884e+00
8.743596753125836285e-01,-3.784084709091289245e+00,-2.448999508391163094e+00
8.746617886123775332e-01,-3.781189183070616355e+00,-2.639866235174134879e+00
8.746572400445686846e-01,-3.778686213725813037e+00,-2.837823645260408423e+00
8.746222504117548979e-01,-3.775961473532286838e+00,-3.054934306229500685e+00
8.743034703770083960e-01,-3.773829493871012630e+00,3.035966854748634702e+00
8.743029816092078299e-01,-3.771712574270091878e+00,2.841286542080358135e+00
8.736691192809344919e-01,-3.769551860866391824e+00,2.624881130500898774e+00
7.792942856750411096e-01,-3.734411319671604890e+00,2.615481223664954946e+00
6.787886292799859556e-01,-3.665272853321249524e+00,2.615638129070356754e+00
6.711785019600050584e-01,-3.659062837608233476e+00,2.776604609607958185e+00
6.713395352497131263e-01,-3.658815953722533987e+00,2.606948902864935746e+00
6.718033951406868765e-01,-3.658899515829976856e+00,2.417440781451422716e+00
5.911537793002822339e-01,-3.592943057213856761e+00,2.410071408091757572e+00
5.128987808260857539e-01,-3.523756911300533812e+00,2.410562914193273176e+00
4.334421566676345816e-01,-3.453353560777975950e+00,2.408755274803831892e+00
3.531996637652979332e-01,-3.372044234825513076e+00,2.407442348296688017e+00
3.536830705396955543e-01,-3.359689062367767765e+00,2.534992038175070128e+00
3.499143051224288814e-01,-3.363408403431190852e+00,2.725895602352196967e+00
3.457357502816810757e-01,-3.367248052796272262e+00,2.924612607364670769e+00
3.418531928649601315e-01,-3.371008126518696191e+00,3.124132214925137152e+00
3.381143889964122740e-01,-3.374919343731642929e+00,-2.965354945597800995e+00
3.344001431811784442e-01,-3.378882808639733781e+00,-2.769965782068685822e+00
3.382849380581470222e-01,-3.393000291190107376e+00,-2.531341554671536986e+00
2.410926974401062239e-01,-3.459545925871283512e+00,-2.453743863834217276e+00
1.467117178566886282e-01,-3.527113822917065100e+00,-2.482616238045366241e+00
5.516143817197265153e-02,-3.589866487795326133e+00,-2.505757671298853406e+00
-3.579530516199238427e-02,-3.649001317712457837e+00,-2.527830798368482235e+00
-1.300540836220382412e-01,-3.708084482528001935e+00,-2.550224619693089334e+00
-1.788043773382074486e-01,-3.757556541352755630e+00,-2.416160595044711812e+00
-1.672899961178007100e-01,-3.763729833087293031e+00,-2.424922633953560336e+00
-1.671493779926751244e-01,-3.764115021704922626e+00,-2.620959929354609308e+00
-1.669276842425281571e-01,-3.764871905755147630e+00,-2.804733193914908718e+00
-1.665034161552052527e-01,-3.765980478732091630e+00,-2.986400191368124624e+00
-1.660062669632871024e-01,-3.767504562910143573e+00,3.083326202406034167e+00
-1.658199570892668617e-01,-3.768751253310891336e+00,2.879243955976166003e+00
-1.661018079073685039e-01,-3.769868086194735124e+00,2.697820932858220111e+00
-1.666943807627051521e-01,-3.771155598859685210e+00,2.510373708459905373e+00
-1.672987464349863784e-01,-3.772816044147898396e+00,2.299686177420652289e+00
-1.683927602578813576e-01,-3.774147234721443311e+00,2.098029087100955259e+00
-1.699418377350381815e-01,-3.775041746893365247e+00,1.913483116058899647e+00
-1.721810651574532114e-01,-3.775442337986966379e+00,1.728869488486092898e+00
-1.747205664608560971e-01,-3.775716665582021569e+00,1.542062855055067683e+00
-1.774373748202721368e-01,-3.775815966397040313e+00,1.358751098165135840e+00
-1.805787588944412214e-01,-3.775416975588091972e+00,1.176947749200630167e+00
-1.839215423699944174e-01,-3.774498265913218464e+00,9.732958905965188867e-01
-1.868126226353396258e-01,-3.773191545545902414e+00,7.912468403658372562e-01
-1.899991246263929845e-01,-3.771507958857201803e+00,6.044008427950445794e-01
-1.930117132365667953e-01,-3.769264573516550421e+00,3.929119541777584823e-01
-1.958162090446423365e-01,-3.766723804893047589e+00,2.130932851459718946e-01
-1.987222075200544280e-01,-3.764163007369546676e+00,7.260850232246520743e-03
-2.009062968857265319e-01,-3.761844174730847534e+00,-1.747743678304042036e-01
-2.029429195907259398e-01,-3.759310877047564947e+00,-3.632583822443637422e-01
-2.045611602250329286e-01,-3.756590288481347351e+00,-5.467691263201175378e-01
-2.060315060896714123e-01,-3.753886343987843599e+00,-7.231380147187145280e-01
-2.070469930324519148e-01,-3.751218290992373916e+00,-9.055170482935263054e-01
-2.076334685992902440e-01,-3.748504532252853405e+00,-1.091178505829082601e+00
-2.078769220718827138e-01,-3.746065314258653078e+00,-1.266936696456978373e+00
-2.082251024821794305e-01,-3.744058321257138111e+00,-1.446702884044849036e+00
-2.073164312229997253e-01,-3.742144217358100544e+00,-1.627713948952119294e+00
-2.083728641168775819e-01,-3.740199035499295555e+00,-1.819561529870066252e+00
-2.093940308806705730e-01,-3.738457978454707842e+00,-2.030837070201877648e+00
-2.100607397063670168e-01,-3.737644979274093782e+00,-2.213249767307755800e+00
-2.670622995627867091e-01,-3.817306471928870071e+00,-2.256950455014231416e+00
-3.282531009395176502e-01,-3.898875294220844445e+00,-2.242284379574972064e+00
-3.893234304190704154e-01,-3.978769600448911259e+00,-2.210974117194847377e+00
-4.170780512999519019e-01,-4.025906184546546918e+00,-2.021433454287379305e+00
-4.265025710241254209e-01,-4.050658555288034535e+00,-1.836022006563143849e+00
-4.265064938340369372e-01,-4.051584610077582305e+00,-1.651286094768032342e+00
-4.267307020984524302e-01,-4.052649695955359732e+00,-1.465487462826720266e+00
-4.266704677607255358e-01,-4.054186486179347071e+00,-1.274703697785351864e+00
-4.268859461921446496e-01,-4.055892589018363026e+00,-1.068464219160851991e+00
-4.261427880436151061e-01,-4.057778432489789644e+00,-8.846412248725180616e-01
-4.250204788504713949e-01,-4.060164980130328338e+00,-6.986197169486267899e-01
-4.232633923366253548e-01,-4.062577772729075498e+00,-5.170585459653530558e-01
-4.215494303590909264e-01,-4.064885352274391295e+00,-3.315355397415891137e-01
-4.203192952578556629e-01,-4.066585366414843250e+00,-1.502235048880651846e-01
-4.187945321218404238e-01,-4.067825778437528683e+00,3.717586656424275854e-02
-4.176700396218937517e-01,-4.069200942376154373e+00,2.174318043941646239e-01
-4.154414503845353379e-01,-4.070791544341483714e+00,4.056900768897813148e-01
-4.131517775721401664e-01,-4.072019048898514626e+00,5.870720334585782796e-01
-4.106119592161130982e-01,-4.073176971668147850e+00,7.760757905846225047e-01
-4.077911146183894053e-01,-4.073677407710913023e+00,1.001604567747591990e+00
-3.483696864315292685e-01,-3.993830553492495383e+00,1.004890397869851348e+00
-2.825496711487758827e-01,-3.906349970427466900e+00,8.813854919902794904e-01
-2.032882489588039576e-01,-3.825289277298753454e+00,7.917827615984288636e-01
-1.236557981548889878e-01,-3.744610516316747795e+00,7.919300019890495035e-01
-4.528547225131664827e-02,-3.674275392457836187e+00,7.948516412128211472e-01
3.178519742177993851e-02,-3.602915520378946468e+00,7.946407180058560060e-01
9.749387692247754589e-02,-3.535605707480675264e+00,7.947906065370496931e-01
1.617424831982116618e-01,-3.469427605733251152e+00,7.957239313073094511e-01
2.341621263830348243e-01,-3.397225266870868232e+00,8.031604816602786467e-01
3.057371847224488737e-01,-3.329031348752683694e+00,7.989340926415181565e-01
3.316892142250229547e-01,-3.274859653257993664e+00,7.343951688805347988e-01
3.419008985917505461e-01,-3.290754323165814288e+00,4.663083857773745455e-01
3.456357106862530393e-01,-3.287753901479414598e+00,2.640994363346233498e-01
3.471723060227389634e-01,-3.283384663288991590e+00,6.559872408037828451e-02
3.484822872806026539e-01,-3.275870218789781685e+00,-1.178996943068184589e-01
3.480252755478312476e-01,-3.271269682719934124e+00,-3.076770920537917897e-01
3.462836292993093923e-01,-3.267176563276158241e+00,-4.927597221102318348e-01
3.451440866097887361e-01,-3.263234155335433595e+00,-6.839263918369095085e-01
4.262735864315809198e-01,-3.315822582439869493e+00,-7.416382147050946116e-01
5.101523054606582619e-01,-3.392074480644428291e+00,-7.441792633644831456e-01
5.938478557762343346e-01,-3.468847641529401837e+00,-7.472513524439482469e-01
6.714905084923149525e-01,-3.537927017664540763e+00,-7.521449251972013306e-01
7.593336298341001322e-01,-3.624079578558328407e+00,-7.540062467943696722e-01
8.404567710813496406e-01,-3.693803389530339931e+00,-7.461191421253036138e-01
9.188795253070579649e-01,-3.764562121542979867e+00,-7.506522629451198858e-01
9.961908914803512261e-01,-3.834284906183980546e+00,-7.559921437939445266e-01
1.074047455147764341e+00,-3.905552931735148725e+00,-7.617156411351827527e-01
1.132668072567646123e+00,-3.942587013493951797e+00,-9.288459747254712573e-01
1.134523213358153315e+00,-3.941421440933178921e+00,-1.114616520661889876e+00
1.145182378769250997e+00,-3.940067351086435465e+00,-1.279534618841080551e+00
1.158714666387224534e+00,-3.938270293680846024e+00,-1.402883396091411550e+00
1.157458258960432529e+00,-3.939457512100389636e+00,-1.301171736704097803e+00
1.139146838842263421e+00,-3.936630716746325920e+00,-1.531230436215312851e+00
1.143811342871009273e+00,-4.034077296661740419e+00,-1.562081983918179651e+00
1.138579121340135503e+00,-4.096083694195770342e+00,-1.626319680023386338e+00
1.126674240212011346e+00,-4.090364559605550454e+00,-1.884034802567984945e+00
1.118996398756607169e+00,-4.087676827416575343e+00,-2.115696094544317507e+00
1.118869846083771380e+00,-4.089487827144310472e+00,-2.307520984880779391e+00
1.123099018317192943e+00,-4.094510566295049614e+00,-2.319370084879216698e+00
1.123734932502735040e+00,-4.098879871718006385e+00,-2.126082781398983546e+00
1.131324950284609221e+00,-4.105909014163310111e+00,-2.249437972795875318e+00
1.066022982607418346e+00,-4.180884865062121314e+00,-2.293560619891121810e+00
1.001105540753642220e+00,-4.255672528994881354e+00,-2.289755027486097827e+00
9.958052351792515688e-01,-4.292123250283530034e+00,-2.401020499999253044e+00
9.940091038982660221e-01,-4.287549994622879446e+00,-2.611910973114571544e+00
9.920719722299913279e-01,-4.283208910285582149e+00,-2.819245509894695800e+00
9.912127842627694863e-01,-4.281613195572158581e+00,-3.010606902582255717e+00
9.908956730852265249e-01,-4.276745246208077944e+00,3.058869369368359958e+00
9.904614754741867255e-01,-4.275208138633277422e+00,2.858836073794186028e+00
9.895540806476477158e-01,-4.280040150451974057e+00,2.696536776109454081e+00
9.884554624342770657e-01,-4.284358232583132420e+00,2.540930788230279180e+00
9.915330104469549655e-01,-4.283436590453744586e+00,2.324887596588049110e+00
9.855159739119349060e-01,-4.286386544242891006e+00,2.170770835861268289e+00
9.796438888857859073e-01,-4.289349548685181368e+00,2.022729043229165136e+00
9.724980464877762687e-01,-4.292283067616012637e+00,1.864290486790111334e+00
9.656245195816269833e-01,-4.295095561181264010e+00,1.710520036874658922e+00
9.729849496909713791e-01,-4.303615918985031819e+00,1.486035103301075022e+00
9.762687723425722552e-01,-4.306735059600812043e+00,1.277074044797019470e+00
9.794198266372377004e-01,-4.308786690138463271e+00,1.075461200220605429e+00
9.765934384728713891e-01,-4.307724687361296212e+00,9.010445774280273490e-01
9.738828429440058443e-01,-4.306547408153631906e+00,7.192064094519142747e-01
9.712114604743316004e-01,-4.304686914806985953e+00,5.427048627165379502e-01
9.685879341706644663e-01,-4.302433149795846568e+00,3.555137858124913230e-01
9.666425770602146139e-01,-4.300399329052726038e+00,1.770914729039805013e-01
9.648306100163247523e-01,-4.298077143829245550e+00,-1.020130849377545463e-03
9.628565291010028337e-01,-4.296118655653960339e+00,-1.798085319584748765e-01
9.609474849583401479e-01,-4.294004469898423437e+00,-3.598818426359469136e-01
9.592520235151776875e-01,-4.291916999926906229e+00,-5.414443627128080472e-01
9.576911723721666103e-01,-4.289866484831433624e+00,-7.179960892645171899e-01
9.596230507209231320e-01,-4.287518312751817717e+00,-8.961428492153670211e-01
9.622823653575097724e-01,-4.285022536099315715e+00,-1.077490892270497103e+00
9.654203877587649307e-01,-4.282549919896158741e+00,-1.247931741223202495e+00
9.582487978752967095e-01,-4.287000244286165440e+00,-1.446855423002484375e+00
9.572893787653665720e-01,-4.288053671034072423e+00,-1.623542693675992465e+00
9.618154829950583684e-01,-4.291747022683124690e+00,-1.779209994161276454e+00
9.563274942690436209e-01,-4.288587559299299912e+00,-1.988127873686405866e+00
9.506437623314358820e-01,-4.285927868880945013e+00,-2.197889392326841662e+00
9.095294872200182512e-01,-4.349637660345244683e+00,-2.288576545962974329e+00
8.397547411173524878e-01,-4.427880026399283686e+00,-2.284080600627285129e+00
7.712144646954995908e-01,-4.504295349267102289e+00,-2.274768940178189869e+00
7.038571703568731186e-01,-4.579758360728628297e+00,-2.175054792739423259e+00
6.509041650244912214e-01,-4.656493545866392303e+00,-2.158522336910934758e+00
5.946363989727417865e-01,-4.732958478325577367e+00,-2.058416845057454481e+00
5.515871562359896396e-01,-4.816895670599150137e+00,-2.004258737896921883e+00
5.029209386032856832e-01,-4.816384305502062979e+00,-1.894230329702211169e+00
5.415398970095367526e-01,-4.828280932985914653e+00,-1.634489055548947078e+00
5.319664684989755532e-01,-4.859071217893884409e+00,-1.489540562749430253e+00
5.413174490542502770e-01,-4.903566486487014764e+00,-1.303790001013360511e+00
5.564029698722078310e-01,-4.905357004514251607e+00,-1.079418529908348301e+00
5.557864104184218057e-01,-4.932868932511198956e+00,-9.354921911238048837e-01
5.901070266117026675e-01,-4.985946223332530458e+00,-9.969256228884534332e-01
6.370561287752590784e-01,-5.081722752363807771e+00,-1.022991329164363306e+00
6.371141083924442006e-01,-5.094728327804966206e+00,-1.210896202878377848e+00
6.412885811874907693e-01,-5.095562927033301825e+00,-1.381103371042289751e+00
6.477771642410196096e-01,-5.097088932046776932e+00,-1.549938158565563384e+00
6.542320450468507298e-01,-5.098789960091164808e+00,-1.730109106909944350e+00
6.604964094135298280e-01,-5.100628547669928459e+00,-1.900971921479398974e+00
6.674801681923197005e-01,-5.103116364578164088e+00,-2.080900328905280094e+00
6.646017862348518879e-01,-5.094469953746600055e+00,-2.275848376220908964e+00
6.615176447845972918e-01,-5.086331076693178410e+00,-2.460281262216124976e+00
6.670817042907960515e-01,-5.090094663752444681e+00,-2.556754593267076991e+00
6.592142672196548148e-01,-5.083624609568479613e+00,-2.385925897047634248e+00
6.740238154946754934e-01,-5.104828021866807397e+00,-2.176884732510369069e+00
6.695516777756502780e-01,-5.102244702597661608e+00,-1.993531028005876671e+00
6.651786436214014442e-01,-5.101623044392710860e+00,-1.815645765258300015e+00
6.576765616637587630e-01,-5.117943712111106436e+00,-1.637602439313419422e+00
6.537580545681075384e-01,-5.135627513055937676e+00,-1.456300993436210778e+00
6.505459811633041989e-01,-5.173984292259937945e+00,-1.313875771111599366e+00
6.752642762998445347e-01,-5.208775009705682635e+00,-1.112496759509137512e+00
7.110123540757501415e-01,-5.303407545808395795e+00,-1.052687676106031756e+00
7.603922173233378379e-01,-5.393600417090881116e+00,-1.054204615109501697e+00
7.517814939373461680e-01,-5.465752057011246556e+00,-9.381702190139159514e-01
7.644515043012913846e-01,-5.452940202515998536e+00,-7.296861771078652081e-01
7.697293003029564984e-01,-5.448707387716188677e+00,-5.361141113035381434e-01
7.761297090693627387e-01,-5.444558230584069847e+00,-3.500502925502160245e-01
7.762672766398827084e-01,-5.448137850938297611e+00,-1.816469951744107136e-01
7.771138352901764135e-01,-5.451126643253745740e+00,-3.593920484205185943e-03
7.782266323854748480e-01,-5.454466358895469824e+00,1.806701286664413597e-01
7.793573688954384959e-01,-5.457832814595672488e+00,3.644430788748664884e-01
7.810381094690215242e-01,-5.460286567625830756e+00,5.501196470965810104e-01
7.824763706564727972e-01,-5.462624019887337923e+00,7.286594308315498258e-01
8.257892064689815737e-01,-5.416902477242718561e+00,8.615057141194285562e-01
8.349506688130186038e-01,-5.410110510707040632e+00,1.030629781451952498e+00
8.364332895857866657e-01,-5.411174556077884112e+00,1.203772558307133256e+00
8.336692197245663127e-01,-5.411690374840876672e+00,1.398878101837962795e+00
8.339474633919155000e-01,-5.411181553449856629e+00,1.584753742272744015e+00
8.297608411902837044e-01,-5.410742424285213126e+00,1.776548350048447134e+00
8.208667009793829683e-01,-5.409763381683326600e+00,1.990787809928544760e+00
8.101648196591355600e-01,-5.408350360371306564e+00,2.207196743462742639e+00
7.669980131203421037e-01,-5.328511823720092799e+00,2.211095849874576746e+00
7.024393904246668541e-01,-5.242322211239095253e+00,2.218619941877403967e+00
6.366572194506964211e-01,-5.158438793377563947e+00,2.279601636054636948e+00
6.056718607800248844e-01,-5.113391893529457555e+00,2.101719273861196502e+00
5.873767614889410238e-01,-5.071868786954851771e+00,1.925604779081512508e+00
5.820897501313752054e-01,-5.021313912835061899e+00,1.717508892895647676e+00
5.750262183346891431e-01,-4.964279318330218516e+00,1.544180969830018402e+00
5.822624646359684242e-01,-4.900338162232524830e+00,1.382212093623828686e+00
6.048469046526790960e-01,-4.804108849756257626e+00,1.264781425546140925e+00
6.410861122395055123e-01,-4.714992356287582176e+00,1.136782172761690468e+00
6.260900038323208294e-01,-4.636588969672403415e+00,1.059851261432940728e+00
6.920243969947943441e-01,-4.552837601115368393e+00,1.050533248110173234e+00
7.536440442029205267e-01,-4.469362181400057921e+00,1.044614160135869607e+00
7.971381469474302373e-01,-4.413779749829059185e+00,8.964299584829310552e-01
8.402842302533111152e-01,-4.369287442400834998e+00,7.292452694713444927e-01
8.897210659247566378e-01,-4.330976483696423962e+00,5.606824206190578197e-01
9.435387851927764524e-01,-4.300849183025563072e+00,3.893661470866306429e-01
1.001841602513817708e+00,-4.279931913112001496e+00,2.186129852029369547e-01
1.047264694285225950e+00,-4.270072538270157203e+00,5.031241978049384028e-02
1.087256174101385753e+00,-4.268367325630419096e+00,-1.318088931275515630e-01
1.141990026124527491e+00,-4.276140685263612795e+00,-3.004029848265621361e-01
1.238980645010285597e+00,-4.313627553168248419e+00,-4.238474682167125418e-01
1.294577892905012240e+00,-4.335876764308129516e+00,-2.718043138025494354e-01
1.316678467931623908e+00,-4.333544226438966973e+00,-7.752253710714948620e-02
1.329880077715891229e+00,-4.333175288774160805e+00,1.080523577761120374e-01
1.336047303788850504e+00,-4.332377429111592626e+00,2.825975719178279721e-01
1.342329259355234505e+00,-4.330883393965046402e+00,4.655003753821429502e-01
1.358244290086340289e+00,-4.320813397962531610e+00,6.421198684975755189e-01
1.436867562871874560e+00,-4.251860005570227585e+00,7.138239444840376313e-01
1.514491575952864544e+00,-4.181562496421030062e+00,7.218170390036481310e-01
1.591442530116783827e+00,-4.110308954953834970e+00,7.259721865528608875e-01
1.668118513791376323e+00,-4.039939003743515222e+00,7.312897953983956700e-01
1.743971609343645035e+00,-3.968717843783385657e+00,7.292573294514932414e-01
1.752274591691772798e+00,-3.962445081117127454e+00,9.063636808919818266e-01
1.755303923192687021e+00,-3.960490574357105054e+00,1.088065129349876203e+00
1.757961508373426351e+00,-3.958348349915942421e+00,1.261358270047863384e+00
1.760645217828233022e+00,-3.955122384585579187e+00,1.442352082532677882e+00
1.763030628457082916e+00,-3.952017030074020720e+00,1.615721101527886727e+00
1.765295467838109644e+00,-3.948624809463700647e+00,1.802231684331248696e+00
1.789693597445069839e+00,-3.928049836671380302e+00,1.947726106746191510e+00
1.782945543717874060e+00,-3.933027065269720790e+00,2.147665814294680064e+00
1.786164685588183199e+00,-3.929456569092848461e+00,2.331994569666181238e+00
1.788778635268800432e+00,-3.925982075970204210e+00,2.512680525909085638e+00
1.788418133181204572e+00,-3.924691150318881050e+00,2.696072019712790091e+00
1.787581254302167411e+00,-3.923589612465739229e+00,2.879394960215323263e+00
1.786848965134382627e+00,-3.922386840369823879e+00,3.060111864048560726e+00
1.786176695411305415e+00,-3.921097146419124435e+00,-3.041266929229125004e+00
1.785046519525157915e+00,-3.920102226036249249e+00,-2.862219708432734322e+00
1.783738367986237305e+00,-3.919232377179955318e+00,-2.684483110337922973e+00
1.782268322132584348e+00,-3.918768686585580419e+00,-2.504721127290472360e+00
1.803412811267463889e+00,-3.939860640481969600e+00,-2.234273051363760754e+00
1.794663822352587035e+00,-3.931500166086771220e+00,-2.078809587531141201e+00
1.785902350313854470e+00,-3.923451912426138222e+00,-1.927576487467648203e+00
1.784790210484604733e+00,-3.924860602257076003e+00,-1.740199373403468863e+00
1.783602628041975002e+00,-3.926042781372599766e+00,-1.560057326874841888e+00
1.782871675748986418e+00,-3.927657981441311286e+00,-1.382578794018049839e+00
1.782620392841097967e+00,-3.929436896437633830e+00,-1.201729955074531953e+00
1.782465254428575063e+00,-3.931239346013266633e+00,-1.024882456993295943e+00
1.782552363221690861e+00,-3.933235235241219208e+00,-8.439645823659472912e-01
1.776065900124974561e+00,-3.954333792022363792e+00,-7.020084295398351104e-01
1.770040593339418766e+00,-3.975602819812413369e+00,-5.548814674696516125e-01
1.771621958044964362e+00,-3.967766607517187349e+00,-3.634265513490841926e-01
1.775391844962746823e+00,-3.959759971052311922e+00,-1.653511607561714836e-01
1.779285020658899263e+00,-3.952960890671171956e+00,2.615231897033971908e-02
1.780451097277080619e+00,-3.955282527686105887e+00,2.064855571743892670e-01
1.781686810617516104e+00,-3.957357074907223549e+00,3.940402909551274924e-01
1.783128762248437749e+00,-3.959312357756766154e+00,5.743719293380388224e-01
1.784726808840793488e+00,-3.960940637699491340e+00,7.486136264141030061e-01
1.786533857368385547e+00,-3.962372210463687594e+00,9.344409785386807998e-01
1.788333282478647535e+00,-3.963273336329956376e+00,1.121225649828729187e+00
1.789904316282727059e+00,-3.963483245624340956e+00,1.304882485043435736e+00
1.789973252477312204e+00,-3.964179437870682499e+00,1.332927928236182780e+00
1.787394950870318411e+00,-3.965669718630489893e+00,1.151987688300655899e+00
1.785083614031562238e+00,-3.966463269466320885e+00,9.753349177498999989e-01
1.782568527827721461e+00,-3.966431400615432423e+00,7.938711810153078474e-01
1.780604837240923111e+00,-3.966185838684695320e+00,6.137908411288007793e-01
1.778342448132113063e+00,-3.965684046022947662e+00,4.307800537025054943e-01
1.776251245176188265e+00,-3.965086382683724153e+00,2.539087828417868065e-01
1.774384042325078958e+00,-3.964360993650426490e+00,7.147444419566145735e-02
1.773721776534767702e+00,-3.961619323340218379e+00,-1.014169074403701992e-01
1.773763948103904031e+00,-3.959176488224301238e+00,-2.790977218484930189e-01
1.773740805221860617e+00,-3.956655977282936387e+00,-4.519777933667694092e-01
1.774034843735129208e+00,-3.954134338717002706e+00,-6.303261801863861979e-01
1.774531823160938604e+00,-3.950973469027712515e+00,-8.105724566485795757e-01
1.775188913924962808e+00,-3.947801631070523065e+00,-9.896611939035677707e-01
1.776536104247790293e+00,-3.944058311652229420e+00,-1.124066561658853214e+00
1.777375020058773458e+00,-3.946106558416131449e+00,-9.427426923752341148e-01
1.842506255003118820e+00,-4.023871169117487767e+00,-8.823919477613471063e-01
1.908356388010428839e+00,-4.098709030285760058e+00,-8.556036153505731656e-01
1.923454067362313724e+00,-4.113244493883893682e+00,-6.728469566506224409e-01
1.940853765143939924e+00,-4.124626209334123494e+00,-4.930616777153606911e-01
1.951985486874074249e+00,-4.170972224680951079e+00,-3.597237578380650946e-01
1.952035785067071316e+00,-4.168298197640077696e+00,-1.794830938209684978e-01
1.951894779835112503e+00,-4.165011927042862716e+00,1.430902337174709375e-02
1.952369065879257626e+00,-4.161601184471484416e+00,2.069501279994355458e-01
1.951495889512102622e+00,-4.153530172255575970e+00,3.024720463204739196e-01
1.949912966872138220e+00,-4.151470271147148061e+00,1.208131643605324657e-01
1.949083646458026786e+00,-4.149468452361749549e+00,-6.148526881277610601e-02
1.947862475591307430e+00,-4.149629150567471392e+00,-2.468770415809329044e-01
1.946947626351336336e+00,-4.149268398733512164e+00,-4.325889564991505787e-01
1.946849566121964692e+00,-4.148918955915970486e+00,-6.105928538616048895e-01
1.971137477584932629e+00,-4.169886617329400025e+00,-7.669905527188721761e-01
1.982883738158125242e+00,-4.184565933403648685e+00,-9.442613044711005710e-01
2.002585634301648820e+00,-4.220108297192491698e+00,-9.953160230479348725e-01
2.029234071756253144e+00,-4.255306127614138845e+00,-8.302926212626529079e-01
2.030397139374659154e+00,-4.259420448176138407e+00,-6.479114461160616623e-01
2.031818342178841608e+00,-4.262768736598888886e+00,-4.645203955868959511e-01
2.033604372793077708e+00,-4.266225513712332607e+00,-2.878593036073160416e-01
2.035843712431214758e+00,-4.269396706705432365e+00,-1.071219775061494212e-01
2.038083127772680303e+00,-4.272802234925772602e+00,7.839541329514669588e-02
2.040039946934427473e+00,-4.276012510897073682e+00,2.635017106195442493e-01
2.041326637356205786e+00,-4.276449527849475629e+00,4.515807171072955262e-01
2.041777821977956542e+00,-4.274829655762775182e+00,6.423617846249189967e-01
2.042521775429407160e+00,-4.271448269513867579e+00,8.296336758331751549e-01
2.030189632702533498e+00,-4.247986615202418825e+00,7.575289433674844419e-01
2.033725860967219301e+00,-4.260964223077348123e+00,5.608690943462937284e-01
2.032644037848673424e+00,-4.262120445347242104e+00,3.839646485341811077e-01
2.032536141393121110e+00,-4.265806948832954859e+00,1.966866263848675300e-01
2.032514786251567784e+00,-4.269554714663141404e+00,6.987150883258690277e-03
2.030001346356726355e+00,-4.268646363120862652e+00,-1.683666810019979754e-01
2.027475645123317349e+00,-4.267298588271339455e+00,-3.460582650391014203e-01
2.025713747289091593e+00,-4.265632948179506556e+00,-5.314364896405977534e-01
2.027106658987180232e+00,-4.266398110015086509e+00,-7.168762328993091293e-01
2.029784489979538531e+00,-4.268344711524330926e+00,-8.918480739586469586e-01
2.033107145471952926e+00,-4.272963027798746261e+00,-1.065450827060263617e+00
2.048137685824560350e+00,-4.314616760761099457e+00,-1.241857183653423791e+00
2.062377291365177889e+00,-4.386970300627313968e+00,-1.356653145798185633e+00
2.075227472916638227e+00,-4.446597539413686739e+00,-1.379877506151398370e+00
2.077765518653162946e+00,-4.498672691034526494e+00,-1.557508321474385671e+00
2.071408485500447760e+00,-4.599176157186272818e+00,-1.608874787599430700e+00
2.065510306992122569e+00,-4.700283746560343090e+00,-1.607587290109536493e+00
2.059077061955409071e+00,-4.801626837873390841e+00,-1.606720522351785974e+00
2.058392377805039253e+00,-4.828265007955380383e+00,-1.790813373856478208e+00
2.060134107978244700e+00,-4.828320353519404584e+00,-1.966214195813393628e+00
2.062073423033308206e+00,-4.828530406779034223e+00,-2.149303149275887836e+00
2.064202434159651212e+00,-4.829396795371303952e+00,-2.332890226982557991e+00
2.065656378831219886e+00,-4.831030667114163180e+00,-2.510263908961075874e+00
2.066866106213233412e+00,-4.832828276104422116e+00,-2.690407924022375052e+00
2.067358136831351612e+00,-4.831945288935441063e+00,-2.870655247796164211e+00
2.067616839742613344e+00,-4.829329999736367895e+00,-3.062089448109346357e+00
1.968397903413421579e+00,-4.831868084449861378e+00,-3.066644844543552129e+00
1.877767166300865265e+00,-4.820755163560368928e+00,-2.917961923543460401e+00
1.858231729244499419e+00,-4.825444850957207876e+00,-2.728004125297896820e+00
1.853287289945229510e+00,-4.826973909443302624e+00,-2.562751181795381417e+00
1.848136303407482250e+00,-4.829157697464807164e+00,-2.386637986498683084e+00
1.843316403942649950e+00,-4.832412478983886039e+00,-2.197785338522681542e+00
1.838818029622778072e+00,-4.836908876694221426e+00,-2.007983399459283280e+00
1.834168813973091616e+00,-4.847661778964089230e+00,-1.830802601389702744e+00
1.813010664198405175e+00,-4.948295710868525710e+00,-1.759465819620748883e+00
1.793545965620040761e+00,-5.049586866460619383e+00,-1.750084434639435527e+00
1.775253467032296140e+00,-5.150156279670896176e+00,-1.747030483893144304e+00
1.761387114821325817e+00,-5.223383055983408241e+00,-1.580361604590415192e+00
1.760488235412380753e+00,-5.226139208943490821e+00,-1.393034068960298244e+00
1.759988757001116566e+00,-5.229225309778312791e+00,-1.204665583322056532e+00
1.760189901537995150e+00,-5.232258502268690492e+00,-1.016971197482352096e+00
1.761040883624207076e+00,-5.235729701673391467e+00,-8.447042839716589757e-01
1.761922004559202337e+00,-5.239492610662288108e+00,-6.655453162198767814e-01
1.763537834094339951e+00,-5.242909530374335603e+00,-4.925876654702165403e-01
1.765736600385887201e+00,-5.248256456487395916e+00,-3.234015714681949261e-01
1.861639128163179002e+00,-5.283057619901654789e+00,-2.217641066320979737e-01
1.865013695213427525e+00,-5.290242421140086471e+00,-1.893702414424979774e-01
1.843406948191021577e+00,-5.292605294309986164e+00,-3.834096432454119074e-02
1.845707400522907493e+00,-5.295918267448605832e+00,1.296380343224277365e-01
1.847667484771746027e+00,-5.298936398645034629e+00,3.076145450618709143e-01
1.850061016494919386e+00,-5.302109779910438192e+00,4.918527201258816595e-01
1.852369315030892638e+00,-5.305005569179182423e+00,6.753231775468382381e-01
1.855243235571141236e+00,-5.308031257197673547e+00,8.432364214062983976e-01
1.855788877815823801e+00,-5.308185927801601700e+00,1.035454038533247356e+00
1.856490877101325543e+00,-5.307728853124329405e+00,1.212086554556260465e+00
1.855658797034724472e+00,-5.307176094622759521e+00,1.401372910692104679e+00
1.855101099376889939e+00,-5.306305465751223416e+00,1.593611242419968210e+00
1.841922468058842854e+00,-5.207742396007546404e+00,1.704836835659007122e+00
1.827006982294778759e+00,-5.107419407323730454e+00,1.715320679540560667e+00
1.822877818323808574e+00,-5.095623614830529391e+00,1.540777593368695797e+00
1.820530680673482227e+00,-5.096401331704277560e+00,1.353087640302976791e+00
1.843129007768592009e+00,-5.033361315193659813e+00,1.218156303476496394e+00
1.844564803316180557e+00,-5.031955304447745192e+00,1.400625006341543299e+00
1.861234109510351731e+00,-4.945013953443013754e+00,1.240465439749234067e+00
1.867999038363273856e+00,-4.928903394055527798e+00,1.067214214787485238e+00
1.924769787525116627e+00,-4.845257255913324457e+00,9.740609331762457579e-01
1.961496403920798492e+00,-4.762297264925430262e+00,9.314462261609985916e-01
1.994605962125401311e+00,-4.725329366775405049e+00,7.507984139100646326e-01
2.018094932690014609e+00,-4.706025769197324848e+00,5.585722961500950712e-01
2.034910623688835685e+00,-4.696753419990164602e+00,3.667754287296063898e-01
2.058167467458543509e+00,-4.709491910298051032e+00,1.185171996512423276e-01
2.088842937638387021e+00,-4.706770843435115204e+00,-6.466614449534464903e-02
2.107904900854365771e+00,-4.708256781693482829e+00,-2.497456490530451378e-01
2.134129689841651079e+00,-4.717287658349884616e+00,-4.415233408536891613e-01
2.161905468923481344e+00,-4.733184403124135464e+00,-6.301119945669929612e-01
2.185058138272028216e+00,-4.753129321966475196e+00,-8.108868186785631593e-01
2.230097398159045063e+00,-4.812682425014815024e+00,-9.435992142690292628e-01
2.249216164813068630e+00,-4.833779826022728265e+00,-7.581739847721618020e-01
2.272505041210074239e+00,-4.851409047710223632e+00,-5.694689038667800629e-01
2.303315047099699253e+00,-4.866824274229086811e+00,-3.826508944341725504e-01
2.353270956124970947e+00,-4.880090335579939875e+00,-2.111227601581888991e-01
2.442540526675607282e+00,-4.875462444220380220e+00,-2.496031159741414762e-01
2.472027616181239562e+00,-4.885303070748149956e+00,-1.934868306487929901e-01
2.476597975564102772e+00,-4.887319733249770870e+00,-1.479442645497222077e-02
2.477560460461061709e+00,-4.882157088041786608e+00,1.748385848168199364e-01
2.480143708393362623e+00,-4.884303388017010583e+00,3.565036703569412491e-01
2.482479317746415060e+00,-4.885856430731990940e+00,5.429708033191549266e-01
2.482330684132563636e+00,-4.878743970345333025e+00,7.291153413743727274e-01
2.484766396123052168e+00,-4.880044759416356293e+00,9.119093479434356997e-01
2.487345574755711386e+00,-4.880277245959541155e+00,1.093767098407576466e+00
2.489444189519043338e+00,-4.880067246311911688e+00,1.275093032888843014e+00
2.491284166262217159e+00,-4.879133886161309164e+00,1.452396989276341088e+00
2.492937192302308702e+00,-4.878476723530110526e+00,1.635666830179690834e+00
2.494083497244755865e+00,-4.877504693455600560e+00,1.808049712026149614e+00
2.494700826839434171e+00,-4.876276710865861119e+00,1.986520298648285943e+00
2.494778760634889458e+00,-4.875158728515978979e+00,2.157889974877603034e+00
2.494102445180590877e+00,-4.873881565083734380e+00,2.329404104669771325e+00
2.493054440470097610e+00,-4.872814425631609048e+00,2.508763722272314478e+00
2.491800803686759824e+00,-4.871680452922937832e+00,2.691163299331519543e+00
2.490554743256402581e+00,-4.870532708080111739e+00,2.862969680297263952e+00
2.489308826904082839e+00,-4.869234216225040157e+00,3.046318834522807606e+00
2.488122384481203042e+00,-4.868566525627730179e+00,-3.060861514737825750e+00
2.486644888619135241e+00,-4.867644811493681445e+00,-2.882431745229128595e+00
2.484843018712823426e+00,-4.866916453969647449e+00,-2.701023153274309418e+00
2.483680124294648461e+00,-4.866432908299811011e+00,-2.522952285583908161e+00
2.482183362213934874e+00,-4.865789196597613220e+00,-2.347254315040910200e+00
2.480866741988136948e+00,-4.865141472170358306e+00,-2.171248892604174419e+00
2.479460844254309126e+00,-4.864827379889993253e+00,-1.994288199394324002e+00
2.478010937763159838e+00,-4.864847060688306968e+00,-1.816979019339244772e+00
2.476716405479754357e+00,-4.865538931372075382e+00,-1.640833145133913318e+00
2.475730344076270129e+00,-4.866771921668053835e+00,-1.458242016316620759e+00
2.475128328262159005e+00,-4.868625753547481061e+00,-1.274150567275360135e+00
2.474848829328965216e+00,-4.872595086453084257e+00,-1.107591003992533629e+00
2.485051869760529275e+00,-4.892025016502156376e+00,-9.352649795194590832e-01
2.546712020215139205e+00,-4.973392411758311482e+00,-9.217369164675750515e-01
2.606841899895507630e+00,-5.054614200963470694e+00,-9.330139731247009127e-01
2.666851578352347207e+00,-5.135853989247167739e+00,-9.360762296825284601e-01
2.708492858766789801e+00,-5.185421364798073363e+00,-7.615562598095810820e-01
2.719551464136818364e+00,-5.197762240748332374e+00,-5.809276597951329446e-01
2.732396086445973094e+00,-5.185911640904953934e+00,-3.133268290223706343e-01
2.732509464455300296e+00,-5.188275759413033761e+00,-1.339395786941437461e-01
2.733174915768564972e+00,-5.190583807734008737e+00,4.698696359602713701e-02
2.733711369446121697e+00,-5.192277594093996917e+00,2.231619381471970365e-01
2.734659414254024590e+00,-5.193761762110924884e+00,3.939999558069762764e-01
2.735745450824676794e+00,-5.194909430912378667e+00,5.648803371645706450e-01
2.732923547725072844e+00,-5.194368744812619454e+00,3.798700434461861897e-01
2.729582576253622328e+00,-5.193621017681182117e+00,1.927496128301796063e-01
2.727076605299012080e+00,-5.192519763630670582e+00,4.546974762214071007e-03
2.724516258627394105e+00,-5.191161307171588746e+00,-1.774277308291087596e-01
2.726038787478500591e+00,-5.190766045445674770e+00,-3.577705687787566258e-01
2.728638795488582680e+00,-5.191555179680497289e+00,-5.382814585971640309e-01
2.740907772079959948e+00,-5.198287519348070873e+00,-7.127862324149228934e-01
2.747073567573930397e+00,-5.202213557920158493e+00,-8.872003337975602477e-01
2.756544347908478798e+00,-5.214305482120043855e+00,-1.063773421754838022e+00
2.774719274826138449e+00,-5.249809381069067804e+00,-1.236353767010116789e+00
2.782873773956992203e+00,-5.293373699154969358e+00,-1.411150665032225859e+00
2.784253656743122196e+00,-5.346103651817207592e+00,-1.587878061104612160e+00
2.785650535298537456e+00,-5.436684445403619392e+00,-1.627455521698488505e+00
2.766437947746256398e+00,-5.501459654785003650e+00,-1.879845048724604339e+00
2.745499860195293795e+00,-5.598322691345126501e+00,-1.917913879276817335e+00
2.722382523028632928e+00,-5.695828802155366688e+00,-1.928882967672362225e+00
2.697478180676609938e+00,-5.792776734390606030e+00,-1.900111818834209432e+00
2.720053566017486268e+00,-5.813110349537756072e+00,-1.677142030669827255e+00
2.725703204331603846e+00,-5.816349378506807888e+00,-1.496458678216368021e+00
2.719218503737693027e+00,-5.823144545800807315e+00,-1.373319737466966561e+00
2.712591902567460522e+00,-5.829946762820239492e+00,-1.247599619968950968e+00
2.721227319318939575e+00,-5.829178205003889168e+00,-9.906104885770755653e-01
2.718396876546525398e+00,-5.833173585299574526e+00,-8.066517377448558790e-01
2.716413902439748895e+00,-5.837124057417693024e+00,-5.790684566651248533e-01
2.714874813876063886e+00,-5.840328873060527393e+00,-4.010671238281656170e-01
2.713051724681686760e+00,-5.843311820593402039e+00,-2.110774959284018593e-01
2.712459453121010888e+00,-5.845749829958598376e+00,-1.915329559379420551e-02
2.712400280184560142e+00,-5.848469555608370563e+00,1.896907259302641202e-01
2.712677302307084037e+00,-5.851225102604150408e+00,3.914638333920579805e-01
2.713945536782540469e+00,-5.853639829622658830e+00,6.780425804544421009e-01
2.715105313000840237e+00,-5.855409906601430237e+00,9.061157561713115705e-01
2.715879623995810732e+00,-5.856693340428097194e+00,1.080654144806334926e+00
2.716655582181112916e+00,-5.857446619386745823e+00,1.272846073553171919e+00
2.716932493246043467e+00,-5.857131214254921225e+00,1.497197371423776957e+00
2.716975394236324171e+00,-5.856902260944270466e+00,1.671874028395491374e+00
2.717091004146939603e+00,-5.856002672931978736e+00,1.885668115220214824e+00
2.716551558008360789e+00,-5.854850231963224516e+00,2.065156973811362651e+00
2.715384300089964675e+00,-5.853054954117751230e+00,2.324497285362665533e+00
2.713305723492966504e+00,-5.851720106588079950e+00,2.545260250034603988e+00
2.711015147077573406e+00,-5.850605942020867367e+00,2.768670139607623870e+00
2.708553773799871944e+00,-5.849804883895901142e+00,2.945553728624274115e+00
2.705235290398988468e+00,-5.848158025607562926e+00,-3.094037065532948994e+00
2.701539520861050203e+00,-5.847847912753583621e+00,-2.916698239548781491e+00
2.697234391381851726e+00,-5.847600706223382794e+00,-2.681766816339657300e+00
2.692794764249317740e+00,-5.847614561273455358e+00,-2.494021303206478191e+00
2.687983863079282276e+00,-5.848447143829273109e+00,-2.315348623280500728e+00
2.684144767030870682e+00,-5.850345851345367443e+00,-2.303000218357296625e+00
2.683037715090997199e+00,-5.852726900530701215e+00,-2.494782469073918207e+00
2.679072712922232480e+00,-5.856147913340215005e+00,-2.588639408395776886e+00
2.674270573070377743e+00,-5.856741200768714961e+00,-2.410485558054489275e+00
2.665943029768691463e+00,-5.860314946219165932e+00,-2.290817222147508936e+00
2.665134817384569033e+00,-5.862556893651983181e+00,-2.476110418267697177e+00
2.664108852467011346e+00,-5.865311328236738397e+00,-2.651274676757044979e+00
2.663165225012793513e+00,-5.868499890468928726e+00,-2.836210514174500208e+00
2.557257780420264748e+00,-5.896439179924614749e+00,-2.940291542102928979e+00
2.453219433510851921e+00,-5.920661491751968875e+00,-2.918576797870187534e+00
2.350341570554265846e+00,-5.954051029078567758e+00,-2.874132129344616704e+00
2.246908432703703884e+00,-5.985673712595236395e+00,-2.874285627310774416e+00
2.143571541379186929e+00,-6.017089780140848276e+00,-2.873683067971255500e+00
2.097125002182316234e+00,-6.031120418001036931e+00,-2.710478804646212048e+00
2.091204907914193889e+00,-6.030756574778211920e+00,-2.533571094551374081e+00
2.005202096795192457e+00,-6.095165115544513235e+00,-2.450531122845171161e+00
1.918570774523815414e+00,-6.163984774096452846e+00,-2.453984898362504996e+00
1.836749602160458128e+00,-6.231480163236123637e+00,-2.451479551667010703e+00
1.752839141907783782e+00,-6.298303820997130487e+00,-2.449721982944022436e+00
1.736671722921910410e+00,-6.362895397972361700e+00,-2.562116803938324860e+00
1.737341940356831982e+00,-6.362703543596167854e+00,-2.750122947211675051e+00
1.738040705534981800e+00,-6.362901308825485991e+00,-2.937172821186940563e+00
1.738631751127454272e+00,-6.362504056896529647e+00,-3.118619997128832644e+00
1.739120840120538469e+00,-6.362737270143411727e+00,2.977510665356006836e+00
1.655386092146134080e+00,-6.338564272806468836e+00,2.917898138214027881e+00
1.625666805821510685e+00,-6.330411934830780574e+00,2.824752691851565078e+00
1.619380311623797253e+00,-6.326919714579506859e+00,2.904440389991102656e+00
1.616808506541913548e+00,-6.324685065272042550e+00,2.915213428008122776e+00
1.616626062504149308e+00,-6.324943715438533509e+00,2.731085894949227821e+00
1.530303590239755041e+00,-6.273439332940637492e+00,2.599957407210410576e+00
1.470458569177252928e+00,-6.238126357357207219e+00,2.385179366547509172e+00
1.468011709674548637e+00,-6.235857834095085650e+00,2.406622108971790297e+00
1.466234749960392270e+00,-6.233180145242923409e+00,2.586317633722991172e+00
1.464189526582294620e+00,-6.230763653904197064e+00,2.760892743602715083e+00
1.462338469718713618e+00,-6.228084213282328641e+00,2.943276117963388838e+00
1.460271998806161875e+00,-6.225700437878058047e+00,-3.136597932012279877e+00
1.458427076194945604e+00,-6.223259995414027301e+00,-2.962222447194605035e+00
1.455932862562217212e+00,-6.220642327565194307e+00,-2.785271454928690993e+00
1.453367256407039010e+00,-6.218063186853327373e+00,-2.604219168119371375e+00
1.450699337728473814e+00,-6.215716287270550922e+00,-2.422652928576768172e+00
1.447972959097021173e+00,-6.213864432227457435e+00,-2.247487480624138723e+00
1.445160731753530436e+00,-6.212413835882173885e+00,-2.067021020180839663e+00
1.442135762240663865e+00,-6.211020291211610811e+00,-1.886078859095814630e+00
1.440342060591859541e+00,-6.211178269531968610e+00,-1.705775370187901263e+00
1.438232874359527180e+00,-6.211105278037107880e+00,-1.526055881891552390e+00
1.436820443785296941e+00,-6.211677349056572872e+00,-1.349301431086934899e+00
1.436015964891866892e+00,-6.212791831978704771e+00,-1.166773420567085440e+00
1.435040041554615620e+00,-6.213540993277761437e+00,-9.853921498774230736e-01
1.434698512064203069e+00,-6.214800895025526906e+00,-8.096791123273981983e-01
1.435223090594919482e+00,-6.215999277870546180e+00,-6.286232598016326945e-01
1.435553944093068246e+00,-6.217383443916457253e+00,-4.530273959033286890e-01
1.435443123124573450e+00,-6.220256803638369192e+00,-2.759916247427298130e-01
1.433942795874246778e+00,-6.221651128233070871e+00,-3.851584642712401751e-01
1.432025663156378581e+00,-6.220961735554261907e+00,-5.650942764237500970e-01
1.509664592699769603e+00,-6.260777794311491284e+00,-5.784983702598436306e-01
1.574454074255934088e+00,-6.321972715052341485e+00,-6.382913525021394197e-01
1.659378237917747967e+00,-6.387182519385615542e+00,-7.377511180228525367e-01
1.724233656185947705e+00,-6.451651756679856575e+00,-9.020546079296839492e-01
1.745638927156095921e+00,-6.484677171571213705e+00,-1.078993311881139228e+00
1.735150341482170067e+00,-6.495430599355940693e+00,-1.330799676319962543e+00
1.740114354313891498e+00,-6.494654647676149750e+00,-1.499947958038436502e+00
1.745427044736976852e+00,-6.493860012850377394e+00,-1.671630310188578106e+00
1.750878596037366286e+00,-6.493267011533929711e+00,-1.848393696599525349e+00
1.757147414476763814e+00,-6.493299647123242480e+00,-2.023070319179629095e+00
1.737285886929885947e+00,-6.507324773820533537e+00,-2.175999409669095552e+00
1.698138361118267881e+00,-6.508050889014519669e+00,-2.118659247156075676e+00
1.711025384079291278e+00,-6.518445841214521863e+00,-1.908426495665226597e+00
1.710983943532282447e+00,-6.517802343043829438e+00,-1.714482334428277577e+00
1.711553188308998052e+00,-6.517815451430829299e+00,-1.525339092077148795e+00
1.712323190382543103e+00,-6.518068377138706460e+00,-1.331629941318634547e+00
1.714784194861650013e+00,-6.517395649017379888e+00,-1.140546800533551952e+00
1.710145518291695810e+00,-6.523535396355249816e+00,-9.774355376740282431e-01
1.767513367535350266e+00,-6.607542687529107894e+00,-9.559872283153733052e-01
1.828067083677872517e+00,-6.691570568491026272e+00,-8.842210068412936774e-01
1.892779274533761047e+00,-6.771153486234860353e+00,-8.853945806988975376e-01
1.956220502397154171e+00,-6.850034696302478743e+00,-8.873947662938992398e-01
2.020424842249826103e+00,-6.931462301971941464e+00,-8.885303888199860278e-01
2.067501087282507921e+00,-6.992386444820132496e+00,-7.225198824820185939e-01
2.067977083799154236e+00,-6.994997724239633285e+00,-5.372343194090193341e-01
2.069406282914082684e+00,-6.997872271912004116e+00,-3.475895215956870676e-01
2.070763080785934296e+00,-7.000323098564853019e+00,-1.617494751731416991e-01
2.071958848994679414e+00,-7.003135741968271155e+00,1.800097322154202081e-02
2.073622104667310673e+00,-7.005656016643210471e+00,1.960053173324213804e-01
2.075072972844213215e+00,-7.008513397963724856e+00,3.777698075329318783e-01
2.077121412801200773e+00,-7.011265550717618034e+00,5.529524577641745653e-01
2.079324840862101009e+00,-7.013698421492831514e+00,7.310363112040916267e-01
2.081622204594010928e+00,-7.015371923902885776e+00,9.106028804318712089e-01
2.083936896947131245e+00,-7.016785693046167616e+00,1.089923616012057783e+00
2.086052254448955257e+00,-7.017876110114192656e+00,1.268533752540726089e+00
2.087744966800427537e+00,-7.018256130374143531e+00,1.447334081965059083e+00
2.089598063304188180e+00,-7.018576349479058507e+00,1.626804160871047955e+00
2.091098336214185949e+00,-7.018586887722779721e+00,1.813887584358214067e+00
2.092172288558962201e+00,-7.018187437899006120e+00,1.992006095975334956e+00
2.092838965160283227e+00,-7.018628308561176254e+00,2.152492835409795635e+00
2.093042167864353154e+00,-7.018437314262184756e+00,2.330157060525704260e+00
2.025923477844460141e+00,-6.952831887289719681e+00,2.331041178536779501e+00
1.959332150504629944e+00,-6.879100653659353526e+00,2.325843705715675558e+00
1.895635210755531652e+00,-6.821960497896489173e+00,2.339238852645454170e+00
1.835099207082644179e+00,-6.753578899150238790e+00,2.324767501512556400e+00
1.773846414787175529e+00,-6.665276482374571820e+00,2.194632185164892668e+00
1.715655302990573006e+00,-6.575305921301230150e+00,2.187745870695116501e+00
1.657814418610519480e+00,-6.484498391860985755e+00,2.178518735023292852e+00
1.632556200833223725e+00,-6.442211275947547833e+00,2.001456164483906175e+00
1.620131796988016459e+00,-6.423859145449922536e+00,1.834082453473645513e+00
1.616068078808920117e+00,-6.403542056997470588e+00,1.655203368362552663e+00
1.615614992478749956e+00,-6.385408511990837255e+00,1.481733645050034909e+00
1.618407996886039202e+00,-6.367314759911121058e+00,1.308372305358231680e+00
1.624695529165308683e+00,-6.349525839017918116e+00,1.130395289539847470e+00
1.633703950465763999e+00,-6.333140259174538045e+00,9.532938418978958994e-01
1.645238871891884225e+00,-6.318830970135252301e+00,7.766157641929215538e-01
1.721072906256072788e+00,-6.255524104805154195e+00,6.767220863743038661e-01
1.798353159720553540e+00,-6.191501543718901601e+00,6.839563256859872986e-01
1.875447811586060887e+00,-6.126572756971870426e+00,6.899360327904768830e-01
1.951621392846455638e+00,-6.061698337395218239e+00,6.963468965672441335e-01
2.027376839111675100e+00,-5.995737066095736090e+00,6.974603053912641348e-01
2.101958679890564063e+00,-5.932923938429953026e+00,5.273451849629325894e-01
2.116855974017715081e+00,-5.924516365136619278e+00,3.508805313677126891e-01
2.133015753446843910e+00,-5.918969527208195913e+00,1.732828904841359485e-01
2.150227377857485411e+00,-5.916414383781293473e+00,-7.366136250913679281e-03
2.167179054617920819e+00,-5.917110826066338092e+00,-1.844729106400088414e-01
2.183231463112311310e+00,-5.920826096464364419e+00,-3.634452857210599408e-01
2.280454127950997556e+00,-5.960503413667900929e+00,-4.328861441081287009e-01
2.373694641919733339e+00,-6.003950853966260048e+00,-4.255145184514720347e-01
2.467941351346879308e+00,-6.045522321860576476e+00,-2.669119260479990152e-01
2.568693935922837568e+00,-6.063323811249533790e+00,-1.365715469999211895e-01
2.626310611424054198e+00,-6.066895309078400800e+00,3.451181269920412104e-02
2.648359311551386153e+00,-6.067437597961854223e+00,2.095213509839120303e-01
2.744039046929132031e+00,-6.037830493025912126e+00,3.416717738742374721e-01
2.804784243769201879e+00,-6.017266138084883309e+00,5.185628316749056888e-01
2.818176884647353386e+00,-6.018213155334017017e+00,6.808358283146177525e-01
2.822938665848988116e+00,-6.022314238184689472e+00,8.554174089488044697e-01
2.894389953114327341e+00,-5.951320408447561938e+00,8.665180953681513865e-01
2.963278966183394036e+00,-5.875205629790819728e+00,8.671427018547616106e-01
3.032801982060022716e+00,-5.794971223886636658e+00,8.676633795182737696e-01
3.105340313576561151e+00,-5.710156076197645980e+00,8.688942204143457193e-01
3.166314762025114415e+00,-5.639054063713172305e+00,8.596818167943472977e-01
3.167482120134675228e+00,-5.611246678396028642e+00,6.956088028592747330e-01
3.279952589861579337e+00,-5.524621598421711965e+00,6.568395766471826214e-01
3.361672388587611859e+00,-5.453658685789016580e+00,6.687938332506128125e-01
3.441984317472009280e+00,-5.393947898253825812e+00,6.548892928790817081e-01
3.496275664876201450e+00,-5.346152942707949052e+00,4.812457831281225507e-01
3.494353707325940750e+00,-5.335482600099350492e+00,3.234894068596299022e-01
3.491391511596158459e+00,-5.335781076085177155e+00,1.372094146959135230e-01
3.487596320000410977e+00,-5.341598204313535270e+00,-5.594582764441902861e-02
3.484168321420966219e+00,-5.347449091114738096e+00,-2.588300229885441839e-01
3.480941988156238232e+00,-5.352643010898063380e+00,-4.638283574251578778e-01
3.478034317797471520e+00,-5.357828588937940673e+00,-6.697118799447207005e-01
3.485153389039211458e+00,-5.340357340772849071e+00,-7.893553554629303415e-01
3.448561800468945560e+00,-5.312566902338410557e+00,-7.735751942054274188e-01
3.461259551251130606e+00,-5.293624481378103042e+00,-5.114530298010796505e-01
3.468819470404711058e+00,-5.280494752688074556e+00,-2.811879313465633357e-01
3.463625082637598496e+00,-5.290037345156497928e+00,-1.358538547072479230e-01
3.458366810257171853e+00,-5.299497037944052913e+00,4.370547246627322531e-03
3.460101098652388352e+00,-5.305427749596210774e+00,1.721142254099609914e-01
3.462009351907672450e+00,-5.311047085137265533e+00,3.389415131055947827e-01
3.464004091909037797e+00,-5.316717816595462054e+00,5.085759869313435377e-01
3.551438286448791004e+00,-5.260424102486854991e+00,5.747147552053005759e-01
3.637613072881014986e+00,-5.205882820835405767e+00,7.482112748247650158e-01
3.641143568299395561e+00,-5.205626667914877714e+00,9.333234478699509173e-01
3.644550882944200598e+00,-5.204511814910753209e+00,1.119072201473833017e+00
3.635109310809619743e+00,-5.204156851114206894e+00,1.315145292660411469e+00
3.625770510572744687e+00,-5.203208444983026482e+00,1.506926996038261857e+00
3.627247324528899419e+00,-5.201903011774989594e+00,1.692446656636061864e+00
3.628435443222308709e+00,-5.200925277876498498e+00,1.875273460535440417e+00
3.628464994714642344e+00,-5.199871820826918345e+00,1.992468822432682751e+00
3.632258475391018759e+00,-5.201587605360928457e+00,1.867414374331450189e+00
3.643408058160126028e+00,-5.199907715370965633e+00,2.028445259602049688e+00
3.642603096748556091e+00,-5.197031474129334860e+00,2.214594986764158335e+00
3.580862334482182607e+00,-5.115834428494590469e+00,2.220103183464896990e+00
3.525535759380940437e+00,-5.040298353077015570e+00,2.173227784445225019e+00
3.512388129716011775e+00,-5.022434142899470544e+00,2.353156980119616826e+00
3.496335571448191182e+00,-5.007950697397106410e+00,2.255697772641560572e+00
3.495818027168200004e+00,-5.008312032614152365e+00,2.251400181541407974e+00
3.494624584363172914e+00,-5.005945216872238923e+00,2.437752410208327447e+00
3.493021059444477938e+00,-5.003253359594718397e+00,2.624335395944762173e+00
3.491788849176294285e+00,-5.002632750688695396e+00,2.584560146153946469e+00
3.463126101210654451e+00,-4.981056502012491727e+00,2.589008261395488564e+00
3.461075151524601878e+00,-4.978681655425430286e+00,2.775990871610777067e+00
3.458993955647076124e+00,-4.976333576987033602e+00,2.959728540346147962e+00
3.457560654074318229e+00,-4.974419809184587038e+00,-3.134553801581767107e+00
3.455457472024543897e+00,-4.972543503972326917e+00,-2.953879713406519336e+00
3.453351265384809743e+00,-4.970412388281471472e+00,-2.768766125263866673e+00
3.451413201950682907e+00,-4.968505292933504514e+00,-2.575966692225276855e+00
3.448983158020137996e+00,-4.966821945183817810e+00,-2.383369312627102055e+00
3.446459917418200458e+00,-4.965656209149309497e+00,-2.199039772975421858e+00
3.443502446738200717e+00,-4.965235143381611316e+00,-1.996490444988928692e+00
3.440977592430020326e+00,-4.965507226815158326e+00,-1.810153190450109806e+00
3.438514900114331585e+00,-4.965880294873899814e+00,-1.633746887717566931e+00
3.436160375608723783e+00,-4.966912349744802668e+00,-1.450896715443270368e+00
3.434398062793521778e+00,-4.967791400540466640e+00,-1.266227226880555445e+00
3.433049484417847186e+00,-4.969319266969958626e+00,-1.053555414870501306e+00
3.431773102838179046e+00,-4.970896039491319307e+00,-8.509960610351774424e-01
3.431446516337213204e+00,-4.972329743906736432e+00,-6.663184308285144963e-01
3.431459958027609503e+00,-4.973745541330837128e+00,-4.832492247723099155e-01
3.431588596832442661e+00,-4.975258791581183893e+00,-3.003651935333627732e-01
3.432058980181928565e+00,-4.976895051131167591e+00,-9.725442144442163206e-02
3.432662245928447042e+00,-4.977936950972654984e+00,8.644075984546183145e-02
3.433607649243734183e+00,-4.978959689391721177e+00,2.680337602495856397e-01
3.434461451779523777e+00,-4.979670157319222135e+00,4.508229578744720745e-01
3.436697894124961294e+00,-4.981400892114605128e+00,6.309910859116271142e-01
3.439186400329540483e+00,-4.982887131715152407e+00,8.060337821479508502e-01
3.472026506894335451e+00,-5.004516897322336177e+00,9.453300728206545100e-01
3.435482618175965897e+00,-4.975545230979356859e+00,1.173068260569406718e+00
3.438428047914006136e+00,-4.975914475507960510e+00,1.358321110904286533e+00
3.440843170726330502e+00,-4.975411893541281216e+00,1.542762271425819343e+00
3.442974433240053145e+00,-4.974724192103451514e+00,1.725417898850967191e+00
3.444665644835267049e+00,-4.973615620735208687e+00,1.911364315784556123e+00
3.445779832715899271e+00,-4.972639157688790945e+00,2.085772285336783938e+00
3.446851097957303267e+00,-4.971344700866511701e+00,2.270764953678233500e+00
3.387852199285535715e+00,-4.895334665039303701e+00,2.275603722884870450e+00
3.318699273058545618e+00,-4.813627123833930099e+00,2.273355041775261931e+00
3.253597795063113640e+00,-4.736954896232408174e+00,2.275110817282874454e+00
3.186201609766902365e+00,-4.657923981890470522e+00,2.274547913193340154e+00
3.120583218845919937e+00,-4.581569567961678580e+00,2.277672910516170823e+00
3.050824654521322454e+00,-4.535235230528770423e+00,2.211867182442862845e+00
3.070445913968148588e+00,-4.523643501546990464e+00,1.911008582100084174e+00
3.074004657035776411e+00,-4.521894047170831321e+00,1.696406622763089400e+00
3.071869807896794313e+00,-4.523636663687524262e+00,1.524695876770488345e+00
3.069276643073810540e+00,-4.525050483823469527e+00,1.348276279385057563e+00
3.065633031830577337e+00,-4.526275555394811079e+00,1.188802404465179929e+00
3.062422939051328896e+00,-4.527349773891424789e+00,1.015690775525007306e+00
3.059052633602238114e+00,-4.528149697776474802e+00,1.001442175481878305e+00
3.060535805949955890e+00,-4.527976891452064834e+00,1.192809032967158345e+00
3.061849687848809509e+00,-4.527282686994136718e+00,1.378204716343606862e+00
3.062648897754217003e+00,-4.527350092297259820e+00,1.562522655725463894e+00
3.063014346955102774e+00,-4.526420851394831857e+00,1.747812648412138792e+00
3.057472410371042226e+00,-4.528502155911284355e+00,1.963522946960088333e+00
3.067384450992834743e+00,-4.500503555309954606e+00,2.027146208752239609e+00
3.055719517862099721e+00,-4.505043771727476276e+00,2.264681104343015949e+00
3.056112835283696594e+00,-4.502184482121677433e+00,2.440560201917530314e+00
2.970344383697872459e+00,-4.463139320637481866e+00,2.414308318905653117e+00
2.970771823975490999e+00,-4.464007882549961614e+00,2.221270607962761101e+00
2.970459664346175810e+00,-4.465560598554031202e+00,2.016427929912418815e+00
2.969487612078093086e+00,-4.466469968143606195e+00,1.793114913403611954e+00
2.967651810518912914e+00,-4.467509201071470315e+00,1.577531947868234141e+00
2.965858801217085006e+00,-4.467826021513779722e+00,1.361012844139006139e+00
2.963364124586270965e+00,-4.467928481244231698e+00,1.180253895925812868e+00
2.964568812237089013e+00,-4.463842494741646405e+00,1.019938883747632641e+00
2.947483691243629522e+00,-4.493910053979345065e+00,1.182749860717671853e+00
2.950000438827037108e+00,-4.492629547884257946e+00,1.359338719115112726e+00
2.952285813179007512e+00,-4.491305698032110882e+00,1.533145271853808334e+00
2.954631683310325219e+00,-4.489410342021905365e+00,1.709001390032117484e+00
2.957750903961044564e+00,-4.486284337450451964e+00,1.877496644414614613e+00
2.960390757799023831e+00,-4.483162418816031725e+00,2.043148626390523415e+00
2.964372042823637532e+00,-4.478125567890421266e+00,2.194772567527775387e+00
2.905531126233404482e+00,-4.431817565068545406e+00,2.168765732035514926e+00
2.920260790083139657e+00,-4.424110996256608530e+00,1.904867357757825674e+00
2.919352846928718659e+00,-4.424362142939069820e+00,1.726295273714471445e+00
2.917918861172054346e+00,-4.424391647052463128e+00,1.543241697458442196e+00
2.916394176508043667e+00,-4.424293195486454167e+00,1.359138073324651641e+00
2.914747632461998528e+00,-4.423502490902218476e+00,1.173537895378356843e+00
2.913098736602004024e+00,-4.422276225929840265e+00,9.896149553314811387e-01
2.911538493344477896e+00,-4.420746753503731696e+00,8.090789023015471093e-01
2.944067257766984191e+00,-4.386534706320976973e+00,8.896475308296614148e-01
2.946745488563455417e+00,-4.385118080410689956e+00,1.078081631270769059e+00
2.949262017624342924e+00,-4.383544392581733895e+00,1.257946160433472294e+00
2.951130893673968192e+00,-4.381429597999831671e+00,1.429203748374814120e+00
2.952755633089441556e+00,-4.379372627264085160e+00,1.605563278914982961e+00
2.954213055312592928e+00,-4.377178667730956541e+00,1.779700390274893573e+00
2.932140106930234413e+00,-4.388763058326883737e+00,2.073157749693610885e+00
2.883396911388719452e+00,-4.298589747825021234e+00,2.168514190119799512e+00
2.824304842853067488e+00,-4.210939699089346178e+00,2.170751609706492946e+00
2.773454346968822648e+00,-4.118184783721845044e+00,2.180959714243788206e+00
2.710125010416463365e+00,-4.041908490448910207e+00,2.210402060810243263e+00
2.649585707360250897e+00,-3.962226811446008412e+00,2.213687444046291031e+00
2.588582343915025952e+00,-3.882369950659046776e+00,2.218117647879690679e+00
2.490443265899561442e+00,-3.828671177407284354e+00,2.141042070326797830e+00
2.511976769182747926e+00,-3.819186315937314280e+00,1.902065140270784438e+00
2.518627840202206425e+00,-3.816914997248257002e+00,1.693307018106555484e+00
2.516919214386271531e+00,-3.818683968367281967e+00,1.506137452844494629e+00
2.514688574621934514e+00,-3.820543736155593173e+00,1.318344755097832000e+00
2.512390677357325686e+00,-3.821635629562809999e+00,1.134985924515542699e+00
2.509949819749610178e+00,-3.822157195387783535e+00,9.574335200799404255e-01
2.507079979610749909e+00,-3.822052270186924616e+00,7.698199723283124518e-01
2.432766455135932926e+00,-3.887675712841016207e+00,7.290561545995758452e-01
2.441316912909195391e+00,-3.880125872261988906e+00,8.953974962999525777e-01
2.450555426142406290e+00,-3.868797947067368348e+00,1.069759837734052699e+00
2.458363134488788848e+00,-3.854597557943685082e+00,1.242561081841884185e+00
2.464298614979852697e+00,-3.835614271718641000e+00,1.418219010254300638e+00
2.466554363049840770e+00,-3.821578110843181886e+00,1.590655622761180998e+00
2.472305279199526140e+00,-3.800253189864361669e+00,1.752081182980609331e+00
2.465757511426089010e+00,-3.783115168453791810e+00,1.933731887073852906e+00
2.442677468968760479e+00,-3.776891371128020758e+00,2.148803286174669758e+00
2.391696914927589734e+00,-3.696025375314985428e+00,2.246455724043132651e+00
2.375721098838565304e+00,-3.618617069066924152e+00,2.355366151189783874e+00
2.362702542587123311e+00,-3.629106058653294831e+00,2.565749501590849135e+00
2.354856903015395631e+00,-3.635698090655220760e+00,2.766769008149999376e+00
2.351028295653796008e+00,-3.630886439454121817e+00,2.947971038773129049e+00
2.347199226745818379e+00,-3.626533847902207341e+00,3.120323395605006045e+00
2.341632154318086467e+00,-3.641457869872850139e+00,-2.950315581997295933e+00
2.339508890073660474e+00,-3.613603022791843866e+00,-2.804652092401959340e+00
2.337029304530634288e+00,-3.612693393616864590e+00,-2.617669736023935378e+00
2.313772339200784955e+00,-3.628670434168014047e+00,-2.453528194191261669e+00
2.263600892959345412e+00,-3.667113341222797640e+00,-2.277054228143745807e+00
2.260990317664058225e+00,-3.667214558225267762e+00,-2.100703629317531629e+00
2.258206721261230676e+00,-3.667945373170737433e+00,-1.911586453505856653e+00
2.255738449833859516e+00,-3.668660883754593538e+00,-1.735352419339749597e+00
2.253305940917873063e+00,-3.670068370859847384e+00,-1.551440053702276112e+00
2.251421434376268849e+00,-3.672155720802303236e+00,-1.363722830142618969e+00
2.249836222057700841e+00,-3.673729971370372827e+00,-1.186422369216371786e+00
2.269750131312493924e+00,-3.724373860051416241e+00,-1.015193528281193469e+00
2.269130881907270858e+00,-3.726806556749941546e+00,-8.268224274277653496e-01
2.268884995426717399e+00,-3.728731652288105103e+00,-6.381330966151215200e-01
2.268924467745514040e+00,-3.731029864911485028e+00,-4.531478935259732888e-01
2.268801730199056621e+00,-3.733109719282984518e+00,-2.761634759462629485e-01
2.269405462862680523e+00,-3.735207856153340611e+00,-9.045178438442286195e-02
2.270095576886668187e+00,-3.737129599367850830e+00,9.961903584989838245e-02
2.268292527589923058e+00,-3.738482388185416116e+00,1.923085263861683825e-01
2.265542694278180669e+00,-3.737372000538923267e+00,1.030412189450960643e-02
2.263607773804401369e+00,-3.735938677231304794e+00,-1.627805777475966054e-01
2.261447514014016669e+00,-3.733966188889523696e+00,-3.449306014338530124e-01
2.259557254377077218e+00,-3.732158763917207356e+00,-5.194159532468816121e-01
2.258053435256461849e+00,-3.730043918266504388e+00,-6.989216943237790414e-01
2.257042764157475734e+00,-3.727656951799905638e+00,-8.693769576379979380e-01
2.310799711503339626e+00,-3.807536830239615977e+00,-9.660297896804964646e-01
2.354747750503178416e+00,-3.864191218431152208e+00,-7.773729820525865364e-01
2.354300024362888877e+00,-3.866820380704973914e+00,-5.929532210463824837e-01
2.354784595086480969e+00,-3.868906989661374141e+00,-4.149598929196541830e-01
2.355257239766773480e+00,-3.870902884179324044e+00,-2.359118029432634434e-01
2.356050952062088921e+00,-3.873005090659531469e+00,-5.151313115348452043e-02
2.356987294862299187e+00,-3.874870852035109614e+00,1.371095315688670990e-01
2.358254185137463654e+00,-3.876520842036669912e+00,3.266813284133672779e-01
2.359507606460125029e+00,-3.877797344545610869e+00,5.037873594681921974e-01
2.360834172486041549e+00,-3.878697425384434627e+00,6.878216246054895677e-01
2.357857415849247573e+00,-3.879586002811779455e+00,6.844793340517184577e-01
2.354988398771127756e+00,-3.879031194302650309e+00,4.998699350239695360e-01
2.352346861867622874e+00,-3.878168372739125402e+00,3.210187332914555824e-01
2.349324932280144829e+00,-3.876832056288979089e+00,1.379726779622568733e-01
2.346605096341538577e+00,-3.875167229373447153e+00,-4.634054018355376198e-02
2.344240844072190466e+00,-3.873580012948842910e+00,-2.294392155383012666e-01
2.342289031181858938e+00,-3.871903206242170992e+00,-4.087366692214194908e-01
2.340653447697286449e+00,-3.869930530213144149e+00,-5.819099577697680603e-01
2.338944986510093749e+00,-3.867458787524044705e+00,-7.700481393285819598e-01
2.412420755911651504e+00,-3.940194483501541889e+00,-7.608763024579735523e-01
2.486270058550408280e+00,-4.012280222772975691e+00,-7.575782951857413794e-01
2.551808851671609979e+00,-4.078625745619646636e+00,-5.663904725244874871e-01
2.551647111920925859e+00,-4.080692208500564355e+00,-3.848481431952917586e-01
2.551740105866174169e+00,-4.082778501438788510e+00,-2.013948358175126629e-01
2.552940936961991980e+00,-4.087734081574358136e+00,-4.547924545099843452e-02
2.553845420500463259e+00,-4.091243004635020775e+00,1.473263435974025426e-01
2.555391889095767866e+00,-4.094441206292575686e+00,3.422011493396578952e-01
2.556720253254458619e+00,-4.097122879319190503e+00,5.164317039662461584e-01
2.559244493368309836e+00,-4.100634609010380238e+00,6.812460409360014957e-01
2.561131073942397141e+00,-4.103081727793133737e+00,8.561962468535936344e-01
2.563481030548532491e+00,-4.104657744955532372e+00,1.029477223146077369e+00
2.565575053636889979e+00,-4.108135873834083185e+00,1.199389734357958259e+00
2.565702293755424357e+00,-4.111664434681169489e+00,1.159344602794346812e+00
2.564015069147874915e+00,-4.113116989137462376e+00,9.724201461856954998e-01
2.561757246695096857e+00,-4.113660935676060504e+00,7.822809251243404427e-01
2.559178209103333490e+00,-4.114036761949044774e+00,5.717161841959024215e-01
2.557710516702594639e+00,-4.113426732168258937e+00,3.869968598259997394e-01
2.556201212557707603e+00,-4.112261912887092308e+00,1.795184566723092290e-01
2.554854593414356501e+00,-4.111274809919961193e+00,-1.466831082906523871e-02
2.553959134327993930e+00,-4.109876451512254114e+00,-2.250514916200307414e-01
2.553151400402936311e+00,-4.108250312601032128e+00,-4.350422992212672479e-01
2.552897550148116590e+00,-4.107160961759194429e+00,-6.298323186919488892e-01
2.623411818198026602e+00,-4.175606859766753054e+00,-7.649649726545943995e-01
2.698775355260063513e+00,-4.249548420224027900e+00,-7.664763351903380872e-01
2.773771594651051942e+00,-4.323881429717443936e+00,-7.685546280649191431e-01
2.847449068497676095e+00,-4.396504400196665330e+00,-7.685986584186202952e-01
2.919093777334105244e+00,-4.467868019763643339e+00,-7.684947865943644318e-01
2.996634054056596774e+00,-4.544323359257949058e+00,-7.680631717721883023e-01
3.073886006118225822e+00,-4.620416878901311364e+00,-7.679535820888955255e-01
3.151678352903463765e+00,-4.697344659505831466e+00,-7.690029860779840076e-01
3.210372451921416292e+00,-4.756591243077320286e+00,-6.759120034684202860e-01
3.211168810017320130e+00,-4.760416942378951966e+00,-4.683291062516399816e-01
3.211962428313758888e+00,-4.763491565982935327e+00,-2.880409872176838415e-01
3.213318772923773547e+00,-4.766634241172150510e+00,-9.584332441315500384e-02
3.215137256818389577e+00,-4.769604567211970902e+00,9.003739710699130983e-02
3.217596811504075394e+00,-4.772915141954189089e+00,3.122394675315247059e-01
3.219722109440877666e+00,-4.775754949630206525e+00,5.238594082064574886e-01
3.222369163562306849e+00,-4.778332253600288126e+00,7.453819543771149636e-01
3.224879187150042625e+00,-4.779822961831190931e+00,9.259044421491722243e-01
3.227924801619966644e+00,-4.781032934099051168e+00,1.158789936451287694e+00
3.230985348624260123e+00,-4.781817707989520549e+00,1.421349483361169064e+00
3.233080831014370826e+00,-4.781873524360658045e+00,1.595969311673253177e+00
3.234740006613969321e+00,-4.781508646016085606e+00,1.772182298329281869e+00
3.237948119874762831e+00,-4.784198343800720288e+00,1.865859012276156026e+00
3.238097689994754447e+00,-4.788273358690545045e+00,1.682969419528664634e+00
3.237040479057458509e+00,-4.790973833019294581e+00,1.470623431734783049e+00
3.235669629291091365e+00,-4.792710317748339222e+00,1.287820439307394205e+00
3.234057882577239695e+00,-4.794367969796316409e+00,1.090599685244122874e+00
3.231981463223847051e+00,-4.795193975861374192e+00,8.946971294920755824e-01
3.229993959272332127e+00,-4.796064180662936494e+00,6.989619870759242737e-01
3.227990336901305657e+00,-4.795949513866144542e+00,4.828500133734958122e-01
3.225532652272582457e+00,-4.783992355056790657e+00,3.350925698237766093e-01
3.224155788133147738e+00,-4.780623582840679120e+00,1.480931393642483385e-01
3.222385901680262066e+00,-4.777554666343380774e+00,-3.366010594357492225e-02
3.220168455073424862e+00,-4.776072725110075190e+00,-2.039272634861851174e-01
3.215794057043608767e+00,-4.783836179857896553e+00,-4.203010766723218050e-01
3.213055130487288302e+00,-4.789803344401394547e+00,-6.159773959136841670e-01
3.209147350062981907e+00,-4.799445823603844197e+00,-8.167136964803578536e-01
3.283938901294502166e+00,-4.876004635019186573e+00,-8.177814083271760515e-01
3.360598533773827334e+00,-4.964090302865400872e+00,-8.184799486550301539e-01
3.438222882270980829e+00,-5.054019951964253465e+00,-8.236686376722923697e-01
3.504992955215800787e+00,-5.108903545019316539e+00,-8.306476723525118011e-01
3.536508410776681544e+00,-5.178287678771047453e+00,-7.327216955798918629e-01
3.554426064534746299e+00,-5.154473419948135238e+00,-4.538767376910363138e-01
3.549552261945089437e+00,-5.156339407864932056e+00,-2.794398636941661795e-01
3.628495598748274986e+00,-5.178205768107307705e+00,-2.182652696006714133e-01
3.667429045983229052e+00,-5.184653508886778894e+00,-3.237761910412606525e-01
3.663042269169355603e+00,-5.193463633552145353e+00,-5.286465421337459558e-01
3.659168952374444395e+00,-5.201729193939439888e+00,-7.161342997704608360e-01
3.725012906106619059e+00,-5.306639049121514518e+00,-7.211770548827733940e-01
3.797762120493945570e+00,-5.396605099942542338e+00,-7.006301092748419279e-01
3.869172954790453645e+00,-5.481990574215718226e+00,-6.703608602303886554e-01
3.938333077488938017e+00,-5.547299405694634977e+00,-6.164469439971227427e-01
3.998989115844886921e+00,-5.603887697287065706e+00,-6.935537082292669853e-01
3.971705868398507810e+00,-5.600305556193145406e+00,-8.474325140977481130e-01
3.947406496639395801e+00,-5.596982962667325090e+00,-9.959868902979223115e-01
3.923726252230913314e+00,-5.593582557414609191e+00,-1.147117024696501231e+00
3.900251059245587459e+00,-5.590459811574478799e+00,-1.295164328881299509e+00
3.876883920011713780e+00,-5.587363773623303942e+00,-1.446247516390594789e+00
3.854087580618700049e+00,-5.584389604310866062e+00,-1.595757680084182839e+00
3.831503135535311078e+00,-5.581832864092317159e+00,-1.746228734063341781e+00
3.762870154963702696e+00,-5.576316098789536824e+00,-1.807806612766305276e+00
3.667598944861254484e+00,-5.668537888264858715e+00,-1.547688895695167544e+00
3.616232587909184115e+00,-5.766024401187181958e+00,-1.450517310612521538e+00
3.599719291804560406e+00,-5.798382552352913777e+00,-1.409147701737630820e+00
3.606758121215682511e+00,-5.839378325168579131e+00,-1.320518869362597547e+00
3.606106296620730678e+00,-5.824169088284151030e+00,-1.430897079009769923e+00
3.606744780978951681e+00,-5.812691721728538319e+00,-1.590710693729284975e+00
3.607962423306141364e+00,-5.803089882509078201e+00,-1.774444815345093351e+00
3.608918358994627873e+00,-5.793577178712620679e+00,-1.971334733239427983e+00
3.609644619863761505e+00,-5.786081189140236170e+00,-2.110289245659389579e+00
3.610657876468554406e+00,-5.778769357564820908e+00,-2.261731627598499106e+00
3.612148955174244502e+00,-5.771745589536201315e+00,-2.438286457626268167e+00
3.612896822419704002e+00,-5.764819924583783894e+00,-2.584751146171923697e+00
3.613721247740167009e+00,-5.758395810881517640e+00,-2.727581715057654232e+00
3.614316710180702330e+00,-5.753038668487287843e+00,-2.904055479925384375e+00
3.614931616472414344e+00,-5.747535379257798560e+00,-3.047855265716176820e+00
3.615356302218966977e+00,-5.742324480023719424e+00,3.088720273210122436e+00
3.614847925378969595e+00,-5.736683485922236869e+00,2.942213588042438488e+00
3.614594041893460119e+00,-5.732013939519787549e+00,2.763535277613536234e+00
3.613643265977652952e+00,-5.727091578193849841e+00,2.618474498942321205e+00
3.612375934535395849e+00,-5.721928485216982274e+00,2.472875283676430058e+00
3.610226796373638081e+00,-5.716768521231820444e+00,2.325303516285831318e+00
3.608216864339640395e+00,-5.711780756924155433e+00,2.182524286785167078e+00
3.605896617385532021e+00,-5.706941841026618611e+00,2.007053697237385137e+00
3.603632138851724953e+00,-5.701545729501958704e+00,1.860871998335821731e+00
3.601568140324677980e+00,-5.696074966659242733e+00,1.716992070794069347e+00
3.599193723380074594e+00,-5.690699824255448291e+00,1.543587744993176747e+00
3.596364067554204791e+00,-5.684908229622669396e+00,1.395585695137913085e+00
3.593880620723700847e+00,-5.678693639013148164e+00,1.248146244772075475e+00
3.591186639106784373e+00,-5.671765250669951186e+00,1.101960048779669021e+00
3.588289689098241197e+00,-5.664898432712926812e+00,9.282706793784286647e-01
3.585204065255115591e+00,-5.657468340967499287e+00,7.827788210803083846e-01
3.582354991827617408e+00,-5.649468840559910277e+00,6.375365488947630777e-01
3.579738623293150290e+00,-5.641303404040607816e+00,4.929601114879652024e-01
3.577123281025043067e+00,-5.632267565561734024e+00,3.165753559662465300e-01
3.574689258114022827e+00,-5.623193586962403678e+00,1.727417067208032175e-01
3.572633121866357619e+00,-5.614277169921938260e+00,3.077888303979722448e-02
3.570843734515558143e+00,-5.604947253032663390e+00,-1.160123672635610531e-01
3.569155817686698651e+00,-5.595222132205598164e+00,-2.929407174306795647e-01
3.568443905101370994e+00,-5.585495398550481383e+00,-4.392138980032732065e-01
3.567296533757245758e+00,-5.576046013450763894e+00,-5.858797517997536008e-01
3.566222735618293171e+00,-5.563471820871980889e+00,-7.469137266395931007e-01
3.557665285191233373e+00,-5.566627983333047425e+00,-7.653842726298339949e-01
3.539152507746864629e+00,-5.601699807144059129e+00,-8.968500368681925350e-01
3.536401299632522921e+00,-5.617823071930549972e+00,-1.006086881031936109e+00
3.533537758259118977e+00,-5.633776034811564415e+00,-1.112995377370346040e+00
3.531116958501169023e+00,-5.649932582974987127e+00,-1.220011415528883258e+00
3.529377273940305315e+00,-5.666267584164311977e+00,-1.330103463544909603e+00
3.525539877002147549e+00,-5.685003531615401506e+00,-1.183260077849893621e+00
3.521624564905589505e+00,-5.704343414784863953e+00,-9.283337871085223236e-01
3.518967301793207270e+00,-5.721560975115160375e+00,-6.822759887868240503e-01
3.516693109472269541e+00,-5.737456154168368627e+00,-4.458801895336969023e-01
3.520999122299858897e+00,-5.755383907813171440e+00,-2.016282143923868730e-01
3.524883267086820648e+00,-5.770077334310862227e+00,2.559985077066436257e-02
3.529141202102492159e+00,-5.784863776520854373e+00,2.605412902932738861e-01
3.541139029693234352e+00,-5.794401383590675358e+00,4.917652566723352825e-01
3.553400271646670383e+00,-5.804273927585737347e+00,7.317107361866774795e-01
3.564850381068816798e+00,-5.812843876693861489e+00,9.595995825337908514e-01
3.576331846105802015e+00,-5.820959992669214600e+00,1.191457902778187083e+00
3.586782585173167170e+00,-5.827861251913745377e+00,1.406698460425990671e+00
3.598458500064069643e+00,-5.834862388823851553e+00,1.668147185724529358e+00
3.608760894464630109e+00,-5.840678872483128004e+00,1.913036537280524474e+00
3.618545870302534162e+00,-5.846232182115224774e+00,2.146719119292468392e+00
3.627975287643221858e+00,-5.851061133444735773e+00,2.392911494137586192e+00
3.636818567399081381e+00,-5.855948073097687612e+00,2.625214237361869429e+00
3.645002746446628805e+00,-5.861183934796081907e+00,2.872575364553766164e+00
3.652711116564984817e+00,-5.866886545215609594e+00,3.103905220398208264e+00
3.659613326134824263e+00,-5.872577309059976436e+00,-2.928188830950655852e+00
3.666290119669767922e+00,-5.878524776208705838e+00,-2.694829985659037863e+00
3.672548838732879517e+00,-5.885200652130236243e+00,-2.446764395806463099e+00
3.678897962643472130e+00,-5.892127863879569993e+00,-2.215218481342136503e+00
3.685107551047374308e+00,-5.899324588779037093e+00,-1.968211592847899816e+00
3.691480471667456520e+00,-5.906840507792315620e+00,-1.737076632828789657e+00
3.697772955833264596e+00,-5.914941408004927403e+00,-1.488623005500963270e+00
3.704291357483092018e+00,-5.923139997887131969e+00,-1.257819270019068458e+00
3.711292128151554515e+00,-5.931955323158345728e+00,-1.009060853779228273e+00
3.718866943313558160e+00,-5.940950799804865845e+00,-7.781520453810913951e-01
3.726790832549330190e+00,-5.950551709123846678e+00,-5.303963014611231541e-01
3.735574075685468731e+00,-5.960120474351819020e+00,-2.812969188920609320e-01
3.744806931160086894e+00,-5.969201619813994775e+00,-5.445393250736254437e-02
3.755840418818797488e+00,-5.979656270299173570e+00,2.184096699478988990e-01
3.767196843998080968e+00,-5.989013543237802217e+00,4.774836463311875612e-01
3.777680288524957852e+00,-5.996463663023015478e+00,7.020686264695414902e-01
3.789354490622160121e+00,-6.004344641739005617e+00,9.388296980177602835e-01
3.801211010567431714e+00,-6.011482241666197268e+00,1.165962414499340127e+00
3.889947182207510679e+00,-6.013516668415299193e+00,1.471152653995776660e+00
3.877622128028814341e+00,-6.019991204193542167e+00,1.758492173005124393e+00
3.920658548633853435e+00,-6.008594536156004473e+00,1.989275883528660138e+00
3.963652833658629415e+00,-5.997285394781389556e+00,2.219864240439686220e+00
4.004926398210856497e+00,-5.986022205902697735e+00,2.451835962660079637e+00
4.040742212380664888e+00,-5.975871579777066955e+00,2.692606912469054148e+00
4.067964027768737445e+00,-5.967219119224255408e+00,2.934500474053093111e+00
4.092586162572810160e+00,-5.959249336341503778e+00,-3.128719888236216828e+00
4.116403485309872323e+00,-5.951611517226537806e+00,-2.892937831939853321e+00
4.124770802451457108e+00,-5.943024388740903774e+00,-2.668029681607714920e+00
4.130117792548372968e+00,-5.929508299255806136e+00,-2.683574322780434063e+00
4.116270317946712609e+00,-5.912935558707631323e+00,-2.856633578578757771e+00
4.108139618883998700e+00,-5.915513471277903612e+00,-3.012571007201900741e+00
4.099707543879638649e+00,-5.918135264202519785e+00,3.118067649232636462e+00
4.090924376752502312e+00,-5.921383191687048964e+00,2.952075891047543088e+00
4.083163364041733523e+00,-5.923909840927118253e+00,2.793336853095760297e+00
4.075187653058457649e+00,-5.926873196640578989e+00,2.618828436886891708e+00
4.067756676269126181e+00,-5.929368837225041489e+00,2.458122345779119478e+00
4.060220935753965144e+00,-5.931834105136473134e+00,2.302196275082110777e+00
4.052658299558255628e+00,-5.934244939181898104e+00,2.133210984500590879e+00
4.041968416026228361e+00,-5.937119240563104583e+00,2.053855047057989935e+00
4.034281217992368163e+00,-5.942476910786204769e+00,2.261132977761480145e+00
4.036351410126465034e+00,-5.936377201065398346e+00,2.463036229682270761e+00
4.057620193586707558e+00,-5.902764318023656642e+00,2.633396562378149675e+00
4.051792783857549374e+00,-5.893546612703325138e+00,2.838432691900841576e+00
4.047073813188696967e+00,-5.885701883732709305e+00,3.037192135177314789e+00
4.042217296278801442e+00,-5.878396344228089987e+00,-3.054755667062744706e+00
4.036575928873055830e+00,-5.870145780669630220e+00,-2.858595358477676207e+00
4.031468232031754084e+00,-5.863372906945023999e+00,-2.655653663558775079e+00
3.938010337227970226e+00,-5.884521330630883895e+00,-2.424249597113166566e+00
3.931860796498575894e+00,-5.878032611976009569e+00,-2.222074366973593840e+00
3.925787410403202671e+00,-5.871845564347351498e+00,-2.025174609656953173e+00
3.909871854097308752e+00,-5.849507560987967203e+00,-2.037868680580332548e+00
3.913986751635975203e+00,-5.851094868334766552e+00,-2.204344899137945291e+00
3.918080802050094125e+00,-5.852685552555764836e+00,-2.368416608283971492e+00
3.922261710592823469e+00,-5.854801452938553474e+00,-2.526656742589817206e+00
3.922891741110231312e+00,-5.860578585834468335e+00,-2.647123706838841350e+00
3.833227027685851773e+00,-5.913471803108295788e+00,-2.612010183264228402e+00
3.741621329044647837e+00,-5.969954765808477504e+00,-2.586723012118122167e+00
3.685922750743110043e+00,-6.012466486888619066e+00,-2.410211182913652106e+00
3.673708688748151818e+00,-6.028686362886197081e+00,-2.203132029691039495e+00
3.664973178518359909e+00,-6.047723017766017506e+00,-1.995097692289373059e+00
3.652270847347279137e+00,-6.096514818637537303e+00,-1.785153001032451225e+00
3.629397519209778267e+00,-6.171908452010693935e+00,-1.680147328184542932e+00
3.623156543499886251e+00,-6.260248323511085289e+00,-1.564421809375689421e+00
3.617590886512219939e+00,-6.326644215850251385e+00,-1.719670284190254250e+00
3.599110604515815659e+00,-6.394412167868914310e+00,-1.891887555257814713e+00
3.572082142895647738e+00,-6.457485414171153515e+00,-2.061239284430998353e+00
3.558548583719750802e+00,-6.489733819575234541e+00,-2.241598736856523111e+00
3.554586803166756237e+00,-6.478274396591042539e+00,-2.466709497294930387e+00
3.550556507122195171e+00,-6.472198113813830034e+00,-2.679739227477373031e+00
3.550022510675479026e+00,-6.476656801916475636e+00,-2.869844280419822091e+00
3.548490307709129876e+00,-6.482721745916278699e+00,-3.050844475113362542e+00
3.547021105790814310e+00,-6.488861480348627531e+00,3.052524244195117920e+00
3.546121191674735051e+00,-6.500292222211395909e+00,2.883561383728673100e+00
3.545028705278452819e+00,-6.511068843820154051e+00,2.719029563103196434e+00
3.548510301772911379e+00,-6.506901686168796495e+00,2.719036530254410611e+00
3.549302927967282972e+00,-6.498471179343697557e+00,2.896402985244341366e+00
3.549705521494764593e+00,-6.489603502150672831e+00,3.079731221236492011e+00
3.549472961523851833e+00,-6.481552012942176866e+00,-3.033507440538556921e+00
3.549673097218715156e+00,-6.473326843688330889e+00,-2.855129008032914584e+00
3.559780017164282384e+00,-6.490951800290691409e+00,-2.599591431140788611e+00
3.554026700986807175e+00,-6.468572264767468383e+00,-2.468138380555870981e+00
3.529134598487796204e+00,-6.460195030709700248e+00,-2.347511599288186535e+00
3.527412249496118424e+00,-6.467697735610335563e+00,-2.145428448409179900e+00
3.526659747654313559e+00,-6.476685993573250144e+00,-1.945240475139470515e+00
3.503808757534374152e+00,-6.578804247342597833e+00,-1.826695662267980413e+00
3.486817552125586861e+00,-6.673173870980925848e+00,-1.648777059723873339e+00
3.490527313431158518e+00,-6.677125896698825613e+00,-1.448992041792347640e+00
3.498039621083511186e+00,-6.792342471174228180e+00,-1.427169856877761545e+00
3.508697443994770016e+00,-6.905711812536522665e+00,-1.446643625719568726e+00
3.495412954463707589e+00,-6.990534901200605944e+00,-1.364219437559168524e+00
3.531288043524082099e+00,-6.977598615976232210e+00,-1.028974237743837117e+00
3.527577366180551621e+00,-6.985527381232245148e+00,-8.623400473886461137e-01
3.578893464433083427e+00,-7.061055498536970454e+00,-8.496435093503632574e-01
3.595599820552963788e+00,-7.108594272707865258e+00,-7.286498364890982016e-01
3.616622284798539866e+00,-7.086857262710286598e+00,-4.179854134375503016e-01
3.623252791946886653e+00,-7.133907092008424655e+00,-3.440844325355210676e-01
3.633702495931221854e+00,-7.142044741024733412e+00,-1.576562440916502439e-01
3.644555625889458028e+00,-7.149655853521494464e+00,2.832201791253759204e-02
3.646381517058489674e+00,-7.162833218203877195e+00,2.014355375673076431e-01
3.648314244919607319e+00,-7.175475096385745211e+00,3.695498290653149720e-01
3.648852741616134487e+00,-7.160695677860793751e+00,5.886900629245194194e-01
3.704429376082567060e+00,-7.105102329215657875e+00,7.508550148884093334e-01
3.773822551504704581e+00,-7.014965568214309499e+00,9.044258049896499729e-01
3.843359619591490528e+00,-6.924598257052469563e+00,9.039079207005022987e-01
3.913255249643289080e+00,-6.835498740595008726e+00,9.000357406137793337e-01
3.984971413949004226e+00,-6.744123258813755406e+00,8.970880508040283141e-01
4.063535554503948433e+00,-6.649306095358671342e+00,8.883781597789872642e-01
4.012416684806924927e+00,-6.605894090066771085e+00,7.002581719420962747e-01
4.102673186369295344e+00,-6.539922523096202589e+00,6.197514911267276716e-01
4.156133935348651498e+00,-6.533428783080125868e+00,3.631621589214969470e-01
4.151156680537241073e+00,-6.504995006292973336e+00,2.824637458298904225e-01
4.151227209161114651e+00,-6.498731774674461725e+00,1.168740449393827485e-01
4.152167423297724369e+00,-6.500552816639385334e+00,2.739463142957642150e-01
4.154018705484823215e+00,-6.502319970798932758e+00,4.573514613906953796e-01
4.153912079819030545e+00,-6.499033653205496641e+00,6.516150703956317125e-01
4.244137705077169365e+00,-6.444122509079583949e+00,6.778427924075930422e-01
4.326800368123389973e+00,-6.377213779737068045e+00,6.762714204793910389e-01
4.412542157178742208e+00,-6.308151056630515896e+00,6.784089402637021315e-01
4.498709063398299790e+00,-6.240319009524314176e+00,6.762757887030569348e-01
4.596593062824352316e+00,-6.177033538282137748e+00,6.636825232033123356e-01
4.634057069068298063e+00,-6.121627139284470331e+00,5.388530167779701507e-01
4.624565130059066220e+00,-6.118663934708548524e+00,3.642611376620766839e-01
4.622137309877173195e+00,-6.121275132598208657e+00,1.396048370529473226e-01
4.619900230657060014e+00,-6.122583617974134640e+00,-6.347194781676765429e-02
4.617845685563027658e+00,-6.123331279555900508e+00,-2.977940053888910032e-01
4.616287873822382259e+00,-6.123955550422349958e+00,-5.174378377635173720e-01
4.615386978368789528e+00,-6.125018786747656208e+00,-7.478385668706593048e-01
4.614832363505213308e+00,-6.125197482580393427e+00,-1.017189319257184810e+00
4.615639031369827450e+00,-6.126024115497433087e+00,-1.268975931734720231e+00
4.617046196903293875e+00,-6.126764179138172395e+00,-1.511749824755923566e+00
4.657109503177401244e+00,-6.132374197888554868e+00,-1.639659232985598347e+00
4.649551756397948488e+00,-6.132981685100524771e+00,-1.831078364729310959e+00
4.642576195149181295e+00,-6.133906194759195074e+00,-2.018041039339586895e+00
4.643726786685200558e+00,-6.135374054260847032e+00,-2.196628237314531606e+00
4.644994635057846821e+00,-6.137143676004414239e+00,-2.378735514513397042e+00
4.560879410792381350e+00,-6.206822608920707474e+00,-2.477451043631238026e+00
4.477142739797047355e+00,-6.273036770532760542e+00,-2.479043571479523145e+00
4.396499888218916574e+00,-6.336471793122717244e+00,-2.481058901927360782e+00
4.312625660532119376e+00,-6.402455993016000768e+00,-2.479654058003041506e+00
4.230862908399788402e+00,-6.466774385927447355e+00,-2.482567446022080571e+00
4.199998469804274492e+00,-6.489454131357235589e+00,-2.301396583404679230e+00
4.197358350958854345e+00,-6.490128983891500170e+00,-2.118312764600352338e+00
4.194350008676055452e+00,-6.491447977886129372e+00,-1.951689354901826379e+00
4.196709917469543250e+00,-6.495064657330401836e+00,-1.748903398767327477e+00
4.198383579095233742e+00,-6.503548297213554541e+00,-1.545626868482920413e+00
4.200930489247462596e+00,-6.621088735813257742e+00,-1.521768135510027209e+00
4.186366898429782601e+00,-6.703719675729822747e+00,-1.440383883786979791e+00
4.198123256729988206e+00,-6.697170644067576006e+00,-1.221278796107610587e+00
4.210585583472069793e+00,-6.690385634349202526e+00,-1.002964589876251811e+00
4.271725534116477263e+00,-6.771870797950290566e+00,-9.324872398408819985e-01
4.333053465959593176e+00,-6.855975552911028004e+00,-9.407721398864643536e-01
4.397163450179063737e+00,-6.939771380141354307e+00,-9.451825532256602491e-01
4.465455052163995298e+00,-7.030464508398841517e+00,-9.480742706496805283e-01
4.454855981421632194e+00,-7.066040560128965531e+00,-8.195002705927711961e-01
4.458017891217145312e+00,-7.068760574703557786e+00,-5.979941158290678072e-01
4.461000966782247446e+00,-7.071072298350067342e+00,-4.189207976726323501e-01
4.463966491981510742e+00,-7.073590090880040648e+00,-2.227163043562395972e-01
4.466990530605579046e+00,-7.075970392095630501e+00,-4.717678508141475574e-02
4.470536150128929798e+00,-7.078943565235159774e+00,1.835101653834230739e-01
4.473825198984580531e+00,-7.081630475181016848e+00,3.940250114352559230e-01
4.452524692041714083e+00,-7.131221656100383832e+00,4.703286990570789139e-01
4.398332063462292219e+00,-7.147960120743509727e+00,4.871984951092507288e-01
4.428553413137922945e+00,-7.176523369242961081e+00,6.257115432861352078e-01
4.405316932017736775e+00,-7.124705034813739957e+00,6.756565868680945997e-01
4.443461124940047746e+00,-7.139097527692217504e+00,4.337188699867222108e-01
4.490141600626060381e+00,-7.118713507360806325e+00,2.911441002096042951e-01
4.513477184933991637e+00,-7.111804051601630761e+00,1.172016447538569289e-01
4.543648452191878739e+00,-7.110269644976686010e+00,-4.288728916967229216e-02
4.642524764738331200e+00,-7.119631458660244938e+00,-7.225828094661149170e-02
4.741744556622851547e+00,-7.126675294269596783e+00,-5.862714679465172440e-02
4.825370500140915730e+00,-7.132860903367855165e+00,1.325614031941547144e-01
4.826788890199280146e+00,-7.134967672332825472e+00,3.057147098557463916e-01
4.806178764493118649e+00,-7.107030125255271891e+00,5.869645918084466230e-01
4.897569096269485556e+00,-7.064274874199657717e+00,6.760828401595427861e-01
4.978424253775442843e+00,-7.001009562728627955e+00,6.791628119398539498e-01
5.063671678815481414e+00,-6.941330786205600845e+00,6.752899325595330682e-01
5.146410858189878645e+00,-6.871945769545509286e+00,6.837633744743446540e-01
5.205812643600270739e+00,-6.873985446145034039e+00,8.278810694789359159e-01
5.194668791528196827e+00,-6.863934664773374550e+00,1.029918067007784321e+00
5.195038125474841451e+00,-6.864230097049321522e+00,1.210019254489156593e+00
5.195479563388318844e+00,-6.864292174551787973e+00,1.395232379441905035e+00
5.195971017367425837e+00,-6.864187103950047941e+00,1.600352019088621569e+00
5.198295781509997937e+00,-6.862635436071196082e+00,1.802245487201687535e+00
5.200063337679114106e+00,-6.860645095844349228e+00,2.004629472929214007e+00
5.201545660797836312e+00,-6.859197443963950036e+00,2.179140236485632709e+00
5.195425942563891120e+00,-6.859758836685114325e+00,2.369092236274666696e+00
5.227688082488278987e+00,-6.838085863175968449e+00,2.467290869707934764e+00
5.224381010827668703e+00,-6.835745805900799610e+00,2.658449269712935159e+00
5.221361989344798893e+00,-6.833691722200404328e+00,2.862972508492210633e+00
5.218481566080731326e+00,-6.831225476890110393e+00,3.087751769191648954e+00
5.215617942897462278e+00,-6.829140675227942658e+00,-2.990097618036718252e+00
5.213092123354184260e+00,-6.827370362564766815e+00,-2.811188147114548563e+00
5.210185702239451544e+00,-6.825611734717782042e+00,-2.630690740932909222e+00
5.206972163988349500e+00,-6.824033704440668480e+00,-2.443453947019131434e+00
5.203272660328458699e+00,-6.822847247880140742e+00,-2.215036089240129957e+00
5.199438942957963050e+00,-6.822331864292284109e+00,-2.023523890024348404e+00
5.195418689086389818e+00,-6.822453991232286796e+00,-2.129357036906522005e+00
5.193315134079849571e+00,-6.822742519370503800e+00,-2.288375778774927038e+00
5.111336070100489515e+00,-6.886717007881025587e+00,-2.411975792873286117e+00
5.030215049639569891e+00,-6.955340049585413631e+00,-2.413319719702545996e+00
4.951430381428753691e+00,-7.021236205314252743e+00,-2.413633995590698689e+00
4.874454383449212891e+00,-7.087720447450038819e+00,-2.413457651250043412e+00
4.790760723143744571e+00,-7.159552396867941759e+00,-2.414098477220238070e+00
4.709770079068535509e+00,-7.229409359583606864e+00,-2.412944438334910124e+00
4.627753405376557438e+00,-7.299154672732551141e+00,-2.415268461293761160e+00
4.546268538412150839e+00,-7.368926017632903225e+00,-2.417079996089180227e+00
4.465184042589386948e+00,-7.437949586857602213e+00,-2.417807982525173482e+00
4.379514191311487892e+00,-7.511584770950564760e+00,-2.412397140957152963e+00
4.296441812707209706e+00,-7.582742392049746094e+00,-2.412107595902901025e+00
4.217197848696439877e+00,-7.652179965766492842e+00,-2.413025347708672275e+00
4.145750120469925193e+00,-7.714470964664699615e+00,-2.417475559757952919e+00
4.062065784227556264e+00,-7.787034292545318870e+00,-2.417081255118637806e+00
3.980784729487247375e+00,-7.857276688164536615e+00,-2.417401647605231130e+00
3.900743562824278587e+00,-7.927651043401125364e+00,-2.414913130307549505e+00
3.819562713951555111e+00,-8.004169639001041503e+00,-2.404882926191321602e+00
3.736822245665058162e+00,-8.075683359449854493e+00,-2.409619542616116217e+00
3.656598213613093673e+00,-8.144092165360280688e+00,-2.411262426600697673e+00
3.576245869114406783e+00,-8.213146130013944557e+00,-2.409773320537631491e+00
3.544270157816646449e+00,-8.199774279362038953e+00,-2.248484872595066353e+00
3.542053801881389408e+00,-8.198457861414860659e+00,-2.052932850531097309e+00
3.539771525063125868e+00,-8.197791048255563595e+00,-1.849582678475708342e+00
3.537227649792908935e+00,-8.198060052653856289e+00,-1.633893060301126132e+00
3.535399410876424398e+00,-8.198848256792105715e+00,-1.539751537940403203e+00
3.536488746051464460e+00,-8.197636018322990381e+00,-1.736561910684558008e+00
3.537722942996818887e+00,-8.197015954321056341e+00,-1.930386476228105552e+00
3.539353424902909939e+00,-8.197115382525783644e+00,-2.125681935017858848e+00
3.540945932046068556e+00,-8.197917132314875843e+00,-2.304297538191988348e+00
3.543145559910580111e+00,-8.199436122021159790e+00,-2.550594437708114004e+00
3.545407869563965697e+00,-8.201559690265559865e+00,-2.802333984365084518e+00
3.546910837190186072e+00,-8.203505733779694609e+00,-3.001638228021914490e+00
3.549095102465378293e+00,-8.205546151059712301e+00,3.113116428860537965e+00
3.550073828298567769e+00,-8.206234245449250508e+00,2.934271039466595621e+00
3.549577586154275544e+00,-8.205449817014597969e+00,2.762598512882763924e+00
3.550788794583360719e+00,-8.206225227359672303e+00,2.584186351479764721e+00
3.551264233385495128e+00,-8.206728183740999327e+00,2.411827914363577907e+00
3.473725057729658783e+00,-8.136023637062681502e+00,2.407034249778969848e+00
3.393550502461961216e+00,-8.064808734043706906e+00,2.410692773473223305e+00
3.317545568778702325e+00,-7.996322813901733717e+00,2.415640908775553708e+00
3.240839589109038688e+00,-7.928145030030350426e+00,2.420069849333237322e+00
3.163234716428607207e+00,-7.859720851310841638e+00,2.427615040428932502e+00
3.156534225664973548e+00,-7.854226141853120957e+00,2.249188945954270213e+00
3.156139583382072900e+00,-7.854579539679114042e+00,2.066142871204878606e+00
3.155196394297608897e+00,-7.855394161194841907e+00,1.855277558504006885e+00
3.153679811042238157e+00,-7.856584392351804169e+00,1.653824817404641045e+00
3.152002397233862663e+00,-7.856651368303232630e+00,1.474985417770828144e+00
3.149898334160824209e+00,-7.856721415618953763e+00,1.274029679705515061e+00
3.145910223614082124e+00,-7.856872589170868615e+00,1.095730527913309604e+00
3.142014748166845894e+00,-7.854033825755893261e+00,9.244112825599397620e-01
3.139522773077688012e+00,-7.851752726371958424e+00,7.465931083859711492e-01
3.136081353372492941e+00,-7.847244611080766319e+00,5.823652969975794402e-01
3.133723637085573444e+00,-7.845096160052511536e+00,4.090804442183260670e-01
3.131725459012176138e+00,-7.842710213526461693e+00,2.338187846050332475e-01
3.129000144426042240e+00,-7.845913769131201754e+00,3.581789256222307760e-02
3.125846558125827013e+00,-7.848715152875930912e+00,-1.565957163164396482e-01
3.123149617508441001e+00,-7.851546145572919855e+00,-3.465366035835059644e-01
3.121979586862599909e+00,-7.847347916649449751e+00,-5.143544427809294550e-01
3.121179801838180001e+00,-7.842640816402695947e+00,-6.816154265578467930e-01
3.119975849629843978e+00,-7.838699671885017928e+00,-8.535389782580289353e-01
3.113852014856291373e+00,-7.836819196422229794e+00,-1.031453185932219796e+00
3.108550024251564903e+00,-7.834845503337693806e+00,-1.219433059472512015e+00
3.108173074502545763e+00,-7.833714205270478459e+00,-1.390562329842919942e+00
3.108592755591675250e+00,-7.832376438065725033e+00,-1.563698675548159001e+00
3.109029524340717998e+00,-7.831532626129329877e+00,-1.741254537345152231e+00
3.113403428803012130e+00,-7.829340228290898374e+00,-1.895345855978668004e+00
3.107959627092463872e+00,-7.829066869739740753e+00,-2.077968065396876174e+00
3.099214020569631689e+00,-7.829101083749280932e+00,-2.265560880075762284e+00
3.090909302858552365e+00,-7.828279444746748084e+00,-2.149719197895791911e+00
3.083537001228060515e+00,-7.828004257416036893e+00,-1.948409389501277067e+00
3.076716727931913642e+00,-7.828225825144670580e+00,-1.756149606289485243e+00
3.080603119880622742e+00,-7.825244694925714839e+00,-1.563435493848740254e+00
3.085623310860661661e+00,-7.823099356004569849e+00,-1.354019161902914492e+00
3.090245067035422455e+00,-7.821775734395773227e+00,-1.104225462587780981e+00
3.094658845541762293e+00,-7.821255845907574056e+00,-8.927485855637714574e-01
3.100059603050828283e+00,-7.820818075597868457e+00,-6.747082834673937546e-01
3.162261543270253217e+00,-7.895706317309535649e+00,-6.264456546725620800e-01
3.254289674876509331e+00,-7.959597848598674474e+00,-4.772682888942916257e-01
3.300328541585194397e+00,-7.961023008934911438e+00,-3.414973725426867501e-01
3.301206706967041438e+00,-7.960101887045526681e+00,-5.303813829546439873e-01
3.301422329560855573e+00,-7.958880888927326147e+00,-7.237411416989789625e-01
3.301589949363390897e+00,-7.957353020679565070e+00,-9.185261034409357705e-01
3.302167839140982331e+00,-7.955652757598157265e+00,-1.124466953877885755e+00
3.304000131033344445e+00,-7.953566684049890867e+00,-1.356572327045673765e+00
3.306803921804786661e+00,-7.951480579386386083e+00,-1.623433790134830135e+00
3.310270504550119508e+00,-7.951070284546747580e+00,-1.883669406839599381e+00
3.314300447586901566e+00,-7.951849212667495337e+00,-2.135359770749710062e+00
3.318387220400091042e+00,-7.953414002796312943e+00,-2.349588292862881733e+00
3.328330274828454005e+00,-7.954858167574280436e+00,-2.513225710526423740e+00
3.335995416621637677e+00,-7.955755740117361974e+00,-2.624052589065962948e+00
3.336833665630744683e+00,-7.953736626208716132e+00,-2.442313624158980012e+00
3.337584861376585721e+00,-7.951023349451005195e+00,-2.258086275415619681e+00
3.294551148187289336e+00,-7.942257799803151386e+00,-2.143196638845068946e+00
3.294984527293086440e+00,-7.943459422231337719e+00,-1.958807088314971523e+00
3.295154404912385981e+00,-7.945071894378837207e+00,-1.771422895877290404e+00
3.296082559563306091e+00,-7.948846409442337446e+00,-1.578257867566783101e+00
3.296388591787905664e+00,-7.949579760355969249e+00,-1.400184730746608208e+00
3.294300199779518046e+00,-7.954198288212723789e+00,-1.214463996852876093e+00
3.291213581893315254e+00,-7.959150427840957498e+00,-1.024594826555975002e+00
3.288774326456660901e+00,-7.964660880427683054e+00,-8.417838915952927659e-01
3.286349666150183424e+00,-7.970452620664852716e+00,-6.624938821037887893e-01
3.284248705805224766e+00,-7.976988039375577877e+00,-4.786926246106393279e-01
3.280047698506856513e+00,-7.984497999517528477e+00,-2.938404141188700747e-01
3.275529717261315810e+00,-7.992725214388678445e+00,-1.108634596399802885e-01
3.270811946618106258e+00,-8.001485292417527262e+00,6.678989563098025606e-02
3.265162017427737151e+00,-8.009959064819350161e+00,2.517915750982397394e-01
3.259434234586810142e+00,-8.019382559578602354e+00,4.314952396067415208e-01
3.253898649688933276e+00,-8.018626467683093395e+00,6.414592312233924343e-01
3.248823900979298518e+00,-8.018842228703158881e+00,8.574185179205682239e-01
3.244948470985141498e+00,-8.018387342561242193e+00,1.062192021564850819e+00
3.264798668622872491e+00,-8.005187481600401611e+00,1.080099676882356974e+00
3.265033361969486236e+00,-8.000518718523574435e+00,8.926267022636746873e-01
3.264285473277118488e+00,-7.995568727853298086e+00,6.575983966098238875e-01
3.263624384861148808e+00,-7.990896520764815492e+00,4.271517557550718602e-01
3.263305566733141205e+00,-7.986286743218753870e+00,2.380917438509503603e-01
3.262590818213407573e+00,-7.981801527405669283e+00,2.023526803191172743e-02
3.262515344753237123e+00,-7.977911211152679094e+00,-1.870032897816032991e-01
3.261871905613383582e+00,-7.973477986780167726e+00,-4.331640353597477344e-01
3.261815144221478668e+00,-7.969439936301219163e+00,-6.623356055602998005e-01
3.261664589970518335e+00,-7.964974270786297161e+00,-8.926391787807790301e-01
3.262138475973576313e+00,-7.961245140401371323e+00,-1.083634741812608437e+00
3.263780145910714747e+00,-7.956924053119627693e+00,-1.336587043950808518e+00
3.266039330826922882e+00,-7.953707654724937015e+00,-1.517289764841059707e+00
3.269027309535778691e+00,-7.951135649236329428e+00,-1.697716149204825609e+00
3.272521612855823214e+00,-7.948454907330319230e+00,-1.888460085925267373e+00
3.278812286439214407e+00,-7.942663609748565889e+00,-2.064226984795134001e+00
3.278895660019302660e+00,-7.942746056726411652e+00,-2.245631512806030017e+00
3.279885712432827116e+00,-7.943062932431599776e+00,-2.417567593834540229e+00
3.279166835333744867e+00,-7.943374959075191200e+00,-2.607890677962309667e+00
3.270262025804692385e+00,-7.937220511472045992e+00,-2.571828759523989483e+00
3.266904954769835889e+00,-7.934144439458296283e+00,-2.396687375731013425e+00
3.264093389627011899e+00,-7.931305227327022145e+00,-2.221861221833910438e+00
3.260781291594856413e+00,-7.929308103452354040e+00,-2.042492663936034347e+00
3.257526663644640497e+00,-7.927861619473824284e+00,-1.860991591084872665e+00
3.254254419248779229e+00,-7.926961233438583498e+00,-1.666034188626548396e+00
3.251621505862584360e+00,-7.926132624431395435e+00,-1.479504144832689105e+00
3.253921617300157276e+00,-7.928076892239390716e+00,-1.294150733610820003e+00
3.256638873885388197e+00,-7.929997036261133836e+00,-1.107222746407990455e+00
3.261059695300554395e+00,-7.932606159419265168e+00,-8.943401385678970694e-01
3.265751519507695377e+00,-7.934832618370790236e+00,-6.898963734584022678e-01
3.270277045979100627e+00,-7.937023098243854768e+00,-5.026071390281211526e-01
3.364251154993066262e+00,-8.004225808180173374e+00,-4.553028542187426142e-01
3.459930688500092888e+00,-8.053882198509066725e+00,-4.577510910673678324e-01
3.501071793732100979e+00,-8.027835853108962638e+00,-5.529266501613994134e-01
3.502590661322769527e+00,-8.029100512858986960e+00,-7.649630615186798765e-01
3.503462320503345051e+00,-8.029244709321211815e+00,-9.907662933985295073e-01
3.505527229877484441e+00,-8.029190427232563820e+00,-1.184663035859056190e+00
3.508247786190289208e+00,-8.029069836022534545e+00,-1.427336017363865839e+00
3.511597441393948582e+00,-8.028814939911027793e+00,-1.620402045373601885e+00
3.515380356118543048e+00,-8.032453116198215781e+00,-1.504386583798409838e+00
3.518677781704335317e+00,-8.036558133940987503e+00,-1.516620560593652023e+00
3.523330579616914537e+00,-8.038941108787650336e+00,-1.708914867360560086e+00
3.527723500312627714e+00,-8.042178029342700540e+00,-1.892656900921817043e+00
3.532360083177248367e+00,-8.045151174166136343e+00,-2.096905009082198124e+00
3.533427974597223908e+00,-8.045704195799737946e+00,-2.290406417160578911e+00
3.535088293200995935e+00,-8.047537910663884020e+00,-2.531093584429664478e+00
3.536179885873778961e+00,-8.049150310078012183e+00,-2.754117257189972356e+00
3.537022001526658244e+00,-8.050858481120531707e+00,-2.937310109970408423e+00
3.530263217960850852e+00,-8.049795318177963566e+00,-2.998288453525324027e+00
3.527042233576020092e+00,-8.047731893974383155e+00,-2.820817258066165678e+00
3.524226777022520185e+00,-8.045466870905620738e+00,-2.628161505829058608e+00
3.519566968873647284e+00,-8.043328757540724183e+00,-2.466786128602720840e+00
3.533454653619941155e+00,-8.060487188356473709e+00,-2.265331857448839692e+00
3.512654593987763363e+00,-8.045310924939727215e+00,-2.140497493096174431e+00
3.514759558555163643e+00,-8.051434871945460259e+00,-1.954289828757074021e+00
3.517962930928723253e+00,-8.059388949519284751e+00,-1.787061278524450181e+00
3.519558451616932260e+00,-8.063566977633795929e+00,-1.595828669944106881e+00
3.520449266532834187e+00,-8.067884306034192932e+00,-1.416416348797094882e+00
3.521317791245397455e+00,-8.072495135335394423e+00,-1.240324265337734655e+00
3.522866659621860741e+00,-8.077911221386241181e+00,-9.783877610531589442e-01
3.525276925387283988e+00,-8.082799157006199664e+00,-7.839574915897794538e-01
3.528018507932487502e+00,-8.087793557356009799e+00,-5.762582208779587489e-01
3.531041967927040393e+00,-8.092833056673301328e+00,-3.522939000438978785e-01
3.533905134001185555e+00,-8.097835820480183244e+00,-1.485849784377662741e-01
3.537040556037179151e+00,-8.103052059416357977e+00,8.260845470982440542e-02
3.540146789864994314e+00,-8.108533858590734056e+00,2.871648773262957532e-01
3.543664176567562940e+00,-8.114034630643313761e+00,4.910782653622570160e-01
3.547706823315803781e+00,-8.119869096345706083e+00,7.218176561695759386e-01
3.575522918964308960e+00,-8.108712910472307911e+00,8.631490021336278851e-01
3.614933681135910071e+00,-8.067635266720753151e+00,7.274555683887885538e-01
3.619473623150991859e+00,-8.072251224333268027e+00,5.403870930552383545e-01
3.705088986942208340e+00,-8.021737911514700059e+00,5.430234618678940750e-01
3.793281717972808664e+00,-7.968058156601601993e+00,5.406350530549056677e-01
3.879877113735742622e+00,-7.916136345246489014e+00,5.396850048930120769e-01
3.975316827156742949e+00,-7.869997495928833686e+00,5.399023231775069709e-01
4.035200233558364324e+00,-7.839398993385941594e+00,6.859722516730087927e-01
4.058069023927604491e+00,-7.805220100159174557e+00,9.104274960531811844e-01
4.073436333496467832e+00,-7.766715177544972093e+00,1.125936348176301172e+00
4.086932370393955516e+00,-7.728771093477600829e+00,1.314971264018476971e+00
4.093072579953301648e+00,-7.690001914768504143e+00,1.503423239863840744e+00
4.091876284405599584e+00,-7.650883600261566997e+00,1.690930435626560202e+00
4.087623931220704776e+00,-7.544833982380428239e+00,1.770556474615162745e+00
4.058553684221239521e+00,-7.445812590843842393e+00,1.918728621829592473e+00
4.038746645476565256e+00,-7.396935167399883326e+00,2.100798066119089480e+00
4.032445316870517438e+00,-7.386469466251070592e+00,2.282694222190080335e+00
4.016460788762066692e+00,-7.365344509674938145e+00,2.207614730686582316e+00
4.013350130914236757e+00,-7.359977948448695351e+00,2.019351218507421386e+00
4.010747589677405855e+00,-7.354873455341527588e+00,1.847140768377239173e+00
4.008635898965216882e+00,-7.349327584910648525e+00,1.666503320013003497e+00
3.994007122722438297e+00,-7.241502137610930312e+00,1.641533962124589019e+00
3.982264583850107176e+00,-7.132911752656019289e+00,1.660333721098390392e+00
3.975808251811897787e+00,-7.029593976584557424e+00,1.653913842453450966e+00
3.972508744610746323e+00,-6.925927317455813359e+00,1.604721108566654397e+00
3.974940547179358852e+00,-6.835102087278702498e+00,1.465247775476240966e+00
3.977008900369995548e+00,-6.831882924313330108e+00,1.471092272058564188e+00
3.980977501292307430e+00,-6.827415130326401460e+00,1.643764237666778261e+00
3.978603263744961094e+00,-6.716881542208101408e+00,1.676297082555217477e+00
3.965645601585338298e+00,-6.631521620858941368e+00,1.851255698253102988e+00
3.940400042025083760e+00,-6.526874051007398592e+00,1.839292256995750163e+00
3.940717596957485025e+00,-6.515541036076741399e+00,1.689471374238896928e+00
3.944099015922951867e+00,-6.510852877162405683e+00,1.868369418975159624e+00
3.947237255192328487e+00,-6.504278860162153286e+00,2.034331084496172615e+00
3.915558798695961240e+00,-6.414887598289278792e+00,2.122863246579368202e+00
3.857184325443760997e+00,-6.322386865011159429e+00,2.130682033002194053e+00
3.800600115051906869e+00,-6.234996636669192682e+00,2.140102106723977382e+00
3.738173363361872781e+00,-6.143931180186126717e+00,2.187414763839346854e+00
3.669729969397946601e+00,-6.056260639361111586e+00,2.248742619551375999e+00
3.599243045170940736e+00,-5.976417866627985021e+00,2.287983527264575212e+00
3.527173848067221673e+00,-5.895722572284400442e+00,2.297375400710180315e+00
3.452312673882090177e+00,-5.813145168214932212e+00,2.304289052428294404e+00
3.374414514193353032e+00,-5.729386754765861234e+00,2.313975326558550538e+00
3.298005979697841372e+00,-5.648296568534310502e+00,2.320360508389787579e+00
3.221062074054530822e+00,-5.567552104328761686e+00,2.324956321966519468e+00
3.141970931472525486e+00,-5.484735516296367130e+00,2.329009629151575389e+00
3.067137819501700058e+00,-5.407348060273975854e+00,2.333204071321607120e+00
2.994602845257680279e+00,-5.332954902855060020e+00,2.336994148200523203e+00
2.916816526644561591e+00,-5.253541872426289672e+00,2.341587957718933577e+00
2.838556001803472562e+00,-5.174376839898648051e+00,2.345876587429799986e+00
2.764884679295371850e+00,-5.100888195567279126e+00,2.350621541033798945e+00
2.685100612386331242e+00,-5.022211256601176288e+00,2.360297240420339282e+00
2.603299539101118221e+00,-4.946911889915738492e+00,2.417944329043463458e+00
2.524399380109158653e+00,-4.875299595192228885e+00,2.480920370294334543e+00
2.440433368285031879e+00,-4.809927933225838892e+00,2.554496978751404690e+00
2.349788711751602310e+00,-4.747659079870001797e+00,2.592696160862760113e+00
2.260209523739073134e+00,-4.690467972931020135e+00,2.631084268753894229e+00
2.168758085437987315e+00,-4.636981159492911786e+00,2.664890232430236594e+00
2.076795210729452723e+00,-4.583745189020463684e+00,2.656272584567960671e+00
1.982430822067775988e+00,-4.528357139830474054e+00,2.650650884253457740e+00
1.891341872769092047e+00,-4.474277381606239778e+00,2.648115323179031755e+00
1.799603797873973399e+00,-4.420148862952763658e+00,2.653018955394566003e+00
1.708207314314178937e+00,-4.367140925779376737e+00,2.657159316828427986e+00
1.612406265852547538e+00,-4.313938718186437704e+00,2.654314074927261569e+00
1.518080558109429656e+00,-4.261313717100750686e+00,2.651152223082818615e+00
1.422566733732754996e+00,-4.206893790311844405e+00,2.607436613236556067e+00
1.332722410098893251e+00,-4.148993552202755453e+00,2.547409292980004736e+00
1.247766146726484227e+00,-4.084327560987696337e+00,2.461179513145409725e+00
1.165491516076142986e+00,-4.009363081972092679e+00,2.415506932163470566e+00
1.088786402014515931e+00,-3.937256174207629300e+00,2.417145735003678464e+00
1.005596276696090863e+00,-3.861650621546524942e+00,2.454940543257333019e+00
9.192632250093445423e-01,-3.790100539776007249e+00,2.505420003538878504e+00
8.294813161385105049e-01,-3.720461020453071477e+00,2.532082699221845701e+00
7.380440702704352818e-01,-3.649238435563179728e+00,2.527103504682354895e+00
6.486863208188372587e-01,-3.579755934336786627e+00,2.524428333635618582e+00
5.593460207127801675e-01,-3.510413560847097436e+00,2.527047575305156446e+00
4.695404757545736385e-01,-3.441065864815704867e+00,2.530209112870342558e+00
3.821448237688690464e-01,-3.377561767329737119e+00,2.517442537821533932e+00
2.991548720558022123e-01,-3.312983429914860611e+00,2.461009458491890456e+00
2.224277430707879977e-01,-3.246703717549026535e+00,2.370711759151825415e+00
1.522381837401672044e-01,-3.173304424452786598e+00,2.279412886705996844e+00
8.927059615123966729e-02,-3.093466716466972688e+00,2.189548542502132822e+00
3.332630634988464208e-02,-3.004336302606545051e+00,2.089723888649075434e+00
-1.167103301408137402e-02,-2.912479912396943149e+00,1.993432104050648412e+00
-4.724739121278828669e-02,-2.817204409317711100e+00,1.875194570251704995e+00
-6.586474174459168440e-02,-2.737227422640916785e+00,1.733869659898894522e+00
-7.121016298103610698e-02,-2.655328332929131729e+00,1.577295979082101507e+00
-6.517861877464063702e-02,-2.592804447640023824e+00,1.421916907894593685e+00
-4.781114163395126793e-02,-2.532667093932198910e+00,1.241420095843490445e+00
-1.391775880043515969e-02,-2.467338050922931014e+00,1.035144474884819754e+00
3.100557508207212390e-02,-2.411895548685731416e+00,8.510831229510956719e-01
8.937660565313175487e-02,-2.365321433025526332e+00,6.910285806699913991e-01
1.550763129256091943e-01,-2.326942591291901952e+00,5.837897337294062350e-01
2.503017771183532192e-01,-2.281480507781547651e+00,5.211488844200344861e-01
2.650908483530390880e-01,-2.290570342587934238e+00,6.869579487765178349e-01
3.527661599974692974e-01,-2.236550212574154095e+00,6.965828456410260161e-01
4.338945153598625093e-01,-2.179304855245606021e+00,7.039189858765434460e-01
5.166478091184774080e-01,-2.118754732747463621e+00,7.144673340909510895e-01
5.876870701802502373e-01,-2.110895344661968043e+00,8.343631395820233498e-01
5.947576468761334167e-01,-2.131714406547380314e+00,1.008002312276389478e+00
6.015852519846055513e-01,-2.148472527148528322e+00,1.210431190902643950e+00
6.082362843084421211e-01,-2.162420712798157840e+00,1.408538176857815793e+00
6.142171023085739590e-01,-2.175963820417722072e+00,1.597923818620748726e+00
6.200292709632946320e-01,-2.188292932765642185e+00,1.787222177218431129e+00
6.245995513167290625e-01,-2.236864788052868036e+00,1.678477726379294488e+00
6.248750160170822854e-01,-2.214989545393911907e+00,1.643339034129371212e+00
6.285545479569084604e-01,-2.203154273208204117e+00,1.594151161048512400e+00
6.265909123858021124e-01,-2.207681266767913097e+00,1.795257432049282897e+00
6.168195684061098527e-01,-2.216296383281502802e+00,1.982041024042474175e+00
5.993870883748214640e-01,-2.226942699563075223e+00,2.170506256354980845e+00
5.354473765469961455e-01,-2.226390367943866355e+00,2.285410792159646931e+00
4.745875031829061008e-01,-2.222660144636305901e+00,2.215816477744095625e+00
3.842640400745646612e-01,-1.122111100427811925e+00,-1.419142263739592291e+00
3.863046463954661891e-01,-1.202851934898047981e+00,-1.267963667255035398e+00
3.878215614065804728e-01,-1.234011892847023839e+00,-1.081218306855562306e+00
3.809446846310490242e-01,-1.244238390958570140e+00,-8.953063000119143577e-01
3.764249475669350642e-01,-1.259998340434142383e+00,-6.994326874112769543e-01
3.712793880171469940e-01,-1.273537312502559304e+00,-5.150102369849717254e-01
3.602170871253908557e-01,-1.292193130103916676e+00,-3.599082844612336296e-01
3.417876601609584619e-01,-1.314723754223352969e+00,-2.452052513948788093e-01
3.370358502924654109e-01,-1.323946847237364777e+00,-4.673079673936198636e-02
3.324112529390914617e-01,-1.333057904126097259e+00,1.318473740883169265e-01
3.333984235863058365e-01,-1.341379117150609979e+00,3.104936233201893714e-01
3.301397424950454074e-01,-1.338795607717405467e+00,4.945851005358370411e-01
3.347923092847345794e-01,-1.346284538282626508e+00,6.948542337698285776e-01
3.372143098565757446e-01,-1.346626780224887243e+00,9.004291378969662141e-01
3.427361935998269327e-01,-1.348700435471551495e+00,1.076448033901653556e+00
3.479848683184060265e-01,-1.346691061615029827e+00,1.255909889167665661e+00
3.532663222015146043e-01,-1.344392390809218352e+00,1.435895054350598832e+00
3.590065981717833754e-01,-1.341427902364922042e+00,1.641033269764818670e+00
3.636332885352281385e-01,-1.337747594135677787e+00,1.826354897470704008e+00
3.674840674393129447e-01,-1.333751181724238899e+00,2.009696229622285113e+00
3.715959870921444752e-01,-1.329480196040519591e+00,2.189707602130614550e+00
3.747324191182409558e-01,-1.325161199657500122e+00,2.390316426604042199e+00
3.779741982123155375e-01,-1.320761779091301991e+00,2.575786437893391678e+00
3.812819701113998039e-01,-1.315929560871164750e+00,2.759973642134139649e+00
3.844110142759477600e-01,-1.311882821915627995e+00,2.955267761426833228e+00
3.782022287488611689e-01,-1.283208592356411604e+00,3.117983940759343042e+00
3.810667162795236540e-01,-1.280281673121529185e+00,-2.970465376675239355e+00
3.844726197752511010e-01,-1.283425779145473955e+00,-2.764381629643214655e+00
3.796477364564160850e-01,-1.269726845380957148e+00,-2.610775474845626221e+00
3.792632849866892086e-01,-1.260982058113087056e+00,-2.446568131854944372e+00
3.793568086105479908e-01,-1.257318013633389020e+00,-2.253349994390602351e+00
3.842631951751665498e-01,-1.255283395297595916e+00,-2.057983538477049290e+00
3.897354776411000588e-01,-1.254313112602962299e+00,-1.866638909974487115e+00
3.739130064601703940e-01,-1.258613546997810806e+00,-1.741725647126559418e+00
3.692619394953827738e-01,-1.260059029005064613e+00,-1.587966063814415296e+00
3.763093076062498654e-01,-1.260778693793565441e+00,-1.393163949280751046e+00
3.796381629011685854e-01,-1.264617656044158656e+00,-1.208375469030199545e+00
3.836443596304267012e-01,-1.269634958819211290e+00,-1.036211289613715891e+00
4.431443831020555613e-01,-1.358562748306696877e+00,-1.049373496626080593e+00
5.005254327279168303e-01,-1.455899913383318589e+00,-1.068730102050000630e+00
5.637246700721780801e-01,-1.558562886490032051e+00,-1.059096976347791985e+00
6.056362225801694699e-01,-1.622813302996450435e+00,-1.056891654157709803e+00
6.650689767707627098e-01,-1.720384483083127636e+00,-9.682014957352735873e-01
7.244902117079053960e-01,-1.819007841091682121e+00,-9.635428637359504389e-01
7.707456640330055953e-01,-1.820381933842123656e+00,-1.089374526612400418e+00
7.479427738761166289e-01,-1.824350748113796827e+00,-1.280848072439055629e+00
7.566772559322807457e-01,-1.831409703462797633e+00,-1.424180446980974679e+00
7.571646637023989879e-01,-1.833747633865897786e+00,-1.584378606012013302e+00
7.526413527912367840e-01,-1.832649503530798141e+00,-1.759796406035941008e+00
7.430529711575738494e-01,-1.831749868286032035e+00,-1.916228510952677100e+00
7.416898566148591998e-01,-1.830429037544130555e+00,-2.095247535807321704e+00
7.491959752887588087e-01,-1.828768407940421614e+00,-2.282755998905256600e+00
7.852284264238703626e-01,-1.833962219386379600e+00,-2.468081739267822261e+00
7.913011868136927696e-01,-1.821929265391095010e+00,-2.636420342435227049e+00
8.067624503803230152e-01,-1.810931700661132515e+00,-2.791381484430188298e+00
7.874282992775391010e-01,-1.817323708840795193e+00,-2.954582483681192251e+00
7.897308235050256586e-01,-1.796053545097647808e+00,3.118257159758369035e+00
8.104643326631488787e-01,-1.778100426175249549e+00,2.992237293981659274e+00
7.863694623543604489e-01,-1.785438493266777504e+00,2.794186730889981707e+00
7.654716728624156863e-01,-1.791088651839126689e+00,2.859092304374400761e+00
7.734143370673584039e-01,-1.787216437909408651e+00,3.065198206342098608e+00
7.830306480232066546e-01,-1.767290741993793546e+00,-3.076077728878251261e+00
7.566115872937817510e-01,-1.781532544231528403e+00,-2.899582256543446590e+00
7.307187600776985370e-01,-1.798905241971074487e+00,-2.710175219769132227e+00
6.238949707627950980e-01,-1.843118876770175607e+00,-2.619485039270796900e+00
5.263314159691461214e-01,-1.889984653464197084e+00,-2.535832029307269142e+00
4.364493078688126415e-01,-1.941706899569505707e+00,-2.480972924078235664e+00
3.573904105347001647e-01,-2.022505791140777109e+00,-2.429324231125825406e+00
2.778606540854640650e-01,-2.104617166566747244e+00,-2.441810427782482140e+00
2.113579078208571160e-01,-2.174993975172229810e+00,-2.453567734472748452e+00
1.370891648655472583e-01,-2.247590126744163808e+00,-2.457720928972465746e+00
6.570289264387282890e-02,-2.320375076220925870e+00,-2.446365426939896892e+00
-5.163397241504993213e-03,-2.393752160880585400e+00,-2.440571487587213539e+00
-2.690529255932672462e-02,-2.440527985057557192e+00,-2.599844085921182657e+00
-2.170313970879881108e-02,-2.428069355370841897e+00,-2.839153983199593778e+00
-1.639134792694831727e-02,-2.424046240827397725e+00,-3.071231087335493992e+00
-9.890474475032506180e-03,-2.439509129815220501e+00,3.057965601729750293e+00
-3.172340424299742532e-03,-2.457276060441634602e+00,2.920358064143752763e+00
-3.656011883419740816e-02,-2.450840279879746397e+00,2.725283046422242172e+00
-4.171346380040144575e-02,-2.452312514023279988e+00,2.527058244025359723e+00
-5.041888074536777370e-02,-2.457475892246158811e+00,2.357241722018373675e+00
-4.590051798926934878e-02,-2.450315833203341231e+00,2.124076258273360107e+00
-5.546282329128582322e-02,-2.457040498539918350e+00,1.944873254037125188e+00
-5.999235646826758112e-02,-2.457869498397931896e+00,1.757332708571022417e+00
-6.528728179637463547e-02,-2.458584861888095663e+00,1.542729537944806273e+00
-7.074427017733887768e-02,-2.459139717668344272e+00,1.349643774113597594e+00
-7.686148793641429944e-02,-2.458519805292753713e+00,1.150312421277291719e+00
-8.282195750581630711e-02,-2.457224569573716710e+00,9.610014041381145233e-01
-8.863096590144768638e-02,-2.455586742912824860e+00,7.767065838101949726e-01
-9.768869325557527628e-02,-2.434641592482236661e+00,6.171039016107869868e-01
-1.014815497242252118e-01,-2.431201645039036574e+00,4.352606597471425642e-01
-1.038488079324073610e-01,-2.421776092528837854e+00,2.580179824686009149e-01
-9.940792250323476908e-02,-2.433160969111520799e+00,3.061971661833414599e-02
-1.052662737023294798e-01,-2.416805375361773756e+00,-6.411963743833512530e-02
-1.103644653438985712e-01,-2.419493074122550436e+00,-1.972875602361227054e-01
-1.094825132102471843e-01,-2.408652797645374211e+00,-3.947290323157168768e-01
-1.058504246958600625e-01,-2.413049092603931189e+00,-6.292542007101583623e-01
-9.398607642662458461e-02,-2.412891941825542563e+00,-8.010688048308478582e-01
-8.174416391978776841e-02,-2.413726001526951936e+00,-1.023431501619285644e+00
-7.292785087110595366e-02,-2.413029576518253894e+00,-1.210817869972379279e+00
-6.345544953547385680e-02,-2.413030406221901014e+00,-1.407513541817964287e+00
-6.233662653402837622e-02,-2.410888949154409211e+00,-1.621517548864658931e+00
-5.516611043390146768e-02,-2.409909451552270099e+00,-1.823274641255249851e+00
-4.712355824027216616e-02,-2.409296690158496901e+00,-1.993651277505342545e+00
-3.614208352108183586e-02,-2.408233119372667375e+00,-2.172364243084980551e+00
-1.090023756668359253e-02,-2.410215603089100433e+00,-2.319839147335907903e+00
-1.308154679734219346e-02,-2.399995206442588014e+00,-2.567135324382716188e+00
-1.382344581569920627e-02,-2.393376306612459370e+00,-2.778480459812727954e+00
-1.290520601024535211e-02,-2.404513757483033309e+00,-2.936953875046378393e+00
-1.078612657332915677e-02,-2.433752367105819658e+00,-3.070538207557233612e+00
-1.069127279652522765e-02,-2.434821791121208889e+00,2.998460231716736590e+00
-1.066387567294730873e-02,-2.435822698893331140e+00,2.821560849522970038e+00
-1.139992453965179078e-02,-2.436932845748446930e+00,2.620996321163611587e+00
-1.182392423082387692e-02,-2.438474311197528444e+00,2.401075361918055595e+00
-1.320990662572628718e-02,-2.439330826910486749e+00,2.200152546008582455e+00
-1.486215935470115539e-02,-2.440574768572632003e+00,1.979204138403463986e+00
-1.709764070292056973e-02,-2.441308058110134294e+00,1.778847707784363630e+00
-2.020225850109304278e-02,-2.442161666597076675e+00,1.553787148184200051e+00
-2.360396099352940480e-02,-2.442336317825400727e+00,1.339161194037813196e+00
-2.757467521992228512e-02,-2.441647760550544888e+00,1.111712249419239962e+00
-3.094739871404704121e-02,-2.439887483015954928e+00,9.131016182112081658e-01
-3.454664559040803579e-02,-2.437809061880860106e+00,7.024151580125477246e-01
-3.715330372330513664e-02,-2.435663375193699576e+00,5.039992073789852922e-01
-3.992251433977803132e-02,-2.434140567559630153e+00,3.058259174892963839e-01
-4.280119887653122124e-02,-2.431703319919382711e+00,8.696790904228401953e-02
-4.555306855844220432e-02,-2.428533703312082626e+00,-1.251569258660775452e-01
-4.777169030956455315e-02,-2.425747535718074666e+00,-3.333164746037480808e-01
-4.934526043751309710e-02,-2.422573391004839483e+00,-5.777195642416991239e-01
-5.087972161298926627e-02,-2.418425163137277956e+00,-8.225277269775186362e-01
-5.122317152842699450e-02,-2.415578808587174553e+00,-1.060073976429404929e+00
-5.132896064859919505e-02,-2.412852741587115712e+00,-1.271401539669109626e+00
-5.041513152143278081e-02,-2.409734730724860885e+00,-1.516478800416732664e+00
-4.966843923607482114e-02,-2.407829893522311693e+00,-1.742123552267138997e+00
-4.857132767742616125e-02,-2.406577912721848289e+00,-1.942713405016581962e+00
-4.706354194825778520e-02,-2.406090179168634435e+00,-2.136916031460118770e+00
-4.445801278475754875e-02,-2.407472584409644067e+00,-2.361477071357247493e+00
-4.238464140655324314e-02,-2.409352696476235955e+00,-2.578058805393489195e+00
-4.050847645437205546e-02,-2.411178195882524022e+00,-2.767811299406168324e+00
-3.848793588867147758e-02,-2.413878792918149330e+00,-2.975868412775794170e+00
-3.755400637046021894e-02,-2.416644069180521992e+00,3.058758685745097683e+00
-3.662268735805315062e-02,-2.419014070358171509e+00,2.869889387561967098e+00
-3.595973330353697400e-02,-2.421611992652954903e+00,2.654079244565064055e+00
-3.527599961673360401e-02,-2.423968805536768301e+00,2.478968587221168196e+00
-3.499986381666669866e-02,-2.427162591426191174e+00,2.257802758992228487e+00
-3.514780463326440396e-02,-2.429015904338552190e+00,2.083933812414879849e+00
-3.610083696952191140e-02,-2.431430373917367493e+00,1.870025016458759293e+00
-3.753962017959186492e-02,-2.433333861003218690e+00,1.639513018932606814e+00
-3.958216921520041343e-02,-2.434753259325279640e+00,1.434627703002239851e+00
-4.227986740338374877e-02,-2.435741537792183831e+00,1.195506314401605819e+00
-4.559459971415049523e-02,-2.436155637155719145e+00,9.852109266340136617e-01
-4.735944949716361374e-02,-2.435229184140943026e+00,7.696284375853897908e-01
-4.985753064854272359e-02,-2.433978486388419959e+00,5.483589174125071963e-01
-5.250175514049620212e-02,-2.432472266002347450e+00,2.718414005387333465e-01
-5.477551967699983981e-02,-2.430594642641243031e+00,3.167663730564388574e-02
-5.653774080852586037e-02,-2.428638268267294009e+00,-2.070424832239224078e-01
-5.728617268171278670e-02,-2.427340705095667239e+00,-3.947361682881080358e-01
-5.789242369584127190e-02,-2.424980665847626948e+00,-6.373047832787633871e-01
-5.820650958042029172e-02,-2.422154361031785719e+00,-9.111972643523320592e-01
-5.750633620013630154e-02,-2.420163495250798658e+00,-1.164018848331587197e+00
-5.566612242342563327e-02,-2.418414805543933177e+00,-1.402138355422358318e+00
-5.392185543178280166e-02,-2.417093141987180172e+00,-1.640232442835671600e+00
-5.180985558905028265e-02,-2.416548387885499860e+00,-1.845988517472490820e+00
-4.854897361655867438e-02,-2.416856599117821691e+00,-2.084094203212147889e+00
-4.538522435430885488e-02,-2.418185171149352719e+00,-2.304438422622407057e+00
-4.394500819611936449e-02,-2.419909715203337086e+00,-2.482637445730350390e+00
-4.202505386174359286e-02,-2.422212635750200960e+00,-2.693384508556930790e+00
-4.064574237407742041e-02,-2.424065177813069294e+00,-2.873156774990460516e+00
-3.900541690320754457e-02,-2.426138860303336031e+00,-3.058012628243037323e+00
-3.760800202739311010e-02,-2.429517625460964503e+00,2.983631849572692118e+00
-3.631773642949953640e-02,-2.432763881765629410e+00,2.745993410525626288e+00
-3.563672316597756018e-02,-2.434819151948230509e+00,2.558412056424534509e+00
-3.480200469712323857e-02,-2.437995997971256656e+00,2.314936438802487562e+00
-3.524764809304683361e-02,-2.441338046823324781e+00,2.078064564778614898e+00
-3.576236999799808219e-02,-2.443050499070273940e+00,1.890807336147235507e+00
-3.744245560900568565e-02,-2.445488738396774053e+00,1.646464250096933535e+00
-4.004336748889625319e-02,-2.447211755228162922e+00,1.394075417557998797e+00
-4.327284544600876887e-02,-2.448610344852109488e+00,1.170568743853538152e+00
-4.532273812976978650e-02,-2.448885704274840869e+00,9.970709236421699817e-01
-4.765553290939014003e-02,-2.448252126553675190e+00,8.038388580139536055e-01
-4.944964816735992336e-02,-2.447571692310182456e+00,6.143075188451549984e-01
-5.138037140639281630e-02,-2.446756817867877132e+00,4.161478765999736540e-01
-5.354297149535944961e-02,-2.444826704518106020e+00,1.660928086032929518e-01
-5.509876993491984870e-02,-2.443679048262237696e+00,-2.816067133896851815e-02
-5.605727858355410986e-02,-2.441992295606681296e+00,-2.245492989019935715e-01
-5.681066960001811272e-02,-2.439883809763644162e+00,-4.363289198975078831e-01
-5.783096665095591865e-02,-2.438054513390196298e+00,-6.452102452071307725e-01
-5.811453481013569705e-02,-2.435826045602291767e+00,-8.908758755675076912e-01
-5.738087738201592264e-02,-2.433370011220798546e+00,-1.112562438918080820e+00
-5.610237947784976059e-02,-2.431897898280379167e+00,-1.365446606052631573e+00
-5.423032956182743947e-02,-2.430662675853375809e+00,-1.606309475759023275e+00
-5.146702052175296943e-02,-2.429727317826648303e+00,-1.860773141846421064e+00
-4.840003357333929473e-02,-2.430228118971834661e+00,-2.121928730668862784e+00
-4.593801534760395822e-02,-2.431619220003334192e+00,-2.336466240983432918e+00
-4.395070888672898690e-02,-2.433411398900580558e+00,-2.513358302622936691e+00
-4.254704546456497538e-02,-2.435302513764284971e+00,-2.701244672772690425e+00
-4.043782216378309646e-02,-2.437848997347214386e+00,-2.938948478491674177e+00
-3.829518649359225924e-02,-2.441014911085242822e+00,3.092923414445693187e+00
-3.704096215387370217e-02,-2.444025035611732566e+00,2.856252087852885868e+00
-3.612523893130038105e-02,-2.446650951580215061e+00,2.608723605205422125e+00
-3.485614320613118072e-02,-2.449917721652963287e+00,2.390836384094084277e+00
-3.140100431067046477e-02,-2.456220317130091146e+00,2.491257056802162140e+00
-3.130249732985762590e-02,-2.456549441092485075e+00,2.679530347265961510e+00
-3.146880837965151945e-02,-2.442227701307768672e+00,2.818941617835725832e+00
-3.203727166829061640e-02,-2.438936512813761670e+00,2.992608706235696303e+00
-3.333002746491112861e-02,-2.440828229565566776e+00,-3.104685235803876342e+00
-3.375344398391778161e-02,-2.454309747962091226e+00,-2.885512900489270116e+00
-7.353418752991863760e-02,-2.457044869618167926e+00,-2.875994586254148722e+00
-1.723000892556114105e-01,-2.479955719907577461e+00,-2.830770332216636209e+00
-2.697158688121716885e-01,-2.523873945655342066e+00,-2.729098826628006513e+00
-3.625335149076956975e-01,-2.562353532534528355e+00,-2.742064657225200097e+00
-4.575213391603600299e-01,-2.607831446490467719e+00,-2.639000353278578181e+00
-5.469960050927410444e-01,-2.662844414561763795e+00,-2.531999308612999489e+00
-6.302120725395340406e-01,-2.723070930343669094e+00,-2.488795111157230622e+00
-7.146479986410447793e-01,-2.783962215801822460e+00,-2.492957350836154884e+00
-8.005063140582018288e-01,-2.846464506023057339e+00,-2.495386749924766168e+00
-8.844530160020144249e-01,-2.907727592080150636e+00,-2.494857957335230747e+00
-9.710781547491762478e-01,-2.971239119755856972e+00,-2.495298397630319354e+00
-1.037874182068990958e+00,-3.017760311784223326e+00,-2.642495843046413384e+00
-1.037661826425178013e+00,-3.018886755438145997e+00,-2.836201139121801162e+00
-1.036978451298070647e+00,-3.020342602293007772e+00,-3.012614364703988024e+00
-1.036559618318073417e+00,-3.022110818909641061e+00,3.071883852118086455e+00
-1.036597392746633872e+00,-3.023739069089579345e+00,2.889653197865148293e+00
-1.046475347302576075e+00,-3.034526838642979563e+00,2.721195858680485191e+00
-1.054883095183079877e+00,-3.044342975672786444e+00,2.536589607431889437e+00
-1.056964573262950680e+00,-3.047829299627868860e+00,2.323774918081450203e+00
-1.051352042552560651e+00,-3.043318683109312861e+00,2.125182420759681445e+00
-1.060552957739024027e+00,-3.053000735260289034e+00,1.958188265447412313e+00
-1.062231680337387907e+00,-3.054506481763981540e+00,1.772370624387268778e+00
-1.064132098035857288e+00,-3.055876809870746058e+00,1.579253438502016271e+00
-1.066288190659096413e+00,-3.056729689375338399e+00,1.384861207169516106e+00
-1.069386379116040953e+00,-3.057457724807626231e+00,1.206354732131390328e+00
-1.071892164034184969e+00,-3.058243255792143511e+00,1.032806991802664776e+00
-1.074373532745135584e+00,-3.058191283633013846e+00,9.007071831988461286e-01
-1.075776386759805137e+00,-3.057774381873739067e+00,7.216109509022804458e-01
-1.077492899705092766e+00,-3.056951723464570669e+00,5.449838846573706874e-01
-1.079415619614626953e+00,-3.055843621646854302e+00,3.857404218086560865e-01
-1.081273124988739731e+00,-3.054726628876560213e+00,2.022029426846557454e-01
-1.082933296582432536e+00,-3.053446741050129365e+00,2.367586637412914807e-02
-1.082196634130837998e+00,-3.050099220612651152e+00,-1.465151304740883453e-01
-1.087589112229460975e+00,-3.060641819301880062e+00,-3.350823428949711302e-01
-1.077921808243238688e+00,-3.041223025922033418e+00,-3.993738939190059067e-01
-1.078911712752923302e+00,-3.044468369760037874e+00,-5.874054015836864817e-01
-1.079360559221880678e+00,-3.046312229423912665e+00,-7.723442636217415780e-01
-1.075175135387311132e+00,-3.038752501832175046e+00,-9.356691438377549019e-01
-1.074720397463039712e+00,-3.038192576592353422e+00,-1.119273742771797808e+00
-1.074103893432186041e+00,-3.039187370648384068e+00,-1.289077102095697480e+00
-1.073614114813072895e+00,-3.039693635061176735e+00,-1.479510764219923669e+00
-1.072394887517706286e+00,-3.039637959751291252e+00,-1.658881737663305822e+00
-1.071308331168056460e+00,-3.039539225551999291e+00,-1.841912859518957335e+00
-1.069449414224060257e+00,-3.039916856763942299e+00,-2.019237066391210700e+00
-1.067651711906425049e+00,-3.040481001949313367e+00,-2.199946095476869701e+00
-1.066798443365291060e+00,-3.041504707317671752e+00,-2.288668657040412224e+00
-1.069524691770667113e+00,-3.042115116078037307e+00,-2.106625150774120492e+00
-1.072692629974567602e+00,-3.043319672401362475e+00,-1.919537951352110028e+00
-1.075061306622011159e+00,-3.044533226051580055e+00,-1.739153486910451463e+00
-1.077072507902745890e+00,-3.046475028493423665e+00,-1.566676767699700878e+00
-1.078510291932714749e+00,-3.048569375785637359e+00,-1.377083592646193955e+00
-1.079984872461216883e+00,-3.050169769898693595e+00,-1.202882894542663728e+00
-1.080866408892828368e+00,-3.052632496907874415e+00,-1.025853744808204571e+00
-1.081447302418882650e+00,-3.054861770371777308e+00,-8.517521709770681237e-01
-1.082163408066588506e+00,-3.058489143354795381e+00,-6.737137340751990777e-01
-1.079299165773252911e+00,-3.053882445388688360e+00,-4.810624967798711737e-01
-1.074454552416037822e+00,-3.044319870483551682e+00,-2.560167279305796129e-01
-1.082212340498420078e+00,-3.060298592196973644e+00,-1.363416313036848182e-01
-1.085601786681906100e+00,-3.066275816271660126e+00,2.936254808873134739e-02
-1.085868084291932822e+00,-3.068094905425559293e+00,2.120841760498533846e-01
-1.085630456928538212e+00,-3.069858329807279684e+00,3.875162236588300946e-01
-1.086293044595904034e+00,-3.070989746350213156e+00,5.521702123858820421e-01
-1.009012595489281461e+00,-3.019236838256547095e+00,6.056554731136085667e-01
-9.274101061025040726e-01,-2.958015986021850008e+00,6.488928678088207169e-01
-8.486144479591596346e-01,-2.895326390439832753e+00,6.886772903487737851e-01
-7.708332517922715788e-01,-2.831641601084307958e+00,6.807892090355492920e-01
-6.920975593127207670e-01,-2.767499240675066474e+00,6.563860561013220574e-01
-6.326372555023267452e-01,-2.727359338979760128e+00,4.777260703252236840e-01
-5.866852318248788611e-01,-2.698453677826212704e+00,3.344756777235979306e-01
-5.301183159373608067e-01,-2.693477951848649798e+00,1.307440327359225551e-01
-4.713241250322225406e-01,-2.696115601046087384e+00,-6.839415412646127068e-02
-4.115468453767457957e-01,-2.710686443559213732e+00,-2.702160175119883156e-01
-3.511028099679600056e-01,-2.739685794117725948e+00,-4.859350264803202202e-01
-2.967214174990680520e-01,-2.780619683786378804e+00,-6.885717473924736209e-01
-2.436375716028197913e-01,-2.837924944146863027e+00,-8.850799699965889999e-01
-1.717552887112019644e-01,-2.907611073108450572e+00,-9.143262568860621720e-01
-1.145660671123120006e-01,-2.975528630392560547e+00,-9.036065761888987247e-01
-4.223220218044985985e-02,-3.066957681055766827e+00,-8.577963244078159466e-01
2.401201807138941824e-02,-3.158543514332202040e+00,-9.057579176361792994e-01
7.682154524916708083e-02,-3.202137397720015599e+00,-9.630598538110167750e-01
9.462308914172752605e-02,-3.234095424370486249e+00,-1.175202171511525728e+00
1.066116658749409751e-01,-3.265922047454062227e+00,-1.385249675770104050e+00
1.115112262041731972e-01,-3.300488906215731877e+00,-1.595066037616012622e+00
1.096670860830124827e-01,-3.333281099573542683e+00,-1.784532707691274478e+00
1.000310475620480311e-01,-3.368856717773986986e+00,-1.973215000413498510e+00
7.962742687780613449e-02,-3.408113160246516227e+00,-2.176507619769194157e+00
3.645222427433601753e-02,-3.445879079295870451e+00,-2.413474726038016716e+00
3.655330834288109121e-02,-3.446544438200668914e+00,-2.401260512772377176e+00
3.737770450567362568e-02,-3.446702489550544701e+00,-2.201057416906371689e+00
1.276929433213669536e-02,-3.475417456325125887e+00,-2.139800499755742269e+00
-3.873470321279397222e-02,-3.553883811737138743e+00,-2.096667344369308683e+00
-9.246273627948253804e-02,-3.639308742480536374e+00,-2.096972292966574170e+00
-1.482039086252808502e-01,-3.726728123183601582e+00,-2.091777931697443194e+00
-2.041812692975452925e-01,-3.816077562802664858e+00,-2.090193757835302257e+00
-2.344950777277291787e-01,-3.843013598717321511e+00,-1.929910567442993052e+00
-2.376705108823748136e-01,-3.846664141586617180e+00,-1.737667744352062060e+00
-2.497190930162528910e-01,-3.843051188417796471e+00,-1.571531839692114074e+00
-2.478586862073642316e-01,-3.844780415288159947e+00,-1.370988952664644822e+00
-2.453509794358271767e-01,-3.847375978351658343e+00,-1.178263149118050634e+00
-2.421034476352755538e-01,-3.850058259405952477e+00,-9.990562787888520591e-01
-2.440578221257116709e-01,-3.866212314065356814e+00,-8.829869950913220578e-01
-2.384997253020889607e-01,-3.873551479581966994e+00,-7.030572009959781266e-01
-2.275642642868509480e-01,-3.921818311339471119e+00,-6.119053311978480680e-01
-1.426485570822093873e-01,-3.995548401558776774e+00,-7.286765643079941013e-01
-7.652959664193838274e-02,-4.013554628704246952e+00,-7.917355859876474833e-01
-8.184804153753579004e-02,-4.011769262771604616e+00,-1.021456658700333087e+00
-8.692231343209126659e-02,-4.010208496567441827e+00,-1.242125064770764453e+00
-1.024349200180273145e-01,-4.008865117014639878e+00,-1.462539119917029673e+00
-1.037233335012541363e-01,-4.001838951099126795e+00,-1.617581337583992918e+00
-1.033215103364881760e-01,-3.999190278996336279e+00,-1.794061263051574429e+00
-1.023833134182222521e-01,-3.996589439179845549e+00,-1.978620759329099865e+00
-9.928424027470994506e-02,-3.997771650906281948e+00,-2.178552779279546492e+00
-1.016647189538010670e-01,-3.995839731005685014e+00,-2.363565802252594050e+00
-9.199566969540634576e-02,-4.008948744589919677e+00,-2.598200288309711503e+00
-8.267535361414932171e-02,-4.020950018020664096e+00,-2.806510906702661678e+00
-8.256902915355963934e-02,-4.022210220624534927e+00,-2.988633256849655417e+00
-8.280324285145207464e-02,-4.023998427154469759e+00,3.044978637773338992e+00
-8.359296501874408092e-02,-4.025034058883016463e+00,2.866026000519811046e+00
-8.449506196812212044e-02,-4.027383231528990137e+00,2.626823451900475614e+00
-8.528711521622953096e-02,-4.029305692718125442e+00,2.421292450642252181e+00
-8.687434954483717886e-02,-4.032113633138128428e+00,2.178710846766428677e+00
-8.921303337200373051e-02,-4.033734342534652129e+00,1.940805623212951136e+00
-9.169440429407366144e-02,-4.035913404715014252e+00,1.741291997151537929e+00
-9.518144372980386070e-02,-4.037869263729930935e+00,1.507001288935376992e+00
-9.860693266718355277e-02,-4.038928491611360805e+00,1.275298606876576146e+00
-1.020439714715161011e-01,-4.039246899977298355e+00,1.074162802109822845e+00
-1.066992337582472195e-01,-4.038642181381598029e+00,8.372712045307345585e-01
-1.102236304304091141e-01,-4.037423505488707320e+00,6.011430048656850600e-01
-1.118759181741091902e-01,-4.037211495895502544e+00,4.018253730627615039e-01
-1.128809943865114601e-01,-4.036452729450505039e+00,1.705212397476851549e-01
-1.140286544402514118e-01,-4.035220028333869280e+00,-9.140199199788213991e-02
-1.145292585080948250e-01,-4.033900327772306227e+00,-2.920699539936966183e-01
-1.143292247329640021e-01,-4.032925650328722966e+00,-4.737518901504917390e-01
-1.134836730595268073e-01,-4.031166172825399130e+00,-7.282632795892145516e-01
-1.121201525329676152e-01,-4.028735919613168015e+00,-1.016164744024030675e+00
-1.100095302778287681e-01,-4.027564628823165016e+00,-1.279107091864714052e+00
-1.067064230452090118e-01,-4.026588661860351692e+00,-1.536244301859491568e+00
-1.038645738126681428e-01,-4.026179081628020739e+00,-1.735344910574185384e+00
-1.008819228912236216e-01,-4.026438270647288320e+00,-1.916195859047685524e+00
-9.634696634700086471e-02,-4.027831830257569301e+00,-2.179351693561439429e+00
-9.194209905165742769e-02,-4.030395185689403803e+00,-2.470975869815102755e+00
-8.787510200664704063e-02,-4.033235647931194379e+00,-2.731001506088385877e+00
-8.526137457283036736e-02,-4.035577176933397681e+00,-2.908285288797792134e+00
-8.177575775518024226e-02,-4.039144110847115776e+00,3.083640280072580619e+00
-7.962953018319171572e-02,-4.041933471069544481e+00,2.906964827231900639e+00
-7.749576172139427399e-02,-4.045037229655155109e+00,2.729705479067886298e+00
-7.575658593385849182e-02,-4.049084499874473053e+00,2.479585182901110851e+00
-7.471927950931797624e-02,-4.052610031854682049e+00,2.271281114126459499e+00
-7.431097435973703369e-02,-4.057794911340021571e+00,2.091316078222919206e+00
-7.173829054832529806e-02,-4.062944870309380008e+00,1.925999213015678446e+00
-6.991122142574214549e-02,-4.067959560829839560e+00,1.738247954473716606e+00
-6.834321668726546506e-02,-4.072173960017432925e+00,1.555365832789255442e+00
-6.651432876468996169e-02,-4.077430577803174749e+00,1.370796470888000052e+00
-6.431804808375930771e-02,-4.080621896702855800e+00,1.192081131882771983e+00
-1.817763426984031136e-02,-4.018686845207938951e+00,1.076600349087001973e+00
3.338189991376265542e-02,-3.931331262073357369e+00,1.076207616535715283e+00
8.351981958208450074e-02,-3.843141031189408086e+00,1.079603443142997721e+00
1.383539844693641163e-01,-3.753306901993579636e+00,1.072732820669153764e+00
1.763068969148892939e-01,-3.665473082954760820e+00,1.051819970723610886e+00
2.255195011553757789e-01,-3.571553094755353985e+00,1.007024842988053503e+00
2.936690107570956165e-01,-3.482430242417665411e+00,9.498237474828036264e-01
3.653480790740132877e-01,-3.395336993299738371e+00,9.150649639383153788e-01
4.308275901448507805e-01,-3.310832117291631960e+00,9.354398013278479862e-01
4.995086437073761876e-01,-3.220671714020096665e+00,9.944093058212980507e-01
5.668360416541492475e-01,-3.125466811143833290e+00,9.782168813896858772e-01
6.237044782518348374e-01,-3.040463234394916281e+00,9.292149369268595249e-01
6.545513335890745799e-01,-2.958282429677481673e+00,8.851526268351909144e-01
7.273782590169518558e-01,-2.881496439899041917e+00,8.243725240146182465e-01
8.068611527407505424e-01,-2.798696725507403116e+00,7.677893587792371521e-01
8.881250523209263115e-01,-2.722983377984143250e+00,7.185580041470668311e-01
9.779335655754853862e-01,-2.652907037274607749e+00,6.552608218911996074e-01
1.075340147482237052e+00,-2.597246533043351846e+00,5.093903959535194259e-01
1.058403376451800160e+00,-2.536438852131683852e+00,4.072412055688571786e-01
1.056122345086228487e+00,-2.536707409483643705e+00,2.187469540078469110e-01
1.054359968834753802e+00,-2.536756708039857422e+00,2.871494424896891759e-02
1.052997480118756712e+00,-2.536721325809829786e+00,-1.616333889773391708e-01
1.051781459174601752e+00,-2.537020872848674280e+00,-3.515445203278892428e-01
1.053412246354873183e+00,-2.538681025907396638e+00,-5.301312314489379229e-01
1.059249903445480312e+00,-2.544173077267441574e+00,-7.014258237640564886e-01
1.081360113771988374e+00,-2.545426744389916340e+00,-8.072080907220595680e-01
1.066562629942803708e+00,-2.552628871102982089e+00,-7.697890877465339843e-01
1.069560173968452155e+00,-2.553786942768100587e+00,-5.865658922845017331e-01
1.072560483091240746e+00,-2.555458056794675858e+00,-3.824740872069502529e-01
1.076189545114892621e+00,-2.556967513685168836e+00,-1.781802965085778345e-01
1.079684542953293080e+00,-2.558273026138934814e+00,3.425307540144036100e-02
1.083603032075485029e+00,-2.559057090651978061e+00,2.244806494840557443e-01
1.087265178026842083e+00,-2.559987801507756622e+00,4.073640871969855248e-01
1.108527069891493966e+00,-2.573167371014681404e+00,5.760531684676045705e-01
1.112097788870736181e+00,-2.574427618487389324e+00,7.600292919580576845e-01
1.117905884549782902e+00,-2.576834731702892345e+00,9.377564767968334936e-01
1.129048104853197065e+00,-2.582570291672006579e+00,1.107855151308971831e+00
1.134995475546330290e+00,-2.583807641165779767e+00,1.311776297504813060e+00
1.152877639706564761e+00,-2.590747547202279399e+00,1.490925145872431523e+00
1.155699175956356184e+00,-2.587345132720252572e+00,1.701671703223859966e+00
1.157822029106486017e+00,-2.583446688893220156e+00,1.914072729266069084e+00
1.159758579075077733e+00,-2.579470182973287340e+00,2.125347724107813363e+00
1.161120837689537000e+00,-2.575392983260047952e+00,2.336222565409020291e+00
1.167761406546437231e+00,-2.561736740728717709e+00,2.499582824958254790e+00
1.166799025292218017e+00,-2.563014793104983813e+00,2.705097608692829780e+00
1.170375954089642123e+00,-2.554544066168872085e+00,2.909027514176855789e+00
1.171948012982660270e+00,-2.553172244098489863e+00,3.103378533224206315e+00
1.172481710457237147e+00,-2.550758209579697677e+00,-2.974079288555454337e+00
1.172887381735386647e+00,-2.548359215940661393e+00,-2.779640865072318778e+00
1.167897207145374594e+00,-2.528214208434161669e+00,-2.700936349369053691e+00
1.171905462380601337e+00,-2.530555294933507948e+00,-2.487890139044388604e+00
1.173827425523259027e+00,-2.512472363456247582e+00,-2.325742259986565585e+00
1.187092544892440982e+00,-2.512975220853618463e+00,-2.243530029212943866e+00
1.198477772032773281e+00,-2.487487726161738522e+00,-2.176636233963323619e+00
1.197537479606543220e+00,-2.487273325489300912e+00,-1.992639090249616052e+00
1.195299441043090605e+00,-2.487910061088959512e+00,-1.765109450560691462e+00
1.192506533642186950e+00,-2.489850310656505084e+00,-1.518716346348750079e+00
1.191160770043584449e+00,-2.492157686723742938e+00,-1.321272495358600141e+00
1.189649675348166236e+00,-2.494494311848796553e+00,-1.110871431329489400e+00
1.188980338456896657e+00,-2.497512992119788056e+00,-8.738044019970064857e-01
1.189137636528172726e+00,-2.501243172728196296e+00,-6.215370618127985525e-01
1.190360085889411668e+00,-2.505168385630509587e+00,-4.332229439749665234e-01
1.290053944641117001e+00,-2.551820112883606217e+00,-4.300935596229281122e-01
1.386965598800298682e+00,-2.597274895663571836e+00,-4.303359137264998746e-01
1.475890404100345332e+00,-2.639697423867306547e+00,-4.253581606397230930e-01
1.570368790751325294e+00,-2.680280089962384427e+00,-3.802417584049420651e-01
1.634775923552753474e+00,-2.712670953009192587e+00,-5.282901914050022185e-01
1.645841760455349467e+00,-2.721029876135712122e+00,-7.320406762045030824e-01
1.715402995525427299e+00,-2.798676484179559054e+00,-8.434012504360445250e-01
1.783108993994876101e+00,-2.876195711654288889e+00,-8.444589270514007984e-01
1.854242192523211319e+00,-2.956435383396336380e+00,-8.426028337577629035e-01
1.867363654217059521e+00,-2.969754071393922779e+00,-1.019174113300451934e+00
1.868369957969784778e+00,-2.969083677532465160e+00,-1.165070154803315994e+00
1.869945693754484495e+00,-2.969561331501720414e+00,-1.342441257917878827e+00
1.871519872988672617e+00,-2.968797592876845748e+00,-1.521629393095882632e+00
1.873881063353524334e+00,-2.968336191797973811e+00,-1.730716334917626664e+00
1.875920570911557839e+00,-2.968503060265439419e+00,-1.922911705549781747e+00
1.878422495111058854e+00,-2.969423278634982566e+00,-2.132601095216042353e+00
1.880704330711244987e+00,-2.970476425005056598e+00,-2.321908019376135002e+00
1.883218659321014510e+00,-2.971755310663480198e+00,-2.520357712567929731e+00
1.885572449529052008e+00,-2.973589726153183399e+00,-2.712979186448954749e+00
1.887376610846857927e+00,-2.975280518953491882e+00,-2.918568362217675460e+00
1.888900780053255568e+00,-2.977546701785582339e+00,-3.120639052825622706e+00
1.890420704339809355e+00,-2.979654655020101739e+00,2.972213822066384292e+00
1.891600978053041393e+00,-2.982648916860842547e+00,2.764239066929754962e+00
1.892287562126997669e+00,-2.985179107512495378e+00,2.556389000261203304e+00
1.892640838491856936e+00,-2.987646576190707837e+00,2.365325671579878275e+00
1.892301427363848543e+00,-2.990242427892307653e+00,2.162898465025750561e+00
1.874947446263839801e+00,-3.023057627750069809e+00,2.110379153116777928e+00
1.875062095282168606e+00,-3.024146777411526710e+00,1.896363369177015201e+00
1.874433924464017132e+00,-3.024909748575967505e+00,1.692506141560306210e+00
1.873754926827020606e+00,-3.025740452793453272e+00,1.468501359188822741e+00
1.872540567958458135e+00,-3.025041122039089370e+00,1.275086476289285731e+00
1.871132720060374899e+00,-3.023897993112748761e+00,1.056963549772391042e+00
1.869954166941905749e+00,-3.021788209103796419e+00,8.433943793793613475e-01
1.869195060565253863e+00,-3.019401948090435717e+00,6.348493766777928426e-01
1.868405050983739546e+00,-3.017179605053512681e+00,4.465012115665278891e-01
1.867995039608820074e+00,-3.014806772317495831e+00,2.615309419550611580e-01
1.867826865383545698e+00,-3.011906813820993012e+00,5.616935767194667500e-02
1.868224326915275624e+00,-3.008765506835680892e+00,-1.626043932569632144e-01
1.867893128715009787e+00,-3.005525800842455464e+00,-3.842285088709924690e-01
1.868251949363093800e+00,-3.002533796770629149e+00,-5.698886688352517993e-01
1.868750476715631104e+00,-2.999559635441173544e+00,-7.531032726334561112e-01
1.869753473625549889e+00,-2.996761435618258584e+00,-9.415334802975112716e-01
1.871502211675118765e+00,-2.993946412457076711e+00,-1.125544443761404834e+00
1.873442411314709899e+00,-2.991481103229925775e+00,-1.315016683997820790e+00
1.876218584245449961e+00,-2.988757179277651499e+00,-1.533890671395821137e+00
1.878929708966150969e+00,-2.986781207104117986e+00,-1.729943681496196373e+00
1.882534019544527926e+00,-2.985052761942669886e+00,-1.970979521553648306e+00
1.886424835025392932e+00,-2.984302048897720105e+00,-2.192594062304323632e+00
1.889568868908741539e+00,-2.984067677735519730e+00,-2.383853618457440593e+00
1.893045673996688993e+00,-2.983707766586917831e+00,-2.605062088624913397e+00
1.895974922737115431e+00,-2.984135845124165964e+00,-2.793884527858105926e+00
1.898110457296014131e+00,-2.984614548422391600e+00,-2.974608181008131069e+00
1.900773021885405534e+00,-2.985638708272049247e+00,3.096121543404107168e+00
1.902496638004760765e+00,-2.986404900210937630e+00,2.910797715494016558e+00
1.904176767186343211e+00,-2.987407038249157765e+00,2.694590881117987280e+00
1.905561388656865862e+00,-2.988749786333721126e+00,2.488093485134863947e+00
1.906473434230016695e+00,-2.989727342242896935e+00,2.307393386795929757e+00
1.874829203201218819e+00,-2.996604269220215055e+00,2.276455004609238220e+00
1.802713384870984425e+00,-2.910138485551041043e+00,2.272199742822951229e+00
1.736781600846142526e+00,-2.830543697805163017e+00,2.268115201142657522e+00
1.670917471410769961e+00,-2.748365927124208685e+00,2.257534829115640296e+00
1.604743009444294932e+00,-2.665423948659554121e+00,2.254436484331484358e+00
1.544256273086877629e+00,-2.589421658855954878e+00,2.173357088459832109e+00
1.543406802927855814e+00,-2.588742382236035144e+00,1.961906686752577844e+00
1.541886068259186171e+00,-2.589390458629638125e+00,1.737141470886197414e+00
1.540254302311302004e+00,-2.589737019351556313e+00,1.520756658801879491e+00
1.538060692246465244e+00,-2.589908181545618859e+00,1.328490705556976126e+00
1.535404205955714474e+00,-2.589526273671068246e+00,1.114104794594912073e+00
1.533334235908651921e+00,-2.588294905468591534e+00,9.209164091742313429e-01
1.531001066910117281e+00,-2.586567925806585233e+00,7.050388393958417765e-01
1.529267863953461148e+00,-2.584703729550955842e+00,5.115410443633854332e-01
1.527460408731030173e+00,-2.582491144592438115e+00,3.193307236464069665e-01
1.525840895962359944e+00,-2.579752759068213219e+00,1.069860545251471728e-01
1.524919568888117638e+00,-2.577385778528503923e+00,-8.528889800790374898e-02
1.523908444722132494e+00,-2.574619215567915287e+00,-2.981137691309795890e-01
1.523320213476575091e+00,-2.571323279489905911e+00,-4.930848831136404042e-01
1.522981046671746608e+00,-2.567815074829440380e+00,-7.072235686320365033e-01
1.522934299651588219e+00,-2.564859785748248022e+00,-8.983443690958554662e-01
1.523663285228232578e+00,-2.561793590537116305e+00,-1.111382206682917539e+00
1.524838406514552602e+00,-2.558800172459675171e+00,-1.305596068762807871e+00
1.526505943386908593e+00,-2.556586564870892975e+00,-1.519571502354490899e+00
1.528398122194788877e+00,-2.554342143088383477e+00,-1.733298325826229336e+00
1.530296133007391424e+00,-2.552955756116209507e+00,-1.926580432064376680e+00
1.532419984299803195e+00,-2.552137559832119873e+00,-2.120928508066611151e+00
1.534731109037330121e+00,-2.552023760191535207e+00,-2.332181435103228395e+00
1.536969532243076531e+00,-2.552028365864204673e+00,-2.528821839856724374e+00
1.466067413638312722e+00,-2.606575200005835313e+00,-2.550569114400444981e+00
1.373455450599977423e+00,-2.652872578110237800e+00,-2.552390256210772090e+00
1.283606369078331477e+00,-2.705464952310736138e+00,-2.540456116693702526e+00
1.192706393905721196e+00,-2.752123980252153768e+00,-2.538435210527533847e+00
1.108499152939179888e+00,-2.788285820181582331e+00,-2.536162472589871264e+00
1.050280294037561513e+00,-2.774960284541573508e+00,-2.468275630477067661e+00
1.030558119035898779e+00,-2.798070436988238097e+00,-2.196285132266471152e+00
1.012391822493087901e+00,-2.814317138191307244e+00,-1.988872914726134589e+00
1.012229687507386178e+00,-2.838533272368552129e+00,-1.713888032132910189e+00
9.973971259599659911e-01,-2.877687369354593017e+00,-1.590594412846085604e+00
9.774302843023404685e-01,-2.892742706639660710e+00,-1.482597938138472182e+00
9.848583133757853325e-01,-2.914984849495608987e+00,-1.258416836049861987e+00
9.928973772827691668e-01,-2.934118489217958370e+00,-1.042200544001696816e+00
1.004268190392868743e+00,-2.952317933426652274e+00,-8.249025951993661510e-01
1.017820003732256451e+00,-2.967072291687648189e+00,-6.446021118306810571e-01
1.032930034910894745e+00,-2.971544968511143470e+00,-4.615477917823606058e-01
1.050951553202475575e+00,-2.973873456040184937e+00,-2.656076239677688799e-01
1.066212118865203395e+00,-3.001009324132525080e+00,-1.047054121061839899e-01
1.088051625066348560e+00,-2.981542700032477011e+00,1.078753772997213395e-01
1.095441752268120128e+00,-2.981498141975151839e+00,8.378932442546192794e-02
1.096187831513373290e+00,-2.972522357240158453e+00,-1.322635721650136653e-01
1.096509565771942585e+00,-2.970745534514259933e+00,-3.996845683929233228e-01
1.097401145064300199e+00,-2.969102527011039605e+00,-6.122906157656839987e-01
1.098639886879766214e+00,-2.966477887195476892e+00,-8.694072176360730930e-01
1.100516155409388297e+00,-2.964291246898886012e+00,-1.146287618211675241e+00
1.102560265026655273e+00,-2.963142286699084860e+00,-1.325250336390097816e+00
1.105220056893804426e+00,-2.962007734917447621e+00,-1.518366396972776755e+00
1.108366398904111039e+00,-2.961751183558681610e+00,-1.703096329773878148e+00
1.111550448554133874e+00,-2.961751152671921350e+00,-1.907934343004564770e+00
1.115183287944812696e+00,-2.961978555784351652e+00,-2.100647994745928226e+00
1.118689219338955931e+00,-2.962790792569934606e+00,-2.292630448870421667e+00
1.123469677710523307e+00,-2.964640876436726025e+00,-2.599751728515066418e+00
1.127811633505360067e+00,-2.967891256489864293e+00,-2.846524716993337201e+00
1.130234927384949017e+00,-2.969967655553984009e+00,-3.038414361201482450e+00
1.133886595446660372e+00,-2.974250920996464043e+00,2.937858295347635984e+00
1.136224053858854610e+00,-2.977630950721830594e+00,2.672090942113237055e+00
1.137868761595388856e+00,-2.981441217050558645e+00,2.421257851351630741e+00
1.138153013640247124e+00,-2.984071281115767249e+00,2.188116475765611746e+00
1.138401834586934891e+00,-2.987880804061040507e+00,1.917266195371609694e+00
1.137853470600719730e+00,-2.989777460648689100e+00,1.725046158103840099e+00
1.136382028412478151e+00,-2.992327799927902099e+00,1.417994114330237698e+00
1.134472041877883974e+00,-2.993730921002820455e+00,1.151471507501614866e+00
1.132971916309589488e+00,-2.994216095182451021e+00,9.586022569746733835e-01
1.130248046718178578e+00,-2.993866594898455524e+00,6.530012651233281229e-01
1.128515589003590724e+00,-2.992239332706836397e+00,3.842458118687272495e-01
1.127824329487006505e+00,-2.991074233466826993e+00,1.921927873586047053e-01
1.127104119070665211e+00,-2.988581088282986187e+00,-1.143457935620338511e-01
1.127197552785658585e+00,-2.986082613923988660e+00,-3.827448259244780049e-01
1.127727583264615197e+00,-2.984338446884383433e+00,-5.740330298864291247e-01
1.128502344788271827e+00,-2.981084286188058652e+00,-8.328411616744043622e-01
1.207154807359686721e+00,-3.059617741846767824e+00,-8.561244448714570021e-01
1.283221984518586822e+00,-3.141404195234299923e+00,-8.523684412783399944e-01
1.348545387668137030e+00,-3.225919371492283361e+00,-8.682985464638451889e-01
1.370304221429089475e+00,-3.234830084051578236e+00,-1.023732931821326853e+00
1.378665054128416445e+00,-3.251481603861497760e+00,-1.209387163529757059e+00
1.352760233608657936e+00,-3.288731231355723761e+00,-1.378648085964112813e+00
1.370896214739631525e+00,-3.380257314713780215e+00,-1.440747260045972533e+00
1.376179933318782522e+00,-3.496532721873554905e+00,-1.445867105199620584e+00
1.399810274929159881e+00,-3.535659803484916708e+00,-1.574280634464151118e+00
1.411110030695610806e+00,-3.534422628607114536e+00,-1.758801921562662018e+00
1.422433845163720623e+00,-3.533285101929443339e+00,-1.960619724348536375e+00
1.433671328990853810e+00,-3.532668726139819082e+00,-2.172187961165845227e+00
1.417996272628438303e+00,-3.525839808282520416e+00,-2.449529656129770583e+00
1.409738325123984337e+00,-3.535505827258227818e+00,-2.525702164012055384e+00
1.408152985786814471e+00,-3.536992379998262770e+00,-2.612684982784957644e+00
1.401117191411219265e+00,-3.520309744536310070e+00,-2.914122366112407381e+00
1.392154802305686445e+00,-3.500008387507585805e+00,3.091810045553916364e+00
1.392009423581322736e+00,-3.504749738181425212e+00,2.877853825500148233e+00
1.391701878894160860e+00,-3.509227916332898101e+00,2.684384119083165654e+00
1.391453193939281574e+00,-3.513391188587178249e+00,2.471304098091899437e+00
1.391396122277217540e+00,-3.517307710763291073e+00,2.278669333946525821e+00
1.390792307847010356e+00,-3.521265123826042842e+00,2.068590030320960782e+00
1.389620893811523539e+00,-3.524558463233220085e+00,1.877596215380665789e+00
1.388360102183102462e+00,-3.527713024375828343e+00,1.662127806505753647e+00
1.386639899477051019e+00,-3.530935109015686191e+00,1.472670365522447788e+00
1.384284793704900540e+00,-3.533528669673489109e+00,1.264329393879420671e+00
1.381695044198158806e+00,-3.535786714288652099e+00,1.085505450500146463e+00
1.377129250458019039e+00,-3.538035687637835824e+00,9.709271091995815839e-01
1.377339850357297113e+00,-3.537841227147476619e+00,7.933037936947130442e-01
1.378519217614116776e+00,-3.537090033732761096e+00,6.503498699819916240e-01
1.377830756895450204e+00,-3.535150071865176269e+00,4.513052562917039823e-01
1.378364109218099154e+00,-3.533552265038232498e+00,2.478368648177488864e-01
1.379214515725181833e+00,-3.531827118862587156e+00,6.379053135391526963e-02
1.385799431558582206e+00,-3.532436923965188491e+00,2.272492036910553348e-02
1.390092686066631167e+00,-3.535484872263487954e+00,1.784070672862075324e-01
1.392118013884994898e+00,-3.538083491446756046e+00,3.297447845972853453e-01
1.394095947706679883e+00,-3.540119783060735603e+00,5.328639678190831841e-01
1.396497718066164628e+00,-3.541925630518063084e+00,7.577659591921054316e-01
1.399447900419951152e+00,-3.542597878428502600e+00,9.641395667581708073e-01
1.401747426248455941e+00,-3.543609812464752373e+00,1.197066277769442078e+00
1.404359839989670844e+00,-3.543034063171478287e+00,1.395115839969254701e+00
1.406834935361304106e+00,-3.542422021586992376e+00,1.573910117505131323e+00
1.408681279027861999e+00,-3.541739377904397301e+00,1.751386620091970325e+00
1.410118199090155899e+00,-3.540121789760769300e+00,1.968265987043253951e+00
1.410837435352846780e+00,-3.538816000061251632e+00,2.149210228099883935e+00
1.411032208245571740e+00,-3.537097121916346065e+00,2.414989632683456122e+00
1.410224197262232027e+00,-3.535376177956947696e+00,2.630329122661684060e+00
1.409448791695099734e+00,-3.533966823786128586e+00,2.823924839985681334e+00
1.408768785915013977e+00,-3.532741484578937552e+00,3.001357168727800229e+00
1.407860842938156942e+00,-3.531502395112019244e+00,-3.087496042037862765e+00
1.406586535654510861e+00,-3.529945052147389184e+00,-2.875157452074494913e+00
1.403530769677354462e+00,-3.527945614956955467e+00,-2.609674205455392304e+00
1.406298006924147304e+00,-3.515360275846123539e+00,-2.512567698874972777e+00
1.338182231684527101e+00,-3.557421350658882098e+00,-2.415535188978864323e+00
1.255188798682536744e+00,-3.631720110588551709e+00,-2.419254238281072222e+00
1.174686727236369688e+00,-3.705565324515276870e+00,-2.400088643290522405e+00
1.099799607533402224e+00,-3.772316679660481231e+00,-2.307738195958273675e+00
1.066025499484720696e+00,-3.838083292036915228e+00,-2.065036691177986938e+00
1.039349491987657137e+00,-3.865780568969455544e+00,-1.943800012641950126e+00
1.019731599777868869e+00,-3.876071360800642296e+00,-1.803437557238218858e+00
1.012932375451656819e+00,-3.890652013620150118e+00,-1.595558563886870118e+00
1.025629024067181039e+00,-3.883527901294953288e+00,-1.471144691973284901e+00
1.031586681906650371e+00,-3.894650169738476553e+00,-1.274829875671554147e+00
1.071617863258443659e+00,-3.999824386104555263e+00,-1.243012108218520151e+00
1.100145996411423521e+00,-4.053369255044326991e+00,-1.384996406266378211e+00
1.074617792618203227e+00,-4.056052679779762471e+00,-1.598541307772501474e+00
1.062501138704266657e+00,-4.058111503732932057e+00,-1.788562672113152008e+00
1.058070914966940501e+00,-4.137991357329034336e+00,-1.826487885070819939e+00
1.058758417458639300e+00,-4.162968326885629899e+00,-1.977534425642154536e+00
1.058244367215123383e+00,-4.172170664002268659e+00,-2.132489717639737048e+00
1.048679631224605835e+00,-4.173719694243641420e+00,-2.352937006653308405e+00
1.051804236222857014e+00,-4.182282267556050037e+00,-2.506222144986299583e+00
9.877379188985437874e-01,-4.239975589699725766e+00,-2.518086123127939668e+00
9.029142868290912505e-01,-4.303884478288975579e+00,-2.501103042214109173e+00
8.862540450931541969e-01,-4.318732447395476903e+00,-2.335137978958730098e+00
8.192847284655975226e-01,-4.397065239260832037e+00,-2.306230515667654135e+00
7.456873903616386690e-01,-4.476817634601030882e+00,-2.315239738695857863e+00
6.720300933545796385e-01,-4.558249686567127590e+00,-2.293325243803089108e+00
5.974967428566837491e-01,-4.645664226530909602e+00,-2.168116569996848320e+00
5.651772046231461344e-01,-4.706573554213630217e+00,-2.016836531151022793e+00
5.752292351116469193e-01,-4.753036699101971685e+00,-1.794055022050130122e+00
5.513077621311333054e-01,-4.768378568467285028e+00,-1.651172298928525128e+00
5.298108260857700147e-01,-4.811049908695014921e+00,-1.538178760601182971e+00
5.251688652302105575e-01,-4.905029513677457764e+00,-1.395585747091768969e+00
5.608715353510835833e-01,-4.998493060319279202e+00,-1.226559793061580583e+00
6.177860302603467302e-01,-5.075358089348577906e+00,-1.010194884909313862e+00
6.737286688675347968e-01,-5.153771088890125363e+00,-8.430176785634040382e-01
7.356237567180169412e-01,-5.186704343615256008e+00,-6.912309264463538661e-01
7.540123193114389721e-01,-5.218387576542024675e+00,-7.058624197942906520e-01
7.332588404413779015e-01,-5.232341797403978312e+00,-9.421567831167793061e-01
8.045673037771063907e-01,-5.309325809100052140e+00,-1.019850951643933579e+00
8.208760633760459058e-01,-5.395769235270130970e+00,-8.935346040982914406e-01
8.417734039082371833e-01,-5.385147208231711780e+00,-6.871361000940546804e-01
8.185346874382748439e-01,-5.403256268101562121e+00,-4.922738265348972631e-01
8.200456899062400495e-01,-5.405152937626919396e+00,-2.463211383408513699e-01
8.227933834638190280e-01,-5.407555824882809503e+00,2.998021959399296832e-02
8.266659118884963631e-01,-5.408188781192394323e+00,2.062374532771779900e-01
8.279640415711505552e-01,-5.408828432311420187e+00,4.515410918749863112e-01
8.309521761600963119e-01,-5.409439034605198593e+00,6.540650990585699098e-01
8.341374224528176340e-01,-5.409550904823787754e+00,8.385636776061387021e-01
8.367936973100857934e-01,-5.409387149640572545e+00,1.020653391640440111e+00
8.392335165685930187e-01,-5.409228343344136825e+00,1.210586450050731067e+00
8.424398955304331915e-01,-5.407576063530092014e+00,1.396400260572826291e+00
8.457072200982813648e-01,-5.405772819368807269e+00,1.631989340481593276e+00
8.478331708003074008e-01,-5.404061117019544724e+00,1.807410360831427143e+00
8.496131290079826925e-01,-5.401710666420957097e+00,2.019850303529476587e+00
8.508577815481457307e-01,-5.398881978304442164e+00,2.209129926926861831e+00
8.512613973690492664e-01,-5.395442952447289109e+00,2.493674543065291793e+00
8.517526598794805670e-01,-5.392766182865580404e+00,2.673369048274062632e+00
8.516772016234396281e-01,-5.389403596838489463e+00,2.869627610956468011e+00
8.506531345407516431e-01,-5.386210909976762551e+00,3.132962577978378960e+00
8.494370234158664656e-01,-5.383232037485503163e+00,-2.867361027715297439e+00
8.453251960332937021e-01,-5.382916564932643588e+00,-2.667172572869315861e+00
8.401573169017749754e-01,-5.382361629634737632e+00,-2.394326603790992269e+00
8.357579627488773699e-01,-5.382644733957681282e+00,-2.211852142853336201e+00
8.320169446746026320e-01,-5.383242601757981305e+00,-2.025710155089187836e+00
8.268840237732406617e-01,-5.385373524175166793e+00,-1.782357885865366809e+00
8.231917403297333014e-01,-5.387100557900281750e+00,-1.592410047526950256e+00
8.188990896954960741e-01,-5.390532931345389578e+00,-1.354174353637639161e+00
8.152469714191512562e-01,-5.393777503821286956e+00,-1.121573789109140629e+00
8.116285817193071850e-01,-5.398015203627702263e+00,-8.769523530944732803e-01
8.095936379538719585e-01,-5.401033234603564992e+00,-6.647368921150923482e-01
8.077774314288451718e-01,-5.404625091789085012e+00,-4.761388704043646447e-01
8.063545055821136343e-01,-5.409035150792546709e+00,-2.216380854132245781e-01
8.057329626043316928e-01,-5.412357356300616651e+00,-2.821576290449756205e-02
8.050344744574440270e-01,-5.416148288124387200e+00,2.176252488952734876e-01
8.047950555198812861e-01,-5.419861090922862168e+00,4.818106443804665018e-01
8.052382418842615186e-01,-5.422648944161578832e+00,6.682526790216323231e-01
8.055172277618324328e-01,-5.424769356240126683e+00,8.645933667655560928e-01
8.062550102587440204e-01,-5.426257891702054970e+00,1.117230580776169990e+00
8.068812242440117632e-01,-5.427141433887410216e+00,1.322097426520986385e+00
8.056234292230651794e-01,-5.428459424832967173e+00,1.543381599019174155e+00
8.048101047772177052e-01,-5.428615562729528499e+00,1.760007766079463076e+00
8.033717179258630381e-01,-5.428593561873645612e+00,1.957442165358354691e+00
8.015428990115279761e-01,-5.428012680038464488e+00,2.180714240832391404e+00
7.511433326790774023e-01,-5.344879896931608698e+00,2.170082661558125903e+00
6.919308891647889537e-01,-5.258694940016818364e+00,2.165177956655133240e+00
6.334457685766612389e-01,-5.173576632750600091e+00,2.158468787352320728e+00
5.758659963938852488e-01,-5.090984902723485028e+00,2.141309614236046155e+00
5.424562799851438966e-01,-5.043127211180257419e+00,2.111337856111394906e+00
5.410020716853671807e-01,-5.044175210787029684e+00,1.925178883270209695e+00
5.390802469065849589e-01,-5.045439894097767386e+00,1.725069288419667890e+00
5.369201181464606787e-01,-5.046388385593736814e+00,1.545268521832873443e+00
5.343587341673167179e-01,-5.046936030501026238e+00,1.364664510846859580e+00
5.498740855875065003e-01,-4.945748648309993278e+00,1.352264446646900931e+00
5.751237119394282393e-01,-4.838270623772669587e+00,1.339463199982261266e+00
6.149712934886538696e-01,-4.723896925155968596e+00,1.283454018399136087e+00
6.618186657547894258e-01,-4.612483139539797605e+00,1.214724300490250597e+00
6.718937135066925803e-01,-4.512677791940766348e+00,1.164947734284009773e+00
7.096206166831653395e-01,-4.408810616819771155e+00,1.051882825066115412e+00
7.667596508206673267e-01,-4.320978245670421103e+00,9.560945113571054366e-01
8.347636802593688676e-01,-4.235388639928244991e+00,8.453609182934911370e-01
9.113174033343579561e-01,-4.160502133630245680e+00,6.807584550019464276e-01
9.780561043211126737e-01,-4.115415131688068939e+00,4.940218097285985488e-01
1.030218378220055353e+00,-4.090680663882399593e+00,3.256144647996472297e-01
1.056806761546432938e+00,-4.082788820503081340e+00,1.279198966946399341e-01
1.089775549630373153e+00,-4.081299684144346074e+00,-9.977201479434112674e-02
1.113610412002278283e+00,-4.085168916250122351e+00,-2.860796873708448818e-01
1.141333247609264800e+00,-4.095618370855826917e+00,-5.058006605555711577e-01
1.162197086555517789e+00,-4.108712998355664503e+00,-6.850568651046231583e-01
1.182670655507354729e+00,-4.127721431692807919e+00,-8.857463008027923745e-01
1.192540741885779632e+00,-4.137541563366355035e+00,-8.841112357959779455e-01
1.241648155976123213e+00,-4.180436358277716202e+00,-6.954956841846745563e-01
1.329799869417513047e+00,-4.240085674367077395e+00,-5.712336945843872194e-01
1.380464871067596411e+00,-4.268270317836764249e+00,-5.006363348851232686e-01
1.428049566010320293e+00,-4.289461176148359201e+00,-4.111714406062274008e-01
1.485490624274981686e+00,-4.308060420391604417e+00,-2.857125148260565850e-01
1.534858364562386779e+00,-4.323989311020803861e+00,-2.027562200023060590e-01
1.577080984512171602e+00,-4.327538243922487204e+00,-1.133357814468869268e-01
1.659423095904544621e+00,-4.335179005361266213e+00,3.574151037895475364e-02
1.764889669598076249e+00,-4.331766334211182290e+00,3.859780638585009332e-02
1.866664260921779173e+00,-4.328379025515023848e+00,4.014634406125654198e-02
1.973048891322443987e+00,-4.324630466861761668e+00,4.246602284467194260e-02
1.984204976598909598e+00,-4.326237027998790730e+00,2.453882484785486762e-01
1.985633126687639471e+00,-4.327915456521619575e+00,4.312193120154943493e-01
1.987865229292931080e+00,-4.329196784345003657e+00,6.191566210205990961e-01
1.991473235215071247e+00,-4.331210312916919491e+00,8.317723504176365301e-01
1.991961019393184040e+00,-4.328599808455476428e+00,1.043394082855795491e+00
1.995185350884473019e+00,-4.328387636623852508e+00,1.253610826082046215e+00
1.997557444316525599e+00,-4.328150461496627521e+00,1.464181930757370464e+00
1.999379767965579591e+00,-4.326841075641397971e+00,1.676090176201105342e+00
1.982213849499536273e+00,-4.335712163597075453e+00,1.911875838848668296e+00
1.959292309911654373e+00,-4.235223152065438867e+00,1.967165349044853739e+00
1.922995389791456677e+00,-4.136298394472104789e+00,1.960993943234360604e+00
1.923468630689914471e+00,-4.097688278021833774e+00,2.099531455045628547e+00
1.921424021501020540e+00,-4.098111933086620695e+00,2.329972724136811557e+00
1.922994677325208901e+00,-4.094494625949227640e+00,2.512999306679824407e+00
1.922510980783829426e+00,-4.092700304791557997e+00,2.689681849648527301e+00
1.922738062111410962e+00,-4.086997813458048689e+00,2.876359805263398517e+00
1.922881130674732653e+00,-4.084240055818161963e+00,3.059710637799503363e+00
1.921705355472675514e+00,-4.081236201908450489e+00,-3.010144036426573688e+00
1.921278842596215286e+00,-4.077976887464620503e+00,-2.796123163955694935e+00
1.919637606835962407e+00,-4.075390542368731772e+00,-2.601535202562162752e+00
1.917503824027294357e+00,-4.072338617950847173e+00,-2.390537332396426518e+00
1.915541766980376259e+00,-4.068974902718499820e+00,-2.138636803160745892e+00
1.913523611374818412e+00,-4.068173096007027034e+00,-1.944993565817334291e+00
1.911602920377044379e+00,-4.067359531504925130e+00,-1.756790684872107322e+00
1.910266594074524482e+00,-4.067439228802299134e+00,-1.572837648536243638e+00
1.908498113274025965e+00,-4.068235491851980079e+00,-1.321644923098641566e+00
1.907484205642772546e+00,-4.069121005803923552e+00,-1.139213158654902802e+00
1.906759375158955994e+00,-4.070420519023145722e+00,-9.274881504637919605e-01
1.906911664604825418e+00,-4.072146471570749604e+00,-6.607465430001050466e-01
1.907585968116199737e+00,-4.073324530009806210e+00,-4.856729270277171384e-01
1.908562849663202332e+00,-4.074228911340293635e+00,-2.767761533884913194e-01
1.910556896627729984e+00,-4.075579644092960585e+00,-9.219706609846456402e-02
1.911695171280443306e+00,-4.093384853181339267e+00,-7.311445137139511996e-02
1.912759069331492201e+00,-4.088655211789075317e+00,-2.135961648469733021e-01
1.910434699524943269e+00,-4.101045397799714998e+00,-4.110717696601468019e-01
1.910488776438654668e+00,-4.088510725142397106e+00,-5.630181560001226160e-01
1.908866476861157180e+00,-4.086319566536821490e+00,-7.906658563775912363e-01
1.908505570070482715e+00,-4.082615472552001634e+00,-1.006446626199251737e+00
1.958725154842686722e+00,-4.167959762477254415e+00,-1.034393924269163989e+00
2.007944847277340461e+00,-4.253939244621201432e+00,-1.036197225688256784e+00
2.057188891019479993e+00,-4.340816340899266379e+00,-1.053505361838168231e+00
2.104571244315879941e+00,-4.432732041967500258e+00,-1.106431237948639179e+00
2.145968168684683430e+00,-4.523315030337878184e+00,-1.152142782212409067e+00
2.184280771964866918e+00,-4.620745465507085648e+00,-1.204619128537620432e+00
2.215540015163387721e+00,-4.714598939015347767e+00,-1.254688320232651977e+00
2.241980972296491181e+00,-4.809024461834390252e+00,-1.300867842369496152e+00
2.253539214398875501e+00,-4.858649123348266485e+00,-1.482603016655434480e+00
2.253990214342087128e+00,-4.857504780063625738e+00,-1.721779746334368699e+00
2.255980816560044566e+00,-4.855527772160054489e+00,-1.925686928190830649e+00
2.257323236189808568e+00,-4.855020614803080115e+00,-2.105876655011930776e+00
2.258563269087794367e+00,-4.855134951564894052e+00,-2.283129258759559743e+00
2.259435478257218577e+00,-4.855192265949807684e+00,-2.462923231813716196e+00
2.259390723858456962e+00,-4.855604676220079519e+00,-2.651266833511659371e+00
2.260466442989591762e+00,-4.857176114830880742e+00,-2.859917755175068077e+00
2.261644003009396275e+00,-4.859629905471366307e+00,-3.118259967078136352e+00
2.262042103529594783e+00,-4.861089564597942392e+00,2.973834612988314863e+00
2.263128638092003708e+00,-4.863603073766994633e+00,2.691869533913402002e+00
2.263409244144343191e+00,-4.865036247615472043e+00,2.451567303242398577e+00
2.263749454962591390e+00,-4.867065387728899850e+00,2.205212057710256524e+00
2.263559065918486102e+00,-4.868080729352835867e+00,1.992591126218139053e+00
2.262242204491642372e+00,-4.869240004333970973e+00,1.801912741961891884e+00
2.259460587386472596e+00,-4.870084486081290187e+00,1.534438931475557322e+00
2.256574026541680489e+00,-4.870483095937392370e+00,1.319495088460789001e+00
2.253746969619945695e+00,-4.870275145970369479e+00,1.126019835277471293e+00
2.251435625912550087e+00,-4.868801189088502568e+00,9.391642956904915351e-01
2.247662692378598503e+00,-4.865971017638173635e+00,6.347702530853517322e-01
2.244513139673693480e+00,-4.862284675398202083e+00,3.858648575730121988e-01
2.242594072188525356e+00,-4.859541187494819781e+00,1.945382766827329080e-01
2.239681385396408597e+00,-4.856109970353645444e+00,-9.055382905585124265e-02
2.238129349828997139e+00,-4.853898472023519872e+00,-2.764962389755591943e-01
2.235836847747675105e+00,-4.850636594362605081e+00,-5.118982870738547630e-01
2.234552201558087869e+00,-4.848577693898650232e+00,-6.873364212171472198e-01
2.233372322649752828e+00,-4.846413814254957764e+00,-8.880431997588031923e-01
2.232736268752181896e+00,-4.843412833286805608e+00,-1.078668304579899928e+00
2.232591292332985144e+00,-4.841147608516092049e+00,-1.298408717809303337e+00
2.233223864566624695e+00,-4.839214563335882957e+00,-1.493673946679472619e+00
2.234865351459637051e+00,-4.837110735481057411e+00,-1.754624648623735350e+00
2.236968644217546487e+00,-4.836191314758059079e+00,-1.990883162891408542e+00
2.239067184099056806e+00,-4.836062998491554410e+00,-2.220674671779002907e+00
2.255027572860243801e+00,-4.841204200853267636e+00,-2.201175629002167344e+00
2.242269567950811116e+00,-4.835292546956350357e+00,-2.083310075205853096e+00
2.246578553611267015e+00,-4.837336582519031758e+00,-1.851471111561576510e+00
2.252113489378846811e+00,-4.840369407178110706e+00,-1.618027545711834492e+00
2.238349165524825324e+00,-4.836514825050181265e+00,-1.569554606473101410e+00
2.238843814241545438e+00,-4.855068980582196936e+00,-1.672174192677586602e+00
2.223331792683871377e+00,-4.955327512266537227e+00,-1.672911649751457785e+00
2.210696026542993575e+00,-5.053830571592033749e+00,-1.651155486320638133e+00
2.206544898493797202e+00,-5.082307576769426127e+00,-1.453084897291487598e+00
2.214729067763995474e+00,-5.185139450682736850e+00,-1.446724856928737424e+00
2.224219811321197060e+00,-5.288722910445328829e+00,-1.458036807319684103e+00
2.213366481684265086e+00,-5.316102632023194552e+00,-1.430491188119501711e+00
2.212886159431065369e+00,-5.319119522505718400e+00,-1.237725736125609322e+00
2.213076369846138647e+00,-5.321561009053754177e+00,-1.020510680859770591e+00
2.213545314905748018e+00,-5.324905795630638927e+00,-7.963521707357362756e-01
2.214563338083329391e+00,-5.327918425757460774e+00,-6.122573487124211011e-01
2.216079826884327808e+00,-5.333793599010392406e+00,-5.777578780632049993e-01
2.216638011745054815e+00,-5.334399199533185865e+00,-7.408657118751617032e-01
2.284754149036358761e+00,-5.403712104220718793e+00,-7.093737210811144056e-01
2.365216013223167213e+00,-5.478568490567344185e+00,-7.165347952497160833e-01
2.386194971892148242e+00,-5.500313100460729743e+00,-7.123196232228001801e-01
2.358865483615663727e+00,-5.475625838698536363e+00,-5.110971567171050944e-01
2.445495373828705521e+00,-5.525327535857386785e+00,-4.094939601318987599e-01
2.534490190942695786e+00,-5.568378047562487332e+00,-4.160380636000042265e-01
2.631833900383998781e+00,-5.612600304913298643e+00,-4.197752120514033347e-01
2.725053653881686078e+00,-5.658062894745807370e+00,-4.237540167152143988e-01
2.812887961099442613e+00,-5.705864789812716609e+00,-4.648121981266454261e-01
2.884393145052271734e+00,-5.753952183623793459e+00,-3.583152251478310402e-01
2.885678886333783222e+00,-5.755939514746400754e+00,-1.605790358245063609e-01
2.886958820263188397e+00,-5.758409559629643404e+00,5.197956360326263375e-02
2.888708696604299853e+00,-5.760584409918874549e+00,2.386317156865311595e-01
2.889923897354047089e+00,-5.762642808501442282e+00,4.490664246896958756e-01
2.893042640408466593e+00,-5.764361854704271870e+00,6.478919801989131422e-01
2.973391857678036043e+00,-5.715420339578411557e+00,6.414513329291264832e-01
3.056054429331793720e+00,-5.657356120265009558e+00,6.457994812751005620e-01
3.137863085787713668e+00,-5.604399229957481410e+00,6.385915829789303721e-01
3.224293375574282194e+00,-5.545588834064257178e+00,6.422606968297814856e-01
3.313218916673526415e+00,-5.481769113249777448e+00,6.471253950711653991e-01
3.399757238627299838e+00,-5.418014396954959899e+00,6.514336211566371659e-01
3.474699287408721471e+00,-5.364149752286525796e+00,5.465529505961548296e-01
3.476251915142769100e+00,-5.362753204451692568e+00,3.756055764681238696e-01
3.476300085333134504e+00,-5.361998024519624373e+00,1.804190419085479613e-01
3.477462634874961545e+00,-5.361730668937869204e+00,-3.363890236929492975e-03
3.491333019824686357e+00,-5.347177188191896136e+00,-1.435853747735801045e-01
3.460494835812493619e+00,-5.349225106385451234e+00,-4.076070145395160882e-01
3.462747408740284527e+00,-5.345337895848402354e+00,-5.893626449409483659e-01
3.460643641605528398e+00,-5.349821595095916926e+00,-8.043385207156502625e-01
3.466566341359394343e+00,-5.335136103283011799e+00,-9.519035274374411104e-01
3.465370217368679118e+00,-5.335192189032235355e+00,-1.144972754810734017e+00
3.464586207421598285e+00,-5.335136573728068043e+00,-1.322069418480793290e+00
3.460269117662572391e+00,-5.338068110737807181e+00,-1.490437817100571660e+00
3.457103059542283141e+00,-5.340255874540568826e+00,-1.316786643714839000e+00
3.454482739941415748e+00,-5.342877646608243936e+00,-1.140489540644845867e+00
3.451719645260236558e+00,-5.346432455128175221e+00,-9.267502077937697091e-01
3.434215660411493509e+00,-5.373654176313949371e+00,-8.385240629867478646e-01
3.432573722739140187e+00,-5.372530162384570929e+00,-5.781437636510243783e-01
3.431353368112692870e+00,-5.372933128642509715e+00,-3.885908963615524181e-01
3.430225788793928476e+00,-5.372882155320419351e+00,-1.920470611083159584e-01
3.429407685666413741e+00,-5.372980053655137311e+00,4.346130241269017917e-03
3.429342710941346350e+00,-5.372947800602410062e+00,2.221529081147161355e-01
3.429593683006732174e+00,-5.373158578278522057e+00,4.989583933561457796e-01
3.430280874115386514e+00,-5.372420095217091074e+00,6.917004933913943887e-01
3.431471906115244774e+00,-5.370418082751110767e+00,9.507413510793353284e-01
3.513653202768310280e+00,-5.295787810800163697e+00,1.020589697968489640e+00
3.580284809379000066e+00,-5.206150333173427569e+00,1.009645571591927693e+00
3.615701414637134015e+00,-5.193375246441835458e+00,1.159848186598394948e+00
3.600310034980144902e+00,-5.191553560800135969e+00,1.383945699169892185e+00
3.598526379491649774e+00,-5.191270215960728684e+00,1.605996956314549751e+00
3.607999572194219962e+00,-5.191021703400151566e+00,1.803291610227038655e+00
3.622591428665243196e+00,-5.191269943416605415e+00,2.008177947825926069e+00
3.623581925767903389e+00,-5.190687381007423440e+00,2.188513055288693998e+00
3.565014945789550360e+00,-5.117433592313910040e+00,2.255768655437428993e+00
3.497980151146561134e+00,-5.036050488426544014e+00,2.259648639625974287e+00
3.428933812971417083e+00,-4.951647922007450298e+00,2.257409283984214365e+00
3.363784171043621818e+00,-4.870759666556977230e+00,2.256634804435451613e+00
3.297985923428698563e+00,-4.789778712775056846e+00,2.254829289258279967e+00
3.237020009142999033e+00,-4.713762735861590336e+00,2.255888242791962206e+00
3.170017922693698420e+00,-4.630679831561230309e+00,2.253363191287985678e+00
3.103764962825947826e+00,-4.547830065084856876e+00,2.253590355655008093e+00
3.037199734928885952e+00,-4.465894098702747783e+00,2.253452927792261029e+00
2.971389935433229823e+00,-4.383887053007830659e+00,2.253760701520217680e+00
2.905547342852176751e+00,-4.301332799833759601e+00,2.250728640295485139e+00
2.838529784814689982e+00,-4.217253647683269158e+00,2.250660415044914764e+00
2.772488768297835193e+00,-4.134681225702258267e+00,2.250173373461079152e+00
2.706711205461027170e+00,-4.051054670537739710e+00,2.250446767035070739e+00
2.636621265925093383e+00,-3.961818226356617956e+00,2.249521718817805827e+00
2.570455172910472541e+00,-3.877659949259772976e+00,2.249871771735678205e+00
2.509786971553391588e+00,-3.806731627851014821e+00,2.262576665321855085e+00
2.459965321658151183e+00,-3.756030509599271650e+00,2.112353836442663724e+00
2.453252676158961254e+00,-3.760135489443504397e+00,1.926434629319800029e+00
2.465219873516140137e+00,-3.756253212322823831e+00,1.709802948235631836e+00
2.466481377694045296e+00,-3.756433849896588129e+00,1.530994736769050180e+00
2.465267914004078520e+00,-3.758409254466286598e+00,1.314642437846049727e+00
2.462736272692709338e+00,-3.759873739304403273e+00,1.052252507346506105e+00
2.458389709775876675e+00,-3.761031786721344528e+00,8.408211638484214268e-01
2.457117678887274170e+00,-3.761010591562730099e+00,6.403276979042548112e-01
2.455077492536914985e+00,-3.760897910269100475e+00,4.586585011580363580e-01
2.453274390458748400e+00,-3.759819420920038180e+00,2.666416181097958638e-01
2.451474066135043373e+00,-3.758313232126315739e+00,5.440890875467165738e-02
2.449770773212933683e+00,-3.756906139162807801e+00,-1.373002061781409266e-01
2.448311363202490654e+00,-3.754590362604390830e+00,-3.787684119996982401e-01
2.447848256179419479e+00,-3.753138118362850051e+00,-5.738483381307193376e-01
2.447902933169947115e+00,-3.751762014795185340e+00,-7.587602920992020383e-01
2.448081858107282294e+00,-3.750187581686518445e+00,-9.497387133703826256e-01
2.448682191495222593e+00,-3.749263792816791785e+00,-1.124687558829301048e+00
2.450406829108197293e+00,-3.747278462967904566e+00,-1.352843689646938685e+00
2.453012696750092037e+00,-3.746155931768849090e+00,-1.621518833555755990e+00
2.454775830322553087e+00,-3.746034511705220726e+00,-1.808496429558799523e+00
2.457313168253718150e+00,-3.746295270008413336e+00,-1.996824947879502821e+00
2.460226305131220759e+00,-3.747248196193037728e+00,-2.239098628233588073e+00
2.463554047187898721e+00,-3.749717481208705294e+00,-2.525853920199192526e+00
2.466642171693781638e+00,-3.752241644507274376e+00,-2.787410722734529056e+00
2.467963685098678805e+00,-3.754434206943808583e+00,-2.962309364886891672e+00
2.469753636579478329e+00,-3.758392124848197291e+00,3.052328292575523516e+00
2.471146929044057750e+00,-3.762051934353313865e+00,2.816261894817012390e+00
2.471550260216951234e+00,-3.766181269012169874e+00,2.565924741916355334e+00
2.471227709602227485e+00,-3.769655401227997693e+00,2.338641832231328266e+00
2.470833240362209082e+00,-3.772461716935299858e+00,2.146186683019577046e+00
2.470094841882083614e+00,-3.774744862708174331e+00,1.971783711109427184e+00
2.468072608404486612e+00,-3.778537060726204544e+00,1.719651056896246200e+00
2.465952356506562637e+00,-3.780463657219284901e+00,1.511784886515200599e+00
2.463704149106308527e+00,-3.782012056180540149e+00,1.320564964518134099e+00
2.460457686480386652e+00,-3.783741985628156002e+00,1.084588505009635107e+00
2.457376479877072306e+00,-3.784601231201671467e+00,8.278934044068042564e-01
2.454801845171715513e+00,-3.784826219627078991e+00,6.404280913241281459e-01
2.452037282350040481e+00,-3.784268771486357874e+00,4.061726031680549243e-01
2.449689985295187888e+00,-3.782995503652617497e+00,1.331483033718332543e-01
2.447381884059749879e+00,-3.781263461560227412e+00,-1.231457530708629788e-01
2.445769077051826557e+00,-3.779264994555533885e+00,-3.308876135340907965e-01
2.444421098550447091e+00,-3.784849351322068234e+00,-2.490420128002790168e-01
2.442542164644705416e+00,-3.789312554506089725e+00,-7.422079767306907772e-02
2.443532171882733195e+00,-3.792046670969007049e+00,1.047539480167415382e-01
2.444542720922414425e+00,-3.795056903224564682e+00,3.008814219373366350e-01
2.445941425848098483e+00,-3.797973347758524021e+00,5.310709304631051619e-01
2.447906188094735480e+00,-3.799676733051594812e+00,7.347511884150276229e-01
2.449731450318145765e+00,-3.801564407147191904e+00,9.578107528911187218e-01
2.452180834777535789e+00,-3.801940300402963935e+00,1.154101093790659283e+00
2.454845576889924885e+00,-3.801950675227040666e+00,1.408732839680848947e+00
2.457344760921201132e+00,-3.801459970798760413e+00,1.679905469177520594e+00
2.459341715384767646e+00,-3.800231196588643279e+00,1.924909348445962731e+00
2.460017648206239027e+00,-3.798536672882836918e+00,2.180528650195908025e+00
2.459888697611246400e+00,-3.796219246165945194e+00,2.392290205132867609e+00
2.401382557064155598e+00,-3.721617563594550759e+00,2.445971252801392382e+00
2.319535989082653682e+00,-3.653492129320203397e+00,2.447114156977349797e+00
2.237226262238893870e+00,-3.585044268278723578e+00,2.450949748393433936e+00
2.166680605443985552e+00,-3.528515020271609348e+00,2.345508198902821473e+00
2.163552250464547910e+00,-3.527463515829017293e+00,2.137786030935137305e+00
2.160922324779074533e+00,-3.528470959329746304e+00,1.946165885421976549e+00
2.160252559057247002e+00,-3.529727122569105813e+00,1.735407526375658538e+00
2.157426990052493831e+00,-3.531569318408584124e+00,1.514539652827489036e+00
2.154954840278700878e+00,-3.532259150590868479e+00,1.264366933138089344e+00
2.151649808187320101e+00,-3.532805940041021664e+00,1.075033514248231903e+00
2.148375414015808893e+00,-3.532394908087020280e+00,8.106355338463413496e-01
2.144340039134945641e+00,-3.531425159487367793e+00,5.591431570125341421e-01
2.142159225715500437e+00,-3.529767787405650559e+00,3.714111149112814259e-01
2.139451578617197924e+00,-3.528155953939807521e+00,1.057356645548411384e-01
2.136745164368318850e+00,-3.525171742192189761e+00,-1.448811740329877251e-01
2.135247631054533635e+00,-3.522062429161347374e+00,-4.187220017991752918e-01
2.134468879684983111e+00,-3.519651259569713808e+00,-6.503811741647044231e-01
2.134293693470133757e+00,-3.516527628298127262e+00,-9.116671801791229601e-01
2.133894919707817639e+00,-3.514124438027333763e+00,-1.074079499441805474e+00
2.134175193960408112e+00,-3.512763551800850870e+00,-1.280839927244446841e+00
2.135828528334067666e+00,-3.510954326221546129e+00,-1.471625746126070888e+00
2.137467774371346607e+00,-3.510334121287592257e+00,-1.667099663094413264e+00
2.139103939029493695e+00,-3.509890675680352956e+00,-1.866207994724759400e+00
2.141290382876216647e+00,-3.510003263990279176e+00,-2.077255334446387547e+00
2.143181815530941225e+00,-3.510372650499615776e+00,-2.279228870289315534e+00
2.145414229306434439e+00,-3.511194112219265584e+00,-2.462138872097988429e+00
2.147201119842980344e+00,-3.512485543618934170e+00,-2.674386494214477938e+00
2.148404903581813130e+00,-3.513707426601364148e+00,-2.851721528954258567e+00
2.149533696348071121e+00,-3.515663789651182203e+00,-3.063509724803439305e+00
2.150260697820969735e+00,-3.517301027089082321e+00,3.029629395579945150e+00
2.150864892089415115e+00,-3.519336216869998424e+00,2.844717918751872965e+00
2.150794963325666220e+00,-3.521168349227443706e+00,2.661662619946321584e+00
2.150854865741830935e+00,-3.523123349415222982e+00,2.487237026864003386e+00
2.150528503781721223e+00,-3.525105266634462886e+00,2.296368925234446579e+00
2.150073925199121216e+00,-3.527409336276799312e+00,2.076695842141488946e+00
2.148566100979771409e+00,-3.529387376763584161e+00,1.878419996921614654e+00
2.144908678327056339e+00,-3.532232506941545669e+00,1.672133450400676846e+00
2.152797846736322018e+00,-3.535945360752666744e+00,1.483220175775658678e+00
2.154798702244734354e+00,-3.537148336066810117e+00,1.292963689079444256e+00
2.150626973532601127e+00,-3.536837223992523427e+00,1.107555870043512858e+00
2.128716437614337487e+00,-3.534487442662664236e+00,9.264809286063556693e-01
2.126451543638448793e+00,-3.535239269559745434e+00,7.416055504203096227e-01
2.126452569611339438e+00,-3.536415570589360957e+00,5.832242793861434071e-01
2.126030611202526455e+00,-3.536994026000011448e+00,3.709049327234001936e-01
2.125064421235982159e+00,-3.536195879195154657e+00,1.558606173923053895e-01
2.123279268108066109e+00,-3.535196211336764094e+00,-2.107836330135802461e-02
2.122049911026187896e+00,-3.534164038611836478e+00,-2.117821730735034158e-01
2.120943325509069943e+00,-3.532304617162947302e+00,-4.218524824216830504e-01
2.120831313374341054e+00,-3.531089649128659413e+00,-6.054282452597414821e-01
2.193344782395594272e+00,-3.595600641720263724e+00,-7.167495559410408390e-01
2.272492641696736815e+00,-3.666652245733247995e+00,-7.155003235516439464e-01
2.353744795783996313e+00,-3.739121558791686173e+00,-7.136174014156146939e-01
2.410019150607749960e+00,-3.790320105436469245e+00,-7.888712172610136131e-01
2.478820405238332913e+00,-3.865188515378541023e+00,-7.990918429437431358e-01
2.551408520480230813e+00,-3.940779487721383756e+00,-7.794247844613221288e-01
2.635013365615802350e+00,-4.014949181907256914e+00,-6.855881767283060757e-01
2.658743276968275282e+00,-4.036970643543212667e+00,-8.154234541398465153e-01
2.665865167480795606e+00,-4.049266012040992457e+00,-8.150325172941766949e-01
2.734456461425735174e+00,-4.125544837526812891e+00,-8.128891111527193347e-01
2.810035382482451993e+00,-4.206995230626262128e+00,-8.098691813600623624e-01
2.884082340167186675e+00,-4.286292076076516189e+00,-8.088521703483231295e-01
2.956552565990468562e+00,-4.364318376173777381e+00,-8.046872719756049674e-01
3.029482702228519120e+00,-4.442241306239159471e+00,-8.023561748831905538e-01
3.100396197088160832e+00,-4.517616121232647330e+00,-8.010566127167467743e-01
3.173670004998908833e+00,-4.596355391762391385e+00,-8.014292894817232060e-01
3.191522473063975962e+00,-4.611003847216320395e+00,-6.767398786208829176e-01
3.189005148429522762e+00,-4.602414385247197259e+00,-5.769350076109430736e-01
3.189267651798563641e+00,-4.609624425409101001e+00,-3.779495868094564504e-01
3.190445115429234146e+00,-4.613167696961876452e+00,-1.599703952571444043e-01
3.195552277717249368e+00,-4.605924161686378859e+00,8.053568681499984061e-02
3.198266550837362221e+00,-4.608952983849670559e+00,2.687169087443182502e-01
3.200580209313542923e+00,-4.611766280047572941e+00,4.685683188455473935e-01
3.201607447986276611e+00,-4.614421200204598783e+00,6.547536278252823472e-01
3.205057412433775177e+00,-4.617389725677496060e+00,9.101230977702846614e-01
3.208145419057178316e+00,-4.618070899060236378e+00,1.113885470482009810e+00
3.211095592933613574e+00,-4.618167359492399093e+00,1.361830989402903702e+00
3.213242722830533804e+00,-4.618420307919502754e+00,1.548793911987585314e+00
3.216177890189432009e+00,-4.617647758542627656e+00,1.797792712666701709e+00
3.217662120425513805e+00,-4.616752897180751880e+00,1.983776694724747491e+00
3.219229352745777817e+00,-4.615309708072710571e+00,2.216345225967037535e+00
3.219883265897477642e+00,-4.613687982622598938e+00,2.431256097697525931e+00
3.220299789406875224e+00,-4.612093358697728185e+00,2.663570297928666175e+00
3.219777982054982335e+00,-4.610854846973091448e+00,2.902940108304159494e+00
3.218865692921605515e+00,-4.609127687709243304e+00,-3.116050623926711172e+00
3.217431082341479787e+00,-4.607657140329222578e+00,-2.871267460326712762e+00
3.215393097117189569e+00,-4.606825802926756808e+00,-2.654583361317299328e+00
3.213985340439016181e+00,-4.606275100922562871e+00,-2.421928216421652458e+00
3.211858298049633298e+00,-4.606305689834455208e+00,-2.219753805382323808e+00
3.209712591416508332e+00,-4.606816630411710634e+00,-1.992358098783744147e+00
3.207960087363887602e+00,-4.608298818691604737e+00,-1.802215887435381081e+00
3.206124737220655607e+00,-4.610141537699672831e+00,-1.571060462538978575e+00
3.204771165557529500e+00,-4.612621628080897374e+00,-1.351307302463651494e+00
3.204267558135433624e+00,-4.615471243148738800e+00,-1.166254846032772186e+00
3.203820254404515566e+00,-4.618158078346879414e+00,-9.711608669739841826e-01
3.186297928040070726e+00,-4.646598988839240718e+00,-9.343870124244783026e-01
3.247561012967701721e+00,-4.737814021937635900e+00,-9.396534640927673987e-01
3.312309050463917881e+00,-4.833821259331836373e+00,-9.447623529101664142e-01
3.374425005786373166e+00,-4.917708253990015876e+00,-9.472923505827756108e-01
3.437121366737752481e+00,-5.007182161637721229e+00,-9.627729307124002212e-01
3.476537417458470891e+00,-5.067153465243952937e+00,-8.832667230040575079e-01
3.466939684866432447e+00,-5.079194457141757546e+00,-7.606912373196692556e-01
3.468491345127834968e+00,-5.077575792276177502e+00,-5.566910247492534713e-01
3.470021238434279010e+00,-5.076678942337546907e+00,-3.444472568944379476e-01
3.472074302340547813e+00,-5.075486834698929250e+00,-1.256487812137209448e-01
3.474183176311862908e+00,-5.074524419740650494e+00,6.584760376197915099e-02
3.476932992116557042e+00,-5.073233488317026030e+00,2.801952111198621753e-01
3.479680927085877951e+00,-5.071934739973254835e+00,4.978444235911311244e-01
3.482814952159957844e+00,-5.070288035371316226e+00,6.884548667519755361e-01
3.482080834798058522e+00,-5.067062032521701731e+00,8.934898488385203397e-01
3.486343202758562576e+00,-5.065901304278495054e+00,1.074206907777660369e+00
3.514898161601465176e+00,-5.074792125123604336e+00,1.274803247694946906e+00
3.483144957758443017e+00,-5.059581309508560665e+00,1.525483470021977039e+00
3.485532651813869620e+00,-5.057896236017159097e+00,1.707941461637263236e+00
3.487971036084464238e+00,-5.056543485017335193e+00,1.915667154182437493e+00
3.489973271864136084e+00,-5.054822286707795875e+00,2.125434503347106485e+00
3.490989706643606194e+00,-5.052609388043772576e+00,2.301934813119063783e+00
3.491518926762365638e+00,-5.050497961219610588e+00,2.514265652109790583e+00
3.491605827975100329e+00,-5.048641385829548689e+00,2.730123193814618876e+00
3.491108402417376411e+00,-5.046614182586670161e+00,2.947747560960537694e+00
3.490889274529204389e+00,-5.044755744142890741e+00,-3.128168558895250584e+00
3.490693631828108767e+00,-5.043088675996599157e+00,-2.947260265783599120e+00
3.489699415999809151e+00,-5.041340321020197024e+00,-2.753028888457071499e+00
3.489037988225265341e+00,-5.039572176568140272e+00,-2.548065537550326720e+00
3.487504912483905706e+00,-5.038420073878818073e+00,-2.342713300692547129e+00
3.485465314202822906e+00,-5.037795113739729658e+00,-2.138903699395585889e+00
3.484272866815513403e+00,-5.037808410391049208e+00,-1.947225683858519574e+00
3.483603531403156595e+00,-5.038406802089552272e+00,-1.762871827793118573e+00
3.483476679648552565e+00,-5.039126540803047227e+00,-1.537155591067600247e+00
3.482157465180601541e+00,-5.040883208921914438e+00,-1.307287748492406587e+00
3.481832452207872297e+00,-5.042483453112513558e+00,-1.105447326122669160e+00
3.481648089197850293e+00,-5.044588315898354658e+00,-9.151490392069567825e-01
3.474627323327487360e+00,-5.052801203808142461e+00,-8.431264615269425944e-01
3.485886430994547425e+00,-5.026344801467834245e+00,-6.317146886557163388e-01
3.561350295409253075e+00,-5.094730985150755842e+00,-5.937351293542795228e-01
3.649808742814140583e+00,-5.166325041019272035e+00,-5.935916312113177495e-01
3.665871781142317598e+00,-5.173803411630690796e+00,-7.529021730979968963e-01
3.745673044593312628e+00,-5.248683338171052704e+00,-8.172954867916107924e-01
3.823363715702289056e+00,-5.335315814255047862e+00,-8.387530466782039396e-01
3.899716803818702893e+00,-5.402891573085883969e+00,-8.522768885639856462e-01
3.980014770014576264e+00,-5.456612633323292272e+00,-8.449764668070607332e-01
4.030951783859161530e+00,-5.473893012850924222e+00,-1.016346017141641855e+00
4.027169401444115948e+00,-5.472313285257772719e+00,-1.263776465889678624e+00
4.024678091475897723e+00,-5.470843549811318596e+00,-1.487374018066004888e+00
4.022764476872322525e+00,-5.470459681286889975e+00,-1.741194721203428442e+00
4.021665642964260989e+00,-5.470377597636115752e+00,-1.991519278462601905e+00
4.021454382863266730e+00,-5.471253159925141496e+00,-2.247054453000105756e+00
4.058923828035131187e+00,-5.483344975535876742e+00,-2.354723615027951578e+00
4.060259394929435217e+00,-5.485162085443310964e+00,-2.554985930841751074e+00
4.063004087006244269e+00,-5.486885848344348560e+00,-2.754061554239823018e+00
4.066285739309104308e+00,-5.490125306426280716e+00,-3.021290251526038695e+00
4.068092446051307931e+00,-5.492622225501905042e+00,3.073677366001573041e+00
4.070609576717492573e+00,-5.495555288739994104e+00,2.838627598439344091e+00
4.071957162332472180e+00,-5.498158672222732690e+00,2.634770397666947428e+00
4.073029208019975478e+00,-5.501411826606697808e+00,2.439928762602876500e+00
4.073625804776620285e+00,-5.504398199055300367e+00,2.213352146428418266e+00
4.073531446022018443e+00,-5.506761626158048983e+00,2.020007027666981259e+00
4.072411276582847961e+00,-5.509407629784687899e+00,1.807612454753716014e+00
4.071361198401726611e+00,-5.511443176763918039e+00,1.631353327101383588e+00
4.070280638202214973e+00,-5.513117049619304488e+00,1.442556203230334733e+00
4.068804740357258254e+00,-5.514101753957584506e+00,1.255481211143172571e+00
4.065629637924405237e+00,-5.514560203298021435e+00,9.513628948517853789e-01
4.063354222585827458e+00,-5.514355872397502800e+00,6.841386290568305384e-01
4.061747196712309105e+00,-5.513753419552478441e+00,4.937191544132760734e-01
4.060147059186823171e+00,-5.512666788732770051e+00,2.835762845163878332e-01
4.059089816293798059e+00,-5.510672125536154375e+00,1.735748870952194892e-02
4.058550608665063564e+00,-5.509269784132546199e+00,-1.727351876171241973e-01
4.058012229498392465e+00,-5.506472935745846620e+00,-4.781274345077461407e-01
4.058311543916564901e+00,-5.504067901965533416e+00,-7.439287022136243932e-01
4.059206761409654973e+00,-5.502393976256178654e+00,-9.337352430467542597e-01
4.061489340884532062e+00,-5.499660706554519329e+00,-1.238099744363176935e+00
4.064728455471375845e+00,-5.497947021892993114e+00,-1.508727494396484126e+00
4.067572317335134358e+00,-5.497354545467836751e+00,-1.699897390036379852e+00
4.072006543399866452e+00,-5.497099303670066384e+00,-1.950531061885328210e+00
4.074697561775205479e+00,-5.497938092824147915e+00,-2.155240706643986037e+00
4.079163777446422223e+00,-5.499061794583838036e+00,-2.346968730986739082e+00
4.044612301205478211e+00,-5.544673078568031599e+00,-2.235673248148364323e+00
4.043791071498191059e+00,-5.545855293471229963e+00,-2.040350555413700029e+00
4.043108055414674773e+00,-5.546481268136004061e+00,-1.843580097654581529e+00
4.041670668413563483e+00,-5.547843188976968598e+00,-1.654093003658151151e+00
4.040743744314990948e+00,-5.549396934594565955e+00,-1.458566303064148473e+00
4.058361469887278083e+00,-5.645147554113530752e+00,-1.478959383210218803e+00
4.062157410724896778e+00,-5.650766059796083596e+00,-1.649237638913553017e+00
4.084010951544644108e+00,-5.666564228971038730e+00,-1.797066841727953834e+00
4.015663913950228370e+00,-5.639951231748212557e+00,-2.105155686570918672e+00
4.046079631606954941e+00,-5.655808252092189292e+00,-2.206459650350099722e+00
3.989461362922556820e+00,-5.734731206803747483e+00,-2.212625358727924763e+00
3.970768020208914173e+00,-5.798841566130794156e+00,-2.340703528912074116e+00
3.931397780206270731e+00,-5.883340869537359907e+00,-2.407056076280960077e+00
3.874645439731695618e+00,-5.962302032025895038e+00,-2.403760301749285677e+00
3.820046057857305666e+00,-6.016130046994968339e+00,-2.409994910422922576e+00
3.757740214041562332e+00,-6.065877127929275581e+00,-2.408880294526360544e+00
3.763996925849501185e+00,-6.090878772649836570e+00,-2.489221887415685508e+00
3.765953622654284239e+00,-6.083890111537478163e+00,-2.701232632622467822e+00
3.762653766202267658e+00,-6.073432198075475519e+00,-2.933192838560689797e+00
3.756717541032879470e+00,-6.061625061803339598e+00,3.106476129615163728e+00
3.762498909577391526e+00,-6.063981978513945492e+00,2.901150781714291416e+00
3.769083062853669563e+00,-6.065516848032085129e+00,2.678351929098965467e+00
3.775816504253249217e+00,-6.066244986302574027e+00,2.483930342016429371e+00
3.784002163762823390e+00,-6.066666442029665873e+00,2.278313825040242158e+00
3.791262689360173521e+00,-6.066055481390074000e+00,2.095128762182553395e+00
3.807756866825197761e+00,-6.061112442044114701e+00,1.932083779045661975e+00
3.786548533752556622e+00,-6.035649720262159512e+00,1.799584583753453426e+00
3.792773854910785669e+00,-6.032172855896661190e+00,1.620816570409491009e+00
3.799390288433815321e+00,-6.032000529131956057e+00,1.420651528825486842e+00
3.777796115108709607e+00,-6.028259051852663752e+00,1.222380972354742745e+00
3.757440313562639744e+00,-6.022861367030635904e+00,1.057514613634161771e+00
3.737999603425122164e+00,-6.016663283125113004e+00,8.895329887129622692e-01
3.715759052790256423e+00,-5.995059502243363703e+00,7.670378021362245224e-01
3.742706364569936550e+00,-5.958252495701780838e+00,6.977745570557736254e-01
3.754734151089940575e+00,-5.923724851036703321e+00,6.014696822109258934e-01
3.762913613431363657e+00,-5.920514253480692268e+00,4.066005744617535167e-01
3.765761692402719962e+00,-5.919428818330642272e+00,1.831932254884441891e-01
3.768107709114374426e+00,-5.917313191529951943e+00,-4.371681940779287984e-02
3.770824861988954169e+00,-5.916325827816020677e+00,-2.589786109963060912e-01
3.772223904068366274e+00,-5.914869877866042458e+00,-5.122338252345119969e-01
3.773831258708009617e+00,-5.913979956874060306e+00,-7.055230736737436725e-01
3.775745914016751748e+00,-5.912388029932164280e+00,-9.229407628797117180e-01
3.778336772677552968e+00,-5.910673088751646098e+00,-1.112550097975099295e+00
3.781181591224013872e+00,-5.909588621000788855e+00,-1.299691906931130347e+00
3.787207943043978897e+00,-5.908193688637768837e+00,-1.558997653506362990e+00
3.792879099843812440e+00,-5.907565705324487659e+00,-1.840164406054930701e+00
3.798049887962248405e+00,-5.908294983529380318e+00,-2.035407199762099051e+00
3.803398575072629573e+00,-5.909167361209815006e+00,-2.264631517450162335e+00
3.781520363198169754e+00,-5.946592086777911845e+00,-2.290295056134433516e+00
3.781850392311441045e+00,-5.958538606171668306e+00,-2.282205147896847475e+00
3.789942053511436093e+00,-5.964077621089623804e+00,-2.323156737831134855e+00
3.788753794814228915e+00,-5.970435331985812333e+00,-2.168048557527332498e+00
3.737498648962055192e+00,-6.045242919458045705e+00,-2.176761181698753767e+00
3.681513463603286684e+00,-6.123505307292181676e+00,-2.179104719857783756e+00
3.627374098712127903e+00,-6.199888857092970440e+00,-2.177810929310623589e+00
3.570488663778135674e+00,-6.280912103813927061e+00,-2.176598641580155924e+00
3.511254580697463989e+00,-6.363454866833655466e+00,-2.175180034012397012e+00
3.452049765178702767e+00,-6.446268235485644205e+00,-2.173310997025630353e+00
3.393264925820054678e+00,-6.528947299775451185e+00,-2.110318116601455074e+00
3.357759315701151159e+00,-6.590317467994390555e+00,-1.922417885136425308e+00
3.346362806728383266e+00,-6.622626732477976397e+00,-1.731291994738701323e+00
3.341145301815083180e+00,-6.653884396227951470e+00,-1.536303391588855760e+00
3.343583909664896936e+00,-6.686621582831022259e+00,-1.325615065136058091e+00
3.352174465560750161e+00,-6.713681403628941169e+00,-1.140417351880110841e+00
3.365724016325326584e+00,-6.742111906292814538e+00,-9.815797324652724143e-01
3.347102225979109669e+00,-6.761980643182078587e+00,-8.709665308972280862e-01
3.360237972717892596e+00,-6.751172986846320612e+00,-5.569974936909604102e-01
3.370285803951705184e+00,-6.743118994109011055e+00,-3.110206546161481400e-01
3.380471824934516700e+00,-6.761420868534939288e+00,-1.922128178326487080e-01
3.379511783203374087e+00,-6.769794426249351460e+00,-2.267875095814744432e-02
3.379617996032764360e+00,-6.780030684425274679e+00,2.036844919413943467e-01
3.379148369107807248e+00,-6.790592229204092334e+00,4.116575649838917772e-01
3.388238746813585944e+00,-6.799839455480763739e+00,5.670423400847832696e-01
3.386139604749891507e+00,-6.804314153963517242e+00,8.376893084713927795e-01
3.383813280429400105e+00,-6.806073358610142066e+00,1.025629076120449401e+00
3.382768456707325289e+00,-6.807726808492822634e+00,1.260489518503241646e+00
3.380461324773976983e+00,-6.808256095278646391e+00,1.534963864127431465e+00
3.377518444262346708e+00,-6.807915301518030482e+00,1.735021114484908589e+00
3.374783737828864094e+00,-6.807284122606358068e+00,1.917582159453850910e+00
3.370280004900559678e+00,-6.807126468235194849e+00,2.123190080232008725e+00
3.363891742014227582e+00,-6.806087181726371504e+00,2.372071994878140799e+00
3.357913623249070501e+00,-6.797398941813848516e+00,2.550201782452683918e+00
3.347978207299252773e+00,-6.789829872542210154e+00,2.696472570315790129e+00
3.318895765972587064e+00,-6.769009902556679670e+00,2.574103976257646309e+00
3.305004089026224445e+00,-6.754939500758512239e+00,2.396622029333285386e+00
3.307008438554699836e+00,-6.756094258372341343e+00,2.169424946648659702e+00
3.315030570320853798e+00,-6.754933233350508992e+00,1.949619832662806251e+00
3.316393009737183650e+00,-6.754607228214682735e+00,1.764129297126909801e+00
3.314038819511309075e+00,-6.753339817353365859e+00,1.558364345235383919e+00
3.314352420307840497e+00,-6.750118704088407640e+00,1.346956315446868446e+00
3.314187191021032763e+00,-6.747025061325056861e+00,1.155172214579915924e+00
3.317246829774775030e+00,-6.739312103767106876e+00,9.637107237497976042e-01
3.332863380447573132e+00,-6.719594680444712864e+00,7.900477635412599398e-01
3.333381280279031245e+00,-6.715370797933492675e+00,5.990831248486536698e-01
3.333462708460580348e+00,-6.712500237354284138e+00,4.164366297164330266e-01
3.333291330480484760e+00,-6.710319534048777790e+00,2.398762883672588830e-01
3.332545267663598931e+00,-6.706611489657071878e+00,1.613201235222988528e-03
3.333235085943283327e+00,-6.703075036368129069e+00,-2.030322205806706914e-01
3.333702693061204592e+00,-6.699491149501460185e+00,-4.383979727001811599e-01
3.333186654145332550e+00,-6.696176511251110242e+00,-6.618121299278313385e-01
3.332887198268165818e+00,-6.693710467681087906e+00,-8.551785979011374828e-01
3.332502361160933457e+00,-6.690543672474412062e+00,-1.078382285441452648e+00
3.332783536079754860e+00,-6.687456755315107415e+00,-1.304069689501268448e+00
3.334763051986980642e+00,-6.685143488686178692e+00,-1.490534704765550611e+00
3.337613499625895486e+00,-6.683093513398988605e+00,-1.706975468909194715e+00
3.341533846192584978e+00,-6.681376054121629160e+00,-1.934032618502923295e+00
3.344771416861118229e+00,-6.681073642081191366e+00,-2.126942826696460287e+00
3.348266610084788208e+00,-6.682123521229507368e+00,-2.350889181921709703e+00
3.351684060751954242e+00,-6.683696213262260599e+00,-2.579114995161302826e+00
3.355126614204099855e+00,-6.685110620803066617e+00,-2.837407178377036487e+00
3.358328526970317807e+00,-6.686231267018678537e+00,-3.077530780606214655e+00
3.362517298971537283e+00,-6.701977042609396307e+00,3.008970512670122499e+00
3.362540007188194568e+00,-6.704126190157826848e+00,2.833149297087963259e+00
3.361850540560920031e+00,-6.707283611014166702e+00,2.593103981726460283e+00
3.361544013376104978e+00,-6.710326249553153488e+00,2.370658382073902004e+00
3.362300187431149112e+00,-6.712304807497392112e+00,2.195434174298105834e+00
3.344223177944937397e+00,-6.720845393460807671e+00,1.983015745552062947e+00
3.327596389847068181e+00,-6.727369271842681187e+00,1.779551406765148114e+00
3.327656151437285992e+00,-6.728204059968283524e+00,1.602489885771041234e+00
3.325811473826298048e+00,-6.728498746946990572e+00,1.361583382191073222e+00
3.323805563505438432e+00,-6.727734489307916732e+00,1.104482501532430438e+00
3.322094601258164914e+00,-6.724054968517604536e+00,8.771651821590521481e-01
3.321313605254188062e+00,-6.720921775080517691e+00,6.424762718696057640e-01
3.409552160760827899e+00,-6.664875816442416223e+00,5.500274622680029202e-01
3.499059728434414041e+00,-6.613936540356309735e+00,4.543959716719556674e-01
3.596115292229531413e+00,-6.573593820333233140e+00,3.147373548067207705e-01
3.673913506766895321e+00,-6.552031987733501595e+00,1.419243736990953852e-01
3.724948850639332232e+00,-6.546722603634802518e+00,4.242350904817736995e-03
3.828772720829194842e+00,-6.545479660291075419e+00,-1.054460631661532921e-02
3.835967436831004829e+00,-6.542898469153585417e+00,1.851682879721417152e-01
3.945388888340101818e+00,-6.531427562651653140e+00,2.330986639648551795e-01
4.048630258706225504e+00,-6.509194979483414301e+00,2.272037186578259316e-01
4.150478989100843563e+00,-6.486337156333124021e+00,3.136079293865507989e-01
4.244313638980836245e+00,-6.445747855858193986e+00,4.706850969986645650e-01
4.336618757871654850e+00,-6.401823619663564280e+00,4.869810743432348432e-01
4.429226924629358741e+00,-6.355134976768046506e+00,6.132082285905953167e-01
4.512194924474162150e+00,-6.296104664523939576e+00,7.170260613448536935e-01
4.578173684575668645e+00,-6.242289929028948414e+00,6.470810330226032248e-01
4.552381248899023625e+00,-6.217626692025282509e+00,5.311951880923675429e-01
4.555663244768188846e+00,-6.216493656251373068e+00,3.117413297883030454e-01
4.557712701101751307e+00,-6.214970317575206238e+00,7.628977779720563790e-02
4.559019138761584600e+00,-6.214621716669174845e+00,-1.655537171609375302e-01
4.560211377199158811e+00,-6.213744918529396699e+00,-3.983484047350834278e-01
4.560703180943526114e+00,-6.213463550979223093e+00,-6.677655572005645190e-01
4.561489490837233873e+00,-6.212536519473497165e+00,-8.701702509392155171e-01
4.564150778689808341e+00,-6.212135694115853646e+00,-1.109764052047385707e+00
4.546913079917225708e+00,-6.219654295228338015e+00,-1.332681358650393388e+00
4.577294493913496964e+00,-6.220719637966032778e+00,-1.496939105752490118e+00
4.580316421706235985e+00,-6.221783360841815380e+00,-1.690604575977297408e+00
4.584868108223915328e+00,-6.223245841018849589e+00,-1.941560268949209078e+00
4.587447890489988467e+00,-6.224131557858154196e+00,-2.121011762962146996e+00
4.591533964935972101e+00,-6.228088496519242234e+00,-2.399627992017089095e+00
4.595176464958221629e+00,-6.231971659952255216e+00,-2.595859360741286981e+00
4.584783715748392829e+00,-6.246577246750446122e+00,-2.778046581591524511e+00
4.588626562149601185e+00,-6.250387160456662983e+00,-2.963192957421845630e+00
4.592857018286819581e+00,-6.259768886535049148e+00,-3.124927366884179047e+00
4.590807711673821956e+00,-6.268172524917863697e+00,2.987401620579248185e+00
4.591291165071405445e+00,-6.268057146013871872e+00,2.800886998768697733e+00
4.588297914038613534e+00,-6.273709865158563659e+00,2.625292342721371686e+00
4.588190537421528603e+00,-6.274070203768871146e+00,2.437867618273401593e+00
4.589529796804248996e+00,-6.273556952022534716e+00,2.252063837129899770e+00
4.580275189321623586e+00,-6.291683041919324815e+00,2.091340440757810448e+00
4.582283353751042121e+00,-6.292274887132979444e+00,1.910581379592535933e+00
4.583922483925402247e+00,-6.292813489607048005e+00,1.724604935191510702e+00
4.585177667060006179e+00,-6.293291912893826279e+00,1.539628503775721358e+00
4.585347995159216872e+00,-6.290467365826506452e+00,1.355006970683866552e+00
4.571433093338319154e+00,-6.276860155067713443e+00,1.186401639004696307e+00
4.571765999072310294e+00,-6.276686899019387589e+00,9.992144597099781311e-01
4.571233844758707754e+00,-6.274727252869325866e+00,8.164270567695723901e-01
4.570293891981170198e+00,-6.272963889879701327e+00,6.272892110945863520e-01
4.566704763774071196e+00,-6.267446306910475329e+00,4.387433169957512535e-01
4.560652413935563310e+00,-6.262781699978575034e+00,2.470165278568996758e-01
4.554748391889666514e+00,-6.259583444176775480e+00,4.733776206047708018e-02
4.549609274271352533e+00,-6.255479919151558654e+00,-1.503952993076758116e-01
4.558564825186751435e+00,-6.255116747596423998e+00,-3.555082146134792564e-01
4.553767020642187191e+00,-6.251982275811343470e+00,-5.559430387223728287e-01
4.549640040775579486e+00,-6.248526645764577836e+00,-7.602719979212377854e-01
4.565511077053134414e+00,-6.238205103383727135e+00,-9.652408882821261749e-01
4.554012472955081492e+00,-6.239778392502617343e+00,-1.192507083808425072e+00
4.555172717653381831e+00,-6.237597106929690050e+00,-1.381193372272241815e+00
4.556133848796997121e+00,-6.234968750282337879e+00,-1.560877666673053277e+00
4.558015598099524723e+00,-6.233243775451827062e+00,-1.736904077712321914e+00
4.560525978932467694e+00,-6.232760595863847897e+00,-1.915025985433083999e+00
4.562993905967324793e+00,-6.233651620556320161e+00,-2.099700586362957644e+00
4.551728776030589785e+00,-6.250937995390549062e+00,-2.225707733560969181e+00
4.490839088415073732e+00,-6.328025692367887700e+00,-2.210398836845146597e+00
4.428291683133562806e+00,-6.408185031624641148e+00,-2.296761913344518291e+00
4.346429325688609957e+00,-6.480500636139480797e+00,-2.464256512458751214e+00
4.308694523516670927e+00,-6.504372326742783983e+00,-2.506881931366290672e+00
4.219144350096724949e+00,-6.559173882058613181e+00,-2.535006590288155337e+00
4.142595543198855701e+00,-6.615414038111886441e+00,-2.344171484237351333e+00
4.109530632862233190e+00,-6.651953362017934523e+00,-2.141947765701862849e+00
4.084474991069109606e+00,-6.694581145111275333e+00,-1.931519100342445894e+00
4.068953776364760522e+00,-6.741729453325089771e+00,-1.720738925926549312e+00
4.063575069461530909e+00,-6.788132504009885437e+00,-1.518732642881432282e+00
4.067472967011397600e+00,-6.833173952172886700e+00,-1.317559307550967507e+00
4.070529659235571529e+00,-6.890546863810252276e+00,-1.178520385013886784e+00
4.095138320406197963e+00,-6.926419140692109622e+00,-9.866912927297588620e-01
4.129466219682593753e+00,-6.960281091043486690e+00,-7.792885848335479038e-01
4.178059528694807234e+00,-6.990275973359831418e+00,-5.586380801207477820e-01
4.204478640482052221e+00,-7.014275417631095522e+00,-5.148683542752298115e-01
4.275642191410369719e+00,-7.044535357667179198e+00,-6.528858276450837383e-01
4.285502386510075645e+00,-7.076204707729412569e+00,-5.400518115492179971e-01
4.311732500309691574e+00,-7.115966445882749625e+00,-4.279318989222543057e-01
4.320578935748789817e+00,-7.119163357395780878e+00,-2.368314187395131887e-01
4.331340638124940412e+00,-7.121364296399588234e+00,-6.913337140990541418e-02
4.433162549122943830e+00,-7.122442182394719268e+00,-4.551145261295368866e-02
4.538291739756285637e+00,-7.125874405566907654e+00,-5.646665803821436513e-02
4.563878826107238496e+00,-7.127010015494101403e+00,1.001828003677882190e-01
4.667630072213553305e+00,-7.115743475235631443e+00,1.450057520024121138e-01
4.738344643108494125e+00,-7.109704525703525846e+00,2.776503857281223397e-01
4.818499873582902993e+00,-7.070527982192280625e+00,1.901264529234923117e-01
4.881489009845329186e+00,-7.082809626961516614e+00,2.965346561248683455e-01
4.914913394941421210e+00,-7.082488338735404731e+00,4.622833543929640854e-01
4.904978779267511690e+00,-7.048343054717773448e+00,7.312349104724787940e-01
4.957740628923073878e+00,-7.020130170250316937e+00,7.386308371721114208e-01
4.987976760659602604e+00,-6.982427052768395370e+00,5.741982572816074493e-01
5.081216461055543476e+00,-6.937633447761260008e+00,5.703337528038215920e-01
5.151167266047057325e+00,-6.894811250919409495e+00,7.288078691754833471e-01
5.228459626478463740e+00,-6.814078971410787666e+00,8.424723135999035994e-01
5.283831188110149846e+00,-6.767768570592938460e+00,9.517100664077250416e-01
5.308739672975692159e+00,-6.767768236134694249e+00,1.080472213249625391e+00
5.310142401755992836e+00,-6.767849239061262345e+00,1.285969860900569639e+00
5.311625943343548428e+00,-6.769505206431707833e+00,1.490799768372118361e+00
5.313635795039899357e+00,-6.770051466941964691e+00,1.714586269629643223e+00
5.314862819318213916e+00,-6.769828040814070746e+00,1.894203496937408193e+00
5.316274730513660174e+00,-6.769398171312452028e+00,2.109963095014632639e+00
5.317515181295161319e+00,-6.768773815489591783e+00,2.321888420523251728e+00
5.318350617771000266e+00,-6.767360305325976988e+00,2.562046796268501847e+00
5.318456066576456642e+00,-6.765478195885032520e+00,2.778678456870644187e+00
5.319118012997033240e+00,-6.734717010967494311e+00,2.835036576748624526e+00
5.315959768731918444e+00,-6.733950197350158540e+00,3.018953356717113845e+00
5.309525667530373916e+00,-6.734057088574510352e+00,3.059721232182189166e+00
5.287568938518449002e+00,-6.733664469237635508e+00,2.898925427797738319e+00
5.286649271612731127e+00,-6.736249820461786442e+00,2.722310053346559400e+00
5.294019415667494677e+00,-6.731367941677576461e+00,2.529093402744158059e+00
5.271217787234073526e+00,-6.726467301143975952e+00,2.382641556168357599e+00
5.266481682525494534e+00,-6.705577672251487265e+00,2.558664636591204022e+00
5.265528308283554004e+00,-6.697850932611035368e+00,2.733242695710002668e+00
5.265583360966127557e+00,-6.697092357295855614e+00,2.945386097252915114e+00
5.264533963291139429e+00,-6.696203780699167218e+00,3.123412749664700172e+00
5.262884607418940597e+00,-6.695952029206723388e+00,-2.969819500766663456e+00
5.260343570147585801e+00,-6.696097990354286544e+00,-2.764905077083285256e+00
5.257898752169420931e+00,-6.696631577161082483e+00,-2.568107874112957489e+00
5.256535766994666403e+00,-6.696649475243521721e+00,-2.373323734702686316e+00
5.253974003310967866e+00,-6.697900700682986930e+00,-2.172937816876513217e+00
5.203323641983375936e+00,-6.776866671876587311e+00,-2.078977214021746622e+00
5.114029663425100125e+00,-6.802192902839229838e+00,-2.226903326346754586e+00
5.085314176786175366e+00,-6.883043636110667940e+00,-2.282114777949387108e+00
5.021082027868689401e+00,-6.952536792326927007e+00,-2.284722424571760779e+00
4.952872351233993164e+00,-7.026520273907051362e+00,-2.283341767254747801e+00
4.890661673620104288e+00,-7.101493702515682571e+00,-2.280626846271450958e+00
4.831973898385958144e+00,-7.186587288105952709e+00,-2.311469351759309454e+00
4.775416560921977194e+00,-7.245963331393308060e+00,-2.501976332296936611e+00
4.718931870208868062e+00,-7.285934144764864229e+00,-2.671520287752266576e+00
4.641874280311416356e+00,-7.320139950966765952e+00,-2.882051068576484631e+00
4.572709719670877249e+00,-7.351224688688702713e+00,-2.988057594171402709e+00
4.496855643345401887e+00,-7.355005548532708382e+00,3.103683728892181026e+00
4.489339376120699221e+00,-7.376024748065100667e+00,2.994144446897197831e+00
4.470114024559487476e+00,-7.374012681927807122e+00,2.803106009335712301e+00
4.453506587902078984e+00,-7.370749091624881011e+00,2.619367470741630566e+00
4.443872942778973822e+00,-7.369165332443335714e+00,2.387396919762559744e+00
4.439084034645381038e+00,-7.369268787989724956e+00,2.186746487069295863e+00
4.434997730490850110e+00,-7.371127881473269916e+00,2.000258509888718006e+00
4.430401264484518542e+00,-7.372208841133431889e+00,1.797202385239447864e+00
4.423763737937647988e+00,-7.372997954886789884e+00,1.557364746835622871e+00
4.418245859327068814e+00,-7.373239059671390372e+00,1.381753765114562604e+00
4.411281407663069309e+00,-7.372734549433928919e+00,1.153707357273250578e+00
4.406490043452355287e+00,-7.362909867576487244e+00,1.001333294692692721e+00
4.409222812626018673e+00,-7.343165930595747959e+00,8.014323321425212976e-01
4.425949598901399717e+00,-7.315991693188011347e+00,6.403813344388765705e-01
4.423994593925966612e+00,-7.313113662134193227e+00,4.222992369139900726e-01
4.420661668340594375e+00,-7.310601236594332697e+00,2.170979980169935042e-01
4.416597081896879828e+00,-7.307557267730275363e+00,2.462441203744088550e-02
4.412715244815840876e+00,-7.304538285514269091e+00,-1.859077147445529488e-01
4.408499547074961278e+00,-7.301011217252421304e+00,-4.389222782436162928e-01
4.405161304920077292e+00,-7.298098637214298634e+00,-6.314120088674763931e-01
4.402450443939120106e+00,-7.295218350573175137e+00,-8.119845791026397697e-01
4.400422169045242526e+00,-7.292230705689799031e+00,-1.038838949771482945e+00
4.398507211523410732e+00,-7.289482554965421635e+00,-1.219850107260905592e+00
4.397275562451285147e+00,-7.285443687988297334e+00,-1.415363529012449106e+00
4.416075586004956754e+00,-7.300894340524742177e+00,-1.531262301180574825e+00
4.405801516172020982e+00,-7.296541872414239016e+00,-1.734586746872765595e+00
4.396548501860373825e+00,-7.291916482873382677e+00,-1.937750330317700831e+00
4.365984839709213361e+00,-7.374986778574129431e+00,-2.062949205251865425e+00
4.310543203725446304e+00,-7.457783105836233162e+00,-2.225607191932710283e+00
4.249649387133942469e+00,-7.535296356579057608e+00,-2.324791765171289271e+00
4.169954390564683422e+00,-7.613849092873696378e+00,-2.381149016585970113e+00
4.087637142496488352e+00,-7.683004390592082622e+00,-2.444539073740617852e+00
4.000023357386437439e+00,-7.750217924860141494e+00,-2.502764499236002305e+00
3.918278662141107205e+00,-7.810294561747832098e+00,-2.542882856930237079e+00
3.835613234276531447e+00,-7.866872429657155052e+00,-2.542763979658167361e+00
3.749879733077751798e+00,-7.923685364291189082e+00,-2.545719136063321564e+00
3.658577098568839059e+00,-7.980670188372705809e+00,-2.553158381559857304e+00
3.573991314301464328e+00,-8.038282147656351739e+00,-2.559080521098801686e+00
3.569753768508956870e+00,-8.048796146995389478e+00,-2.725698616884919545e+00
3.567367337845315234e+00,-8.048006777270646950e+00,-2.895007122770230534e+00
3.496664815379974645e+00,-8.063417996891043771e+00,-3.075927563171413137e+00
3.475979344959116535e+00,-8.063817604564597730e+00,3.023635302119169310e+00
3.453808420953524916e+00,-8.060021360887052566e+00,2.850945723499123119e+00
3.369566483484786268e+00,-8.030030577497390354e+00,2.686872054013659028e+00
3.362568271491528371e+00,-8.027753290693578236e+00,2.507513108339598951e+00
3.356139880534732889e+00,-8.024424656236391229e+00,2.330156227466335217e+00
3.350118381660561084e+00,-8.019651896258169543e+00,2.150646734236749680e+00
3.345363856028891192e+00,-8.014544374438850483e+00,1.971355027992548914e+00
3.340509982990483184e+00,-8.005374374586343933e+00,1.781682877428219181e+00
3.337213831679453957e+00,-7.997446567858169431e+00,1.605253755495018364e+00
3.335673652329327332e+00,-7.990651621297613083e+00,1.427780772824958300e+00
3.334890415062572444e+00,-7.983370227951964715e+00,1.247786154116635959e+00
3.335652465074806283e+00,-7.976168233741587343e+00,1.068398641489171297e+00
3.338935924626755369e+00,-7.967378595381029882e+00,8.850605545142695707e-01
3.345481674395152538e+00,-7.957467295005764107e+00,7.028571176770161966e-01
3.351399434213889528e+00,-7.950525472641278846e+00,5.245926588374468791e-01
3.365200372019569119e+00,-7.941707030603588180e+00,3.417240689236786810e-01
3.373076996808468841e+00,-7.928461373720397276e+00,1.854878622108587227e-01
3.383576068880358001e+00,-7.921189864797135272e+00,8.127573915928706927e-03
3.391816333257882565e+00,-7.926045891786588804e+00,-1.799206464547868090e-01
3.402304758495841686e+00,-7.935151130901439309e+00,-3.733224069170247850e-01
3.419202492583006681e+00,-7.939872709799297823e+00,-5.162813486712189981e-01
3.470122885294276482e+00,-7.938881177980366743e+00,-6.211812526226226927e-01
3.486613315220818521e+00,-7.951903952769835193e+00,-7.865178445221450154e-01
3.487446866035701643e+00,-7.951531772430251443e+00,-9.697643889324568667e-01
3.488838569571046655e+00,-7.951300667623649510e+00,-1.179220435373024234e+00
3.490257323390094424e+00,-7.952051450270182897e+00,-1.375384982922327692e+00
3.491631003504319430e+00,-7.953047696205434391e+00,-1.560404114295404598e+00
3.493233826893697103e+00,-7.954701209270814033e+00,-1.768769830866421255e+00
3.494585499057071498e+00,-7.956418987693655076e+00,-1.954957781277444795e+00
3.494832226120111685e+00,-7.959310126855770662e+00,-2.164169656149045107e+00
3.494736540586258045e+00,-7.962348641691286311e+00,-2.359761038229041930e+00
3.494216523530523588e+00,-7.965146009622710466e+00,-2.542903674072501730e+00
3.492862213670353544e+00,-7.968122268502421335e+00,-2.752888269702602475e+00
3.432978890166960895e+00,-7.987571710391098811e+00,-2.920777531268831773e+00
3.394539708567633873e+00,-7.994115171006847653e+00,-3.081966157344148804e+00
3.389428772754441432e+00,-7.995038209932492812e+00,3.022730362476365507e+00
3.381940075062829898e+00,-7.994293808439318916e+00,2.837372240613565300e+00
3.375561180911180070e+00,-7.992976346686600841e+00,2.676571110049737356e+00
3.347088434969459403e+00,-7.977944571037041577e+00,2.523413545703454997e+00
3.344672483103379168e+00,-7.976321095255110016e+00,2.344135124460674735e+00
3.344942056869478098e+00,-7.977678505167185463e+00,2.161472192377960955e+00
3.339990240589934878e+00,-7.968927531986738089e+00,2.018965778945251088e+00
3.299101249453430640e+00,-7.877968361867375258e+00,2.048680401685044394e+00
3.294654520544571863e+00,-7.867321279890336250e+00,2.225255770969717606e+00
3.273851099976357926e+00,-7.841923208441918369e+00,2.383649727165796595e+00
3.272576364928342141e+00,-7.839163551579859224e+00,2.562153986109065862e+00
3.269885484023880462e+00,-7.836332115355987504e+00,2.742939258019732485e+00
3.266424429254101813e+00,-7.833539085346701292e+00,2.855523100584222984e+00
3.245592493515812915e+00,-7.824196657001920130e+00,2.704522828203968388e+00
3.153942929678139606e+00,-7.780921450615783108e+00,2.705160402502015060e+00
3.071136951187073194e+00,-7.740740113378284271e+00,2.897656127728984288e+00
3.068726777132916528e+00,-7.738323960165253368e+00,3.109180269305106492e+00
3.066021705213549442e+00,-7.735900276025658329e+00,-2.986348084009911030e+00
3.062716211711359993e+00,-7.734141347508883158e+00,-2.774059525989486463e+00
3.060398011992243372e+00,-7.732489051804047442e+00,-2.530562281024844928e+00
3.057766246926402864e+00,-7.731005011124811865e+00,-2.349643796929155926e+00
3.054432727793040314e+00,-7.730631600952023952e+00,-2.129245134052917710e+00
3.051767412693285220e+00,-7.730125378437707084e+00,-1.878054151123370152e+00
3.049240650096347593e+00,-7.731016605659830176e+00,-1.632760873734911300e+00
3.046912511223383913e+00,-7.734862443837774215e+00,-1.416844830018615609e+00
3.046227611323416351e+00,-7.738489066815196438e+00,-1.219157029543368242e+00
3.047005273711911322e+00,-7.741277890533737605e+00,-9.848843792981634149e-01
3.047700134230315161e+00,-7.742997157966129862e+00,-8.081402959261064778e-01
3.049304357478165528e+00,-7.746209590436052395e+00,-6.324078214198748382e-01
3.131020656085509835e+00,-7.818267147712994358e+00,-6.039073400889301002e-01
3.218387579754964811e+00,-7.879465633645019729e+00,-6.129510268153210983e-01
3.308942771761710588e+00,-7.943233421425732743e+00,-6.236702275367164150e-01
3.400486187822452155e+00,-8.003100811828302241e+00,-6.133606158825974930e-01
3.470569011678388716e+00,-8.068882918945625704e+00,-4.784747256690179973e-01
3.472779579323594490e+00,-8.043349165454491967e+00,-2.357555382949999279e-01
3.487303038062409932e+00,-8.040743700096614432e+00,-6.386843891527443917e-02
3.534090363583016980e+00,-8.057819333308801291e+00,4.858459252791440253e-02
3.627017633760295290e+00,-8.053354579267340441e+00,4.005665033227664984e-02
3.642928310156769101e+00,-8.064752201864859416e+00,1.870096202354779580e-01
3.661499339473706094e+00,-8.066345472823481799e+00,3.624272536572302195e-01
3.647197962918792946e+00,-8.092734242720680982e+00,6.169548107266779047e-01
3.695139146691189591e+00,-8.050729015410407641e+00,7.127577395314689257e-01
3.729513078108511959e+00,-8.011324739873545653e+00,8.526781053654656217e-01
3.749701079014848837e+00,-7.979467502745395180e+00,1.028685689602232500e+00
3.761967592791648052e+00,-7.955078249626430953e+00,1.187077532240286226e+00
3.771509975006641202e+00,-7.927037482552407255e+00,1.354289306586726749e+00
3.775823052575700611e+00,-7.878300945936778987e+00,1.517590668997738756e+00
3.771747273954200619e+00,-7.894589054958501606e+00,1.617033380329882641e+00
3.770481371394069914e+00,-7.882318041248164597e+00,1.793212516549806956e+00
3.764314496559571843e+00,-7.851705743054471220e+00,1.724126645457034090e+00
3.769716352889040945e+00,-7.887320036159306547e+00,1.571139343236191532e+00
3.769810948930897965e+00,-7.865373772843359923e+00,1.362123642235805843e+00
3.768997818569019831e+00,-7.859059542430654410e+00,1.187047572689324815e+00
3.778459347126241319e+00,-7.833216731047058623e+00,1.013479134729554643e+00
3.794424663391557484e+00,-7.807117379585436723e+00,8.229086466975408243e-01
3.820996463737457383e+00,-7.781464898498304805e+00,6.272043550395122180e-01
3.849909260125948141e+00,-7.744877102007730940e+00,5.557005021447807280e-01
3.879856282232128972e+00,-7.736004504836825113e+00,5.875498369669601706e-01
3.889864628086370679e+00,-7.718051713680068815e+00,4.988350980771629195e-01
3.904949158111640894e+00,-7.738064813072764281e+00,3.414081578236505266e-01
3.950513145295807771e+00,-7.729614908313708455e+00,1.494887423210039812e-01
3.964522878286004470e+00,-7.728620023306623565e+00,1.380036260364931044e-01
3.956792708392795621e+00,-7.727204817794449454e+00,3.514196950794267749e-01
3.966164395439176982e+00,-7.743226906894104644e+00,4.845990379409769178e-01
3.964632245185543358e+00,-7.742416178988804631e+00,6.685525207227998035e-01
3.963955252052600464e+00,-7.741293866828081960e+00,8.752982725459851343e-01
3.963792200920854381e+00,-7.739413154445969667e+00,1.076405895251666855e+00
3.963232207721233191e+00,-7.736782307147960225e+00,1.262041412437883814e+00
3.962784396361786587e+00,-7.734041805843344441e+00,1.447535453785231407e+00
3.962049870862843548e+00,-7.729978885408917755e+00,1.649485580431315990e+00
3.960654068820782303e+00,-7.726138538677714607e+00,1.831858704349070166e+00
3.959017461424424678e+00,-7.720984062869707287e+00,2.004980273540752922e+00
3.909334220309283570e+00,-7.621539459738859712e+00,2.014677282995028129e+00
3.860645030358769603e+00,-7.521678730397784562e+00,2.015121223502505998e+00
3.812613086374483817e+00,-7.423797494129968477e+00,2.020398997279120312e+00
3.760066327443516876e+00,-7.322978034437198858e+00,2.066227700882815821e+00
3.703027635283027585e+00,-7.239292302490786035e+00,2.218187621784156516e+00
3.630910523780474186e+00,-7.164381059595578805e+00,2.401508184511006672e+00
3.576290364252012299e+00,-7.122080012391983850e+00,2.514487439500282306e+00
3.484626688341973200e+00,-7.063912172383135513e+00,2.610834607559267440e+00
3.389143658076958499e+00,-7.005943007795563560e+00,2.575824170628981502e+00
3.344362875140121982e+00,-6.977979863468010358e+00,2.388344222109149317e+00
3.310079388152178392e+00,-6.949446966183259633e+00,2.193225257964861452e+00
3.278581359963871567e+00,-6.921646977597183614e+00,2.014932135560052462e+00
3.267740987868870128e+00,-6.891367490939873441e+00,1.802347749476583827e+00
3.274690260110681095e+00,-6.863911484542298602e+00,1.603717227363498532e+00
3.278784176118242133e+00,-6.839101758485566229e+00,1.419048776889966224e+00
3.280663118711151682e+00,-6.835390333959299625e+00,1.497348485995376066e+00
3.281901545013794053e+00,-6.835848428242957908e+00,1.690310409390440194e+00
3.269184850762469008e+00,-6.836822449555840286e+00,1.891713216748110549e+00
3.266193378107254297e+00,-6.835421993146865383e+00,2.097757910614332477e+00
3.266566522947932594e+00,-6.833494399410425579e+00,2.271730064222488465e+00
3.266468375200128893e+00,-6.830318224469297483e+00,2.458751088152783648e+00
3.250749563245337370e+00,-6.817635305854559569e+00,2.634294301328560906e+00
3.162670619592191645e+00,-6.771094132580690150e+00,2.666201635708600470e+00
3.070801912707031622e+00,-6.722751616609586200e+00,2.665690804128409752e+00
2.981424107822165048e+00,-6.675829318970023074e+00,2.638168430674461717e+00
2.932706025903308866e+00,-6.645380703514381260e+00,2.476015293190851008e+00
2.932809762292794886e+00,-6.647261814997025731e+00,2.267370446691050923e+00
2.932995271880876498e+00,-6.648868811384256006e+00,2.078446710072216597e+00
2.931990067664306032e+00,-6.650813799279530869e+00,1.884024258442128508e+00
2.930226809074046646e+00,-6.652201438000709288e+00,1.633527834132363132e+00
2.928023936716717124e+00,-6.653023449054511929e+00,1.385297549298225128e+00
2.925921521972254524e+00,-6.653408788648567551e+00,1.191585199276420370e+00
2.923215937864275027e+00,-6.652983632122207780e+00,9.807218768031458200e-01
2.920222476604624973e+00,-6.651253142261916551e+00,7.158486429108944504e-01
2.918014327235104677e+00,-6.649526423258589780e+00,5.262600433726664084e-01
2.915051723850870413e+00,-6.646928041692700795e+00,2.214335078512596477e-01
2.913588524838996108e+00,-6.644809782070872473e+00,4.735353257292993640e-02
2.912279178333912366e+00,-6.642850041327483801e+00,-1.384247574890036525e-01
2.911341400159931148e+00,-6.640462691415981666e+00,-3.295452334848257281e-01
2.910315599166047207e+00,-6.637952170788108397e+00,-5.412456472505835503e-01
2.909904339932776640e+00,-6.635118937911579806e+00,-8.092605956955579716e-01
2.910300155015013157e+00,-6.632992049832328263e+00,-9.995083165157992999e-01
2.911701432724870475e+00,-6.629746278042643937e+00,-1.303630073055847438e+00
2.914033450633817690e+00,-6.627567760410332909e+00,-1.570317449891989625e+00
2.915853825260763088e+00,-6.626667562108014664e+00,-1.749401964353248573e+00
2.918192663827126498e+00,-6.625752895275377696e+00,-1.958905632612093495e+00
2.920922857103966930e+00,-6.625737153448263861e+00,-2.153657357323540911e+00
2.923110154699326113e+00,-6.626232487270080185e+00,-2.338294425229459517e+00
2.925327968964376968e+00,-6.627351054179687395e+00,-2.515607056304705491e+00
2.927662321953893976e+00,-6.628763582178320846e+00,-2.702206704764332112e+00
2.929824778745494740e+00,-6.630489378523607868e+00,-2.919976708846499402e+00
2.931011696133365430e+00,-6.631938906334115202e+00,-3.104998172552264624e+00
2.932562824101210275e+00,-6.633589662514286722e+00,3.004302841445136263e+00
2.933708357747002005e+00,-6.635668565868590996e+00,2.817603653670903707e+00
2.934349737175531381e+00,-6.638073434188529909e+00,2.604040302209269075e+00
2.934939534981927167e+00,-6.639839444150997139e+00,2.425448230551416007e+00
2.934716204798139216e+00,-6.642258761199926198e+00,2.235380018803361235e+00
2.933515728159691527e+00,-6.645972019454102764e+00,1.929404370328662077e+00
2.931893134302248960e+00,-6.647401951620667049e+00,1.755372439457366207e+00
2.930499591168935325e+00,-6.648238042801370540e+00,1.565331283608242474e+00
2.928252679054695662e+00,-6.649147990850316603e+00,1.374646274825537695e+00
2.925763465262660290e+00,-6.649746281991684604e+00,1.163469214330686619e+00
2.922656039909073300e+00,-6.648722435149853283e+00,8.975731512222595576e-01
2.920358325891470042e+00,-6.647257715530670907e+00,7.100849269152149645e-01
2.918095725927599915e+00,-6.645670854118234772e+00,5.361044608809637513e-01
2.915721924765257267e+00,-6.643854668928705465e+00,3.113464320419074838e-01
2.914563831548117268e+00,-6.642003892589947611e+00,1.375983572862306548e-01
2.913381138816553140e+00,-6.639877676117006189e+00,-5.318794783044475394e-02
2.911974190640423288e+00,-6.636647757204801046e+00,-3.575578585209722715e-01
2.910631803227814896e+00,-6.633402761612098075e+00,-6.255380396463116055e-01
2.910522222505828260e+00,-6.631273179315857469e+00,-8.181426110752758607e-01
2.911385793890918894e+00,-6.627729370078343507e+00,-1.123081601448882916e+00
2.913183045492110157e+00,-6.625235951395788803e+00,-1.388254013590003222e+00
2.914804917897312997e+00,-6.623589345051430044e+00,-1.574854274802605980e+00
2.917175584052327242e+00,-6.622495104898455054e+00,-1.777340490430361353e+00
2.919048635879541109e+00,-6.621817455930711027e+00,-1.956625033717614981e+00
2.921829001167794981e+00,-6.621733338626592413e+00,-2.198771601032424527e+00
2.925160789337190259e+00,-6.622726860947063088e+00,-2.461728325886617164e+00
2.927699626649518549e+00,-6.624283063023225004e+00,-2.686859871858374493e+00
2.929829492577874284e+00,-6.625899403140690147e+00,-2.917792964657891730e+00
2.932104257725067775e+00,-6.628064400361066255e+00,3.119715806990130513e+00
2.933732950448360022e+00,-6.630160905286352602e+00,2.904016771550582465e+00
2.934610029121353492e+00,-6.632732219937940599e+00,2.672008891355742488e+00
2.935199812832868460e+00,-6.635643299696750930e+00,2.424970212210565634e+00
2.935093534257011250e+00,-6.638305964720087715e+00,2.207329619669604615e+00
2.934387435462388449e+00,-6.640864694615835617e+00,1.958802738165350998e+00
2.932868926846009305e+00,-6.642683087823594512e+00,1.744083763729862069e+00
2.930697512539046201e+00,-6.643915782459955288e+00,1.514219642050804282e+00
2.928084395144402219e+00,-6.644974958770180962e+00,1.296478191403225511e+00
2.925172792015058310e+00,-6.645336751902258143e+00,1.048993614554490694e+00
2.922641001404318484e+00,-6.643966356355822001e+00,8.215360737869414898e-01
2.919499885379027937e+00,-6.641854858154289332e+00,5.746454699965819479e-01
2.917619151075838690e+00,-6.640062304370480284e+00,3.591575629067162989e-01
2.915897817920582558e+00,-6.637721757451960691e+00,1.093038981318596031e-01
2.914397262126315447e+00,-6.635067940445170009e+00,-1.069908612322942737e-01
2.913420139523880792e+00,-6.632405420458902690e+00,-3.373918037507501189e-01
2.912607747730952212e+00,-6.630091818946826976e+00,-5.531818051896847388e-01
2.911884723075632841e+00,-6.627176054474397837e+00,-8.017097807850019908e-01
2.912063927664099161e+00,-6.624549592594966896e+00,-1.030746775763840217e+00
2.913111279967581790e+00,-6.621886997067430336e+00,-1.276500249568963241e+00
2.914506706700707550e+00,-6.620174104308877538e+00,-1.490797497573319585e+00
2.917344123367723085e+00,-6.618736993807549318e+00,-1.737871101813923458e+00
2.919870533805472235e+00,-6.617680107283078428e+00,-1.956477540842570306e+00
2.922510438795033583e+00,-6.617743992027531164e+00,-2.187829898761054714e+00
2.925802236589935212e+00,-6.618445712235926592e+00,-2.424533376786193628e+00
2.929375417556683292e+00,-6.619252503146431543e+00,-2.597910079286619656e+00
2.931565803972199458e+00,-6.626048725949780227e+00,-2.753953599928470553e+00
2.932568721059764183e+00,-6.627275306379970310e+00,-2.939418542452619576e+00
2.932654318912979896e+00,-6.630705740192372133e+00,-3.108650688945250096e+00
2.930657025538463856e+00,-6.608073812519990042e+00,2.889025571841500994e+00
2.930826906052563352e+00,-6.627957675236213042e+00,2.788196687331454982e+00
2.930578216030951033e+00,-6.629423419444868237e+00,2.604673186184369715e+00
2.886491796938473353e+00,-6.596444034499977072e+00,2.451607246017555308e+00
2.853096895691511481e+00,-6.561335162349977601e+00,2.311139678375719431e+00
2.851623408021094708e+00,-6.558908796365949812e+00,2.392153534444669383e+00
2.775583847826323058e+00,-6.484327168767712202e+00,2.363965059705020355e+00
2.700632285400740074e+00,-6.409901166726482025e+00,2.363436385591128897e+00
2.624835875159067466e+00,-6.334890879569410771e+00,2.363235618281349648e+00
2.547762659304976030e+00,-6.258442964357183058e+00,2.362210487940740400e+00
2.471891247203051645e+00,-6.183285256147403430e+00,2.361783808773542326e+00
2.391767316721393311e+00,-6.103661230367782409e+00,2.360497221235000165e+00
2.315879987056833400e+00,-6.028536250730730295e+00,2.361866340930264041e+00
2.244474939223970900e+00,-5.958226661129162771e+00,2.365470943432379958e+00
2.218854917105614444e+00,-5.946317055367744686e+00,2.232976516284364887e+00
2.218303315118118402e+00,-5.946699454617511371e+00,2.050182164048876654e+00
2.197039480448153448e+00,-5.892480001052541105e+00,1.904081425332041499e+00
2.195955064130753698e+00,-5.887494524677053143e+00,2.039557116258808644e+00
2.192557077789682118e+00,-5.881324959638121186e+00,1.910572041013966826e+00
2.162223135502039373e+00,-5.785018815487659616e+00,1.751941974958063142e+00
2.156514118230862476e+00,-5.721635407791925587e+00,1.584171612801454243e+00
2.163235504053826919e+00,-5.659747469055966818e+00,1.401747132717583444e+00
2.181424785403628164e+00,-5.597261797968656971e+00,1.216827924456127308e+00
2.197489055279163050e+00,-5.561374878771419894e+00,1.172350928265448067e+00
2.198391427432329515e+00,-5.559739121045358168e+00,1.357609264801534099e+00
2.199795450870685176e+00,-5.558089404192107175e+00,1.554854734556208706e+00
2.200846696941934244e+00,-5.556117816629320139e+00,1.735573176357151359e+00
2.193025165333248427e+00,-5.528105929256573958e+00,1.892195492361411935e+00
2.184111154095129237e+00,-5.483054825352511763e+00,2.047201563244384737e+00
2.159005886530024565e+00,-5.451652617424691094e+00,2.240986711381115715e+00
2.140146441864029914e+00,-5.440016865487295128e+00,2.440975033953631801e+00
2.094948560535281779e+00,-5.412522685109775189e+00,2.587996468974514741e+00
2.053073564163335529e+00,-5.395541380540736398e+00,2.775270271785755583e+00
1.973299224582539813e+00,-5.359189364022777902e+00,2.865204111100703166e+00
1.880849229994421501e+00,-5.329563080047868162e+00,2.864524734627367231e+00
1.832603646002680664e+00,-5.315519834696618595e+00,3.017581835347635799e+00
1.830624729370418979e+00,-5.312810859143939801e+00,-3.091952275160453123e+00
1.829380155196702828e+00,-5.310860624637650851e+00,-2.900918821196652342e+00
1.827732098346432466e+00,-5.308850502780898317e+00,-2.726787611762290453e+00
1.825870817866602769e+00,-5.307504130281207821e+00,-2.552325181760342954e+00
1.805950127910219694e+00,-5.318838062765779640e+00,-2.380892347642814322e+00
1.757948241355371310e+00,-5.368529802111210891e+00,-2.240580961469534227e+00
1.715437429173298556e+00,-5.415522576710875668e+00,-2.090464033065864591e+00
1.697470242606400781e+00,-5.456302146660500618e+00,-1.896669061748733842e+00
1.690987909297323011e+00,-5.499863895745083830e+00,-1.697820090351612299e+00
1.686659444770119309e+00,-5.522364014364122831e+00,-1.518860417900817383e+00
1.680111705288897639e+00,-5.523458216348840821e+00,-1.365560295661673251e+00
1.672550631501092511e+00,-5.524170537001238834e+00,-1.210483517185038327e+00
1.671817281819331091e+00,-5.526087632368339442e+00,-1.015510780995354745e+00
1.671496833538001381e+00,-5.527732719970869901e+00,-8.134982386711079316e-01
1.671708126513524961e+00,-5.529637391300827431e+00,-5.895844993537395773e-01
1.671939584421202607e+00,-5.531654200751850325e+00,-3.774254201364273809e-01
1.672771746099952939e+00,-5.533913571566368539e+00,-1.493115033439950112e-01
1.673988917225575301e+00,-5.535907204659666903e+00,3.573031619208317383e-02
1.675967070153885352e+00,-5.538679280407158068e+00,2.989633374760892193e-01
1.678624084672374561e+00,-5.540993861000216292e+00,5.522181497175489007e-01
1.680791179266127866e+00,-5.542244679188435441e+00,7.579763637137431065e-01
1.683028953837335084e+00,-5.543114384350814383e+00,9.493894003104387247e-01
1.685261800403304644e+00,-5.543472658851769985e+00,1.132939568964569155e+00
1.687255008918078225e+00,-5.543049160311287693e+00,1.311840300504402812e+00
1.689288404801224663e+00,-5.542155217821481905e+00,1.522503775450316565e+00
1.690851367182538256e+00,-5.540897414107013752e+00,1.713461494896092896e+00
1.691846476823670509e+00,-5.539425977704973469e+00,1.898094872541444600e+00
1.692833197979646265e+00,-5.537542023391362811e+00,2.078949625122006761e+00
1.693032107247010920e+00,-5.535003435316674825e+00,2.292884773098773366e+00
1.692772781797684756e+00,-5.532983224402690858e+00,2.483758724064427881e+00
1.692381076682130558e+00,-5.530152222148807972e+00,2.679828992589336600e+00
1.691415401896196435e+00,-5.527751763691316711e+00,2.943153023192235818e+00
1.690089229191245712e+00,-5.525601458281849787e+00,-3.129095213106523943e+00
1.688232960002485017e+00,-5.523902735326295499e+00,-2.937414211312108669e+00
1.685389844700323492e+00,-5.521827528929589057e+00,-2.696863233104591639e+00
1.625995924051733432e+00,-5.555404494011924932e+00,-2.528429725813629236e+00
1.602445699913312094e+00,-5.572807322462673518e+00,-2.342174162077406141e+00
1.586935918050156546e+00,-5.588637563232186523e+00,-2.157207377734179143e+00
1.574655759722831450e+00,-5.607226740568748369e+00,-1.969854411707847808e+00
1.555486682202585236e+00,-5.626760119230049817e+00,-1.819515011056911158e+00
1.549921339033038636e+00,-5.647848925760123429e+00,-1.635095523653198102e+00
1.548328962027988087e+00,-5.669503536242571862e+00,-1.450881220474179445e+00
1.550604114319740434e+00,-5.691099970483289638e+00,-1.266581451566338501e+00
1.556956747424456111e+00,-5.711568537176594518e+00,-1.082022043052955906e+00
1.566802425985883929e+00,-5.730851818498797989e+00,-8.968518080940494075e-01
1.579968402047681852e+00,-5.747436362125115217e+00,-7.136984309433656026e-01
1.596039496847413863e+00,-5.761314590615440601e+00,-5.290445140501214283e-01
1.614512484044903662e+00,-5.772185519020778699e+00,-3.440643765616245298e-01
1.634614348213961676e+00,-5.779593468927116895e+00,-1.599130495610282254e-01
1.655748546622322293e+00,-5.782849865959452274e+00,2.536316569521570793e-02
1.677146264368337691e+00,-5.782291985401678325e+00,2.097038322327496040e-01
1.697971905090030598e+00,-5.777713885145788097e+00,3.943666108338772514e-01
1.717964382338923679e+00,-5.769453679753127950e+00,5.801750093543551756e-01
1.735784987079459718e+00,-5.757610123053999551e+00,7.639243770826166235e-01
1.751098539768710660e+00,-5.742787179277906162e+00,9.460525049897148264e-01
1.763136623558588356e+00,-5.724929061203951619e+00,1.131845887522030747e+00
1.771326572620868900e+00,-5.705120459901301899e+00,1.317604356028700519e+00
1.775869401221698674e+00,-5.684460306965220866e+00,1.500412743009996719e+00
1.780325465661403816e+00,-5.661664185486639411e+00,1.676214138064061165e+00
1.772711462935318671e+00,-5.641791409293034576e+00,1.872991874383807653e+00
1.764755112594699415e+00,-5.621217202054141104e+00,2.058591911705806687e+00
1.755221549848055895e+00,-5.601240457981853993e+00,2.239906470340482514e+00
1.741079437500394400e+00,-5.583496471226146340e+00,2.422207675410331440e+00
1.724437512156771657e+00,-5.567448591022468918e+00,2.602242502930436796e+00
1.705134103504833298e+00,-5.554297519605854383e+00,2.786298457001026740e+00
1.684439948065963533e+00,-5.544677217721862839e+00,2.967229283498924453e+00
1.662492814589827006e+00,-5.539483731197615057e+00,-3.133907919420110488e+00
1.640329539432227701e+00,-5.538122802646305409e+00,-2.951420582221476963e+00
1.618712898843561510e+00,-5.540968795035659866e+00,-2.769757407718570708e+00
1.597721008423894196e+00,-5.547647450484482157e+00,-2.586524633887705260e+00
1.578863223271285809e+00,-5.557728091060428532e+00,-2.403745634949808974e+00
1.562523806878917121e+00,-5.570950084703775396e+00,-2.221791738377440595e+00
1.548997459083447881e+00,-5.586877879792501389e+00,-2.038281727964893264e+00
1.532248570708529822e+00,-5.606001965466536063e+00,-1.875289696645021431e+00
1.524249588130174304e+00,-5.627502203812738024e+00,-1.700097480590342824e+00
1.520834314203121540e+00,-5.651296002692774323e+00,-1.518525835199032503e+00
1.521813073835696972e+00,-5.674730804739166246e+00,-1.335294304392916631e+00
1.527296173818873948e+00,-5.697291641958529773e+00,-1.151486750818862204e+00
1.518528677018632811e+00,-5.718398485597841585e+00,-1.021263505267830940e+00
1.531073779161616910e+00,-5.737902332048804510e+00,-8.344840003425925135e-01
1.546561628965734014e+00,-5.754477265783721762e+00,-6.488225810443876140e-01
1.565109815780272973e+00,-5.768697044509123906e+00,-4.611277022201045184e-01
1.585986975700121260e+00,-5.779484125538801642e+00,-2.736064720497732861e-01
1.607888501985261342e+00,-5.786311389469847910e+00,-8.772368536160705943e-02
1.630666802967823292e+00,-5.789211128229553971e+00,9.923277505306585256e-02
1.653516963133198070e+00,-5.788173417943412780e+00,2.872686205447815833e-01
1.675376750660804381e+00,-5.783028086561167846e+00,4.745341139509807737e-01
1.695945370952057996e+00,-5.774077800905024205e+00,6.626010597306732919e-01
1.714444429635950451e+00,-5.761935437191975318e+00,8.496726770358570269e-01
1.729980333097474121e+00,-5.746761185106353587e+00,1.037370389769165069e+00
1.742212597422740039e+00,-5.728908703889080911e+00,1.225855504669850493e+00
1.750251034058605271e+00,-5.709593506756511339e+00,1.413548218987079386e+00
1.759206983256762724e+00,-5.687514605652237876e+00,1.587933625650615133e+00
1.764060106318953380e+00,-5.665210714754830512e+00,1.763778229796375108e+00
1.762278378753247887e+00,-5.644518695154879140e+00,1.946711712159468588e+00
1.757905796162989365e+00,-5.625167635587080994e+00,2.128012374572472165e+00
1.753269539592531290e+00,-5.606717359007065582e+00,2.303782974921018578e+00
1.746059912315691243e+00,-5.590652639104385813e+00,2.475972596766038869e+00
1.728083785583913734e+00,-5.580717233379937525e+00,2.669729123780202773e+00
1.707783818383924013e+00,-5.574020080234368457e+00,2.864312695970567813e+00
1.686937156332629195e+00,-5.567278157453261045e+00,3.049635747377141382e+00
1.665454946775106970e+00,-5.564537999065438001e+00,-3.047753420337620422e+00
1.643990962072994666e+00,-5.566057955269802626e+00,-2.860733869130267060e+00
1.623188560431134242e+00,-5.571401526207403698e+00,-2.676161107266522787e+00
1.603762344442883903e+00,-5.580626393260598839e+00,-2.487881623897377992e+00
1.576049506700695435e+00,-5.603327996147185353e+00,-2.299563717092482307e+00
1.551397838405425444e+00,-5.632962194579667958e+00,-2.118631440736110871e+00
1.515764179354865737e+00,-5.666392013756134993e+00,-1.986127070235052416e+00
1.502254656019606172e+00,-5.700512320462293836e+00,-1.808859504572499999e+00
1.494966665074293655e+00,-5.738304999509667326e+00,-1.623477837764264686e+00
1.494491261084144540e+00,-5.776442207503512449e+00,-1.441565394135743139e+00
1.500912457938366584e+00,-5.812991377485469791e+00,-1.260156856947919346e+00
1.514333984767069374e+00,-5.848902296897598774e+00,-1.077614170254795889e+00
1.532959840311479471e+00,-5.880108812912584249e+00,-8.977913973010869242e-01
1.557594728920771887e+00,-5.907483073471212265e+00,-7.182377455662173338e-01
1.587089696003534778e+00,-5.930341821345802344e+00,-5.318148114774400304e-01
1.619835870030544189e+00,-5.946764289871573794e+00,-3.540308173072043707e-01
1.656140067539855876e+00,-5.957407867105730226e+00,-1.686381914961175288e-01
1.693539281279959674e+00,-5.961008663997483303e+00,1.386583991689639694e-02
1.730427556485649720e+00,-5.957795599313052470e+00,1.939397406035287263e-01
1.767720805355225355e+00,-5.947854450668653037e+00,3.770477601654654842e-01
1.780923758197294093e+00,-5.943395810257679379e+00,5.604418642319962673e-01
1.782049433915118275e+00,-5.944615922337247227e+00,7.439487847529866471e-01
1.783409692626199972e+00,-5.945189353251574715e+00,9.304499297360866450e-01
1.784758749682997969e+00,-5.945240169371944106e+00,1.107144697596025518e+00
1.785816026612142560e+00,-5.944616272286413761e+00,1.283143790370800286e+00
1.787450051628435288e+00,-5.943652868639670572e+00,1.485527175145092249e+00
1.788934131578696851e+00,-5.942747760012220049e+00,1.662983083426202713e+00
1.790298081988465739e+00,-5.940584507178889417e+00,1.901860552532267601e+00
1.790839648134698869e+00,-5.938522953648190494e+00,2.083150093163594008e+00
1.790754723125654646e+00,-5.936274917572754717e+00,2.258846715178053355e+00
1.790628553657462207e+00,-5.933979306580790869e+00,2.455364200893101589e+00
1.790186069969733618e+00,-5.931426595979925942e+00,2.664225152844798217e+00
1.789271576100091465e+00,-5.929218090476727987e+00,2.846650416251411020e+00
1.787926988529691563e+00,-5.926859555075939312e+00,3.055297894802087910e+00
1.786197333733071435e+00,-5.924848116211475890e+00,-3.045813470106745857e+00
1.784184142916712457e+00,-5.922489618148849999e+00,-2.836797026790458975e+00
1.774723254284720664e+00,-5.923397752888690526e+00,-2.683392877634450446e+00
1.680308271840217138e+00,-5.969750781211323520e+00,-2.682302107538641955e+00
1.583913692464480549e+00,-6.017484561497132844e+00,-2.680723732364492129e+00
1.571018712340457313e+00,-6.021477218786270846e+00,-2.505048108663877837e+00
1.568777170525563758e+00,-6.020019797578029852e+00,-2.307534724889119371e+00
1.566141085750092588e+00,-6.019224305385691309e+00,-2.097113083801017019e+00
1.557810246277745891e+00,-6.018702662205555498e+00,-1.930873466860731247e+00
1.561639271226672232e+00,-6.019773810988895413e+00,-1.702749517112607469e+00
1.561862809993155743e+00,-6.024199236821250025e+00,-1.519859525992195870e+00
1.545486556188253591e+00,-6.109172941577599936e+00,-1.411334143564402455e+00
1.564625911433779493e+00,-6.164291038904960551e+00,-1.212399068202316910e+00
1.591877019651387171e+00,-6.184660831174486617e+00,-1.245197137478630811e+00
1.579573897999887011e+00,-6.218691662595495551e+00,-1.135100755161475572e+00
1.623117152797308282e+00,-6.316296148087650053e+00,-1.129633694879499606e+00
1.666580663441002974e+00,-6.412453043138613751e+00,-1.125471173941730685e+00
1.712095418202351560e+00,-6.509899218426526524e+00,-1.120391706071251381e+00
1.722170204760748335e+00,-6.532279468795055166e+00,-1.304337509489595925e+00
1.723756585125818530e+00,-6.533599462200514907e+00,-1.477459562226121292e+00
1.725726154038823346e+00,-6.534674578375444298e+00,-1.708939479893702984e+00
1.728019280688776416e+00,-6.535890459783913364e+00,-1.899363417442270885e+00
1.737047019443123785e+00,-6.544216917448203219e+00,-2.082144657198959248e+00
1.742246252791439742e+00,-6.551050256951154616e+00,-2.271736127223421775e+00
1.738146061443286650e+00,-6.546112526511425500e+00,-2.461757723859996805e+00
1.739889483200263154e+00,-6.548245004270627057e+00,-2.688127787614915221e+00
1.741552572888958261e+00,-6.551284223508635485e+00,-2.957603260641159082e+00
1.742196419552309861e+00,-6.554488462356165002e+00,3.077363665102755608e+00
1.742726126409418042e+00,-6.557452840097694136e+00,2.890476380819389401e+00
1.743241336299484301e+00,-6.559986218212716658e+00,2.685097344882543258e+00
1.743079977795975344e+00,-6.562542925104992264e+00,2.499909956455525162e+00
1.742911294648231024e+00,-6.566476725536622538e+00,2.232892550942354060e+00
1.741785011900759406e+00,-6.568950469153764793e+00,2.046405855085669856e+00
1.740064824500306084e+00,-6.571726917397541889e+00,1.834219743979069062e+00
1.738113676368110649e+00,-6.573947529437522697e+00,1.648118886464839949e+00
1.735886775935605586e+00,-6.575673463673064489e+00,1.474690837086827910e+00
1.733152685902858314e+00,-6.577046807594328470e+00,1.288892963410569914e+00
1.730017908514840386e+00,-6.577550486580403089e+00,1.074993417571389775e+00
1.726788180046138210e+00,-6.577593946749184184e+00,8.899295763578429774e-01
1.724135423815254198e+00,-6.577177949911247268e+00,7.160373841731607625e-01
1.720939833723080792e+00,-6.576916567727941754e+00,5.364210078181218533e-01
1.717925376390758707e+00,-6.576049695603450651e+00,3.361554266254965229e-01
1.715096789024995294e+00,-6.574370034797209605e+00,9.364560091060651625e-02
1.712505427277428049e+00,-6.572765968691386185e+00,-1.514089148730130563e-01
1.710579620326187822e+00,-6.571630452243547360e+00,-3.308093991477946139e-01
1.708800129069557361e+00,-6.569744682547581149e+00,-5.543562742086002304e-01
1.707524918803651648e+00,-6.568201078899684298e+00,-7.761615082119059927e-01
1.706765443164734108e+00,-6.566674163265545872e+00,-1.017015405766531266e+00
1.706987311302703203e+00,-6.565474627653266282e+00,-1.222368752114145973e+00
1.707513617553912511e+00,-6.564764244597143694e+00,-1.425554124530785671e+00
1.708662280483473017e+00,-6.564332462786738986e+00,-1.631376171755551940e+00
1.709584719206697079e+00,-6.564773566869265942e+00,-1.815955709921619921e+00
1.706212212748654089e+00,-6.568462379583058564e+00,-1.782599114594261236e+00
1.702941649479732478e+00,-6.570952402597547426e+00,-1.600612838055815779e+00
1.699988882696892523e+00,-6.574058471585479069e+00,-1.407967291879328231e+00
1.697271359023894144e+00,-6.576443707415643658e+00,-1.222687630570399309e+00
1.694298239945760010e+00,-6.580511098233968070e+00,-1.049029426152999989e+00
1.745448663710151616e+00,-6.668389269442179135e+00,-9.135408821792869727e-01
1.809020151085496853e+00,-6.747529231633937030e+00,-7.929569844367797549e-01
1.900817413823266966e+00,-6.811491564883201733e+00,-7.692113121057819747e-01
1.978468304988985516e+00,-6.884301680308150040e+00,-7.705329137904624037e-01
2.034205634619755454e+00,-6.901063623157233984e+00,-8.831342065981079292e-01
2.020888479345560818e+00,-6.912811018698254095e+00,-1.122846809717029659e+00
2.022350624917268469e+00,-6.911012861368068805e+00,-1.303395246863426893e+00
2.024858178608191839e+00,-6.909665778540498238e+00,-1.487576994495465321e+00
2.027533544541605171e+00,-6.908176807521382301e+00,-1.689535906691097322e+00
2.030376044501205790e+00,-6.907399988938101920e+00,-1.871335302067529627e+00
2.033591175238881998e+00,-6.907038950046409553e+00,-2.064222731770219088e+00
2.036539960038301622e+00,-6.907245384317914016e+00,-2.241580701891743743e+00
2.039431963021649086e+00,-6.907355108895160356e+00,-2.426445885135843472e+00
2.042371182784543215e+00,-6.907890168465693037e+00,-2.615607874324181292e+00
2.044989166031955463e+00,-6.909167453591885888e+00,-2.796707497796063535e+00
2.047500377603652222e+00,-6.910553580940748120e+00,-2.993796587189127223e+00
2.047337156091751709e+00,-6.914787545655764589e+00,3.118589622305161235e+00
2.045545067599425337e+00,-6.922804247430901725e+00,2.950346900810498330e+00
2.046075563731083680e+00,-6.924645510003673010e+00,2.775434904945317527e+00
2.048957500094834572e+00,-6.920130611061801496e+00,2.589248674448183518e+00
2.050392446606024155e+00,-6.918988387190192491e+00,2.407770736594934124e+00
2.043892890507432281e+00,-6.935832927908817780e+00,2.233914095291638535e+00
2.043983945433831106e+00,-6.936474344418191329e+00,2.031042242889715244e+00
2.043992936021867823e+00,-6.936996479072798039e+00,1.827060246349104800e+00
2.043429690651170638e+00,-6.937232369215712957e+00,1.648095221835301327e+00
2.042777781626991640e+00,-6.937250483605486906e+00,1.447781874617160902e+00
2.041667872955886587e+00,-6.936869832261481683e+00,1.254747734199474163e+00
2.040665398774658357e+00,-6.936030797785220692e+00,1.072296749707525976e+00
2.039740039061934240e+00,-6.934770171441732245e+00,8.941938326316627439e-01
2.038451676614942532e+00,-6.933176821246628485e+00,6.913557238199727895e-01
2.037078429932639878e+00,-6.930858592852303879e+00,4.917721898577396833e-01
2.036141967256071439e+00,-6.928475564819123633e+00,3.125179293483921761e-01
2.035539277603827468e+00,-6.925664858070624597e+00,1.359215365568702538e-01
2.034947618486231402e+00,-6.922890735986547028e+00,-4.100465683301984104e-02
2.034686342827279226e+00,-6.920369064257117842e+00,-2.219356760369272652e-01
2.034546749278558053e+00,-6.917799829331240602e+00,-4.025236978269181032e-01
2.060744915604369787e+00,-6.928739720672356661e+00,-4.719334051632676497e-01
2.091155520837708615e+00,-6.935804452299047185e+00,-5.004506914441479992e-01
2.106238519540600151e+00,-6.945274217990740517e+00,-6.744453946685583512e-01
2.187795224250259185e+00,-7.009008098921893470e+00,-6.900303117502329942e-01
2.268485122605207849e+00,-7.071092976918857076e+00,-6.951120970759692153e-01
2.334214810939557516e+00,-7.085527612514292528e+00,-8.268183875826708995e-01
2.315674488398525632e+00,-7.094245052816534169e+00,-1.052229343438672249e+00
2.311523099502859058e+00,-7.093762100936348958e+00,-1.261715480395066979e+00
2.317441922826357636e+00,-7.088482060013678421e+00,-1.463742687982087176e+00
2.317122301593149469e+00,-7.087993875646787068e+00,-1.641958381149421831e+00
2.317597969676118197e+00,-7.087405170875294758e+00,-1.863566316394065669e+00
2.318206059008656617e+00,-7.087418935541045073e+00,-2.081439562880201155e+00
2.318915934722466599e+00,-7.088215883022744634e+00,-2.281181909806087038e+00
2.319978533234124285e+00,-7.089203682484502167e+00,-2.468196651782917250e+00
2.320395977973104262e+00,-7.090735567480262347e+00,-2.677126749125770644e+00
2.321110245100043379e+00,-7.093061365940450003e+00,-2.904820581382570044e+00
2.321066647954080242e+00,-7.095469090060457340e+00,-3.105131080924766529e+00
2.320864364453699036e+00,-7.097807659545071424e+00,2.978413745991446149e+00
2.320151527556560289e+00,-7.100489902663187358e+00,2.748044681122467470e+00
2.319694505326906686e+00,-7.103090457941448221e+00,2.533334375151161222e+00
2.318552607719654102e+00,-7.105816363668676416e+00,2.304650252744970818e+00
2.316878343576851851e+00,-7.108237229110057065e+00,2.105354891071606005e+00
2.314220380859469905e+00,-7.110837502613368777e+00,1.877873118087363125e+00
2.311066304735501564e+00,-7.112705196104992744e+00,1.662691794017200131e+00
2.308264000007389516e+00,-7.113995999048530194e+00,1.463590611340835457e+00
2.304765549851727435e+00,-7.115132392797105965e+00,1.263919377598061500e+00
2.300558782367571720e+00,-7.115994429266520704e+00,1.073111886159835882e+00
2.297886832724628459e+00,-7.117085901783956281e+00,1.225289913951387089e+00
2.296505995578862702e+00,-7.117010767929157211e+00,1.347944104087437145e+00
2.292194396448903770e+00,-7.117977927999321608e+00,1.152623771817761433e+00
2.287940702209365629e+00,-7.118301531766915602e+00,9.446234613564548077e-01
2.283787860770167377e+00,-7.118228985875939330e+00,7.558119979257136301e-01
2.279671230787470915e+00,-7.117821835014363607e+00,5.422435720346671095e-01
2.275784067117740062e+00,-7.117216443221796141e+00,3.405411076345324917e-01
2.272131867195499311e+00,-7.116074897734608662e+00,1.511876132909466541e-01
2.268979688734491962e+00,-7.115186127871439226e+00,-3.178967198328625648e-02
2.266123526882294570e+00,-7.113824874397343123e+00,-2.222854903028760043e-01
2.263489569400007895e+00,-7.112650494710234916e+00,-4.085939235719679430e-01
2.286828480421156051e+00,-7.099954101442541798e+00,-3.378520570086384622e-01
2.320141907227959877e+00,-7.112370642653215391e+00,-2.157128256428590407e-01
2.324244159127399012e+00,-7.112677811771271230e+00,-4.074355567466846351e-01
2.326929712754929547e+00,-7.113000301230988143e+00,-5.998009200293872301e-01
2.329342502648642732e+00,-7.112787170502593348e+00,-7.800715061148167928e-01
2.334611673588186775e+00,-7.115615951664234551e+00,-7.334030912313819206e-01
2.341871101820427903e+00,-7.120484468677584999e+00,-5.663241457861828421e-01
2.346309279344884757e+00,-7.120998256933424919e+00,-6.921757008442555037e-01
2.344609394460650087e+00,-7.121566854249157252e+00,-8.864201338667208052e-01
2.337823177734460245e+00,-7.124088719211996157e+00,-1.078850792784550983e+00
2.385135703508184601e+00,-7.206257515113759560e+00,-1.106652768892490979e+00
2.414650250043360202e+00,-7.217259165868292747e+00,-1.266945195707021909e+00
2.415711718750539472e+00,-7.215354167668288632e+00,-1.459962202825894062e+00
2.416856074769094587e+00,-7.213443658242398193e+00,-1.653972411077841320e+00
2.419294435414448774e+00,-7.212226648320307909e+00,-1.862803835813864328e+00
2.421091344135378964e+00,-7.211704563464178541e+00,-2.047415191609133434e+00
2.423424130583642366e+00,-7.211885946513011625e+00,-2.240725496169750475e+00
2.425347122195118388e+00,-7.212837824653684393e+00,-2.466246075205887234e+00
2.427717310979372822e+00,-7.213758216824128766e+00,-2.684901503402133294e+00
2.430026790184137031e+00,-7.214898034127620541e+00,-2.914140422505610228e+00
2.431704199979237480e+00,-7.216036684026157388e+00,-3.129321063157053384e+00
2.432901803103375116e+00,-7.217656304622337871e+00,2.925751309625988394e+00
2.434082838962475126e+00,-7.219047986497224123e+00,2.709495675964006089e+00
2.361251242249295501e+00,-7.173636189453318046e+00,2.531695422522229233e+00
2.332663201388544660e+00,-7.146561704112034619e+00,2.348010553381012500e+00
2.258211170278393354e+00,-7.090952987681710340e+00,2.344471650537964358e+00
2.184411012457631696e+00,-7.016745192707906753e+00,2.414148857648440671e+00
2.111327928168063028e+00,-6.953486575669227676e+00,2.414321771867930178e+00
2.037784509557399204e+00,-6.884436448913788809e+00,2.406886230844117236e+00
1.964098593401955695e+00,-6.820380703027460356e+00,2.410081748558796644e+00
1.884721514702076828e+00,-6.749877652363886149e+00,2.412158296252321588e+00
1.808764982138948874e+00,-6.681383897271755856e+00,2.409285796980985328e+00
1.737297403763551351e+00,-6.608076302664280810e+00,2.291177230611736171e+00
1.703390933656463879e+00,-6.557954198342984320e+00,2.110389056356872572e+00
1.676127588703560489e+00,-6.493563070301356710e+00,1.933728434113617167e+00
1.643149578572983716e+00,-6.399045028503971722e+00,1.915858614116780156e+00
1.611736482916273472e+00,-6.300598232140803390e+00,1.846539069649464571e+00
1.603241213554081224e+00,-6.246184184693471586e+00,1.661565149229937477e+00
1.605723165818272014e+00,-6.172071061816856385e+00,1.477133233539347001e+00
1.616873044897449319e+00,-6.120521359205542744e+00,1.292829059293348459e+00
1.644939886319355615e+00,-6.056209312904464070e+00,1.118269204847517573e+00
1.683491566297770081e+00,-5.979543449931190580e+00,9.510220217544512744e-01
1.681075519450898614e+00,-5.979747158707903409e+00,7.823736764207624983e-01
1.679296321714826012e+00,-5.978550614675846475e+00,5.952609202437869618e-01
1.677446513763243052e+00,-5.977282225969477558e+00,4.133733189875933856e-01
1.676643686107373021e+00,-5.976945376979353242e+00,3.898051300718954892e-01
1.678278206496397917e+00,-5.978052675744010891e+00,5.895882403479707490e-01
1.680068814084830997e+00,-5.979430224551008699e+00,7.874034304638414250e-01
1.682115083519613252e+00,-5.979740474612184720e+00,9.715822337839548073e-01
1.684420775774292833e+00,-5.979952381887832402e+00,1.152575607323028217e+00
1.695122279211330296e+00,-5.953019994578451879e+00,1.264448918802725474e+00
1.703688958450167323e+00,-5.932207461100944101e+00,1.076136792862936620e+00
1.703682024072727952e+00,-5.931830112925474019e+00,1.069158924388983856e+00
