x,y,theta
3.057408420590025377e-01,-1.288652169143716275e+00,-8.290846257758034410e-01
3.193595555966375343e-01,-1.355220891542114003e+00,-7.853184912622763747e-01
3.197618992964064155e-01,-1.355585194087660650e+00,-5.778609225229986990e-01
3.199641003687446750e-01,-1.356897493966977786e+00,-3.778451869203809932e-01
3.202451070992269333e-01,-1.357483862965944699e+00,-1.480692233782227307e-01
3.203904199345627979e-01,-1.358375056320282992e+00,2.959089821130008596e-02
3.214118341494471287e-01,-1.359582777079513916e+00,2.917077913647990739e-01
3.223916508803997272e-01,-1.361193852215576872e+00,4.985322800029904355e-01
3.236479720695450979e-01,-1.361751804936070398e+00,6.828295304026570367e-01
3.357653073005970601e-01,-1.378132398728834973e+00,7.536665380641937029e-01
3.328183264641577099e-01,-1.373186787296698075e+00,5.797931333803129084e-01
3.313994551143900624e-01,-1.370506180087204484e+00,5.488120591224154854e-01
3.411286800883723269e-01,-1.378277816356421992e+00,7.284628015090361952e-01
3.495118343766467350e-01,-1.383982801803730345e+00,9.028558775645668666e-01
3.533869856933267162e-01,-1.381186570053327900e+00,1.081040131256112646e+00
3.575656529024563435e-01,-1.378196883769540193e+00,1.258229558329538200e+00
3.622270776222589195e-01,-1.374445625817432015e+00,1.457627987016946625e+00
3.666991115695682479e-01,-1.370862203654577671e+00,1.635435518542700972e+00
3.717989645400804344e-01,-1.367211245803739761e+00,1.834034210446165991e+00
3.751961418408717441e-01,-1.362572091593824863e+00,2.036206741614441373e+00
3.785694720537019498e-01,-1.357768537700624556e+00,2.238493634263538201e+00
3.811217693082444291e-01,-1.353453459789697444e+00,2.419444853974398679e+00
3.833901853514778968e-01,-1.348585026639365747e+00,2.621890562156154569e+00
3.854304073357631699e-01,-1.343420143563077040e+00,2.821748138136022988e+00
3.872168517398449916e-01,-1.338896544902603791e+00,3.012438923038096572e+00
3.882290774699655445e-01,-1.345106409376948475e+00,-3.083926263548747215e+00
3.898977241663701410e-01,-1.349992553801171224e+00,-2.898718907048814852e+00
3.907415652728928324e-01,-1.355769726371194972e+00,-2.705955657612548748e+00
3.877011780634576632e-01,-1.348925092374762880e+00,-2.509598956211061438e+00
3.847702656961234369e-01,-1.342367765619107089e+00,-2.336179621417277641e+00
3.817379766194214374e-01,-1.335238017919551989e+00,-2.163972212277098794e+00
3.787634664508069404e-01,-1.329219195640521711e+00,-1.989674555817577017e+00
3.749383507912346647e-01,-1.322835168209609780e+00,-1.791167101901994130e+00
3.720438917786970667e-01,-1.318027676319596830e+00,-1.593330804562206326e+00
3.688397355213720030e-01,-1.312705715631397707e+00,-1.395488572871419919e+00
3.863594661946471165e-01,-1.303685133471718105e+00,-1.137329257066640453e+00
4.045025511997757395e-01,-1.294905205143966009e+00,-8.764336029412271856e-01
4.440177670820960043e-01,-1.352589053307198252e+00,-8.704437345675818394e-01
5.207655596613749438e-01,-1.446563602935864612e+00,-8.620996097872252184e-01
5.937352077785414961e-01,-1.541999134640603231e+00,-8.620658555207761919e-01
6.650309017593738492e-01,-1.631812748510740763e+00,-8.591153261653163842e-01
7.311822349331019710e-01,-1.716839090555100755e+00,-8.517100310063910884e-01
7.366831523469797860e-01,-1.745560387147252035e+00,-6.800661348410048657e-01
7.443354645115475288e-01,-1.729531294638470218e+00,-7.108196897429751582e-01
7.380064200311873268e-01,-1.726112751611778906e+00,-8.880869822381824985e-01
7.329006273628069223e-01,-1.722693631521669211e+00,-1.065080613654323605e+00
7.291716356432930146e-01,-1.719260420005836787e+00,-1.242853035747999657e+00
7.283982519088436636e-01,-1.717649896512105201e+00,-1.413367474222814391e+00
7.279189354962102287e-01,-1.716313686610088096e+00,-1.590658994684622352e+00
7.268857408578927037e-01,-1.714748597029612132e+00,-1.754248707019209208e+00
7.239722442037647143e-01,-1.709079549447605872e+00,-1.984393343744666138e+00
7.211413520253131537e-01,-1.703987075109042015e+00,-2.216159481219802885e+00
7.068153359177925532e-01,-1.785293308985746119e+00,-2.263815452009807938e+00
6.218788351130150049e-01,-1.879845251668778694e+00,-2.260016398864795217e+00
5.459418417523741462e-01,-1.966058775835397343e+00,-2.262368883229235905e+00
5.219568777783590852e-01,-1.987633963933846282e+00,-2.098312218812828700e+00
5.186688515055626336e-01,-1.987655177914333882e+00,-1.918485124427319111e+00
5.163211880724740688e-01,-1.988510318820011280e+00,-1.748925669669520122e+00
5.150482708633161710e-01,-1.990580874739682260e+00,-1.563455844006500506e+00
5.147824186600709062e-01,-1.992953019779558188e+00,-1.384046777773475512e+00
5.151032026255227825e-01,-1.994991172539338553e+00,-1.323210735318158582e+00
5.164310408905760097e-01,-1.994338144508603916e+00,-1.498887800416631055e+00
5.188967031536746433e-01,-1.994659600299304669e+00,-1.671676490925400049e+00
5.204210766338420724e-01,-1.994469869063944856e+00,-1.851931983635308976e+00
5.140690154174786253e-01,-1.989498107334858767e+00,-2.078864670835770312e+00
5.155677596043404254e-01,-1.989490198799399590e+00,-2.271475001197658550e+00
4.591532014733583633e-01,-2.069061497123264814e+00,-2.289357590387679942e+00
4.242859990911743151e-01,-2.057609171427616790e+00,-2.245744106214096814e+00
4.389139990306731298e-01,-2.068020974983276972e+00,-1.984003255670940602e+00
4.382278200251852884e-01,-2.069446871528802578e+00,-1.789056564231190416e+00
4.526872355494498956e-01,-2.067625313020552191e+00,-1.491712004665325164e+00
4.493293742485749420e-01,-2.067060895731400727e+00,-1.339287184192290647e+00
4.459776730364256037e-01,-2.066820701487808165e+00,-1.181025906760613253e+00
4.429807365178140000e-01,-2.067261389928367610e+00,-1.017756041331280059e+00
4.415358547882883844e-01,-2.067816887270289783e+00,-8.661143137004121417e-01
4.436398639895657303e-01,-2.068594257277793336e+00,-6.770418925380352615e-01
4.467893619682152817e-01,-2.069115155209772627e+00,-4.867818577789007062e-01
4.495502424973348288e-01,-2.069659062715006659e+00,-3.061743072492685847e-01
4.527346888466395880e-01,-2.070189177859650620e+00,-1.161463224827117141e-01
4.581027640271848056e-01,-2.086821866191950647e+00,2.563335918190468715e-02
4.626442606250395495e-01,-2.100884850424440398e+00,1.798885352932264592e-01
4.584637852509449996e-01,-2.069798619304323406e+00,4.277809751975344410e-01
4.615991257337448417e-01,-2.076222106346758522e+00,5.949654024296676669e-01
4.652133318409746865e-01,-2.084314703792260026e+00,7.720267100517351766e-01
4.691051887506306750e-01,-2.092155807549484603e+00,9.472351291521003969e-01
4.730285710152949408e-01,-2.098989913975170207e+00,1.124713792747215502e+00
4.791989525520287119e-01,-2.101922944072953214e+00,1.284884598393724264e+00
4.857359961852517061e-01,-2.104177089650552279e+00,1.455555298069649117e+00
4.538884426889564505e-01,-2.099799474216184514e+00,1.728595082554722273e+00
4.560202479448929314e-01,-2.095744372989697624e+00,1.899615443818945204e+00
4.578440682471065504e-01,-2.091141618656813694e+00,2.073377315980421187e+00
4.581399933322249929e-01,-2.087464456856406247e+00,2.247413426710143547e+00
4.583670662904732462e-01,-2.083306903358670414e+00,2.418234212068381517e+00
4.578973388952792822e-01,-2.079380079578762253e+00,2.597846820384813959e+00
3.746826594314855985e-01,-2.022199031512479372e+00,2.635033289673133439e+00
3.255027786191541095e-01,-1.958976776578487788e+00,2.722766288176190042e+00
3.231794324548729058e-01,-1.981224359176634975e+00,2.628678363764219483e+00
3.269279540977343412e-01,-1.979227389845196194e+00,2.434781652111484451e+00
2.411067890715049844e-01,-1.921204056855278841e+00,2.399588242367092672e+00
1.719546077634280246e-01,-1.854823052999799993e+00,2.396506395437719927e+00
9.040698269209755666e-02,-1.785445939981566088e+00,2.405460121370619486e+00
7.963749321883217130e-03,-1.715845708757797405e+00,2.414498645042060687e+00
-7.481708030476691418e-02,-1.647764740064705080e+00,2.419820806381602907e+00
-8.208814236276974763e-02,-1.643039587870411156e+00,2.600039289874539694e+00
-8.479734309975119066e-02,-1.643652002425703085e+00,2.418785876215593600e+00
-8.765978568932437931e-02,-1.644867884820019110e+00,2.236504278060752249e+00
-9.077758345698146158e-02,-1.646438092891065352e+00,2.051903079786675743e+00
-9.453551044719574192e-02,-1.647559533607708460e+00,1.863701865292047843e+00
-9.880462187950810049e-02,-1.648799752758810078e+00,1.683718841210904316e+00
-1.039159488381938279e-01,-1.649561856544501159e+00,1.498257760717427445e+00
-1.087728764008601412e-01,-1.650301003553073187e+00,1.313187937401737004e+00
-1.139354624494301194e-01,-1.650640316855340739e+00,1.126566510212207328e+00
-1.192283838025875176e-01,-1.650441303275591576e+00,9.459130372595031533e-01
-1.247031429706968036e-01,-1.649426532517535904e+00,7.596692464899899022e-01
-1.303372915735236670e-01,-1.647999944279383122e+00,5.757314306056817710e-01
-1.357563794611859054e-01,-1.646218586244832638e+00,3.913041403253002537e-01
-1.410703660090404377e-01,-1.644115946575951392e+00,2.093579951105547232e-01
-1.460791108594848287e-01,-1.635552877131979610e+00,5.708505083024721649e-02
-1.510429230200779627e-01,-1.626743872310915995e+00,-1.041538070183237602e-01
-1.637063995970157726e-01,-1.635414807867864750e+00,-3.401070719445841162e-01
-1.604703447358483415e-01,-1.625248316352547295e+00,-5.026305574081925132e-01
-1.569467442290413683e-01,-1.615379287107258977e+00,-6.586923959338054635e-01
-1.622326615806224670e-01,-1.615813073382005971e+00,-8.556227479729124896e-01
-1.604151024116484692e-01,-1.607362854804908592e+00,-1.017980289907272073e+00
-1.644610241147147767e-01,-1.606030934978910141e+00,-1.207103941835835581e+00
-1.611987558211741833e-01,-1.588549450086454096e+00,-1.360664124258773811e+00
-1.575392331095764320e-01,-1.571973378161327206e+00,-1.509490256463104974e+00
-1.670813852866527283e-01,-1.552841462257896099e+00,-1.728806951227790156e+00
-1.646386423112132513e-01,-1.535488333677223372e+00,-1.886378846088637706e+00
-1.616866434892759441e-01,-1.517696933623017053e+00,-2.051840391454811563e+00
-1.371159842883115099e-01,-1.598961900110378087e+00,-2.222975224620434620e+00
-1.872853835910516240e-01,-1.656259565499563768e+00,-2.227936038270351471e+00
-2.511968365499214761e-01,-1.742186353838636625e+00,-2.217075979840315458e+00
-3.103268977567908982e-01,-1.818784365513138601e+00,-2.218360579467292037e+00
-3.701220631980731701e-01,-1.901515054270177973e+00,-2.209549143788188452e+00
-3.940159876662157612e-01,-1.975136647608949581e+00,-2.321080650053740868e+00
-3.991638891242014764e-01,-1.968626142155554426e+00,-2.527715349211117957e+00
-4.043318172536544131e-01,-1.962752371433752252e+00,-2.730192267716228915e+00
-4.019827172499459422e-01,-1.965005097802834166e+00,-2.914606775558213236e+00
-3.999444685525951892e-01,-1.967109030959810712e+00,-3.095273461234056889e+00
-3.978130829922698619e-01,-1.969873679302001745e+00,3.001881486136307231e+00
-3.955312689501306878e-01,-1.972343220198784275e+00,2.805995750219838936e+00
-3.935326053448312544e-01,-1.974505018437428427e+00,2.621020929166740121e+00
-3.923537937164322531e-01,-1.976885701035015819e+00,2.440945556632494018e+00
-3.910709936262754538e-01,-1.979281707092453990e+00,2.256741870006131911e+00
-3.904413519288452150e-01,-1.981578508119706372e+00,2.060342115061233326e+00
-3.904929316049316479e-01,-1.983542271495418285e+00,1.871790396582548643e+00
-3.909845103431957569e-01,-1.985262405901566440e+00,1.693118572076880879e+00
-3.918968428423532657e-01,-1.986288126288642042e+00,1.510978797408299545e+00
-3.933487586040291251e-01,-1.987446622339504643e+00,1.297410144533696075e+00
-3.946853210608386453e-01,-1.987716845056952231e+00,1.115160086268471851e+00
-3.962748070656537114e-01,-1.987530311492070600e+00,9.168038954203844293e-01
-3.978638034915349952e-01,-1.987030417014221229e+00,7.336612055341844574e-01
-3.991668373064887199e-01,-1.985981491727401682e+00,5.541412269776543331e-01
-4.003051161919088941e-01,-1.984464838258117148e+00,3.682281564055753798e-01
-4.008424046809830887e-01,-1.983226343393121871e+00,1.580774438874884835e-01
-4.012649112654009809e-01,-1.981962361675882134e+00,-1.712320338087471028e-02
-4.016402660732498187e-01,-1.980760815681836151e+00,-1.983477119443368408e-01
-4.019015039735729378e-01,-1.979556823484274641e+00,-3.776061012081727286e-01
-4.021159667035311136e-01,-1.978235249668610196e+00,-5.625454367142189716e-01
-4.023034169925541192e-01,-1.977282452120029621e+00,-7.385563634162285451e-01
-4.020775026769395910e-01,-1.975888060434226601e+00,-9.167847003148366092e-01
-4.017943150407981556e-01,-1.974624081744875692e+00,-1.097722599199389970e+00
-4.007411194527359388e-01,-1.973490429330824636e+00,-1.281504956990173749e+00
-3.988191206552065826e-01,-1.972267357712646385e+00,-1.476969499161690180e+00
-3.963842389495548790e-01,-1.971945178602943383e+00,-1.663321534137385704e+00
-3.938446323128994564e-01,-1.971544231939349467e+00,-1.842681513153581419e+00
-4.042845297525184955e-01,-1.961242367295691347e+00,-2.054227818230451863e+00
-4.142883744287886305e-01,-1.951344241886248110e+00,-2.269918760156836246e+00
-4.096989158748212678e-01,-1.956468485368441090e+00,-2.448536023771884285e+00
-4.722221290177835984e-01,-2.027776900384895775e+00,-2.469713047066980582e+00
-5.482539364272064342e-01,-2.089202726423823542e+00,-2.469527868239952184e+00
-6.277794389171149625e-01,-2.150858938657759012e+00,-2.471515535679094544e+00
-7.083183999795664709e-01,-2.213073465431627973e+00,-2.475267683799889262e+00
-7.293956884476001656e-01,-2.210873312598685470e+00,-2.314702769102761071e+00
-7.088306643365999138e-01,-2.225867059884571120e+00,-2.106977196824391996e+00
-7.124644778021784752e-01,-2.225392830667869415e+00,-1.925532939594616355e+00
-7.158557042632003320e-01,-2.225438925035332360e+00,-1.747799921381020027e+00
-7.191014911916721042e-01,-2.227780185503456245e+00,-1.571783035047009225e+00
-7.216010725296171380e-01,-2.236193018866921012e+00,-1.392820088988212968e+00
-7.198990807722538410e-01,-2.255205543716396921e+00,-1.220561099248218540e+00
-6.851318704481872413e-01,-2.331604968409281220e+00,-1.103750433876310888e+00
-6.642262382716233038e-01,-2.402709943135054260e+00,-1.291590356405255990e+00
-6.523180604872527155e-01,-2.483141422112424834e+00,-1.465267520359254227e+00
-6.526350324241775303e-01,-2.550452444197693236e+00,-1.640038065095092534e+00
-6.593727946149140484e-01,-2.589655348685939718e+00,-1.812223351020329609e+00
-6.720512391000877939e-01,-2.626561270296559503e+00,-1.990905092296674672e+00
-6.908818237300189402e-01,-2.662022558837796371e+00,-2.166690826996181762e+00
-7.151837090228168048e-01,-2.693939776271504272e+00,-2.340729859703511551e+00
-7.547453724136584663e-01,-2.728744441926952202e+00,-2.514263188805442972e+00
-8.385519381799910743e-01,-2.786730825611644757e+00,-2.557974557811124594e+00
-8.915658260745377151e-01,-2.818748188773861241e+00,-2.734168398164092739e+00
-9.076570546316230503e-01,-2.826636023908421169e+00,-2.910448013052373994e+00
-9.234805929187298590e-01,-2.831045983193834381e+00,-3.084167452581992208e+00
-9.376664408481734103e-01,-2.826234941435914472e+00,3.018887113432315417e+00
-9.569765018669847967e-01,-2.826329651529543074e+00,2.850240680774121405e+00
-9.563377178784763233e-01,-2.814412726008437726e+00,2.887586159760668458e+00
-9.687590111217687650e-01,-2.840496330169756778e+00,2.753621336340003278e+00
-9.574509537154450856e-01,-2.819478061334352859e+00,2.522472640830151214e+00
-1.047075148866545069e+00,-2.767291492345989923e+00,2.510923846978046825e+00
-1.136490986742088705e+00,-2.688781505971152175e+00,2.495453342275869790e+00
-1.207616469477516885e+00,-2.679447322927974273e+00,2.352907532872826835e+00
-1.195018688517841099e+00,-2.646903236161613826e+00,2.456000339279549749e+00
-1.192945000918310239e+00,-2.640350780128281283e+00,2.633584208800452409e+00
-1.191081188983718064e+00,-2.633686323097054860e+00,2.817386234619554397e+00
-1.191836999314102252e+00,-2.637804321071824720e+00,3.008711220579178391e+00
-1.192504440648397779e+00,-2.637910097421921396e+00,-3.090548617995442005e+00
-1.195067427221635059e+00,-2.642557494955561914e+00,-2.898866814870780573e+00
-1.199271645740872527e+00,-2.642605621692997619e+00,-2.722509439809997378e+00
-1.203608805967171680e+00,-2.642437323665481674e+00,-2.534973074802496118e+00
-1.289855995861907134e+00,-2.705000966926296879e+00,-2.499536217468469879e+00
-1.330802472395774538e+00,-2.736749971008626936e+00,-2.656051031326558842e+00
-1.331646747121197905e+00,-2.739240719002665081e+00,-2.842789543409626418e+00
-1.331883726848792637e+00,-2.741548601544039343e+00,-3.033671289919765979e+00
-1.332564950160416206e+00,-2.743904213356497923e+00,3.070798456412054289e+00
-1.333450509847682985e+00,-2.746598784467526588e+00,2.896360886757042952e+00
-1.334299525906465611e+00,-2.749359938513237012e+00,2.718877360723007897e+00
-1.335280301250306501e+00,-2.751681511871502561e+00,2.543268269640253099e+00
-1.327395135576199037e+00,-2.746731934057406121e+00,2.337732242526195048e+00
-1.330397743807221422e+00,-2.752120906792275612e+00,2.158940804480057096e+00
-1.324392544914595682e+00,-2.748825378195000724e+00,1.967385249973014005e+00
-1.326116933705399070e+00,-2.750604862305837450e+00,1.785100203565318289e+00
-1.328299009151677756e+00,-2.752056846019774294e+00,1.603359438295471229e+00
-1.330516894344676126e+00,-2.753338552577291320e+00,1.426772501281593497e+00
-1.332975984559040095e+00,-2.754195098464868430e+00,1.250974891640483699e+00
-1.335822662105761172e+00,-2.754641790606953577e+00,1.072955642120365427e+00
-1.338716739655918309e+00,-2.754872990469073635e+00,8.906849208636481441e-01
-1.341367045989216855e+00,-2.754887920991547112e+00,7.133529526341075844e-01
-1.343951122652182306e+00,-2.754847469554799311e+00,5.352669329885580973e-01
-1.346563278340583647e+00,-2.754123209809187234e+00,3.584186959978569731e-01
-1.348516340571901839e+00,-2.753394734548048728e+00,1.763933828976110285e-01
-1.350422701292091077e+00,-2.751950199287791055e+00,-3.205227736547243932e-03
-1.352125695391113824e+00,-2.750675950041233442e+00,-1.791861971787320207e-01
-1.353125718816439838e+00,-2.749803702407191075e+00,-3.584986869350815786e-01
-1.353989189786637182e+00,-2.748670626007540196e+00,-5.392370812504224675e-01
-1.355385416474661930e+00,-2.748843499653424782e+00,-7.247443901246917175e-01
-1.370252833847753537e+00,-2.774327337008378080e+00,-1.013382222358438112e+00
-1.312711385878400971e+00,-2.834556994025078769e+00,-1.022190359447573194e+00
-1.259223614261667512e+00,-2.921949641875987602e+00,-1.022243277487459912e+00
-1.204604659252204613e+00,-3.013080012676361275e+00,-1.022978116208130617e+00
-1.162517114028783327e+00,-3.083977477187849647e+00,-8.671074904156135243e-01
-1.161330522537750820e+00,-3.084150679864252620e+00,-1.067707873952781883e+00
-1.160063437663006791e+00,-3.083720740831163543e+00,-1.247179776216157387e+00
-1.157980243569296075e+00,-3.082809855898380302e+00,-1.445602799500688596e+00
-1.155501092971080501e+00,-3.082015986530288743e+00,-1.627894553955825607e+00
-1.152780595438382072e+00,-3.082008660097339092e+00,-1.825813473859146940e+00
-1.149594441199936590e+00,-3.082442216854536898e+00,-2.040786763830816142e+00
-1.146256972343809188e+00,-3.082911698861406258e+00,-2.217203173361787627e+00
-1.142114477202057943e+00,-3.085458321144340932e+00,-2.387155293167038117e+00
-1.139612733131213140e+00,-3.087637941252186824e+00,-2.591730141131045162e+00
-1.137345995039436675e+00,-3.089450535323541303e+00,-2.772290477566848654e+00
-1.135094773678931190e+00,-3.092377451148165868e+00,-2.976378194565832302e+00
-1.133273650932805410e+00,-3.095006204834864771e+00,3.130149911861545231e+00
-1.131304432116360559e+00,-3.097687978926465302e+00,2.950911302863553409e+00
-1.129844230903280788e+00,-3.100131657436997479e+00,2.772565464581274064e+00
-1.127866369739753072e+00,-3.103431249273688852e+00,2.598285999822142589e+00
-1.127116674369232907e+00,-3.105439642151866408e+00,2.421400818666356258e+00
-1.126566759366996351e+00,-3.108745625295848303e+00,2.214671653730903689e+00
-1.126775049747618773e+00,-3.111313284177007699e+00,2.011659339105140276e+00
-1.127338860583519953e+00,-3.113791685290144162e+00,1.803543008997970043e+00
-1.128932947330472558e+00,-3.116252517577439818e+00,1.559731836242821190e+00
-1.130811089397556923e+00,-3.117889601786178133e+00,1.347088113106387208e+00
-1.133158623714733748e+00,-3.119244434382388853e+00,1.123234309691141020e+00
-1.135732078801264811e+00,-3.119355974663550857e+00,8.829533193580866302e-01
-1.137944158011802820e+00,-3.119137984871965585e+00,6.704651477458507536e-01
-1.140096214334364921e+00,-3.118632162901257221e+00,4.504715914867691851e-01
-1.142209760104001770e+00,-3.117246441181917405e+00,2.093949681177061095e-01
-1.143498743469270718e+00,-3.115336582539494081e+00,-8.322483536858906600e-03
-1.144248235492187682e+00,-3.113620272499744157e+00,-2.485465881321534398e-01
-1.144882001375757463e+00,-3.111915044272705266e+00,-4.602393946034104566e-01
-1.145147758017671658e+00,-3.109597115530891909e+00,-6.889134170423447667e-01
-1.102893899257530785e+00,-3.155016773357343318e+00,-8.423942226195245686e-01
-1.032423950171263538e+00,-3.234358968317696092e+00,-8.417525842135309411e-01
-9.607776993700722912e-01,-3.315699016557405177e+00,-8.426750509383132970e-01
-9.344861198013666437e-01,-3.347160530378742838e+00,-6.666267077706239386e-01
-9.333156902722953285e-01,-3.350296693504108525e+00,-4.832476362596270780e-01
-9.325411045813695177e-01,-3.359180408461717615e+00,-2.991892223504130088e-01
-9.314021436430225398e-01,-3.367516574667087870e+00,-1.306308074876653957e-01
-9.304372338191367886e-01,-3.375828639824187238e+00,3.684057894793743571e-02
-9.290669905763742076e-01,-3.383875721293318595e+00,2.051418755069403799e-01
-9.278464513477759912e-01,-3.387999812526511167e+00,3.815854268338725874e-01
-9.262970342249161604e-01,-3.391797781747736718e+00,5.566521234566089715e-01
-8.484422827510684773e-01,-3.330946767212821236e+00,6.826520929900358192e-01
-7.691564723922964530e-01,-3.266445053127385645e+00,6.846514178245027837e-01
-7.067484181069348947e-01,-3.212580582364945592e+00,5.278624718652515924e-01
-7.083023882717316422e-01,-3.211129350638056490e+00,3.386544439371561577e-01
-7.097815757097248879e-01,-3.209072006432851509e+00,1.503766064200988684e-01
-7.109272450303903979e-01,-3.207028380245901644e+00,-2.803199542336806335e-02
-7.120364813197453957e-01,-3.204970561457194833e+00,-2.111896733519162683e-01
-7.170864155880091184e-01,-3.214676689117337727e+00,-4.062422066513431962e-01
-7.220445588369686085e-01,-3.224299778803498828e+00,-5.903950860749948015e-01
-7.168811355459412393e-01,-3.209693560703648085e+00,-7.531160967813891327e-01
-7.167256521967455551e-01,-3.207888805691013534e+00,-9.319951358339333414e-01
-7.161714901477155282e-01,-3.206770593922971813e+00,-1.105455922198006702e+00
-7.154090756387881944e-01,-3.205405030789388210e+00,-1.288457589762521671e+00
-7.145428853622874943e-01,-3.204432791286379256e+00,-1.490244190076387198e+00
-7.134897329765509388e-01,-3.203819651185979112e+00,-1.664293942182862418e+00
-7.118191595505521940e-01,-3.203285041881613893e+00,-1.846672229597716486e+00
-7.096155902973010354e-01,-3.203289997719728444e+00,-2.048652630339424796e+00
-7.072826912635618024e-01,-3.204035752737715459e+00,-2.227117679854756727e+00
-7.057644588989185896e-01,-3.205996752102362457e+00,-2.407635794332776857e+00
-7.039755995034779890e-01,-3.207405312616471438e+00,-2.581578574525730030e+00
-7.021987330308800956e-01,-3.209350168132807379e+00,-2.797463461553193476e+00
-7.003758593803710575e-01,-3.211690569362480652e+00,-2.999886280305348762e+00
-6.991566872462218196e-01,-3.213741844298378947e+00,3.105445115219761298e+00
-6.979436677589360150e-01,-3.215752735296338649e+00,2.927413148498891893e+00
-6.973691008573401628e-01,-3.218182643932625986e+00,2.716277211617148524e+00
-6.969319897623378335e-01,-3.220584295783955664e+00,2.532442525324569260e+00
-6.967508951065637390e-01,-3.223166125529561388e+00,2.337320149541336711e+00
-6.966695909797467889e-01,-3.225372335288624548e+00,2.154150155198485628e+00
-6.973861559021401479e-01,-3.227715998668053032e+00,1.973227081871741451e+00
-7.369224160447906957e-01,-3.134497274383006626e+00,1.964591115782501562e+00
-7.772616434797589013e-01,-3.037549652514652809e+00,1.975520103982409736e+00
-7.801278227892529671e-01,-2.970165110886342941e+00,2.002599221833304632e+00
-7.825909854668158250e-01,-2.968540685860383554e+00,1.818131016525481369e+00
-7.848644894534406724e-01,-2.967510189151938871e+00,1.648789801832763802e+00
-7.882471351091084877e-01,-2.965974698094066664e+00,1.454662059270316998e+00
-7.913206562196329896e-01,-2.964212013652977706e+00,1.270780064595093295e+00
-7.942034110828579685e-01,-2.962137550119714469e+00,1.094652328817699249e+00
-7.971271541320552600e-01,-2.959494045586660516e+00,9.255102505591371598e-01
-7.353616097041667521e-01,-2.867167679351318554e+00,9.206866950240739644e-01
-6.698625313848574070e-01,-2.782826606507306177e+00,9.190029370756515048e-01
-6.067348622969793714e-01,-2.702424451939970051e+00,9.098079888270457216e-01
-5.648355297366133287e-01,-2.649038886496561052e+00,9.070612034191997131e-01
-4.987116486308912910e-01,-2.564644304527342378e+00,9.022099179912778100e-01
-4.804823163203650882e-01,-2.537423436393104303e+00,7.522498779491030296e-01
-4.827822014647271121e-01,-2.535870995398857186e+00,5.541421906019564636e-01
-4.849707219285434023e-01,-2.534789960333380332e+00,3.721922403839383331e-01
-4.870000749646155036e-01,-2.533474085849697133e+00,1.863761543991435954e-01
-4.887616011863691323e-01,-2.532196054913012251e+00,5.256915667526390092e-03
-4.907262500760135593e-01,-2.530621606077906538e+00,-1.718207632638773796e-01
-4.921101988912883751e-01,-2.529117867361950989e+00,-3.535539290542340507e-01
-4.935079634914462665e-01,-2.527876277409152550e+00,-5.392213892428912025e-01
-4.944230156391125064e-01,-2.526476031980118719e+00,-7.236123660939919322e-01
-4.943851992635964199e-01,-2.526574567665125670e+00,-9.254483004533999857e-01
-4.414940574077409474e-01,-2.606969320816012736e+00,-9.211864788065513565e-01
-3.718185841534797365e-01,-2.688309787089768310e+00,-9.236687480416765350e-01
-3.141626716791314777e-01,-2.765302883018423863e+00,-9.227566902356956202e-01
-2.571988125482241871e-01,-2.843416627763168059e+00,-9.315290719582076662e-01
-2.194153675635227008e-01,-2.866855632604117243e+00,-9.938694567361763266e-01
-2.194536431448175784e-01,-2.873009012684609065e+00,-1.187817474404669449e+00
-2.185465913481735856e-01,-2.877301840157488577e+00,-1.401344636157657586e+00
-2.150137749993911163e-01,-2.880552168637619204e+00,-1.611872951243762619e+00
-2.114522378952771176e-01,-2.883500610430596467e+00,-1.791843365240668673e+00
-2.075966692907195155e-01,-2.886747662452443741e+00,-1.977569324245557425e+00
-2.043077206973136217e-01,-2.890357583204176795e+00,-2.162306758493360626e+00
-2.003101417639365778e-01,-2.895061710615159711e+00,-2.369815877085490019e+00
-1.966117796505727211e-01,-2.899666923171074107e+00,-2.551061590393470802e+00
-1.931396122202324594e-01,-2.904665826777996340e+00,-2.756438948919627929e+00
-1.896520419013736636e-01,-2.909711222437584510e+00,-2.953260993702422788e+00
-1.864204814845231151e-01,-2.915168791553293115e+00,3.123500450477536106e+00
-1.831716860362999910e-01,-2.921369332418599196e+00,2.953568181505543233e+00
-1.812741386563216095e-01,-2.926015156835146236e+00,2.733904648099996670e+00
-1.796133678112930565e-01,-2.931674758156805893e+00,2.538908408110983839e+00
-1.777009399433471248e-01,-2.937316270598088863e+00,2.328325069641313139e+00
-1.763767188997456270e-01,-2.942733670014603398e+00,2.131344043919048303e+00
-1.754809219508425833e-01,-2.947916073265035575e+00,1.925886605811740981e+00
-1.750344785135913295e-01,-2.953058043727347037e+00,1.715153076021586731e+00
-1.748588177497716611e-01,-2.957127872545249669e+00,1.519497748909595991e+00
-1.750641257146535179e-01,-2.961435698184565979e+00,1.315104855559479535e+00
-1.755229613474732775e-01,-2.965167656602150092e+00,1.101167084899379311e+00
-1.761834075128430877e-01,-2.968015091803809291e+00,9.034704716244100764e-01
-1.764695035758833686e-01,-2.970400636085174906e+00,6.916400479585212979e-01
-1.763861957850169637e-01,-2.972305175388028520e+00,4.940808146574303672e-01
-1.763912931826892572e-01,-2.973964790173589723e+00,2.871915849477267302e-01
-1.761860006817141111e-01,-2.975469919661521523e+00,8.914240174228944824e-02
-1.758208174275364688e-01,-2.976443005640604156e+00,-1.232609403810267096e-01
-1.747417587667488281e-01,-2.977378972706493876e+00,-3.276354784402049081e-01
-1.739198874234829661e-01,-2.978425158127993022e+00,-5.413221600275606171e-01
-1.725380869316522348e-01,-2.979622530488388765e+00,-7.346764989193566020e-01
-8.987677637160226829e-02,-3.046476194266649618e+00,-7.411310508435773325e-01
-7.692345727433502062e-03,-3.122267291045323301e+00,-7.380885713292000272e-01
7.353767941095536165e-02,-3.196594972905899557e+00,-7.404139233963429323e-01
9.459754037228521040e-02,-3.238583690858971131e+00,-6.515190354253705962e-01
9.816749444226255394e-02,-3.237645519476726186e+00,-4.532872229189935376e-01
1.033230449755702385e-01,-3.236846506908027887e+00,-2.519367563126480025e-01
1.092682410362640077e-01,-3.236262464441812092e+00,-2.788604982102067809e-02
1.153867290883452690e-01,-3.235556158849390851e+00,1.854176724581167723e-01
1.214139016291846673e-01,-3.234998533321518988e+00,3.866457109222877220e-01
1.277514923269464919e-01,-3.233580151533983482e+00,5.844036477247354089e-01
2.128667602306922590e-01,-3.184437647474031685e+00,5.937873259243944268e-01
3.049266105869306576e-01,-3.118469309503132170e+00,6.072357945274873270e-01
3.930032136990840308e-01,-3.063903851040167492e+00,5.847664932828620099e-01
4.783196361470963276e-01,-3.006714767047782289e+00,5.870456378434371070e-01
5.638531375113926547e-01,-2.948709126720278295e+00,5.911150500292958743e-01
6.517867029076918062e-01,-2.890393874390192241e+00,5.872720057292469820e-01
6.460206112910020781e-01,-2.873693095704853651e+00,4.658502826861660173e-01
6.468032076917257234e-01,-2.869100146945214647e+00,2.951203106957642763e-01
6.473596451765974980e-01,-2.864708954357626958e+00,1.168032461895403828e-01
6.463855165912605338e-01,-2.864623403626171516e+00,-7.407033560141183803e-02
6.455627219534996186e-01,-2.864232706851045585e+00,-2.586348456488414271e-01
6.452502763838064981e-01,-2.864105043900165182e+00,-4.659681820230959781e-01
6.451390631346010096e-01,-2.865687378249881512e+00,-6.773496922349514504e-01
6.450005796331427232e-01,-2.867235224065432853e+00,-8.640283265406268898e-01
6.491411005094952502e-01,-2.867298931825820407e+00,-1.062927165100416405e+00
6.539673575045581444e-01,-2.867186443177057065e+00,-1.248736970965379722e+00
6.584526374129046067e-01,-2.867577426879082569e+00,-1.424770948098412537e+00
6.630205854301226553e-01,-2.867842237850443343e+00,-1.598553316356245757e+00
6.682275679857222483e-01,-2.868763802408755836e+00,-1.797703887354459962e+00
6.730893608434309616e-01,-2.869861070234794198e+00,-1.971716092095983308e+00
6.720302275927948488e-01,-2.870735463600380122e+00,-2.163919270095625791e+00
6.710117572104575823e-01,-2.871759002777769076e+00,-2.357207108837654275e+00
6.697345944848029919e-01,-2.873299151647864758e+00,-2.551017301837052109e+00
6.710605777670222150e-01,-2.880014225223898716e+00,-2.744018583441952597e+00
6.720947329946670434e-01,-2.886703932730410038e+00,-2.919958325931799159e+00
6.726395282908731454e-01,-2.893731763777175559e+00,-3.110210283018077781e+00
6.741789801606080657e-01,-2.898597505760199589e+00,2.992889822349742435e+00
6.755550403406269666e-01,-2.903922915865350785e+00,2.796970980446572774e+00
6.769595628844218282e-01,-2.908768806212979285e+00,2.607722876763273856e+00
6.746523787387319615e-01,-2.908581438087700199e+00,2.440355620276011273e+00
6.724521168080670463e-01,-2.908924914350255353e+00,2.243917204900063300e+00
6.694803169717487012e-01,-2.908816032744093949e+00,2.048197369855500050e+00
6.666839974145466474e-01,-2.908871175936722064e+00,1.853338588086661298e+00
6.630182159830165789e-01,-2.908221882853915918e+00,1.688425734799024136e+00
6.596512814885817644e-01,-2.907502976326139965e+00,1.514976246276524607e+00
6.563118564973782210e-01,-2.906348768468610899e+00,1.345987046500579432e+00
6.659255590779157297e-01,-2.908087884299352055e+00,1.129862440684801461e+00
6.751834140453712996e-01,-2.909253920294551321e+00,9.374903174260001970e-01
6.732926491048794038e-01,-2.907376841250900235e+00,7.402015912446398005e-01
7.413960538100444753e-01,-2.832170226108941424e+00,7.241283034752689085e-01
8.237383476041767461e-01,-2.763832396952373482e+00,7.176310032714929843e-01
9.046125031268675842e-01,-2.695475334370476261e+00,7.166784657612231824e-01
9.863809539756357436e-01,-2.630211843016393214e+00,7.103534236365607324e-01
1.012835475665921914e+00,-2.616552493253595291e+00,8.775859399346810363e-01
1.015773589953790079e+00,-2.617296515611112984e+00,1.053013218158351361e+00
1.018629859195424592e+00,-2.617355323757953212e+00,1.233265520902558698e+00
1.021130551787466478e+00,-2.616754491180913966e+00,1.408271882239309880e+00
1.023289818618655422e+00,-2.615913556866895640e+00,1.596107531446909311e+00
1.025482037886275677e+00,-2.614756221564788152e+00,1.774463575755426792e+00
1.027358371469899945e+00,-2.613620955287307090e+00,1.959791883515586530e+00
1.028958840869725888e+00,-2.612215662905488678e+00,2.145305062997841627e+00
1.029689458384402068e+00,-2.610018513298850706e+00,2.356931200759207368e+00
1.031457566385096225e+00,-2.607130128795786650e+00,2.559669875733585620e+00
1.032750940719307176e+00,-2.604437958286618393e+00,2.737985028230661033e+00
1.034085188998115967e+00,-2.601823630893816297e+00,2.916344894121833509e+00
1.031765864479449846e+00,-2.599423676000732542e+00,3.133877471041981888e+00
1.029831394193202687e+00,-2.597437936869791741e+00,-2.950468667514163368e+00
1.027489587715106012e+00,-2.595503078358307736e+00,-2.762924343027631569e+00
1.025011115934097550e+00,-2.594251947777006073e+00,-2.583034207396281978e+00
1.022271759207858954e+00,-2.593060642971777963e+00,-2.400931220095000374e+00
1.019322127788676369e+00,-2.592137067745194035e+00,-2.181438534168488097e+00
1.016376931047298537e+00,-2.591577223784927053e+00,-2.001535765880538609e+00
1.013622297899158253e+00,-2.591988770909133599e+00,-1.825584074435052884e+00
1.010658433503823117e+00,-2.592425165776643947e+00,-1.644241712314203241e+00
1.007991429806056605e+00,-2.593096753084159989e+00,-1.456212523958485550e+00
1.006253140301396121e+00,-2.594345042231806175e+00,-1.276405078006461746e+00
1.004871129683097219e+00,-2.595576675291834778e+00,-1.100306546909050498e+00
1.003628523633257386e+00,-2.597457226655683460e+00,-9.191975588069716263e-01
1.002627825994993893e+00,-2.599117495992476545e+00,-7.321354024895451174e-01
1.002347452366726177e+00,-2.600717268559428419e+00,-5.508948782217703011e-01
1.001943432684089919e+00,-2.602159850853330347e+00,-3.743496102399201386e-01
1.001786682062000056e+00,-2.603811413965271715e+00,-1.923241656577054370e-01
1.002005102821692306e+00,-2.605584627887249205e+00,-5.133965812256463361e-03
1.002492272938526385e+00,-2.607474964666326223e+00,1.939323329940595142e-01
1.003273461120952836e+00,-2.609002857884310078e+00,3.808756981290644106e-01
1.004162266565165051e+00,-2.610263931598310716e+00,5.633883650369151397e-01
1.005394393307607714e+00,-2.610896310625260952e+00,7.440490370118063579e-01
1.079076278776595288e+00,-2.547656223861757052e+00,8.160205332841433679e-01
1.147140652283775042e+00,-2.477547755428224807e+00,8.073340200726950577e-01
1.218995097400376704e+00,-2.405333113563719039e+00,8.053687864241378946e-01
1.290514141285944438e+00,-2.333568730264585334e+00,7.969321409397339684e-01
1.303706059403713979e+00,-2.323333937822168682e+00,9.705607359763755992e-01
1.306294800326275540e+00,-2.322582486920052425e+00,1.150064528668542252e+00
1.308901028841301661e+00,-2.321947833445659803e+00,1.326064100907859311e+00
1.311117769272573064e+00,-2.321014031259394983e+00,1.506421413592907266e+00
1.313488413156093326e+00,-2.319754033321198783e+00,1.694120827388528205e+00
1.315511700467283163e+00,-2.318145641385963795e+00,1.891691217939966974e+00
1.316783060336071509e+00,-2.316592959507390859e+00,2.067809231792846258e+00
1.318129857895740331e+00,-2.314792478165191625e+00,2.270622997931849518e+00
1.318736110281564677e+00,-2.312756689307599256e+00,2.458653998156585807e+00
1.319353839845684773e+00,-2.310368158652829074e+00,2.675019664500625449e+00
1.319077172397820297e+00,-2.308613366477781703e+00,2.849662324122307133e+00
1.318999744673852836e+00,-2.306430222922312367e+00,3.053251913629636771e+00
1.318383119084322708e+00,-2.304631684124468727e+00,-3.038472701579185031e+00
1.317834400594199096e+00,-2.302841728973552549e+00,-2.864134731952031387e+00
1.316574157713606752e+00,-2.300912875693294612e+00,-2.631353419051948528e+00
1.315258026757986753e+00,-2.299802131855419152e+00,-2.456623536371435712e+00
1.314522576457210823e+00,-2.298811633460269732e+00,-2.269094083402381390e+00
1.312802976843346903e+00,-2.298395135542059986e+00,-2.094939062956314046e+00
1.311431164752052014e+00,-2.298318758173019116e+00,-1.906522432829732994e+00
1.309586616657105074e+00,-2.298843122397371097e+00,-1.692188068626531372e+00
1.308232937553868158e+00,-2.299614869636367409e+00,-1.504089994746017123e+00
1.307192663649739295e+00,-2.301231948536192728e+00,-1.272737095863722523e+00
1.306931213988042906e+00,-2.302638140813683343e+00,-1.098280602332058820e+00
1.307334135898158722e+00,-2.304169766143519205e+00,-9.240858399278218949e-01
1.378974800372164244e+00,-2.378470172914635583e+00,-8.123152028341928954e-01
1.450087288414479314e+00,-2.452271835860409421e+00,-8.130235184897769418e-01
1.523741932662819876e+00,-2.528481600747209956e+00,-8.151043523349386088e-01
1.596253968891493846e+00,-2.602953523903594135e+00,-8.174075737478498915e-01
1.669488201786535786e+00,-2.679058382097905255e+00,-8.220960072259290152e-01
1.718147760329211460e+00,-2.730295998519536749e+00,-6.451283466333856964e-01
1.718842564684367025e+00,-2.731441099999913469e+00,-4.687883671436162691e-01
1.720527129119475251e+00,-2.732788153448029611e+00,-3.024113225497462865e-01
1.722964491449549218e+00,-2.734370396709075557e+00,-1.225676766142190371e-01
1.724888195719670669e+00,-2.735289364508360244e+00,6.017140805260833697e-02
1.727370327840068942e+00,-2.736175246323157229e+00,2.455087744979850550e-01
1.729734855021082041e+00,-2.737201216664669534e+00,4.255613085556055886e-01
1.732144443291917968e+00,-2.738302370319998680e+00,6.064360286310707115e-01
1.735101597246656802e+00,-2.738961473516721146e+00,7.894613515766326639e-01
1.737797248533135663e+00,-2.739097516897145645e+00,9.670667814665250273e-01
1.740396917552285760e+00,-2.738932741968234108e+00,1.144404499955460563e+00
1.743297851810095001e+00,-2.738389395340365073e+00,1.322315003798150146e+00
1.745841118154044302e+00,-2.737408786092958568e+00,1.502153722753161613e+00
1.748026367441376072e+00,-2.735846126713311843e+00,1.675145932409647820e+00
1.750341112705178892e+00,-2.734390471303929093e+00,1.855673941274190053e+00
1.752564374376241574e+00,-2.732692343428522630e+00,2.011436328222440562e+00
1.753974375149049525e+00,-2.730776380342993193e+00,2.186395448846296219e+00
1.754939557075891665e+00,-2.728930546401414414e+00,2.363535909703101900e+00
1.755716941536646702e+00,-2.726738052117849254e+00,2.543516751841297996e+00
1.755082204469111229e+00,-2.725422495890869268e+00,2.725106201465191003e+00
1.754508133700484640e+00,-2.724054210539902598e+00,2.912265020852695674e+00
1.753504099981334496e+00,-2.722984055917901713e+00,3.094199589254817084e+00
1.752254613855602550e+00,-2.721962912968096671e+00,-3.007828168214240261e+00
1.750854621713946235e+00,-2.721117609214585897e+00,-2.825620534060992117e+00
1.749017744481434100e+00,-2.720664864869193789e+00,-2.647209343626502065e+00
1.746880435551479982e+00,-2.720159567830472636e+00,-2.463512564870244947e+00
1.744890379507111122e+00,-2.720172932000279431e+00,-2.283485796493254671e+00
1.742934010671341571e+00,-2.720478957125286090e+00,-2.098627299551340197e+00
1.740840544861262940e+00,-2.721215959619232905e+00,-1.917014542525070198e+00
1.738715979357699171e+00,-2.722229688164708339e+00,-1.732816963139568678e+00
1.737045997904204775e+00,-2.723784822248319415e+00,-1.550250652850863053e+00
1.735629731605099257e+00,-2.725728450418871240e+00,-1.367808915573203610e+00
1.734466236969626651e+00,-2.727943736361484017e+00,-1.187572668522828279e+00
1.733548312080667841e+00,-2.730109435019015596e+00,-1.008751999881894790e+00
1.733417343782073239e+00,-2.732514794052561147e+00,-8.270250771224466613e-01
1.733677249637581630e+00,-2.735041919921283426e+00,-6.480029605132913151e-01
1.734243637361036372e+00,-2.738482476041592673e+00,-4.904414903906675893e-01
1.735067598984444848e+00,-2.741011200711107598e+00,-3.131606971689642749e-01
1.736578581235845631e+00,-2.743502149858606298e+00,-1.272065127861787548e-01
1.738002112275273792e+00,-2.745542293437739811e+00,5.631463368922620671e-02
1.739323491420983858e+00,-2.747420520925518694e+00,2.344415439297369563e-01
1.741018500433715754e+00,-2.749322706395183502e+00,4.215164126750268747e-01
1.739995453783039325e+00,-2.752610796652352310e+00,3.710010385991443504e-01
1.737892360613044973e+00,-2.752104497961877616e+00,1.857306430522384089e-01
1.736362372106391216e+00,-2.751514317465043380e+00,2.651879011946783188e-03
1.734277053093076448e+00,-2.750887500194730606e+00,-1.789549931840384578e-01
1.732347344284608237e+00,-2.749511833739373579e+00,-3.634494454628300342e-01
1.731286541776724031e+00,-2.748269866714830645e+00,-5.476587476816916489e-01
1.730900852770890452e+00,-2.746672140642223425e+00,-7.283692449577537920e-01
1.762501500927825537e+00,-2.779871062165609086e+00,-6.447838951696575061e-01
1.762971257379285062e+00,-2.782802940646395662e+00,-4.577502253909958574e-01
1.763554812629937407e+00,-2.784995904100149744e+00,-2.779266198185582626e-01
1.764660431093673765e+00,-2.787307738903145093e+00,-8.710394516816290233e-02
1.765704695821721737e+00,-2.789748011221149238e+00,9.539008967284529072e-02
1.767125645541251178e+00,-2.791856408800165390e+00,2.718865474506507729e-01
1.768568257482229900e+00,-2.793526558397952719e+00,4.557729914084013845e-01
1.770665553491804323e+00,-2.795160242682204643e+00,6.263771714005347269e-01
1.772434466160372590e+00,-2.797630790896360686e+00,8.004328348328447751e-01
1.770487317518502746e+00,-2.798210792655060342e+00,6.256498108756419763e-01
1.768807110179532183e+00,-2.797874523597734253e+00,4.515599705844257628e-01
1.766972286907421141e+00,-2.797952892742092690e+00,2.762983391557686796e-01
1.765398716014710878e+00,-2.797219504796959022e+00,9.944060616111206896e-02
1.764483278328669247e+00,-2.796381250270388197e+00,-7.704576612265674751e-02
1.763522305700814474e+00,-2.795438775065917980e+00,-2.571026728314242948e-01
1.762836903365327057e+00,-2.794365778027549929e+00,-4.350622521759373584e-01
1.762520480123509259e+00,-2.793293183268143132e+00,-6.058669104875824551e-01
1.838239249150541044e+00,-2.858084875911209188e+00,-6.974522753409398979e-01
1.915467887078109221e+00,-2.924182374626319803e+00,-6.940738437111836356e-01
1.992929123640365896e+00,-2.989779742123350292e+00,-6.924637242564374295e-01
2.001506498474503903e+00,-3.005480202561436442e+00,-8.073710138678656945e-01
2.001198492226441861e+00,-3.003907320436049577e+00,-9.908530984741500403e-01
2.001861510445174019e+00,-3.003380780228138480e+00,-1.169573301308702407e+00
2.004738709318262035e+00,-3.009560971842302202e+00,-1.333069860063518908e+00
2.005913875354322862e+00,-3.008722327640732441e+00,-1.512131936066122062e+00
2.007780465656942237e+00,-3.008568302251259929e+00,-1.700401108110015880e+00
2.009803314423787679e+00,-3.008557209775037045e+00,-1.876641685779986135e+00
2.011873049336163621e+00,-3.009281621735336643e+00,-2.050975711317597483e+00
2.013742564772379229e+00,-3.009531992694502556e+00,-2.228238441186797925e+00
2.015729228435995779e+00,-3.010722915338087002e+00,-2.403392021947286850e+00
2.017835541045054804e+00,-3.012073436263627446e+00,-2.578997072362331000e+00
2.019866712707039547e+00,-3.013696231528120606e+00,-2.756997893857616955e+00
2.021802563127955032e+00,-3.015869573476802845e+00,-2.944616029837554105e+00
2.023254772322464312e+00,-3.018388955172925936e+00,-3.126363696958814664e+00
2.024633906791060145e+00,-3.018056481197662677e+00,2.974017529861231690e+00
2.025902451957364736e+00,-3.018001841641016814e+00,2.786198364087793866e+00
2.038440139679001284e+00,-2.995403316453562503e+00,2.480505164223057779e+00
2.031526453649867392e+00,-3.009103667991278375e+00,2.359466187031419082e+00
1.956351089220735862e+00,-2.939575856283140443e+00,2.371100759936614288e+00
1.878880432332507455e+00,-2.858116425180030173e+00,2.349664412540262148e+00
1.804047066737657135e+00,-2.785892069456685771e+00,2.352227409444359374e+00
1.730258741062987937e+00,-2.714318295327684538e+00,2.355698265938584779e+00
1.624900090567471977e+00,-2.621385737231377355e+00,2.343407061308840245e+00
1.547718418631347514e+00,-2.546583593436615445e+00,2.340803299602993715e+00
1.515029361368507077e+00,-2.523247669952590755e+00,2.177051099821847746e+00
1.522613526975189258e+00,-2.516653470955088512e+00,2.331358773539332851e+00
1.526852656568009170e+00,-2.510886126643957716e+00,2.519499514116215089e+00
1.527274415017134457e+00,-2.511986812210768694e+00,2.727116972551636209e+00
1.527301969022249573e+00,-2.513386690360972509e+00,2.931075174396696958e+00
1.527176839532889074e+00,-2.514397198590073934e+00,3.128151763699666077e+00
1.526658050022736468e+00,-2.515759061241625627e+00,-2.944465066548383803e+00
1.525942618367099213e+00,-2.517121439800665161e+00,-2.749311784900235089e+00
1.524693660987616051e+00,-2.519052724376900088e+00,-2.540840839409652219e+00
1.444262620046217416e+00,-2.587628736766396820e+00,-2.515484390969106698e+00
1.364722497481646313e+00,-2.651746628700341279e+00,-2.514290359237237205e+00
1.279339705987092124e+00,-2.718860535129358436e+00,-2.513345790917520972e+00
1.191013839095427906e+00,-2.789606006509867342e+00,-2.510535436157944389e+00
1.109207265210204518e+00,-2.855586563549079138e+00,-2.504883853853991926e+00
1.068740983395881861e+00,-2.857410799824362968e+00,-2.486900168765487251e+00
1.094456420142402742e+00,-2.862777930908462221e+00,-2.198790927469148837e+00
1.104057190464012850e+00,-2.856051849677327059e+00,-2.046732914119419711e+00
1.111943762432186400e+00,-2.850917920090108471e+00,-1.898876192606263391e+00
1.122804306727988255e+00,-2.839256209357710503e+00,-1.718115048747742790e+00
1.133750120494736446e+00,-2.828244291324311543e+00,-1.536976836762742771e+00
1.145082215624071864e+00,-2.817278607443479022e+00,-1.359102670930689927e+00
1.157043992859104531e+00,-2.807036406386730576e+00,-1.172497790732565104e+00
1.194973290387103093e+00,-2.907318656661887601e+00,-1.064591548988707892e+00
1.241567658205791069e+00,-3.001299925250877632e+00,-1.054683282222927510e+00
1.288143398253963845e+00,-3.098043224407106777e+00,-1.045711069599698062e+00
1.283826875371421705e+00,-3.138182944742563762e+00,-9.023790540920895165e-01
1.280832242860166170e+00,-3.141896139979538205e+00,-7.119146542141231437e-01
1.277895899130168322e+00,-3.145650595664809757e+00,-5.271464923182072049e-01
1.275565670297260867e+00,-3.149426154016710999e+00,-3.401510469856399155e-01
1.273474922842942947e+00,-3.153207035488619692e+00,-1.523241834578126785e-01
1.271626883242181094e+00,-3.156500111701506572e+00,3.039724292734280811e-02
1.269457339379602701e+00,-3.159818717660568321e+00,2.158916008276484666e-01
1.267987391056178970e+00,-3.163258681682756368e+00,4.099818970626201153e-01
1.266493193078515711e+00,-3.166258422516053717e+00,5.950769226388515909e-01
1.265137981468001938e+00,-3.168772546121531697e+00,7.834737148522995520e-01
1.263986037632333748e+00,-3.171012618145201856e+00,9.708684995765010095e-01
1.265574344366873882e+00,-3.172385704442624910e+00,1.148043720090730968e+00
1.267147322474959426e+00,-3.172754474790291823e+00,1.341514929570029269e+00
1.268228680235145900e+00,-3.172902901202168557e+00,1.519421588434881620e+00
1.269407707491488013e+00,-3.172721476883218372e+00,1.705234643506951420e+00
1.270220028704676096e+00,-3.172344347725154279e+00,1.877862436977687066e+00
1.270867493809591187e+00,-3.171716975434844432e+00,2.054455178021326045e+00
1.270893846207274303e+00,-3.171074119770942890e+00,2.233019962138521386e+00
1.270517864911697048e+00,-3.170354810470299878e+00,2.411747268235564512e+00
1.269272675226844171e+00,-3.168648688382754930e+00,2.672524878250370772e+00
1.268393559193223830e+00,-3.167590414140892818e+00,2.851654119670453902e+00
1.267015119054329286e+00,-3.166516629109709768e+00,3.030395439956023562e+00
1.265568542439640343e+00,-3.165803755101505246e+00,-3.077782540230404429e+00
1.264262587872974075e+00,-3.165456912769728515e+00,-2.906652857866802719e+00
1.261903377896732792e+00,-3.164872705614188320e+00,-2.723079802696073415e+00
1.267371571685793619e+00,-3.174248636336419072e+00,-2.508345908893299114e+00
1.272798997590367520e+00,-3.184192691067844638e+00,-2.295130142646120142e+00
1.277848088957593387e+00,-3.194443113828351333e+00,-2.081422730342332272e+00
1.272949405750184670e+00,-3.189530309559132526e+00,-1.917066043663088859e+00
1.267807154072674969e+00,-3.184715029534202824e+00,-1.751221067051038194e+00
1.262877241406092033e+00,-3.180583992653977621e+00,-1.582742247476120134e+00
1.258342315819101609e+00,-3.176846617526439598e+00,-1.414977456257891619e+00
1.261608909899546216e+00,-3.175523311150528993e+00,-1.220576150497161949e+00
1.265207810902379659e+00,-3.174390693598048152e+00,-1.023791506949364383e+00
1.276742307809144439e+00,-3.193569484179247464e+00,-8.694702139029282240e-01
1.341086663371191090e+00,-3.274798854940923487e+00,-8.713501099874498834e-01
1.415180083968659908e+00,-3.355799438047905703e+00,-8.551298531354135646e-01
1.492209646799015133e+00,-3.410996427369477946e+00,-9.821884274144391247e-01
1.476699183119476899e+00,-3.411687547463030157e+00,-1.177905293288544764e+00
1.463590487993767564e+00,-3.412657061145474735e+00,-1.394373237855804915e+00
1.462579468202863886e+00,-3.413689417444613738e+00,-1.603847497176795533e+00
1.461515961613448988e+00,-3.414970278923658675e+00,-1.789410582546625994e+00
1.459842841348783615e+00,-3.420685323910744202e+00,-1.996012558179758978e+00
1.458701721343523827e+00,-3.426238157292069708e+00,-2.177795226076688184e+00
1.453195347585503727e+00,-3.433194656277266166e+00,-2.393750360260117560e+00
1.370708352145806996e+00,-3.497157823479658312e+00,-2.386294961573148132e+00
1.295860863806685526e+00,-3.457752903982816317e+00,-2.250595275559318598e+00
1.295737964991964475e+00,-3.471950209260143971e+00,-2.050445790772200905e+00
1.295434946916521612e+00,-3.485522562690375636e+00,-1.861942426317447552e+00
1.294911416444752383e+00,-3.498959488239473448e+00,-1.689590009275523164e+00
1.295764710644049300e+00,-3.511479604477561800e+00,-1.504356817230395382e+00
1.297088399115869484e+00,-3.524767895632325843e+00,-1.332694426181723957e+00
1.312662014728752879e+00,-3.520637827986566659e+00,-1.133241007975360759e+00
1.328183607717316805e+00,-3.516720970551763248e+00,-9.296254922351899763e-01
1.326078643320165673e+00,-3.522082210937519609e+00,-7.525813509450373084e-01
1.323737324756143474e+00,-3.527677508239521753e+00,-5.740621629945502624e-01
1.325190019393876373e+00,-3.531340945290262212e+00,-3.955197090959611250e-01
1.326685160343518133e+00,-3.535185871938951951e+00,-2.148735942233893637e-01
1.328415626929804194e+00,-3.538810476219963697e+00,-2.214872850016023215e-02
1.330692135654798047e+00,-3.542672251961820340e+00,1.589477042570758836e-01
1.333234696772284789e+00,-3.546256729774940997e+00,3.407790624918948796e-01
1.335995150279493116e+00,-3.549320398029319090e+00,5.212983343014676585e-01
1.338348273472899086e+00,-3.551764196397718010e+00,7.002479752571385552e-01
1.341168830952512936e+00,-3.554179224865890774e+00,8.779045991256295700e-01
1.333364005290068821e+00,-3.552968913056063105e+00,1.076622387565085548e+00
1.325003065454606999e+00,-3.551800816332592703e+00,1.254151256276726301e+00
1.328866697305723488e+00,-3.552431030538563572e+00,1.427971123221274397e+00
1.332264155734438571e+00,-3.552476503469021107e+00,1.609118418689996943e+00
1.335400579316951220e+00,-3.552236905932326216e+00,1.787739024683504541e+00
1.339835075599732361e+00,-3.551111753891931233e+00,1.960945926279824780e+00
1.343918364272184585e+00,-3.549892929129037533e+00,2.135514811111890232e+00
1.347817492207297185e+00,-3.548472794085696158e+00,2.311905073820810674e+00
1.350982309848393514e+00,-3.547389742165608428e+00,2.487571386788733463e+00
1.353780393696597306e+00,-3.546542982369957020e+00,2.663823008757772115e+00
1.353446399563013491e+00,-3.548242824812619656e+00,2.855016276461673108e+00
1.353481477867629401e+00,-3.549792391996845264e+00,3.049865691656353128e+00
1.353379433307402069e+00,-3.551367264250762101e+00,-3.043260698087541183e+00
1.352079730343740183e+00,-3.548727289003248853e+00,-2.861771269295113829e+00
1.350715086664591835e+00,-3.545986521025830118e+00,-2.680155494997108701e+00
1.349105118613966647e+00,-3.543618223753508989e+00,-2.498883586319510020e+00
1.349342154146601080e+00,-3.541682581587444645e+00,-2.494877140849725450e+00
1.351657409592016190e+00,-3.538422897762315333e+00,-2.661921449325462596e+00
1.282441457270750318e+00,-3.570262019793761787e+00,-2.667408455056573757e+00
1.181908627392309841e+00,-3.622396355804329282e+00,-2.663499611106817877e+00
1.082763537519091379e+00,-3.676944616688323286e+00,-2.651770838182944789e+00
9.848171891027143188e-01,-3.731485654428438714e+00,-2.643273087320114012e+00
9.229325963879946304e-01,-3.766040968913603404e+00,-2.458674659797435602e+00
9.168532485528310128e-01,-3.763577805017971123e+00,-2.592614072885042198e+00
9.141033396537997513e-01,-3.762677561135271631e+00,-2.815712830171930303e+00
9.133761331171039721e-01,-3.764305268812194516e+00,-2.994951324916458546e+00
9.128608320906644868e-01,-3.765907001112407837e+00,3.112787483647513564e+00
9.123506630920807936e-01,-3.768619702788952974e+00,2.938740943882440781e+00
9.115555628724555381e-01,-3.771569286920302577e+00,2.767694203149639876e+00
9.106111672130189350e-01,-3.774753395843440273e+00,2.590926247894449475e+00
9.095675743106788058e-01,-3.777793161399636723e+00,2.421690771873973080e+00
9.084817012977211004e-01,-3.780753356935838916e+00,2.244731153752906661e+00
9.068213323570565310e-01,-3.783770462645966948e+00,2.071698486872339373e+00
9.045843659858099350e-01,-3.786894666643092489e+00,1.896553193601915099e+00
9.013641995656637151e-01,-3.790153705746091450e+00,1.704835827159596251e+00
8.988792937078602385e-01,-3.792365160404751023e+00,1.535765856933442919e+00
8.954004637601982175e-01,-3.794449709633681778e+00,1.318514239934665655e+00
8.980015398188423426e-01,-3.798701058784770712e+00,1.115154599226626075e+00
9.004294829164306568e-01,-3.802508721300101868e+00,8.829646037710162654e-01
9.023176173195999183e-01,-3.805274052050104938e+00,6.873900953326578245e-01
9.043954495127107807e-01,-3.807893008307170923e+00,4.906111457521233898e-01
9.000039015118831420e-01,-3.806992354011022428e+00,3.125192401720598978e-01
8.958625217407146790e-01,-3.806190952911745917e+00,1.429392450919942659e-01
8.921283370009380764e-01,-3.805207135184167644e+00,-2.257410334086246140e-02
8.912048600648428964e-01,-3.802842472322619738e+00,-1.885477164977457654e-01
8.904605160061994651e-01,-3.799876644896097666e+00,-3.802182476920972221e-01
8.899121637650521111e-01,-3.797680953789324576e+00,-5.652359968362397069e-01
8.897461040431973167e-01,-3.795285398511428543e+00,-7.492936841225980027e-01
8.900287702333512518e-01,-3.793187844296084688e+00,-9.145316540153700657e-01
8.903921287502477577e-01,-3.790803753624520045e+00,-1.075377277291913014e+00
8.914059106985474656e-01,-3.788579084080405224e+00,-1.236796293405222569e+00
8.927129481777668074e-01,-3.786490213681072081e+00,-1.415138995880100392e+00
8.921725782380564018e-01,-3.780882548692297451e+00,-1.637405414210314492e+00
8.921855480905594993e-01,-3.776387103608686679e+00,-1.839511922436048552e+00
8.925004915689181972e-01,-3.772817694307085024e+00,-2.030037542871971024e+00
8.931021292386273069e-01,-3.769882935016103165e+00,-2.227193287338758321e+00
8.935767689666412883e-01,-3.767321429261325960e+00,-2.443793315709531733e+00
8.938343329096601897e-01,-3.764746846095310850e+00,-2.634548949285012931e+00
8.937874129385598998e-01,-3.762566247062242741e+00,-2.832393715206581231e+00
8.937062456560583845e-01,-3.760194626627396897e+00,-3.049379152569159146e+00
8.933474384232272802e-01,-3.758386406472073560e+00,3.041637593742696488e+00
8.933071811061835676e-01,-3.756591306851623013e+00,2.847074449499650051e+00
8.926308808350954527e-01,-3.754786602468413559e+00,2.630798622099953743e+00
7.978237223586411853e-01,-3.720662998280875655e+00,2.621122027890783190e+00
6.967691949769095894e-01,-3.652301035293626263e+00,2.621126291644632289e+00
6.888977086307034314e-01,-3.646483968917540341e+00,2.781925227224746777e+00
6.888853239840383447e-01,-3.646501734875839507e+00,2.612144024628598515e+00
6.891884780147328193e-01,-3.646831314169857841e+00,2.422519916670887508e+00
6.078701990200890970e-01,-3.581795421684613512e+00,2.414980466307245166e+00
5.291674021234462622e-01,-3.513012960815037111e+00,2.415402169339482263e+00
4.492597315917518097e-01,-3.443014227009895123e+00,2.413496067920921639e+00
3.686532039085064216e-01,-3.362007693932390406e+00,2.412207128590596827e+00
3.692924115536830310e-01,-3.349502018283485150e+00,2.539965712544532295e+00
3.657954714642940308e-01,-3.352839802119929491e+00,2.731219008942145532e+00
3.618983354966227028e-01,-3.356285366683166682e+00,2.930302222142161295e+00
3.582961417425471473e-01,-3.359650243714594975e+00,3.130190995094894291e+00
3.548379823379855802e-01,-3.363165857155936855e+00,-2.958924351158581878e+00
3.514041356603205823e-01,-3.366733975734522044e+00,-2.763160802719357712e+00
3.554892323519050490e-01,-3.380672111328294260e+00,-2.524434774606766130e+00
2.589124143682770551e-01,-3.447643908975499549e+00,-2.446791518983506553e+00
1.650765358229007440e-01,-3.515749971856599210e+00,-2.475628047674283572e+00
7.403374088673071729e-02,-3.579034294773208114e+00,-2.498723357179506444e+00
-1.643802742976562328e-02,-3.638700450305387690e+00,-2.520736303999033812e+00
-1.102084781182703643e-01,-3.698343230677648030e+00,-2.543054665435713790e+00
-1.585592900283976370e-01,-3.748062926979644160e+00,-2.408966278525833449e+00
-1.469672247782757013e-01,-3.754075555797922625e+00,-2.417709513516606901e+00
-1.468233759401866290e-01,-3.754429941055235087e+00,-2.613727965888927418e+00
-1.465958473883276769e-01,-3.755162115285686664e+00,-2.797486726994178774e+00
-1.461632127349721810e-01,-3.756246495451000200e+00,-2.979140576551606134e+00
-1.456546255046198002e-01,-3.757743814272451299e+00,3.090600106829750615e+00
-1.454588549826197341e-01,-3.758965985217656236e+00,2.886532059047198562e+00
-1.457321511325167240e-01,-3.760061696219428207e+00,2.705123176726954792e+00
-1.463148886099950863e-01,-3.761330340256934690e+00,2.517690056795005571e+00
-1.469066273381389176e-01,-3.762970129497360539e+00,2.307017714581409251e+00
-1.479903777781256813e-01,-3.764284254290033438e+00,2.105375805245333964e+00
-1.495323915520328228e-01,-3.765166914262691567e+00,1.920843920812064454e+00
-1.517681492083331196e-01,-3.765560753322662269e+00,1.736244461331248656e+00
-1.543050875636346742e-01,-3.765830563449601875e+00,1.549452098991482174e+00
-1.570206068929811682e-01,-3.765926682787258617e+00,1.366154729132341705e+00
-1.601643672699141485e-01,-3.765527691330346816e+00,1.184365914283951771e+00
-1.635133315081635508e-01,-3.764608653944199190e+00,9.807299232498110086e-01
-1.664135323681349699e-01,-3.763300160573082920e+00,7.986956949360802804e-01
-1.696119622413130301e-01,-3.761617039125495499e+00,6.118646725714279588e-01
-1.726406328761788123e-01,-3.759370999060019258e+00,4.003921060669191623e-01
-1.754635082670246427e-01,-3.756827929108540687e+00,2.205886766657691456e-01
-1.783880162084953147e-01,-3.754263746260649626e+00,1.477284236791400092e-02
-1.805888926063001498e-01,-3.751938001678457368e+00,-1.672469225963234829e-01
-1.826439452394014729e-01,-3.749396705701619759e+00,-3.557154098992818536e-01
-1.842820682435553081e-01,-3.746664983786242686e+00,-5.392105821366822704e-01
-1.857722057674940364e-01,-3.743948796592528883e+00,-7.155638644644193302e-01
-1.868072562655745672e-01,-3.741265061423646898e+00,-8.979272902154156188e-01
-1.874136848272832667e-01,-3.738532365356848075e+00,-1.083573168654699437e+00
-1.876750441584793538e-01,-3.736071586236220377e+00,-1.259315834081071950e+00
-1.880378600607298389e-01,-3.734043805240343961e+00,-1.439066543937284059e+00
-1.871431713999670565e-01,-3.732099302174743727e+00,-1.620062268821865770e+00
-1.882109906211824890e-01,-3.730132142468699286e+00,-1.811896351759253454e+00
-1.892417109422054600e-01,-3.728366389598117614e+00,-2.023157520745966664e+00
-1.899111434265793041e-01,-3.727528334064739823e+00,-2.205557125910348581e+00
-2.462828347896540426e-01,-3.807483655095887265e+00,-2.249217032634106772e+00
-3.068316587947840790e-01,-3.889435592356828231e+00,-2.234510700786599191e+00
-3.673479142268389341e-01,-3.969569068667806011e+00,-2.203322226113747284e+00
-3.947916570428768868e-01,-4.016744809027169794e+00,-2.013848580027613355e+00
-4.040909110973427976e-01,-4.041354648328934651e+00,-1.828508005131183722e+00
-4.041343842925465002e-01,-4.042122387705225250e+00,-1.643823695745609825e+00
-4.043877244984552255e-01,-4.043062747249948075e+00,-1.458065496938860672e+00
-4.043504102003094847e-01,-4.044481997902436454e+00,-1.267318578171912735e+00
-4.045846076861205898e-01,-4.046082748484346681e+00,-1.061112129228177992e+00
-4.038556151651667148e-01,-4.047867429294032426e+00,-8.773184358202152922e-01
-4.027438639046745927e-01,-4.050150014365327067e+00,-6.913260560960885481e-01
-4.009972236617257435e-01,-4.052454215030915741e+00,-5.097940239402691809e-01
-3.992945346602337908e-01,-4.054653538339605845e+00,-3.243001634039185954e-01
-3.979825941622653351e-01,-4.056335617246951131e+00,-1.432270650914518051e-01
-3.963797442355141976e-01,-4.057556284508022415e+00,4.393299268960350334e-02
-3.951766314897263155e-01,-4.058914715831966724e+00,2.239492219266721318e-01
-3.928684612267161480e-01,-4.060481600051250695e+00,4.119673164316878800e-01
-3.905019586071530324e-01,-4.061685491660747438e+00,5.931087006629685021e-01
-3.878861192706697936e-01,-4.062818788626436195e+00,7.818714990091895078e-01
-3.849852942790757959e-01,-4.063292436751082981e+00,1.007130580214099735e+00
-3.258309584969510397e-01,-3.983159340626705180e+00,1.010453613199526757e+00
-2.603918637110337886e-01,-3.895451490990501586e+00,8.871333085425809895e-01
-1.814248362606614706e-01,-3.814071840548683756e+00,7.975385427919399195e-01
-1.020911476989539712e-01,-3.733023607105460773e+00,7.977623421578843299e-01
-2.392625869461890986e-02,-3.662279033259660643e+00,8.006670751650677431e-01
5.269908338828017264e-02,-3.590539738957319482e+00,8.004926937684111454e-01
1.179328123465432088e-01,-3.522929463939977968e+00,8.006982188829664393e-01
1.817090209561715020e-01,-3.456455435520507713e+00,8.016871848984303828e-01
2.536649175116298394e-01,-3.383725918340590333e+00,8.090097734325271128e-01
3.248971251676175398e-01,-3.315019028616794206e+00,8.045837964633157924e-01
3.505906670319756113e-01,-3.260540641069403112e+00,7.399830288955445701e-01
3.609416800562941230e-01,-3.276285762626323539e+00,4.717845997529298008e-01
3.648123543851222172e-01,-3.273109897767591203e+00,2.694702557323773173e-01
3.665821031520378193e-01,-3.268514181618941805e+00,7.099098018595273452e-02
3.678932419549104105e-01,-3.260707230000059909e+00,-1.127357764990103983e-01
3.672048676329757178e-01,-3.255702761002995604e+00,-3.028004218432517880e-01
3.647723042303769869e-01,-3.250960938300309078e+00,-4.880710871298891140e-01
3.629428903708842302e-01,-3.246366841694205974e+00,-6.794287489671082536e-01
4.434994094184206981e-01,-3.297954654705223199e+00,-7.371147704738927331e-01
5.274268276712640313e-01,-3.373679266659464826e+00,-7.395833892326209025e-01
6.112749115840198089e-01,-3.450011220916574306e+00,-7.425724850126294019e-01
6.890976584627444002e-01,-3.518696722655919373e+00,-7.473948451345433508e-01
7.772430903344641484e-01,-3.604399145309058028e+00,-7.491978345650189830e-01
8.586257629369716815e-01,-3.673656043355038481e+00,-7.412726446767997635e-01
9.373333936578817083e-01,-3.744000905867758355e+00,-7.457486476962240651e-01
1.014928565695367935e+00,-3.813310926328255412e+00,-7.510269252638004378e-01
1.093080846847154897e+00,-3.884158831076565122e+00,-7.566840809297017412e-01
1.151360938949065771e+00,-3.920598576060550400e+00,-9.231843008034349429e-01
1.153168811822402162e+00,-3.919400643391552030e+00,-1.108906584833855291e+00
1.163783725905300326e+00,-3.917966663037648622e+00,-1.273768696901458997e+00
1.177261987682081124e+00,-3.916069536404731988e+00,-1.397050874522479669e+00
1.175966488577210978e+00,-3.917237800517283208e+00,-1.295267417328060056e+00
1.157604970950903089e+00,-3.914492495700739649e+00,-1.525269033394157203e+00
1.162808337743445275e+00,-4.011781787537415767e+00,-1.556052680385221709e+00
1.157924207354234625e+00,-4.073699998493074403e+00,-1.620240178281848742e+00
1.145957639493394575e+00,-4.067920794797420747e+00,-1.877906186035599667e+00
1.138343396225863779e+00,-4.065024225831952442e+00,-2.109509542507461255e+00
1.138305770048558152e+00,-4.066578961549199178e+00,-2.301288869371826529e+00
1.142649333484231589e+00,-4.071303014800651709e+00,-2.313090498426372932e+00
1.143389887231599733e+00,-4.075414945943454548e+00,-2.119757221175514683e+00
1.151194390428166292e+00,-4.081875038987374360e+00,-2.243022625339578635e+00
1.086640242471787587e+00,-4.156490297450242899e+00,-2.287028533951327436e+00
1.022521396881484801e+00,-4.230826100174573945e+00,-2.283098602549951561e+00
1.017855496563369933e+00,-4.266343645976778731e+00,-2.394037503273675149e+00
1.016910231510238738e+00,-4.261521490524656564e+00,-2.602352640008074758e+00
1.015828168982991775e+00,-4.256926771132668819e+00,-2.807116408341564284e+00
1.015791107813169170e+00,-4.254656507552569522e+00,-2.997958326678917373e+00
1.016312654069575494e+00,-4.249052551452140669e+00,3.071919336578917026e+00
1.016803956973042489e+00,-4.246698685334533430e+00,2.871938936152243382e+00
1.015483616932686406e+00,-4.252151784717731253e+00,2.707696782328699481e+00
1.013979682411381367e+00,-4.257073675740066676e+00,2.550222907910639325e+00
1.017117306761205375e+00,-4.256466347819964469e+00,2.333803275737787786e+00
1.011011650356873126e+00,-4.260777075536730685e+00,2.179063002474762811e+00
1.005054038392390714e+00,-4.265052097489369309e+00,2.030421573295112747e+00
9.978171800583481854e-01,-4.269355346429988707e+00,1.871357760177840612e+00
9.908506027601170496e-01,-4.273535080777580042e+00,1.716960097638965399e+00
9.980260786814554308e-01,-4.283113049394548177e+00,1.492874808963719824e+00
1.000998663834671953e+00,-4.286278834998648257e+00,1.283540979534357751e+00
1.003831041364594112e+00,-4.288377421470019435e+00,1.081555403504207868e+00
1.000628566172022227e+00,-4.287267079655830315e+00,9.070320422939198712e-01
9.975546966289793316e-01,-4.286042948270269548e+00,7.250906513568872169e-01
9.945300666995283700e-01,-4.284137666997079208e+00,5.484888443849379458e-01
9.915371734135841608e-01,-4.281836191973252603e+00,3.611918597936807918e-01
9.891848781382192035e-01,-4.279743748428522565e+00,1.826504893918255157e-01
9.870634146144326992e-01,-4.277379483700079810e+00,4.448051246357288477e-03
9.847820007016966359e-01,-4.275379698408012352e+00,-1.744323712071400856e-01
9.825649265900007201e-01,-4.273223753491955712e+00,-3.545990419525619219e-01
9.805617309808520865e-01,-4.271093285369861547e+00,-5.362562721085396555e-01
9.786934931003707927e-01,-4.268998981612848631e+00,-7.129040478052093288e-01
9.805421474437124862e-01,-4.266597471350524806e+00,-8.909506278745970009e-01
9.831134461550203874e-01,-4.264042297612766319e+00,-1.072193479054431187e+00
9.861562295160127833e-01,-4.261503417926808090e+00,-1.242519553091579132e+00
9.789497984916194495e-01,-4.265975971535701738e+00,-1.441307802450835007e+00
9.780533232104059449e-01,-4.266977086007869069e+00,-1.617731718635204485e+00
9.825949630563937109e-01,-4.270544545041147444e+00,-1.773339749403443077e+00
9.770726208986056927e-01,-4.267357853094660314e+00,-1.982220949359104534e+00
9.713574570607743652e-01,-4.264671994848566072e+00,-2.191946204714632529e+00
9.305713530953169110e-01,-4.328501099647997563e+00,-2.282539453920918504e+00
8.612069475130227358e-01,-4.407065438226469567e+00,-2.277940312218076357e+00
7.930598118134253305e-01,-4.483814018055127804e+00,-2.268508461250143160e+00
7.260929873925312528e-01,-4.559625948369073534e+00,-2.168663436582300541e+00
6.735265263391149171e-01,-4.636625159439463850e+00,-2.151958945650026767e+00
6.176639399441954392e-01,-4.713399195786297291e+00,-2.051677034622766627e+00
5.750760567155264180e-01,-4.797564326076417807e+00,-1.997301169946062993e+00
5.263359321452207862e-01,-4.797346517382193198e+00,-1.887123782580090836e+00
5.649949073204004746e-01,-4.808927568201287528e+00,-1.627276697321792254e+00
5.555741897936302687e-01,-4.839699808897432121e+00,-1.482138842035326087e+00
5.652416756798401831e-01,-4.884001035175703720e+00,-1.296126485835751740e+00
5.803117452002284349e-01,-4.885645174853738837e+00,-1.071740121234861398e+00
5.798711796935549501e-01,-4.913138972964736340e+00,-9.277916249608131327e-01
6.145556546660355668e-01,-4.965933836184853511e+00,-9.891936709495242619e-01
6.622045914827544566e-01,-5.061347049163484435e+00,-1.015213066350231452e+00
6.623478777118064764e-01,-5.074368365417279314e+00,-1.203087873643609473e+00
6.665253723056242530e-01,-5.075191269390296078e+00,-1.373277977189655497e+00
6.730262109528547532e-01,-5.076709097650458524e+00,-1.542106008567268871e+00
6.794946350511806843e-01,-5.078396155425318526e+00,-1.722270938763503123e+00
6.857736175655378963e-01,-5.080222250105064674e+00,-1.893127537733915178e+00
6.927770564716038137e-01,-5.082691900096981463e+00,-2.073049451814463318e+00
6.898308662138088465e-01,-5.074077995997499535e+00,-2.268017752877053983e+00
6.866829035848395213e-01,-5.065972923127468164e+00,-2.452470087185209202e+00
6.922889008325830984e-01,-5.069697309250421391e+00,-2.548972052403973620e+00
6.843898830666738098e-01,-5.063282130318619068e+00,-2.378164020049771121e+00
6.993975339545572822e-01,-5.084351787491160124e+00,-2.169134849210880844e+00
6.949427940042208762e-01,-5.081727484499930725e+00,-1.985853302149517718e+00
6.906022250188837974e-01,-5.081063853030721944e+00,-1.808039885085852783e+00
6.832767263884564901e-01,-5.097334457123840146e+00,-1.630099893523199617e+00
6.795428828112961561e-01,-5.114940818317977644e+00,-1.448904868636538890e+00
6.766759959203265673e-01,-5.153219154132807844e+00,-1.306629614746217083e+00
7.017222988859422861e-01,-5.187729932763021523e+00,-1.105433876052991593e+00
7.382476937059234690e-01,-5.281974354374503910e+00,-1.045924140209615771e+00
7.883367312881439659e-01,-5.371713336482338619e+00,-1.047773715867887034e+00
7.802752222016146044e-01,-5.443796164349550715e+00,-9.321023058152611007e-01
7.929000778569690322e-01,-5.430849761314161306e+00,-7.237704210729807297e-01
7.981703188833610962e-01,-5.426512920880623980e+00,-5.303518654038150704e-01
8.045424157602300008e-01,-5.422233811983438123e+00,-3.444338250592784978e-01
8.046739944458024540e-01,-5.425629584173255360e+00,-1.761689533746242098e-01
8.055147418160212291e-01,-5.428456680861007300e+00,1.764667413584755781e-03
8.066234423942225673e-01,-5.431633449362186283e+00,1.859085275552520011e-01
8.077500173315567134e-01,-5.434837077073545686e+00,3.695605462924277385e-01
8.094217090270096060e-01,-5.437125416422492918e+00,5.551151194529914124e-01
8.108502438039643101e-01,-5.439298953136566084e+00,7.335319531947301908e-01
8.538907537592838048e-01,-5.393004401497909939e+00,8.660370040138442027e-01
8.629860431336345838e-01,-5.385903340733959155e+00,1.034899392937217444e+00
8.644537254254902603e-01,-5.386810497238872841e+00,1.207893822162462882e+00
8.616501522054414997e-01,-5.387218674196748935e+00,1.402972914660526316e+00
8.618852688479581303e-01,-5.386620558482754006e+00,1.588827108609647709e+00
8.576631064679257621e-01,-5.386140072423994951e+00,1.780604508546051123e+00
8.487354244064330144e-01,-5.385161546279165101e+00,1.994829169380104128e+00
8.380033081427423758e-01,-5.383781479959513838e+00,2.211225416561513946e+00
7.944163124412561006e-01,-5.304160739056530183e+00,2.215064959568351810e+00
7.294386196886439855e-01,-5.218322398463839384e+00,2.222594021184109092e+00
6.632615591720021353e-01,-5.134776633022180903e+00,2.283550521363188590e+00
6.320540908224181464e-01,-5.089906570082086468e+00,2.105639862808545981e+00
6.135560314810664106e-01,-5.048504548766066691e+00,1.929492703392209796e+00
6.080138024444957656e-01,-4.998097897818917446e+00,1.721355520469431744e+00
6.006746037331947008e-01,-4.941326890270812733e+00,1.547987687476325425e+00
6.076686672054820715e-01,-4.877621936506831624e+00,1.386035611158976444e+00
6.300256591491918412e-01,-4.781736451701484647e+00,1.268716664704113484e+00
6.661034145980048171e-01,-4.693056680976148698e+00,1.140990829187839450e+00
6.506147002938823531e-01,-4.615708758788622745e+00,1.064058093463103427e+00
7.135942082228329264e-01,-4.533575265943666999e+00,1.053928994069679437e+00
7.727847598170590748e-01,-4.451330616209161484e+00,1.047356756867447336e+00
8.142250410416563833e-01,-4.396634155245562781e+00,8.983666654953689212e-01
8.555592483820996241e-01,-4.352962417169779386e+00,7.276908328703781681e-01
9.033158385635222665e-01,-4.315620869528999926e+00,5.555811790112648030e-01
9.555325110351395868e-01,-4.286649252250592568e+00,3.807159823600521631e-01
1.012245788625357523e+00,-4.267106022305513058e+00,2.064715220001075158e-01
1.056213410856870150e+00,-4.258554892720584739e+00,3.516232159335710289e-02
1.094761090303429718e+00,-4.258147425730434144e+00,-1.496562884249925951e-01
1.147492978250933993e+00,-4.267757383110926561e+00,-3.214377918831800018e-01
1.241725485773829130e+00,-4.307184741189309385e+00,-4.448282774646892257e-01
1.294958333778041482e+00,-4.330507458882324023e+00,-2.926189324626695121e-01
1.316873465643625618e+00,-4.328363490032645089e+00,-9.858168334471653638e-02
1.330807220817552317e+00,-4.327945041528486136e+00,8.677083746289825095e-02
1.337531809344588929e+00,-4.327034295747800741e+00,2.611448862415514105e-01
1.344412334341884785e+00,-4.325419019874999549e+00,4.438634859170175750e-01
1.361362382748489752e+00,-4.315324869149397280e+00,6.202183148098934229e-01
1.442948243995430868e+00,-4.247444233699839700e+00,6.915723488678180431e-01
1.523567153295700027e+00,-4.178234108825733983e+00,6.993507556886822130e-01
1.603548538383629873e+00,-4.108069717654777797e+00,7.034270499177990299e-01
1.683240280578312431e+00,-4.038788556311771138e+00,7.087982306699531776e-01
1.762164724558526130e+00,-3.968615773930757040e+00,7.069621581261361642e-01
1.771556823015745019e+00,-3.962098434392726798e+00,8.841945784256178831e-01
1.775268270723312503e+00,-3.959921851011538596e+00,1.065979041967088037e+00
1.778588924078633227e+00,-3.957559727447673481e+00,1.239351308953066777e+00
1.781982781742253996e+00,-3.954104007502723839e+00,1.420428302927997155e+00
1.785052367457518496e+00,-3.950772693296455529e+00,1.593878643612565149e+00
1.788030844869303193e+00,-3.947141275634380886e+00,1.780475397022712514e+00
1.813226227788176548e+00,-3.926893190205737127e+00,1.927372014141281564e+00
1.806467753093102813e+00,-3.931642978160942548e+00,2.127732422317095473e+00
1.809804817630297435e+00,-3.928015366339640657e+00,2.312462679412474742e+00
1.812537443750604549e+00,-3.924463468501012020e+00,2.493578352637385809e+00
1.812103610614346216e+00,-3.922995213902771727e+00,2.677506402472694003e+00
1.811188979231537877e+00,-3.921707737717381459e+00,2.861365909834800991e+00
1.810379855016891693e+00,-3.920321454226614044e+00,3.042619305135721319e+00
1.809631317969637276e+00,-3.918849780290078133e+00,-3.058223131043262377e+00
1.808418953508855065e+00,-3.917665509238749788e+00,-2.878639361842566746e+00
1.807025748691843958e+00,-3.916604055336376788e+00,-2.700365894746338036e+00
1.805463449634927109e+00,-3.915946919371525503e+00,-2.520066513195762248e+00
1.825805609695543286e+00,-3.937803546538432453e+00,-2.249900488571433321e+00
1.815929160742338677e+00,-3.929992343092763907e+00,-2.093951058523920938e+00
1.806035131011713535e+00,-3.922494146147690319e+00,-1.942238077778591032e+00
1.801915615553518091e+00,-3.924695440884739206e+00,-1.757843190286047852e+00
1.797838759888882754e+00,-3.926632242367143366e+00,-1.580563445969440206e+00
1.794207266925024635e+00,-3.929006377153760443e+00,-1.405939410972950387e+00
1.791047951899207957e+00,-3.931551709922570303e+00,-1.227934657175969502e+00
1.787980119347667429e+00,-3.934120767360381965e+00,-1.053920410248267769e+00
1.785144750895367505e+00,-3.936888163256703432e+00,-8.758226782567496427e-01
1.776660420685662434e+00,-3.957377890947399557e+00,-7.335493697886449338e-01
1.768632149341667015e+00,-3.978052551991660302e+00,-5.860985177761949272e-01
1.769604950446239444e+00,-3.970038492875707536e+00,-3.946028692902754376e-01
1.773095434064762443e+00,-3.962026058613954849e+00,-1.964848853436656495e-01
1.776921414708699132e+00,-3.955305476962746258e+00,-4.922606220242940582e-03
1.777942945579882306e+00,-3.957691473536708138e+00,1.755046197577478928e-01
1.779038957554965883e+00,-3.959833715455665981e+00,3.631576461664914324e-01
1.780347871983332775e+00,-3.961861777564094744e+00,5.435841684464112200e-01
1.781823001347852209e+00,-3.963567634624544755e+00,7.179211409646447661e-01
1.783513168377488078e+00,-3.965083112264043752e+00,9.038441373577956739e-01
1.785212022874314242e+00,-3.966067958136782590e+00,1.090724705830505181e+00
1.786697914155803701e+00,-3.966357071141592083e+00,1.274485199279980829e+00
1.786610415149003428e+00,-3.967109343733196791e+00,1.302710078569770724e+00
1.783918938986683633e+00,-3.968548781356944666e+00,1.121861639333906480e+00
1.781506473802985102e+00,-3.969303609236656261e+00,9.453122500971061770e-01
1.778915130706844039e+00,-3.969227477947256499e+00,7.639514957310251653e-01
1.776881245594996717e+00,-3.968954466701978490e+00,5.839737452532957063e-01
1.774565246486121683e+00,-3.968413059608929760e+00,4.010534782138719945e-01
1.772414175931741553e+00,-3.967784621892744834e+00,2.242838389194586335e-01
1.770490651942685512e+00,-3.967035324248634254e+00,4.195063512413960138e-02
1.769882226164229300e+00,-3.964319949072907967e+00,-1.308428053936799285e-01
1.769967931019902130e+00,-3.961925827451103999e+00,-3.084222389142553533e-01
1.769990477224705705e+00,-3.959452219238927206e+00,-4.812011713421675552e-01
1.770329944903544117e+00,-3.956986828775269416e+00,-6.594486149252860585e-01
1.770890724468576094e+00,-3.953888432496978300e+00,-8.395941662455658205e-01
1.771611646490030223e+00,-3.950783741195055487e+00,-1.018582373597082258e+00
1.773032429513794028e+00,-3.947138293344225612e+00,-1.152864799519503380e+00
1.773784303815159946e+00,-3.949256772145514738e+00,-9.714402970845298357e-01
1.836600192748595983e+00,-4.028955531310341343e+00,-9.108488710835070945e-01
1.900232622238338109e+00,-4.105743031609113913e+00,-8.837638762285398020e-01
1.914880311145839231e+00,-4.120758640926932337e+00,-7.008341288027259974e-01
1.931917290521730113e+00,-4.132688885270360934e+00,-5.208565984773690927e-01
1.941743628916253517e+00,-4.179445074701306773e+00,-3.871744498981850024e-01
1.941866764492391484e+00,-4.176821564358426109e+00,-2.068003985566161107e-01
1.941815654014506398e+00,-4.173582457259451317e+00,-1.286968868820239850e-02
1.942383199198305155e+00,-4.170235489121106198e+00,1.799102688762891367e-01
1.941731169386213152e+00,-4.162235406478280275e+00,2.756897117471573955e-01
1.940210530047535631e+00,-4.160183128866976610e+00,9.416939993433968981e-02
1.939441696896883061e+00,-4.158211005385154202e+00,-8.798577408419666623e-02
1.938231208181410592e+00,-4.158383528161592402e+00,-2.732339018493197824e-01
1.937340460938688169e+00,-4.158043111387777380e+00,-4.588022820865689799e-01
1.937265125446103520e+00,-4.157734003504885756e+00,-6.366678688117634044e-01
1.961023694956718799e+00,-4.179410130278560231e+00,-7.927955531656030175e-01
1.972406204578493139e+00,-4.194450753806444609e+00,-9.698587762606883933e-01
1.991220044715104054e+00,-4.230582154395166938e+00,-1.020594921150492773e+00
2.017005070015486456e+00,-4.266567090875832413e+00,-8.551550011404897012e-01
2.018077336018972101e+00,-4.270754214387122438e+00,-6.726238845832450686e-01
2.019426963493047289e+00,-4.274181843719686569e+00,-4.890828478828746495e-01
2.021138494087428850e+00,-4.277725124207329976e+00,-3.122771359713870098e-01
2.023310854356336730e+00,-4.280995458056367831e+00,-1.313895638225016649e-01
2.025477843630219432e+00,-4.284499820107506629e+00,5.427823298795688561e-02
2.027367302352450107e+00,-4.287801932613759526e+00,2.395350660710026669e-01
2.028658363023798650e+00,-4.288313422772397132e+00,4.277641970338303401e-01
2.029163856783929187e+00,-4.286748089925788818e+00,6.186956217572189276e-01
2.030000708624689842e+00,-4.283429727579089352e+00,8.061184455883373401e-01
2.018231810833647000e+00,-4.259764504635496607e+00,7.342716657990527862e-01
2.021452742482140241e+00,-4.272877623464435004e+00,5.377585025765037052e-01
2.020290888127475259e+00,-4.274082435806020541e+00,3.609975448559297195e-01
2.019956472174736284e+00,-4.277883361452631483e+00,1.738652414954298675e-01
2.019706978246644358e+00,-4.281747815241806698e+00,-1.568980783023371864e-02
2.016691673746453084e+00,-4.280792783241913035e+00,-1.906488679922596630e-01
2.013653612400327919e+00,-4.279399356536454313e+00,-3.679338410832215800e-01
2.011385387731482677e+00,-4.277705685832964733e+00,-5.529089906626833972e-01
2.012050141059435582e+00,-4.278513586485320097e+00,-7.378203466943631383e-01
2.014227222754041868e+00,-4.280524044570457320e+00,-9.124487226966957465e-01
2.016891252164982884e+00,-4.285219716921480071e+00,-1.085623401996508752e+00
2.030351738396155792e+00,-4.327180681438008492e+00,-1.261384896304013070e+00
2.042233334211016604e+00,-4.399814221875133491e+00,-1.375137926226941643e+00
2.053155870884129541e+00,-4.459681854314277771e+00,-1.397302891328676022e+00
2.054043427496289986e+00,-4.511804472118043030e+00,-1.573862073001929707e+00
2.044824049233557428e+00,-4.612207797630242467e+00,-1.623101000520643433e+00
2.036310955560429736e+00,-4.713235897707747313e+00,-1.619404604222082433e+00
2.027721379285803760e+00,-4.814505985384560205e+00,-1.616285015164916405e+00
2.025878698528979172e+00,-4.841144281973393859e+00,-1.798188681804215650e+00
2.027090788206459937e+00,-4.841216183447363264e+00,-1.972309565732796699e+00
2.028479093628357877e+00,-4.841441357165416903e+00,-2.154070565977923124e+00
2.030053704076343113e+00,-4.842320621242258483e+00,-2.336328898232832074e+00
2.030951221864946366e+00,-4.843961650729556645e+00,-2.512371772519367497e+00
2.031605801996411387e+00,-4.845763405588998651e+00,-2.691182650066697768e+00
2.031692787070162431e+00,-4.844523003667861261e+00,-2.870754613188574389e+00
2.031656310832837153e+00,-4.841530621762569986e+00,-3.061540102566451260e+00
1.931858926281704525e+00,-4.843130761231333459e+00,-3.064073643601833652e+00
1.840668324233317499e+00,-4.831422336560115660e+00,-2.913277573752457439e+00
1.820611576395713138e+00,-4.835712070363018533e+00,-2.721957572587721863e+00
1.814830616767859839e+00,-4.836772553735999125e+00,-2.555844455022830086e+00
1.809063584083599352e+00,-4.838620614688942112e+00,-2.379081457619730777e+00
1.803605730503244908e+00,-4.841522565093788977e+00,-2.189536514540497247e+00
1.798481247841607233e+00,-4.845666982407666801e+00,-1.999029386612938941e+00
1.793103004049200422e+00,-4.855977861766348269e+00,-1.820940479472918039e+00
1.771156473713288992e+00,-4.955774679405624106e+00,-1.747045977660067972e+00
1.751232089645270440e+00,-5.056301365307137807e+00,-1.734629211190486409e+00
1.732734248607141980e+00,-5.156125416259080829e+00,-1.727895946254560444e+00
1.718500467459440628e+00,-5.228591290775144174e+00,-1.557123715592674040e+00
1.716901321538383485e+00,-5.230934463314074634e+00,-1.368029465253072674e+00
1.715712704729885907e+00,-5.233599647247787701e+00,-1.177888480152640582e+00
1.715226626715465663e+00,-5.236194614748254317e+00,-9.884168883693897900e-01
1.715433259331647919e+00,-5.239063297941375374e+00,-8.132756099777894709e-01
1.715655864013943210e+00,-5.242199704484527878e+00,-6.311299779069513560e-01
1.716635054281658190e+00,-5.244985401158839267e+00,-4.552926291551143145e-01
1.717589943906858485e+00,-5.249159004554035945e+00,-2.806267873261529266e-01
1.812839584123200343e+00,-5.278305680526364618e+00,-1.715621678008079354e-01
1.813650116957076452e+00,-5.283199265574704206e+00,-1.287832915845156523e-01
1.789740696911963136e+00,-5.285127118931585599e+00,3.099751416822314060e-02
1.791421142745962092e+00,-5.287698580328148878e+00,2.018939109653811181e-01
1.792744817087613241e+00,-5.289995022809436342e+00,3.827879846821836685e-01
1.794515567808469214e+00,-5.292409247096501623e+00,5.699434432368222225e-01
1.796183224504376508e+00,-5.294547593447521017e+00,7.563303913912226006e-01
1.798233559985484398e+00,-5.296636816112363810e+00,9.278127161885271201e-01
1.800293634428008938e+00,-5.297708688682702949e+00,1.112525470023087548e+00
1.802463395587811545e+00,-5.298175626820540884e+00,1.281663559834194777e+00
1.803800426653841438e+00,-5.299130619376184903e+00,1.459991832528561462e+00
1.805040650124514423e+00,-5.299529159213101970e+00,1.643073630810780950e+00
1.790682922116623388e+00,-5.204231790494172394e+00,1.737090709820881873e+00
1.775283051431357118e+00,-5.106352027644306624e+00,1.735512202210116817e+00
1.771677867070922785e+00,-5.095680650426907654e+00,1.561056486078399752e+00
1.769803120552654319e+00,-5.097128053681815096e+00,1.373414106194260187e+00
1.792284804416264032e+00,-5.035236815511544783e+00,1.238939605975359681e+00
1.794147275030438582e+00,-5.034423263205773047e+00,1.421591968434783970e+00
1.810197222472533340e+00,-4.948796932551064565e+00,1.262319141401630374e+00
1.817205984057684409e+00,-4.933356053687394827e+00,1.089553569422325285e+00
1.873092573604517419e+00,-4.849821611201191374e+00,9.977009278099743250e-01
1.908774581758648337e+00,-4.766728958888764467e+00,9.558314405196383090e-01
1.941848512510775171e+00,-4.729103117489199093e+00,7.752952238883618064e-01
1.965515841613496795e+00,-4.709334007702728364e+00,5.832009405830743676e-01
1.982730449485026858e+00,-4.699750344278135650e+00,3.915551736447976938e-01
2.006679375932944875e+00,-4.711969275105608368e+00,1.433279268478515889e-01
2.037463657069082945e+00,-4.708565944216456245e+00,-3.974176548800432973e-02
2.056742551216125037e+00,-4.709654416444441161e+00,-2.247042817416282090e-01
2.083371123790103585e+00,-4.718104036940240498e+00,-4.163640576612795408e-01
2.111723969599377693e+00,-4.733375375370479254e+00,-6.048373099742556658e-01
2.135559304364943678e+00,-4.752807334611117263e+00,-7.855026756472387461e-01
2.182446458346356088e+00,-4.811346436690902451e+00,-9.180523086189630311e-01
2.202294133459310466e+00,-4.832031739176270158e+00,-7.325441354437232100e-01
2.226213354061309158e+00,-4.849137347824943767e+00,-5.437649499196783864e-01
2.257595620115017798e+00,-4.863834731964854718e+00,-3.568742493600328691e-01
2.308154553829889544e+00,-4.875926896308340197e+00,-1.852312157953416027e-01
2.397523331086917953e+00,-4.869102038510834340e+00,-2.233340134606626726e-01
2.427412632445016705e+00,-4.878258156984803584e+00,-1.668799328899279177e-01
2.432136728827395622e+00,-4.880215351177805694e+00,1.203569053296620235e-02
2.433078442220649951e+00,-4.875083216346583370e+00,2.018941508828085429e-01
2.435889017597114403e+00,-4.877193486862582361e+00,3.837901497854756538e-01
2.438436234620278587e+00,-4.878716985142661500e+00,5.704878586738485469e-01
2.438424229675395072e+00,-4.871598964392923392e+00,7.568396697109179838e-01
2.441576744142017308e+00,-4.872940180279503153e+00,9.395931348430339725e-01
2.444843067034627726e+00,-4.873209625956801183e+00,1.121411716846708595e+00
2.447616789585470798e+00,-4.873050133262275985e+00,1.302700583845962656e+00
2.450112031037768201e+00,-4.872174767226037595e+00,1.479970968383463648e+00
2.452428055370645676e+00,-4.871580703952432145e+00,1.663210089729609820e+00
2.454204114787481572e+00,-4.870681949442872138e+00,1.835566526015330657e+00
2.455469194586678228e+00,-4.869545862738154263e+00,2.014013299713214078e+00
2.456173345910310335e+00,-4.868530629218218664e+00,2.185363077843059276e+00
2.456119190574314270e+00,-4.867376991747483395e+00,2.356860393862743486e+00
2.455724080961054323e+00,-4.866447432066342671e+00,2.536205216875018653e+00
2.455121604706337113e+00,-4.865456688313269495e+00,2.718592711863040190e+00
2.454501541407493548e+00,-4.864448009262527961e+00,2.890390064503738810e+00
2.453902304447381777e+00,-4.863292566303375253e+00,3.073732905305450736e+00
2.453379820457402438e+00,-4.862766048343397429e+00,-3.033451982534967950e+00
2.452628944095928354e+00,-4.862004623741438714e+00,-2.855024708066548289e+00
2.451489608776096230e+00,-4.861434317059543986e+00,-2.673616718206037302e+00
2.450995718238741627e+00,-4.861091219263322216e+00,-2.495545049260659454e+00
2.450163695555672039e+00,-4.860597165890819582e+00,-2.319844672242560968e+00
2.449511634593208420e+00,-4.860094168293839445e+00,-2.143835160114875737e+00
2.448779470346206466e+00,-4.859927130670476991e+00,-1.966869418221313781e+00
2.448012460803010271e+00,-4.860094955070934475e+00,-1.789554937485727582e+00
2.447419196935346708e+00,-4.860930464605238477e+00,-1.613404839960201897e+00
2.447173059627907765e+00,-4.862302241211747145e+00,-1.430811457966119749e+00
2.447303922850607272e+00,-4.864280290303415022e+00,-1.246721043338648860e+00
2.448226717022844667e+00,-4.868429627006556792e+00,-1.080174273831097542e+00
2.459922791036758039e+00,-4.887725858209811314e+00,-9.079090399639330178e-01
2.525363627566344693e+00,-4.967627127618586158e+00,-8.948099947405228072e-01
2.589215892099817840e+00,-5.047447922711200796e+00,-9.068364187021259459e-01
2.652889564428110969e+00,-5.127336263844055608e+00,-9.109748316896959519e-01
2.696810139444982379e+00,-5.176008783828656590e+00,-7.373096320510906798e-01
2.709130868780559531e+00,-5.188230566839605373e+00,-5.574969157075767567e-01
2.722310723617980432e+00,-5.176105925362714189e+00,-2.901435152872352541e-01
2.723043185640133590e+00,-5.178395906445071084e+00,-1.110268362524220453e-01
2.724325745501521290e+00,-5.180617513899999693e+00,6.962540273417006098e-02
2.725464901297325326e+00,-5.182228422545341218e+00,2.455234238137429803e-01
2.727049469878141785e+00,-5.183616179183341721e+00,4.160628693745042073e-01
2.728704714940285214e+00,-5.184672450416492495e+00,5.866723708229775180e-01
2.726529658096588093e+00,-5.184112523809323747e+00,4.013367531361862195e-01
2.723738305386770975e+00,-5.183367616756338947e+00,2.139393011176473902e-01
2.721774557082442758e+00,-5.182250932135048949e+00,2.546234145521625650e-02
2.719751446975898546e+00,-5.180877833888884787e+00,-1.567835330628047363e-01
2.721766470212943823e+00,-5.180390774469500137e+00,-3.373660755887730178e-01
2.724859770607643394e+00,-5.181069270265578730e+00,-5.181067804164880553e-01
2.738131847901234650e+00,-5.187406283739249169e+00,-6.926028575866991499e-01
2.745065803632628754e+00,-5.191090876300785695e+00,-8.670237236199347386e-01
2.755680040538693198e+00,-5.202837486216561835e+00,-1.043648718876429182e+00
2.775688498265586279e+00,-5.237779399403845737e+00,-1.216433920808417835e+00
2.785594329443498829e+00,-5.281023553177390362e+00,-1.391519221528278338e+00
2.788877715501586696e+00,-5.333569895115986448e+00,-1.568675826070476731e+00
2.793400375334813113e+00,-5.423866453275255850e+00,-1.608610742225121237e+00
2.776679283071620041e+00,-5.488705547541240293e+00,-1.859103741278899991e+00
2.758672229207677074e+00,-5.585703281043478796e+00,-1.897808032337731099e+00
2.738456021774906546e+00,-5.683441156458003185e+00,-1.909603519834878638e+00
2.716398572078057239e+00,-5.780701789182967509e+00,-1.881777937197659512e+00
2.740117651417921962e+00,-5.800557714605067083e+00,-1.659605259030266566e+00
2.746305428060709097e+00,-5.803689619566255509e+00,-1.479525683724470797e+00
2.740077349060114464e+00,-5.810546772761568057e+00,-1.356492577750687101e+00
2.733707319164625282e+00,-5.817413263046540273e+00,-1.230878914931068602e+00
2.742344386357142838e+00,-5.816466702692054014e+00,-9.739192178087434648e-01
2.739416587028169925e+00,-5.820534499097766989e+00,-7.900775481752142504e-01
2.737347318524272044e+00,-5.824541453911300515e+00,-5.626015312808004820e-01
2.735729696778145925e+00,-5.827792369997472299e+00,-3.846923198172892411e-01
2.733817210543218579e+00,-5.830827350312521418e+00,-1.947991179942590301e-01
2.733177211497947567e+00,-5.833289119957569824e+00,-2.935461931295547076e-03
2.733074720577163053e+00,-5.836023991046825010e+00,2.058485528819150034e-01
2.733320560779041397e+00,-5.838787384180002427e+00,4.075702002774952981e-01
2.734551897612576443e+00,-5.841194128284671550e+00,6.940979508254334629e-01
2.735678230901515740e+00,-5.842955832719933795e+00,9.221297629979713362e-01
2.736397448827009526e+00,-5.844239592178073650e+00,1.096617677610685959e+00
2.737109829486427781e+00,-5.844993351059905251e+00,1.288759196376043858e+00
2.737294552328205288e+00,-5.844688631329188588e+00,1.513052030735446918e+00
2.737258407022840956e+00,-5.844472146354964259e+00,1.687677869166706479e+00
2.737298248335133799e+00,-5.843581615831100251e+00,1.901430206514830967e+00
2.736679196089374155e+00,-5.842448641874353754e+00,2.080876992503630341e+00
2.735408564501370599e+00,-5.840685248667931262e+00,2.340165184568886669e+00
2.733222434717072602e+00,-5.839398591519003645e+00,2.560867343551741282e+00
2.730839547295816239e+00,-5.838333787873211556e+00,2.784224097825778621e+00
2.728304647271369898e+00,-5.837582176177515514e+00,2.961063986895592137e+00
2.724885900876287348e+00,-5.836000601826136780e+00,-3.078580965683435977e+00
2.721071102075633963e+00,-5.835768566369993415e+00,-2.901325502392900546e+00
2.716632770831042265e+00,-5.835611498301882527e+00,-2.666489385854125871e+00
2.712050406309491013e+00,-5.835719894830956989e+00,-2.478850045392658963e+00
2.707091030571269652e+00,-5.836655841529932331e+00,-2.300297752404488527e+00
2.703119506023008878e+00,-5.838642964812489566e+00,-2.288069733956173746e+00
2.701892770998812754e+00,-5.841070368112895927e+00,-2.479967511446563133e+00
2.697710152449661170e+00,-5.844602466531637397e+00,-2.574023983259360993e+00
2.692774799306809630e+00,-5.845294425608615896e+00,-2.395976690709806345e+00
2.684159613061724681e+00,-5.849057650297075917e+00,-2.276563890365029597e+00
2.683223451166984130e+00,-5.851344231685153829e+00,-2.461977098212268178e+00
2.682082561231040163e+00,-5.854145381795658132e+00,-2.637256327148837620e+00
2.681024165595675690e+00,-5.857380934939522277e+00,-2.822310572906469694e+00
2.574943942694507104e+00,-5.886913099692490547e+00,-2.926811834089630082e+00
2.471005576540044490e+00,-5.912588787368560972e+00,-2.905271068958323433e+00
2.368232288868765689e+00,-5.947424203031861367e+00,-2.861074690028642120e+00
2.264834314756208222e+00,-5.980485551109206099e+00,-2.861496948135089813e+00
2.161550861706874826e+00,-6.013306550852393073e+00,-2.861137218982390262e+00
2.114899723117245056e+00,-6.028013525627796021e+00,-2.698194487265412000e+00
2.108888730117335353e+00,-6.027762840358364294e+00,-2.521246257657420387e+00
2.023468397674526909e+00,-6.093327338800569315e+00,-2.438085181721959316e+00
1.937539719043638087e+00,-6.163266505332703815e+00,-2.441396103134694240e+00
1.856438834668074467e+00,-6.231798625359533439e+00,-2.438711350646546094e+00
1.773273097391419251e+00,-6.299679806288877693e+00,-2.436740045029976542e+00
1.757827627068145437e+00,-6.364453454384904063e+00,-2.548855492017774615e+00
1.758447517069996247e+00,-6.364251871695161711e+00,-2.736751014627432088e+00
1.759101274069524656e+00,-6.364439268169684638e+00,-2.923690071079701802e+00
1.759639454349160914e+00,-6.364032925844975708e+00,-3.105026319577621763e+00
1.760084347118272552e+00,-6.364258160931462349e+00,2.991215470463621351e+00
1.675911294233702886e+00,-6.341231413523182425e+00,2.931867373587213610e+00
1.646006928037675898e+00,-6.333492138862566456e+00,2.838892570162028672e+00
1.639617328346982594e+00,-6.330086767475253673e+00,2.918705700953581061e+00
1.636944703562710268e+00,-6.327885728862288062e+00,2.929638880938247869e+00
1.636719696675220881e+00,-6.328144546762425549e+00,2.745619165770731396e+00
1.549535653145371894e+00,-6.277893271894401828e+00,2.614760167300622218e+00
1.489050098783825771e+00,-6.243462004271095545e+00,2.400247988671634136e+00
1.486486797798693082e+00,-6.241224607130534174e+00,2.421868393258692631e+00
1.484629050630506653e+00,-6.238571172069964810e+00,2.601650609401664038e+00
1.482501803332365808e+00,-6.236182653259529474e+00,2.776323366697858397e+00
1.480561413825650430e+00,-6.233528028583423364e+00,2.958810936746995690e+00
1.478416528574506339e+00,-6.231172990406500745e+00,-3.120973023833113036e+00
1.476492168304346153e+00,-6.228757906696518631e+00,-2.946507605792910045e+00
1.473914004334212935e+00,-6.226175720401113445e+00,-2.769463178510460200e+00
1.471263310068552155e+00,-6.223633142484874980e+00,-2.588314093851995068e+00
1.468517183891658640e+00,-6.221324854124842929e+00,-2.406658367467380266e+00
1.465718737954933237e+00,-6.219512438699189794e+00,-2.231399843026756535e+00
1.462840849649426955e+00,-6.218102745644565665e+00,-2.050840316251962392e+00
1.459751147814329686e+00,-6.216753680895164891e+00,-1.869805087484255779e+00
1.457938814433683117e+00,-6.216919951542675626e+00,-1.689364200822355055e+00
1.455801253473019363e+00,-6.216854746095900275e+00,-1.509468470209017976e+00
1.454377100837233483e+00,-6.217429149188379967e+00,-1.332576409890233959e+00
1.453569983539989119e+00,-6.218535851965221184e+00,-1.149910687536292997e+00
1.452585456773165307e+00,-6.219280222236058364e+00,-9.683916148538853630e-01
1.452244035434211211e+00,-6.220524545410050621e+00,-7.925406941033873442e-01
1.452767730447529937e+00,-6.221692497859202753e+00,-6.113469382614440395e-01
1.453101893973636649e+00,-6.223050191074092297e+00,-4.356181437431356773e-01
1.453007188822703188e+00,-6.225924857745750884e+00,-2.585652458939943221e-01
1.451472591543843116e+00,-6.227344775750734307e+00,-3.677025936589750077e-01
1.449509731823504399e+00,-6.226688740878502770e+00,-5.476215883933990280e-01
1.527758366763373177e+00,-6.265151891110040339e+00,-5.609905331154686481e-01
1.593540847438338570e+00,-6.325225980795372571e+00,-6.207413700909683030e-01
1.679532148551730941e+00,-6.388968704801895271e+00,-7.201539212077442409e-01
1.745456787106913987e+00,-6.452331080146333164e+00,-8.844069082730813269e-01
1.767397253671576074e+00,-6.485009094015310893e+00,-1.061299483725562487e+00
1.757079641027109451e+00,-6.495971759745694740e+00,-1.313079308860256367e+00
1.762014894883598970e+00,-6.495136093883478345e+00,-1.482199603202989380e+00
1.767298389968458450e+00,-6.494275525683178785e+00,-1.653853912011246097e+00
1.772724257452430896e+00,-6.493614046978892773e+00,-1.830589177808193968e+00
1.778978355908507281e+00,-6.493563507775640176e+00,-2.005237503709709213e+00
1.759346125793816995e+00,-6.507951911569215930e+00,-2.158131160551929106e+00
1.720206658363862884e+00,-6.509374912544799052e+00,-2.100756360954866508e+00
1.733276370065504279e+00,-6.519531217063712525e+00,-1.890507222777529472e+00
1.733184528323346685e+00,-6.518841434156779080e+00,-1.696591907201034699e+00
1.733715005890739347e+00,-6.518797175580259839e+00,-1.507477202668932259e+00
1.734450459195255201e+00,-6.518989076360454327e+00,-1.313796283066285042e+00
1.736866280662802797e+00,-6.518224775346974198e+00,-1.122720624313085169e+00
1.732303650947990326e+00,-6.524396111651094898e+00,-9.596162279555102703e-01
1.791064697978097309e+00,-6.607232657951993993e+00,-9.381882026147509990e-01
1.853001896843186502e+00,-6.690028655010898717e+00,-8.664457170791789453e-01
1.918987748651178826e+00,-6.768281669492824726e+00,-8.676432732914660662e-01
1.983636117381770925e+00,-6.845776122631222371e+00,-8.696203847750111349e-01
2.049679190774026161e+00,-6.925066207312607247e+00,-8.685148995790583637e-01
2.098179939213008272e+00,-6.984894755820747037e+00,-7.020369099476342356e-01
2.098789884096708747e+00,-6.987442547893025768e+00,-5.165750329342142511e-01
2.100350037195122255e+00,-6.990239443177262757e+00,-3.267730971909655335e-01
2.101833619428129296e+00,-6.992611156987664778e+00,-1.407668478317519734e-01
2.103164018727491591e+00,-6.995347812700727808e+00,3.914927652580664497e-02
2.104955898051179553e+00,-6.997782131379316262e+00,2.173187698457601791e-01
2.106558094863361763e+00,-7.000547658067511669e+00,3.992811308239414547e-01
2.108740560109547246e+00,-7.003205024454714156e+00,5.746277842088566290e-01
2.111071320954323038e+00,-7.005539538605871641e+00,7.528750579957298461e-01
2.113479622935709124e+00,-7.007112504877853532e+00,9.326046278565447434e-01
2.115899620746368281e+00,-7.008425098366449113e+00,1.112088002516608887e+00
2.118113209342949332e+00,-7.009418514637745901e+00,1.290860520933041933e+00
2.119888389674915885e+00,-7.009710858365314046e+00,1.469823200739009739e+00
2.121822446125463557e+00,-7.009939592400790787e+00,1.649455588664491934e+00
2.123396622368418640e+00,-7.009866473497444517e+00,1.836701402177293163e+00
2.124535054312869597e+00,-7.009393013899470226e+00,2.014982540365009900e+00
2.125300251346098790e+00,-7.009758893213123621e+00,2.175664930449729084e+00
2.125572452144760316e+00,-7.009513757652038102e+00,2.353492261216331372e+00
2.057149258982577056e+00,-6.945266877639796554e+00,2.354934029348811464e+00
1.988981311071941871e+00,-6.872932096139106939e+00,2.350323718004132978e+00
1.924085187192189350e+00,-6.817188093172511287e+00,2.364364582020693994e+00
1.861799106841667273e+00,-6.751734719446822908e+00,2.352013105184583175e+00
1.798129338825457779e+00,-6.666594768223758294e+00,2.223824274936794243e+00
1.737321267312914586e+00,-6.579802720686106277e+00,2.218590547501445798e+00
1.676707024042546568e+00,-6.492225322373700536e+00,2.210714963726422955e+00
1.650333054224740303e+00,-6.451426498713960456e+00,2.033523403910557192e+00
1.637428839590248542e+00,-6.433859824834565089e+00,1.866013618632875737e+00
1.632766579744764801e+00,-6.413950416498714446e+00,1.686985957570196870e+00
1.631949593993569092e+00,-6.395888526469073909e+00,1.512760504555439756e+00
1.634399385935454418e+00,-6.377767226341933160e+00,1.338628200866694318e+00
1.640357253616903543e+00,-6.359845390485265426e+00,1.159919495338739059e+00
1.649068500953943195e+00,-6.343245843420906027e+00,9.821682174022041689e-01
1.660375661915184820e+00,-6.328654724243740759e+00,8.048501451983530730e-01
1.734807091521881839e+00,-6.263331910657680801e+00,7.036626104742043086e-01
1.810674770360235719e+00,-6.197334255873728992e+00,7.099199864851698516e-01
1.886401856828102019e+00,-6.130511578490240865e+00,7.149983890750430948e-01
1.961266700614727521e+00,-6.063834722875054872e+00,7.206024652361915361e-01
2.035740354671830676e+00,-5.996142525100090381e+00,7.209984332824030950e-01
2.109221475875096896e+00,-5.931694378130547562e+00,5.501425252510749875e-01
2.124134694227870934e+00,-5.923004659069594169e+00,3.732918054821807718e-01
2.140377366531059256e+00,-5.917152610731420737e+00,1.953144014406889839e-01
2.157739583486439461e+00,-5.914274711885336266e+00,1.429020297268204960e-02
2.174913233753296815e+00,-5.914659961249417286e+00,-1.631892671880849910e-01
2.191251752172669764e+00,-5.918089074448273479e+00,-3.425339443307399701e-01
2.289640446782265748e+00,-5.955727896208014016e+00,-4.120637879670829284e-01
2.384036300397442520e+00,-5.997175274998902239e+00,-4.050010768218069157e-01
2.479156310489499138e+00,-6.036489917478719214e+00,-2.465299902320248759e-01
2.580290831983622191e+00,-6.051922951656134586e+00,-1.164157855225393529e-01
2.638207045473757617e+00,-6.053770816549887357e+00,5.733414306728264187e-02
2.660430624135803779e+00,-6.053406239621527796e+00,2.342378859586438655e-01
2.755630702453527370e+00,-6.020758231734951060e+00,3.694426910148188026e-01
2.816014805821700495e+00,-5.997931693467869252e+00,5.488519082072522703e-01
2.829831997866272264e+00,-5.998682412356175497e+00,7.098236996023445933e-01
2.834958773461472514e+00,-6.002768238318338945e+00,8.836159063911867007e-01
2.902118237988501104e+00,-5.931644481803288294e+00,9.001848459567618477e-01
2.967569029174512707e+00,-5.854969365659141722e+00,9.011148939000450664e-01
3.033791653986394277e+00,-5.773659395015671159e+00,9.018004387806209943e-01
3.103013045795374403e+00,-5.687471132292619025e+00,9.031373787866764369e-01
3.161490858468510634e+00,-5.614783523055268510e+00,8.942404052114442115e-01
3.161774600363460586e+00,-5.587209437856923699e+00,7.303939771258907143e-01
3.271375777717391742e+00,-5.497089461806010213e+00,6.921557861772751341e-01
3.350655769100158832e+00,-5.423435601343540746e+00,7.043802423963457793e-01
3.428891253734965172e+00,-5.361075747399041802e+00,6.907692974679097153e-01
3.481537236077562714e+00,-5.311572101629144171e+00,5.174961748613661205e-01
3.479286531369615965e+00,-5.301070820980233300e+00,3.599014878062662404e-01
3.476400768124707330e+00,-5.301552051853810177e+00,1.737574493975098111e-01
3.472907019085525793e+00,-5.307563825834647808e+00,-1.923568749815449466e-02
3.469784468681726519e+00,-5.313598397661627892e+00,-2.219515105510776465e-01
3.466838972302817456e+00,-5.318969241825559635e+00,-4.267811202552739824e-01
3.464211246992843662e+00,-5.324320145794445125e+00,-6.324955083194553351e-01
3.470714131163940674e+00,-5.306735404675175793e+00,-7.519951592094809012e-01
3.433053273192327559e+00,-5.280648368755016087e+00,-7.358845393724865458e-01
3.444962815145780510e+00,-5.261320767417814181e+00,-4.736517885602495870e-01
3.451988125214216829e+00,-5.247954758838199396e+00,-2.433309198877756097e-01
3.447132306781290900e+00,-5.257691313271592115e+00,-9.798599632585842933e-02
3.442209531259851296e+00,-5.267347436730290156e+00,4.224940593611864470e-02
3.444138971611762745e+00,-5.273211696764857237e+00,2.099970581837525829e-01
3.446230464992662945e+00,-5.278758210327270994e+00,3.768284370307861120e-01
3.448410334669299804e+00,-5.284352801120872911e+00,5.464671242248190230e-01
3.533651234355381643e+00,-5.224943638122722334e+00,6.123596616657510650e-01
3.617713801563458897e+00,-5.167363190541942153e+00,7.856352512193400806e-01
3.621232611069762797e+00,-5.167033366582415965e+00,9.706697304035237783e-01
3.624596231384456413e+00,-5.165850223264829566e+00,1.156341179597953461e+00
3.615126690595257486e+00,-5.165875242784162324e+00,1.352359806574741530e+00
3.605738569867073195e+00,-5.165302477103594470e+00,1.544089101664822161e+00
3.607143318966243850e+00,-5.163957044420899756e+00,1.729557509800417447e+00
3.608271818102759099e+00,-5.162949881407636887e+00,1.912333025105503070e+00
3.608232743863057479e+00,-5.161904732888630498e+00,2.029460946994675385e+00
3.612057356628907367e+00,-5.163481255999317732e+00,1.904339543786211397e+00
3.623115368288358784e+00,-5.161387877043551953e+00,2.065321256763223978e+00
3.622189089004699714e+00,-5.158533341199095013e+00,2.251409310150495280e+00
3.557462784856807225e+00,-5.079639544869603007e+00,2.256761875826584163e+00
3.499365693830709834e+00,-5.006157921078138173e+00,2.209725393647158587e+00
3.485552323348472648e+00,-4.988771736294767223e+00,2.389561512534189358e+00
3.468954792740331250e+00,-4.974865196312767246e+00,2.291985281911863126e+00
3.468432429406962392e+00,-4.975234333551173727e+00,2.287612882058104979e+00
3.467137930905494159e+00,-4.972902867524487291e+00,2.473899059683075219e+00
3.465421992735986390e+00,-4.970261359161230352e+00,2.660415914930096104e+00
3.464150332076751493e+00,-4.969675347063206239e+00,2.620567803157456410e+00
3.434681653988645333e+00,-4.949117743878746367e+00,2.624820999451571879e+00
3.432530644699622435e+00,-4.946808755612139841e+00,2.811737255228194066e+00
3.430350485445442743e+00,-4.944527509379673447e+00,2.995408518692205924e+00
3.428833419534948135e+00,-4.942657093429799531e+00,-3.098940277370211493e+00
3.426649542625194833e+00,-4.940848583541434635e+00,-2.918327739769967621e+00
3.424454997525002042e+00,-4.938786160173870954e+00,-2.733270374130128744e+00
3.422438004181244331e+00,-4.936942353144643469e+00,-2.540521254937785578e+00
3.419938149064424504e+00,-4.935339947005290107e+00,-2.347970947372707062e+00
3.417364401186343770e+00,-4.934258495772069431e+00,-2.163684976967994000e+00
3.414382180747173035e+00,-4.933936050342105695e+00,-1.961182662542711563e+00
3.411855964232957561e+00,-4.934290511741504126e+00,-1.774895601129890421e+00
3.409397076763033052e+00,-4.934744484863323954e+00,-1.598532707598666391e+00
3.407069457103000243e+00,-4.935853143853564440e+00,-1.415725865843928233e+00
3.405328240585301369e+00,-4.936787990788449321e+00,-1.231099645009265942e+00
3.404022360598016217e+00,-4.938356220484701353e+00,-1.018474484807540881e+00
3.402790258753833008e+00,-4.939970759271210987e+00,-8.159616997547554096e-01
3.402503143507649153e+00,-4.941409463366966293e+00,-6.313271289870037162e-01
3.402555145892170785e+00,-4.942818385876121212e+00,-4.483009341194138520e-01
3.402725605573519996e+00,-4.944320701200344281e+00,-2.654598645759810305e-01
3.403240935442196857e+00,-4.945933614076558626e+00,-6.239544487767375441e-02
3.403869143023816601e+00,-4.946948385382719415e+00,1.212568482147192428e-01
3.404838556367297375e+00,-4.947932146654687280e+00,3.028069796271966596e-01
3.405705511725050538e+00,-4.948607074689915564e+00,4.855533189360179414e-01
3.407990336985561974e+00,-4.950251851136052927e+00,6.656792187487522439e-01
3.410518553149241683e+00,-4.951643607725446650e+00,8.406796678149311974e-01
3.444041718290521192e+00,-4.972083845308976180e+00,9.797734335356866886e-01
3.406511806571445700e+00,-4.944366933098804040e+00,1.207445293706953082e+00
3.409341402511837149e+00,-4.944501946203311071e+00,1.392779002750185624e+00
3.411610931875110886e+00,-4.943783731530213998e+00,1.577299789658892726e+00
3.413590271494331141e+00,-4.942890168682243512e+00,1.760033860672928885e+00
3.415115139303931624e+00,-4.941591101654529083e+00,1.946057565127609301e+00
3.416072385314793625e+00,-4.940448821698752546e+00,2.120539177288070842e+00
3.416970930641480386e+00,-4.938985375990399440e+00,2.305607300970350160e+00
3.355078130499188127e+00,-4.864759240854280797e+00,2.310437784991786980e+00
3.283014288374828560e+00,-4.785386729334624611e+00,2.308186315290872592e+00
3.215193541979536551e+00,-4.710926434493842407e+00,2.309940655046713864e+00
3.145015761758074291e+00,-4.634211285653389467e+00,2.309376245536302719e+00
3.076711288151944501e+00,-4.560112685244286368e+00,2.312500186769345323e+00
3.005283905852762949e+00,-4.516112599234573644e+00,2.246699723267302939e+00
3.024426951357257032e+00,-4.503795360444591722e+00,1.945822525532180158e+00
3.027878559139021597e+00,-4.501885451085381185e+00,1.731210785469611491e+00
3.025774966294829671e+00,-4.503676994971097081e+00,1.559492847334621901e+00
3.023201885155117008e+00,-4.505155876941796755e+00,1.383066305673000151e+00
3.019544359739907424e+00,-4.506460425396912051e+00,1.223579589053944705e+00
3.016341638661005131e+00,-4.507620335199323591e+00,1.050461251826884768e+00
3.012905015119527796e+00,-4.508460808093315286e+00,1.036192690635199920e+00
3.014348170336218491e+00,-4.508210368995002604e+00,1.227552437968263188e+00
3.015604029298647237e+00,-4.507444743396598064e+00,1.412940739630437204e+00
3.016371984179762933e+00,-4.507458157868727611e+00,1.597251143295336240e+00
3.016671836598709078e+00,-4.506490600237853528e+00,1.782533384692307044e+00
3.011177384550444813e+00,-4.508742123114987344e+00,1.998236918429381559e+00
3.020064622232156548e+00,-4.480392236721287169e+00,2.061842592998477830e+00
3.008536124947475354e+00,-4.485320015193103416e+00,2.299368847499367430e+00
3.008810504967752042e+00,-4.482442825785485141e+00,2.475240068364395363e+00
2.921694607230327811e+00,-4.446388283711629974e+00,2.448969777457217223e+00
2.922141798071336449e+00,-4.447242731375466107e+00,2.255925536037652002e+00
2.921874276276139160e+00,-4.448806458143423015e+00,2.051076873684535506e+00
2.920924957686112489e+00,-4.449750080970128252e+00,1.827757914645925741e+00
2.919118613270722307e+00,-4.450853192301691408e+00,1.612170129783156769e+00
2.917330009405478375e+00,-4.451232832458308586e+00,1.395646222684808313e+00
2.914824616756132691e+00,-4.451423497211885127e+00,1.214877418330790659e+00
2.915808191142124972e+00,-4.447307662105604464e+00,1.054513397353355142e+00
2.899732937623001217e+00,-4.477952483377289461e+00,1.217303617891643208e+00
2.902189560913654542e+00,-4.476587462748074842e+00,1.393884963674744348e+00
2.904413454424195073e+00,-4.475187130177023853e+00,1.567683996435689009e+00
2.906678075198619204e+00,-4.473213555995180002e+00,1.743532562303438560e+00
2.909674250491140146e+00,-4.469984924297767392e+00,1.912019216902330232e+00
2.912191497164481557e+00,-4.466776932342466644e+00,2.077662552919268268e+00
2.915980657255886399e+00,-4.461611650842070453e+00,2.229275487402423206e+00
2.855548579940864862e+00,-4.417375799382072366e+00,2.203246994333438735e+00
2.869992410790770609e+00,-4.409174008575592829e+00,1.939338762797318871e+00
2.869083595331722858e+00,-4.409465253720371791e+00,1.760757399791676781e+00
2.867641399605759922e+00,-4.409553102850985340e+00,1.577694538190979490e+00
2.866104139866250566e+00,-4.409516181487632913e+00,1.393581615951106523e+00
2.864421243868334077e+00,-4.408791598264280687e+00,1.207972102055471675e+00
2.862720998394801875e+00,-4.407631776525092526e+00,1.024039774362003330e+00
2.861098917420429988e+00,-4.406165858175333128e+00,8.434942746906733957e-01
2.892389722739226343e+00,-4.370891452058550897e+00,9.240237442749638097e-01
2.895007506210269366e+00,-4.369392552478817748e+00,1.112448342268401280e+00
2.897458290233838607e+00,-4.367742263049305684e+00,1.292303415135348743e+00
2.899243592000146919e+00,-4.365573129947925679e+00,1.463551901145816903e+00
2.900786525319521303e+00,-4.363470510311448614e+00,1.639901993489594867e+00
2.902157546108676822e+00,-4.361236739925386630e+00,1.814029665177726125e+00
2.880487417010787254e+00,-4.373582112347034645e+00,2.107479408753612837e+00
2.828656316159885442e+00,-4.285172868224815801e+00,2.202805511004863881e+00
2.766579688315732977e+00,-4.199637133524623422e+00,2.205016609545075390e+00
2.712572368024309455e+00,-4.108722002698431019e+00,2.215195511890512226e+00
2.646642458125054720e+00,-4.034705996774654579e+00,2.244590839989922149e+00
2.583372390155599607e+00,-3.957195188731879476e+00,2.247809263138126568e+00
2.519609614932786013e+00,-3.879525465858092659e+00,2.252141617333397683e+00
2.419524199757954186e+00,-3.829182283832464062e+00,2.174869746177917396e+00
2.440654470542070076e+00,-3.818986428425732882e+00,1.935795520740920539e+00
2.447160542668950001e+00,-3.816512528774903323e+00,1.726944448312399238e+00
2.445453311021983378e+00,-3.818366979390555471e+00,1.539683491091297762e+00
2.443227243907561075e+00,-3.820329553621558016e+00,1.351799564920783459e+00
2.440908102543672076e+00,-3.821526755524384367e+00,1.168349523376989829e+00
2.438429103350990612e+00,-3.822157472531596767e+00,9.907091304560736722e-01
2.435498321285401335e+00,-3.822177181676745583e+00,8.030040239286032611e-01
2.363123831365910643e+00,-3.890367750160018012e+00,7.618350788630663395e-01
2.371220928051127164e+00,-3.882641407706368231e+00,9.278818711510298245e-01
2.380012709499101042e+00,-3.871056102771254448e+00,1.102134385809157680e+00
2.387281081555669093e+00,-3.856647982741117531e+00,1.274820861023104879e+00
2.392522381656194241e+00,-3.837522317413249784e+00,1.450355182911948315e+00
2.394253761598913677e+00,-3.823456875323123505e+00,1.622675615271122584e+00
2.399249240616000645e+00,-3.802017937791980717e+00,1.783968372112107792e+00
2.392100132110895672e+00,-3.785179146925861104e+00,1.965486381810048755e+00
2.368794388452912347e+00,-3.779798475998596530e+00,2.180441067969037139e+00
2.315222910937806855e+00,-3.700914302739156003e+00,2.277774894073938849e+00
2.296907906136605337e+00,-3.624796225861575572e+00,2.386100610605784045e+00
2.284700505118982594e+00,-3.636049616202834400e+00,2.595901248047440379e+00
2.277356183846720228e+00,-3.643196250479262766e+00,2.796284645049115447e+00
2.273584644570803892e+00,-3.638812129428252273e+00,2.976858448447188277e+00
2.269819859865541023e+00,-3.634874582387341402e+00,-3.134580470778500327e+00
2.264874942467029584e+00,-3.650263727671326119e+00,-2.922666138821119031e+00
2.262627983887321559e+00,-3.623216450945869749e+00,-2.778575716129788820e+00
2.260627104818615063e+00,-3.622727359008744763e+00,-2.592180666049797022e+00
2.238694275743140505e+00,-3.639937179367654707e+00,-2.429191241216539954e+00
2.190780588382965632e+00,-3.680518828775042994e+00,-2.254663497066829780e+00
2.188656911724508269e+00,-3.681023439621099680e+00,-2.079034903780274224e+00
2.186392180884541236e+00,-3.682172862795277002e+00,-1.890670229441162364e+00
2.184423646991150214e+00,-3.683285743898639719e+00,-1.715164118919414893e+00
2.182522688898885121e+00,-3.685101488342203080e+00,-1.532011024931986487e+00
2.181181868203022844e+00,-3.687584993949949652e+00,-1.345057354341483435e+00
2.180110933701026266e+00,-3.689535885262860582e+00,-1.168495762564438767e+00
2.202204917124134909e+00,-3.740729777753774243e+00,-9.993419411302029154e-01
2.202127715681487796e+00,-3.743534272592656365e+00,-8.117926302758118329e-01
2.202414343377115280e+00,-3.745825674494843938e+00,-6.239272924441237045e-01
2.202990156235402619e+00,-3.748486464601472168e+00,-4.397685320351986671e-01
2.203380769886504442e+00,-3.750918450845109664e+00,-2.635827492259579796e-01
2.204582310083613717e+00,-3.753422061397328591e+00,-7.881237317055120317e-02
2.205798888002409530e+00,-3.755700700372121670e+00,1.104271354138781081e-01
2.206133023406005478e+00,-3.758611669682769385e+00,1.996181893808584851e-01
2.203880032074142292e+00,-3.757889320845516412e+00,1.678215775422089995e-02
2.202422522446310982e+00,-3.756823615939283378e+00,-1.571029857337832847e-01
2.200756259973091655e+00,-3.755232408746809636e+00,-3.400820929984003094e-01
2.199344179664644905e+00,-3.753790258721662276e+00,-5.153648328353088726e-01
2.198337240560500394e+00,-3.752051579049444197e+00,-6.956955191966863739e-01
2.197952643651499560e+00,-3.750132457847253242e+00,-8.671801708666860842e-01
2.253229825533172637e+00,-3.830881363049712274e+00,-9.661741366617276894e-01
2.298460077621716113e+00,-3.888492613104804096e+00,-7.798508476890989582e-01
2.298512354523357892e+00,-3.891495022612334154e+00,-5.963499356191686029e-01
2.299478070691948872e+00,-3.893944597136948182e+00,-4.192436786895533118e-01
2.300430535866490267e+00,-3.896304394405182059e+00,-2.410841860671284476e-01
2.301720318565581014e+00,-3.898786822886890491e+00,-5.760900418930839373e-02
2.303152374002458647e+00,-3.901035012489910248e+00,1.300893466801585074e-01
2.304914901913671432e+00,-3.903071221691478243e+00,3.187367193417274258e-01
2.306647085379729845e+00,-3.904721869855780181e+00,4.949523527487872387e-01
2.308473189603655218e+00,-3.906012201865058486e+00,6.780637284176017632e-01
2.307869175605249623e+00,-3.908650187037468804e+00,6.703925033289763746e-01
2.305516627722536516e+00,-3.908437061651198530e+00,4.848587765138017147e-01
2.303396852897471536e+00,-3.907917340559157182e+00,3.050825936290693652e-01
2.300905258091655359e+00,-3.906916305008632850e+00,1.211112122509066247e-01
2.298722677835138395e+00,-3.905589736704158987e+00,-6.412681464659288066e-02
2.296895969740021304e+00,-3.904345215430157445e+00,-2.481494948267474188e-01
2.295484952595163719e+00,-3.903017291023103574e+00,-4.283695347782797147e-01
2.294379110701389113e+00,-3.901384572571648057e+00,-6.024297186928520009e-01
2.293231082855253788e+00,-3.899264600996235952e+00,-7.914853211352271822e-01
2.366436924655511032e+00,-3.974550423785243591e+00,-7.847369467138760601e-01
2.439090420397182157e+00,-4.048792916131660924e+00,-7.824797767612439170e-01
2.504221025473423623e+00,-4.117714370926462308e+00,-5.937727814332618426e-01
2.504411984695602555e+00,-4.120089016529233206e+00,-4.130351180753964457e-01
2.504855453633556106e+00,-4.122490915843063597e+00,-2.303883919150225279e-01
2.505458660092168888e+00,-4.125441833474551956e+00,-6.883975682656569284e-02
2.506025296494866605e+00,-4.127864066463205361e+00,1.270267870098940322e-01
2.507302088415572339e+00,-4.130224971029169190e+00,3.243003367096999323e-01
2.508388141984105424e+00,-4.132118226642212733e+00,5.007726507533178939e-01
2.510423428316232108e+00,-4.133880435769123451e+00,6.705164098547061746e-01
2.512007489083137202e+00,-4.135242281214159377e+00,8.485095854314848030e-01
2.514075194662946711e+00,-4.135774686648721499e+00,1.024707033287946212e+00
2.515489343842823189e+00,-4.136699603659386604e+00,1.201649203473233340e+00
2.515035833918157326e+00,-4.138042040525662379e+00,1.167605966103109294e+00
2.513105257036767348e+00,-4.138591020955117550e+00,9.832079516606367919e-01
2.510642110875317634e+00,-4.138410462723803640e+00,7.951366079191100056e-01
2.507873129200540951e+00,-4.138136038445263232e+00,5.864647908633201512e-01
2.506220495576751084e+00,-4.136936668513107485e+00,4.034406745280020856e-01
2.504514615138629718e+00,-4.135185932567063460e+00,1.976593979470583351e-01
2.502971159938293777e+00,-4.133612691030178254e+00,5.171459974343463328e-03
2.501867458399780197e+00,-4.131621809679837831e+00,-2.035122454661736358e-01
2.500842685301818857e+00,-4.129403050489273141e+00,-4.118032162452990308e-01
2.500379860833797263e+00,-4.127709669586421271e+00,-6.048938001004748877e-01
2.571911018710159258e+00,-4.192176381752208414e+00,-7.342512555960701848e-01
2.649140896418591851e+00,-4.262588564532755697e+00,-7.328605810977016910e-01
2.726258702461712424e+00,-4.333303969161835134e+00,-7.325199961069717158e-01
2.802196072251888825e+00,-4.402262750351455978e+00,-7.305145619356498976e-01
2.876210426467580739e+00,-4.469933832381408401e+00,-7.286120302561992501e-01
2.956423381312692111e+00,-4.542274693260277552e+00,-7.264511137884873682e-01
3.036378313675000662e+00,-4.614465331792182212e+00,-7.263554643723617588e-01
3.116906880448949035e+00,-4.687468151308443964e+00,-7.274854627963431852e-01
3.177647224235264467e+00,-4.743430404622871244e+00,-6.344127423146705969e-01
3.178357433112876329e+00,-4.746682323042195506e+00,-4.268412373507036173e-01
3.179123473826742874e+00,-4.749381466739330371e+00,-2.465599813311739885e-01
3.180475254573893018e+00,-4.752170811314929466e+00,-5.436843879508071464e-02
3.182281619831331287e+00,-4.754768799587424155e+00,1.315055000935926866e-01
3.184742599030125021e+00,-4.757680177765238660e+00,3.536996660803104486e-01
3.186850080736500779e+00,-4.760135064732176069e+00,5.653107115227469226e-01
3.189467979080469195e+00,-4.762306068094661171e+00,7.868227982594343528e-01
3.191928464319557790e+00,-4.763451132916364017e+00,9.673352579500729131e-01
3.194887922570080363e+00,-4.764239517042731187e+00,1.200206036807696108e+00
3.197844697942364256e+00,-4.764602487973919054e+00,1.462748263849499297e+00
3.199831595910560544e+00,-4.764331139451795316e+00,1.637352338479143521e+00
3.201365172511043689e+00,-4.763657534116261694e+00,1.813548157703273267e+00
3.204147461468025426e+00,-4.765034530017235426e+00,1.907131423931224035e+00
3.204198120308348940e+00,-4.768510952244506385e+00,1.724197443518411754e+00
3.203080885573270198e+00,-4.770872513914096835e+00,1.511825170275124863e+00
3.201649352369120738e+00,-4.772369482743169300e+00,1.329003610064262597e+00
3.199973870707238710e+00,-4.773797571300280040e+00,1.131766271940240376e+00
3.197799875846099038e+00,-4.774413808949235616e+00,9.358492333893558834e-01
3.195716544338791820e+00,-4.775070513765808045e+00,7.401016445956971612e-01
3.193576605881611741e+00,-4.774743813301477680e+00,5.239789124778417850e-01
3.190445545662635940e+00,-4.762604419795226640e+00,3.754842687697359516e-01
3.188826118656634012e+00,-4.759070397512627615e+00,1.879189410603472610e-01
3.186830730405092904e+00,-4.755858966150519507e+00,5.621167149312255966e-03
3.184382466007031454e+00,-4.754174519108147479e+00,-1.654082347028086597e-01
3.180273582799462151e+00,-4.762065802818461258e+00,-3.818116805697890359e-01
3.177738492316427354e+00,-4.768107374324325853e+00,-5.775107165688907473e-01
3.174161351257144936e+00,-4.777851677071933700e+00,-7.782826259708155447e-01
3.251766341094703527e+00,-4.851404628611148517e+00,-7.793663317076453545e-01
3.331708057923725708e+00,-4.936435242104202814e+00,-7.800774939009064157e-01
3.412676827624120612e+00,-5.023265215776526738e+00,-7.852719866604789267e-01
3.481459090011887358e+00,-5.075479810620038279e+00,-7.922937552295307162e-01
3.515587795261438053e+00,-5.143560271986286736e+00,-6.944051427169309898e-01
3.532571599806577201e+00,-5.119092699700008353e+00,-4.155367804531808762e-01
3.527779706789140324e+00,-5.121144255348056618e+00,-2.411008199113932327e-01
3.607528878457605170e+00,-5.139969159958804212e+00,-1.799308685057363910e-01
3.646697220865814604e+00,-5.144931328786399582e+00,-2.854313667389372089e-01
3.642698607858309234e+00,-5.153889463005070226e+00,-4.903466655785099215e-01
3.639190431388203084e+00,-5.162284259171974199e+00,-6.778773299214138071e-01
3.709238597554650241e+00,-5.264700492081911598e+00,-6.830226970008920206e-01
3.785507085940190919e+00,-5.351871548708563964e+00,-6.625407169812624897e-01
3.860252759852565774e+00,-5.434506563797540046e+00,-6.323387982048874756e-01
3.932007182024142899e+00,-5.497164199916456440e+00,-5.784920728783652377e-01
3.995011156464766788e+00,-5.551449034947878225e+00,-6.557292789171595970e-01
3.967760984528843515e+00,-5.549566089248744838e+00,-8.103104398346765436e-01
3.943489226612382215e+00,-5.547766321151319957e+00,-9.594991447108969229e-01
3.919834324446342944e+00,-5.545866323882036930e+00,-1.111261393680145648e+00
3.896395334282001244e+00,-5.544236962737363328e+00,-1.259938245595323192e+00
3.873066135669867016e+00,-5.542631127056433016e+00,-1.411648155488375966e+00
3.850312456583329990e+00,-5.541128047305686977e+00,-1.561781013660991091e+00
3.827785505673163335e+00,-5.540036017067911267e+00,-1.712870340813182013e+00
3.759384064807516967e+00,-5.538864550952267152e+00,-1.776218809902672113e+00
3.667507148638980752e+00,-5.636590169124892746e+00,-1.518370249050657650e+00
3.619294138256664795e+00,-5.737291548126057350e+00,-1.422714502338544129e+00
3.604292340703487252e+00,-5.770923652236666257e+00,-1.381646174471874655e+00
3.612639843669802620e+00,-5.812014297948684849e+00,-1.293285862650792817e+00
3.611624479497457241e+00,-5.796918708645842244e+00,-1.403742800289371262e+00
3.611985907601632295e+00,-5.785492192216079133e+00,-1.563611567608981012e+00
3.612972579884252688e+00,-5.775916351302078589e+00,-1.747392981602314599e+00
3.613700086351169904e+00,-5.766436805640209329e+00,-1.944329773538307382e+00
3.614247199395494103e+00,-5.758969337828169444e+00,-2.083322305810047403e+00
3.615086178427867836e+00,-5.751678287376416954e+00,-2.234802427013703685e+00
3.616410565000761412e+00,-5.744662405532398708e+00,-2.411394667492122057e+00
3.616994638665176343e+00,-5.737764667990818523e+00,-2.557896548013129490e+00
3.617668697777379982e+00,-5.731366309912298007e+00,-2.700764111515613575e+00
3.618142455751387931e+00,-5.726040746718383367e+00,-2.877274772962284288e+00
3.618631666885412823e+00,-5.720568628594385530e+00,-3.021111343598867904e+00
3.618938479552389786e+00,-5.715393943088747264e+00,3.115427478879778889e+00
3.618301001643780879e+00,-5.709814286360617608e+00,2.968884042273240986e+00
3.617943771807075937e+00,-5.705198964282973684e+00,2.790168923975010706e+00
3.616883067864889778e+00,-5.700349504961503833e+00,2.645071199868379352e+00
3.615499430487078225e+00,-5.695267821014470933e+00,2.499434872968047117e+00
3.613234300754805783e+00,-5.690212674203385390e+00,2.351825704527950922e+00
3.611112813425689350e+00,-5.685325933432579859e+00,2.209008796066494362e+00
3.608684973424829412e+00,-5.680596170095803643e+00,2.033500199098039030e+00
3.606298053156011374e+00,-5.675307882954826688e+00,1.887280205095302588e+00
3.604109497453281463e+00,-5.669939629710364137e+00,1.743361728780556064e+00
3.601613080669141986e+00,-5.664675108562576611e+00,1.569918552734697492e+00
3.598650542188506662e+00,-5.659006212915967282e+00,1.421877310011452789e+00
3.596022911900582208e+00,-5.652905295360191040e+00,1.274398396553968249e+00
3.593166038237391113e+00,-5.646096294330912535e+00,1.128172474624276722e+00
3.590107862906356750e+00,-5.639354094680473217e+00,9.544430845456630674e-01
3.586846318287751689e+00,-5.632053675536337956e+00,8.089109119548266724e-01
3.583806368013891408e+00,-5.624177776431256603e+00,6.636280929332080136e-01
3.580994740578908875e+00,-5.616129850393225986e+00,5.190109164598081248e-01
3.578161500275816032e+00,-5.607211723574398121e+00,3.425852695455679497e-01
3.575508595120432620e+00,-5.598250685412154759e+00,1.987106025172133972e-01
3.573237611457749097e+00,-5.589437282117608596e+00,5.670667991726992263e-02
3.571222632172164069e+00,-5.580203556723679625e+00,-9.012569557417639265e-02
3.569298942442140188e+00,-5.570572098065913025e+00,-2.670951675212296372e-01
3.568350988063353046e+00,-5.560913773022986284e+00,-4.134093285424991771e-01
3.566974975476169263e+00,-5.551543948336319367e+00,-5.601160976646104572e-01
3.565595358069155285e+00,-5.539058980073845895e+00,-7.211999806212138209e-01
3.557183734475342973e+00,-5.542455876398884485e+00,-7.397250310642210502e-01
3.539590387044389441e+00,-5.577991199390470278e+00,-8.712241549596275725e-01
3.537254188957814627e+00,-5.594172305377748344e+00,-9.804904840919147491e-01
3.534801381791865094e+00,-5.610186052455048866e+00,-1.087428464076633849e+00
3.532796426980908677e+00,-5.626392008735058958e+00,-1.194473992735616275e+00
3.531476967313701643e+00,-5.642758989785811252e+00,-1.304595551582531598e+00
3.528121966906975882e+00,-5.661579194996191333e+00,-1.157783703310936385e+00
3.524704214862827811e+00,-5.681005591358474049e+00,-9.028869176315809097e-01
3.522489582018317744e+00,-5.698279102367490800e+00,-6.568552942450136545e-01
3.520623852445816215e+00,-5.714221503282382209e+00,-4.204831961183019828e-01
3.525381637992067496e+00,-5.732027815842364760e+00,-1.762567225599727394e-01
3.529635948166047310e+00,-5.746612853578293212e+00,5.095099298124287218e-02
3.534266258370619695e+00,-5.761281417769860802e+00,2.858720695189495009e-01
3.546496488356151389e+00,-5.770510721936716436e+00,5.170752008433971980e-01
3.558998506549575502e+00,-5.780068221815676033e+00,7.569998552658355750e-01
3.570657121648200594e+00,-5.788344249341581538e+00,9.848696902982275736e-01
3.582335602902352978e+00,-5.796165832694589071e+00,1.216708990979794569e+00
3.592953458242451603e+00,-5.802799220764789823e+00,1.431932524333369372e+00
3.604798188119555213e+00,-5.809501343392146744e+00,1.693362190273571821e+00
3.615240403163218375e+00,-5.815054109371205371e+00,1.938234469708585150e+00
3.625158754890780433e+00,-5.820356850800206594e+00,2.171899955363634671e+00
3.634703448856821506e+00,-5.824944436396726211e+00,2.418075205137444339e+00
3.643663688177838811e+00,-5.829604753953684160e+00,2.650360800279680795e+00
3.651973845567849875e+00,-5.834630459764215793e+00,2.897704765856613296e+00
3.659820103026306004e+00,-5.840134715464677662e+00,3.129017455759686595e+00
3.666860179336021819e+00,-5.845647355724495675e+00,-2.903093757504062733e+00
3.673681374433074520e+00,-5.851422245901582997e+00,-2.669752064572199046e+00
3.680102909602244399e+00,-5.857935766617456963e+00,-2.421703606361997885e+00
3.686621124594391397e+00,-5.864698239516248357e+00,-2.190174800792247911e+00
3.693006597812316549e+00,-5.871733597531409998e+00,-1.943184993980687114e+00
3.699563336026926219e+00,-5.879083922636151982e+00,-1.712067087239095287e+00
3.706054282583763904e+00,-5.887021020614080058e+00,-1.463630479366030190e+00
3.712773498413262541e+00,-5.895050094186975009e+00,-1.232843731157489131e+00
3.719990314078913674e+00,-5.903683630676060723e+00,-9.841022723853528609e-01
3.727785460651798832e+00,-5.912482911124969043e+00,-7.532103983784297352e-01
3.735944638227781667e+00,-5.921878714730539173e+00,-5.054715679876976564e-01
3.744962058214567957e+00,-5.931220957825831697e+00,-2.563890911589854493e-01
3.754416764239445925e+00,-5.940064539757846873e+00,-2.956301234756374130e-02
3.765705536870265213e+00,-5.950235814964048409e+00,2.432816724681943210e-01
3.777289807926405896e+00,-5.959302049922706956e+00,5.023367051348720524e-01
3.787954074470671451e+00,-5.966484072448577258e+00,7.269047113838040808e-01
3.799819311303388680e+00,-5.974066642934081628e+00,9.636467662499317299e-01
3.811848364181765536e+00,-5.980901579686615399e+00,1.190760420335819525e+00
3.900568126299453375e+00,-5.980667661532599766e+00,1.495910786594313313e+00
3.888379716579963397e+00,-5.987354321382839295e+00,1.783211363046058207e+00
3.931230032815116182e+00,-5.974653525409151733e+00,2.013835729225676108e+00
3.974040631865694895e+00,-5.962041433119181555e+00,2.244264459642865361e+00
4.015128556959240314e+00,-5.949526779560444290e+00,2.476082309858803399e+00
4.050775315513891250e+00,-5.938288033985556602e+00,2.716718580803628491e+00
4.077847484856899740e+00,-5.928805544222630175e+00,2.958508427069189928e+00
4.102331578792001388e+00,-5.920083515330426316e+00,-3.104805984324795709e+00
4.126019225422767001e+00,-5.911712553483828181e+00,-2.869117009541119589e+00
4.134231106281846202e+00,-5.902883205937470734e+00,-2.644201041950244413e+00
4.139264965516670891e+00,-5.889225638694667531e+00,-2.659707684937717254e+00
4.124961414046412145e+00,-5.873048396174252339e+00,-2.832724168830702549e+00
4.116800982201061387e+00,-5.876049982948828188e+00,-2.988523556047135266e+00
4.108343938809689178e+00,-5.879094111493561314e+00,-3.140935949955134365e+00
4.099551260631494998e+00,-5.882772521616307593e+00,2.976393039962748510e+00
4.091774360288356505e+00,-5.885678125510986902e+00,2.817773584999032632e+00
4.083797784938034248e+00,-5.889015720400186282e+00,2.643379133145033588e+00
4.076363488791007406e+00,-5.891851186911493343e+00,2.482773737990160434e+00
4.068823891108857893e+00,-5.894658908427956590e+00,2.326948497185369114e+00
4.061256235217665100e+00,-5.897412925218489477e+00,2.158064147558757195e+00
4.050651645591936578e+00,-5.900635206783988451e+00,2.078540251853762122e+00
4.043096088401349597e+00,-5.906202805000883238e+00,2.285759357412034731e+00
4.045011208074570597e+00,-5.900075456957157627e+00,2.487601688075264494e+00
4.065450148454359258e+00,-5.865980300014542514e+00,2.657869557842487129e+00
4.059548294005335123e+00,-5.856751459454743625e+00,2.862613077958171104e+00
4.054761247431001969e+00,-5.848896673069672758e+00,3.061134386718389777e+00
4.049841208251200086e+00,-5.841593429026251449e+00,-3.031033041152773944e+00
4.044131312907113696e+00,-5.833346052219844147e+00,-2.835125279598517345e+00
4.038964090795825079e+00,-5.826590775090955354e+00,-2.632382311567289079e+00
3.946385286838625106e+00,-5.849522768127764394e+00,-2.401673295003157627e+00
3.940201462128356091e+00,-5.843055371275508669e+00,-2.199717887823196438e+00
3.934100597704223823e+00,-5.836887482269768945e+00,-2.003037329543642109e+00
3.918094439906956161e+00,-5.814473371562972837e+00,-2.016543898989380246e+00
3.922465607061997428e+00,-5.815894875982002610e+00,-2.183081821147465185e+00
3.926804533016214016e+00,-5.817324313911794498e+00,-2.347212617273010782e+00
3.931241424997230283e+00,-5.819277128610488070e+00,-2.505512749324913635e+00
3.932325136519701836e+00,-5.824923811844287869e+00,-2.626076302053137912e+00
3.844161135344006386e+00,-5.879563706223231101e+00,-2.591092358761633019e+00
3.753991764844378576e+00,-5.937867931696356294e+00,-2.565905311950680723e+00
3.699799768526499388e+00,-5.981315468106664035e+00,-2.389687291992035778e+00
3.688254150003266396e+00,-5.997664725509118000e+00,-2.182777442964618064e+00
3.680263268942930655e+00,-6.016748998030791995e+00,-1.974937372124013990e+00
3.668930323847156227e+00,-6.065650262081533128e+00,-1.765249859216489137e+00
3.648005008674095162e+00,-6.141312769090482071e+00,-1.660494891945665241e+00
3.643997329522664419e+00,-6.229553505100169808e+00,-1.545060303391860623e+00
3.640171886543432489e+00,-6.295841173007433511e+00,-1.700528395220653799e+00
3.623681298441701948e+00,-6.363651724367390905e+00,-1.871749117173925114e+00
3.598599994489867004e+00,-6.426962439734466237e+00,-2.040210668873454924e+00
3.586470396730832899e+00,-6.459168926651527087e+00,-2.219643433554834733e+00
3.582429171237675014e+00,-6.447536546847368655e+00,-2.444496030786795782e+00
3.578274491840156557e+00,-6.441358496281270440e+00,-2.657305346835861837e+00
3.577694267555205254e+00,-6.445714029126435207e+00,-2.847227767097638917e+00
3.575994227813859005e+00,-6.451778032989284206e+00,-3.028054553892234768e+00
3.574359148321713864e+00,-6.457915163104241962e+00,3.075488966947323988e+00
3.573247638247304181e+00,-6.469508798282207707e+00,2.906906788038611023e+00
3.571929088566389243e+00,-6.480452607187602965e+00,2.742757917403632284e+00
3.575201481661230307e+00,-6.476184580698287618e+00,2.742654425032474474e+00
3.576074255801037882e+00,-6.467723708206664313e+00,2.919800686868382567e+00
3.576547201467990877e+00,-6.458834777542185712e+00,3.102910386250617325e+00
3.576383993916886439e+00,-6.450777395102999634e+00,-3.010529297696104223e+00
3.576649697322987542e+00,-6.442536129570202164e+00,-2.832350464443849969e+00
3.587249529411561610e+00,-6.460073553304473748e+00,-2.577074712304824988e+00
3.580813298177257131e+00,-6.438090745242203816e+00,-2.445743699097728818e+00
3.555517033408257532e+00,-6.430591937025306848e+00,-2.325272952721722408e+00
3.553555352003362700e+00,-6.438370772983295076e+00,-2.123658527863597545e+00
3.552609334387154316e+00,-6.447601446260943447e+00,-1.923917011419093770e+00
3.531164645810835001e+00,-6.550636003675504249e+00,-1.806076518296464428e+00
3.515492108722049647e+00,-6.645699986556066641e+00,-1.628584596742224333e+00
3.518865062083769146e+00,-6.649815050435680774e+00,-1.429081463336027369e+00
3.527819447005137388e+00,-6.765353905423911129e+00,-1.406602693810794280e+00
3.540274536558132734e+00,-6.878773085598585801e+00,-1.425610246332366104e+00
3.527694263677620956e+00,-6.964428625149015062e+00,-1.342192364025660556e+00
3.562892299292748977e+00,-6.950889252390346940e+00,-1.006599098460535524e+00
3.558976739465621097e+00,-6.959088866485665825e+00,-8.396496199592381471e-01
3.611327455320091140e+00,-7.033747664825662937e+00,-8.263473590555914239e-01
3.628442851719600792e+00,-7.081036791577139944e+00,-7.048592556926882580e-01
3.647989138229984274e+00,-7.058618689505649080e+00,-3.942740065648622783e-01
3.653809465649874966e+00,-7.105128925867394862e+00,-3.201101032162204096e-01
3.663539214678021239e+00,-7.112859571018712579e+00,-1.336052565638237988e-01
3.673659750954193282e+00,-7.120054036989523105e+00,5.245251597202858079e-02
3.674795063963320008e+00,-7.132971878521839670e+00,2.250317576854416746e-01
3.676060284205772799e+00,-7.145360529544114492e+00,3.926335690487433583e-01
3.675073821301364063e+00,-7.130578610511775217e+00,6.113278119377049125e-01
3.725160666753019267e+00,-7.075953552418702941e+00,7.725477808335813323e-01
3.790625537107317644e+00,-6.985351263845987368e+00,9.254039651112474507e-01
3.857236939596520475e+00,-6.894022471475214076e+00,9.246310924605650738e-01
3.924235402973862197e+00,-6.803928021574247254e+00,9.206594475068864414e-01
3.993059593963217413e+00,-6.711508594116903481e+00,9.174392024473015939e-01
4.069406277844628050e+00,-6.615326387997548352e+00,9.087030189446301254e-01
4.017627587467734962e+00,-6.572356486542650700e+00,7.202968969037776281e-01
4.107850022730827000e+00,-6.503944338843179906e+00,6.401447852328620014e-01
4.161847080109242647e+00,-6.496048784310060498e+00,3.837127669380459571e-01
4.157444845181685444e+00,-6.467426366363642209e+00,3.036223872261504253e-01
4.157551586687164402e+00,-6.461194606016753106e+00,1.381310414949611098e-01
4.158634164322238647e+00,-6.463035502455323211e+00,2.953078253327466873e-01
4.160616957411954253e+00,-6.464799247116778780e+00,4.788077206010931119e-01
4.160568974771762463e+00,-6.461420073508293171e+00,6.731171270402788176e-01
4.249802359581398292e+00,-6.404445303538639500e+00,6.993766322075714026e-01
4.331086621775040335e+00,-6.335726592699274740e+00,6.978302824976838625e-01
4.415393187473842573e+00,-6.264790564220569458e+00,6.999954582211880272e-01
4.500125030269982673e+00,-6.195092806218629455e+00,6.978920438094601275e-01
4.596645591546842269e+00,-6.129704801004407067e+00,6.853307697927039088e-01
4.632861962839267100e+00,-6.073567137539296112e+00,5.606043680658774342e-01
4.623294674851579522e+00,-6.070832709709159225e+00,3.860471220687817229e-01
4.620831278563564126e+00,-6.073532449473267647e+00,1.614585130262471691e-01
4.618551048707868034e+00,-6.074917559039022308e+00,-4.156636387678090683e-02
4.616440932141893327e+00,-6.075738061257688116e+00,-2.758371499773815128e-01
4.614824599478340339e+00,-6.076424367066330490e+00,-4.954303359767937565e-01
4.613874557790381026e+00,-6.077535120639242727e+00,-7.257808941175668549e-01
4.613251099621109574e+00,-6.077753922044524693e+00,-9.950821222701230484e-01
4.614002768099395801e+00,-6.078590404879138376e+00,-1.246819604363045730e+00
4.615352754116802458e+00,-6.079326962799577849e+00,-1.489544733627276463e+00
4.655245659704773331e+00,-6.084021895855638462e+00,-1.616634435072549003e+00
4.647627079895217506e+00,-6.084735033998090792e+00,-1.807848421570185327e+00
4.640600563582973237e+00,-6.085753807968653284e+00,-1.994613860974258968e+00
4.641956221921255121e+00,-6.086985505607689362e+00,-2.172730183815334115e+00
4.643436357886980836e+00,-6.088515155371823973e+00,-2.354368115529796857e+00
4.561383291848163601e+00,-6.159803803097379848e+00,-2.452113107829136496e+00
4.479512300949179959e+00,-6.227916868686984131e+00,-2.453224091420554309e+00
4.400687158833131996e+00,-6.293220374506137027e+00,-2.454764416826276996e+00
4.318729313641715528e+00,-6.361194307890189137e+00,-2.452867905908784785e+00
4.238870490496233323e+00,-6.427486497826503609e+00,-2.455273211222400942e+00
4.208885167295806085e+00,-6.450682431876837875e+00,-2.273255617384250638e+00
4.206436440829956602e+00,-6.451210191434439523e+00,-2.089582691020613225e+00
4.203683969187922642e+00,-6.452333433891164205e+00,-1.922208607815525605e+00
4.206224502473396853e+00,-6.455712906333585188e+00,-1.719306690159515982e+00
4.208216692104238987e+00,-6.463992149306320378e+00,-1.515924624755825789e+00
4.214271574273714016e+00,-6.581107971140307988e+00,-1.492298833660897106e+00
4.202027322656094910e+00,-6.664148587647750865e+00,-1.410829061802332696e+00
4.213508955057506888e+00,-6.657441842822654721e+00,-1.191519046063663767e+00
4.225686819095585633e+00,-6.650484983828222951e+00,-9.729926627971974273e-01
4.289058121507226318e+00,-6.730406104980434456e+00,-9.021636374215940002e-01
4.352809180914459120e+00,-6.812776398397415001e+00,-9.102029117213132903e-01
4.419256774017708445e+00,-6.894803436893554682e+00,-9.141812386096392906e-01
4.490112346611234706e+00,-6.983530972697391093e+00,-9.165600446958688252e-01
4.480299898401411518e+00,-7.019661098454089476e+00,-7.872338956630334783e-01
4.483371853133095719e+00,-7.022368964071407760e+00,-5.656103806794030575e-01
4.486284387224509729e+00,-7.024657677956986035e+00,-3.864403660656973161e-01
4.489186224534108760e+00,-7.027152844647870822e+00,-1.901382151790831920e-01
4.492161525520057985e+00,-7.029498531477735845e+00,-1.451323856768242833e-02
4.495658345634729436e+00,-7.032429746805366477e+00,2.162736802424586602e-01
4.498908878738080652e+00,-7.035072984267817020e+00,4.268761546376680927e-01
4.479122776731474964e+00,-7.085564259976671053e+00,5.033682489313832109e-01
4.425504600259131394e+00,-7.104122771570632544e+00,5.202736732841982681e-01
4.456657032985548383e+00,-7.131808763324693601e+00,6.590101646623740539e-01
4.431683202922954479e+00,-7.080900544621608006e+00,7.091140382936449438e-01
4.470252546602521804e+00,-7.094073285541720786e+00,4.672127788931453307e-01
4.515060921106424985e+00,-7.071940638547101088e+00,3.260182855699811366e-01
4.537687415543389058e+00,-7.064144644646588311e+00,1.525963161236549015e-01
4.567179708531400983e+00,-7.061440510097206413e+00,-6.814647137212992770e-03
4.665522403661913842e+00,-7.067092824039173493e+00,-3.531386058987411730e-02
4.764191054762547672e+00,-7.070340119972590820e+00,-2.091383638930489203e-02
4.847191469492900140e+00,-7.073231545828439160e+00,1.710696556000659840e-01
4.848297104459611262e+00,-7.075214820585410180e+00,3.446145898766186932e-01
4.826429504518089608e+00,-7.048110454803871328e+00,6.257332532612982501e-01
4.915696830486959712e+00,-7.001831311405078750e+00,7.145076972692290251e-01
4.993869435347145114e+00,-6.935447907336798501e+00,7.173210355198684773e-01
5.076636477858944119e+00,-6.872463221993845295e+00,7.131399146909218612e-01
5.156614045380843336e+00,-6.799866774140244985e+00,7.212649244338569243e-01
5.216068060358814762e+00,-6.799379472429818883e+00,8.649421636821827963e-01
5.204723296505155972e+00,-6.789491952528121210e+00,1.066679512044901967e+00
5.206072776415052061e+00,-6.790030306583932251e+00,1.245487114370524617e+00
5.207383962893792351e+00,-6.790307726694429391e+00,1.429545509203385967e+00
5.208739921425147301e+00,-6.790418179037370550e+00,1.633513186596222466e+00
5.211197976758475292e+00,-6.789113428905656278e+00,1.835413003970288059e+00
5.213084575960364120e+00,-6.787388715327081101e+00,2.037805272308625959e+00
5.214715370555977003e+00,-6.786235446490780809e+00,2.212326203054265861e+00
5.208753509872845022e+00,-6.787244246004962456e+00,2.402288162775615632e+00
5.240860704388540903e+00,-6.765442844453866122e+00,2.500505460968575733e+00
5.238155451860006195e+00,-6.763379978881586929e+00,2.690854505860592383e+00
5.235643735902538509e+00,-6.761567071614805968e+00,2.894695751271359807e+00
5.233090900372183718e+00,-6.759295182111496381e+00,3.118994764137724918e+00
5.230525036759028801e+00,-6.757392583745495784e+00,-2.959282799349632231e+00
5.228258786033247674e+00,-6.755780930820059815e+00,-2.780743159919751406e+00
5.225612967117524654e+00,-6.754192069781139729e+00,-2.600614722361583642e+00
5.222666092559215656e+00,-6.752792348023751501e+00,-2.413746291517074649e+00
5.219245519350018903e+00,-6.751797739986883151e+00,-2.185696697744633710e+00
5.215710748274194231e+00,-6.751476957030219772e+00,-1.994553337055608999e+00
5.212892600016641786e+00,-6.752141684979340752e+00,-2.100837047598023588e+00
5.211935177641812800e+00,-6.752896882625373465e+00,-2.260281928499766835e+00
5.133099165006982822e+00,-6.819672254374048670e+00,-2.384390136230059465e+00
5.054625007490520794e+00,-6.890834145304142844e+00,-2.385891643491041325e+00
4.978288171426541453e+00,-6.959143343328123343e+00,-2.386530980116766454e+00
4.903232711473648031e+00,-7.027685336411357397e+00,-2.386410701293796066e+00
4.821602728272599947e+00,-7.101750567923692969e+00,-2.387127532477436365e+00
4.742615757237629737e+00,-7.173762466411370831e+00,-2.386068883851932831e+00
4.662602382467062156e+00,-7.245697861365677284e+00,-2.388412873838596351e+00
4.583119839107253846e+00,-7.317643416821346669e+00,-2.390269575200487218e+00
4.504014123159891803e+00,-7.388827178770561943e+00,-2.391067670252618349e+00
4.420452267575271321e+00,-7.464748481342655673e+00,-2.385690731982393675e+00
4.339418212782907069e+00,-7.538120990058921222e+00,-2.385464742591419718e+00
4.262028826794890257e+00,-7.609658754626106969e+00,-2.386394815567284056e+00
4.192235513250087031e+00,-7.673847565138653515e+00,-2.390858343167347577e+00
4.110494204306902155e+00,-7.748625476788697064e+00,-2.390463935370246595e+00
4.031093563735817398e+00,-7.821019325379917397e+00,-2.390783390177484424e+00
3.952935953366542687e+00,-7.893512161612195932e+00,-2.388293046009128950e+00
3.873806283254341842e+00,-7.972174291252192901e+00,-2.378260794355167906e+00
3.792989548621986451e+00,-8.045871439801439706e+00,-2.382996528351455812e+00
3.714605774413318962e+00,-8.116397857877394983e+00,-2.384637943731307441e+00
3.636111017338421014e+00,-8.187572736444503008e+00,-2.383146767971182189e+00
3.603784744423052189e+00,-8.175059477204936087e+00,-2.221860418549824523e+00
3.601535347513759699e+00,-8.173801877441581709e+00,-2.026308350665618541e+00
3.599237240259429704e+00,-8.173195463919393333e+00,-1.822958132902432471e+00
3.596702540034931950e+00,-8.173531500494183533e+00,-1.607268467904958698e+00
3.594897655240239409e+00,-8.174367175388773887e+00,-1.513126877932083447e+00
3.595955551119409677e+00,-8.173125716053707635e+00,-1.709937203156218999e+00
3.597173798416868795e+00,-8.172472484211027677e+00,-1.903761731758500941e+00
3.598807210963570480e+00,-8.172528010966637169e+00,-2.099057162391426257e+00
3.600421201057996790e+00,-8.173286705731760193e+00,-2.277672746981983742e+00
3.602661348930553231e+00,-8.174746139177370807e+00,-2.523969632108491901e+00
3.604980251287087878e+00,-8.176808268157076398e+00,-2.775709174438644844e+00
3.606535196642370433e+00,-8.178713234709190871e+00,-2.975013421357946442e+00
3.608775058081842513e+00,-8.180693684577466485e+00,3.139741198232346431e+00
3.609773616460085321e+00,-8.181354485716093805e+00,2.960895761693263406e+00
3.609261908171718325e+00,-8.180580746951978455e+00,2.789223067280855783e+00
3.610495052855435372e+00,-8.181322718170781272e+00,2.610810837746261548e+00
3.610985435485330797e+00,-8.181811919284855961e+00,2.438452322957702645e+00
3.531597011996488344e+00,-8.113193675796573245e+00,2.433660217693251582e+00
3.449556727389962774e+00,-8.044137529135738873e+00,2.437319859317898629e+00
3.371761177821671396e+00,-7.977696333591607569e+00,2.442273457574185791e+00
3.293269983516584620e+00,-7.911583694002271905e+00,2.446706331737342754e+00
3.213873592122690415e+00,-7.845248888103133922e+00,2.454256779940879429e+00
3.207032355401519652e+00,-7.839932879453435532e+00,2.275835890806078510e+00
3.206648499290647436e+00,-7.840296006471369594e+00,2.092791780070685892e+00
3.205728475276350853e+00,-7.841134867378026563e+00,1.881928256718798265e+00
3.204245272150284762e+00,-7.842364485051477097e+00,1.680477301121094946e+00
3.202571245810787559e+00,-7.842475598284686988e+00,1.501639499013676327e+00
3.200470804476184039e+00,-7.842601154516642303e+00,1.300685359659948803e+00
3.196489148072037434e+00,-7.842858025595899285e+00,1.122387810468794989e+00
3.192524706772382981e+00,-7.840121243289301489e+00,9.510770335302148881e-01
3.189974691986671385e+00,-7.837906376955148247e+00,7.732618808912065100e-01
3.186419720838276071e+00,-7.833488702136207849e+00,6.090427794490034241e-01
3.184007369653909958e+00,-7.831402915495032424e+00,4.357608678331442720e-01
3.181948158498638435e+00,-7.829070094206962871e+00,2.605022737020120660e-01
3.179305671745657147e+00,-7.832343806751413950e+00,6.250071603133833253e-02
3.176219324740358729e+00,-7.835226040994264451e+00,-1.299137010491434874e-01
3.173590251855868516e+00,-7.838125689488866676e+00,-3.198554213127312584e-01
3.172293633866479112e+00,-7.833957703386984939e+00,-4.876747909161301964e-01
3.171353557034398918e+00,-7.829271148682850345e+00,-6.549373896736251366e-01
3.170017811122281870e+00,-7.825380906735793118e+00,-8.269294684570754894e-01
3.163851915405273996e+00,-7.823668239295365368e+00,-1.004855318622064342e+00
3.158505118105593201e+00,-7.821840525450517667e+00,-1.192846791053230548e+00
3.158103644409250066e+00,-7.820719855084721672e+00,-1.363985624776116401e+00
3.158492527401314476e+00,-7.819371604303213985e+00,-1.537130599721366009e+00
3.158911625689549751e+00,-7.818516691816984832e+00,-1.714695076932429618e+00
3.163233927357813169e+00,-7.816203856309019038e+00,-1.868802612809613128e+00
3.157789082101476019e+00,-7.816067812171429985e+00,-2.051435536901244028e+00
3.149053880498338565e+00,-7.816323303469474126e+00,-2.239044424781282405e+00
3.140735219322761562e+00,-7.815714062570539689e+00,-2.123215037035913966e+00
3.133361141078235157e+00,-7.815629609284753698e+00,-1.921912495795860210e+00
3.126552060719058446e+00,-7.816027094294481614e+00,-1.729659955558425777e+00
3.130372934517580141e+00,-7.812931393373142797e+00,-1.536925744978410835e+00
3.135351119688293942e+00,-7.810639684880578137e+00,-1.327486960989943121e+00
3.139951074620465743e+00,-7.809181468029822604e+00,-1.077673227749474272e+00
3.144362488000382871e+00,-7.808533892264636123e+00,-8.661790754083367183e-01
3.149762749982261134e+00,-7.807942189875710426e+00,-6.481216071087777530e-01
3.213975403767227679e+00,-7.881130715297874900e+00,-5.998861260194733314e-01
3.307699389680396784e+00,-7.942538748510441948e+00,-4.507342266811775189e-01
3.353789400140862131e+00,-7.942726756501182983e+00,-3.149903343125905475e-01
3.354663666839593716e+00,-7.941796343517429690e+00,-5.039508830889813940e-01
3.354860378042407998e+00,-7.940578794609257862e+00,-6.973600306823987127e-01
3.354998036757122382e+00,-7.939053743628612381e+00,-8.921832207460956843e-01
3.355541337119474221e+00,-7.937345518718931459e+00,-1.098162257265918651e+00
3.357328519983689752e+00,-7.935218607012388681e+00,-1.330305735860461969e+00
3.360086943419569483e+00,-7.933066179667716433e+00,-1.597205203513734073e+00
3.363551958334958236e+00,-7.932571670976076739e+00,-1.857478762473496525e+00
3.367611298644130446e+00,-7.933251318337266156e+00,-2.109207031937515353e+00
3.371747970229570512e+00,-7.934715189347103959e+00,-2.323473446504393358e+00
3.381806586996921826e+00,-7.935949720706848787e+00,-2.487407742417341971e+00
3.389556117575623251e+00,-7.936687073122308256e+00,-2.598468359292289698e+00
3.390364740329059323e+00,-7.934659984291516643e+00,-2.416811232360911443e+00
3.391068787258446626e+00,-7.931941069862777027e+00,-2.232665605162537759e+00
3.347929306582543063e+00,-7.924224174650531083e+00,-2.118016718916676311e+00
3.348434267073613135e+00,-7.925352437940503592e+00,-1.933699643386764366e+00
3.348686201911734717e+00,-7.926897935820614194e+00,-1.746387530083751027e+00
3.349763900455757781e+00,-7.930495377279909164e+00,-1.553295217065079559e+00
3.350135202378645705e+00,-7.931091729514296418e+00,-1.375282597100214943e+00
3.348190230201151252e+00,-7.935462074662689602e+00,-1.189689705149191479e+00
3.345256005941543709e+00,-7.940190473403071714e+00,-9.999459246603381590e-01
3.342980218069649734e+00,-7.945489263754592635e+00,-8.172467913742791357e-01
3.340726090825533845e+00,-7.951068695994520041e+00,-6.380670040533383824e-01
3.338813866198382829e+00,-7.957383480910533713e+00,-4.543747316137710102e-01
3.334862236270192515e+00,-7.964783534026551592e+00,-2.697704749485949072e-01
3.330610961622073152e+00,-7.972907686885499778e+00,-8.703997075603839284e-02
3.326172444234959613e+00,-7.981568664519266498e+00,9.036843575594452616e-02
3.320846415837020338e+00,-7.989973347334314191e+00,2.751093066881982740e-01
3.315464196595971025e+00,-7.999328661299341725e+00,4.545526161353833916e-01
3.310097580485485746e+00,-7.998724473342212704e+00,6.636608270834991608e-01
3.305210350772833650e+00,-7.999079782155777529e+00,8.787617802135814227e-01
3.301504110349555265e+00,-7.998737520434142212e+00,1.082674913869623667e+00
3.321056430721309294e+00,-7.985526150525169342e+00,1.100474566741636906e+00
3.321141599696068258e+00,-7.981064216295821190e+00,9.132796340983166949e-01
3.320255875101631116e+00,-7.976273163123450693e+00,6.784375623191570837e-01
3.319466103081281538e+00,-7.971743398416266224e+00,4.481564949424523547e-01
3.319023686372635673e+00,-7.967252078874921928e+00,2.592391603724173432e-01
3.318187753622442671e+00,-7.962893892575999999e+00,4.152452765691823366e-02
3.318003327629556409e+00,-7.959117143932385119e+00,-1.655727533814470576e-01
3.317239228287189423e+00,-7.954809971107986044e+00,-4.115930258043738466e-01
3.317069916333078794e+00,-7.950885494749858395e+00,-6.406246938229316346e-01
3.316797327592796663e+00,-7.946535724751049301e+00,-8.707890024856826949e-01
3.317169389019496872e+00,-7.942888364685106950e+00,-1.061671121291227093e+00
3.318691257415590901e+00,-7.938644136792570194e+00,-1.314484498914993971e+00
3.320859073415300511e+00,-7.935470069963270312e+00,-1.495073522128840260e+00
3.323769673723957929e+00,-7.932923907493030669e+00,-1.675385696713098005e+00
3.327183971085167169e+00,-7.930257504928032830e+00,-1.866014776818261334e+00
3.333285938423178774e+00,-7.924601893343766967e+00,-2.041434338138984561e+00
3.333283372431654179e+00,-7.924705882495010734e+00,-2.222651841550711715e+00
3.334204607685521182e+00,-7.925019947011096022e+00,-2.394425484410510396e+00
3.333372184068887467e+00,-7.925380116921429519e+00,-2.584487972928077859e+00
3.323909818884083656e+00,-7.919542476219651128e+00,-2.547526830105386164e+00
3.320396693583895331e+00,-7.916568687087905509e+00,-2.372205832248426294e+00
3.317450985123731044e+00,-7.913814691529505119e+00,-2.197236832591518141e+00
3.314030214265856422e+00,-7.911913925177155527e+00,-2.017736308520192701e+00
3.310680387148847714e+00,-7.910562478589093338e+00,-1.836103447270045708e+00
3.307321642797893091e+00,-7.909758771018299051e+00,-1.641003761120962023e+00
3.304608661101738676e+00,-7.909009989495824122e+00,-1.454342026519346742e+00
3.306923647331135641e+00,-7.910846817542297238e+00,-1.268820728579662216e+00
3.309655254539499492e+00,-7.912649093999013061e+00,-1.081724671981284525e+00
3.314104969027742875e+00,-7.915092914031268023e+00,-8.686604970585618535e-01
3.318816112548439001e+00,-7.917147035015492662e+00,-6.640352145737270506e-01
3.323363055116001608e+00,-7.919172986850783857e+00,-4.765779813234995999e-01
3.418927114280557511e+00,-7.983971185102578971e+00,-4.291355446525868533e-01
3.515825042866631556e+00,-8.031145365443114414e+00,-4.315124690782167205e-01
3.556233145620538494e+00,-8.004069729931352128e+00,-5.266235279381240586e-01
3.557773623440971367e+00,-8.005324398475767822e+00,-7.386534838020282212e-01
3.558639678545468588e+00,-8.005470442670368669e+00,-9.644515741124537467e-01
3.560694559251619484e+00,-8.005383358427069496e+00,-1.158343880526090164e+00
3.563403107108870316e+00,-8.005212732245228224e+00,-1.401012401859313306e+00
3.566736992791608607e+00,-8.004891284821324504e+00,-1.594073908215869473e+00
3.570597911240971811e+00,-8.008473438803459743e+00,-1.478048974935983750e+00
3.573985181742268757e+00,-8.012536747185775354e+00,-1.490273128535945624e+00
3.578683940978574007e+00,-8.014837614145928768e+00,-1.682558579575935909e+00
3.583146118572907657e+00,-8.017997042519342088e+00,-1.866291994013647315e+00
3.587849181803142606e+00,-8.020874803643783579e+00,-2.070533768096701976e+00
3.588918975205148243e+00,-8.021416339954415164e+00,-2.264040373267862449e+00
3.590613296356210515e+00,-8.023224508795824050e+00,-2.504733101845376453e+00
3.591733245009261832e+00,-8.024826445438023370e+00,-2.727762128291675303e+00
3.592597049913313967e+00,-8.026543416427246669e+00,-2.910963522818928340e+00
3.585722968628775487e+00,-8.025781647791877305e+00,-2.971974659856737588e+00
3.582425765765028469e+00,-8.023835352550820588e+00,-2.794512132652729797e+00
3.579531280636856660e+00,-8.021673251759894541e+00,-2.601864278236231787e+00
3.574790729956030866e+00,-8.019694349724344917e+00,-2.440499405603810956e+00
3.589034127037002531e+00,-8.036582163123735967e+00,-2.239088196445314427e+00
3.567405882108569237e+00,-8.022455240681869881e+00,-2.114213343194244921e+00
3.569102954007768336e+00,-8.028844991504922035e+00,-1.928335303179104621e+00
3.571802100567520011e+00,-8.037116857052820862e+00,-1.761521758663072257e+00
3.573167078956097864e+00,-8.041444225169858129e+00,-1.570486963902405053e+00
3.573906761501454810e+00,-8.045885534274495043e+00,-1.391227128812553726e+00
3.574631342081721286e+00,-8.050620691534980722e+00,-1.215286566994484119e+00
3.576055958458156603e+00,-8.056143698119740293e+00,-9.534996847700829559e-01
3.578328193165810855e+00,-8.061117265219230887e+00,-7.592171944462237088e-01
3.580933993695200712e+00,-8.066189177588068304e+00,-5.516636363959375178e-01
3.583822401864343643e+00,-8.071299399562589016e+00,-3.278428088811867203e-01
3.586549371226193994e+00,-8.076377010388151589e+00,-1.242752624873860040e-01
3.589553419410781654e+00,-8.081661584172481483e+00,1.067791955814357541e-01
3.592534396455786538e+00,-8.087212550415841861e+00,3.111992375597235072e-01
3.595926523416884457e+00,-8.092772800607832551e+00,5.149790249078810556e-01
3.599851400696803427e+00,-8.098654344526316606e+00,7.455880771518209604e-01
3.626521195801451825e+00,-8.087335866846423471e+00,8.864487105033540537e-01
3.669260714010453395e+00,-8.050075426793240396e+00,7.591346737849823390e-01
3.676513245562444077e+00,-8.057519729366267924e+00,5.770928470509617547e-01
3.761667202274357358e+00,-8.005500021414038159e+00,5.783230995578175770e-01
3.848635503841432826e+00,-7.949776290997998096e+00,5.764872167357717458e-01
3.934023410245949037e+00,-7.895797432025232432e+00,5.764587801797917965e-01
4.028387654976769205e+00,-7.847409752596917087e+00,5.774407839709762014e-01
4.087630049445007963e+00,-7.815583791536394820e+00,7.243465353419814567e-01
4.109596035235801637e+00,-7.781551425887123230e+00,9.494541479654089455e-01
4.123878372699127048e+00,-7.743469763224487323e+00,1.165724954125181290e+00
4.136677576164979442e+00,-7.706579962601918687e+00,1.353367494829591289e+00
4.142146648578726165e+00,-7.669167582674733197e+00,1.540553616069038956e+00
4.140319207696145476e+00,-7.631687135720558679e+00,1.726886716558896806e+00
4.133506083003061882e+00,-7.531730811866629516e+00,1.808562269021894986e+00
4.098705694588012705e+00,-7.435896815952523831e+00,1.967533068452747891e+00
4.073372897736467380e+00,-7.391269045934803827e+00,2.166389449219875196e+00
4.063819513984185505e+00,-7.383898363242408003e+00,2.362154701333277984e+00
4.042990167018913894e+00,-7.367458519938955064e+00,2.304364306352900460e+00
4.043515590265243986e+00,-7.359192806843705803e+00,2.096520429458970103e+00
4.044428523527457742e+00,-7.351251726392018959e+00,1.905688299231145022e+00
4.046041277632884459e+00,-7.342658832619173737e+00,1.705568886327294642e+00
4.026126437768936306e+00,-7.228935108801516130e+00,1.677579612796200825e+00
4.009635485511098274e+00,-7.117574938718317590e+00,1.694683255677495781e+00
4.001100277953660189e+00,-7.012812634812592094e+00,1.679209765388341102e+00
3.996548766330749736e+00,-6.907598481462191131e+00,1.621843331794934118e+00
3.999902567396789177e+00,-6.813647260631569225e+00,1.467966529105980023e+00
4.003655916062980324e+00,-6.808195072504738654e+00,1.463625845746660437e+00
4.009157873773412817e+00,-6.801711469184819059e+00,1.627048665892861790e+00
4.011693219372697072e+00,-6.686837184646565291e+00,1.641309829024297784e+00
4.003404531965406576e+00,-6.598550871719603528e+00,1.806321678300268241e+00
3.984710979961642252e+00,-6.490018079156037345e+00,1.784006982330617053e+00
3.987601234747432777e+00,-6.475551792724163036e+00,1.622910669729250355e+00
3.992577742002444641e+00,-6.468905511207950987e+00,1.794102787113418973e+00
3.960931037960310874e+00,-6.470678230796807817e+00,2.043060244738671649e+00
3.926185176764900753e+00,-6.384431835439721148e+00,2.132355008408774122e+00
3.868750871205065334e+00,-6.293526801933301940e+00,2.134722609016209915e+00
3.813445184928647702e+00,-6.207322884438365662e+00,2.139478809690594119e+00
3.752784575219667129e+00,-6.117243937881611693e+00,2.182154786068208452e+00
3.686502588471320063e+00,-6.030256532319079987e+00,2.239085905358112694e+00
3.619951125438193973e+00,-5.951715337863816124e+00,2.270457027832738284e+00
3.551214011110646940e+00,-5.871006964861858357e+00,2.275262804680119100e+00
3.479859131057098320e+00,-5.787896120031769343e+00,2.278336042990441790e+00
3.405814271553117223e+00,-5.703259571355915547e+00,2.284357299548282594e+00
3.333485889635657617e+00,-5.621070197288197789e+00,2.287241561461677897e+00
3.260895181328961279e+00,-5.538962422648860517e+00,2.288494642340906271e+00
3.186505267390224994e+00,-5.454469647429347923e+00,2.289364534134837648e+00
3.116420588297189820e+00,-5.375340035409556627e+00,2.290519320662859570e+00
3.048658678483353146e+00,-5.299032817467855594e+00,2.291553096753758290e+00
2.976169055360687210e+00,-5.217351459004841097e+00,2.293381744786657794e+00
2.903416822190508118e+00,-5.135699966656134485e+00,2.295040710060031852e+00
2.835089475269484627e+00,-5.059702906792942656e+00,2.297405416292945812e+00
2.761194167273015143e+00,-4.978103628711256334e+00,2.304696534912436867e+00
2.685289351326484386e+00,-4.899593070294577579e+00,2.360057912575184158e+00
2.605287838380429211e+00,-4.825928472412042147e+00,2.437619777246447406e+00
2.518905515800692108e+00,-4.759426798228965083e+00,2.524092851816118976e+00
2.424917353836656631e+00,-4.696918910516086676e+00,2.573503538159028547e+00
2.331214727705598566e+00,-4.640545007624210072e+00,2.621515191222657304e+00
2.235077149892091164e+00,-4.588743704718886818e+00,2.663407135078536658e+00
2.138021157321504440e+00,-4.537956456965493324e+00,2.661343546745915223e+00
2.038229386328843873e+00,-4.485654315253172264e+00,2.660695934037871080e+00
1.941472729656071872e+00,-4.435115246998723393e+00,2.661604328392155772e+00
1.845685289789979810e+00,-4.384256758879596205e+00,2.666073222300860746e+00
1.750275623780675804e+00,-4.334472886185574581e+00,2.668700742130578174e+00
1.651340351258402839e+00,-4.284272489495119629e+00,2.663813253645636259e+00
1.554451836654048957e+00,-4.234090663330742466e+00,2.658223821552030852e+00
1.456750246126906845e+00,-4.183977740840629345e+00,2.616280638877864106e+00
1.364592668835465705e+00,-4.130504598481487655e+00,2.556714324229587110e+00
1.277233831159248600e+00,-4.070262183120366473e+00,2.469650009443625560e+00
1.193654758234495850e+00,-3.995669122461430245e+00,2.423358565347056182e+00
1.115744570933899782e+00,-3.923856553899412791e+00,2.424352428930162340e+00
1.031297995405972223e+00,-3.848608153505035823e+00,2.462027886796845699e+00
9.437455295297818569e-01,-3.777427643845428840e+00,2.512310130919471085e+00
8.527721722514128855e-01,-3.708208457838587879e+00,2.538882552726497988e+00
7.601383014563442009e-01,-3.637409520879089975e+00,2.533730649623739062e+00
6.696063041620261558e-01,-3.568321298918932349e+00,2.530802448856402265e+00
5.791058487136385713e-01,-3.499393518210045073e+00,2.533262261155309503e+00
4.881498675292254563e-01,-3.430449341379066208e+00,2.536171914338210431e+00
3.999467019676384294e-01,-3.367280933860021364e+00,2.523278459250150707e+00
3.161508556492803046e-01,-3.303001051392564946e+00,2.466684060217975372e+00
2.389948624338211480e-01,-3.237114015433579350e+00,2.376386274303377011e+00
1.683359397866129314e-01,-3.164070409181366728e+00,2.285084196066190287e+00
1.048626082825866307e-01,-3.084547300970523764e+00,2.195211508118195987e+00
4.835371986225607543e-02,-2.995724821939469873e+00,2.095462503202751847e+00
2.768956996125411692e-03,-2.904118067581721085e+00,1.999230124816229859e+00
-3.342047059384203878e-02,-2.809040501130375844e+00,1.881034734167533973e+00
-5.255951430634823313e-02,-2.729164821461354418e+00,1.739734168709068385e+00
-5.844015487239714868e-02,-2.647289762734037044e+00,1.583170771703557245e+00
-5.282370260812972035e-02,-2.584723987713233750e+00,1.427791018979528426e+00
-3.585744970184932823e-02,-2.524478117378754494e+00,1.247284014535706698e+00
-2.399192563769814331e-03,-2.458943287391382793e+00,1.040985845326904080e+00
4.214812613359825849e-02,-2.403231104153510156e+00,8.568916760104009489e-01
1.002072870511300923e-01,-2.356302973184249527e+00,6.968089998670020657e-01
1.656438807202697538e-01,-2.317529122811154529e+00,5.895335171058297963e-01
2.605589279506088651e-01,-2.271501657606501912e+00,5.268358077503132453e-01
2.753577547005657822e-01,-2.280461745543342911e+00,6.925796373290167285e-01
3.627118722999937428e-01,-2.225881028791941496e+00,7.020813068406965840e-01
4.435160047809853512e-01,-2.168150629045785482e+00,7.093350731547629628e-01
5.259329427142869218e-01,-2.107114907141659721e+00,7.197936426345110661e-01
5.970164596723083195e-01,-2.098896028521668455e+00,8.394306707470617912e-01
6.042387894425108597e-01,-2.119686333539444689e+00,1.012947826990248101e+00
6.111890569641393878e-01,-2.136415896342518383e+00,1.215277104371968786e+00
6.179435648946373094e-01,-2.150335965546292805e+00,1.413297920851829703e+00
6.240259803574834674e-01,-2.163854375384576034e+00,1.602597517407157390e+00
6.299341513155877204e-01,-2.176159757311284082e+00,1.791810096513784201e+00
6.347483535457462134e-01,-2.224709790801785658e+00,1.683078256308195408e+00
6.349559766338265243e-01,-2.202833059110117730e+00,1.647969645640677827e+00
6.385834143994435497e-01,-2.190962925750883361e+00,1.598867901838335603e+00
6.366383031740446841e-01,-2.195488976179127416e+00,1.800023626882638839e+00
6.269030102803859750e-01,-2.204141046953973948e+00,1.986853856775524951e+00
6.095145702026160128e-01,-2.214861726769646211e+00,2.175365431498902602e+00
5.455574774024297691e-01,-2.214605218618320048e+00,2.290343426315805786e+00
4.846587526640064314e-01,-2.211160633888860527e+00,2.220820178128265265e+00
3.886775126219166876e-01,-1.110995743439116668e+00,-1.414420994050991975e+00
3.910945170815587346e-01,-1.191710329242156918e+00,-1.263293045827620142e+00
3.927831443030495584e-01,-1.222848488581054660e+00,-1.076574037242903348e+00
3.859933186285074980e-01,-1.233102980425103690e+00,-8.906939284967838599e-01
3.816044021299704325e-01,-1.248905624694663707e+00,-6.948423331090670674e-01
3.765912762722020135e-01,-1.262505343564740867e+00,-5.104414301327421244e-01
3.657073737498924282e-01,-1.281271638360198972e+00,-3.553554529210174451e-01
3.474716028732803830e-01,-1.303953193973557578e+00,-2.406498315224232520e-01
3.428674497393321974e-01,-1.313254734270984603e+00,-4.213345349104973686e-02
3.383832649778120150e-01,-1.322439952168649624e+00,1.364834363684477025e-01
3.394454813197859688e-01,-1.330764742334081374e+00,3.152218859716844346e-01
3.361973434788148585e-01,-1.328210965878016347e+00,4.994079240329885039e-01
3.409043621778791722e-01,-1.335696659992141155e+00,6.997773445220574207e-01
3.433417500251023102e-01,-1.336048966296533580e+00,9.054529832584955473e-01
3.488833105045853200e-01,-1.338119293703387669e+00,1.081565231984418229e+00
3.541635280434798916e-01,-1.336169910217462009e+00,1.261067585445039274e+00
3.594750475928102373e-01,-1.333930978849162896e+00,1.441093806154481349e+00
3.652448314944585772e-01,-1.331029777598448094e+00,1.646276645193140542e+00
3.698972734527771755e-01,-1.327418498776874012e+00,1.831643411403083288e+00
3.737691713349556855e-01,-1.323489134676033574e+00,2.015027361442490950e+00
3.779063528079353307e-01,-1.319295493222555127e+00,2.195087451704767822e+00
3.810649689339929980e-01,-1.315053379458992255e+00,2.395742386581830363e+00
3.843284134126196960e-01,-1.310730281396933261e+00,2.581258728883774722e+00
3.876553963981608786e-01,-1.305974036530741067e+00,2.765492563856144947e+00
3.908106633821369913e-01,-1.302009959533924732e+00,2.960836206961863226e+00
3.844613081239046659e-01,-1.273390307616342643e+00,3.123493532155249497e+00
3.873199002298703397e-01,-1.270465676340953198e+00,-2.965014513010928887e+00
3.907498885637275543e-01,-1.273611928730709275e+00,-2.758993622571744631e+00
3.858569263422726991e-01,-1.259980715463139056e+00,-2.605501563207678117e+00
3.854138274731941372e-01,-1.251286409907587993e+00,-2.441402281580715705e+00
3.854562411126754018e-01,-1.247653090233632467e+00,-2.248248511734648236e+00
3.901448354710619904e-01,-1.245366107095391861e+00,-2.053279242799964877e+00
3.954044840442309527e-01,-1.244139836732072180e+00,-1.862330105069448294e+00
3.795076183835576211e-01,-1.248308895905398508e+00,-1.737388819428988151e+00
3.747942832823301651e-01,-1.249623716790951633e+00,-1.583595055966564358e+00
3.817846518983811777e-01,-1.250186789936530873e+00,-1.388766592041587922e+00
3.850774474021764759e-01,-1.253919127667278088e+00,-1.203949321921367055e+00
3.890548599790505935e-01,-1.258847516059274918e+00,-1.031754189822963186e+00
4.487980022061427987e-01,-1.347296977713452470e+00,-1.044817671290388494e+00
5.065206529064497643e-01,-1.444249060083263592e+00,-1.064087400778750636e+00
5.701449720631882601e-01,-1.546557797492778219e+00,-1.054394746280360451e+00
6.123121410520196983e-01,-1.610594779229692408e+00,-1.052135879495255555e+00
6.721725556951443359e-01,-1.707854204943007881e+00,-9.634361515466611792e-01
7.320463160854525642e-01,-1.806179175385423497e+00,-9.587649246304779105e-01
7.783173321991425642e-01,-1.807341576046468390e+00,-1.084598826985035069e+00
7.555698360559809368e-01,-1.811457256236355340e+00,-1.276074612960531596e+00
7.643489030409411633e-01,-1.818503792461879209e+00,-1.419442920289094801e+00
7.648564993910865750e-01,-1.820879971320222612e+00,-1.579683155620344337e+00
7.603314557990792366e-01,-1.819855239527831792e+00,-1.755138020067690485e+00
7.507348414848328266e-01,-1.819066198022041281e+00,-1.911594751583480800e+00
7.493547506551990756e-01,-1.817852968824310356e+00,-2.090646528069239451e+00
7.568302648329540139e-01,-1.816317833058162412e+00,-2.278209492827834470e+00
7.928517289542190705e-01,-1.821617230330354387e+00,-2.463666042857145744e+00
7.990208886497606189e-01,-1.810059730844535641e+00,-2.632207863315016105e+00
8.146012749732296498e-01,-1.799379881116422331e+00,-2.787401265748700840e+00
7.954695531645314954e-01,-1.806290662100927813e+00,-2.950900591193669431e+00
7.979067582637997535e-01,-1.785434464454881409e+00,3.121667475199159991e+00
8.188651206384176540e-01,-1.767862869927943725e+00,2.995336248769266074e+00
7.950834847315488840e-01,-1.775720753475304559e+00,2.796972949792628782e+00
7.747800472440089514e-01,-1.782308047123460026e+00,2.861262538827026969e+00
7.832920955709552491e-01,-1.779155524680530842e+00,3.066877906114668928e+00
7.935489018602844835e-01,-1.760055950205505537e+00,-3.075009961418983639e+00
7.679661939404177629e-01,-1.775081829587817017e+00,-2.899042275597443652e+00
7.429619319019439283e-01,-1.793281565013645329e+00,-2.710215937897490601e+00
6.387175396039664887e-01,-1.840361871806007077e+00,-2.621727380138886954e+00
5.431903275379700302e-01,-1.888909865530377985e+00,-2.539763271512780474e+00
4.556436414823555880e-01,-1.942295286469388538e+00,-2.484962847611662973e+00
3.801462043352764608e-01,-2.034343889115084014e+00,-2.446625515079701163e+00
2.996620430405693702e-01,-2.112431158353937910e+00,-2.454260367257368181e+00
2.313193392465572318e-01,-2.179599316864166969e+00,-2.463766211575844522e+00
1.553467087891023390e-01,-2.249927373798600971e+00,-2.466165458178841252e+00
8.222320049107587070e-02,-2.321231927098157843e+00,-2.453944860157239116e+00
9.635815713788213263e-03,-2.393174204315704490e+00,-2.446815007864870495e+00
-1.455489000849268487e-02,-2.438191409980400515e+00,-2.603259633905562254e+00
-1.003791321354825100e-02,-2.425130466423593312e+00,-2.841797227859689912e+00
-5.422449154494812101e-03,-2.420496910697059967e+00,-3.073112793068962123e+00
1.816864632779820795e-04,-2.435231562108544523e+00,3.056970195413918567e+00
5.877026383871283323e-03,-2.452281408928457029e+00,2.920402473345200534e+00
-2.764410968347290679e-02,-2.445309999590177696e+00,2.725861684760630066e+00
-3.273100736633571123e-02,-2.446469907323556736e+00,2.528074032501698820e+00
-4.132210970607897577e-02,-2.451323120322633997e+00,2.358620375286001991e+00
-3.669232598230096065e-02,-2.443853497453061241e+00,2.125801920832532943e+00
-4.610672532770873633e-02,-2.450303506251408692e+00,1.946962282397823207e+00
-5.052068607466923128e-02,-2.450882471326120360e+00,1.759884020276580197e+00
-5.569058783228900827e-02,-2.451329290421984552e+00,1.545780981817500122e+00
-6.102242859541881503e-02,-2.451616835569372821e+00,1.353196366861477928e+00
-6.700959427304012395e-02,-2.450713048611091960e+00,1.154402691817747240e+00
-7.283477603497684472e-02,-2.449115727782044782e+00,9.656639026474869159e-01
-7.851050414483833062e-02,-2.447176050806873171e+00,7.819432550177857211e-01
-8.753236129167682456e-02,-2.426218344608002120e+00,6.223742036218704587e-01
-9.122272004521886357e-02,-2.422753446390089493e+00,4.405097905954680759e-01
-9.353448758225960113e-02,-2.413299289774531342e+00,2.632381731116905099e-01
-8.894220299122056195e-02,-2.424649748993073839e+00,3.572725807164676276e-02
-9.479685828372752532e-02,-2.408275685997582904e+00,-5.897872432368924528e-02
-9.982778234181372001e-02,-2.411078755932709150e+00,-1.920298734211484393e-01
-9.901047352879423225e-02,-2.400372141466795561e+00,-3.891651797625886866e-01
-9.541910073433312878e-02,-2.404570986067404270e+00,-6.224913377869690789e-01
-8.369301973988445276e-02,-2.404279571471142685e+00,-7.942664278624883556e-01
-7.165800556316832826e-02,-2.405073466063809118e+00,-1.017464903973782420e+00
-6.297646965271715136e-02,-2.404344689434252391e+00,-1.205370402620365988e+00
-5.363392685091580847e-02,-2.404310116281448639e+00,-1.402585707498643197e+00
-5.248431923951550615e-02,-2.402206309505011905e+00,-1.616702973794061915e+00
-4.526114805661762136e-02,-2.401221580593369431e+00,-1.818539345207411673e+00
-3.716471377169035945e-02,-2.400581716697369750e+00,-1.988983625765300411e+00
-2.611850290033689362e-02,-2.399461529920476899e+00,-2.167769990793370738e+00
-8.025708876810105745e-04,-2.401304399244362564e+00,-2.315302624973361922e+00
-2.943111480244438825e-03,-2.391041458629808769e+00,-2.562713724574910312e+00
-3.653606000512001680e-03,-2.384389082657837555e+00,-2.774140640116039336e+00
-2.641314307759879722e-03,-2.395523109659897454e+00,-2.932640981156988680e+00
-3.745716792711122609e-04,-2.424765564673100560e+00,-3.066261048709127301e+00
-2.773703818969055200e-04,-2.425842780923083808e+00,3.002738061360462840e+00
-2.476188136383145055e-04,-2.426850669678051631e+00,2.825839295365780934e+00
-9.811358342844533204e-04,-2.427972161559603492e+00,2.625275506074734810e+00
-1.400759387016250546e-03,-2.429523632356324736e+00,2.405355324193269695e+00
-2.785286509654053867e-03,-2.430394276244125074e+00,2.204433295211180255e+00
-4.434421698069002798e-03,-2.431653482431924473e+00,1.983485680112111238e+00
-6.668964853724305974e-03,-2.432404538563342378e+00,1.783130029508767755e+00
-9.772119992099254429e-03,-2.433279635181460510e+00,1.558070216573474109e+00
-1.317526381717483604e-02,-2.433477054546054230e+00,1.343444963665632708e+00
-1.715111119025404182e-02,-2.432813712311119314e+00,1.115996654738469873e+00
-2.053356486560740587e-02,-2.431076099327742046e+00,9.173866012373859125e-01
-2.414390358747318249e-02,-2.429021317514250544e+00,7.067006529329232789e-01
-2.676195155843286849e-02,-2.426895018228679479e+00,5.082851726805223125e-01
-2.953923183032895750e-02,-2.425389888946556383e+00,3.101121782894778467e-01
-3.243025724994369474e-02,-2.422972100324177092e+00,9.125448376505476689e-02
-3.519760885021791519e-02,-2.419821406418070531e+00,-1.208700868191169703e-01
-3.743007427665816927e-02,-2.417051872495080023e+00,-3.290294070345900490e-01
-3.901915774971569106e-02,-2.413891599899884444e+00,-5.734322923267768379e-01
-4.057330927022045203e-02,-2.409757085527205245e+00,-8.182402798344249328e-01
-4.093087937571109752e-02,-2.406919326199422837e+00,-1.055786349723812689e+00
-4.105027550007023240e-02,-2.404200834180618251e+00,-1.267113723220341770e+00
-4.015174370311180158e-02,-2.401086029789380127e+00,-1.512190764357642436e+00
-3.941514561576393155e-02,-2.399185104146681180e+00,-1.737835263134007047e+00
-3.832533214170561614e-02,-2.397935525737643569e+00,-1.938424817904250030e+00
-3.682157089374742814e-02,-2.397448425681415696e+00,-2.132627088061521903e+00
-3.420361725717086659e-02,-2.398815351506335070e+00,-2.357175437451313194e+00
-3.211566267489526089e-02,-2.400682234529770476e+00,-2.573744539287079913e+00
-3.022632384765106678e-02,-2.402496116816955407e+00,-2.763486764672777873e+00
-2.818761672051151024e-02,-2.405183656092737543e+00,-2.971531375496920369e+00
-2.723520072392696806e-02,-2.407940560229572924e+00,3.063108164532549083e+00
-2.628827689889213712e-02,-2.410302980052975830e+00,2.874248980517355445e+00
-2.560750917215049230e-02,-2.412893689997939628e+00,2.658451170656039420e+00
-2.490817941273173325e-02,-2.415243981460922118e+00,2.483350541873605710e+00
-2.461156515869908704e-02,-2.418432227414470059e+00,2.262196935209490611e+00
-2.474606846065544735e-02,-2.420282661373269306e+00,2.088337943110558204e+00
-2.568197975723387344e-02,-2.422697003752829481e+00,1.874441309473134698e+00
-2.710586876626528210e-02,-2.424602524315516927e+00,1.643941461346884791e+00
-2.913682975015739057e-02,-2.426027440610488473e+00,1.439066068164243539e+00
-3.182364909608425413e-02,-2.427023378867729342e+00,1.199956853996531292e+00
-3.513004402979181401e-02,-2.427447921642519546e+00,9.896736816481475074e-01
-3.689255353771516560e-02,-2.426525048149490882e+00,7.741034552692855897e-01
-3.938975371915173079e-02,-2.425281235082633824e+00,5.528462609517797999e-01
-4.203426207101694512e-02,-2.423782587615340489e+00,2.763411400435876186e-01
-4.431000838703710171e-02,-2.421910905828601912e+00,3.618884535148807896e-02
-4.607459958911077486e-02,-2.419958193100168575e+00,-2.025177392062591508e-01
-4.682364073092466772e-02,-2.418660509940734560e+00,-3.902011559213419689e-01
-4.743415691120461686e-02,-2.416298932720203574e+00,-6.327571345684731563e-01
-4.775466569554862040e-02,-2.413469772872484764e+00,-9.066369137544245671e-01
-4.705715630491496410e-02,-2.411471421141125226e+00,-1.159445759975556767e+00
-4.521854090655865605e-02,-2.409710019636307266e+00,-1.397552513102797267e+00
-4.347393998935569076e-02,-2.408376055392614568e+00,-1.635633837496880627e+00
-4.135923496204244043e-02,-2.407818070255745013e+00,-1.841379501032147870e+00
-3.809056218406685346e-02,-2.408106931265206363e+00,-2.079472478532412794e+00
-3.491430608991900886e-02,-2.409416548614981668e+00,-2.299804051103930380e+00
-3.346089107968844983e-02,-2.411130872751182874e+00,-2.477992787056218837e+00
-3.152386906907140435e-02,-2.413420530545556275e+00,-2.688727314910412503e+00
-3.013072942133480578e-02,-2.415263100395784956e+00,-2.868489386894375048e+00
-2.847553064694866715e-02,-2.417325575196676901e+00,-3.053335092307686960e+00
-2.705594643836297525e-02,-2.420693443900485242e+00,2.988321735764746023e+00
-2.574409454955585083e-02,-2.423929289277465315e+00,2.750695572736271632e+00
-2.504822226985150765e-02,-2.425977803137102207e+00,2.563124205935940481e+00
-2.419217535123780599e-02,-2.429146354745414627e+00,2.319660753345170079e+00
-2.461566129598448741e-02,-2.432486144833781783e+00,2.082800991068152641e+00
-2.511707419603475058e-02,-2.434197482176820859e+00,1.895553633879396349e+00
-2.677921253481629210e-02,-2.436639339608722032e+00,1.651222618333952230e+00
-2.936554478851240157e-02,-2.438370383425159105e+00,1.398845862779573013e+00
-3.258196698605245883e-02,-2.439780032594818682e+00,1.175351287090796726e+00
-3.462154921870588126e-02,-2.440059066861964165e+00,1.001870618194192319e+00
-3.695102141736018170e-02,-2.439432360216547302e+00,8.086507290646797186e-01
-3.874205773185788321e-02,-2.438756233007879803e+00,6.191316089210576745e-01
-4.067036156707955902e-02,-2.437946347151148885e+00,4.209842326098650611e-01
-4.283594748083020820e-02,-2.436022379608492994e+00,1.709415020401423568e-01
-4.439097309546574666e-02,-2.434877943582529181e+00,-2.329959207780885402e-02
-4.535251388056417421e-02,-2.433192328411883931e+00,-2.196780659295748950e-01
-4.610985575938191666e-02,-2.431083198880909180e+00,-4.314451948470333642e-01
-4.713276777301661502e-02,-2.429254567516306640e+00,-6.403139736157863471e-01
-4.742094154699477010e-02,-2.427023174216564438e+00,-8.859670049824041049e-01
-4.669305164637152505e-02,-2.424559226354089159e+00,-1.107640925897811712e+00
-4.541552112405278230e-02,-2.423076496449652062e+00,-1.360512433277849542e+00
-4.354330020670141299e-02,-2.421827708387921163e+00,-1.601362638290037665e+00
-4.077836798777177696e-02,-2.420874347512390834e+00,-1.855813652241636191e+00
-3.770265554189377449e-02,-2.421355586145983896e+00,-2.116956633069252636e+00
-3.522747608996486951e-02,-2.422730081899750587e+00,-2.331481588660698101e+00
-3.322614112017815979e-02,-2.424508782621056291e+00,-2.508363444947322218e+00
-3.180793253243552332e-02,-2.426389312234875195e+00,-2.696239650550759315e+00
-2.967972727877029801e-02,-2.428920857874329098e+00,-2.933931078027501638e+00
-2.751497519912715628e-02,-2.432071630969073972e+00,3.097953110150978073e+00
-2.623937238776943501e-02,-2.435071057715621379e+00,2.861294010498035778e+00
-2.530417118037649529e-02,-2.437687970974318219e+00,2.613777698315993714e+00
-2.401233551357909862e-02,-2.440943931898995611e+00,2.395902574335210033e+00
-2.041554384436537403e-02,-2.447037051319914891e+00,2.495986896886757567e+00
-2.028226845322601835e-02,-2.447308330008358457e+00,2.684160749613262009e+00
-2.048925301735278134e-02,-2.432970971879165223e+00,2.823583086715203194e+00
-2.105242741493591752e-02,-2.429668140817252020e+00,2.997265342203399907e+00
-2.232107847317266539e-02,-2.431552508017072789e+00,-3.100014371729011398e+00
-2.266922508500425482e-02,-2.445022522090336548e+00,-2.880827966439806431e+00
-6.240519953274038106e-02,-2.447898334377993201e+00,-2.871256328478149822e+00
-1.610460247563658687e-01,-2.471254787424608690e+00,-2.826001908991505829e+00
-2.582368871345071537e-01,-2.515620530653117637e+00,-2.724301299523659292e+00
-3.508491803349529925e-01,-2.554532249401369359e+00,-2.737230957294494171e+00
-4.455901311293092304e-01,-2.600498098368531519e+00,-2.634074638816063629e+00
-5.347667235252995255e-01,-2.655980235176420123e+00,-2.526993740072479788e+00
-6.176524864397662240e-01,-2.716653372957407164e+00,-2.483717178725926900e+00
-7.017433307195846126e-01,-2.778010919443388627e+00,-2.487805096877718114e+00
-7.872568541503436323e-01,-2.840978344301732683e+00,-2.490198604854986453e+00
-8.708629363170840021e-01,-2.902699664903162002e+00,-2.489643890355718980e+00
-9.571340790964744105e-01,-2.966685479981590046e+00,-2.490068708862326563e+00
-1.023631927917818984e+00,-3.013613755346815637e+00,-2.637246217841358042e+00
-1.023395087739036535e+00,-3.014759120224882682e+00,-2.830944638890347864e+00
-1.022692866514371968e+00,-3.016223439522841332e+00,-3.007353717777411006e+00
-1.022251014981945705e+00,-3.018004223983913104e+00,3.077149560672653106e+00
-1.022266490514240456e+00,-3.019647439977763081e+00,2.894923936135555209e+00
-1.032075569751075506e+00,-3.030498030417525523e+00,2.726466842036352922e+00
-1.040421479799546578e+00,-3.040367474926224389e+00,2.541861194981121397e+00
-1.042475592468188328e+00,-3.043872951000019977e+00,2.329047722248088093e+00
-1.036878920160165585e+00,-3.039340142391034227e+00,2.130456409352022629e+00
-1.046020010681960155e+00,-3.049078243193412696e+00,1.963463371878227726e+00
-1.047679517897109225e+00,-3.050598340066584591e+00,1.777639126598419939e+00
-1.049560112177935212e+00,-3.051984830656943259e+00,1.584514478467481613e+00
-1.051700437651825970e+00,-3.052854561720083737e+00,1.390115514872158453e+00
-1.054777881722875899e+00,-3.053607149068610749e+00,1.211598843034347395e+00
-1.057251383413474022e+00,-3.054419622767486686e+00,1.038033984179289826e+00
-1.059699230219360855e+00,-3.054397212259226890e+00,9.059135837437418681e-01
-1.061079068847062823e+00,-3.053999999830431911e+00,7.268020215397900108e-01
-1.062781162652647549e+00,-3.053195451778597302e+00,5.501636064054017394e-01
-1.064686388926234129e+00,-3.052108754072746510e+00,3.909060794883284506e-01
-1.066530139222773510e+00,-3.051010981917142928e+00,2.073568194041464086e-01
-1.068177383099385036e+00,-3.049749283987890802e+00,2.881801283055641927e-02
-1.067443869967503955e+00,-3.046401599259985993e+00,-1.413771364920123896e-01
-1.072770732846877850e+00,-3.056973062488049564e+00,-3.299503145657863290e-01
-1.063180884281816008e+00,-3.037504370789217312e+00,-3.942555802023355871e-01
-1.064147092137163408e+00,-3.040753561759074852e+00,-5.822932515582661672e-01
-1.064581325056519256e+00,-3.042598251849264912e+00,-7.672373874856196485e-01
-1.060429513282311609e+00,-3.035015555767754503e+00,-9.305677980867033128e-01
-1.059972810114804931e+00,-3.034451722399213125e+00,-1.114177567066859220e+00
-1.059345748692737343e+00,-3.035441549043552012e+00,-1.283986817487030585e+00
-1.058848424141794586e+00,-3.035943676733126928e+00,-1.474425809922149222e+00
-1.057625104641894742e+00,-3.035880360761114893e+00,-1.653801482182100546e+00
-1.056534221968141729e+00,-3.035774521207879939e+00,-1.836837777567837504e+00
-1.054669341449103737e+00,-3.036141382224578855e+00,-2.014166337514615712e+00
-1.052864728114212944e+00,-3.036695074876023082e+00,-2.194879728176762690e+00
-1.052000057857066073e+00,-3.037712415448540426e+00,-2.283608963534249803e+00
-1.054718776153901638e+00,-3.038335178386669000e+00,-2.101570166211728541e+00
-1.057876175229993665e+00,-3.039554303019084802e+00,-1.914487671704928617e+00
-1.060232915482556715e+00,-3.040777933547107903e+00,-1.734109364139993614e+00
-1.062229880125577397e+00,-3.042728430075590129e+00,-1.561637358220450134e+00
-1.063652672342184857e+00,-3.044828572233818420e+00,-1.372048911883221312e+00
-1.065115082524039858e+00,-3.046435053313174546e+00,-1.197852600161968706e+00
-1.065979955593075790e+00,-3.048900814638309420e+00,-1.020828038128217097e+00
-1.066545371393311958e+00,-3.051131612150923100e+00,-8.467310724185246329e-01
-1.067233316759591766e+00,-3.054763963668346349e+00,-6.686964621260782504e-01
-1.064378539510405064e+00,-3.050146452474093550e+00,-4.760496753564041894e-01
-1.059559951353430396e+00,-3.040566748353302096e+00,-2.510097265661384580e-01
-1.067187819070017030e+00,-3.056603447031745802e+00,-1.313349815218239347e-01
-1.070483425546198353e+00,-3.062621735124526623e+00,3.436827302238436993e-02
-1.070656999697254808e+00,-3.064465568661845829e+00,2.171038655484751334e-01
-1.070323494809322540e+00,-3.066252153515722334e+00,3.925500781878941137e-01
-1.070837579490818925e+00,-3.067426861126634208e+00,5.572269485545255918e-01
-9.935999144765935709e-01,-3.015345316776858020e+00,6.107973043283321246e-01
-9.122026760553779701e-01,-2.953736497253160120e+00,6.541060270055819581e-01
-8.336191355210184062e-01,-2.890669116876420031e+00,6.939951679073089741e-01
-7.560594513327719701e-01,-2.826604267568270767e+00,6.862449972506646789e-01
-6.775642571230717781e-01,-2.762063661963574557e+00,6.619999813465340388e-01
-6.181958279148946911e-01,-2.721627207838294815e+00,4.835554913286724821e-01
-5.721866331612350809e-01,-2.692392731426961561e+00,3.407363377398257565e-01
-5.161576770286868676e-01,-2.686362925949518310e+00,1.372613649463813867e-01
-4.576586110684085495e-01,-2.688188839435134536e+00,-6.179848630617940791e-02
-3.980980186780545549e-01,-2.701936650617186686e+00,-2.636109250713377650e-01
-3.378002633743441563e-01,-2.730073365442799993e+00,-4.793808391748084485e-01
-2.834879583664210445e-01,-2.770187146430310055e+00,-6.821088733503428703e-01
-2.303937152662733634e-01,-2.826653303606626366e+00,-8.787386361269575730e-01
-1.585070268293584383e-01,-2.895220101790014322e+00,-9.081818367846729023e-01
-1.014441519627117400e-01,-2.962259729782889650e+00,-8.974311490871749175e-01
-2.867646362353820297e-02,-3.053190814028672317e+00,-8.515920929015280416e-01
3.803123678981008143e-02,-3.144436893070221117e+00,-8.994952247467462580e-01
9.097821822114988966e-02,-3.188163988188685405e+00,-9.565868501045750039e-01
1.090640342852865763e-01,-3.220425581161643791e+00,-1.168363116354569353e+00
1.213398004459197432e-01,-3.252544895007349446e+00,-1.378076907080922231e+00
1.265571963043844450e-01,-3.287451369259933198e+00,-1.587561933054120633e+00
1.250294201373237379e-01,-3.320632346811657865e+00,-1.776707018687889716e+00
1.157425242868358045e-01,-3.356658367132226317e+00,-1.965087000620152846e+00
9.573763139397535593e-02,-3.396500051411888599e+00,-2.168077978651217652e+00
5.287184931100190333e-02,-3.435025923679625226e+00,-2.405072234372333195e+00
5.309045738440191370e-02,-3.435774894648570665e+00,-2.393016835031722245e+00
5.400837759806321331e-02,-3.435661554490593073e+00,-2.192822171446035640e+00
2.974968508271690071e-02,-3.464236582790796160e+00,-2.131491854845836365e+00
-2.101261104208530447e-02,-3.542791546839410444e+00,-2.088261074106327886e+00
-7.398357884019889086e-02,-3.628464395481953542e+00,-2.088487751805521153e+00
-1.289662176974648300e-01,-3.716193196422094225e+00,-2.083206908406556757e+00
-1.841778415366474020e-01,-3.805883156243329957e+00,-2.081520844600266429e+00
-2.142765998760064738e-01,-3.832930806926932554e+00,-1.921097225713692014e+00
-2.174342708856803197e-01,-3.836519241099319188e+00,-1.728771740041908700e+00
-2.295377181843041570e-01,-3.832929195070050366e+00,-1.562601909262801181e+00
-2.279376116681417208e-01,-3.834417302926643956e+00,-1.362594939567550956e+00
-2.256833099577975343e-01,-3.836765302474923978e+00,-1.170402968230635832e+00
-2.227367229300047102e-01,-3.839154151787746994e+00,-9.918198031803300285e-01
-2.248117235142803871e-01,-3.855005580288120459e+00,-8.758839728749391318e-01
-2.194149496556413448e-01,-3.861935387199886272e+00,-6.960650381765736139e-01
-2.086442484695646971e-01,-3.909938456457123568e+00,-6.051634148239377620e-01
-1.237516561886976146e-01,-3.982521052719200760e+00,-7.219486826730234785e-01
-5.749163058933694226e-02,-4.000123098233745900e+00,-7.850296512584558073e-01
-6.270693747867497891e-02,-3.998559169816632952e+00,-1.014797052084073226e+00
-6.767648382303283194e-02,-3.997218230437115327e+00,-1.235510740795667806e+00
-8.285256809220216401e-02,-3.996536268204962994e+00,-1.456055195832734350e+00
-8.325228138424380087e-02,-3.990153178700784231e+00,-1.609265098696847085e+00
-8.260619590971890469e-02,-3.987677965398140234e+00,-1.785229048753004033e+00
-8.138226903373596555e-02,-3.985272467674411789e+00,-1.969191357931588726e+00
-7.820209957000071044e-02,-3.986420668027016223e+00,-2.169120440759906288e+00
-8.056483858471162607e-02,-3.984508571352407547e+00,-2.354165632775507611e+00
-7.075316321004013198e-02,-3.997542170484472912e+00,-2.588845050067261067e+00
-6.130335552997343007e-02,-4.009469327823186546e+00,-2.797194563802312572e+00
-6.115476531413314987e-02,-4.010784868112963863e+00,-2.979254675282849707e+00
-6.133477644745727320e-02,-4.012644112726484913e+00,3.054433594674087260e+00
-6.208408675870909221e-02,-4.013743303137490059e+00,2.875543352050482060e+00
-6.292629645813184458e-02,-4.016169575061860009e+00,2.636417164367195198e+00
-6.369099142804947322e-02,-4.018087427812252699e+00,2.430904374018227010e+00
-6.524027976252171068e-02,-4.020895630312362634e+00,2.188344978666682206e+00
-6.755234633152780443e-02,-4.022523903940565582e+00,1.950461942115677472e+00
-7.005660762814325260e-02,-4.024670339513225947e+00,1.750995068891960882e+00
-7.357845593417491892e-02,-4.026590710745853841e+00,1.516762441819313301e+00
-7.704739768827249813e-02,-4.027614032335820937e+00,1.285118503625225062e+00
-8.052520203795403286e-02,-4.027909548402539563e+00,1.084031144004506064e+00
-8.524016868394668212e-02,-4.027281392068625010e+00,8.471995348986385288e-01
-8.883045915577189588e-02,-4.026028297004784484e+00,6.111316391870021958e-01
-9.045147651661200605e-02,-4.025870978829969360e+00,4.117433918651023927e-01
-9.142315607433476599e-02,-4.025168896526016837e+00,1.803527077979295012e-01
-9.254190704463122197e-02,-4.023994120416626963e+00,-8.165710012585598865e-02
-9.302181163761838456e-02,-4.022717316612324900e+00,-2.823956847260688519e-01
-9.279761380819272210e-02,-4.021778641395837184e+00,-4.641481295412728247e-01
-9.192776231921102881e-02,-4.020057454086589210e+00,-7.187455465823162637e-01
-9.054609800155799526e-02,-4.017660567348340095e+00,-1.006732552971835393e+00
-8.840518260829319241e-02,-4.016515559962495097e+00,-1.269760007398778701e+00
-8.506980877917878769e-02,-4.015554805922691983e+00,-1.526981743969288319e+00
-8.219788355866075591e-02,-4.015156439169573765e+00,-1.726151004650029241e+00
-7.917891928057721462e-02,-4.015425651480027724e+00,-1.907070293967947583e+00
-7.458964509456311731e-02,-4.016823567834612696e+00,-2.170309373839712563e+00
-7.011989351274178217e-02,-4.019392694592393234e+00,-2.462016507813598487e+00
-6.598562925565040760e-02,-4.022242219304023259e+00,-2.722124897973358770e+00
-6.331686379210922644e-02,-4.024597623725297169e+00,-2.899476196977607945e+00
-5.975780511608073942e-02,-4.028179161370311512e+00,3.092366709470613984e+00
-5.755281997537859545e-02,-4.030986718995086981e+00,2.915623713871557943e+00
-5.535769443467550982e-02,-4.034108856457067738e+00,2.738296738954819620e+00
-5.354140376614214408e-02,-4.038186240839328534e+00,2.488093337444402309e+00
-5.243943461199338657e-02,-4.041739654222443079e+00,2.279721159745552228e+00
-5.193821271064972406e-02,-4.046972907485903548e+00,2.099659096191569319e+00
-4.918763641012176280e-02,-4.052243303297418997e+00,1.934075520823093530e+00
-4.720908882932055295e-02,-4.057358318100461325e+00,1.746105465404030443e+00
-4.549915323756114488e-02,-4.061671981573752532e+00,1.563009255845579704e+00
-4.349028609307904053e-02,-4.067056400898269253e+00,1.378165053806476470e+00
-4.113429111952758566e-02,-4.070367781568704046e+00,1.199183557522439214e+00
4.901188535125928711e-03,-4.008438282755433235e+00,1.083161264454470807e+00
5.597219789585144989e-02,-3.920828555076332211e+00,1.082668097933271678e+00
1.056358488950316088e-01,-3.832387190806846089e+00,1.085893894792202552e+00
1.599355515126358318e-01,-3.742267465539339089e+00,1.079090945748343522e+00
1.972903282634505262e-01,-3.654026999441979395e+00,1.058030242917081365e+00
2.459258185995126245e-01,-3.559654981439734023e+00,1.013204073476229983e+00
3.136494051889084922e-01,-3.469972119871311822e+00,9.559741102292607096e-01
3.849082328372760986e-01,-3.382310804407073324e+00,9.211937300272937668e-01
4.499634511831375194e-01,-3.297214325733611950e+00,9.415582385366572105e-01
5.181177782045138791e-01,-3.206547842578725049e+00,1.000511594554557737e+00
5.848692456356280323e-01,-3.110855755489227104e+00,9.842924863132167523e-01
6.412129329490823260e-01,-3.025435312029313817e+00,9.352545752659168210e-01
6.715418695091330825e-01,-2.942949479603477414e+00,8.911195137218214102e-01
7.439215358842957704e-01,-2.865647010639749581e+00,8.302920400049818017e-01
8.229155812096224931e-01,-2.782294307766014274e+00,7.736503819593663067e-01
9.037259824539334296e-01,-2.706029702514979096e+00,7.243480896278164938e-01
9.931082218699764930e-01,-2.635365672160846717e+00,6.609632541386853966e-01
1.090139646844649812e+00,-2.579034132688895475e+00,5.148958489286873386e-01
1.072550849477635238e+00,-2.517822854045549619e+00,4.117841538874593144e-01
1.070212976618234002e+00,-2.518005866675667725e+00,2.232181530645657441e-01
1.068400653315754179e+00,-2.517980032975819071e+00,3.312405404871077153e-02
1.066990071083582015e+00,-2.517871217335998946e+00,-1.572837721385956788e-01
1.065723338467391867e+00,-2.518089727229102071e+00,-3.472596510474231790e-01
1.067293688360742898e+00,-2.519630634078389608e+00,-5.259315542493311346e-01
1.073096925838082916e+00,-2.525002459890870909e+00,-6.973000891247588262e-01
1.095218582538670660e+00,-2.526130926237179164e+00,-8.031214213468628182e-01
1.080454019802198351e+00,-2.533483596934411608e+00,-7.656606407208614851e-01
1.083504435231695817e+00,-2.534713104402240180e+00,-5.823695799139767537e-01
1.086559886417927334e+00,-2.536455598386124333e+00,-3.782100883547813153e-01
1.090246875389061065e+00,-2.538039525775422689e+00,-1.738439831362142141e-01
1.093799070755172798e+00,-2.539420015931898700e+00,3.866165316825060511e-02
1.097772593329896740e+00,-2.540277129964745750e+00,2.289616399986871831e-01
1.101487197148713681e+00,-2.541276094391653029e+00,4.119129143214383393e-01
1.122845554551259006e+00,-2.554428361743251497e+00,5.807222475572462184e-01
1.126456446912702525e+00,-2.555736322168968400e+00,7.648106302123991451e-01
1.132309918715548758e+00,-2.558181398109647731e+00,9.426497047297904830e-01
1.143511206825244209e+00,-2.563933546113219997e+00,1.112858649424474322e+00
1.149492131392918282e+00,-2.565228820977932145e+00,1.316898176782175245e+00
1.167428047991221352e+00,-2.572182652845691919e+00,1.496157039283224854e+00
1.170249439872454778e+00,-2.568907820916489282e+00,1.706996578117495167e+00
1.172369406988562401e+00,-2.565140540992865148e+00,1.919491054391810003e+00
1.174302493832761085e+00,-2.561296128318425236e+00,2.130859892704791037e+00
1.175660578250012023e+00,-2.557354124901049630e+00,2.341828727675026922e+00
1.182286752010174968e+00,-2.543718893825898331e+00,2.505137189249960095e+00
1.181380134807209492e+00,-2.545041422021427469e+00,2.710611791473268806e+00
1.184972883110582353e+00,-2.536601708170432623e+00,2.914506351341701329e+00
1.186560146684898065e+00,-2.535470385257900805e+00,3.109089164275825379e+00
1.187157819180781226e+00,-2.533221182737094956e+00,-2.968476586426214592e+00
1.187627737111630832e+00,-2.530987589887981226e+00,-2.774146455889324958e+00
1.182846327334366343e+00,-2.511159418493627893e+00,-2.695720619142397467e+00
1.187172792306242952e+00,-2.513586346511094582e+00,-2.482784645168008897e+00
1.189519604668512143e+00,-2.495621888576820879e+00,-2.320790487321213291e+00
1.203965505551588322e+00,-2.497480912438786227e+00,-2.239520873424014624e+00
1.215573233211426185e+00,-2.472356026935774942e+00,-2.172884168240837965e+00
1.214586943662468999e+00,-2.472094091858446419e+00,-1.988839834850183896e+00
1.212325229217529277e+00,-2.472709850406583865e+00,-1.761282711660573375e+00
1.209507776651393307e+00,-2.474624678340208828e+00,-1.514855471086429262e+00
1.208144800395662966e+00,-2.476907766151959844e+00,-1.317383457339096342e+00
1.206616664028308028e+00,-2.479220787286097849e+00,-1.106953922774044585e+00
1.205927131428663923e+00,-2.482205986628337691e+00,-8.698516776260054595e-01
1.206067132085189897e+00,-2.485899442363350698e+00,-6.175487968854100895e-01
1.207273171816013235e+00,-2.489783680597627225e+00,-4.291989121031927756e-01
1.307036851952062095e+00,-2.535902180131888173e+00,-4.259627638105599745e-01
1.404073954666340995e+00,-2.580887234839882360e+00,-4.261611810044926285e-01
1.493070155044662561e+00,-2.622820461800828618e+00,-4.211272105991143433e-01
1.587603476169856531e+00,-2.662873134426894772e+00,-3.759722753188906030e-01
1.651949158545519714e+00,-2.694765699193969688e+00,-5.239796921451678191e-01
1.662983929869661814e+00,-2.703001876655116931e+00,-7.277173147199482717e-01
1.732719268689593139e+00,-2.780166963001601044e+00,-8.390479275582218843e-01
1.800676898084939026e+00,-2.857295446049334942e+00,-8.400895991182353306e-01
1.872098339820388979e+00,-2.937154606177142746e+00,-8.382219947267598448e-01
1.885179616997422647e+00,-2.950305695427470454e+00,-1.014775541581131479e+00
1.886088115633926199e+00,-2.949524903340416504e+00,-1.160655192726235185e+00
1.887607111608063493e+00,-2.949929875863514628e+00,-1.338016431137513784e+00
1.889136289563843052e+00,-2.949112710350659139e+00,-1.517197945276142823e+00
1.891453802210337543e+00,-2.948594382864433872e+00,-1.726278694134330438e+00
1.893452417142041266e+00,-2.948705732980427818e+00,-1.918468174923176006e+00
1.895916789578911743e+00,-2.949568360066857853e+00,-2.128151948546664674e+00
1.898161669232061310e+00,-2.950564880186399286e+00,-2.317453482411577337e+00
1.900640048004238025e+00,-2.951786090554212372e+00,-2.515898015603921234e+00
1.902960371350468138e+00,-2.953563529295721413e+00,-2.708514466870785231e+00
1.904730436634538560e+00,-2.955199789936850951e+00,-2.914098697419169604e+00
1.906223090179354207e+00,-2.957412678442935761e+00,-3.116164407803716507e+00
1.907710799523901546e+00,-2.959467351369702737e+00,2.976693462967737069e+00
1.908862839966949831e+00,-2.962409838961174824e+00,2.768723879484116690e+00
1.909519127273810790e+00,-2.964890469077775315e+00,2.560879171841505819e+00
1.909841839392379503e+00,-2.967309871879854288e+00,2.369821429015353864e+00
1.909472459102363517e+00,-2.969860769729435024e+00,2.167400149778464069e+00
1.892230579684553105e+00,-3.002670527839541581e+00,2.114941737836911084e+00
1.892342813959519088e+00,-3.003733679218208774e+00,1.900939672464794006e+00
1.891710772940500274e+00,-3.004474066589364778e+00,1.697096328273900889e+00
1.891028241868025317e+00,-3.005282441794717485e+00,1.473105599474164640e+00
1.889802636752490050e+00,-3.004560859812301032e+00,1.279706316669825039e+00
1.888380858981474120e+00,-3.003394183822068353e+00,1.061600478142987303e+00
1.887183893204478879e+00,-3.001259843755313295e+00,8.480485874906241728e-01
1.886405068124380024e+00,-2.998847117934255735e+00,6.395210106419901841e-01
1.885596724110088163e+00,-2.996600711829827901e+00,4.511891110177967956e-01
1.885167651418202750e+00,-2.994202066659646277e+00,2.662352033820172825e-01
1.884976687910151716e+00,-2.991270896362764997e+00,6.089260670766428324e-02
1.885351406607703728e+00,-2.988100024222512641e+00,-1.578646904663467132e-01
1.884997661505508182e+00,-2.984836632990528926e+00,-3.794737320005734382e-01
1.885335830314953887e+00,-2.981820348441293511e+00,-5.651204131049508694e-01
1.885813761727064053e+00,-2.978821247369034531e+00,-7.483215510742772247e-01
1.886796970991004851e+00,-2.975995698771222386e+00,-9.367383372556629118e-01
1.888525807236378196e+00,-2.973149749511429185e+00,-1.120735975174078414e+00
1.890447759431843844e+00,-2.970652577989373544e+00,-1.310194992203169706e+00
1.893203657559339614e+00,-2.967890088315351615e+00,-1.529054369395944635e+00
1.895898849864115387e+00,-2.965878490275499768e+00,-1.725094457569432693e+00
1.899487656959643056e+00,-2.964107402609354125e+00,-1.966116066486748970e+00
1.903367710923084655e+00,-2.963312604777748493e+00,-2.187716593290437217e+00
1.906504258899346160e+00,-2.963040400170202204e+00,-2.378963757345475827e+00
1.909972226004600815e+00,-2.962638347068478950e+00,-2.600158549732934699e+00
1.912897257925385786e+00,-2.963029578162547306e+00,-2.788968870263986322e+00
1.915028850593916143e+00,-2.963475310044229705e+00,-2.969680464424181654e+00
1.917688765391993178e+00,-2.964458832293781487e+00,3.101063945682263512e+00
1.919409166380310783e+00,-2.965191402016686961e+00,2.915753504896319459e+00
1.921087274572792269e+00,-2.966160120357992813e+00,2.699560046819532211e+00
1.922471598696095851e+00,-2.967470903440216468e+00,2.493076045928769524e+00
1.923382297781230044e+00,-2.968421493036438985e+00,2.312387961651646950e+00
1.891778858195403812e+00,-2.975385419635865336e+00,2.281493220589081883e+00
1.819264785592868527e+00,-2.889206838151960444e+00,2.277095690519473248e+00
1.752953431512090710e+00,-2.809968890660879737e+00,2.273048849099493562e+00
1.686699098599020008e+00,-2.728167938548391902e+00,2.262519676328845541e+00
1.620121028014629427e+00,-2.645588404798288718e+00,2.259448920194341515e+00
1.559274952526593871e+00,-2.569962876463045554e+00,2.178424195345129544e+00
1.558431187276451357e+00,-2.569319455979841127e+00,1.966997442432042886e+00
1.556920255046975177e+00,-2.569997569360622069e+00,1.742248814865583473e+00
1.555296094155405928e+00,-2.570372408204864900e+00,1.525878720134308475e+00
1.553109216396668213e+00,-2.570574752266649554e+00,1.333627333388782032e+00
1.550456643193690809e+00,-2.570226442780088050e+00,1.119255819529970442e+00
1.548386210350295888e+00,-2.569025701037110032e+00,9.260817123691219566e-01
1.546050017330398818e+00,-2.567330743265936910e+00,7.102182947034498817e-01
1.544313059884633077e+00,-2.565495496083778804e+00,5.167345645932271969e-01
1.542500028201642781e+00,-2.563312274721202932e+00,3.245382232676637391e-01
1.540872179931383146e+00,-2.560602306327870892e+00,1.122074687813641447e-01
1.539944421445535339e+00,-2.558260114774479010e+00,-8.005359789196149489e-02
1.538924754690928154e+00,-2.555518829039403528e+00,-2.928646102526744621e-01
1.538325170305555822e+00,-2.552245971557807191e+00,-4.878218573583650852e-01
1.537973496380857563e+00,-2.548759545689818662e+00,-7.019466488602364995e-01
1.537917119453737103e+00,-2.545824489288420533e+00,-8.930535201456674121e-01
1.538635848675652174e+00,-2.542774424597108673e+00,-1.106077344129595907e+00
1.539801062808936916e+00,-2.539794759031844151e+00,-1.300277082258433747e+00
1.541462803506222112e+00,-2.537592257091323411e+00,-1.514238265514225024e+00
1.543348999575079539e+00,-2.535357719413828370e+00,-1.727950697992544749e+00
1.545245596314790193e+00,-2.533981145706065696e+00,-1.921218287648004841e+00
1.547371069597009541e+00,-2.533171515759681025e+00,-2.115551717986836611e+00
1.549687601832949291e+00,-2.533065233975804187e+00,-2.326789871645430718e+00
1.551932083219574654e+00,-2.533077713287125388e+00,-2.523415381910392608e+00
1.481590914229237832e+00,-2.588109200916588026e+00,-2.545238419877453584e+00
1.389716045603094141e+00,-2.635177237351008284e+00,-2.547301693570842129e+00
1.300495886086386665e+00,-2.688563394563131759e+00,-2.535419965408566512e+00
1.210575164320709440e+00,-2.736246638245448004e+00,-2.533691618697432979e+00
1.126968419120280451e+00,-2.773526839255726184e+00,-2.531956844340934598e+00
1.069269540629929294e+00,-2.761349621546818955e+00,-2.465003864742076889e+00
1.049866994349091476e+00,-2.784730162355906646e+00,-2.193253313213146871e+00
1.032017564796256837e+00,-2.801150515891037251e+00,-1.986141498951814244e+00
1.032136715474147648e+00,-2.825366763928952807e+00,-1.711673482858065309e+00
1.017327379171512058e+00,-2.863891164754885033e+00,-1.587931755981687454e+00
9.969760671826510823e-01,-2.878318693978577425e+00,-1.479807640483331355e+00
1.003670972204753209e+00,-2.899717163484831328e+00,-1.254891310043017683e+00
1.011157985353520861e+00,-2.918187793502201810e+00,-1.038086730407210556e+00
1.021981290838169354e+00,-2.935708028572784123e+00,-8.201897867846621448e-01
1.034977334036416119e+00,-2.949768392354263913e+00,-6.392901891792224234e-01
1.049689732432205869e+00,-2.954030900648871416e+00,-4.562775779606405568e-01
1.067236733180212616e+00,-2.956114276854695078e+00,-2.603813485892196855e-01
1.082113825769434712e+00,-2.983018425366465110e+00,-9.951028483645772693e-02
1.103662319124661506e+00,-2.963388136072241608e+00,1.129643442423181598e-01
1.110804113340237764e+00,-2.963191410810954718e+00,8.869946270393871957e-02
1.111438244923832253e+00,-2.954170262123334556e+00,-1.274206531160480549e-01
1.111710621439318425e+00,-2.952293681972381734e+00,-3.948309919590991535e-01
1.112558920337208601e+00,-2.950561319174833663e+00,-6.074279384049581232e-01
1.113749584369171153e+00,-2.947845651295184499e+00,-8.645357624552931775e-01
1.115579873371810304e+00,-2.945564872685603852e+00,-1.141407827257608476e+00
1.117589521722825108e+00,-2.944336538284322291e+00,-1.320364087285798904e+00
1.120214905024323304e+00,-2.943119597435800205e+00,-1.513474166872162963e+00
1.123331118490027203e+00,-2.942778256653750368e+00,-1.698198622664867097e+00
1.126486291578721932e+00,-2.942693237159063724e+00,-1.903031648562209410e+00
1.130091361756759616e+00,-2.942833438059703877e+00,-2.095740877922897205e+00
1.133572394264953820e+00,-2.943559076952835696e+00,-2.287719396931941596e+00
1.138326554088214149e+00,-2.945300688722751747e+00,-2.594836623167201761e+00
1.142649104406491256e+00,-2.948444720883707681e+00,-2.841606061637133696e+00
1.145053734499404507e+00,-2.950439803578055020e+00,-3.033492955427969484e+00
1.148691105589235484e+00,-2.954620086504077481e+00,2.942782855239025608e+00
1.151009846682526705e+00,-2.957903609048308624e+00,2.677018686454692098e+00
1.152637974593438308e+00,-2.961620773288772046e+00,2.426189035894439350e+00
1.152906339374333067e+00,-2.964180044993178775e+00,2.193050822086401119e+00
1.153138615331846584e+00,-2.967903351197195949e+00,1.922205031698075217e+00
1.152570768787690048e+00,-2.969733342331899006e+00,1.729989125921589377e+00
1.151076606691175730e+00,-2.972205992293485366e+00,1.422943071822713623e+00
1.149138240169760738e+00,-2.973533624931462338e+00,1.156427375899077070e+00
1.147611673426501833e+00,-2.973956894986951038e+00,9.635643122601855737e-01
1.144850748678772900e+00,-2.973536008264991537e+00,6.579718432904962944e-01
1.143074864873489860e+00,-2.971832481829629558e+00,3.892254654005807835e-01
1.142348937554217958e+00,-2.970601531871723822e+00,1.971800803247052425e-01
1.141580933920564034e+00,-2.968027135623295010e+00,-1.093489464189976307e-01
1.141626508651342187e+00,-2.965443364014708205e+00,-3.777384382328254908e-01
1.142118914072620228e+00,-2.963627286224545188e+00,-5.690189317483845821e-01
1.142841966489462902e+00,-2.960284442517955306e+00,-8.278178909030312616e-01
1.221786998595137286e+00,-3.038194728897963603e+00,-8.511284505600259509e-01
1.298207981680551182e+00,-3.119480512025336161e+00,-8.473944665715755775e-01
1.363922663985222217e+00,-3.203625804300282098e+00,-8.633364967225091169e-01
1.385713783900063500e+00,-3.212421214427710670e+00,-1.018773429832763533e+00
1.394166160638163454e+00,-3.229079703108195254e+00,-1.204411868152482246e+00
1.368521570498385520e+00,-3.266572412150843707e+00,-1.373719514972914224e+00
1.387406563084681244e+00,-3.358407251901885271e+00,-1.436152055993470844e+00
1.393604715456002729e+00,-3.475143074719106995e+00,-1.441663947609131746e+00
1.417915076932887875e+00,-3.515722833224526500e+00,-1.570448279285306947e+00
1.429082855890338566e+00,-3.516506995916046208e+00,-1.755524218104896228e+00
1.440288519150006108e+00,-3.517174037325514480e+00,-1.957825055047564433e+00
1.451409325416000318e+00,-3.518363594526368487e+00,-2.169863587513466197e+00
1.435751452021218455e+00,-3.513669772124595525e+00,-2.446214463358017621e+00
1.427594362559975183e+00,-3.524541651456950309e+00,-2.522997543454201796e+00
1.426244762368382935e+00,-3.526058150207559194e+00,-2.610126842350932730e+00
1.419186252539182513e+00,-3.509030454792012588e+00,-2.911055090673481338e+00
1.410196036460384716e+00,-3.488332696691927914e+00,3.095464728534562671e+00
1.410015026883530531e+00,-3.492571468820385938e+00,2.881637049090474356e+00
1.409671074049551720e+00,-3.496547705221999092e+00,2.688296620248998625e+00
1.409384932920654698e+00,-3.500208850441736796e+00,2.475346475329271101e+00
1.409289550485504749e+00,-3.503622508312947303e+00,2.282841853949959532e+00
1.408647713166060411e+00,-3.507079348536727981e+00,2.072893805392452382e+00
1.407435542624303926e+00,-3.509874646416491384e+00,1.882033122174338491e+00
1.406133412402591265e+00,-3.512531723416950857e+00,1.666699836508256372e+00
1.404372199215137007e+00,-3.515258597645554595e+00,1.477380225666284019e+00
1.401973154263380872e+00,-3.517360185920198834e+00,1.269180661657235198e+00
1.399331095237971390e+00,-3.519068363008267752e+00,1.090519095423892137e+00
1.394784773599880401e+00,-3.521047991920620124e+00,9.759345525067326665e-01
1.395027769317152666e+00,-3.521341597272919177e+00,7.980922002651951175e-01
1.396236012720218689e+00,-3.521057138390304875e+00,6.549274961755787716e-01
1.395556170267347795e+00,-3.519372760344956053e+00,4.557695152264449878e-01
1.396099943807594279e+00,-3.518024956271612158e+00,2.521879794173458866e-01
1.396962544116361560e+00,-3.516578232802154425e+00,6.801564115666847155e-02
1.403580640476671970e+00,-3.517597163232571766e+00,2.676273798790064148e-02
1.407926987919276396e+00,-3.521205618409734228e+00,1.822029245167559319e-01
1.410009685679136870e+00,-3.524463545389235453e+00,3.332631493139983636e-01
1.412015039208878830e+00,-3.526774609682732375e+00,5.362663173617439050e-01
1.414441137354387035e+00,-3.528824229756672981e+00,7.610660249884042550e-01
1.417409334907467899e+00,-3.529704902981652292e+00,9.673527837646882510e-01
1.419727958439671145e+00,-3.530927578453594951e+00,1.200193929117652436e+00
1.422351543051091127e+00,-3.530521744667487916e+00,1.398174934292014893e+00
1.424837768082647393e+00,-3.530080198970174887e+00,1.576901888709680843e+00
1.426695103326301117e+00,-3.529570080580468616e+00,1.754311963692824383e+00
1.428140355637028902e+00,-3.528126323700174094e+00,1.971125612261860782e+00
1.428868953226039240e+00,-3.526996492367354907e+00,2.152004443137553125e+00
1.429074998623749204e+00,-3.525495071249568735e+00,2.417703749448081751e+00
1.428275479977321627e+00,-3.523954296475242831e+00,2.632977335975331457e+00
1.427509533083523241e+00,-3.522724952401535159e+00,2.826506652293396815e+00
1.426839582433255593e+00,-3.521679306412328625e+00,3.003872127326677521e+00
1.425941770957143806e+00,-3.520620419437472837e+00,-3.085048512611748173e+00
1.424676929411140991e+00,-3.519244096667760058e+00,-2.872778113133092504e+00
1.421632706991283079e+00,-3.517469790895976001e+00,-2.607380511827481762e+00
1.424050090992579953e+00,-3.505321344916920712e+00,-2.510332535171052371e+00
1.355774159539220536e+00,-3.548594603226478128e+00,-2.413818199577455026e+00
1.272716984873012214e+00,-3.625843283689227370e+00,-2.417995992020353757e+00
1.191831403445817950e+00,-3.703613068637485739e+00,-2.398175591365883541e+00
1.111932818196406103e+00,-3.750082921129258118e+00,-2.299606080890045146e+00
1.080031824946363628e+00,-3.815819673303942672e+00,-2.056811475389292987e+00
1.055861193085836813e+00,-3.843142413997167939e+00,-1.936354422346445059e+00
1.036889632425481933e+00,-3.853651065651938712e+00,-1.796539899038963828e+00
1.030421838945719815e+00,-3.868420866173853501e+00,-1.588896728076038434e+00
1.043175443383932866e+00,-3.861349866196797542e+00,-1.464575464476415956e+00
1.049246249387550289e+00,-3.872532998031526397e+00,-1.268259814337243663e+00
1.090032686652106397e+00,-3.977526624565990598e+00,-1.236488775403842721e+00
1.118973678708619079e+00,-4.030966954361355548e+00,-1.378523906140951549e+00
1.093474819060992642e+00,-4.033744337399717494e+00,-1.592166569237930318e+00
1.081300963572902729e+00,-4.035751437336958070e+00,-1.782115517615612044e+00
1.076863262410461042e+00,-4.114976985885238747e+00,-1.819355395640085415e+00
1.076168398638918999e+00,-4.139624136783707442e+00,-1.969420488118811097e+00
1.074367058724007951e+00,-4.148573925932772966e+00,-2.123412237065350094e+00
1.064186197254458621e+00,-4.150108013200427770e+00,-2.343386018268870163e+00
1.066732383294122233e+00,-4.158586002288547689e+00,-2.495792958946435824e+00
1.003301376406470435e+00,-4.215705760999531648e+00,-2.506790652258913621e+00
9.226696105675584736e-01,-4.280455758118772991e+00,-2.479306602147246963e+00
9.047809461025463351e-01,-4.295253920207283471e+00,-2.318971087410272691e+00
8.372981329607968037e-01,-4.374180427328906440e+00,-2.296162636435933546e+00
7.644548955500370946e-01,-4.454766014646137862e+00,-2.305380797651315650e+00
6.916090483611616602e-01,-4.537025349684958186e+00,-2.283547633581410885e+00
6.179550286657177205e-01,-4.625255575235093453e+00,-2.158424191097886080e+00
5.862511602323672300e-01,-4.686537069329962613e+00,-2.007211194639489715e+00
5.967702777994403629e-01,-4.732939654031812715e+00,-1.784476349450471622e+00
5.730506262324369660e-01,-4.748575959408316116e+00,-1.641716360267773789e+00
5.520662059390814003e-01,-4.791566102816057438e+00,-1.528975188640988581e+00
5.483326925376516003e-01,-4.885654311522540816e+00,-1.386535901419912342e+00
5.847620970312410460e-01,-4.978923192205913395e+00,-1.218067605438880818e+00
6.423406559077614597e-01,-5.055308577747766208e+00,-1.001727882558114180e+00
6.989610688624877666e-01,-5.133246151641631450e+00,-8.345690147704218909e-01
7.611425736777389650e-01,-5.165654753353908113e+00,-6.827951523651463184e-01
7.798223145543847767e-01,-5.197175974680747323e+00,-6.974659798646606346e-01
7.592006272756860463e-01,-5.211299689934580925e+00,-9.337837967933578787e-01
8.311873661764636045e-01,-5.287672731215915967e+00,-1.011550604137690268e+00
8.482381659027825593e-01,-5.373971123707806719e+00,-8.852909541417640638e-01
8.690607192528826408e-01,-5.363178135374833566e+00,-6.789195223503746712e-01
8.459872099834843118e-01,-5.381482458294692073e+00,-4.840789858510940458e-01
8.475199198087016716e-01,-5.383382220232750370e+00,-2.381581362747968167e-01
8.502924964470348623e-01,-5.385776027037334046e+00,3.811567557111603111e-02
8.541823794656039359e-01,-5.386408414766991726e+00,2.143093852800204147e-01
8.554942774642767533e-01,-5.387059365767088437e+00,4.595680502329221873e-01
8.584915146839057210e-01,-5.387656830401314600e+00,6.620696307632941702e-01
8.616818390719863663e-01,-5.387754052269620786e+00,8.465458556734666296e-01
8.643409939293702493e-01,-5.387579935068012915e+00,1.028613274990942461e+00
8.667837306469369230e-01,-5.387412532803510956e+00,1.218524090306523089e+00
8.699811394685499355e-01,-5.385745657808883813e+00,1.404315753518229348e+00
8.732392727395553722e-01,-5.383929820180228809e+00,1.639877822013835473e+00
8.753558721666254705e-01,-5.382212169205550012e+00,1.815276848260003684e+00
8.771214904281833258e-01,-5.379858542210353534e+00,2.027694854015195336e+00
8.783481071354302117e-01,-5.377030914569836284e+00,2.216952585935137332e+00
8.787299271855674165e-01,-5.373601967650279754e+00,2.501470413278678251e+00
8.792044710622199943e-01,-5.370932151932504617e+00,2.681143064225564476e+00
8.791070257283998268e-01,-5.367580940811712331e+00,2.877379781270357650e+00
8.780633080512075805e-01,-5.364409357899194930e+00,3.140687954590409614e+00
8.768292701701335679e-01,-5.361453015029185032e+00,-2.859662494054424187e+00
8.727216137302189480e-01,-5.361099398917786196e+00,-2.659614401334212452e+00
8.675578110241340957e-01,-5.360498366781816237e+00,-2.386939551892380162e+00
8.631674892182864545e-01,-5.360744741720131046e+00,-2.204604264144719661e+00
8.594378769891620751e-01,-5.361300751167576095e+00,-2.018601051166958094e+00
8.543289636123020392e-01,-5.363383976265576614e+00,-1.775418048538392357e+00
8.506560678949146581e-01,-5.365068216857557637e+00,-1.585608057123734538e+00
8.463960064699759256e-01,-5.368446285921255168e+00,-1.347540752311847667e+00
8.427748616716653762e-01,-5.371631979720398853e+00,-1.115108298521193975e+00
8.391935428245497208e-01,-5.375810340556002487e+00,-8.706547368356649663e-01
8.371856659279852675e-01,-5.378773964744008040e+00,-6.585763659219417976e-01
8.353997924436353806e-01,-5.382310039333022544e+00,-4.701155160059079519e-01
8.340136476612712846e-01,-5.386646967194561597e+00,-2.157830550428758154e-01
8.334200736240118257e-01,-5.389906428965126395e+00,-2.249848637458406325e-02
8.327538745975486822e-01,-5.393620378745418442e+00,2.231733293379853655e-01
8.325458898142624742e-01,-5.397253930824512658e+00,4.871889364740148998e-01
8.330130940428145392e-01,-5.399973935237775358e+00,6.734918250741250834e-01
8.333123684105088191e-01,-5.402027694664659485e+00,8.696929054092799039e-01
8.340691669009481224e-01,-5.403432964951340622e+00,1.122158389999913020e+00
8.347113927596450100e-01,-5.404234324707072545e+00,1.326852813032926681e+00
8.334752387401054285e-01,-5.405456698102485191e+00,1.547913870090551480e+00
8.326767140496071917e-01,-5.405526257830321590e+00,1.764340024380308014e+00
8.312526392035187728e-01,-5.405420760815684567e+00,1.961574141637439039e+00
8.294361399235253840e-01,-5.404758248477512517e+00,2.184645800905610002e+00
7.785960592791785206e-01,-5.321662268133597884e+00,2.173962935566129850e+00
7.189978502480971478e-01,-5.235672491764407077e+00,2.169058726664035319e+00
6.601310556709241162e-01,-5.150746563175776949e+00,2.162342870247328630e+00
6.021168292658976018e-01,-5.068300379118147347e+00,2.145153305023563828e+00
5.684014862959112513e-01,-5.020488691318503172e+00,2.115139490411504397e+00
5.669225242694607703e-01,-5.021522741421770242e+00,1.928970751825986651e+00
5.649767579963699271e-01,-5.022775241437720695e+00,1.728851585096493615e+00
5.627953311204375586e-01,-5.023715049694620127e+00,1.549042688887962260e+00
5.602111294631475502e-01,-5.024255517425721074e+00,1.368430698497103748e+00
5.752721014997306259e-01,-4.922957935273471364e+00,1.355942716244689761e+00
6.001225818883598739e-01,-4.815389805440713822e+00,1.343099437734123658e+00
6.395698228825100751e-01,-4.700909156801411193e+00,1.287045104654464645e+00
6.860065794224708968e-01,-4.589478900483615398e+00,1.218192858498155173e+00
6.951572374825455425e-01,-4.490625132789814344e+00,1.167018678790746611e+00
7.307862082367230228e-01,-4.387976277926174618e+00,1.055024870023008265e+00
7.860452106513761139e-01,-4.300997400820949501e+00,9.583014497242792196e-01
8.523665338467791841e-01,-4.216384999198451666e+00,8.456330311459165916e-01
9.274688797285813857e-01,-4.142555659656857792e+00,6.791031457312430852e-01
9.929868954287508487e-01,-4.098553284879650427e+00,4.906440728871421242e-01
1.042534626662121600e+00,-4.076021036390424790e+00,3.187726335582903303e-01
1.067102214280335915e+00,-4.069864207266161493e+00,1.184956064123493802e-01
1.099217839407213848e+00,-4.069332560454770764e+00,-1.102113191614468440e-01
1.122261012112900858e+00,-4.074010169356036215e+00,-2.973479818883004722e-01
1.148998079368817704e+00,-4.085417426310354649e+00,-5.179433906577010083e-01
1.168950956025961219e+00,-4.099323688703019997e+00,-6.978910403724407630e-01
1.188312175065333820e+00,-4.119238852056344768e+00,-8.992881601315274587e-01
1.195173143154385942e+00,-4.131331943847619037e+00,-8.998487379247737117e-01
1.241430586345420473e+00,-4.176605559731616069e+00,-7.123615917799632768e-01
1.326940140323846773e+00,-4.238938160985093795e+00,-5.883215843878292217e-01
1.376053159690379113e+00,-4.268773221501296788e+00,-5.176548171315775715e-01
1.422299991907552519e+00,-4.291490905518606347e+00,-4.279578746519439592e-01
1.478357869597694885e+00,-4.311840658901217260e+00,-3.020440344213256578e-01
1.526717373217665985e+00,-4.329205839110309206e+00,-2.183590285117634200e-01
1.568403989693680778e+00,-4.333934032427961824e+00,-1.283058283540784716e-01
1.650183367296863990e+00,-4.343580778893963767e+00,2.200169713781689046e-02
1.754643220544220394e+00,-4.341954260316643222e+00,3.254715630111384289e-02
1.856099988934891698e+00,-4.339291495275282351e+00,3.658231012702848478e-02
1.962159856645846689e+00,-4.336031162114067250e+00,4.142002511224711359e-02
1.972747919596258726e+00,-4.337832473264045419e+00,2.485634570432898871e-01
1.973966274548481170e+00,-4.339575950941892302e+00,4.359912026441580268e-01
1.978761143682804535e+00,-4.346701140178706346e+00,6.183853637992302588e-01
1.981964057249326450e+00,-4.349747351474980483e+00,8.319812593797938360e-01
1.981822963258230264e+00,-4.348041424586608805e+00,1.044860191340769351e+00
1.983454735867984597e+00,-4.347917988922720411e+00,1.257697780202659210e+00
1.984234095593496061e+00,-4.347765736773170353e+00,1.470890017652826343e+00
1.984456353107696858e+00,-4.346539923032612940e+00,1.685414323583410701e+00
1.984095000018912369e+00,-4.345169569719212532e+00,1.876380577465593946e+00
1.965712895824983431e+00,-4.243632666444637991e+00,1.927473499110703870e+00
1.933164779558201429e+00,-4.143452243224030163e+00,1.920835733219261154e+00
1.934703873382547235e+00,-4.104902452172363603e+00,2.058672849566799190e+00
1.932277471170474215e+00,-4.105107702064829667e+00,2.288711518494833452e+00
1.933589946967085416e+00,-4.101348310404196340e+00,2.471505460874038551e+00
1.932438996117810559e+00,-4.099549694757562257e+00,2.648725417299523155e+00
1.930554345744165401e+00,-4.093907117638661219e+00,2.837084695082591868e+00
1.929635740609298322e+00,-4.091181345873471820e+00,3.021272006703076052e+00
1.927671138962666841e+00,-4.088153813336808717e+00,-3.047939840267888556e+00
1.926463750162284327e+00,-4.084900387289216894e+00,-2.833281821705555092e+00
1.924181980450474061e+00,-4.082271237609431225e+00,-2.638177421017234625e+00
1.921424203448193424e+00,-4.079159830524345054e+00,-2.426668006007228318e+00
1.918682644143821170e+00,-4.075748122381376959e+00,-2.174147167775966061e+00
1.915958134789863543e+00,-4.074892367846951302e+00,-1.979997282118735713e+00
1.913331509511290607e+00,-4.074029531136487137e+00,-1.791287597482998262e+00
1.911258156699782829e+00,-4.074080787814549964e+00,-1.606825527462692360e+00
1.908563990045435865e+00,-4.074838476629051520e+00,-1.355004131139418311e+00
1.906787184481277153e+00,-4.075707937557254468e+00,-1.172054990095967808e+00
1.905286667719542137e+00,-4.077001460183880432e+00,-9.598075775028155343e-01
1.904485514326864415e+00,-4.078754417174763169e+00,-6.924180892844283841e-01
1.904389947654110848e+00,-4.079972321927448853e+00,-5.168105504736463240e-01
1.904606510774312644e+00,-4.080926023502262190e+00,-3.073754975550952451e-01
1.905827152726207618e+00,-4.082356739900334652e+00,-1.222526550048284727e-01
1.904842128271347246e+00,-4.100781769671288934e+00,-1.009221380335107304e-01
1.905458139621161395e+00,-4.096579025469995194e+00,-2.400101974068988564e-01
1.902622253246355477e+00,-4.109264635809274147e+00,-4.364869165505391724e-01
1.902946338034144702e+00,-4.097254855619556935e+00,-5.870672737514447403e-01
1.901663474536710252e+00,-4.094584558217094994e+00,-8.124003806235612357e-01
1.901569719401720260e+00,-4.090586863145279750e+00,-1.026685969589769654e+00
1.950608662778269276e+00,-4.176075653422546274e+00,-1.050481420041792902e+00
1.998801014134476750e+00,-4.262282093762684632e+00,-1.049810122926084333e+00
2.047396221781470960e+00,-4.349000065353872735e+00,-1.063749478376261326e+00
2.094110714748671498e+00,-4.440975980993723482e+00,-1.115109283302913035e+00
2.135011445546995290e+00,-4.531471783934868824e+00,-1.159316703078181243e+00
2.172930263461372302e+00,-4.628709684628573129e+00,-1.210369547648907140e+00
2.204026285612244784e+00,-4.722169493820302932e+00,-1.258861519421266006e+00
2.230501640313433231e+00,-4.816054959916976408e+00,-1.303439208905683655e+00
2.242448810265894821e+00,-4.864927264108580118e+00,-1.483369758574153874e+00
2.243122430736633977e+00,-4.863448013495107247e+00,-1.721778279319523319e+00
2.245316026222764716e+00,-4.861164242081548181e+00,-1.924986157315457636e+00
2.246840121691553449e+00,-4.860381184619759765e+00,-2.104552319902661672e+00
2.248284286870212423e+00,-4.860185881986475387e+00,-2.281110331279772474e+00
2.249361108867141912e+00,-4.859932788494330858e+00,-2.460211909882835002e+00
2.249500842681176227e+00,-4.860068676829184753e+00,-2.647937485819299663e+00
2.250711740197282484e+00,-4.861440543991787600e+00,-2.856153202844871064e+00
2.252057938218976929e+00,-4.863649541355445471e+00,-3.113965268925167340e+00
2.252592709500847779e+00,-4.864910923898374762e+00,2.978560810804799619e+00
2.253851072750165496e+00,-4.867178228692353947e+00,2.697121366827190503e+00
2.254299464968331002e+00,-4.868368486064422740e+00,2.457343045864441411e+00
2.254811953684368042e+00,-4.870153823569318696e+00,2.211509643369266254e+00
2.254759306686829223e+00,-4.870972602254977524e+00,1.999313954144885663e+00
2.253581811620116060e+00,-4.871942709664507376e+00,1.809060587940154008e+00
2.250967651820811266e+00,-4.872564250434618494e+00,1.542108124480690456e+00
2.248216218257421684e+00,-4.872786429251059204e+00,1.327590987018605784e+00
2.245519755144578689e+00,-4.872402563027096178e+00,1.134543678843599412e+00
2.243328316210565276e+00,-4.870749296078938251e+00,9.481175309475331492e-01
2.239692577532355067e+00,-4.867708900971873476e+00,6.442527666721534763e-01
2.236670895868599462e+00,-4.863808087287876170e+00,3.958800072500814893e-01
2.234857528309796670e+00,-4.860884003882670612e+00,2.049900602442001341e-01
2.232072376554018689e+00,-4.857238207021716825e+00,-7.956421562225444999e-02
2.230629664919560273e+00,-4.854843365091130458e+00,-2.650661871386502111e-01
2.228463824967347851e+00,-4.851361979953695780e+00,-4.999262821432454151e-01
2.227288612185173378e+00,-4.849117487669058590e+00,-6.749208323799104070e-01
2.226216155007496589e+00,-4.846767039902984742e+00,-8.751829641133775928e-01
2.225675963789291778e+00,-4.843572837908986628e+00,-1.065362339176748385e+00
2.225665721924141582e+00,-4.841062448486824543e+00,-1.284556414856901752e+00
2.226406319613376983e+00,-4.838918585349529344e+00,-1.479375694891948312e+00
2.228182983789792626e+00,-4.836543482885613088e+00,-1.739781207496822857e+00
2.230438132259920714e+00,-4.835344525361890078e+00,-1.975496473879374770e+00
2.232700491582865876e+00,-4.834935119037077733e+00,-2.204747084210561869e+00
2.248956810195161360e+00,-4.839280377295216873e+00,-2.185201728444364555e+00
2.236244113544976653e+00,-4.833016207028334676e+00,-2.067289937272963396e+00
2.240672463897199762e+00,-4.834745546291928875e+00,-1.835451392296106432e+00
2.246355932438140801e+00,-4.837405943325969737e+00,-1.602006634503795324e+00
2.232669860559142183e+00,-4.833192729499574902e+00,-1.553490769321129505e+00
2.233622711707698105e+00,-4.851147877858464241e+00,-1.656092612304197242e+00
2.219828297211965840e+00,-4.951238875672073547e+00,-1.656787036719342465e+00
2.209127208908343132e+00,-5.049548217259564709e+00,-1.633659763042628388e+00
2.205800934626303444e+00,-5.077725897204977912e+00,-1.434300297211610786e+00
2.216182460661229481e+00,-5.179995645403480786e+00,-1.428029904522682525e+00
2.227716707462876755e+00,-5.283211329534349687e+00,-1.439405803842457310e+00
2.217661207621079100e+00,-5.310290010132101557e+00,-1.412040569999633677e+00
2.217281207016102762e+00,-5.313206806143043970e+00,-1.219513569212517634e+00
2.217568593927983223e+00,-5.315517105808081233e+00,-1.002578031279399262e+00
2.218129581508331949e+00,-5.318776058565740428e+00,-7.785883168440456137e-01
2.219233298758674700e+00,-5.321693176052026075e+00,-5.946626257932020598e-01
2.220984105889298288e+00,-5.327230275189230646e+00,-5.608453738653307319e-01
2.221614858286002470e+00,-5.327681747734982487e+00,-7.242694344061036960e-01
2.291085919972301710e+00,-5.395363520699081761e+00,-6.939891849924297862e-01
2.372813091200365765e+00,-5.468832559752764055e+00,-7.012965237076316249e-01
2.394271011777482805e+00,-5.490275068101218459e+00,-6.981134179626945491e-01
2.366909454845631089e+00,-5.468178551657254971e+00,-4.947289927728882875e-01
2.454893072210809546e+00,-5.520148768013664053e+00,-3.907107882321316783e-01
2.545425868259028501e+00,-5.563785396384237636e+00,-3.964080620191073878e-01
2.644152848171876791e+00,-5.607641235515088418e+00,-3.999852659956179002e-01
2.739424217188977551e+00,-5.654143806035232700e+00,-4.021294212159078341e-01
2.832580178541118876e+00,-5.700070880602008394e+00,-4.056607173794959942e-01
2.911485760542559476e+00,-5.743712080210674920e+00,-2.558972605229894448e-01
2.912474826874790867e+00,-5.748861162527092894e+00,-7.164907184438903953e-02
2.913656524461079034e+00,-5.753335413971229606e+00,1.322122662273682581e-01
2.915266275514517336e+00,-5.757487587149501707e+00,3.101787973299959811e-01
2.916320479598125903e+00,-5.761575376373737178e+00,5.119358428407748685e-01
2.919271625336258946e+00,-5.764989946686383426e+00,7.030175979887058890e-01
2.993125940840306587e+00,-5.711319467066928723e+00,6.963092084162727513e-01
3.071060302191156666e+00,-5.648664348597794316e+00,7.002341060679707629e-01
3.147226928603330531e+00,-5.591062426994996670e+00,6.916636794776414021e-01
3.228504852660785129e+00,-5.527552609442733633e+00,6.933598080772500616e-01
3.312673272246392742e+00,-5.459106765158257879e+00,6.966121282764565770e-01
3.394672702151771304e+00,-5.390989114254753467e+00,6.991245637170537819e-01
3.464076617057153307e+00,-5.333238528145934687e+00,5.896209514347355851e-01
3.464398694752088836e+00,-5.331611024106592822e+00,4.167979871737368391e-01
3.463550031727132605e+00,-5.330372186935131040e+00,2.205032565214937179e-01
3.463734375605180382e+00,-5.329516648204529083e+00,3.547881983871167128e-02
3.476778434285044295e+00,-5.314194135210021486e+00,-1.050759294112165732e-01
3.446020241241370741e+00,-5.317310404616326203e+00,-3.692586022337255858e-01
3.448203038246808738e+00,-5.313372451509954963e+00,-5.510833384292205261e-01
3.446333730572909371e+00,-5.317935599667769964e+00,-7.660850427524589223e-01
3.451724890517561484e+00,-5.303033095601001889e+00,-9.136579899126188176e-01
3.450543101111756439e+00,-5.303120616431779233e+00,-1.106746581400692264e+00
3.449767896697990999e+00,-5.303082019926806723e+00,-1.283860909755853985e+00
3.445601611968277744e+00,-5.306131826434500987e+00,-1.452289983621904090e+00
3.442537522539827588e+00,-5.308418836379930283e+00,-1.278666145468699167e+00
3.440027170601125839e+00,-5.311128647447992179e+00,-1.102382712202148118e+00
3.437412046935588439e+00,-5.314773358878782439e+00,-8.886610599356365991e-01
3.420939291781988967e+00,-5.342591866176593207e+00,-8.005084181795436571e-01
3.419222607345751896e+00,-5.341545660268585571e+00,-5.402447483884895707e-01
3.417991039212251003e+00,-5.342006726303184294e+00,-3.507868697315137951e-01
3.416834785577612887e+00,-5.342010748413531296e+00,-1.543378176796261214e-01
3.415993206600764331e+00,-5.342151953738108361e+00,4.196082124672428221e-02
3.415899122320696701e+00,-5.342134892010736102e+00,2.596732949760875986e-01
3.416123364334747503e+00,-5.342351925538233459e+00,5.363636989525178977e-01
3.416754084907995814e+00,-5.341601408951063057e+00,7.290120546258355150e-01
3.417834621173490905e+00,-5.339572696632392201e+00,9.879383285785275914e-01
3.496949377145942339e+00,-5.261959206547786927e+00,1.057386766613574114e+00
3.560129779387218640e+00,-5.169928725758382804e+00,1.046211560206713020e+00
3.594871556407198909e+00,-5.155841690552983358e+00,1.195995917522215235e+00
3.579339379406399679e+00,-5.154545074512153491e+00,1.419891006303481529e+00
3.577476240585266254e+00,-5.154282971209372732e+00,1.641775404370973135e+00
3.586863365087994637e+00,-5.153626005372859531e+00,1.838909240151609836e+00
3.601384777467313114e+00,-5.153249210751381426e+00,2.043657010224573689e+00
3.602244087205499934e+00,-5.152479845920251655e+00,2.223914623504252841e+00
3.540770317926118516e+00,-5.080859164502511405e+00,2.290936633074298623e+00
3.470738808708762058e+00,-5.001637897940487854e+00,2.294708280864666605e+00
3.398615050752364919e+00,-4.919504671516461869e+00,2.292462392135733662e+00
3.330520330279413077e+00,-4.840761980011237142e+00,2.291686698354718832e+00
3.261792064086274756e+00,-4.761971562532542279e+00,2.289880399268196864e+00
3.198083651080083190e+00,-4.687994503375995770e+00,2.290938001304031246e+00
3.128098874358000270e+00,-4.607171195449185852e+00,2.288411306899521769e+00
3.058880633393171067e+00,-4.526567080411875388e+00,2.288636137724128883e+00
2.989391623738920423e+00,-4.446898358856142153e+00,2.288496105824282534e+00
2.920663395523657169e+00,-4.367142855899310838e+00,2.288800273075100034e+00
2.851891276670492026e+00,-4.286851775873304682e+00,2.285763601370058407e+00
2.781898976398820000e+00,-4.205086897042536798e+00,2.285689659763288528e+00
2.712942292430069902e+00,-4.124801573742412408e+00,2.285194880300025488e+00
2.644220374713777577e+00,-4.043458377047752350e+00,2.285449215424951941e+00
2.571017146131569397e+00,-3.956694350106555458e+00,2.284525880124167241e+00
2.501930536240617897e+00,-3.874886588572333146e+00,2.284877493984118768e+00
2.438808956288940344e+00,-3.806115559136284521e+00,2.297584289668359148e+00
2.387232739446319751e+00,-3.757172612708524095e+00,2.147359619362888328e+00
2.380662629978863798e+00,-3.761502318527470745e+00,1.961439098404304193e+00
2.392484699604915388e+00,-3.757201545124519093e+00,1.744805785449189184e+00
2.393750503673692798e+00,-3.757337229005216717e+00,1.565996330514606516e+00
2.392606320556049049e+00,-3.759355726695811750e+00,1.349642747494323114e+00
2.390127236749531647e+00,-3.760908655499516584e+00,1.087252287798322836e+00
2.385823619496092451e+00,-3.762218842197869506e+00,8.758204057865154324e-01
2.384551387047997739e+00,-3.762242921929067396e+00,6.753263980077587325e-01
2.382508312570299935e+00,-3.762202312082239875e+00,4.936567547308997606e-01
2.380668382862005217e+00,-3.761188188909994512e+00,3.016394208314719383e-01
2.378816264541654846e+00,-3.759746530220776872e+00,8.940625603107248132e-02
2.377064586612331443e+00,-3.758400510735815825e+00,-1.023033186948235085e-01
2.375524805226280289e+00,-3.756137967753790718e+00,-3.437720932208545577e-01
2.375010976224828596e+00,-3.754703429859318486e+00,-5.388524857791038292e-01
2.375017279309872276e+00,-3.753326869232273211e+00,-7.237649072483768320e-01
2.375140816085122619e+00,-3.751747753330433532e+00,-9.147437969907581401e-01
2.375708269009731310e+00,-3.750804139266764370e+00,-1.089693110687986355e+00
2.377362198170867469e+00,-3.748760298082966624e+00,-1.317849708119064989e+00
2.379926962885837050e+00,-3.747548034597110611e+00,-1.586525418914408014e+00
2.381684578639431837e+00,-3.747365617085383072e+00,-1.773503474872388352e+00
2.384229296065680792e+00,-3.747538058660705662e+00,-1.961832448563754161e+00
2.387173755790906071e+00,-3.748389236079311182e+00,-2.204106679694139537e+00
2.390585616488643872e+00,-3.750741340889698350e+00,-2.490862513368726994e+00
2.393759925450130943e+00,-3.753156675150784771e+00,-2.752419849046754408e+00
2.395157145614594807e+00,-3.755302277958437074e+00,-2.927318922933110912e+00
2.397084232257374214e+00,-3.759195906783708629e+00,3.087318212508500359e+00
2.398604472493675477e+00,-3.762805486984482695e+00,2.851251298337421414e+00
2.399151781058380450e+00,-3.766918936896290759e+00,2.600913632751448379e+00
2.398950730377015450e+00,-3.770402978343004197e+00,2.373630211950465529e+00
2.398654484636701056e+00,-3.773221989729928616e+00,2.181174646196241351e+00
2.397996218391304613e+00,-3.775530182219056119e+00,2.006771257556688504e+00
2.396107647767823590e+00,-3.779391550311454129e+00,1.754638090909470538e+00
2.394055900322133112e+00,-3.781391748296778488e+00,1.546771499155700447e+00
2.391863046023652739e+00,-3.783018455190647167e+00,1.355551152337865828e+00
2.388678855318675964e+00,-3.784861636705675991e+00,1.119574166113130431e+00
2.385629363820910953e+00,-3.785828885126644394e+00,8.628785320799222669e-01
2.383063990499954432e+00,-3.786144405970250482e+00,6.754127785700015929e-01
2.380281396569108754e+00,-3.785684749283237061e+00,4.411567439235510868e-01
2.377890776647773929e+00,-3.784495114742226995e+00,1.681318909600425238e-01
2.375523283470268865e+00,-3.782845614466300521e+00,-8.816272558376889168e-02
2.373841342135287746e+00,-3.780905532496891208e+00,-2.959051517030076295e-01
2.372688138191596519e+00,-3.786538239963564312e+00,-2.140630296349290140e-01
2.370965747678259739e+00,-3.791066805347506730e+00,-3.924361352899783523e-02
2.372050510790018940e+00,-3.793765499159560406e+00,1.397304797055158310e-01
2.373165428209782490e+00,-3.796739525085486289e+00,3.358572293960017663e-01
2.374664983257209538e+00,-3.799606248277110243e+00,5.660460199736165876e-01
2.376687892695387827e+00,-3.801240642031212591e+00,7.697257271662000244e-01
2.378577831165305412e+00,-3.803064091024519922e+00,9.927847460614201980e-01
2.381038686790918124e+00,-3.803354722804447530e+00,1.189074646030987559e+00
2.383701948529710624e+00,-3.803272668897771158e+00,1.443705857607688436e+00
2.386182233313618450e+00,-3.802695632521379654e+00,1.714877957764714633e+00
2.388134789581828343e+00,-3.801398539691766221e+00,1.959881310991604453e+00
2.388750848301995688e+00,-3.799682172548400239e+00,2.215500086660307844e+00
2.388540776608457872e+00,-3.797371287412003138e+00,2.427261210213755849e+00
2.327464689378708318e+00,-3.724863387820327887e+00,2.480934794147973133e+00
2.243278295289442337e+00,-3.659632561935396211e+00,2.482066481772577493e+00
2.158615773563500095e+00,-3.594092310589922956e+00,2.485887725053079311e+00
2.086120593371854515e+00,-3.540045162192435146e+00,2.380423707353306995e+00
2.082954140630212780e+00,-3.539100550510871024e+00,2.172697474695532538e+00
2.080358644481454800e+00,-3.540197095038776443e+00,1.981074475848069394e+00
2.079731891288736367e+00,-3.541476087741202594e+00,1.770312695959692206e+00
2.076971095316558991e+00,-3.543415988223074464e+00,1.549441406859546788e+00
2.074523285681487472e+00,-3.544191885853955171e+00,1.299265272724524634e+00
2.071238334496098954e+00,-3.544853840026151115e+00,1.109929066063198189e+00
2.067950357152017471e+00,-3.544557519224515563e+00,8.455276678400062140e-01
2.063882372749944683e+00,-3.543729358355232506e+00,5.940318671318717270e-01
2.061644065689311134e+00,-3.542149248166218900e+00,4.062970232329518039e-01
2.058880611769072555e+00,-3.540633059806459926e+00,1.406181336231736856e-01
2.056070533243585796e+00,-3.537745276420177998e+00,-1.100021571817396959e-01
2.054464248159542983e+00,-3.534690303005675993e+00,-3.838464499307707722e-01
2.053600662041328739e+00,-3.532307980995865737e+00,-6.155090970013988860e-01
2.053315442742376540e+00,-3.529192585058831710e+00,-8.767985897959997832e-01
2.052827433644742516e+00,-3.526805816496771939e+00,-1.039227060305613959e+00
2.053058374271861108e+00,-3.525436320637787002e+00,-1.245992440755577357e+00
2.054646248201896785e+00,-3.523570861650051178e+00,-1.436782310440592347e+00
2.056261303664603801e+00,-3.522894232180948659e+00,-1.632260758387181987e+00
2.057879440076860966e+00,-3.522394370947875775e+00,-1.831373622169161886e+00
2.060066889826495995e+00,-3.522431050412440090e+00,-2.042425492075814475e+00
2.061968450111357765e+00,-3.522734656875406323e+00,-2.244403555103008152e+00
2.064226692032531840e+00,-3.523478169412921357e+00,-2.427317601226540944e+00
2.066055872273673266e+00,-3.524706920554238732e+00,-2.639569737600356625e+00
2.067300040648858417e+00,-3.525886439906377401e+00,-2.816908804055398452e+00
2.068494655782202596e+00,-3.527802643865344034e+00,-3.028701497346196536e+00
2.069276776377473759e+00,-3.529413871841442507e+00,3.064433607838530804e+00
2.069950005719286779e+00,-3.531427088849726559e+00,2.879518124891280451e+00
2.069942447533344776e+00,-3.533260830164613342e+00,2.696458827680701109e+00
2.070068909500986098e+00,-3.535212849383999600e+00,2.522029244533825043e+00
2.069810269803866287e+00,-3.537205207330890389e+00,2.331157161016058410e+00
2.069434521243842084e+00,-3.539524016565453124e+00,2.111479636609475019e+00
2.067994816134060443e+00,-3.541553622172756821e+00,1.913199358199340283e+00
2.064436424159601824e+00,-3.544530493148578376e+00,1.706908614630877397e+00
2.072447651777967970e+00,-3.547980633340500844e+00,1.517989656115623420e+00
2.074486301286355250e+00,-3.549137696092933503e+00,1.327728180640801448e+00
2.070301673318508673e+00,-3.549013125349456121e+00,1.142317514036622184e+00
2.048311913115259841e+00,-3.547502151547423654e+00,9.612489131479325932e-01
2.046090645511458028e+00,-3.548464689918819914e+00,7.763307959758272148e-01
2.046163494125057714e+00,-3.549893814810563430e+00,6.178673662353110219e-01
2.045785804982441114e+00,-3.550681418293990976e+00,4.054844405646055305e-01
2.044802054016272574e+00,-3.549993578601500666e+00,1.904149566696093088e-01
2.042992905533885573e+00,-3.549132601495971873e+00,1.345038954613492904e-02
2.041738143568951447e+00,-3.548219900398926985e+00,-1.772792938429029186e-01
2.040577589017701587e+00,-3.546476170194427624e+00,-3.873757178501125442e-01
2.040433298922458505e+00,-3.545342192057895137e+00,-5.709776173851356385e-01
2.115169535258498268e+00,-3.607667383186352605e+00,-6.823477555317549736e-01
2.196736884184943062e+00,-3.676133812001572299e+00,-6.810838058349830693e-01
2.280455997078320252e+00,-3.745935170708198481e+00,-6.791479490521541429e-01
2.338497691799139577e+00,-3.795454885957290525e+00,-7.542659705446704832e-01
2.409890798332766870e+00,-3.868244119445225060e+00,-7.642597902335411808e-01
2.485103199726244494e+00,-3.941557541044598878e+00,-7.443392044381083039e-01
2.571279596132027834e+00,-4.012928325924997708e+00,-6.503067136599394171e-01
2.595815175209394976e+00,-4.034474092492326136e+00,-7.797081921350440537e-01
2.603418121358489046e+00,-4.046923583695287263e+00,-7.788291460932843524e-01
2.674757146540209352e+00,-4.120966922932274734e+00,-7.762806319922204157e-01
2.753287379745493091e+00,-4.199799755657102729e+00,-7.729405328418316179e-01
2.830229403984756864e+00,-4.276488987197484271e+00,-7.716017936797132659e-01
2.905572497380690677e+00,-4.351942666564237783e+00,-7.670778854519068046e-01
2.981397653733432129e+00,-4.427248869627011807e+00,-7.643500409744619084e-01
3.055099030142766736e+00,-4.500086094763724454e+00,-7.629312902572372712e-01
3.131282672304231962e+00,-4.576198118804279957e+00,-7.632157471340272892e-01
3.149663597482577515e+00,-4.590192943433576644e+00,-6.384696326805900934e-01
3.146803786130266012e+00,-4.581711495002448231e+00,-5.386492128442852412e-01
3.147335497211160682e+00,-4.588907537779249424e+00,-3.396573321619916208e-01
3.148642913987724334e+00,-4.592404129909319010e+00,-1.216732544169799868e-01
3.153463050108942678e+00,-4.584971282875424770e+00,1.188383235045658570e-01
3.156282406308492661e+00,-4.587895658626484519e+00,3.070238816818268712e-01
3.158690316140758458e+00,-4.590620555365124922e+00,5.068810723867553936e-01
3.159808030492917030e+00,-4.593236200671495517e+00,6.930715402919730428e-01
3.163356165502477335e+00,-4.596072902340379684e+00,9.484474778108064053e-01
3.166462530452771151e+00,-4.596636320115666585e+00,1.152212571776766170e+00
3.169408758374889779e+00,-4.596620728850544957e+00,1.400160806115958056e+00
3.171559531801350751e+00,-4.596792081788123596e+00,1.587125943776859671e+00
3.174457457463155219e+00,-4.595908682386064648e+00,1.836127436892047937e+00
3.175901825699213088e+00,-4.594958466345752335e+00,2.022113598101871634e+00
3.177407109294237308e+00,-4.593457338125667810e+00,2.254684762930386110e+00
3.177992895512653515e+00,-4.591812809925112759e+00,2.469598227524556933e+00
3.178342499105270225e+00,-4.590204463052651285e+00,2.701914979715467346e+00
3.177768107094934180e+00,-4.588987938327008465e+00,2.941287304663010360e+00
3.176784781634354182e+00,-4.587298098356729525e+00,-3.077700959656747504e+00
3.175289351195919263e+00,-4.585884711339980768e+00,-2.832915371879979549e+00
3.173215493472964166e+00,-4.585133204239371985e+00,-2.616228883267734506e+00
3.171782158081693392e+00,-4.584637966273194642e+00,-2.383571376967241751e+00
3.169652353999401928e+00,-4.584751179127738219e+00,-2.181394624834951834e+00
3.167522319177856094e+00,-4.585345112351053132e+00,-1.953996589415197604e+00
3.165823456374432965e+00,-4.586894306198265880e+00,-1.763852470106704207e+00
3.164054627862514124e+00,-4.588807145921028230e+00,-1.532694697432344544e+00
3.162791673160857187e+00,-4.591338414187148054e+00,-1.312939166523737100e+00
3.162393246535039726e+00,-4.594206136637065008e+00,-1.127884746261191840e+00
3.162043831100243008e+00,-4.596909240380139927e+00,-9.327883330398777373e-01
3.145612478843981208e+00,-4.626001278773867575e+00,-8.960104249800970866e-01
3.210307775221470816e+00,-4.714798375460373059e+00,-9.012685961780469990e-01
3.278668826688029281e+00,-4.808248412670797833e+00,-9.063701217171872271e-01
3.343983255274589173e+00,-4.889693912516744234e+00,-9.089099346442106597e-01
3.410088949961493476e+00,-4.976697634067512865e+00,-9.244034233754521157e-01
3.451803971407621408e+00,-5.035110581350168424e+00,-8.449160162105234795e-01
3.442692106308098410e+00,-5.047506581988083774e+00,-7.223546870733860148e-01
3.444190064959890218e+00,-5.045828262219675509e+00,-5.183743899342062589e-01
3.445693070099964395e+00,-5.044872190795581801e+00,-3.061488592929114128e-01
3.447707518683987615e+00,-5.043601055492632490e+00,-8.736867131234929418e-02
3.449785599091934163e+00,-5.042557465422206064e+00,1.041113133141030184e-01
3.452492447051148883e+00,-5.041160959737524649e+00,3.184405349304503807e-01
3.455197086062138379e+00,-5.039756745979795838e+00,5.360713124622091819e-01
3.458273326581851492e+00,-5.037990249948368415e+00,7.266652368310939636e-01
3.457415290569207489e+00,-5.034791319591565895e+00,9.316918045217261746e-01
3.461628412073614935e+00,-5.033466675947016356e+00,1.112401493320692270e+00
3.490499657215119456e+00,-5.041259357270521768e+00,1.312989257373946561e+00
3.458185457325922751e+00,-5.027270905279744184e+00,1.563662398239285434e+00
3.460486976188046349e+00,-5.025488703979139160e+00,1.746132187973282957e+00
3.462847294362023209e+00,-5.024035008284510440e+00,1.953872178687406924e+00
3.464759834723175391e+00,-5.022230540060522941e+00,2.163652427243134557e+00
3.465670857688981865e+00,-5.019973230828286503e+00,2.340164130301566559e+00
3.466096499606511117e+00,-5.017835090666334708e+00,2.552507567949967804e+00
3.466089862357666362e+00,-5.015968531228289784e+00,2.768377598041827703e+00
3.465492776507403505e+00,-5.013953826369839106e+00,2.986014347530656643e+00
3.465180215810841791e+00,-5.012097133006584215e+00,-3.089889492177291253e+00
3.464898423644758196e+00,-5.010430784548940863e+00,-2.908969008854938032e+00
3.463815511257552160e+00,-5.008713792837260037e+00,-2.714725515288805902e+00
3.463064363872498497e+00,-5.006964305098255963e+00,-2.509750132452530647e+00
3.461463637876166288e+00,-5.005863055268259920e+00,-2.304384734650966937e+00
3.459376946134816500e+00,-5.005308002849000459e+00,-2.100561937983532079e+00
3.458157428400304489e+00,-5.005356958659919364e+00,-1.908868616580275068e+00
3.457478163299728013e+00,-5.005968822751305503e+00,-1.724496688364050678e+00
3.457337534017478564e+00,-5.006678312205983694e+00,-1.498757830627705623e+00
3.456062081317469392e+00,-5.008475682658517059e+00,-1.268876360055719577e+00
3.455774113862215113e+00,-5.010078594506159000e+00,-1.067022161220322563e+00
3.455650622348415357e+00,-5.012181947163468543e+00,-8.767124805993042891e-01
3.448907094877166735e+00,-5.020649531434873580e+00,-8.046756502925405119e-01
3.459118185391504952e+00,-4.993784503548621245e+00,-5.932463132174622400e-01
3.537111382334929388e+00,-5.059214273020081976e+00,-5.552372657824349300e-01
3.628225611804114514e+00,-5.127356168670658576e+00,-5.550532093204136874e-01
3.644525572044010620e+00,-5.134284303361977386e+00,-7.142221845506971922e-01
3.727199495399789342e+00,-5.206531960711577867e+00,-7.781780260057568066e-01
3.808225575231259707e+00,-5.290352525423878127e+00,-7.992812651591995055e-01
3.887171512351893732e+00,-5.355436704425319050e+00,-8.119153735046765741e-01
3.969649377391514022e+00,-5.406555549067082467e+00,-8.035338745363160839e-01
4.021362709875149655e+00,-5.422424657630092071e+00,-9.737257996262886905e-01
4.017250024245448081e+00,-5.422045098885525327e+00,-1.221858173973516370e+00
4.014461468009661083e+00,-5.421612202579181528e+00,-1.446079674742351218e+00
4.012328009944440943e+00,-5.422116451774699364e+00,-1.700436570683572235e+00
4.011021416892807778e+00,-5.422890059582803346e+00,-1.951290934633804097e+00
4.010640509529430631e+00,-5.424586292524317344e+00,-2.207346643858831836e+00
4.048467077301718398e+00,-5.436192784578115500e+00,-2.314834121829713709e+00
4.049965734033242448e+00,-5.438155483782383115e+00,-2.515293378698272964e+00
4.052829685802252335e+00,-5.439884481325664822e+00,-2.714482147569312609e+00
4.056301943452115921e+00,-5.443132924045543497e+00,-2.981848821564973662e+00
4.058258826359803173e+00,-5.445671998365527955e+00,3.113006245679625028e+00
4.060954457264782214e+00,-5.448644989218980328e+00,2.877818948393472631e+00
4.062456242210780388e+00,-5.451308742078824210e+00,2.673849381149493887e+00
4.063707844505545452e+00,-5.454632621608691778e+00,2.478895110360210818e+00
4.064485636463412099e+00,-5.457734351714961463e+00,2.252180008287906432e+00
4.064536475967864604e+00,-5.460214583224985319e+00,2.058721262674258590e+00
4.063572989594394613e+00,-5.463016805968179845e+00,1.846212101933033756e+00
4.062655725115043026e+00,-5.465206127955624105e+00,1.669837541548824467e+00
4.061693895117904241e+00,-5.467035026312707657e+00,1.480924183387839488e+00
4.060310432720729779e+00,-5.468190231355198883e+00,1.293732118411291987e+00
4.057220863792709409e+00,-5.468910039949213875e+00,9.894687033195141979e-01
4.055005070144672707e+00,-5.468932696523252091e+00,7.220981384686993021e-01
4.053430088459988312e+00,-5.468506001010761786e+00,5.315585663012605266e-01
4.051843789268021467e+00,-5.467594936781622117e+00,3.212950301961600696e-01
4.050778034411807838e+00,-5.465781394058991438e+00,5.492811100935758584e-02
4.050240446990862608e+00,-5.464514369245669911e+00,-1.352856515791429348e-01
4.049663822856081730e+00,-5.461879249817923387e+00,-4.408261605033547137e-01
4.049939409544855096e+00,-5.459604214756908824e+00,-7.067753616519851789e-01
4.050825922153715730e+00,-5.458011983113935983e+00,-8.967022843888095007e-01
4.053072048127116744e+00,-5.455335342163597723e+00,-1.201212975495058233e+00
4.056312146578944677e+00,-5.453642515008602309e+00,-1.471985445359971889e+00
4.059186589698877690e+00,-5.453059486498312403e+00,-1.663272577433668742e+00
4.063675016969995113e+00,-5.452780978048062721e+00,-1.914048122918066364e+00
4.066449213551368125e+00,-5.453634393502547084e+00,-2.118872953502960232e+00
4.071019987734629808e+00,-5.454733677866590469e+00,-2.310740586909215022e+00
4.038813828094660607e+00,-5.502959414669181371e+00,-2.201107922576744702e+00
4.038151014149105045e+00,-5.504406987881953484e+00,-2.006073519496379909e+00
4.037568071259761915e+00,-5.505214183225175972e+00,-1.809496044241886592e+00
4.036245770508969599e+00,-5.506761125170256399e+00,-1.620177185324623848e+00
4.035439994105836092e+00,-5.508482099375146213e+00,-1.424819647376183829e+00
4.056642506304885210e+00,-5.604314887503633713e+00,-1.446184282599668469e+00
4.060813886121700911e+00,-5.610019842167093707e+00,-1.616929340111831648e+00
4.083348571898462787e+00,-5.625201431629728077e+00,-1.765122131556675189e+00
4.014340749476125403e+00,-5.600801786704106888e+00,-2.073584606971790478e+00
4.045593202311417613e+00,-5.615666322721716952e+00,-2.175471178810833628e+00
3.991840822465615002e+00,-5.696068733650877292e+00,-2.182432398202785784e+00
3.975827740487740236e+00,-5.759643691435621271e+00,-2.311874928623368408e+00
3.940104690849278057e+00,-5.843499531323560703e+00,-2.380261850332922258e+00
3.886191578243363143e+00,-5.922922310246108601e+00,-2.378042692671328950e+00
3.833603546803746376e+00,-5.977808132118785700e+00,-2.384385348678849770e+00
3.772867152320160677e+00,-6.029033813143725773e+00,-2.383351884654564490e+00
3.779757199544124813e+00,-6.053921500436190151e+00,-2.463779870754273293e+00
3.781441469655301812e+00,-6.046918879024346438e+00,-2.675769152808779250e+00
3.777733957412869437e+00,-6.036619685432333071e+00,-2.907640946126286430e+00
3.771340017093999464e+00,-6.025047352290350489e+00,3.132127963082934841e+00
3.777293082332286112e+00,-6.027967906134476195e+00,2.928096037231525450e+00
3.784028506051235752e+00,-6.030047107638864645e+00,2.706588636824555305e+00
3.790891304442435494e+00,-6.031316696949561518e+00,2.513457069947683031e+00
3.799196510853142250e+00,-6.032237711923523094e+00,2.309132496924042321e+00
3.806544635190689974e+00,-6.032154293260038713e+00,2.127239470334748805e+00
3.823138814643846750e+00,-6.028547214069918780e+00,1.967354616346024265e+00
3.802384883246685554e+00,-6.004798649112219167e+00,1.838931756906895254e+00
3.808985904223473273e+00,-6.000928420455421630e+00,1.661875969389290386e+00
3.815894131099073494e+00,-6.000015356962232538e+00,1.462811328751651541e+00
3.793789237811012960e+00,-5.996063729437937972e+00,1.266274895759471386e+00
3.772844808994025634e+00,-5.990405446530332689e+00,1.103138663874574821e+00
3.752771028982732293e+00,-5.983906147712430901e+00,9.368790789983444389e-01
3.728874664856089982e+00,-5.961191325053417422e+00,8.173213032061303895e-01
3.753913813217071294e+00,-5.921447250283979002e+00,7.460357410269707890e-01
3.764139975590698572e+00,-5.885088803619711761e+00,6.476694147270342095e-01
3.772310582340273832e+00,-5.881636219953588984e+00,4.507705833052392808e-01
3.775197072212746807e+00,-5.880497012191409745e+00,2.261503854113788292e-01
3.777530097660104502e+00,-5.878341667394019865e+00,-1.844102044906181011e-03
3.780273092174186278e+00,-5.877289213103540355e+00,-2.180448302871943744e-01
3.781681155666732241e+00,-5.875822092000487551e+00,-4.722388525007425453e-01
3.783308793830371108e+00,-5.874902855916968036e+00,-6.662945359851529803e-01
3.785216844679975878e+00,-5.873269357529621537e+00,-8.844784032275075925e-01
3.787797295434651712e+00,-5.871486404652831226e+00,-1.074853566078072475e+00
3.790656827208815915e+00,-5.870323892120687503e+00,-1.262760936189000649e+00
3.796698305730489498e+00,-5.868739800932093686e+00,-1.523003616144766870e+00
3.802414164201665780e+00,-5.867937622455000835e+00,-1.805106840711442784e+00
3.807665479075065029e+00,-5.868506906210503971e+00,-2.001114145735037653e+00
3.813112336427853855e+00,-5.869219571468502039e+00,-2.231274722105483388e+00
3.792756043932306032e+00,-5.907430809628885449e+00,-2.260394198149654699e+00
3.793660757330833633e+00,-5.919393681299593979e+00,-2.255151838694100075e+00
3.802369010519383252e+00,-5.925199297601005277e+00,-2.296731555316525064e+00
3.801721860595139280e+00,-5.932139798110478424e+00,-2.142013684631869364e+00
3.752717453770772149e+00,-6.008525970923340509e+00,-2.151196749346291348e+00
3.698947195915994968e+00,-6.088283872552441522e+00,-2.153720723754487754e+00
3.647186788408615321e+00,-6.165944985600992467e+00,-2.152794609354285349e+00
3.592616828040871013e+00,-6.248418411974024700e+00,-2.151893057692790379e+00
3.535573542286071458e+00,-6.332557592934267454e+00,-2.150839786614239912e+00
3.478341970543600947e+00,-6.417026303297357792e+00,-2.149409344756891382e+00
3.421105507510562305e+00,-6.501226645453320963e+00,-2.087448793017884885e+00
3.386521731714164041e+00,-6.563549406214935544e+00,-1.900612942309177988e+00
3.375576307577407675e+00,-6.596182380448436966e+00,-1.710020148732692702e+00
3.370768897383483065e+00,-6.627627393081356288e+00,-1.515541278707992712e+00
3.373630800859700241e+00,-6.660390849840322147e+00,-1.305336349884439251e+00
3.382534861981248753e+00,-6.687347993078551767e+00,-1.120558595964468607e+00
3.396114203706198431e+00,-6.715680473573089060e+00,-9.626250752019112067e-01
3.377715106233853071e+00,-6.735924268238384194e+00,-8.519570928981354818e-01
3.390548617335336967e+00,-6.724868942150981965e+00,-5.378965994694929753e-01
3.400368518210687974e+00,-6.716625327539139434e+00,-2.918486244569319932e-01
3.410932836301782789e+00,-6.734661183227931502e+00,-1.716135233354917911e-01
3.410150140545105568e+00,-6.743016897858931991e+00,-1.365922117990988173e-03
3.410474146938055728e+00,-6.753211656354432435e+00,2.257106535622050991e-01
3.410231922115052328e+00,-6.763743004913776780e+00,4.343969720277605640e-01
3.419511371245819831e+00,-6.772709871413000293e+00,5.910811257941065433e-01
3.417694533893296693e+00,-6.777203114052405830e+00,8.615228841049740183e-01
3.415553292693676468e+00,-6.778993060134226312e+00,1.049294850345726449e+00
3.414690641076147060e+00,-6.780647228786282454e+00,1.283987213602625133e+00
3.412571730325040686e+00,-6.781202547827096971e+00,1.558256172459863809e+00
3.409765030523897789e+00,-6.780908304111453511e+00,1.758146441543071647e+00
3.407160033125176568e+00,-6.780319099394114701e+00,1.940541340676230408e+00
3.402797692388247697e+00,-6.780244099137232361e+00,2.145983840912244034e+00
3.396563857000069131e+00,-6.779326023973565540e+00,2.394664756608595013e+00
3.390430224293933037e+00,-6.770782483516128991e+00,2.572864657699691637e+00
3.380369256678213752e+00,-6.763448868088711485e+00,2.719213537066246467e+00
3.350991789550608058e+00,-6.743329119941328109e+00,2.597157297919375107e+00
3.336845283043211374e+00,-6.729596534807589236e+00,2.419796968467344822e+00
3.338905339596121902e+00,-6.730710906587959563e+00,2.192654149539848163e+00
3.346921991135446639e+00,-6.729366283417337335e+00,1.972900750505126366e+00
3.348299607926177757e+00,-6.729008853940809942e+00,1.787461582817462924e+00
3.345938957416693782e+00,-6.727795186167512931e+00,1.581748392516977741e+00
3.346193086393960847e+00,-6.724566033906186568e+00,1.370400908081544245e+00
3.345842347082139678e+00,-6.721502270840577609e+00,1.178851300557615778e+00
3.348569343166343693e+00,-6.713752782084032589e+00,9.876972699672034173e-01
3.363877624544056033e+00,-6.693642777914773134e+00,8.138233412673930856e-01
3.364365772408546729e+00,-6.689397541208271569e+00,6.227707756327379718e-01
3.364436922280732656e+00,-6.686517404819364074e+00,4.400528584287575207e-01
3.364271765895118449e+00,-6.684332826915296621e+00,2.634213487940419984e-01
3.363509161077379517e+00,-6.680632833988921604e+00,2.507171758010351068e-02
3.364173360497346277e+00,-6.677072473070440495e+00,-1.796438941824017865e-01
3.364627398164342420e+00,-6.673467882638150606e+00,-4.150950524725117718e-01
3.364104540870830995e+00,-6.670155307217290996e+00,-6.385940878565794510e-01
3.363805215264485060e+00,-6.667687920586358175e+00,-8.320295514371177648e-01
3.363417280723850933e+00,-6.664519816771757199e+00,-1.055317248339246561e+00
3.363697193481995029e+00,-6.661416059851038796e+00,-1.281088205547881831e+00
3.365680111694274501e+00,-6.659048700295271850e+00,-1.467621215917818134e+00
3.368552677882852286e+00,-6.656922578408118518e+00,-1.684145098669716623e+00
3.372502536757939318e+00,-6.655104584724509387e+00,-1.911285312755294674e+00
3.375789257794959752e+00,-6.654719142532178111e+00,-2.104263499588044706e+00
3.379376930690259684e+00,-6.655677803056815556e+00,-2.328293634636675158e+00
3.382898517089695467e+00,-6.657161083287549630e+00,-2.556603859820855362e+00
3.386441415416529654e+00,-6.658485733685108876e+00,-2.814981054311663566e+00
3.389736936468862094e+00,-6.659522275497698374e+00,-3.055190197296665300e+00
3.394133056932867820e+00,-6.675237599472099603e+00,3.031129309821577689e+00
3.393894315599476741e+00,-6.677479579735551951e+00,2.855271211761167827e+00
3.392896375910014584e+00,-6.680766471153853914e+00,2.615183274507419942e+00
3.392278657609060666e+00,-6.683930165894980568e+00,2.392697593651072818e+00
3.392769289878282191e+00,-6.685985530677492683e+00,2.217442141420681967e+00
3.374735344020989292e+00,-6.694980711940382356e+00,2.004702448185420316e+00
3.358104714959347259e+00,-6.701956478429434760e+00,1.800928347666243434e+00
3.357740768546767285e+00,-6.702982866790495819e+00,1.624034616014488508e+00
3.355362136701301345e+00,-6.703553900814381628e+00,1.383332310743697890e+00
3.352799399256405799e+00,-6.703070385062027903e+00,1.126432455246619169e+00
3.350467458333128867e+00,-6.699666499997956493e+00,8.993083426744802322e-01
3.349076695830940587e+00,-6.696788812396021306e+00,6.648063662354062320e-01
3.434019333156694831e+00,-6.639675954174879102e+00,5.729278440867665578e-01
3.521089005765024815e+00,-6.587251062677740521e+00,4.775922506120671707e-01
3.615310995486496370e+00,-6.545495298035691967e+00,3.383704538537323225e-01
3.691660356295475065e+00,-6.522568668115658497e+00,1.654672190808660626e-01
3.742026650191228487e+00,-6.516329237859488366e+00,2.776611253951589975e-02
3.843972119037907920e+00,-6.513571565805374775e+00,1.320611832762053767e-02
3.850249563154818144e+00,-6.511255769568016660e+00,2.090322400114081325e-01
3.957958151320065454e+00,-6.498034072992218135e+00,2.570813534028026925e-01
4.059751705907115316e+00,-6.473853427387513904e+00,2.512160309087839716e-01
4.160341653178631027e+00,-6.448956881366015637e+00,3.376196032403235292e-01
4.252701990642751007e+00,-6.406396824731602102e+00,4.946157912560905645e-01
4.343435471420408867e+00,-6.360559015211039835e+00,5.108329530103959959e-01
4.434532773231668834e+00,-6.311871202374717882e+00,6.369179106920682676e-01
4.515790623290221184e+00,-6.251009716043965270e+00,7.405174648799616177e-01
4.580210212927242175e+00,-6.195743398962176407e+00,6.702425832616103474e-01
4.553535090824663456e+00,-6.171790417861240385e+00,5.540513339487549427e-01
4.556618920252778260e+00,-6.170613210204878740e+00,3.345890647191637202e-01
4.558493089234924689e+00,-6.169068355284122340e+00,9.912943043346170158e-02
4.559670031468325391e+00,-6.168711556720458233e+00,-1.427216420591264356e-01
4.560720755209819011e+00,-6.167829293911979427e+00,-3.755246873535016405e-01
4.561084830598546525e+00,-6.167558277613667705e+00,-6.449507969031617050e-01
4.561750852127455680e+00,-6.166631084642229865e+00,-8.473633965488355235e-01
4.564281143462626034e+00,-6.166191126685449220e+00,-1.086967400123480587e+00
4.547209750502300807e+00,-6.174135354244904228e+00,-1.309793258473072708e+00
4.577603884150335922e+00,-6.174671397757809821e+00,-1.473957661726772672e+00
4.580420522711600384e+00,-6.175919609763520057e+00,-1.667797832797939028e+00
4.584724239278883395e+00,-6.177589019014979144e+00,-1.918964481307046333e+00
4.587094889000836950e+00,-6.178670010255629563e+00,-2.098587296209157849e+00
4.590989068654257821e+00,-6.182844928115885708e+00,-2.377408599744966544e+00
4.594437644405926058e+00,-6.186956523684639109e+00,-2.573840772698333446e+00
4.583389121602776228e+00,-6.202876236926248232e+00,-2.756752976053487458e+00
4.586804702287671454e+00,-6.207167750175313081e+00,-2.942272002343976567e+00
4.590398944232931377e+00,-6.217258389917703632e+00,-3.104168912606168895e+00
4.588372400117330052e+00,-6.225489969710432447e+00,3.008718643386226965e+00
4.588827310001160953e+00,-6.225157190510471672e+00,2.822696474939811573e+00
4.586005192196448199e+00,-6.230702036359234697e+00,2.647598329584408994e+00
4.586011899447375306e+00,-6.230921555839294967e+00,2.460664790326689388e+00
4.587515440468250993e+00,-6.230270602517000711e+00,2.275350526707041521e+00
4.578968904887130265e+00,-6.248549489187676720e+00,2.115131629529852120e+00
4.581787357096468227e+00,-6.248528726693766799e+00,1.934070735891804116e+00
4.584235133008064622e+00,-6.248463412885239876e+00,1.747789187411699086e+00
4.586297184918617376e+00,-6.248346732952710703e+00,1.562505172013640253e+00
4.587241683890836086e+00,-6.244921896441239184e+00,1.377567337331136788e+00
4.573430539913080572e+00,-6.231178001035673653e+00,1.209126448266062193e+00
4.574006047917819728e+00,-6.230750246522574365e+00,1.022023824397806369e+00
4.573573747638949527e+00,-6.228684586479208640e+00,8.393214543524524229e-01
4.572657775717087425e+00,-6.226923520584244365e+00,6.502695738345198873e-01
4.568925226822299734e+00,-6.221561505101225187e+00,4.618408582448739197e-01
4.562474707557410802e+00,-6.217052575995709596e+00,2.705806784952091149e-01
4.556253635090151022e+00,-6.214004507395070043e+00,7.129160506129658681e-02
4.550793209175755472e+00,-6.210033082015315564e+00,-1.260820422124314111e-01
4.559360617748430933e+00,-6.209462999644550507e+00,-3.305862362190301607e-01
4.554304483463342379e+00,-6.206452207241066610e+00,-5.307265615788859803e-01
4.549910458738123609e+00,-6.203103892059191438e+00,-7.347619718620422846e-01
4.565401662741760624e+00,-6.192369144238645262e+00,-9.393856030315415051e-01
4.553855485616282728e+00,-6.194230597962429030e+00,-1.166351500461104473e+00
4.554922569551870914e+00,-6.191974570740763184e+00,-1.354748382905789361e+00
4.555778365044546696e+00,-6.189276656258805964e+00,-1.534143560807559092e+00
4.557578047534610377e+00,-6.187457015709391328e+00,-1.709881178393993340e+00
4.560039388662464610e+00,-6.186861283117410792e+00,-1.887714574403179801e+00
4.562495875784748911e+00,-6.187639762607462401e+00,-2.072100798390869247e+00
4.551608169261036174e+00,-6.205096216733289261e+00,-2.197231781837372111e+00
4.492825321100517577e+00,-6.283738756662196501e+00,-2.180899558087491918e+00
4.432578474937351132e+00,-6.365586995807275272e+00,-2.266371904439808294e+00
4.352755216528396254e+00,-6.440338531744009387e+00,-2.433391032697225231e+00
4.315666665882302411e+00,-6.465352256944713716e+00,-2.475743043144130962e+00
4.227564789445602322e+00,-6.522882625591843286e+00,-2.503043886227135584e+00
4.152572628226301354e+00,-6.581505013261293335e+00,-2.311381055118083783e+00
4.120603666486384320e+00,-6.619091410590380420e+00,-2.108785602103368184e+00
4.096855701087624091e+00,-6.662508258105656722e+00,-1.897967947694684021e+00
4.082805628676898557e+00,-6.710131457392619403e+00,-1.686780546930780389e+00
4.078886623316192228e+00,-6.756670108412930809e+00,-1.484349827758987050e+00
4.084212014485794739e+00,-6.801529601129008284e+00,-1.282736095779222207e+00
4.089091302091596880e+00,-6.858815670109857265e+00,-1.143475412514932454e+00
4.114767408392186354e+00,-6.893873875786969307e+00,-9.514595108017719349e-01
4.150093295249418723e+00,-6.926576446781664842e+00,-7.438434101605259086e-01
4.199530061251308233e+00,-6.954908814938860928e+00,-5.229290420737748857e-01
4.226465052700008052e+00,-6.978105934447477843e+00,-4.786916805414919152e-01
4.298149664113865676e+00,-7.006019999053433089e+00,-6.158610006481783916e-01
4.308720922537676579e+00,-7.037491114262807379e+00,-5.023002285936087885e-01
4.335840061794166367e+00,-7.076369635744555353e+00,-3.892997078728397398e-01
4.344398483056718163e+00,-7.079227211542607812e+00,-1.977500926976552553e-01
4.354815351927807221e+00,-7.081011824709817049e+00,-2.957968800888571143e-02
4.455934010911764886e+00,-7.078253354140829678e+00,-5.962685347566182119e-03
4.560639673763978941e+00,-7.077660538006401936e+00,-1.699094931254035989e-02
4.585863690823466676e+00,-7.077894330029207204e+00,1.396068092481942413e-01
4.688686866800318320e+00,-7.062636372842270305e+00,1.843180920252059651e-01
4.758825158629194085e+00,-7.053859863652875539e+00,3.168350152675987741e-01
4.837144265813521748e+00,-7.011563298948067846e+00,2.291302181392537163e-01
4.900408123011688488e+00,-7.021355523290159439e+00,3.354000794480858083e-01
4.933714325779018139e+00,-7.019709572442249801e+00,5.010542225525139726e-01
4.922418943612701270e+00,-6.985951590032079217e+00,7.699364553624821195e-01
4.973926968433061369e+00,-6.955641154982651564e+00,7.771245261212974542e-01
5.002595162852453647e+00,-6.916726008465487574e+00,6.124972012287112078e-01
5.093927268375791684e+00,-6.868283644790984965e+00,6.083135520531399720e-01
5.162125234946069341e+00,-6.822758301489937338e+00,7.665377887325741657e-01
5.236243639325730115e+00,-6.739076935000125168e+00,8.798417091360154485e-01
5.289790147813367760e+00,-6.690615805756104706e+00,9.885970057747240913e-01
5.314719929618708427e+00,-6.689504807671698750e+00,1.116891835328698290e+00
5.316835142964895233e+00,-6.689786422806507815e+00,1.321661998368707458e+00
5.318771180313069280e+00,-6.691528102139761458e+00,1.526087557437890041e+00
5.321193541813483918e+00,-6.692142856518245253e+00,1.749470458613396895e+00
5.322753785852231800e+00,-6.691997823170148685e+00,1.928739226380134841e+00
5.324491875828461396e+00,-6.691640537378920506e+00,2.144151720216874946e+00
5.326052228081700868e+00,-6.691095251523725196e+00,2.355731427424462954e+00
5.327181429938858237e+00,-6.689775415640233369e+00,2.595546319219639742e+00
5.327565957029140264e+00,-6.688011990381284022e+00,2.811836818366088231e+00
5.327701673303899099e+00,-6.657810021005547974e+00,2.868163067270077526e+00
5.324643233329510394e+00,-6.657318233835943566e+00,3.052027127800230222e+00
5.318361540454137781e+00,-6.657837998838243010e+00,3.092730980913371397e+00
5.296578611470965647e+00,-6.658411011311697436e+00,2.931844946677224950e+00
5.295847461491925756e+00,-6.661167039819126501e+00,2.755176343933158023e+00
5.303156341517031080e+00,-6.656193925462538630e+00,2.561911682801701229e+00
5.280423406386680618e+00,-6.652349246136725291e+00,2.415394929777526567e+00
5.275322281953103598e+00,-6.632036433956170818e+00,2.591306492095451386e+00
5.274519059711805902e+00,-6.624792454426508215e+00,2.765775663599739254e+00
5.275274044338495116e+00,-6.624273843875357670e+00,2.977326864715867494e+00
5.274922157208424167e+00,-6.623660175630717184e+00,-3.128420727866486839e+00
5.274061085118682435e+00,-6.623723740544132710e+00,-2.939111061457920115e+00
5.272321945956321976e+00,-6.624210653642998992e+00,-2.734839992090606131e+00
5.270691345323324839e+00,-6.625080005123971993e+00,-2.538686941413896392e+00
5.270057881727820970e+00,-6.625377184660597329e+00,-2.344489764851275027e+00
5.268331963347864466e+00,-6.626963325524201309e+00,-2.144749437838592954e+00
5.222879927419014301e+00,-6.708490201180538293e+00,-2.051649331336015791e+00
5.134814298507878405e+00,-6.736474678661758198e+00,-2.200017971183325205e+00
5.108411702728398396e+00,-6.818191658277977574e+00,-2.255384388961348296e+00
5.046074242638892926e+00,-6.889401013029679888e+00,-2.258025974634231936e+00
4.979876438131030980e+00,-6.965159122041359119e+00,-2.256662653788012562e+00
4.919771252216324164e+00,-7.041711473171271329e+00,-2.254023889338048647e+00
4.864168310723148814e+00,-7.128377132648823000e+00,-2.285039990112765373e+00
4.809873850173435272e+00,-7.189271647242046370e+00,-2.475737706718287967e+00
4.755092684113620294e+00,-7.230751610706777299e+00,-2.645549972018827578e+00
4.679678563775303779e+00,-7.266995060023067943e+00,-2.856393027566416887e+00
4.612036081570779267e+00,-7.299814682858290382e+00,-2.963074099984096321e+00
4.536443928623254074e+00,-7.304732526113930646e+00,3.123487483776113738e+00
4.528273377262891586e+00,-7.326213608532350818e+00,3.013202864853995688e+00
4.508314748802144223e+00,-7.324638483410050860e+00,2.823648776619130274e+00
4.491053914993584861e+00,-7.321763399154272101e+00,2.641158821895111863e+00
4.480931399761320044e+00,-7.320417847203123607e+00,2.410153530102455921e+00
4.475823322897378276e+00,-7.320645482354112943e+00,2.210185978355992287e+00
4.471518255152874488e+00,-7.322609675896504910e+00,2.024257221410878493e+00
4.466685654846309639e+00,-7.323808330796246047e+00,1.821761341772162757e+00
4.459746987288268016e+00,-7.324767026568486550e+00,1.582610883158908299e+00
4.453973688681077903e+00,-7.325150299520096553e+00,1.407561354264243114e+00
4.446676175933840014e+00,-7.324826671553894109e+00,1.180202379264874812e+00
4.441068018412594576e+00,-7.315128543052025201e+00,1.029002822933072103e+00
4.442442809827458206e+00,-7.295297203168677136e+00,8.307593500937348052e-01
4.458946282561131014e+00,-7.267656344991126005e+00,6.693809807380692867e-01
4.457101905627475880e+00,-7.264841203822931526e+00,4.511908709937526574e-01
4.453855501988967625e+00,-7.262430436318141780e+00,2.459022126803791508e-01
4.449862575507048668e+00,-7.259509324554346499e+00,5.334221323106187740e-02
4.446053226038658934e+00,-7.256607784836652364e+00,-1.572753293766253058e-01
4.441931187665661085e+00,-7.253208894913880656e+00,-4.103930920716049591e-01
4.438668648376984827e+00,-7.250397900123858541e+00,-6.029661247832953652e-01
4.436034324625458325e+00,-7.247601251290131330e+00,-7.836210350493438836e-01
4.434079434301541944e+00,-7.244677891830971106e+00,-1.010556712128609425e+00
4.432244763310681179e+00,-7.241990744426439974e+00,-1.191648253724528317e+00
4.431092210559463673e+00,-7.237995488542759759e+00,-1.387258305126878755e+00
4.450786513277151357e+00,-7.252919986701728661e+00,-1.503682426512524373e+00
4.440651214609779629e+00,-7.248846967907041083e+00,-1.707336705944600075e+00
4.431512719551403912e+00,-7.244473825100889108e+00,-1.910808554782211788e+00
4.403396478896062227e+00,-7.328435802496712448e+00,-2.036235026207014798e+00
4.350223803487058838e+00,-7.412761396705851880e+00,-2.198972932730503871e+00
4.291412172212658582e+00,-7.491910254152780446e+00,-2.298179049887080438e+00
4.213784481483130229e+00,-7.572589866815824244e+00,-2.354538026027469311e+00
4.133306538078761250e+00,-7.643931463439686880e+00,-2.417924813956825236e+00
4.047487245965097458e+00,-7.713468797449211323e+00,-2.476146584281331720e+00
3.967342787492340594e+00,-7.775715411471018079e+00,-2.516258983887498690e+00
3.886177371602270725e+00,-7.834491309951372884e+00,-2.516128890209430313e+00
3.801969110236846472e+00,-7.893574890678549671e+00,-2.519075852133866977e+00
3.712204802731858155e+00,-7.952975854944967615e+00,-2.526507238943768385e+00
3.629171360189524798e+00,-8.012824468564776481e+00,-2.532416289156384170e+00
3.625204023025655253e+00,-8.023450010963232515e+00,-2.699020984465317241e+00
3.622788162874310824e+00,-8.022728044304800576e+00,-2.868317908002528949e+00
3.552540720501170757e+00,-8.040077586244112950e+00,-3.049138335107376196e+00
3.531883358552874608e+00,-8.041061407548841800e+00,3.050476245109217110e+00
3.509628838808860340e+00,-8.037892641720018716e+00,2.877838166335096926e+00
3.424631251959558753e+00,-8.010238942832978992e+00,2.713852657584590933e+00
3.417581239067638332e+00,-8.008172396852611286e+00,2.534524090577496391e+00
3.411072385986370747e+00,-8.005039665663785442e+00,2.357197331982650912e+00
3.404931139733406997e+00,-8.000452486211028003e+00,2.177717760364076049e+00
3.400047207841196961e+00,-7.995496512265374278e+00,1.998455864101811308e+00
3.394954576669004354e+00,-7.986484816200204229e+00,1.808817013445149557e+00
3.391452092260723195e+00,-7.978671508996032280e+00,1.632419530208589764e+00
3.389735028665184391e+00,-7.971941743752544163e+00,1.454976506315188045e+00
3.388761201820927216e+00,-7.964705134944230380e+00,1.275012034099632263e+00
3.389334036712454701e+00,-7.957505813270664419e+00,1.095654952649467218e+00
3.392384702832141663e+00,-7.948653101736569582e+00,9.123514338251511591e-01
3.398665925223731232e+00,-7.938591089465931283e+00,7.301850982892885700e-01
3.404399364979344256e+00,-7.931512002172059539e+00,5.519548466017377697e-01
3.417963657304456948e+00,-7.922347413263585381e+00,3.691320244800092576e-01
3.425478437815732136e+00,-7.908913067398336771e+00,2.129260527378299128e-01
3.435776566578215174e+00,-7.901380941242731382e+00,3.559923972971657663e-02
3.444147829720227261e+00,-7.906031951086556653e+00,-1.524173444526158716e-01
3.454881613866413126e+00,-7.914870711371071010e+00,-3.457834852024541661e-01
3.471899611045827339e+00,-7.919155743685203142e+00,-4.886978722172283240e-01
3.522765342940293198e+00,-7.916809344886185151e+00,-5.935191156823709235e-01
3.539604401771677900e+00,-7.929400754960163056e+00,-7.587971658140001407e-01
3.540425187121971629e+00,-7.929017744469425644e+00,-9.420197794625755350e-01
3.541807820866587520e+00,-7.928760250734725012e+00,-1.151451842385429192e+00
3.543244756498263204e+00,-7.929483480600271861e+00,-1.347592345335719699e+00
3.544643480509726441e+00,-7.930453295860325547e+00,-1.532587370878688793e+00
3.546289569310751233e+00,-7.932073715957748128e+00,-1.740928907109951407e+00
3.547686438501520989e+00,-7.933765326973074572e+00,-1.927092611463889327e+00
3.548011530366251609e+00,-7.936660593735238578e+00,-2.136280206520101199e+00
3.547998528937267970e+00,-7.939712718310897088e+00,-2.331847286578865308e+00
3.547554711182051346e+00,-7.942535632270575796e+00,-2.514965615619610073e+00
3.546281998191083584e+00,-7.945560682527986529e+00,-2.724925929054036633e+00
3.486956629210070435e+00,-7.966730982795803051e+00,-2.892715731045929051e+00
3.448710176325251453e+00,-7.974386065486569031e+00,-3.053842871946473192e+00
3.443624605942424921e+00,-7.975468094394274843e+00,3.050880382687616077e+00
3.436114844400894430e+00,-7.974953267865911855e+00,2.865553473409862217e+00
3.429698294347311993e+00,-7.973834569338312583e+00,2.704783190973722995e+00
3.400806127818930324e+00,-7.959652709018915751e+00,2.551689770819745462e+00
3.398342005622739581e+00,-7.958117956348611521e+00,2.372442309153313111e+00
3.398647342691485385e+00,-7.959482819797091935e+00,2.189803883254048511e+00
3.393444052922988341e+00,-7.950909867511817275e+00,2.047350497945520154e+00
3.349979038145873833e+00,-7.861215902374409481e+00,2.077158705185818466e+00
3.345223070407271404e+00,-7.850749142590204066e+00,2.253801054325701436e+00
3.323695274346774919e+00,-7.826005529554626250e+00,2.412259470211890466e+00
3.322338661898878609e+00,-7.823305542806256341e+00,2.590791887448663289e+00
3.319564037312911164e+00,-7.820576498693156964e+00,2.771607782082405880e+00
3.316019618129590896e+00,-7.817914249150541117e+00,2.884229810484562062e+00
3.294920959451689946e+00,-7.809219894649460869e+00,2.733284529647932004e+00
3.202056178708286627e+00,-7.768654472003741596e+00,2.733972031590537366e+00
3.118113770735666979e+00,-7.730962384904764839e+00,2.926521463785439980e+00
3.115633041836238348e+00,-7.728628879240903693e+00,3.138052952013543617e+00
3.112857305291999221e+00,-7.726296376986709014e+00,-2.957468166649119379e+00
3.109500577915996544e+00,-7.724645710619848060e+00,-2.745172503556120525e+00
3.107133802371943698e+00,-7.723073140089942612e+00,-2.501668246228791581e+00
3.104458444004545292e+00,-7.721677829537653359e+00,-2.320742852843237447e+00
3.101114043782532192e+00,-7.721410765915342367e+00,-2.100338648173213141e+00
3.098433396530869910e+00,-7.720993867449562842e+00,-1.849140975803566400e+00
3.095931641859725580e+00,-7.721969846836994833e+00,-1.603841092541864688e+00
3.093713590607070518e+00,-7.725895343030230400e+00,-1.387917486127279387e+00
3.093131782322985579e+00,-7.729554204198988643e+00,-1.190222120274537776e+00
3.093987715752072987e+00,-7.732333307597575534e+00,-9.559418465158142642e-01
3.094730564510062454e+00,-7.734041607452141420e+00,-7.791923404685606735e-01
3.096425292477610114e+00,-7.737218338109483895e+00,-6.034531416905186685e-01
3.180186679715418574e+00,-7.806931730981068185e+00,-5.749006057124874669e-01
3.269287530520892382e+00,-7.865603345977783434e+00,-5.839068878516951999e-01
3.361653407808268934e+00,-7.926743601074402790e+00,-5.945883564711822444e-01
3.454896970089507136e+00,-7.983955605612726103e+00,-5.842316560066475040e-01
3.526866029458388230e+00,-8.047716836000294194e+00,-4.492667159287617729e-01
3.528330325201793460e+00,-8.022148289631596541e+00,-2.065177954989164955e-01
3.542774907631948800e+00,-8.019147355775698927e+00,-3.458487350979633917e-02
3.590053532258908220e+00,-8.034896803948965882e+00,7.796014119007378673e-02
3.682840745598257914e+00,-8.027787926557708786e+00,6.960993150104544114e-02
3.699115880818131696e+00,-8.038748833393846382e+00,2.166527326089174588e-01
3.717783937836040220e+00,-8.039827189479128222e+00,3.921396442942686744e-01
3.704300972932479397e+00,-8.066692650023711053e+00,6.467682426378394966e-01
3.751174468225288550e+00,-8.024482655583064172e+00,7.430901201760121699e-01
3.784621620271600317e+00,-7.985082729243430322e+00,8.835527058060430594e-01
3.805158263738161128e+00,-7.953657605443452461e+00,1.053933513901100572e+00
3.816373663128250548e+00,-7.928976881291251111e+00,1.215491559029999724e+00
3.824687068827102188e+00,-7.900687599522814963e+00,1.385900359305986873e+00
3.827653326546150758e+00,-7.852279674071152904e+00,1.549542780507047635e+00
3.824284213222771456e+00,-7.869098546550497453e+00,1.649288492803403505e+00
3.822746412943934136e+00,-7.857144675059013039e+00,1.825671010195808908e+00
3.815814215478985361e+00,-7.827237314250750977e+00,1.756963084466611758e+00
3.822624666525916037e+00,-7.863173416492930556e+00,1.604360769081425664e+00
3.822122112138155448e+00,-7.841513852454544242e+00,1.395559775056452123e+00
3.821175036197070440e+00,-7.835390467200429754e+00,1.220608517448679375e+00
3.829888262956314904e+00,-7.809502734782655331e+00,1.047257659784050832e+00
3.845119012408484860e+00,-7.783133199399260960e+00,8.568941601538434538e-01
3.871017408521404857e+00,-7.756791780857451357e+00,6.614358881229990272e-01
3.899072076935107045e+00,-7.719545307542276191e+00,5.903637597586202101e-01
3.929067089817294356e+00,-7.709892502853985974e+00,6.226053262569211100e-01
3.939603459238369521e+00,-7.692470407167131263e+00,5.351779185103341385e-01
3.956242160768463023e+00,-7.712917831801681778e+00,3.790952281125537504e-01
4.001605384722722647e+00,-7.705039901712271266e+00,1.905702400648796035e-01
4.018360494455714971e+00,-7.703904655571668592e+00,1.805115801409162557e-01
4.011502618947543120e+00,-7.702514368978927273e+00,3.939790597310669495e-01
4.021266098234124620e+00,-7.716909974834766928e+00,5.253358497762665724e-01
4.019702153279850698e+00,-7.715471842423453630e+00,7.079290067821956134e-01
4.018978086316815634e+00,-7.713741309468940877e+00,9.134117524620983808e-01
4.018736937705546630e+00,-7.711235692812387299e+00,1.113251865647927330e+00
4.018071552357325160e+00,-7.708052866100781664e+00,1.297727336633515138e+00
4.017514755810629445e+00,-7.704758418407467779e+00,1.482058176522944803e+00
4.016624943433611428e+00,-7.700100030740594015e+00,1.682730788968358482e+00
4.015085213582686663e+00,-7.695742257338897829e+00,1.863936215203221280e+00
4.013260809672810403e+00,-7.689976523424562949e+00,2.035674011205719225e+00
3.960476074718080053e+00,-7.590315070973188583e+00,2.041862282997546796e+00
3.909035211749408045e+00,-7.490827621373673750e+00,2.040467020182374913e+00
3.858481443374956577e+00,-7.393312267687578654e+00,2.044196645510265142e+00
3.803488144207635369e+00,-7.292894691502485927e+00,2.088595746318794077e+00
3.744526958115903525e+00,-7.209668140455276486e+00,2.239307627829875802e+00
3.670774431165297447e+00,-7.135463592045995007e+00,2.421543247632420570e+00
3.615257879043221489e+00,-7.093588302561147252e+00,2.533737995956718336e+00
3.522412202997765807e+00,-7.036335652136739505e+00,2.629305666336230640e+00
3.425792573023725751e+00,-6.979282795641208459e+00,2.593744938016028012e+00
3.379870045476490059e+00,-6.952210309919832909e+00,2.407306232730302309e+00
3.344457669397502553e+00,-6.924402891636868951e+00,2.213076533803515211e+00
3.312309664105237417e+00,-6.897239575631196828e+00,2.034740232929962200e+00
3.300800600858230904e+00,-6.867194829226767716e+00,1.822040991311539404e+00
3.307151366004114301e+00,-6.839630330371599953e+00,1.623294452494474571e+00
3.310728242656054920e+00,-6.814783268816801076e+00,1.438439287101605180e+00
3.313979053092555027e+00,-6.811027023402678182e+00,1.513873487006243801e+00
3.313506764925263859e+00,-6.811424104962276793e+00,1.709117528595250901e+00
3.300660782153431061e+00,-6.812494530176432583e+00,1.910438991838125711e+00
3.297543078101944580e+00,-6.810998131660924493e+00,2.116324521601284481e+00
3.297782314996168918e+00,-6.808899691986664671e+00,2.290159255263633842e+00
3.297480103704461651e+00,-6.805482245517162632e+00,2.476975490198133123e+00
3.281317549293728320e+00,-6.792728040489044439e+00,2.652226282684076342e+00
3.192083126875973065e+00,-6.747214313153727439e+00,2.683786362693642680e+00
3.099176560056899454e+00,-6.700158093292622574e+00,2.683133510140352396e+00
3.008886801752761020e+00,-6.654543632847881085e+00,2.655760047235256494e+00
2.959311098707326337e+00,-6.624162209752193498e+00,2.494157839233253959e+00
2.959375622672955508e+00,-6.625864129940056912e+00,2.285636304406166719e+00
2.959538628473052491e+00,-6.627342328698751395e+00,2.096800012471810248e+00
2.958524420687009382e+00,-6.629197071428893473e+00,1.902453937642992310e+00
2.956742177734702270e+00,-6.630508612416135428e+00,1.652034716797570413e+00
2.954510050364052898e+00,-6.631262901080916095e+00,1.403882534343456001e+00
2.952378554431221769e+00,-6.631598787167556353e+00,1.210234605892612780e+00
2.949628915041365929e+00,-6.631135707217852726e+00,9.994364336633617674e-01
2.946558782141180721e+00,-6.629353214863461297e+00,7.346438210788712730e-01
2.944281991658950659e+00,-6.627579862764073404e+00,5.451215037487138204e-01
2.941226119050620369e+00,-6.624929512537176102e+00,2.403768527307943714e-01
2.939686497568288814e+00,-6.622750925004402767e+00,6.636394735276526791e-02
2.938303582343895215e+00,-6.620728010234024907e+00,-1.193470861796587373e-01
2.937283888868788662e+00,-6.618270572789693773e+00,-3.104002651902406651e-01
2.936173679759296551e+00,-6.615691744817106645e+00,-5.220333306124699257e-01
2.935663330845498020e+00,-6.612758669610344420e+00,-7.899659668387017941e-01
2.935981520843329751e+00,-6.610536149774413062e+00,-9.801467735393002423e-01
2.937274983642788495e+00,-6.607155608428550764e+00,-1.284187405261575377e+00
2.939519506678735628e+00,-6.604823925426172693e+00,-1.550794655794744514e+00
2.941285473307416076e+00,-6.603799992654844964e+00,-1.729814297241341281e+00
2.943569468469056094e+00,-6.602751328474215420e+00,-1.939253784457403373e+00
2.946262353585236138e+00,-6.602593582505614123e+00,-2.133942031109709259e+00
2.948422527447645436e+00,-6.602957348272205707e+00,-2.318516122596197881e+00
2.950625574066690682e+00,-6.603943489309457959e+00,-2.495766221290078413e+00
2.952951043552195287e+00,-6.605221087360927612e+00,-2.682303781980644342e+00
2.955110978019970247e+00,-6.606815171934696806e+00,-2.900012063227908943e+00
2.956290163840748164e+00,-6.608152388288928591e+00,-3.084971933663397170e+00
2.957837612316389642e+00,-6.609683430316496633e+00,3.024390466450222803e+00
2.958988255283954594e+00,-6.611650588578366516e+00,2.837752612754135484e+00
2.959641547542308793e+00,-6.613953736110105730e+00,2.624250714356692438e+00
2.960230512671709668e+00,-6.615619161576489660e+00,2.445720161289735461e+00
2.960019875376123100e+00,-6.617954209767495932e+00,2.255713822932093660e+00
2.958850582673836271e+00,-6.621582972632436892e+00,1.949814890246611032e+00
2.957221133936097868e+00,-6.622957436927447539e+00,1.775846227333486071e+00
2.955808631080177218e+00,-6.623733602238655038e+00,1.585868844529425115e+00
2.953544519075903096e+00,-6.624601227498869704e+00,1.395248352953076809e+00
2.951031806261193768e+00,-6.625162403363189512e+00,1.184136586664699786e+00
2.947859373390207871e+00,-6.624094895095929303e+00,9.183214510432834432e-01
2.945495431577500156e+00,-6.622589907101910534e+00,7.308998119235106117e-01
2.943163968057173729e+00,-6.620962234193562779e+00,5.569864169275586807e-01
2.940716444374438687e+00,-6.619107769696277899e+00,3.322959510751652412e-01
2.939483526410388237e+00,-6.617193424284940839e+00,1.586155981648867674e-01
2.938220110635741733e+00,-6.615004303968742505e+00,-3.210284841595104771e-02
2.936700928872638450e+00,-6.611696716839037258e+00,-3.363895387365570810e-01
2.935245720819090298e+00,-6.608372822205970110e+00,-6.042864117052414441e-01
2.935054640251746338e+00,-6.606157842922641521e+00,-7.968231165157265705e-01
2.935798056721241611e+00,-6.602488406935172804e+00,-1.101679669890911928e+00
2.937497137335824071e+00,-6.599849084489108009e+00,-1.366770502294581302e+00
2.939047021521679959e+00,-6.598079832665159294e+00,-1.553304726436259164e+00
2.941357325198052930e+00,-6.596846585342567515e+00,-1.755725622524426432e+00
2.943179068050688407e+00,-6.596040439800312072e+00,-1.934945385384104544e+00
2.945912599702067869e+00,-6.595788088597702270e+00,-2.177013487732395447e+00
2.949220870002323913e+00,-6.596600916048181773e+00,-2.439892667223247269e+00
2.951748747305701137e+00,-6.597993351302298137e+00,-2.664947252461205895e+00
2.953869196388466456e+00,-6.599454681983969451e+00,-2.895803825866561709e+00
2.956146705032775657e+00,-6.601461194344611094e+00,-3.141404261409690424e+00
2.957776959961330387e+00,-6.603413317741372524e+00,2.926157896364911970e+00
2.958666465027983694e+00,-6.605856656369762270e+00,2.694225998013716428e+00
2.959276499550720807e+00,-6.608645996387832788e+00,2.447263534984024158e+00
2.959185339761413402e+00,-6.611202458556524775e+00,2.229699591828819827e+00
2.958492401013743667e+00,-6.613668440860200448e+00,1.981249978475513540e+00
2.956970850767110193e+00,-6.615412566829538932e+00,1.766609065891391328e+00
2.954783525131456479e+00,-6.616585972769866153e+00,1.536823941553773443e+00
2.952150800707092237e+00,-6.617596066642440711e+00,1.319162547986348244e+00
2.949203950843362954e+00,-6.617915943577601823e+00,1.071759098111059183e+00
2.946597431573617865e+00,-6.616495679635767679e+00,8.443834080478864745e-01
2.943364720357846132e+00,-6.614348645863678655e+00,5.975754865744119515e-01
2.941399216429536612e+00,-6.612491847782614229e+00,3.821707161720023227e-01
2.939580328908927953e+00,-6.610083702979005160e+00,1.324005201477702620e-01
2.937974745881423377e+00,-6.607357430631211059e+00,-8.381055120342789655e-02
2.936892047464542799e+00,-6.604610465697516197e+00,-3.141277608970821644e-01
2.935981943718499743e+00,-6.602208589468474109e+00,-5.298339949395700632e-01
2.935146945579282018e+00,-6.599202710245910097e+00,-7.782782743114955437e-01
2.935220477527093585e+00,-6.596464991377663623e+00,-1.007231906429333357e+00
2.936160861181285942e+00,-6.593670736143737443e+00,-1.252902642804115452e+00
2.937471421458792253e+00,-6.591817634382478808e+00,-1.467117773877330222e+00
2.940229966566874076e+00,-6.590205993040936683e+00,-1.714110324458338663e+00
2.942686517383866107e+00,-6.588981639566689807e+00,-1.932636621905223562e+00
2.945283171037650582e+00,-6.588874842116703157e+00,-2.163909646324567060e+00
2.948546799025902221e+00,-6.589389905332986075e+00,-2.400534734360592282e+00
2.952003889657954350e+00,-6.589781648616496845e+00,-2.573674711784288860e+00
2.954256566791365834e+00,-6.596301808344892770e+00,-2.729554967182171055e+00
2.955198813200259789e+00,-6.597330263061369493e+00,-2.914890920942184938e+00
2.955280746994220831e+00,-6.600609009028531204e+00,-3.084011332101756153e+00
2.952635478581940198e+00,-6.577889938114354074e+00,2.913777931201102067e+00
2.953095232477751075e+00,-6.597501358850109909e+00,2.813170758939996130e+00
2.952696479571915944e+00,-6.598837661089221207e+00,2.630193089247301330e+00
2.907416818464023223e+00,-6.566727462404927884e+00,2.478200039818945211e+00
2.872802423305390818e+00,-6.532299761628046930e+00,2.338600318940343037e+00
2.871025583199382503e+00,-6.529738527494346911e+00,2.420306913487825451e+00
2.792578328176352098e+00,-6.457073827739493233e+00,2.393094205668202967e+00
2.715335352749139730e+00,-6.384744845781790801e+00,2.393008976891886519e+00
2.637198850452988186e+00,-6.311890657689622763e+00,2.393245218704110222e+00
2.557711440720753959e+00,-6.237671541558684751e+00,2.392650636156969046e+00
2.479432884159970651e+00,-6.164739282098411266e+00,2.392648347436588718e+00
2.396735342495890819e+00,-6.087506891269430120e+00,2.391779697667216986e+00
2.318381053395489833e+00,-6.014673011487917442e+00,2.393560928617614714e+00
2.244467890703720769e+00,-5.946416531932860572e+00,2.397999449007227390e+00
2.218385656360683633e+00,-5.935082527965748866e+00,2.265619022348432932e+00
2.217832144801954009e+00,-5.935379776450186107e+00,2.082866490712564467e+00
2.194774003164885467e+00,-5.881645796871849186e+00,1.936872821093496455e+00
2.193511240017073316e+00,-5.876588377141754194e+00,2.072397951642524383e+00
2.189887847655762165e+00,-5.870357279515294735e+00,1.943492987045332354e+00
2.156361636635654389e+00,-5.774821954679811853e+00,1.785005895638182016e+00
2.148528433754706146e+00,-5.711427735931994931e+00,1.617353577334724291e+00
2.153171529409215523e+00,-5.649192199250903101e+00,1.435002293931425088e+00
2.169251597239160390e+00,-5.585975151416836759e+00,1.250144904688943237e+00
2.184086059794614343e+00,-5.549381474621317700e+00,1.205729254272285278e+00
2.184920683915054784e+00,-5.547620691726620201e+00,1.391017799076651906e+00
2.186259182210282148e+00,-5.545851796386439325e+00,1.588285900947960405e+00
2.187235814283459145e+00,-5.543784296043916981e+00,1.769023171169362696e+00
2.178460684593332974e+00,-5.515888283485815613e+00,1.925696666865978068e+00
2.168026630432354995e+00,-5.471012385307669312e+00,2.080806063338669798e+00
2.141876305560495464e+00,-5.440366850363209217e+00,2.274677587288389091e+00
2.122634591056001163e+00,-5.429285231378765175e+00,2.474742666451011264e+00
2.076533593767865060e+00,-5.403159324280064624e+00,2.621918141066557961e+00
2.034105901344483769e+00,-5.387493914899931013e+00,2.809307159103509033e+00
1.953125578144648822e+00,-5.353682895797531316e+00,2.899420168670837850e+00
1.859698043150781466e+00,-5.327100516559058363e+00,2.898819202470224621e+00
1.811054997446830850e+00,-5.314296989261352522e+00,3.051655421556678238e+00
1.809022050443925167e+00,-5.311374112458768337e+00,-3.058025248527362905e+00
1.807737171247335795e+00,-5.309275108235661733e+00,-2.867090797321915741e+00
1.806039805378058416e+00,-5.307186071693541507e+00,-2.693028952154239875e+00
1.804151849802394070e+00,-5.305767509868408283e+00,-2.518635202731000167e+00
1.784679206181814859e+00,-5.317343937157858136e+00,-2.347394486047149620e+00
1.738460568689698560e+00,-5.367906095579020764e+00,-2.207325202830099364e+00
1.697582694438345419e+00,-5.416032712281467099e+00,-2.057197643340737070e+00
1.681023960555001695e+00,-5.457212618607711896e+00,-1.863409283769295932e+00
1.676032599287678559e+00,-5.500833780915495019e+00,-1.664578378953934790e+00
1.672494064309783424e+00,-5.523345030089093832e+00,-1.485640211922413467e+00
1.666026829291524347e+00,-5.524570756526574478e+00,-1.332362221639724620e+00
1.658514989850651489e+00,-5.525515437547608322e+00,-1.177296787633585584e+00
1.657866035077784073e+00,-5.527471859244495356e+00,-9.823359144822432221e-01
1.657616115908508547e+00,-5.529139103457347382e+00,-7.803326443559392978e-01
1.657903341177695333e+00,-5.531045873355535214e+00,-5.564265374020909150e-01
1.658212696612463954e+00,-5.533062693832623502e+00,-3.442741250463133840e-01
1.659130452301013525e+00,-5.535302034508832847e+00,-1.161669234270516077e-01
1.660422136380040881e+00,-5.537261417712688427e+00,6.886938921139490466e-02
1.662502214634681286e+00,-5.539975223836599127e+00,3.320956326427501604e-01
1.665245608659563947e+00,-5.542209312379816843e+00,5.853436678117699410e-01
1.667462056653877811e+00,-5.543394853046355486e+00,7.910963660921147556e-01
1.669736519327752911e+00,-5.544197161772735249e+00,9.825039166270390645e-01
1.671989119771886800e+00,-5.544488496201354977e+00,1.166048642587003581e+00
1.673976333019639773e+00,-5.544006431387978218e+00,1.344943990473140616e+00
1.675988143783136985e+00,-5.543052861298312983e+00,1.555602154440301810e+00
1.677517742902479014e+00,-5.541751208031283404e+00,1.746554634699349684e+00
1.678472738682546650e+00,-5.540254835987984627e+00,1.931182837785285766e+00
1.679405711574367688e+00,-5.538346454599802904e+00,2.112032491395342326e+00
1.679529660326831264e+00,-5.535809861055488668e+00,2.325962615732278582e+00
1.679212781587311909e+00,-5.533806516696646582e+00,2.516831593932231659e+00
1.678736795372653301e+00,-5.530997200497507649e+00,2.712896959466814195e+00
1.677703450826019349e+00,-5.528638782213893599e+00,2.976215040934536038e+00
1.676316039620764586e+00,-5.526540676127550178e+00,-3.096038022740063678e+00
1.674413757141138381e+00,-5.524911419690968550e+00,-2.904361842542198424e+00
1.671514783233784440e+00,-5.522940103455828975e+00,-2.663816776974397449e+00
1.613308729979681111e+00,-5.558497431693729673e+00,-2.495419014799412416e+00
1.590373066568673943e+00,-5.576689617169265922e+00,-2.309187690167608498e+00
1.575419603287747439e+00,-5.593043107439169326e+00,-2.124245952670156701e+00
1.563784523753412259e+00,-5.612047231844969453e+00,-1.936920230393121667e+00
1.545294217657655400e+00,-5.632282750624828971e+00,-1.786574695721027561e+00
1.540512966368210002e+00,-5.653689588633741714e+00,-1.601996283848102332e+00
1.539724583340095432e+00,-5.675531135646834535e+00,-1.417628896232143276e+00
1.542802954668225368e+00,-5.697186014336706350e+00,-1.233180112101468495e+00
1.549922048912581785e+00,-5.717576965276839118e+00,-1.048473627559232790e+00
1.560495420458470228e+00,-5.736665024849969541e+00,-8.631563780924065288e-01
1.574299048395147560e+00,-5.752942404807172672e+00,-6.798538746509322772e-01
1.590916936858394193e+00,-5.766414594730366439e+00,-4.950467343851291946e-01
1.609835125514549103e+00,-5.776796968614426930e+00,-3.099074460898871286e-01
1.630264583187631233e+00,-5.783659679755673189e+00,-1.255894490378813566e-01
1.651584391786522499e+00,-5.786334382011741440e+00,5.986244634739897735e-02
1.673036415485873007e+00,-5.785184167910868425e+00,2.443888612715569286e-01
1.693777022428699652e+00,-5.780031928307543865e+00,4.292481867474630119e-01
1.713555488478203825e+00,-5.771224720939107655e+00,6.152644581146660130e-01
1.731035812709299959e+00,-5.758908364076622988e+00,7.992329228505624661e-01
1.745902706195636922e+00,-5.743699057868053792e+00,9.815909695622089259e-01
1.757384789255217905e+00,-5.725569360530780472e+00,1.167624357963815473e+00
1.764947005568126670e+00,-5.705625223602940110e+00,1.353631660264297043e+00
1.768828757154369935e+00,-5.684959469918888786e+00,1.536696271192337315e+00
1.772594061773155927e+00,-5.662132157454192516e+00,1.712603710892066866e+00
1.764409402533999804e+00,-5.642670069127670551e+00,1.909484089039614085e+00
1.755864664716765944e+00,-5.622540763920669704e+00,2.095188947241881650e+00
1.745779794399810347e+00,-5.603106931028832172e+00,2.276611866295954911e+00
1.731187340631648031e+00,-5.586140215086603078e+00,2.459048539500465758e+00
1.714023159787470663e+00,-5.571133223870093687e+00,2.639644048111231989e+00
1.694300303819186615e+00,-5.559130078377154227e+00,2.824237642066228293e+00
1.673316169475892679e+00,-5.550718438240590302e+00,3.005680853490394711e+00
1.650980601974116224e+00,-5.545836114241077475e+00,-3.096398022480290280e+00
1.628575181951385398e+00,-5.544771292216725378e+00,-2.914815960044506493e+00
1.606868851216836314e+00,-5.547870828678779453e+00,-2.734020177420873221e+00
1.585919108732302130e+00,-5.554759950340524277e+00,-2.551615719570071050e+00
1.567213276446812076e+00,-5.564957641979644265e+00,-2.369627465455417692e+00
1.551121602254435849e+00,-5.578194632876469328e+00,-2.188428992925200323e+00
1.537919931297170306e+00,-5.594030378768687584e+00,-2.005642044355008480e+00
1.521779357967967705e+00,-5.613275968783105085e+00,-1.842654613280438447e+00
1.514479092598063792e+00,-5.634715692883623284e+00,-1.667452111602933273e+00
1.511838458783610006e+00,-5.658395481612946476e+00,-1.485877691819085689e+00
1.513581924256865552e+00,-5.681669445970039867e+00,-1.302650356130342413e+00
1.519803295586397152e+00,-5.704017190992671793e+00,-1.118851274421521103e+00
1.511722772507353207e+00,-5.725474104564112210e+00,-9.885926210582691720e-01
1.524983196448706835e+00,-5.744731475445048474e+00,-8.016107487454360303e-01
1.541092141727785636e+00,-5.760962329168300755e+00,-6.157428424062807437e-01
1.560184934044906546e+00,-5.774734994722673598e+00,-4.278351217151126762e-01
1.581493796061015811e+00,-5.784995506056429093e+00,-2.400925962690592941e-01
1.603695742618779230e+00,-5.791259621607331098e+00,-5.397854358423602450e-02
1.626642597161713777e+00,-5.793563980284471171e+00,1.332205783307657265e-01
1.649527707444484736e+00,-5.791925414194685651e+00,3.215114665640380065e-01
1.671281640535356994e+00,-5.786209978769548457e+00,5.090448263526887729e-01
1.691612003523848218e+00,-5.776730865592343278e+00,6.973926604567219911e-01
1.709759987336745946e+00,-5.764128186331941350e+00,8.847578097874595482e-01
1.724836198813732846e+00,-5.748594414643167561e+00,1.072760784709427151e+00
1.736510929675125992e+00,-5.730496709838663882e+00,1.261561697885295041e+00
1.743936155569590918e+00,-5.711083588374572528e+00,1.449578773928440700e+00
1.752248523697180094e+00,-5.688838067746272209e+00,1.624073322972076294e+00
1.756450273661636974e+00,-5.666515679408758999e+00,1.800036692736965538e+00
1.754094369066192094e+00,-5.646066445336558104e+00,1.983082021541457296e+00
1.749215707404259357e+00,-5.627096150836961463e+00,2.164496302542988193e+00
1.744127918503710850e+00,-5.609109890484763383e+00,2.340392273985619553e+00
1.736553563156603586e+00,-5.593603348788049878e+00,2.512704496778427554e+00
1.718324328867376627e+00,-5.584841351691752998e+00,2.707066775759518595e+00
1.697886281303661926e+00,-5.579413013818437683e+00,2.902227582385089377e+00
1.676685055736492513e+00,-5.572953877685934643e+00,3.086547560413864133e+00
1.655001125083392699e+00,-5.570495880170970970e+00,-3.011810937797027687e+00
1.633489186629194956e+00,-5.572273485568902451e+00,-2.825725729882487602e+00
1.612768966200795129e+00,-5.577829022113859558e+00,-2.642052182508246805e+00
1.593549928030092211e+00,-5.587197950728017837e+00,-2.454637715288012334e+00
1.566498981722000305e+00,-5.610345502440914345e+00,-2.267053155788872232e+00
1.542714803038848892e+00,-5.640302580000872368e+00,-2.086810134131167782e+00
1.508206369547754333e+00,-5.674524390293351317e+00,-1.954324841175298477e+00
1.495872729612863994e+00,-5.708860963572886860e+00,-1.777108332119110568e+00
1.489887822885244129e+00,-5.746799197882892507e+00,-1.591764314107193323e+00
1.490721559331983137e+00,-5.784865568761692778e+00,-1.409901471717970978e+00
1.498396257584570845e+00,-5.821126429858905382e+00,-1.228555328326775609e+00
1.513045338190029510e+00,-5.856528688560450391e+00,-1.046088980487583031e+00
1.532745147410419673e+00,-5.887066002152391064e+00,-8.663560356096023929e-01
1.558327795204458965e+00,-5.913585908501523214e+00,-6.869056691765832445e-01
1.588623900463227212e+00,-5.935442967143886861e+00,-5.005990105294659820e-01
1.621966162066692974e+00,-5.950768997300880159e+00,-3.229429092551532876e-01
1.658683094413684778e+00,-5.960212670694073012e+00,-1.376886830281321694e-01
1.696275222993235188e+00,-5.962588210931717647e+00,4.466841738638002712e-02
1.733146398965527357e+00,-5.958174463478417948e+00,2.245890673463595277e-01
1.770216797340531389e+00,-5.947029118333449382e+00,4.075395236747336170e-01
1.783440545478721884e+00,-5.942061856402038877e+00,5.906725887703692113e-01
1.784680385533750080e+00,-5.943195803871236471e+00,7.740541055873216836e-01
1.786124638171088908e+00,-5.943683414792070074e+00,9.604462468009592468e-01
1.787536072714836388e+00,-5.943653064009004616e+00,1.137041251902998651e+00
1.788629182006999496e+00,-5.942961489736974912e+00,1.312951039205613624e+00
1.790288707918386901e+00,-5.941913496421029173e+00,1.515245040659076281e+00
1.791792803662442646e+00,-5.940933265391760365e+00,1.692623486565665525e+00
1.793146954544054150e+00,-5.938694282722986273e+00,1.931411665209369133e+00
1.793674911803623928e+00,-5.936586255773746323e+00,2.112624080714396335e+00
1.793571302960736968e+00,-5.934310351319328269e+00,2.288243864889622614e+00
1.793425230000924575e+00,-5.931988117567990493e+00,2.484684810748612360e+00
1.792955605351627568e+00,-5.929418177380490818e+00,2.693469587454659031e+00
1.792024418894405446e+00,-5.927206081594682097e+00,2.875819032329095748e+00
1.790659100060774778e+00,-5.924856513043124551e+00,3.084391110153009041e+00
1.788919137118862634e+00,-5.922865012804446216e+00,-3.016795253973502344e+00
1.786885823612231805e+00,-5.920534715771457179e+00,-2.807853331671994468e+00
1.777571402850282700e+00,-5.921639891696483637e+00,-2.654630256855152748e+00
1.684673396214014351e+00,-5.970593916805112755e+00,-2.653760508391018735e+00
1.589786252212392670e+00,-6.020989703990821340e+00,-2.652340360772023509e+00
1.577138037407930682e+00,-6.025262754313668090e+00,-2.476855174475321775e+00
1.574933600512047116e+00,-6.023818572780839986e+00,-2.279456087219300819e+00
1.572343138751673974e+00,-6.023053695882373049e+00,-2.069133032280994211e+00
1.564062659050528437e+00,-6.022736130695749424e+00,-1.902978792346056158e+00
1.567982567620536116e+00,-6.023679948802230122e+00,-1.674943351286775517e+00
1.568440124110989320e+00,-6.028073078023957976e+00,-1.492210979655330894e+00
1.554622879344870201e+00,-6.113440519032584675e+00,-1.384014058791921187e+00
1.575379745750659088e+00,-6.168014454667543056e+00,-1.185293821951073800e+00
1.603288542195527411e+00,-6.187647420867452119e+00,-1.218309847339939411e+00
1.592089254402982101e+00,-6.222024340997373670e+00,-1.108580379200731825e+00
1.638292151377271688e+00,-6.318484050450076772e+00,-1.103446969953617129e+00
1.684322344540689631e+00,-6.413501747004219489e+00,-1.099539383749626564e+00
1.732410101327304552e+00,-6.509765208604047615e+00,-1.094716118793908510e+00
1.743177779753292356e+00,-6.531938041544952611e+00,-1.279165651711294815e+00
1.744842079566766735e+00,-6.533238766228482319e+00,-1.452470228686870701e+00
1.746878671657771775e+00,-6.534283127100163568e+00,-1.684113196113696809e+00
1.749236854882751047e+00,-6.535457940099031582e+00,-1.874678184726033647e+00
1.758495110422924945e+00,-6.543583266777797114e+00,-2.057601446019470259e+00
1.763882166257964901e+00,-6.550317299447225849e+00,-2.247334497310139678e+00
1.759674215460505176e+00,-6.545512274692386612e+00,-2.437469732050002502e+00
1.761460126147594618e+00,-6.547642456950582002e+00,-2.663991673641864288e+00
1.763187424287287586e+00,-6.550681451325155003e+00,-2.933618651320548221e+00
1.763899405907859874e+00,-6.553910247806348899e+00,3.101197021433923062e+00
1.764492752155346178e+00,-6.556894671763722648e+00,2.914186415641522032e+00
1.765061109954490393e+00,-6.559448716818453207e+00,2.708684222528203289e+00
1.764953413631618950e+00,-6.562042193427206627e+00,2.523373772540131288e+00
1.764868992455584040e+00,-6.566020212376906251e+00,2.256205816618480409e+00
1.763794191417679569e+00,-6.568553395782110726e+00,2.069596190775874867e+00
1.762132443478236832e+00,-6.571402924370150167e+00,1.857287088509623318e+00
1.760226715577659862e+00,-6.573701969925383359e+00,1.671063141981799394e+00
1.758033766346249971e+00,-6.575512642249690565e+00,1.497511865909946005e+00
1.755325581180369410e+00,-6.576982202088603735e+00,1.311590567159235832e+00
1.752196983519908047e+00,-6.577591163404383323e+00,1.097567337395197296e+00
1.748963086432274050e+00,-6.577741862416672802e+00,9.123795334688974412e-01
1.746295774633233711e+00,-6.577419950575012386e+00,7.383631502457604912e-01
1.743089347044652238e+00,-6.577264485103160752e+00,5.586223005645706285e-01
1.740050676795436679e+00,-6.576499342256351355e+00,3.582319704263810523e-01
1.737178812128884919e+00,-6.574925004377992543e+00,1.155690419189454032e-01
1.734546151987387486e+00,-6.573420728788754275e+00,-1.296388611275628988e-01
1.732590673057202935e+00,-6.572362286234973539e+00,-3.091647516222036374e-01
1.730764266521222394e+00,-6.570558296966264145e+00,-5.328654020557370696e-01
1.729449793125651613e+00,-6.569085403658379896e+00,-7.548245220586816684e-01
1.728651658067372532e+00,-6.567618115372130028e+00,-9.958323476166478505e-01
1.728841945300556349e+00,-6.566457351003820442e+00,-1.201339527218764136e+00
1.729347205975529267e+00,-6.565779385110030120e+00,-1.404678586545443419e+00
1.730480745650132324e+00,-6.565367172623814085e+00,-1.610654085291782334e+00
1.731406397646806372e+00,-6.565832646175496556e+00,-1.795386850600706019e+00
1.728079815074750947e+00,-6.569829411826757060e+00,-1.762868745676340110e+00
1.724849253559341378e+00,-6.572472249969028901e+00,-1.581189046659273734e+00
1.721948528280529578e+00,-6.575720558097839508e+00,-1.388837330596499164e+00
1.719269564347783996e+00,-6.578235071147403801e+00,-1.203823723922200273e+00
1.716404851154507583e+00,-6.582384406144212718e+00,-1.030190344659553947e+00
1.769291552879221463e+00,-6.669334859774303403e+00,-8.947249501895935264e-01
1.834390973974080907e+00,-6.747293452423869908e+00,-7.741592897183592337e-01
1.927423681311959625e+00,-6.809527773101188508e+00,-7.504326002444234867e-01
2.006518405600453026e+00,-6.880839257371528461e+00,-7.518663534130037851e-01
2.062665726122256959e+00,-6.896514659773470335e+00,-8.646021783260590121e-01
2.049616817221973974e+00,-6.908484190713738649e+00,-1.104378793026708161e+00
2.051086153643704169e+00,-6.906641096923491041e+00,-1.284977668636781978e+00
2.053609110631583246e+00,-6.905229772392224241e+00,-1.469209790933524440e+00
2.056300561503331181e+00,-6.903672109357354536e+00,-1.671223033378800293e+00
2.059168977270892764e+00,-6.902824980222984408e+00,-1.853072754688793067e+00
2.062423868726920517e+00,-6.902383998791679964e+00,-2.046018403709096933e+00
2.065425643606801032e+00,-6.902514072348819418e+00,-2.223438306097746064e+00
2.068368867798180410e+00,-6.902548592856033061e+00,-2.408365584820235661e+00
2.071364130973238460e+00,-6.903008936051711508e+00,-2.597586339069357653e+00
2.074048518977018585e+00,-6.904218673918573579e+00,-2.778741222559327984e+00
2.076631052962228274e+00,-6.905537847698258958e+00,-2.975889704258933399e+00
2.076565857052682595e+00,-6.909780136325882616e+00,3.136492479038469838e+00
2.074930727925417440e+00,-6.917832437853310701e+00,2.968247792577948907e+00
2.075500630310076478e+00,-6.919666467692977996e+00,2.793335133617762533e+00
2.078302185316994954e+00,-6.915101182840114546e+00,2.607149143378578060e+00
2.079711838379794564e+00,-6.913931933798590279e+00,2.425670985675042690e+00
2.073503200314609884e+00,-6.930886918038934752e+00,2.251812686824449017e+00
2.073579103948237634e+00,-6.931537388525475407e+00,2.048973168497350894e+00
2.073570866935562584e+00,-6.932070089307358352e+00,1.845023595043269626e+00
2.072987105545644582e+00,-6.932326194968566391e+00,1.666088941162227055e+00
2.072309095390004519e+00,-6.932366895638897297e+00,1.465808088259194619e+00
2.071166001800159862e+00,-6.932017197083788496e+00,1.272806421772143315e+00
2.070123774709456299e+00,-6.931206606759596767e+00,1.090385760226175282e+00
2.069151023854875149e+00,-6.929973151366924711e+00,9.123130826417071848e-01
2.067807582366858021e+00,-6.928414361754872353e+00,7.095071762792326542e-01
2.066366091633176527e+00,-6.926132421226621538e+00,5.099556583211970473e-01
2.065361792140642638e+00,-6.923777109095145654e+00,3.307311770713716736e-01
2.064683375470388604e+00,-6.920988161027767482e+00,1.541643722698055607e-01
2.064016596478474685e+00,-6.918235630953923021e+00,-2.273242124491597904e-02
2.063684701419135958e+00,-6.915729512617261321e+00,-2.036341996091167450e-01
2.063473548227371168e+00,-6.913173642235737937e+00,-3.841931394415429857e-01
2.089812182962875742e+00,-6.923655081845397241e+00,-4.535330255244297559e-01
2.120303301357030712e+00,-6.930180625368474345e+00,-4.819857272457676034e-01
2.135519813398979672e+00,-6.939390843163979028e+00,-6.559202624896932621e-01
2.218180808821751171e+00,-7.001635935256916632e+00,-6.713909482088826763e-01
2.299949674684847789e+00,-7.062234215978342888e+00,-6.763298633720919995e-01
2.365948027345083915e+00,-7.075420868162746402e+00,-8.080672735960247044e-01
2.347574511693172994e+00,-7.084472997412994744e+00,-1.033494563729978610e+00
2.343410620613118667e+00,-7.084051495725137038e+00,-1.242993027668043871e+00
2.349220826953869246e+00,-7.078638503083723776e+00,-1.445029129026052184e+00
2.348877937461741894e+00,-7.078125549561784524e+00,-1.623254545283313144e+00
2.349328327996642596e+00,-7.077497230896167224e+00,-1.844872440404870417e+00
2.349922389688704261e+00,-7.077468821038794822e+00,-2.062755871014574360e+00
2.350634756110492773e+00,-7.078225702560501986e+00,-2.262507192605868411e+00
2.351703344799470852e+00,-7.079166834636832384e+00,-2.449531086167126226e+00
2.352137042503132935e+00,-7.080664021022788468e+00,-2.658470439631152260e+00
2.352882311705668084e+00,-7.082949461892507514e+00,-2.886173628322585394e+00
2.352871358611697605e+00,-7.085330964781889840e+00,-3.086493519659564200e+00
2.352700439602919857e+00,-7.087646294935331603e+00,2.997041890620376403e+00
2.352025439663397943e+00,-7.090314760268216610e+00,2.766663438300433153e+00
2.351604668208005844e+00,-7.092896795537837029e+00,2.551943750253338195e+00
2.350501452336252406e+00,-7.095616912594964631e+00,2.323250311527700340e+00
2.348860267247186773e+00,-7.098041945865862345e+00,2.123945731785583657e+00
2.346238870342563843e+00,-7.100664640200428757e+00,1.896454925559504456e+00
2.343107814001235578e+00,-7.102564087621251687e+00,1.681264767246522407e+00
2.340317741453457057e+00,-7.103880195152603605e+00,1.482154899980034468e+00
2.336828769410955964e+00,-7.105054830252205633e+00,1.282475182401105362e+00
2.332626505040853004e+00,-7.105968279763244411e+00,1.091659455645391352e+00
2.329942947547988030e+00,-7.107039052306350690e+00,1.243815501019545744e+00
2.328533670703448077e+00,-7.106930358331305264e+00,1.366450735348898160e+00
2.324215325010546618e+00,-7.107922126156108966e+00,1.171113017842004833e+00
2.319948441781359616e+00,-7.108281198073590268e+00,9.630993202602953218e-01
2.315777744567160124e+00,-7.108248070035148913e+00,7.742764873446505991e-01
2.311635702500653977e+00,-7.107876711404226278e+00,5.606959787688656771e-01
2.307719442305483426e+00,-7.107302886411869025e+00,3.589815901629805905e-01
2.304029612461969911e+00,-7.106191628752457135e+00,1.696171687778807169e-01
2.300844396244542622e+00,-7.105323869612531595e+00,-1.337097545946034152e-02
2.297946460423812454e+00,-7.103978241146782224e+00,-2.038776422937262911e-01
2.295274152284157765e+00,-7.102815353939250009e+00,-3.901969296458940861e-01
2.318301807081387889e+00,-7.089601352505686904e+00,-3.194774004153483338e-01
2.351978055699642578e+00,-7.101623528713350453e+00,-1.972634494623402845e-01
2.356160884597187088e+00,-7.101974028759599378e+00,-3.889455603549281659e-01
2.358909027638612432e+00,-7.102336955691698428e+00,-5.812801962123625987e-01
2.361366849602000606e+00,-7.102157339263442282e+00,-7.615240630092949825e-01
2.366757374878692755e+00,-7.104998562168488796e+00,-7.148176576816189787e-01
2.374210605319134082e+00,-7.109897549961680774e+00,-5.476817900900039504e-01
2.378726051381829798e+00,-7.110485161570496260e+00,-6.736771845184734708e-01
2.377096306268212444e+00,-7.111139537463118998e+00,-8.679780110548561689e-01
2.370405387093769800e+00,-7.113818807961782120e+00,-1.060464543776237445e+00
2.419323672250268675e+00,-7.195165397614977643e+00,-1.088426706983129932e+00
2.449136100290005835e+00,-7.205733636487601679e+00,-1.248874614455784515e+00
2.450020012804960956e+00,-7.204079066010567800e+00,-1.442211502753255381e+00
2.451006280269440563e+00,-7.202381767122525424e+00,-1.636498444590676282e+00
2.453309660372130718e+00,-7.201335241327330827e+00,-1.845581165322417894e+00
2.454995812144614042e+00,-7.200972717199781492e+00,-2.030416266132231584e+00
2.457229737070305120e+00,-7.201304852372513388e+00,-2.223948761999061663e+00
2.459066711372779324e+00,-7.202414769745006495e+00,-2.449689967691977444e+00
2.461349990449580805e+00,-7.203486231531899264e+00,-2.668564210454078545e+00
2.463575853801952764e+00,-7.204778604662140040e+00,-2.898020096293871806e+00
2.465169366746747137e+00,-7.206080506084749260e+00,-3.113416219201959212e+00
2.466290439160860881e+00,-7.207871315394575262e+00,2.941442034365276736e+00
2.467390923488006038e+00,-7.209434737585695530e+00,2.724973562431593166e+00
2.393472136861791721e+00,-7.165887027708261137e+00,2.546141351320128088e+00
2.364290286153718501e+00,-7.139609237316711265e+00,2.361869384520664195e+00
2.288679955730451798e+00,-7.085733309270738189e+00,2.357335418160067420e+00
2.213520593202265019e+00,-7.013200346377187699e+00,2.425855974185492148e+00
2.139131045937193054e+00,-6.951657881037758280e+00,2.424412806292917555e+00
2.064397358536491200e+00,-6.883927434856483174e+00,2.415702641675668172e+00
1.989512313603800875e+00,-6.820940971081711268e+00,2.417521386208754119e+00
1.909205301607214578e+00,-6.747921275745457415e+00,2.414248838038716372e+00
1.832698128405613414e+00,-6.676477333486056764e+00,2.406663127829427040e+00
1.761015439503213598e+00,-6.599873428371231476e+00,2.284425136040448834e+00
1.727130149900515388e+00,-6.547097820391272194e+00,2.100614484335408871e+00
1.700157516400470747e+00,-6.479850093874664374e+00,1.920866119403312089e+00
1.667999263497114582e+00,-6.381874922391577165e+00,1.899554495249377917e+00
1.637787742424462900e+00,-6.279819943330352316e+00,1.826875205576735661e+00
1.630364036910731729e+00,-6.225249376560517689e+00,1.641901285157206569e+00
1.634302765802899016e+00,-6.151199383418866518e+00,1.457469369466613207e+00
1.646464090324407659e+00,-6.099878882362497201e+00,1.273165195220612667e+00
1.675790047492893731e+00,-6.036131136339712100e+00,1.098605340774780226e+00
1.715841724326784945e+00,-5.960238121131552269e+00,9.313581576817119290e-01
1.713422139124763044e+00,-5.960394284770599960e+00,7.627098123480211544e-01
1.711666812519557324e+00,-5.959162988415638296e+00,5.755970561710446187e-01
1.709842302002609449e+00,-5.957858472895716240e+00,3.937094549148502654e-01
1.709046252881336825e+00,-5.957505903351234089e+00,3.701412659991515364e-01
1.710658684903324733e+00,-5.958645126960025351e+00,5.699243762752262965e-01
1.712421860131130069e+00,-5.960057617444054934e+00,7.677395663910966395e-01
1.714461633643783678e+00,-5.960408042496328385e+00,9.519183697112095777e-01
1.716762713497304471e+00,-5.960665244701767840e+00,1.132911743250282877e+00
1.727991708713293439e+00,-5.933948483512683225e+00,1.244785054729980134e+00
1.736965960232620176e+00,-5.913308416831556613e+00,1.056472928790191057e+00
1.736966446840839895e+00,-5.912931005260015027e+00,1.049495060316238293e+00
