x,y,theta
2.910615500976553305e-01,-1.253045159684876397e+00,-8.517207685242212944e-01
3.197299706554175835e-01,-1.290306511305602255e+00,-7.160352916793248923e-01
3.189889684354957899e-01,-1.286966615734291608e+00,-5.080999017120786387e-01
3.183780484242259567e-01,-1.285414167007612907e+00,-3.077194614656580951e-01
3.177955897820453068e-01,-1.283131595450120788e+00,-7.758646728779848567e-02
3.172654977184823366e-01,-1.281684837890952222e+00,1.003613744077393455e-01
3.174663214128409794e-01,-1.279968885850451876e+00,3.628177362601543443e-01
3.178206620748398326e-01,-1.279180280776925249e+00,5.699108147786523526e-01
3.183762545850439274e-01,-1.277321012853697368e+00,7.544642370043372903e-01
3.099704736034488706e-01,-1.240905449772762514e+00,8.271604905560043797e-01
3.077506786879143919e-01,-1.235249057708626363e+00,6.467494637080138942e-01
3.062766697705222585e-01,-1.231982878406377768e+00,6.089458569314269987e-01
3.082529296906906802e-01,-1.230710442496850021e+00,7.916212868960733617e-01
3.101389365206292936e-01,-1.228869680591212488e+00,9.684978067399159229e-01
3.115970239561436372e-01,-1.227165787596773638e+00,1.142192326691370052e+00
3.133463629591866084e-01,-1.225256841106455941e+00,1.314897535091945180e+00
3.153800866639467348e-01,-1.222659265522559879e+00,1.509504982361366210e+00
3.173937269988243992e-01,-1.220158491534585776e+00,1.682833313026274702e+00
3.198775552112372300e-01,-1.217659310456618682e+00,1.876648811060570132e+00
3.206215275775139428e-01,-1.214257303402437982e+00,2.074029254083856522e+00
3.213431788580668469e-01,-1.210695547401970051e+00,2.271513769223745705e+00
3.214292305576296194e-01,-1.207565186509307109e+00,2.447962830300314696e+00
3.210610384440908405e-01,-1.203976967251671581e+00,2.645580370278659110e+00
3.204663897161617037e-01,-1.200096078000451261e+00,2.840591392751999233e+00
3.196402414576788309e-01,-1.196858331899114836e+00,3.026421185181829454e+00
3.187770004779273969e-01,-1.196130487860118885e+00,-3.081869724298929913e+00
3.185831648515261016e-01,-1.194065054581711305e+00,-2.908594976265515886e+00
3.175873942072438005e-01,-1.192878013868726272e+00,-2.727748664502795961e+00
3.163161947780042116e-01,-1.193445859016864175e+00,-2.528753198087990040e+00
3.150411435135855864e-01,-1.193824628429704271e+00,-2.352895229355823847e+00
3.136720382148996400e-01,-1.193633262095379788e+00,-2.178278158708466528e+00
3.123412074376566427e-01,-1.194557615708774723e+00,-2.001604213722629755e+00
3.102717364281649681e-01,-1.195592657119958213e+00,-1.800609451313256892e+00
3.091171005793916793e-01,-1.198218958540524071e+00,-1.600326276117664648e+00
3.076593852569062260e-01,-1.200332303667737577e+00,-1.400081852044180009e+00
3.075530779031094841e-01,-1.203041844649248571e+00,-1.200422981426893632e+00
3.079735833615774299e-01,-1.205967103018590780e+00,-9.979547227814689059e-01
3.694941947470782306e-01,-1.289675872298387205e+00,-9.067989097652151553e-01
4.319655752461684650e-01,-1.372382861725335967e+00,-9.080604735258716032e-01
4.937225268768794528e-01,-1.455346036281275568e+00,-9.100304490104973443e-01
5.556706012264212013e-01,-1.537816202949735755e+00,-9.131810346596161976e-01
6.177893333201188719e-01,-1.621805458294524271e+00,-9.133035071364731250e-01
6.317150224301362194e-01,-1.644077442241344000e+00,-7.406563052547430193e-01
6.319074183874693329e-01,-1.645250487586997323e+00,-8.035737308472062912e-01
6.306063370771903820e-01,-1.644651227169996233e+00,-9.863664634061145575e-01
6.300864896199909193e-01,-1.643840171186473853e+00,-1.168335239851335139e+00
6.309468960815460825e-01,-1.643156322771437861e+00,-1.351048606054366497e+00
6.315890867248277196e-01,-1.642482896859642105e+00,-1.532637854470573657e+00
6.325092842199321330e-01,-1.642130018867343999e+00,-1.720994431409553771e+00
6.329251364712641381e-01,-1.641494454194114772e+00,-1.895639909208371554e+00
6.337810953213155463e-01,-1.641545412122529690e+00,-2.077032887347767254e+00
6.346288590359941972e-01,-1.642086548915879574e+00,-2.260011392537672581e+00
5.660005953373252741e-01,-1.713660413561987728e+00,-2.370187146025498848e+00
4.925429202964942688e-01,-1.785264723146085641e+00,-2.371832212032296106e+00
4.185042365691101773e-01,-1.856360677117192770e+00,-2.374065543753906216e+00
3.926064186152491420e-01,-1.878829512020946613e+00,-2.195032583729299880e+00
3.894331876890217425e-01,-1.879113677071650113e+00,-2.011494485479964567e+00
3.871135632940658766e-01,-1.880300585042123496e+00,-1.838371910575634205e+00
3.842054704446170033e-01,-1.881684923599193482e+00,-1.657569580026666323e+00
3.822678652831367763e-01,-1.883454858858486070e+00,-1.482820949495837093e+00
3.805209916328833319e-01,-1.884779883854660776e+00,-1.427996900445216433e+00
3.803567998772521275e-01,-1.883651125314306451e+00,-1.608713771807254167e+00
3.812255498402230547e-01,-1.883619884160905533e+00,-1.786548836921044936e+00
3.812210481780682891e-01,-1.882982331783812135e+00,-1.971858462039682180e+00
3.826539285724629424e-01,-1.884583223484435077e+00,-2.153028437525826622e+00
3.835194036166789111e-01,-1.884465056491335444e+00,-2.346344418195431381e+00
3.087392749069400866e-01,-1.952259207052706724e+00,-2.415887087193846483e+00
3.000563075172323346e-01,-1.956922450248725021e+00,-2.240977198790783831e+00
2.976597731545426728e-01,-1.956304926434155878e+00,-2.057352007986251952e+00
2.952339161499692999e-01,-1.956887817928603113e+00,-1.866619536557848846e+00
2.947956560746836652e-01,-1.959550919908661148e+00,-1.686969331948873663e+00
2.934866259010524558e-01,-1.961483102644697940e+00,-1.512283128206738381e+00
2.922251236521924422e-01,-1.963880023561009436e+00,-1.330941109176493331e+00
2.909790797849717281e-01,-1.966577420281422350e+00,-1.146272182760643021e+00
2.912286943254581706e-01,-1.969511838912590074e+00,-9.740167831414411337e-01
2.913366897062674155e-01,-1.972783786327446665e+00,-7.923601408752298791e-01
2.924963981387677103e-01,-1.975923882315461899e+00,-6.094941147214453236e-01
2.933220046978740614e-01,-1.978967866220200378e+00,-4.359932159701238041e-01
2.944850025313388575e-01,-1.982141900406066526e+00,-2.533181565491856024e-01
2.952615962157862373e-01,-1.984821212986511263e+00,-8.872311147399226938e-02
2.960014941988113879e-01,-1.987327816380023648e+00,8.437388419522702521e-02
2.965747777789644601e-01,-1.989479209413307137e+00,2.686096110723903974e-01
2.974068969746773150e-01,-1.989839201327230578e+00,4.447564732555502887e-01
2.984197682738617408e-01,-1.991663056313130786e+00,6.310919476813892093e-01
2.997629053883927308e-01,-1.993260728239690360e+00,8.155406410949217477e-01
3.012873917412744462e-01,-1.993845095640992326e+00,1.002217841987707025e+00
3.018957340173772375e-01,-1.993444059421543679e+00,1.180064269957932677e+00
3.027402190492083922e-01,-1.992223994523369290e+00,1.369036538346404264e+00
3.018942888081717624e-01,-1.990260351532696204e+00,1.557852706902881135e+00
3.016973059874392127e-01,-1.988489189698929405e+00,1.737160671457962824e+00
3.006511332800571035e-01,-1.986503862729624537e+00,1.920931729559650636e+00
2.985526343127175020e-01,-1.984794893184863573e+00,2.103232733458380022e+00
2.964423325534185638e-01,-1.982601555813036986e+00,2.282299687383652298e+00
2.934836854923802418e-01,-1.980615012850676981e+00,2.470447755536553380e+00
2.066132402552697256e-01,-1.923057025514240292e+00,2.544431875683671684e+00
1.406313402909130372e-01,-1.875395597060006692e+00,2.698261682110944193e+00
1.392197413863680844e-01,-1.876722384300781865e+00,2.540837772010613893e+00
1.386283384689788456e-01,-1.878389894325610543e+00,2.358810733579884023e+00
7.023969226670996602e-02,-1.804486789819715886e+00,2.305168169819797885e+00
-2.286753084114074848e-04,-1.728084637043136862e+00,2.315740795648445260e+00
-7.055275926667309294e-02,-1.652795917568785411e+00,2.323252726129904744e+00
-1.416094506279549359e-01,-1.577115518419925033e+00,2.331952148920364731e+00
-2.131389763156841810e-01,-1.502894817582558495e+00,2.338017484418888348e+00
-2.161601794044251401e-01,-1.497912861986105515e+00,2.518807377513957668e+00
-2.164181013992254599e-01,-1.498510176148605044e+00,2.337913111150972778e+00
-2.170379260741611693e-01,-1.499683132104205230e+00,2.155952698813150104e+00
-2.179401172161911093e-01,-1.501188674160125913e+00,1.971655390994569546e+00
-2.194436673803211446e-01,-1.502195623780474998e+00,1.783743962933103111e+00
-2.214656982927886153e-01,-1.503280359382172859e+00,1.604035769499248643e+00
-2.242886647011243517e-01,-1.503821805404585321e+00,1.418837965791002409e+00
-2.268558281712871327e-01,-1.504361094426705181e+00,1.234020030895661924e+00
-2.296957048624026498e-01,-1.504478085329439052e+00,1.047641953090803879e+00
-2.326228162613109274e-01,-1.504048656374739279e+00,8.672271292400698384e-01
-2.356669639720641585e-01,-1.502792219264379669e+00,6.812231052311663593e-01
-2.388378198209956116e-01,-1.501113289260977313e+00,4.975291119240892179e-01
-2.416848073801684538e-01,-1.499104523365007324e+00,3.133608007094766390e-01
-2.444842154710773208e-01,-1.496777738299341909e+00,1.316737364412157441e-01
-2.470264287599180097e-01,-1.493930474918007567e+00,-4.178318551064084951e-02
-2.494001557134868929e-01,-1.491038306167832728e+00,-2.250260788043974836e-01
-2.519842559870110188e-01,-1.488113971682353487e+00,-4.110800331376311401e-01
-2.538695753260644672e-01,-1.484498526180059619e+00,-5.969717509938501365e-01
-2.554382543855885368e-01,-1.481184797709633072e+00,-7.764537380783103071e-01
-2.566096578857180455e-01,-1.478263326373205011e+00,-9.544936618660552208e-01
-2.578426107470266904e-01,-1.475357012422218617e+00,-1.133673350379888367e+00
-2.587445748307772853e-01,-1.472933765677458595e+00,-1.310697781239277493e+00
-2.595555701574953078e-01,-1.470568686401264369e+00,-1.494307262291934890e+00
-2.598044587455384802e-01,-1.468647985146691370e+00,-1.672064969964282222e+00
-2.596762534930581734e-01,-1.466547528430522274e+00,-1.854442821043604361e+00
-2.593492742414253982e-01,-1.465135294566514812e+00,-2.031883111212916759e+00
-2.586092681629319490e-01,-1.463982983716280994e+00,-2.217859938057769487e+00
-2.577444448489100703e-01,-1.466416056544103341e+00,-2.381740158047071176e+00
-3.329430464447364346e-01,-1.537407157833968308e+00,-2.374997754173440168e+00
-4.066918826006185039e-01,-1.607738872685827713e+00,-2.367466768329458127e+00
-4.800616822395257222e-01,-1.679759340098701870e+00,-2.354363067496678674e+00
-5.526659170481581507e-01,-1.752399268252145204e+00,-2.346514719200910815e+00
-6.048145281984659283e-01,-1.808895473168010026e+00,-2.499588952099940364e+00
-6.039225011817593858e-01,-1.810846165382815176e+00,-2.682064572863588126e+00
-6.032886895460513044e-01,-1.813042729378159024e+00,-2.861246029360947851e+00
-6.026663127752327487e-01,-1.815349738970611693e+00,-3.046600195000552791e+00
-6.022297700142837940e-01,-1.817486929990894895e+00,3.055055601139494037e+00
-6.017901319085295908e-01,-1.820292275687122263e+00,2.868172198377553439e+00
-6.012689905837724780e-01,-1.822808663607118573e+00,2.671374236895018406e+00
-6.008846174779032268e-01,-1.825000694748761365e+00,2.485562228838185561e+00
-6.013438393171841589e-01,-1.827299741789016885e+00,2.304658023796154698e+00
-6.017038844246285212e-01,-1.829628244348805666e+00,2.119633907565979580e+00
-6.028037396480554477e-01,-1.831751788420882932e+00,1.922356621445753255e+00
-6.044296944225073798e-01,-1.833469080577041055e+00,1.732999286412164164e+00
-6.064589591568579907e-01,-1.834883416261757327e+00,1.553527732944767648e+00
-6.088092611466677795e-01,-1.835550434909574591e+00,1.370591366092483776e+00
-6.118172791653372355e-01,-1.836254242155060279e+00,1.156166229493713837e+00
-6.146638208178788476e-01,-1.835912322186594059e+00,9.737302549110534722e-01
-6.178153161419496220e-01,-1.835048411674527591e+00,7.751723305216614568e-01
-6.208029342424449259e-01,-1.833907665987775548e+00,5.918406308009706018e-01
-6.234296475066172238e-01,-1.832263411027994282e+00,4.121266613455445982e-01
-6.257359170660107273e-01,-1.830271255820828058e+00,2.257188908996929644e-01
-6.275974636538842466e-01,-1.828612575422624786e+00,1.502709232187047356e-02
-6.292291643744467589e-01,-1.826970918827978574e+00,-1.606808285576923900e-01
-6.308222660212416955e-01,-1.825397342647935517e+00,-3.424186839157765672e-01
-6.323012417319407996e-01,-1.823837285218705473e+00,-5.221965489530474569e-01
-6.337161452727452238e-01,-1.822167222310576040e+00,-7.076620189055338184e-01
-6.351567364453787334e-01,-1.820865603887639406e+00,-8.842041476317161752e-01
-6.361235247832691675e-01,-1.819186680903825293e+00,-1.062970832442491131e+00
-6.370517097829284658e-01,-1.817644993730857639e+00,-1.244453680715271959e+00
-6.372363411262519373e-01,-1.816344701981099430e+00,-1.428787318122881400e+00
-6.366592365163655787e-01,-1.815057060696485980e+00,-1.624855011376003855e+00
-6.355952581075371421e-01,-1.814763599066476552e+00,-1.811768785462503528e+00
-6.344158568107640672e-01,-1.814408731264813834e+00,-1.991694212815770637e+00
-6.335541337544472462e-01,-1.814718008951315298e+00,-2.167853465946518732e+00
-6.322854577829948308e-01,-1.815410500760198831e+00,-2.348105361958608306e+00
-6.310502917490049546e-01,-1.816954931846850974e+00,-2.535296901625043287e+00
-7.155061522819744502e-01,-1.870687483494308134e+00,-2.585986139189177191e+00
-8.027547371393766173e-01,-1.925256889829467966e+00,-2.581734332516347319e+00
-8.908209696777031894e-01,-1.980483767872842638e+00,-2.578405169663669838e+00
-9.785759842960073396e-01,-2.035885112628900373e+00,-2.576866479423110867e+00
-9.842743482975685465e-01,-2.036273866109284292e+00,-2.397192851875175279e+00
-9.855994544914291611e-01,-2.036973710422832706e+00,-2.211506197226783321e+00
-9.879475006865464648e-01,-2.037220245451857092e+00,-2.025686573308339788e+00
-9.903122626832012720e-01,-2.037833301179189149e+00,-1.844318535950524973e+00
-9.927529076745705838e-01,-2.040751518164473310e+00,-1.664679445842418781e+00
-9.950630712687065227e-01,-2.049740058891972083e+00,-1.482331070878376789e+00
-9.938431883080314222e-01,-2.069898007990071065e+00,-1.305823507750262458e+00
-9.635304178063616165e-01,-2.150865727074982914e+00,-1.181817728303644621e+00
-9.473571433113564533e-01,-2.223018022655531389e+00,-1.355935990670182001e+00
-9.423648518949035990e-01,-2.303480865934850463e+00,-1.532281154320078276e+00
-9.487271318987686719e-01,-2.370107985631328962e+00,-1.709131038835876693e+00
-9.592955332744537156e-01,-2.408371102391735352e+00,-1.882719469517716737e+00
-9.756804933239370259e-01,-2.443910495237524572e+00,-2.062665867217002180e+00
-9.981419842410416132e-01,-2.477547902541501923e+00,-2.239577415428053886e+00
-1.025839013200593675e+00,-2.507227604981649538e+00,-2.414611102097392159e+00
-1.069221587833728782e+00,-2.538557229751758459e+00,-2.589151907364666716e+00
-1.158988845536476520e+00,-2.589481119807830467e+00,-2.633790780643586515e+00
-1.216448642332225161e+00,-2.616652562304870866e+00,-2.810775962298440511e+00
-1.234618521283654902e+00,-2.622767470908368370e+00,-2.987560224798367692e+00
-1.252229602212443726e+00,-2.625435731071189771e+00,3.121442613981754377e+00
-1.269019257583501314e+00,-2.624923215179711722e+00,2.951510853187777172e+00
-1.286350450633481746e+00,-2.621242929064123039e+00,2.776306026986122610e+00
-1.288550546683434828e+00,-2.621387796993720709e+00,2.833310354241957540e+00
-1.287802992803669389e+00,-2.623629092146085195e+00,2.650005297796738102e+00
-1.287347301725797699e+00,-2.625853124024051244e+00,2.463644677009507511e+00
-1.362552816408804546e+00,-2.563364293104435809e+00,2.434530675280490275e+00
-1.440307651460701610e+00,-2.496620364383516311e+00,2.434747369841426146e+00
-1.497847718200709943e+00,-2.450875385733461531e+00,2.259468881045725297e+00
-1.496916021564183685e+00,-2.447330042551469464e+00,2.390280773223549371e+00
-1.497517069021402802e+00,-2.443328225099175910e+00,2.570206717992048251e+00
-1.498325905095686972e+00,-2.439203241534218858e+00,2.756320366033635061e+00
-1.499631558419542987e+00,-2.436824672124086266e+00,2.941422030249610575e+00
-1.501729301609982636e+00,-2.435745435032646622e+00,3.124083772463198905e+00
-1.504031318822026009e+00,-2.435136241654708655e+00,-2.972662774973533040e+00
-1.506701856795999550e+00,-2.435095617626028996e+00,-2.797211555907256564e+00
-1.509430192357113620e+00,-2.434835976593081597e+00,-2.610610359207444997e+00
-1.596717058453335669e+00,-2.491211797095664426e+00,-2.577902423404221377e+00
-1.636993765358087050e+00,-2.520117180536387114e+00,-2.737117715129832707e+00
-1.636505161371881290e+00,-2.522769550782407944e+00,-2.925226159989943842e+00
-1.635586914010062731e+00,-2.525261754094828337e+00,-3.117314791254496065e+00
-1.635186272282225461e+00,-2.527755353927102711e+00,2.986004380190551366e+00
-1.635170597092775679e+00,-2.530546350949081980e+00,2.810545510823229787e+00
-1.635126278120091925e+00,-2.533407420652440845e+00,2.632033871863162844e+00
-1.635177239472383803e+00,-2.535819774212444866e+00,2.455391341614866274e+00
-1.634751745799397415e+00,-2.538276493810617485e+00,2.256854999174263021e+00
-1.635628439068727014e+00,-2.541192327154390362e+00,2.074795530052579107e+00
-1.636118414483248129e+00,-2.543221249141951468e+00,1.888674908409083475e+00
-1.637784634954311924e+00,-2.545470443118338366e+00,1.705906060206411778e+00
-1.639881838096379552e+00,-2.547356421237322088e+00,1.523678074138163252e+00
-1.642001650819273850e+00,-2.549069064713594734e+00,1.346600554967556818e+00
-1.644328229546358155e+00,-2.550337832357626677e+00,1.170308875515651215e+00
-1.647008278454256569e+00,-2.551165976598948060e+00,9.917916666317250218e-01
-1.649718050788227863e+00,-2.551774441025561835e+00,8.090191681051435157e-01
-1.652167062032249945e+00,-2.552186165582373878e+00,6.311822053966282819e-01
-1.654545260927791306e+00,-2.552547178917383253e+00,4.525881343786668509e-01
-1.656894683052456907e+00,-2.552223478971730852e+00,2.752292457078289178e-01
-1.658586301805307084e+00,-2.551949432630273407e+00,9.269188047424918586e-02
-1.660170902024943995e+00,-2.550965160047913738e+00,-8.741956273982480485e-02
-1.661566199586488324e+00,-2.550167152702789153e+00,-2.639139012075221724e-01
-1.662727306996652610e+00,-2.549712301686755112e+00,-4.442931995803108824e-01
-1.663816213670864297e+00,-2.549138882276154039e+00,-6.265963502204645597e-01
-1.664852586460807249e+00,-2.548902177146694648e+00,-8.099058736956040727e-01
-1.663990820417168504e+00,-2.550488347116222965e+00,-1.004269395173531310e+00
-1.621752128222669453e+00,-2.641187588607509351e+00,-1.116166361116067929e+00
-1.578187133987621671e+00,-2.732568332761966534e+00,-1.116077164373377784e+00
-1.533866757207405618e+00,-2.827755606813695977e+00,-1.116322246637393212e+00
-1.500835208517598662e+00,-2.901285744667965183e+00,-9.593296992288627978e-01
-1.500857880611451423e+00,-2.901054248903569999e+00,-1.159347417330304220e+00
-1.500192426895303743e+00,-2.900468024554517132e+00,-1.338510805548636107e+00
-1.498585565176744128e+00,-2.899513739940913659e+00,-1.536670342387068677e+00
-1.496595414601311180e+00,-2.898711542176312772e+00,-1.718702326787618029e+00
-1.494436577941635536e+00,-2.898713986727215364e+00,-1.916363964001243536e+00
-1.491853990066111635e+00,-2.899197031881282527e+00,-2.131081956779671938e+00
-1.489123949877352526e+00,-2.899728812485594442e+00,-2.307245078167514674e+00
-1.486754779935411719e+00,-2.901982426398975523e+00,-2.476497276904357392e+00
-1.485359237271214106e+00,-2.903990662288395530e+00,-2.680657950386833743e+00
-1.483975728334827604e+00,-2.905692555529110432e+00,-2.860889998400939493e+00
-1.482774041668877718e+00,-2.908473446627624970e+00,-3.064614563852673612e+00
-1.481905612921391446e+00,-2.910947999232728289e+00,3.042248069866839710e+00
-1.480893706022335055e+00,-2.913488029797310919e+00,2.863347016816590429e+00
-1.480367408432469167e+00,-2.915745971767009337e+00,2.685341601421728175e+00
-1.479744917443040597e+00,-2.918754593984422829e+00,2.511572494454431759e+00
-1.479726137236470729e+00,-2.920585210841477597e+00,2.334955978469340554e+00
-1.480018066348963268e+00,-2.923691289112613667e+00,2.128499995368062336e+00
-1.481001133805859515e+00,-2.925996576782803782e+00,1.925764522582822380e+00
-1.482330256008098868e+00,-2.928182677056728522e+00,1.717928741212374488e+00
-1.484683907362566835e+00,-2.930263515703434241e+00,1.474402379125006712e+00
-1.487249927719503262e+00,-2.931500032910362652e+00,1.262046452548217346e+00
-1.490259459952161469e+00,-2.932416155009761827e+00,1.038483205742728011e+00
-1.493388739003623344e+00,-2.932075165066481137e+00,7.984934889839421235e-01
-1.496130378462876775e+00,-2.931437184114751293e+00,5.862965268084678883e-01
-1.498788343221298058e+00,-2.930518201897565955e+00,3.665935784395072949e-01
-1.501334629606872140e+00,-2.928726379791294576e+00,1.258054008907555921e-01
-1.503016134441765406e+00,-2.926481797714222566e+00,-9.162715277170707662e-02
-1.504176907735173208e+00,-2.924475430548475696e+00,-3.315698762368949337e-01
-1.505223979885482954e+00,-2.922489999215306167e+00,-5.429848658022627950e-01
-1.505854354180690358e+00,-2.919924639984753600e+00,-7.713859178959114882e-01
-1.469442944404928397e+00,-2.967851518742151917e+00,-9.237248212015624071e-01
-1.407056428934569947e+00,-3.052070714113811700e+00,-9.220218290373459746e-01
-1.343493507001852327e+00,-3.138340713013962002e+00,-9.217031117707080723e-01
-1.322053353413681798e+00,-3.170833586344593336e+00,-7.433774638525184608e-01
-1.322249918810510572e+00,-3.173588833454450864e+00,-5.588768317642195393e-01
-1.321993762167901210e+00,-3.176756590304441907e+00,-3.660597746028233512e-01
-1.321334162100024301e+00,-3.180077523427387920e+00,-1.897903424527042637e-01
-1.320831932252456875e+00,-3.183357609159812363e+00,-1.461859251666437071e-02
-1.319896654777103162e+00,-3.186388635225740895e+00,1.613659883287082430e-01
-1.318887490814726560e+00,-3.189102356022375684e+00,3.402768520219058845e-01
-1.317532057539873014e+00,-3.191500836777133809e+00,5.178041132432301685e-01
-1.237521810990291904e+00,-3.136831908800835400e+00,6.371388148546890395e-01
-1.155647598541645005e+00,-3.078520099483448291e+00,6.351988380034481185e-01
-1.091262902786880762e+00,-3.030815847188349288e+00,4.759272123054092973e-01
-1.092581172815648927e+00,-3.030779841585774737e+00,2.828016056632292607e-01
-1.093818854978899413e+00,-3.029834736165625486e+00,9.139416350847794079e-02
-1.094728346605243763e+00,-3.028830226646939128e+00,-8.991487725865728031e-02
-1.095595784889373370e+00,-3.027810736995857344e+00,-2.759758419695667042e-01
-1.096320177846005883e+00,-3.027269121884458070e+00,-4.635770181413802482e-01
-1.096960181348617169e+00,-3.026654673247158200e+00,-6.402367629831192675e-01
-1.096437594535361271e+00,-3.024796221859911594e+00,-8.184654430293810679e-01
-1.095484447901318381e+00,-3.022515189364598509e+00,-9.985921638388928212e-01
-1.094176572481950993e+00,-3.020946227600439293e+00,-1.173298899139361584e+00
-1.092642424802739542e+00,-3.019145560016357255e+00,-1.357544637860137682e+00
-1.090964857910847519e+00,-3.017698936120142506e+00,-1.560692984285404039e+00
-1.089189435714666754e+00,-3.016671888718763572e+00,-1.735985918278193374e+00
-1.086802750906498582e+00,-3.015768934201655149e+00,-1.919608638443288218e+00
-1.083857766735999206e+00,-3.015398558177361021e+00,-2.122955694480837430e+00
-1.080903748395339647e+00,-3.015826429334879766e+00,-2.302673184458888578e+00
-1.078571531971225683e+00,-3.017205128656963886e+00,-2.484970628231216505e+00
-1.076212986377221403e+00,-3.018259111575242848e+00,-2.660176861378989344e+00
-1.073844757075262502e+00,-3.019802475691472310e+00,-2.877452661503721920e+00
-1.071464695148602875e+00,-3.021746267805108577e+00,-3.081274198513328511e+00
-1.069731216559985931e+00,-3.023401887251206066e+00,3.022774742753212784e+00
-1.068002889196895566e+00,-3.025018282804575076e+00,2.843454804781275325e+00
-1.066571526742720266e+00,-3.026732420002713031e+00,2.630315731549134561e+00
-1.065655708501428434e+00,-3.028675421477548646e+00,2.445183028615450560e+00
-1.064947827406826475e+00,-3.030729597791583352e+00,2.248633397116146959e+00
-1.064374892956047480e+00,-3.032447429956369955e+00,2.064156479903504593e+00
-1.064611431685158927e+00,-3.034230495779365544e+00,1.881923522258820203e+00
-1.088548905052533877e+00,-2.938574119156510012e+00,1.850695960764715764e+00
-1.114905448725898252e+00,-2.840660661449262214e+00,1.853065698443858045e+00
-1.130122662845330028e+00,-2.772383643369287221e+00,1.955251268857368885e+00
-1.130688279963726339e+00,-2.773365383507857551e+00,1.765189313237650826e+00
-1.131529111374854679e+00,-2.774299403424208776e+00,1.591562342184075884e+00
-1.133359573675465803e+00,-2.774804413442820916e+00,1.392833440199886086e+00
-1.134871388934867831e+00,-2.775091142743724593e+00,1.204333924924499533e+00
-1.136267769228468838e+00,-2.774925562758596698e+00,1.023874462185057288e+00
-1.137665490355346698e+00,-2.774181488355243808e+00,8.503905468718275795e-01
-1.065878944794679040e+00,-2.700008654888201853e+00,8.041451959853760378e-01
-9.919404033707546198e-01,-2.624773643225895903e+00,8.101882168258064398e-01
-9.213311225526138459e-01,-2.552592788322317396e+00,8.084162986816756380e-01
-8.748562639903385563e-01,-2.504357299900916711e+00,8.109185647064292013e-01
-8.013290918965302323e-01,-2.426887979122482886e+00,8.128643256672084538e-01
-7.797617103474444589e-01,-2.400389613442024839e+00,6.710910689080428204e-01
-7.812448998192067506e-01,-2.398118954401968761e+00,4.777227203033057035e-01
-7.828160756382587238e-01,-2.396455250924841351e+00,2.994480394232428844e-01
-7.842166532965531012e-01,-2.394574393642581178e+00,1.173115537557432586e-01
-7.853586770037098708e-01,-2.392754648801398432e+00,-6.012417945414001708e-02
-7.866898288858494848e-01,-2.390629777313288962e+00,-2.335137092729173136e-01
-7.874526821615273064e-01,-2.388615917228519958e+00,-4.115549958848493395e-01
-7.882510626058591985e-01,-2.386865503482605622e+00,-5.935272207516109066e-01
-7.885644009636990637e-01,-2.384985540453743891e+00,-7.742200359953820277e-01
-7.879660086385751327e-01,-2.384616720958852465e+00,-9.720622895094622740e-01
-7.305542806824242286e-01,-2.469770686638737445e+00,-9.715089677684630720e-01
-6.723246545286248876e-01,-2.554052781340196088e+00,-9.656555925658468764e-01
-6.147744009836514367e-01,-2.636280478443606246e+00,-9.632134077264081773e-01
-5.544387168103126484e-01,-2.721615687910343695e+00,-9.596491093731879252e-01
-5.077098013368065432e-01,-2.783768705048101921e+00,-1.124963509711044862e+00
-5.068879366654908125e-01,-2.782948191681362982e+00,-1.298789088269920899e+00
-5.052993120927120607e-01,-2.781991902706272057e+00,-1.496899551630309633e+00
-5.035397242191002043e-01,-2.781466674013737705e+00,-1.703687567030141681e+00
-5.015306944980397752e-01,-2.781185830580478857e+00,-1.880440415520786113e+00
-4.992567871085351605e-01,-2.781222558881389251e+00,-2.062972047700536216e+00
-4.974664410945294213e-01,-2.781873731371178771e+00,-2.244807796952806189e+00
-4.951721573269936560e-01,-2.783361518584919203e+00,-2.449155936055220195e+00
-4.930497972213108704e-01,-2.785027432399463709e+00,-2.627529883598530791e+00
-4.911788130347115588e-01,-2.787062976926242719e+00,-2.830045386917015904e+00
-4.892906091027218185e-01,-2.789141127687441379e+00,-3.024015421981371077e+00
-4.876815323938751834e-01,-2.791607396816693676e+00,3.055592441534655368e+00
-4.863260628285698828e-01,-2.794225292107862302e+00,2.889025382653799490e+00
-4.862589642588150407e-01,-2.795730461432383240e+00,2.673450483455097171e+00
-4.863508174783719995e-01,-2.798515964713981230e+00,2.482197805473178587e+00
-4.861815235579680650e-01,-2.801298073659567844e+00,2.275366916784125948e+00
-4.865788728708430599e-01,-2.803824670478294312e+00,2.082151304644431544e+00
-4.873846241052987582e-01,-2.806097044443977229e+00,1.880474866187732408e+00
-4.886304070294343327e-01,-2.808311736641846856e+00,1.673541667554627077e+00
-4.900952947980839469e-01,-2.809448747626680287e+00,1.481703181882032982e+00
-4.919471110625388555e-01,-2.810814852021326082e+00,1.281148132507021753e+00
-4.940290996947148683e-01,-2.811603989926870995e+00,1.071068632818253485e+00
-4.962845352720511305e-01,-2.811511044580969454e+00,8.772481806198694221e-01
-4.981555964524057023e-01,-2.810975005398183235e+00,6.693062807705005834e-01
-4.996502936743446588e-01,-2.809973690645140909e+00,4.756423525260474738e-01
-5.012343764627318343e-01,-2.808731773330843673e+00,2.726547802815725285e-01
-5.026123041538473890e-01,-2.807344715855048634e+00,7.851100328574395215e-02
-5.038317266785277138e-01,-2.805432817318759930e+00,-1.299871929121670655e-01
-5.043461234031049178e-01,-2.803493459581865022e+00,-3.304632838232403058e-01
-5.051271980603475598e-01,-2.801665693035558125e+00,-5.402554390730947009e-01
-5.053569167364351244e-01,-2.799991652209192772e+00,-7.297233403768400573e-01
-4.377598255428908902e-01,-2.870339535342369963e+00,-8.167874054062451705e-01
-3.682262026316083237e-01,-2.944631764975732757e+00,-8.120656430681163496e-01
-2.981314821126118675e-01,-3.019678057656561165e+00,-8.125455696738211886e-01
-2.730863118370222553e-01,-3.049319032800336338e+00,-6.415361960452586887e-01
-2.719335844223467746e-01,-3.051188453520690125e+00,-4.566498378194217556e-01
-2.708585797165961040e-01,-3.052789503325664455e+00,-2.736352474696254755e-01
-2.693112430139887326e-01,-3.054790269897783794e+00,-6.915386914886807734e-02
-2.676230598081673073e-01,-3.056694082422305225e+00,1.246127470502542689e-01
-2.657800082769779526e-01,-3.058615726024065395e+00,3.075971131563417504e-01
-2.635930706398977308e-01,-3.059726790207765834e+00,4.871344994779074344e-01
-1.752047634701801304e-01,-3.010233274182279484e+00,5.379975183008693929e-01
-8.484697629691108356e-02,-2.957987141689148558e+00,5.397720938185955886e-01
3.570968266922626682e-03,-2.906531394412032121e+00,5.432143650995169271e-01
9.183459016558526145e-02,-2.854374554588212209e+00,5.455745858242948554e-01
1.803446886297439544e-01,-2.801403807504124099e+00,5.502125529316295172e-01
2.679575811637584515e-01,-2.748349699010913749e+00,5.547626361939226314e-01
2.697639991993935338e-01,-2.746543858280171335e+00,3.862409271630621865e-01
2.695322782354236946e-01,-2.745931219451420269e+00,2.132292787375693055e-01
2.692466113252430793e-01,-2.744975747259122745e+00,3.291787536233835298e-02
2.691107851429797582e-01,-2.743959206559052344e+00,-1.490174811572185509e-01
2.691331497016378749e-01,-2.742658184473012017e+00,-3.246367088398845469e-01
2.696844732383575360e-01,-2.741601686271641913e+00,-5.224015007490150353e-01
2.700090485302509835e-01,-2.740782576678274740e+00,-7.214829046221855613e-01
2.702551187219405238e-01,-2.740087518840377712e+00,-8.966505739193512126e-01
2.713427488174888769e-01,-2.739424682375528608e+00,-1.097809810644162720e+00
2.731255735040155619e-01,-2.738610467022565498e+00,-1.285899498073497238e+00
2.747494082582614960e-01,-2.738345848353318512e+00,-1.464078745442590312e+00
2.768822881384068180e-01,-2.738314936388291265e+00,-1.638652883025282003e+00
2.794609845124194636e-01,-2.738934143215880024e+00,-1.838655448498372813e+00
2.818548700547087171e-01,-2.739749588662399482e+00,-2.013467729775282766e+00
2.840455494181733931e-01,-2.741109735143092418e+00,-2.189610672418750070e+00
2.862814597266671313e-01,-2.742590839681431802e+00,-2.366842124710067274e+00
2.882640593484400715e-01,-2.744556119564296015e+00,-2.544605199205006496e+00
2.901449703524441870e-01,-2.746705752579967186e+00,-2.737598651762188418e+00
2.917008492576309009e-01,-2.749126185372404496e+00,-2.913549933000447734e+00
2.928336401417743207e-01,-2.751317165107914242e+00,-3.103829013851972629e+00
2.939562142860113192e-01,-2.753288734325781473e+00,3.002517655117000750e+00
2.948932834156219318e-01,-2.755519534638179557e+00,2.810065480335147026e+00
2.958912424926019580e-01,-2.757466813480407453e+00,2.624055396978827837e+00
2.963092664444748059e-01,-2.759230040774820480e+00,2.448658909807362338e+00
2.965391123454304556e-01,-2.761320822986796486e+00,2.245024691907019587e+00
2.959827953682981905e-01,-2.762960421808431377e+00,2.042094026419129182e+00
2.955900741603451065e-01,-2.764759776569674088e+00,1.840009112118805357e+00
2.944703964617264025e-01,-2.765946810719356552e+00,1.667416147737087462e+00
2.933449312802625109e-01,-2.766835717025217356e+00,1.487181616565744324e+00
2.922538738468958841e-01,-2.767281468726978222e+00,1.311398690325608296e+00
2.908208990707357167e-01,-2.767408719525090710e+00,1.110828832744205519e+00
2.897532930311375599e-01,-2.767102390232334397e+00,9.329994790215651035e-01
2.879198708131787687e-01,-2.765592865026040403e+00,7.327606241896388317e-01
3.655977133460056039e-01,-2.702893792036961340e+00,6.645318872061010129e-01
4.458625217750767922e-01,-2.640229778451593567e+00,6.647056479101606241e-01
5.268185736061592461e-01,-2.577214503469663853e+00,6.643291316963104709e-01
6.082428588878270315e-01,-2.514089961584613953e+00,6.633562205745399121e-01
6.312048871654282189e-01,-2.499212654705653680e+00,8.362336839776649544e-01
6.331986059221055285e-01,-2.499817242927567129e+00,1.010988377063063215e+00
6.352509263877106349e-01,-2.499767137603237099e+00,1.190649292077705867e+00
6.371066045739069983e-01,-2.499081471298197688e+00,1.365158425072162673e+00
6.386318633780102560e-01,-2.498142097191869304e+00,1.552494083358677779e+00
6.402538710109363373e-01,-2.496903076988346015e+00,1.730384046952972321e+00
6.415599046227236091e-01,-2.495672909259017302e+00,1.915243282393914948e+00
6.426029499419773083e-01,-2.494161278930928649e+00,2.100284010233296694e+00
6.427638339274654999e-01,-2.491805537543359428e+00,2.311394997597757239e+00
6.428526258923776826e-01,-2.489696160798755553e+00,2.515101954334564738e+00
6.425906666037872750e-01,-2.487710041404033845e+00,2.694303340583213302e+00
6.423645264214417061e-01,-2.485803890111663250e+00,2.873539699119624036e+00
6.411687419531832965e-01,-2.483404372847023645e+00,3.089576810669497853e+00
6.403424959370572767e-01,-2.481433719694523532e+00,-2.996259351321756803e+00
6.390342465261222848e-01,-2.479486389448827488e+00,-2.810089661528982319e+00
6.375597690990681965e-01,-2.478213613684030925e+00,-2.631571291784736477e+00
6.358234024959283914e-01,-2.476985741444021283e+00,-2.450837412614303101e+00
6.339406444724823286e-01,-2.476019923523755661e+00,-2.232821559350524065e+00
6.319694551526424675e-01,-2.475406811471589918e+00,-2.054285262304821114e+00
6.301380317947942178e-01,-2.475770921772348476e+00,-1.879701999043783545e+00
6.280956871101635031e-01,-2.476145846981518073e+00,-1.699730123190961173e+00
6.263360345221522518e-01,-2.476769094598585852e+00,-1.513074110910638925e+00
6.254698101284117406e-01,-2.478018301900511311e+00,-1.334644052506811285e+00
6.249583534259903761e-01,-2.479270251191663998e+00,-1.159927019289631822e+00
6.245455013368008679e-01,-2.481177390519758497e+00,-9.802054843775868109e-01
6.243847345911069935e-01,-2.482878657455092064e+00,-7.945360667868245352e-01
6.249441346540578479e-01,-2.484564063966303582e+00,-6.146932876678651292e-01
6.253876464477592378e-01,-2.486085321172269769e+00,-4.395503366012055158e-01
6.260619924746747555e-01,-2.487831669719554384e+00,-2.589323451595223480e-01
6.270999621779215216e-01,-2.489725140476192422e+00,-7.315502993385701591e-02
6.284703968632107118e-01,-2.491763894043062866e+00,1.243789590335586392e-01
6.300809062596255394e-01,-2.493454425753552250e+00,3.098990350272081695e-01
6.318151142330326042e-01,-2.494888552940661253e+00,4.909845484518945424e-01
6.339350131648170406e-01,-2.495722762496182412e+00,6.702160560203703765e-01
7.085146155110272348e-01,-2.427578857763178721e+00,7.605251085284194801e-01
7.816020398536649427e-01,-2.360149634656718565e+00,7.520391760972542361e-01
8.566163449677421937e-01,-2.290649985866520133e+00,7.522213290479885517e-01
9.304847036690458983e-01,-2.223220542332917216e+00,7.450298468720105705e-01
9.427955421146745341e-01,-2.214131161791145885e+00,9.199109565352168172e-01
9.446526708460316613e-01,-2.213758998863710747e+00,1.100103713184565457e+00
9.466498487107780635e-01,-2.213461642452285272e+00,1.276677042144997332e+00
9.482726069047693329e-01,-2.212845275791851307e+00,1.457607763118858646e+00
9.500646443994082979e-01,-2.211909828452972349e+00,1.645879726652840214e+00
9.515624294330684574e-01,-2.210596873983229127e+00,1.843988258365358179e+00
9.523445664629023311e-01,-2.209290347167387036e+00,2.020607722562686170e+00
9.531743068849531930e-01,-2.207752293200052840e+00,2.223955089504519034e+00
9.533549012806202816e-01,-2.205917891020572785e+00,2.412445272597590673e+00
9.535624098375642399e-01,-2.203731667322014864e+00,2.629266650087631163e+00
9.528917645887372556e-01,-2.202122665607350260e+00,2.804322571207569670e+00
9.524389021735202299e-01,-2.200095139529338439e+00,3.008322177024470800e+00
9.514292784441217288e-01,-2.198427876577440543e+00,-3.082995413129482554e+00
9.505365093285687017e-01,-2.196756080153528856e+00,-2.908296011706434037e+00
9.488883642684213804e-01,-2.194931139546511201e+00,-2.675114132779877973e+00
9.471979272443884490e-01,-2.193905143684172998e+00,-2.500028105202313888e+00
9.459867233632400785e-01,-2.193056934756307808e+00,-2.312064565926050808e+00
9.438625536627083257e-01,-2.192708683562981875e+00,-2.137556561869029981e+00
9.420712407128526422e-01,-2.192715871719440379e+00,-1.948787792924969953e+00
9.397321913492761025e-01,-2.193320760358316690e+00,-1.734060084153208781e+00
9.379234959168266661e-01,-2.194177551859745723e+00,-1.545609950117646125e+00
9.363431192120371671e-01,-2.195909483389119288e+00,-1.313861803304907649e+00
9.356002833883761971e-01,-2.197446567874216328e+00,-1.139050208185354629e+00
9.355166989958002555e-01,-2.199136384352536222e+00,-9.644982795181110680e-01
1.002569371900421835e+00,-2.276787022542919203e+00,-8.509740573358421933e-01
1.069806102800310743e+00,-2.353612612607692167e+00,-8.502736346985372284e-01
1.139649028038323575e+00,-2.432828833892100029e+00,-8.507249848302084194e-01
1.208540934151984603e+00,-2.510154319293735892e+00,-8.511151231076927726e-01
1.278247381749496814e+00,-2.589004927821378033e+00,-8.536014201174525473e-01
1.323805444123271391e+00,-2.642264488084550500e+00,-6.728257697150225036e-01
1.323679004529921821e+00,-2.643710527485641837e+00,-4.944261672458589718e-01
1.324339798278545421e+00,-2.645456861731879439e+00,-3.254617377912294440e-01
1.325952065926934820e+00,-2.647382151015686080e+00,-1.435483400258251718e-01
1.327068669135581747e+00,-2.648630856843701586e+00,4.126417478736191247e-02
1.328805162456463629e+00,-2.649833735275246127e+00,2.285250025567962806e-01
1.330521510881993219e+00,-2.651135445367434063e+00,4.102468384549114444e-01
1.332283924029053823e+00,-2.652510581987525207e+00,5.927945751141978636e-01
1.334602169781919478e+00,-2.653448658010407968e+00,7.774962004433787488e-01
1.336666748833963858e+00,-2.653857126102313391e+00,9.567800259886952707e-01
1.338639117404104795e+00,-2.653960769940774345e+00,1.135797589304256672e+00
1.340916159315389322e+00,-2.653685567210829710e+00,1.315388895206267561e+00
1.342838094258532067e+00,-2.652967240097394264e+00,1.496908270535991958e+00
1.344403849838886833e+00,-2.651662195614137296e+00,1.671579610481302769e+00
1.346096515066626864e+00,-2.650462420389224416e+00,1.853785527949501244e+00
1.347342916190769735e+00,-2.649157953340419702e+00,2.012168355827394173e+00
1.348125302490219113e+00,-2.647492372689269402e+00,2.188800729182782678e+00
1.348460241564362505e+00,-2.645897113996098948e+00,2.367611449674721147e+00
1.348603296648730909e+00,-2.643955835136815313e+00,2.549258752855266152e+00
1.348127941887771630e+00,-2.642304879499176806e+00,2.729905636472609309e+00
1.347714847043966380e+00,-2.640600366442535485e+00,2.916123443093824985e+00
1.346874837473466702e+00,-2.639195162626469582e+00,3.097118843061631210e+00
1.345791129704063671e+00,-2.637838808425732928e+00,-3.005846009085291648e+00
1.344558825614131869e+00,-2.636657486565831654e+00,-2.824573329965444302e+00
1.342891441473886394e+00,-2.635867940083489014e+00,-2.647094706367361105e+00
1.340924644595946402e+00,-2.635024231283319196e+00,-2.464327767583867956e+00
1.339105750215352275e+00,-2.634697385918213453e+00,-2.285228532688557301e+00
1.337320623302087785e+00,-2.634661483847395846e+00,-2.101295449038814045e+00
1.335397569723786759e+00,-2.635054451075413251e+00,-1.920606067878991796e+00
1.333442345863635081e+00,-2.635722166425050528e+00,-1.737329939125803246e+00
1.331938928165425029e+00,-2.636931442996800712e+00,-1.555683907262826349e+00
1.330686283023159167e+00,-2.638529114053911773e+00,-1.374161742614219195e+00
1.329683493955468920e+00,-2.640398802414381407e+00,-1.194844767208903757e+00
1.328925194260625275e+00,-2.642219679778821106e+00,-1.016943298021408815e+00
1.328950472042797593e+00,-2.644285869623711704e+00,-8.361364437439778863e-01
1.329363881353829324e+00,-2.646477316715936112e+00,-6.580357347606101692e-01
1.330219126176787725e+00,-2.649306523134060676e+00,-5.021600264531810298e-01
1.331227598987335892e+00,-2.651438828682612936e+00,-3.259911908694544946e-01
1.332929680002290729e+00,-2.653527850077257888e+00,-1.411941275801128493e-01
1.334548651092758442e+00,-2.655166716528770898e+00,4.116711931942533542e-02
1.336058292842526862e+00,-2.656659185607837870e+00,2.181738591814192385e-01
1.337948087469058800e+00,-2.658167943220090645e+00,4.040832302280498167e-01
1.337809253558746914e+00,-2.659692524077741815e+00,3.487357846543432949e-01
1.335948737194380120e+00,-2.658719431008822021e+00,1.623042457724176990e-01
1.334664711447580476e+00,-2.657673605153411334e+00,-2.193285566778667428e-02
1.332828082005784953e+00,-2.656575877143792397e+00,-2.046945123130355648e-01
1.331167997710368311e+00,-2.654731294594327995e+00,-3.903398869790641323e-01
1.330375478095648267e+00,-2.653041678536286696e+00,-5.756974634814030489e-01
1.330270163233630232e+00,-2.651014323844527176e+00,-7.575542172936498009e-01
1.361397857339200934e+00,-2.684217739606056252e+00,-6.765739221361904976e-01
1.362003961235481730e+00,-2.686759304953838967e+00,-4.907073908680326668e-01
1.362736566901073809e+00,-2.688582512298777871e+00,-3.120068602824571102e-01
1.363994318493593649e+00,-2.690527178117167129e+00,-1.223556330829727035e-01
1.365175264109584008e+00,-2.692615200671462983e+00,5.901047030294319373e-02
1.366742762560926971e+00,-2.694386474504833373e+00,2.343763115854990697e-01
1.368346742417706707e+00,-2.695722266903784803e+00,4.171297064104941277e-01
1.370623312366619606e+00,-2.697017585113938853e+00,5.865066297009567942e-01
1.372877863216083849e+00,-2.698557420468024493e+00,7.576214929936286868e-01
1.371287357669824125e+00,-2.698412341180794982e+00,5.809540234742447407e-01
1.369872667277307388e+00,-2.697583928089474004e+00,4.056396412448581845e-01
1.368285977399004150e+00,-2.697160740418345970e+00,2.291562518866338272e-01
1.366999492152077833e+00,-2.695936924580811134e+00,5.107977674579486371e-02
1.366377401949310677e+00,-2.694638467494284484e+00,-1.266231043611736606e-01
1.365717046174545368e+00,-2.693232759907673302e+00,-3.078941507838011127e-01
1.365340706668959347e+00,-2.691709743484664408e+00,-4.870657655802911878e-01
1.365427527991330603e+00,-2.690054635370246583e+00,-6.595197130235409544e-01
1.438101475362179693e+00,-2.757937771595469822e+00,-7.539552441435378727e-01
1.511858481079525918e+00,-2.827672341669307254e+00,-7.528118423695558947e-01
1.585722282241392112e+00,-2.897085575272586144e+00,-7.536566902467143336e-01
1.596517377457746134e+00,-2.908220698802450155e+00,-8.888798273672668948e-01
1.596616716671145131e+00,-2.906215845590194302e+00,-1.074026598333396532e+00
1.597590604196364783e+00,-2.905349338235488688e+00,-1.254350955204615925e+00
1.600432077130550468e+00,-2.911021286704678968e+00,-1.420812139386198769e+00
1.601938429902599825e+00,-2.909908231902176290e+00,-1.601422884589345452e+00
1.604085431275438456e+00,-2.909525355154978676e+00,-1.791305783194296897e+00
1.606365482251099097e+00,-2.909317807561349944e+00,-1.969098836396577346e+00
1.608625186354586845e+00,-2.909850319937501428e+00,-2.144987966537763580e+00
1.610729778843942750e+00,-2.909895430602513766e+00,-2.323807853555546199e+00
1.612861716227004250e+00,-2.910891084512396976e+00,-2.500521448994030393e+00
1.615096261716010062e+00,-2.912060339640300644e+00,-2.677689633170898365e+00
1.617227930999994401e+00,-2.913496458846210224e+00,-2.857256809723023760e+00
1.619219042723594404e+00,-2.915458521072626485e+00,-3.046508880807501374e+00
1.620680089157733317e+00,-2.917734147763082930e+00,3.053355775123637983e+00
1.622002790660620475e+00,-2.919223387780959911e+00,2.877157405800097489e+00
1.623198926230024819e+00,-2.920971616617099809e+00,2.695948982746419809e+00
1.624585782860592298e+00,-2.922401523052900352e+00,2.502999662805657444e+00
1.625217653353368652e+00,-2.924787122436173448e+00,2.324829677702006325e+00
1.556786134081780570e+00,-2.851162411248392203e+00,2.323841648476221877e+00
1.484274822717817743e+00,-2.772424602327811183e+00,2.321748140510996539e+00
1.414685181866057073e+00,-2.697625154140482095e+00,2.318823987379278417e+00
1.346379579497801293e+00,-2.623152338797793082e+00,2.317852212734044404e+00
1.272265161554511304e+00,-2.542095193710322665e+00,2.317411839019288600e+00
1.201526823604756489e+00,-2.465567746635080049e+00,2.317176218209815897e+00
1.178003720005968091e+00,-2.441936298818107254e+00,2.158560742806732602e+00
1.178483725357338363e+00,-2.441290719005849486e+00,2.335348784254341670e+00
1.178279265252230923e+00,-2.439230067130425894e+00,2.537478942498780476e+00
1.177767039731778986e+00,-2.437469184163094660e+00,2.742160721023430003e+00
1.176871405407365900e+00,-2.436012012587784881e+00,2.943185440677211329e+00
1.175823739790389233e+00,-2.434164846207032440e+00,3.137331018557206530e+00
1.174392151343846447e+00,-2.432669688644096606e+00,-2.938209941530962155e+00
1.172769380368846370e+00,-2.431172215481271159e+00,-2.745972181987197391e+00
1.170620430600580075e+00,-2.430240819959610832e+00,-2.540401926949309885e+00
1.087037664359561173e+00,-2.489828956152198014e+00,-2.524704250126108551e+00
1.004962704449597677e+00,-2.547894331798094658e+00,-2.528426601100713267e+00
9.168618323508591628e-01,-2.608866272787060847e+00,-2.530389316682856826e+00
8.261102154166001243e-01,-2.672087626992178055e+00,-2.534330194561317029e+00
7.421261557343302728e-01,-2.729252009574817617e+00,-2.538090688902578940e+00
6.999830531918161958e-01,-2.753889648600683415e+00,-2.401115086266408127e+00
6.983664103245571519e-01,-2.753854276074463758e+00,-2.217614963910347736e+00
6.964774500927487511e-01,-2.753735227150525322e+00,-2.028192825852979553e+00
6.947509555420455785e-01,-2.754187906729466562e+00,-1.849095713312438827e+00
6.932444510842966645e-01,-2.754868065250287046e+00,-1.669220901594372641e+00
6.918545090598225977e-01,-2.756191513098553258e+00,-1.488995507371029703e+00
6.908516597254508174e-01,-2.757541114938967475e+00,-1.312044465653637193e+00
6.905108318661272726e-01,-2.759582618526691178e+00,-1.126322165332185987e+00
7.444519636419959507e-01,-2.847192728548078922e+00,-1.004419717771599219e+00
7.976833560994517347e-01,-2.932902734921458698e+00,-1.006643858296154770e+00
8.524884735223275944e-01,-3.021514314601550399e+00,-1.005425634809810731e+00
8.696729813979677814e-01,-3.052409125512301813e+00,-8.348410031489718053e-01
8.700613887780745959e-01,-3.054903032396656393e+00,-6.496185665438996004e-01
8.703399537838933941e-01,-3.057508299517055050e+00,-4.698425606671273180e-01
8.712149483644051617e-01,-3.060101414151100485e+00,-2.878607779564874569e-01
8.723194869484890424e-01,-3.062691817798781635e+00,-1.050699805898406003e-01
8.736334984262693615e-01,-3.064789162002302003e+00,7.259666704448089480e-02
8.746198998259214763e-01,-3.066932328575525002e+00,2.530183939101995905e-01
8.763021955358670789e-01,-3.069175915245148545e+00,4.420146386548755024e-01
8.779378779212608785e-01,-3.070988959761010051e+00,6.219983792736740735e-01
8.796933205468582262e-01,-3.072321296962149617e+00,8.052707091143819218e-01
8.816423518056027975e-01,-3.073384334438921783e+00,9.875297141487839880e-01
8.832356811512706019e-01,-3.074299208246106918e+00,1.169476513736119827e+00
8.847939293944860895e-01,-3.074201145853730388e+00,1.367716768790416149e+00
8.858518896853946334e-01,-3.073886699314848592e+00,1.550390566755463828e+00
8.876104867257903486e-01,-3.072876583736198874e+00,1.738928161195531841e+00
8.889927356572636663e-01,-3.071679224761149740e+00,1.914280302567043623e+00
8.905066050476333483e-01,-3.070051205673971495e+00,2.092569466599638162e+00
8.913964599125462351e-01,-3.068429828952419669e+00,2.272834186859562955e+00
8.918022544056942724e-01,-3.066883020943049321e+00,2.453417072164456592e+00
8.911871647199313129e-01,-3.064499725628154980e+00,2.715809294368411120e+00
8.910178714971712655e-01,-3.062691016119971632e+00,2.896688461426018435e+00
8.904466273966892276e-01,-3.060784706041743686e+00,3.077422303313230856e+00
8.898203245839377828e-01,-3.059244388749208898e+00,-3.028755672482178696e+00
8.893590175745172965e-01,-3.058134662594571562e+00,-2.854579517523391452e+00
8.877144556320882840e-01,-3.056956729951014751e+00,-2.668360271526942551e+00
8.866569536409731889e-01,-3.056641069134900857e+00,-2.485278395453000222e+00
8.856033116836501407e-01,-3.056835476186802403e+00,-2.303669131975340179e+00
8.841840786126111684e-01,-3.057274115344039700e+00,-2.121505203574005627e+00
8.829506845715848762e-01,-3.057643223178795111e+00,-1.944987185171517696e+00
8.814721822251790906e-01,-3.058122211745809338e+00,-1.767013117868282190e+00
8.801976226802981085e-01,-3.059310819510540735e+00,-1.586441674361279031e+00
8.793275849272066402e-01,-3.060914071348400434e+00,-1.406618709043346849e+00
8.790680432253474841e-01,-3.062686188894302663e+00,-1.224101559545157203e+00
8.791216496392518787e-01,-3.064637504708741300e+00,-1.039189200948076319e+00
8.939019160821819465e-01,-3.083379316046409357e+00,-8.818957346885022419e-01
9.604252284760278480e-01,-3.163178865295062536e+00,-8.823939177055535321e-01
1.027237286749741907e+00,-3.241778959417481065e+00,-8.786998568031365586e-01
1.079569940395982863e+00,-3.301060536504062171e+00,-1.041789333400683804e+00
1.079279940900838453e+00,-3.299780675102730765e+00,-1.220116335965387044e+00
1.079742918420714792e+00,-3.299010397933418659e+00,-1.420987566600192098e+00
1.080631521960533359e+00,-3.298337585410183959e+00,-1.622299418296823781e+00
1.081331405090503184e+00,-3.298007355326085133e+00,-1.800231360642285061e+00
1.082474971668486052e+00,-3.298094261858341536e+00,-2.001771291279678344e+00
1.083966522915066122e+00,-3.298376492222585554e+00,-2.178852450476556069e+00
1.085358578213256209e+00,-3.299299263144412908e+00,-2.376000919457064153e+00
1.008080318491509253e+00,-3.366788714422315199e+00,-2.431703752551137132e+00
9.429568418971137067e-01,-3.419112252437344512e+00,-2.261894354126739781e+00
9.404792767752157001e-01,-3.418476390351179450e+00,-2.058883141860541333e+00
9.380596340933103905e-01,-3.418784005533439085e+00,-1.867755432103940683e+00
9.355513014988100506e-01,-3.419815519130473547e+00,-1.692877981363356321e+00
9.338598312496156906e-01,-3.421471591512774690e+00,-1.502944705951275051e+00
9.324899622470491645e-01,-3.423242095089668258e+00,-1.326258287273471614e+00
9.327593019945151775e-01,-3.424423399362002574e+00,-1.142746969735336959e+00
9.329541348968373171e-01,-3.425809879311109363e+00,-9.550121438865655232e-01
9.328747338826984814e-01,-3.427833897835008248e+00,-7.717604629017148499e-01
9.325645012558029245e-01,-3.430087389527212149e+00,-5.870433326687332087e-01
9.327916810659617752e-01,-3.432427437861205632e+00,-4.065867011467683145e-01
9.330626039367846403e-01,-3.434948315691555010e+00,-2.240220940393142235e-01
9.335104034246314297e-01,-3.437177410136606159e+00,-2.927246522941127221e-02
9.345700788456178243e-01,-3.439718217422849111e+00,1.537460516441136460e-01
9.359009513079908915e-01,-3.441980390576266036e+00,3.374986322672459127e-01
9.374545918326619987e-01,-3.443719228598770332e+00,5.199354788511428849e-01
9.386039056304723571e-01,-3.444833978976024280e+00,7.007984278409532530e-01
9.402215980971335707e-01,-3.445916821853108658e+00,8.803620905896316629e-01
9.416064210774601761e-01,-3.446465259148526972e+00,1.063512683661924196e+00
9.429300342874192831e-01,-3.447182876165482135e+00,1.224639475349551532e+00
9.447491436330422987e-01,-3.447545031867131904e+00,1.401373884354693011e+00
9.461169550361877567e-01,-3.447304781146338204e+00,1.585428603589149388e+00
9.472279699336525471e-01,-3.446769210186324095e+00,1.766947995247586167e+00
9.481543277976341999e-01,-3.446085433064909775e+00,1.945079206791145321e+00
9.487241497975268389e-01,-3.445299213243036895e+00,2.124556664364222858e+00
9.491046927765049990e-01,-3.444308229229809282e+00,2.305837345193445742e+00
9.487405864066180694e-01,-3.443649351976373563e+00,2.486378578052010901e+00
9.480028115635196206e-01,-3.443229442358117787e+00,2.667491672365766675e+00
9.469342388433305002e-01,-3.442797959583529188e+00,2.849082281746317502e+00
9.462480300236097985e-01,-3.442207158011781676e+00,3.034331079738071590e+00
9.454382372937508716e-01,-3.441631972737008383e+00,-3.068392899339491997e+00
9.441255901411987894e-01,-3.440742523611948656e+00,-2.886267372377476992e+00
9.427495438649955428e-01,-3.439751576804749522e+00,-2.704023525810931528e+00
9.411183553267008506e-01,-3.439128024244752613e+00,-2.522132865313100325e+00
9.412819905395521936e-01,-3.439921322586275032e+00,-2.517180349285152552e+00
9.434148703984430728e-01,-3.442656295522399379e+00,-2.682122896608748697e+00
8.534205203190183830e-01,-3.491383842635033208e+00,-2.687629556994829638e+00
7.568371373065182484e-01,-3.540098732267381365e+00,-2.688118392085445230e+00
6.625646502066693255e-01,-3.588590984284214525e+00,-2.687350386312822526e+00
5.685436008464985758e-01,-3.636329378105073395e+00,-2.688948449008623509e+00
5.156507762995501398e-01,-3.662231045467626345e+00,-2.522354595561775437e+00
5.153597049327711677e-01,-3.661488105862084286e+00,-2.607053412837796458e+00
5.164902830807123202e-01,-3.661742555790010289e+00,-2.797190712235427146e+00
5.174340480646966167e-01,-3.663252461366823809e+00,-2.980871426362937893e+00
5.184407095590450876e-01,-3.664749845219916313e+00,3.122806046209373410e+00
5.192801205184253144e-01,-3.667013410938237516e+00,2.943338535007686385e+00
5.199088008311913978e-01,-3.669493728706229252e+00,2.766534108324741670e+00
5.203789622650616398e-01,-3.672213205394992297e+00,2.583999766182055957e+00
5.207405871626540339e-01,-3.674791551754275964e+00,2.408989941523294487e+00
5.210514069277950577e-01,-3.677293075158013735e+00,2.226248393990069463e+00
5.207776705787419136e-01,-3.679843870775370895e+00,2.047426752492640833e+00
5.199155143667416601e-01,-3.682487347737906980e+00,1.866485752037696733e+00
5.184808266561395929e-01,-3.685111221267930226e+00,1.667279887244061509e+00
5.172091236989119212e-01,-3.686872105900128371e+00,1.493091759064812729e+00
5.150347973494139309e-01,-3.688434193166744812e+00,1.270367930715833538e+00
5.139389016197761784e-01,-3.689766409197261066e+00,1.086469613058252071e+00
5.124426109709684374e-01,-3.690473976339172957e+00,8.750983899568581803e-01
5.109298252853594624e-01,-3.690587024985642728e+00,6.975599332504290873e-01
5.095904793802551458e-01,-3.690585349435930862e+00,5.188203780512108398e-01
5.081499177396044953e-01,-3.689331250993517664e+00,3.312458111178547271e-01
5.067166995267594620e-01,-3.688195553636080426e+00,1.530234003412233312e-01
5.057013859475876227e-01,-3.686859443197772368e+00,-2.111724526406819069e-02
5.047737731172428077e-01,-3.685304044400139478e+00,-1.991537073137723268e-01
5.040519709429173156e-01,-3.683135273576316759e+00,-4.028895440677519035e-01
5.035336953204905264e-01,-3.681853268475451024e+00,-6.018414847789896882e-01
5.034246652130119903e-01,-3.680374340708155056e+00,-7.998346468048040947e-01
5.037769078519379606e-01,-3.679087453434665811e+00,-9.771410108440965470e-01
5.042410653761659756e-01,-3.677584227728094568e+00,-1.151021735739864882e+00
5.053630252410906687e-01,-3.676291722706666931e+00,-1.325473910564935132e+00
5.067789601978897052e-01,-3.675229939496741149e+00,-1.517746819698565508e+00
5.076816517203408541e-01,-3.674202830948598120e+00,-1.725299301186789203e+00
5.089597037315195527e-01,-3.674013969728231910e+00,-1.913617009798038060e+00
5.103215320625426044e-01,-3.674084608429093901e+00,-2.092468478726686953e+00
5.119288233520103981e-01,-3.674784990726169820e+00,-2.277928551936418078e+00
5.134790723065972839e-01,-3.676168539735411134e+00,-2.481695278148346784e+00
5.147417072474130828e-01,-3.677164313993730005e+00,-2.660719148027854697e+00
5.156994305396132017e-01,-3.678525406687290111e+00,-2.846820070238611944e+00
5.167339953639162875e-01,-3.680014429631466744e+00,-3.050926705701149988e+00
5.174085840919331325e-01,-3.681711525530085627e+00,3.051854260547361974e+00
5.184199353441584224e-01,-3.683404735690813947e+00,2.869066213892422557e+00
5.189190886639379885e-01,-3.685415725059833836e+00,2.665694465704609772e+00
4.323040271127141509e-01,-3.632627687205686406e+00,2.552747408689567177e+00
3.451719095644980584e-01,-3.576950029222731864e+00,2.553360927277446457e+00
3.368271672221840318e-01,-3.573005804542096708e+00,2.730774915770322941e+00
3.361618685743602009e-01,-3.574819323098151092e+00,2.573559558568935035e+00
3.358541711774779559e-01,-3.576831967746431751e+00,2.395697137214973349e+00
2.634169065712728686e-01,-3.508375722103315386e+00,2.349285617183517694e+00
1.913645667363442215e-01,-3.437888459167024013e+00,2.349374862037854061e+00
1.182499385915524170e-01,-3.366145425172217376e+00,2.346834795349372449e+00
4.453237097986211673e-02,-3.292799074339258336e+00,2.346422427775489261e+00
3.970475895147738965e-02,-3.289135465948159531e+00,2.518248332295252467e+00
3.724259016177220577e-02,-3.288449482246126543e+00,2.695694989975617961e+00
3.444288934303994798e-02,-3.287692699489961345e+00,2.880475187914651070e+00
3.196606029726539733e-02,-3.286848741482632619e+00,3.066082338366626026e+00
2.964876518237108752e-02,-3.286147811313623102e+00,-3.037295521043299473e+00
2.737495953744291735e-02,-3.285486784876089583e+00,-2.855775845295778215e+00
2.477583539413017594e-02,-3.284923140888246440e+00,-2.678050463752355892e+00
-6.289309926737725320e-02,-3.339894273036615679e+00,-2.544692916791568393e+00
-1.542434865380070963e-01,-3.399619074489117043e+00,-2.548924787383698654e+00
-2.417016523184417343e-01,-3.456850399246678585e+00,-2.551170912253552192e+00
-3.271740284086969708e-01,-3.512275528695031568e+00,-2.553851444769589474e+00
-4.148423489796811414e-01,-3.569178676085928092e+00,-2.558349257272638955e+00
-4.801365496786433873e-01,-3.610007194291007249e+00,-2.465193199678501035e+00
-4.811914221475406261e-01,-3.609891776652387030e+00,-2.505632059822217705e+00
-4.809135343632823800e-01,-3.610793272524972064e+00,-2.700285888727263384e+00
-4.806206484014853841e-01,-3.611956088083249750e+00,-2.882986786572185434e+00
-4.801631648056965962e-01,-3.613450159684210572e+00,-3.063674196793050974e+00
-4.796516161396927047e-01,-3.615396775111253902e+00,3.007125944004415796e+00
-4.794263424464715317e-01,-3.617041661295728350e+00,2.804117882295543929e+00
-4.796559400205469559e-01,-3.618520748032080014e+00,2.623769005249166231e+00
-4.802059911960223637e-01,-3.620146376767955143e+00,2.437395444081026596e+00
-4.807818158079792958e-01,-3.622173548882163363e+00,2.227866931867270139e+00
-4.818195189435513504e-01,-3.623836764461514814e+00,2.027367764123921834e+00
-4.832889912113711994e-01,-3.625001768870701024e+00,1.843892442636364759e+00
-4.854108961077175932e-01,-3.625626706868182669e+00,1.660347556652220780e+00
-4.878226027556061273e-01,-3.626106463254812784e+00,1.474607484979687078e+00
-4.903984502213152297e-01,-3.626401290936750677e+00,1.292360002965224464e+00
-4.933641135399225441e-01,-3.626172579948683694e+00,1.111618424060661026e+00
-4.964851365090992008e-01,-3.625444528934556487e+00,9.091108218720096446e-01
-4.991423514507355441e-01,-3.624330650308919655e+00,7.281193970164915319e-01
-5.020713528403094594e-01,-3.622823917179522901e+00,5.423291455911394277e-01
-5.047815107884374708e-01,-3.620801356120330716e+00,3.319791585640171072e-01
-5.072793866374764038e-01,-3.618466830866802653e+00,1.532139068452181008e-01
-5.098675747331404828e-01,-3.616137706937412322e+00,-5.148182216836559577e-02
-5.117633228725959604e-01,-3.614064743371678823e+00,-2.324650740162232387e-01
-5.135012173369766231e-01,-3.611787261609904487e+00,-4.198972631816869083e-01
-5.148127467565115634e-01,-3.609347394570385781e+00,-6.023557632700000664e-01
-5.159796548311850195e-01,-3.606932835702925555e+00,-7.776718323711022673e-01
-5.166964313859688795e-01,-3.604579228929693180e+00,-9.589969918621584766e-01
-5.169843997426513127e-01,-3.602202761286469990e+00,-1.143603029025778373e+00
-5.169462636828170421e-01,-3.600117825920432502e+00,-1.318304024906724603e+00
-5.170366646862971649e-01,-3.598458216500616924e+00,-1.497011583968427706e+00
-5.158777831965566385e-01,-3.596953765348824383e+00,-1.676961283443632489e+00
-5.146695925143693895e-01,-3.595956972962014664e+00,-1.862973333942379739e+00
-5.132643925555722131e-01,-3.595233110655186248e+00,-2.067936483270587100e+00
-5.117164659264209492e-01,-3.595358981926220832e+00,-2.244501747455253771e+00
-5.791440299028698391e-01,-3.666459467122752613e+00,-2.307374442949296611e+00
-6.492119422315498767e-01,-3.740600620567810175e+00,-2.302546074385360519e+00
-7.181238435371353201e-01,-3.815522657283231478e+00,-2.275120187986293452e+00
-7.511524123075781212e-01,-3.859929746693272268e+00,-2.088038783697836465e+00
-7.650663637678641882e-01,-3.882935487101813798e+00,-1.905429940758408547e+00
-7.672562870616626007e-01,-3.883064572056034613e+00,-1.722765278689056823e+00
-7.692477546235105823e-01,-3.883474199952568373e+00,-1.538612272325379005e+00
-7.708656109413829505e-01,-3.884419614812333332e+00,-1.349344049265355672e+00
-7.726364314579872161e-01,-3.885562953064686464e+00,-1.144479678396268518e+00
-7.733160911348185840e-01,-3.887013573514882303e+00,-9.618795777728140761e-01
-7.736583536739654043e-01,-3.888992072344386486e+00,-7.770723708886410064e-01
-7.733724639011280155e-01,-3.891046308878012283e+00,-5.967175510719336939e-01
-7.731238799713671117e-01,-3.892992817824270535e+00,-4.123933137664643755e-01
-7.725110601189795201e-01,-3.895086308607123460e+00,-2.340086313957752406e-01
-7.715724967932260370e-01,-3.896748858878791744e+00,-4.953306251804551197e-02
-7.710494174611900453e-01,-3.898514335400560693e+00,1.278023980461935605e-01
-7.694512976416543193e-01,-3.900595338765068476e+00,3.131449568163772179e-01
-7.677650571656738920e-01,-3.902325699632740008e+00,4.916155323592236170e-01
-7.658284046729830763e-01,-3.904016143706801500e+00,6.777124093267661298e-01
-7.636095449046097494e-01,-3.905120914192750536e+00,8.999955863347739449e-01
-7.061452119979533260e-01,-3.822707905023920993e+00,9.825054089522342604e-01
-6.423642254816536168e-01,-3.744827165495249410e+00,8.352831090390493429e-01
-5.689640320764569603e-01,-3.674806261461647683e+00,7.614535239211742690e-01
-4.959971311646799719e-01,-3.605928969805741513e+00,7.629692400044357781e-01
-4.204957510489380490e-01,-3.534571479581166464e+00,7.658548142121451852e-01
-3.457989714333849496e-01,-3.463780626049961064e+00,7.670402939166329759e-01
-2.701989811550363774e-01,-3.392288915899826840e+00,7.684399718823624603e-01
-1.961787303407107330e-01,-3.321795602536372627e+00,7.710101269100624322e-01
-1.211959508453775008e-01,-3.250707868827538594e+00,7.727872058024818358e-01
-4.734339997598557837e-02,-3.180814938682847259e+00,7.743673862738541525e-01
-3.555049416363700691e-03,-3.137147310004289480e+00,6.082593117718109177e-01
-4.720366690650584611e-03,-3.137287268235303017e+00,4.275271008857300381e-01
-5.361337669043155819e-03,-3.137169281131765075e+00,2.459346491736219553e-01
-6.075820350075559692e-03,-3.136680224297291097e+00,6.326013917605713410e-02
-6.640766987974599904e-03,-3.136117417927503759e+00,-1.192030584915978603e-01
-7.070107622054747076e-03,-3.135062875498721535e+00,-2.979237849484836498e-01
-7.191184401732410129e-03,-3.133661327038003375e+00,-4.713983199599844909e-01
-6.728325767648138042e-03,-3.132407745999469029e+00,-6.509504962298090502e-01
6.381760201779169972e-02,-3.197559532597960885e+00,-7.619937550291018269e-01
1.397238793190046235e-01,-3.267843096998020336e+00,-7.573000540503481703e-01
2.166675303688686827e-01,-3.339277487856166626e+00,-7.546993633700717075e-01
2.927781689302074719e-01,-3.409744698088187143e+00,-7.521632919309994003e-01
3.695257276719361439e-01,-3.481469138525473461e+00,-7.515335216114509276e-01
4.461241167654504403e-01,-3.552035433304603362e+00,-7.479335577499129917e-01
5.233908385805681185e-01,-3.622757035769458511e+00,-7.454980621947036035e-01
6.000300616408611454e-01,-3.691918434895689050e+00,-7.436901233343807816e-01
6.777249325018863679e-01,-3.762842786609418955e+00,-7.450249081302610099e-01
7.274442784346604185e-01,-3.804690844894286439e+00,-8.702129169808752174e-01
7.284866623334306235e-01,-3.803938457939658235e+00,-1.052761798877293042e+00
7.298972276506867640e-01,-3.803190398356343316e+00,-1.231084321528409742e+00
7.323880377777574058e-01,-3.802082583939495386e+00,-1.370512862147019506e+00
7.324568206883069754e-01,-3.804631009172203537e+00,-1.260347213166846281e+00
7.337926439325295203e-01,-3.803377286047263883e+00,-1.446705170218211212e+00
7.400001861164627881e-01,-3.903434766984134274e+00,-1.515751162175388522e+00
7.454760456636073673e-01,-3.942384273512502091e+00,-1.683784901266224709e+00
7.465952486461759907e-01,-3.942145248179608874e+00,-1.871676276344133694e+00
7.482466394378859409e-01,-3.942054124229270595e+00,-2.060152528480766687e+00
7.500065183139060787e-01,-3.942581192533708201e+00,-2.245764971874935068e+00
7.511446355214119741e-01,-3.943443368227101953e+00,-2.276926846102117707e+00
7.488907927527975739e-01,-3.944099847479883181e+00,-2.101593721021049799e+00
7.507622918824936598e-01,-3.945534590202667502e+00,-2.256058955486530682e+00
6.858029069022619773e-01,-4.021142641501284309e+00,-2.290722131488081903e+00
6.199858451873445642e-01,-4.097527379002973369e+00,-2.283868799515762937e+00
5.971432732883891203e-01,-4.127521269870786824e+00,-2.460522559595098802e+00
5.989934355538698574e-01,-4.128679473403551903e+00,-2.647250696410849535e+00
6.007161760191054301e-01,-4.130008871546875682e+00,-2.830396638315773927e+00
6.021565890300104584e-01,-4.131598438700252451e+00,-3.009394715366943807e+00
6.036815336401357701e-01,-4.132994140735197774e+00,3.086725568623398086e+00
6.047235538002273536e-01,-4.134627116498805321e+00,2.898814468200211270e+00
6.056693879861264618e-01,-4.137094819930406508e+00,2.714717547133925102e+00
6.063102581078536613e-01,-4.139170723249971040e+00,2.538090733675813837e+00
6.068138065248944724e-01,-4.141426374832527735e+00,2.362774604232418252e+00
6.059693166779637208e-01,-4.143377729831533962e+00,2.183942272494160619e+00
6.050384695185868633e-01,-4.145385497291271371e+00,2.012054597692312541e+00
6.024625091920926545e-01,-4.147362979036879338e+00,1.831570910507855476e+00
6.001219438799584305e-01,-4.149207198624750070e+00,1.655732642435148394e+00
5.977957236904846150e-01,-4.150815005187530993e+00,1.469924369902473105e+00
5.955935083427137400e-01,-4.152203934502487037e+00,1.284369417350815334e+00
5.932841584001449231e-01,-4.152562510166390553e+00,1.106177492721161615e+00
5.904319082109050765e-01,-4.151910275980643661e+00,9.314514932678629178e-01
5.868523208284157633e-01,-4.150787108468111164e+00,7.538668799989165503e-01
5.833182944054977614e-01,-4.148988913380388333e+00,5.814489975157536295e-01
5.799693415315262390e-01,-4.147798229450255114e+00,3.942125854417030117e-01
5.774034749857855919e-01,-4.147717825388844481e+00,2.122201882421744235e-01
5.751022090429840361e-01,-4.146870867091611679e+00,3.142379595315162449e-02
5.726557206693103641e-01,-4.146389614904968823e+00,-1.500568000792835699e-01
5.702736469365760064e-01,-4.145747340433876715e+00,-3.328296489409807157e-01
5.681102841060277076e-01,-4.145122700915395697e+00,-5.170980977600723172e-01
5.660868371303033886e-01,-4.144529018473903648e+00,-6.963615117886556849e-01
5.649741256969942338e-01,-4.143450215873784259e+00,-8.793677767328818007e-01
5.644321668911068679e-01,-4.142278975644339667e+00,-1.065855216032987718e+00
5.640763559469594846e-01,-4.141254702388070363e+00,-1.241942643840096894e+00
5.640981884817390934e-01,-4.140440628124470557e+00,-1.433155748477385805e+00
5.653973821589526327e-01,-4.139234032397673069e+00,-1.608194557858843243e+00
5.671842436891543215e-01,-4.137746432362711779e+00,-1.784040685912763768e+00
5.692791313812265441e-01,-4.136936213421694930e+00,-1.966214994652341064e+00
5.711643258636369680e-01,-4.136566731971139887e+00,-2.149207961592119798e+00
5.224338804065730146e-01,-4.192763072884344133e+00,-2.291013725289352099e+00
4.561945211274415768e-01,-4.268746783193746452e+00,-2.282828591312767497e+00
3.899988377748089818e-01,-4.345111779611551484e+00,-2.271582421129373142e+00
3.257444309331610222e-01,-4.423686069127112930e+00,-2.165688315398379693e+00
2.691387732037862079e-01,-4.505713472934656849e+00,-2.157974103563932378e+00
2.134436261910119259e-01,-4.589339675129538776e+00,-2.055298818532379279e+00
1.681312350166439817e-01,-4.679574506668577882e+00,-2.005182520346728836e+00
1.596195351032761167e-01,-4.691131227005565840e+00,-1.829230945007036979e+00
1.588194246130934517e-01,-4.692493938929171549e+00,-1.637550196207844921e+00
1.598339594585266032e-01,-4.730037259562345220e+00,-1.479894095191691239e+00
1.675155953640939388e-01,-4.774794377935945633e+00,-1.304088132477445816e+00
1.696341626988184248e-01,-4.784036726584102617e+00,-1.126374271699372986e+00
1.792518742975343915e-01,-4.804807509219760853e+00,-9.467593629771177133e-01
2.149584138303696490e-01,-4.855384640546899000e+00,-1.004019130246500469e+00
2.674934824239619813e-01,-4.944970130749823056e+00,-1.014250434855686001e+00
2.718868949426607728e-01,-4.951756113775993562e+00,-1.188906271705958417e+00
2.732512649542546690e-01,-4.951225927518088987e+00,-1.364923885895187761e+00
2.752464109453897079e-01,-4.950703247355575876e+00,-1.542481413588426609e+00
2.778637625078557161e-01,-4.950648210972335761e+00,-1.730167948121041910e+00
2.803020192683028378e-01,-4.950745367116281770e+00,-1.908571742696282492e+00
2.834650412721067547e-01,-4.951510540021228479e+00,-2.096062787930179638e+00
2.862355334880326008e-01,-4.952216529426622493e+00,-2.281729322247529002e+00
2.885942883314013274e-01,-4.953062946310129000e+00,-2.457156821576020000e+00
2.911677055846166318e-01,-4.954897867587289007e+00,-2.562626777147110957e+00
2.890892948508871352e-01,-4.955895189269086565e+00,-2.383997153149908677e+00
2.878165063662855294e-01,-4.957505370703096048e+00,-2.207671870178489204e+00
2.856509888590685331e-01,-4.958273518808375080e+00,-2.022828852216957518e+00
2.835267417873676421e-01,-4.961008905565911675e+00,-1.843490755629998201e+00
2.787301601856397859e-01,-4.982038561661151554e+00,-1.663657689626324432e+00
2.775155666409337418e-01,-5.004533296348891547e+00,-1.480792122391364485e+00
2.828629199238365532e-01,-5.041202963915095481e+00,-1.317887898455550877e+00
2.945305735897109090e-01,-5.087084775483146970e+00,-1.148381061692843597e+00
3.411114078955165274e-01,-5.179511693894971458e+00,-1.062665746363559371e+00
3.882999859345408478e-01,-5.271403020988153720e+00,-1.063849089737539444e+00
4.065130839962188825e-01,-5.317717962454875824e+00,-8.971465356986269013e-01
4.070304710537717696e-01,-5.320315183080819743e+00,-7.122659864559818255e-01
4.084411920113288352e-01,-5.322480799578664268e+00,-5.267623292119795186e-01
4.105207658810317572e-01,-5.324395905463479295e+00,-3.488634146520246948e-01
4.124511815730396713e-01,-5.326441450371720343e+00,-1.761768822256598588e-01
4.148424293197566781e-01,-5.328106086776997152e+00,5.540529400791212485e-03
4.175080645734657869e-01,-5.330113663443730943e+00,1.934538631950748488e-01
4.201981636720705793e-01,-5.332141231321237740e+00,3.808608729313187613e-01
4.234294396236235047e-01,-5.333240610951451188e+00,5.701583781244482507e-01
4.264187984036980072e-01,-5.334220063002841350e+00,7.523075031525114920e-01
4.721070577948925373e-01,-5.284406594776698718e+00,8.936321407677232376e-01
4.835864061891456678e-01,-5.275037368536836802e+00,1.069032026421555148e+00
4.865295137773273937e-01,-5.274752593342507900e+00,1.245702964284618242e+00
4.890671245593878336e-01,-5.274001710320289860e+00,1.428514756943408459e+00
4.913212200853780964e-01,-5.273118109336820680e+00,1.616652168823979663e+00
4.930229056528210863e-01,-5.271958368428361297e+00,1.793596991946811769e+00
4.944735480203336642e-01,-5.270479837548855073e+00,1.974854937512334985e+00
4.959395350088770527e-01,-5.268631293175790375e+00,2.150574031289960164e+00
4.376352037626770053e-01,-5.192148948668389608e+00,2.264535021978417717e+00
3.771346908896072714e-01,-5.114920832645712068e+00,2.266410465057603130e+00
3.142607391035355802e-01,-5.038619090270409551e+00,2.323591716427297449e+00
2.862051669360990980e-01,-4.998097151940362970e+00,2.143309823851998974e+00
2.706073608640353068e-01,-4.960198544132980558e+00,1.965385384263905300e+00
2.595322188814968012e-01,-4.912768377648000673e+00,1.781837204266491170e+00
2.575237652641630404e-01,-4.858750770796842033e+00,1.597773988451785421e+00
2.660920798582743219e-01,-4.797182457011580858e+00,1.423795376931120682e+00
2.901290980117580687e-01,-4.699060937294069262e+00,1.302605600936699970e+00
3.289472735364759592e-01,-4.607245224647562587e+00,1.176605461728882807e+00
3.729596854387897675e-01,-4.515585429914773741e+00,1.124228598765033782e+00
4.234866957746022398e-01,-4.423709449898446167e+00,1.127447749087125306e+00
4.724694465293424739e-01,-4.331500664083868024e+00,1.122046874544920136e+00
5.074916054041077595e-01,-4.275992575484670155e+00,9.560782472896179884e-01
5.469392174942689921e-01,-4.232446206468556404e+00,7.905647735267327114e-01
5.929192768887491249e-01,-4.194601940840420262e+00,6.242600240619475827e-01
6.438040092913593915e-01,-4.164784221673058617e+00,4.545958319235434697e-01
6.998400417802767004e-01,-4.144147358002299164e+00,2.845586716962633655e-01
7.440120574551547517e-01,-4.135700967048282273e+00,1.134530582262977122e-01
7.835187227624625939e-01,-4.136072756619859625e+00,-7.287533034176889302e-02
8.382227131026016576e-01,-4.146380091934145362e+00,-2.458392288269720394e-01
9.363129208494227473e-01,-4.181234833104946702e+00,-3.489477821000965263e-01
9.926289158249621547e-01,-4.202007366065353189e+00,-1.767550651478980162e-01
1.017687776892080009e+00,-4.208440058457485478e+00,3.901816518459064968e-03
1.033582742748993644e+00,-4.211852403767906594e+00,1.899175447667044714e-01
1.042000446075904252e+00,-4.214876199620045227e+00,3.626254438728471752e-01
1.050590395398406596e+00,-4.217418176518579642e+00,5.436825463981560524e-01
1.069876250787801686e+00,-4.214304541637592827e+00,7.130065424882245928e-01
1.139730581486494643e+00,-4.144997328667560765e+00,7.894211830312581890e-01
1.208969426515346335e+00,-4.075731156873820815e+00,7.980438665267910459e-01
1.277419041286393053e+00,-4.005518403996508603e+00,8.036234713156763521e-01
1.345559130209821097e+00,-3.936108211327881801e+00,8.111626970787939594e-01
1.412572929464093852e+00,-3.865943993917508870e+00,8.122042928395964978e-01
1.418474101251988140e+00,-3.863402710018306596e+00,9.913426582546206456e-01
1.420084571917721306e+00,-3.864154673401247297e+00,1.174428838113428242e+00
1.421352973792890051e+00,-3.864640908503598205e+00,1.349070823773815375e+00
1.422506568060350585e+00,-3.864150257625639906e+00,1.531474790106387429e+00
1.423416325637784752e+00,-3.863696046213297652e+00,1.706210646300724720e+00
1.424133068454479067e+00,-3.863072525039910943e+00,1.894145650857807395e+00
1.424167257932194453e+00,-3.861844759959793372e+00,2.066622234337559760e+00
1.423121376618979417e+00,-3.861151541239773888e+00,2.257720065625752337e+00
1.421831577228657162e+00,-3.859316698876287255e+00,2.444993325435563136e+00
1.419662826039960635e+00,-3.857788769769920023e+00,2.628798964609534217e+00
1.418024731100332891e+00,-3.852618193528280166e+00,2.811994664674706268e+00
1.415935705999697980e+00,-3.847690688224074673e+00,2.995130864425263884e+00
1.413939163550042455e+00,-3.842650325596522531e+00,-3.107516721855494879e+00
1.411992509906495163e+00,-3.837516503619346153e+00,-2.925882751500449963e+00
1.409625228707650058e+00,-3.832728032049634415e+00,-2.746995209539337957e+00
1.407095751208897072e+00,-3.828084029721384063e+00,-2.569402985884117196e+00
1.404452265732144323e+00,-3.823861853209876926e+00,-2.389767255572612825e+00
1.402317379681644827e+00,-3.819628050855651047e+00,-2.206677677179078589e+00
1.399836123756669215e+00,-3.816059459879584725e+00,-2.019253436226910114e+00
1.397340498871836534e+00,-3.812871063634039714e+00,-1.836081504143850296e+00
1.395793125248177446e+00,-3.811040507578835168e+00,-1.644590236898185509e+00
1.394176310682218478e+00,-3.809128828895936181e+00,-1.460477886976191186e+00
1.393060871825003488e+00,-3.807609092775276149e+00,-1.279015736958077243e+00
1.392444986483345026e+00,-3.806207091024222944e+00,-1.094174638172500602e+00
1.391933224123911739e+00,-3.804820665236158028e+00,-9.133272238333862703e-01
1.391689818344393315e+00,-3.803601595248116585e+00,-7.284041033472354876e-01
1.391726809371922613e+00,-3.803993555065852572e+00,-5.507059527639855956e-01
1.392301911552616955e+00,-3.804475594164065999e+00,-3.679036249287671034e-01
1.393196943382939867e+00,-3.804245403555224225e+00,-1.905827788626383579e-01
1.394160542639225175e+00,-3.804104955404636002e+00,-8.046182910341388023e-03
1.395346036084254449e+00,-3.804171457864580663e+00,1.695910549606787776e-01
1.396812888974020783e+00,-3.805062966134166391e+00,3.508785633696208661e-01
1.398313658191733921e+00,-3.805647691857376724e+00,5.394197675750349585e-01
1.400003180277666681e+00,-3.806133450682677388e+00,7.206919921713396127e-01
1.401800417914214947e+00,-3.806271137159292550e+00,8.958666631140936865e-01
1.403776166988763174e+00,-3.806181689172404514e+00,1.082618687338690489e+00
1.405666479892114129e+00,-3.805566693395133093e+00,1.270320015519848189e+00
1.407226342899658089e+00,-3.804200717030281176e+00,1.454959514764567308e+00
1.407354142084455750e+00,-3.802557118590789820e+00,1.484702958680537144e+00
1.405006912609279235e+00,-3.803231608936829655e+00,1.304639487966410050e+00
1.402815508932026889e+00,-3.803026413693159302e+00,1.128983818203260991e+00
1.400296809066611248e+00,-3.802038643585757605e+00,9.485264256864912591e-01
1.398289601978040197e+00,-3.800757079830297425e+00,7.694595579103626903e-01
1.395950272407152415e+00,-3.799422880905511057e+00,5.873547307738735679e-01
1.393760873030443159e+00,-3.797816785223471658e+00,4.115133624837766235e-01
1.391771599567908746e+00,-3.796051389715329627e+00,2.301159334611617424e-01
1.389847801667027705e+00,-3.793996765126954607e+00,5.494387789510192521e-02
1.388638232904924497e+00,-3.792144431952908512e+00,-1.251089022035396237e-01
1.387355348610987305e+00,-3.790223086914442430e+00,-3.003664229110525885e-01
1.386389148615834843e+00,-3.788250270379739160e+00,-4.810973417552728004e-01
1.385532036410627610e+00,-3.785613451667021678e+00,-6.637328314048400735e-01
1.384836743900653255e+00,-3.782940911101622117e+00,-8.452172961729680356e-01
1.384548599663868229e+00,-3.779728253971583296e+00,-9.825652366602309895e-01
1.384780947037043131e+00,-3.782195634252136784e+00,-8.036350505192663141e-01
1.458224071384123688e+00,-3.851329821222789551e+00,-7.475861847697653495e-01
1.531520841078912065e+00,-3.917885350906197495e+00,-7.247813491542471898e-01
1.547233849815741413e+00,-3.931033425410995097e+00,-5.442089310824110848e-01
1.564698646549097738e+00,-3.940852290222563781e+00,-3.667085761681529443e-01
1.579239767921095883e+00,-3.949793912555099595e+00,-1.987298009789421616e-01
1.580708765066764387e+00,-3.951103471443872195e+00,-2.451680642703852470e-02
1.581952861766996010e+00,-3.951997080106556037e+00,1.630300323985437727e-01
1.583778995322051797e+00,-3.952685007511584026e+00,3.494444427413336274e-01
1.585164941792128523e+00,-3.952492338531251370e+00,4.334695854687768968e-01
1.582855035408395672e+00,-3.951357440409679622e+00,2.497648756594025854e-01
1.581285815466991762e+00,-3.950203157109975827e+00,6.534362062088254486e-02
1.579363909375170572e+00,-3.949678058063320396e+00,-1.204198565961443063e-01
1.577680564453113998e+00,-3.948596297845337943e+00,-3.065029220060242476e-01
1.576836148481956190e+00,-3.947452932035502293e+00,-4.848660830598922611e-01
1.602211415372499115e+00,-3.963654376859346851e+00,-6.420122882039800416e-01
1.614666274338921514e+00,-3.975566405639455070e+00,-8.198651313405149743e-01
1.637059050981636510e+00,-4.006577639462291174e+00,-8.717885291074460863e-01
1.665825332950700455e+00,-4.035886259076556293e+00,-7.079199966661826604e-01
1.667145428682758279e+00,-4.039148594791740265e+00,-5.252256661247699521e-01
1.668628728688338336e+00,-4.041618796883621023e+00,-3.415219131562075017e-01
1.670500192125532912e+00,-4.044176277995094715e+00,-1.645606166569988649e-01
1.672774629700522375e+00,-4.046369482310811172e+00,1.648587930310745422e-02
1.675078449190230856e+00,-4.048794663821928097e+00,2.023102545812703601e-01
1.677078189659127583e+00,-4.051060452668513001e+00,3.877218181291526844e-01
1.679253482523449303e+00,-4.052118218428668150e+00,5.744063196429892715e-01
1.680656376698375754e+00,-4.051974863300102037e+00,7.631228763704467344e-01
1.681915686411269206e+00,-4.050780178499316264e+00,9.479563044415243445e-01
1.678806780610182736e+00,-4.048043640087135131e+00,8.547622267879799729e-01
1.676225928331809722e+00,-4.048497240419942855e+00,6.709116893173396878e-01
1.674112226482639576e+00,-4.048734172087508298e+00,4.950419860059891430e-01
1.672236137119405441e+00,-4.048850247567329141e+00,3.112722379292316432e-01
1.670449284019299929e+00,-4.049025258076759393e+00,1.250978577932838620e-01
1.668302852807789449e+00,-4.048743229681371680e+00,-5.112100685081866908e-02
1.666111003517428024e+00,-4.048036524621787535e+00,-2.297104476493577740e-01
1.664642249586548273e+00,-4.046923379225336070e+00,-4.159853700502652019e-01
1.666735959728326444e+00,-4.047964278092533341e+00,-6.025965117583338415e-01
1.670020209973485992e+00,-4.049878046686448130e+00,-7.783232209297445969e-01
1.674337249409175277e+00,-4.054439856017762800e+00,-9.528516078604792883e-01
1.695035450436033431e+00,-4.094854183506274836e+00,-1.130110632527231207e+00
1.718658538733063956e+00,-4.166093525400292208e+00,-1.246244594186500354e+00
1.739280189331274817e+00,-4.224782285713676977e+00,-1.270399875552661539e+00
1.748646836037559549e+00,-4.277026443655481458e+00,-1.449028449761966986e+00
1.755475268955572155e+00,-4.378888133688663586e+00,-1.500081712125876043e+00
1.762922054274795869e+00,-4.481298133679516127e+00,-1.498162635617188210e+00
1.769653729917806118e+00,-4.583783489770345554e+00,-1.496342146840617504e+00
1.774032112513164172e+00,-4.611343842630811984e+00,-1.678527609583682301e+00
1.776654331549496701e+00,-4.611751903766951877e+00,-1.854970959883804893e+00
1.779532550414663072e+00,-4.612324440375314083e+00,-2.039079244860768636e+00
1.782763687910604800e+00,-4.613536236773219557e+00,-2.223128937838965591e+00
1.785407816039917384e+00,-4.615586042660394739e+00,-2.400964781972445561e+00
1.787826581572069307e+00,-4.617826173173849469e+00,-2.581571498859271951e+00
1.790114553875461034e+00,-4.619490843832027238e+00,-2.758285132672484874e+00
1.792445663197468786e+00,-4.620777007979873119e+00,-2.943570699602549912e+00
1.695734500420845947e+00,-4.641394379292158590e+00,-2.942567154801261520e+00
1.610314724912522921e+00,-4.658951191319769869e+00,-2.774572973441041146e+00
1.593236354756054629e+00,-4.666001999232803676e+00,-2.587258890972990777e+00
1.588498393432599576e+00,-4.668393118192233793e+00,-2.423939312151495162e+00
1.583658372376833157e+00,-4.671404619109482681e+00,-2.249269078137473343e+00
1.579288157777432700e+00,-4.675430748452107821e+00,-2.061931511450645349e+00
1.575400164818729909e+00,-4.680636266946584634e+00,-1.873645995610231596e+00
1.572184951667081387e+00,-4.692089802507463325e+00,-1.698350855004733484e+00
1.564399084496780556e+00,-4.795045292156886241e+00,-1.631080616182345455e+00
1.558271884471058577e+00,-4.898407826876016280e+00,-1.624060713461629835e+00
1.553335609886371538e+00,-5.000913543039667175e+00,-1.621798302004193726e+00
1.549689240382062794e+00,-5.075739174463492986e+00,-1.454255392037702821e+00
1.550398542398944812e+00,-5.078763841356828124e+00,-1.262713217591901360e+00
1.552092800053213706e+00,-5.082104934657052375e+00,-1.067684375014911646e+00
1.554955833605773829e+00,-5.085519152845671798e+00,-8.729068934251561496e-01
1.558237222014685175e+00,-5.088758268769863591e+00,-6.913615359183998832e-01
1.561909547379235486e+00,-5.092836583112781312e+00,-5.055692912129122751e-01
1.566183885878402515e+00,-5.096433680105770136e+00,-3.262271914129504791e-01
1.573801310762279693e+00,-5.103078929692268950e+00,-1.490285893144964458e-01
1.681548407117093191e+00,-5.123299813915074274e+00,-3.558026331963939221e-02
1.697641395550728349e+00,-5.135923203468350628e+00,-9.963274855930681195e-04
1.687510283697711388e+00,-5.149656705655250022e+00,1.390042610935859069e-01
1.694592443015515260e+00,-5.154694592750765914e+00,3.065536839965802840e-01
1.700978813134742751e+00,-5.159071410764624943e+00,4.861177418444553311e-01
1.707820784558565341e+00,-5.163521447295393862e+00,6.719426469498174237e-01
1.714530769699916579e+00,-5.167710323105868753e+00,8.570014477535641273e-01
1.722702184945687609e+00,-5.172316002697598947e+00,1.026869810717161657e+00
1.729771223186105100e+00,-5.175459060778980103e+00,1.209950510835590132e+00
1.736891156251777701e+00,-5.177993048905898732e+00,1.377486881061071200e+00
1.745427115868637413e+00,-5.182064235257776375e+00,1.553560973511320942e+00
1.750020075665008390e+00,-5.185078832441240237e+00,1.745539459369550572e+00
1.730136519461149547e+00,-5.095631080581572547e+00,1.866243744346432809e+00
1.704505177177153996e+00,-5.003242255837803576e+00,1.887659026589357802e+00
1.703125861681766828e+00,-4.994990039838908658e+00,1.712409841480832196e+00
1.702367318888464487e+00,-4.997900670738680162e+00,1.529168657268123344e+00
1.711945520680952404e+00,-4.936566583010129960e+00,1.424137432769507772e+00
1.712583330962861972e+00,-4.936818053203538170e+00,1.617701706427987274e+00
1.705221497845052392e+00,-4.854184815830570265e+00,1.497633991949729015e+00
1.705169263619448872e+00,-4.839864884346570584e+00,1.343995231862910700e+00
1.731034169156313807e+00,-4.748767901494322707e+00,1.287511791710104880e+00
1.760441659493336752e+00,-4.656189412815954221e+00,1.137469761391870726e+00
1.783778876983826978e+00,-4.612097670565181495e+00,9.477044613635282611e-01
1.801906044516166316e+00,-4.587718471897927586e+00,7.484917961544956810e-01
1.815584514527134319e+00,-4.574617127528918026e+00,5.499042357027091876e-01
1.836392330349422064e+00,-4.562787808717209792e+00,3.430941797438418206e-01
1.863434191171326804e+00,-4.553209188196149171e+00,1.530700610746509316e-01
1.880104252848532775e+00,-4.550439355438573585e+00,-3.886865579833226336e-02
1.905370157720283286e+00,-4.553669601909662745e+00,-2.374859347381085561e-01
1.933517202921782863e+00,-4.563488912217543714e+00,-4.328505673040043411e-01
1.957850864543265956e+00,-4.578381534436902989e+00,-6.203016246925111554e-01
2.009049154934479109e+00,-4.628067642755379296e+00,-7.649703014085585950e-01
2.029623807003484881e+00,-4.645305786074929166e+00,-5.852706449867958183e-01
2.053707691406726710e+00,-4.658538284674948571e+00,-4.019256752655016030e-01
2.084762237636355486e+00,-4.668465896059529996e+00,-2.204183840359041080e-01
2.133374700933290846e+00,-4.673279303369767490e+00,-5.678595492922158816e-02
2.231964678027225979e+00,-4.677759245365994190e+00,-1.409004780110459931e-01
2.256093440688489604e+00,-4.682138255266816707e+00,-9.117248916468381759e-02
2.257415893869194168e+00,-4.681902306395820723e+00,8.587578613202884181e-02
2.258545537162299777e+00,-4.681301294167049321e+00,2.649963839326723858e-01
2.259772124947781791e+00,-4.680600074433580282e+00,4.452515589881534397e-01
2.260697375794439079e+00,-4.679333022105262252e+00,6.302977671846479168e-01
2.261805027599840923e+00,-4.677094858655899579e+00,8.054599874684658101e-01
2.262588513306512450e+00,-4.675482583802030412e+00,9.871379194722957884e-01
2.263434003503791203e+00,-4.672796877538812232e+00,1.167857443351070890e+00
2.263767935518214536e+00,-4.669708227314155913e+00,1.348025103112203915e+00
2.263792123711683590e+00,-4.665919197839311749e+00,1.524149588559316593e+00
2.263651402236700250e+00,-4.662420945538424455e+00,1.706221675482428202e+00
2.261671556914340631e+00,-4.659302146088191598e+00,1.881302639407258726e+00
2.259026115769888765e+00,-4.655886270084217848e+00,2.062554421346911138e+00
2.255544952583737661e+00,-4.652584515970121792e+00,2.237312197220162613e+00
2.251027336952631241e+00,-4.648913509492025753e+00,2.412158684857804491e+00
2.246009924608585617e+00,-4.645393150354739653e+00,2.594969961431058181e+00
2.240424330346140191e+00,-4.641611886318420588e+00,2.781116478141929527e+00
2.234993887948863556e+00,-4.637922283465140794e+00,2.956527821645447140e+00
2.229324647029862216e+00,-4.634110429196781844e+00,-3.139216692766593209e+00
2.223530880033498303e+00,-4.630793456289580945e+00,-2.959091401574701408e+00
2.216953947909756195e+00,-4.626977092969258187e+00,-2.776123701474503047e+00
2.210445695881776640e+00,-4.623731971617978331e+00,-2.590458904779641802e+00
2.204431839801022530e+00,-4.620191732756559588e+00,-2.409631589203081958e+00
2.198066020358641737e+00,-4.616533950124733998e+00,-2.231173270095395011e+00
2.192186071293080296e+00,-4.612956027887312516e+00,-2.050357468547638895e+00
2.186253368775026740e+00,-4.609727625553795782e+00,-1.868578844860459220e+00
2.180316167869448485e+00,-4.606843698371568152e+00,-1.686439425372193712e+00
2.174798909412844150e+00,-4.604668680568885897e+00,-1.504262689146914633e+00
2.169511737733414769e+00,-4.602889803612701058e+00,-1.315406757317670206e+00
2.164850831412522325e+00,-4.601783334470425757e+00,-1.125238197220508551e+00
2.158217584856938487e+00,-4.600897948131270176e+00,-9.488635646557861403e-01
2.165754621888192233e+00,-4.614263118262718955e+00,-7.667619532640125302e-01
2.231391068807288658e+00,-4.678193142262490944e+00,-7.389971650186030194e-01
2.297129387160758540e+00,-4.742175929473811280e+00,-7.390053038662817153e-01
2.364083574451824266e+00,-4.805985184731206949e+00,-7.312059462351443440e-01
2.410130689933470016e+00,-4.843660688987324825e+00,-5.503278164105174231e-01
2.419099116508077962e+00,-4.851214951841757994e+00,-3.638059756575033887e-01
2.418231197909677110e+00,-4.851840226263430367e+00,-1.723942262131091530e-01
2.417469251376219486e+00,-4.853178640791577791e+00,1.527556947054602848e-02
2.417260265224695726e+00,-4.854367467471472963e+00,2.044848961487350791e-01
2.416841632226837788e+00,-4.854953224411338475e+00,3.889412743217462443e-01
2.416719360466863087e+00,-4.855179615814873451e+00,5.686282138533875763e-01
2.416810246231597681e+00,-4.855138305663729170e+00,7.474799098608206904e-01
2.412508242367787492e+00,-4.853921675529106139e+00,5.721101107847523792e-01
2.407854528653960990e+00,-4.852788770170664456e+00,3.932704580528106342e-01
2.403943692256592435e+00,-4.851163351762341591e+00,2.133498553155643851e-01
2.399917263938989631e+00,-4.849311701876711567e+00,3.965798587101379558e-02
2.400215760590223901e+00,-4.847656906564622226e+00,-1.333533826198269601e-01
2.401870991648298315e+00,-4.846944577981175506e+00,-3.068845574417505273e-01
2.413356298786584642e+00,-4.851908389633893925e+00,-4.814554488836728652e-01
2.419023366838675582e+00,-4.855557049326267638e+00,-6.563176691023664411e-01
2.429966928944749416e+00,-4.866608102232206079e+00,-8.319238642746056289e-01
2.455216074127493098e+00,-4.898846153595873609e+00,-1.002015682937758223e+00
2.472567794083651460e+00,-4.942011511382414568e+00,-1.180744679376303230e+00
2.485241057670639631e+00,-4.995706830635990414e+00,-1.361225368479058950e+00
2.495316368586626865e+00,-5.096159860294450006e+00,-1.529712559535600702e+00
2.488358516745096338e+00,-5.160400379195811738e+00,-1.711453162000607708e+00
2.467576026191836025e+00,-5.261802823529550643e+00,-1.752054056445673247e+00
2.446872129320035949e+00,-5.362666638779774786e+00,-1.752327922394388615e+00
2.426897867400747977e+00,-5.461888857246637308e+00,-1.704102248970770672e+00
2.423495286898969869e+00,-5.481950978082287484e+00,-1.527264423560996009e+00
2.421812160763413324e+00,-5.483828178166703537e+00,-1.340104036096468665e+00
2.420397824497229067e+00,-5.486467389143550477e+00,-1.159075974908813755e+00
2.418957352176121844e+00,-5.489179872484132972e+00,-9.754767897791207787e-01
2.419207044157969388e+00,-5.491887908856448064e+00,-7.966171527107968053e-01
2.420028182158636909e+00,-5.494622788719050632e+00,-6.127751100129051887e-01
2.421462191540675768e+00,-5.497278808125987126e+00,-3.853231303658114504e-01
2.422837062782830397e+00,-5.499332485008150861e+00,-2.074518051949616471e-01
2.424013050122844515e+00,-5.501148215500842653e+00,-1.761356613724884140e-02
2.425412993214917989e+00,-5.502730021074977884e+00,1.742053029757871518e-01
2.427390102041676823e+00,-5.504485997836551903e+00,3.829319811080512115e-01
2.429501194901804162e+00,-5.506336620772169788e+00,5.845921683028918459e-01
2.432519481921244342e+00,-5.507662750846589184e+00,8.710465791878518882e-01
2.435067100329034950e+00,-5.508524201457482228e+00,1.099011180648580277e+00
2.437383511850480744e+00,-5.508835400269736837e+00,1.273410941305067601e+00
2.439599977337623571e+00,-5.508626263196319428e+00,1.465460911887104922e+00
2.441324891657390417e+00,-5.507340340780046084e+00,1.689651014481453828e+00
2.442634114548519531e+00,-5.506307976487818223e+00,1.864190241798924452e+00
2.443646123814562809e+00,-5.504750285430011658e+00,2.077876008994089752e+00
2.443967032424374075e+00,-5.503069637218561461e+00,2.257262214615589180e+00
2.443789765621104504e+00,-5.500731255672518749e+00,2.516487809917657970e+00
2.443008957279577675e+00,-5.498895130414998889e+00,2.737130622828385373e+00
2.441859487333498890e+00,-5.497439524499165842e+00,2.960446305691025959e+00
2.440361504221392863e+00,-5.496470267671881516e+00,3.137259936438831609e+00
2.438101747676332920e+00,-5.494687383273488379e+00,-2.902402682520259791e+00
2.436418366368110267e+00,-5.493867298495185736e+00,-2.725159427358114339e+00
2.434417181320371437e+00,-5.493061541154303562e+00,-2.490318657420554249e+00
2.432573586507832175e+00,-5.492391576100565942e+00,-2.302655122677665478e+00
2.430843293574127095e+00,-5.492400017663539025e+00,-2.124060144232554403e+00
2.430269823569780829e+00,-5.493270233983912121e+00,-2.111788174541116891e+00
2.432367136462801671e+00,-5.494157424702345693e+00,-2.303656716101082136e+00
2.433855935999377440e+00,-5.495393061076659258e+00,-2.397677897251065726e+00
2.431766989645358645e+00,-5.495359870041785832e+00,-2.219596767613520871e+00
2.430283865332096838e+00,-5.496794381897752046e+00,-2.100086272140000432e+00
2.432751247292195718e+00,-5.497426664674420316e+00,-2.285466510254350325e+00
2.434998766110044066e+00,-5.498666258380572103e+00,-2.460730965384772428e+00
2.437392721057902722e+00,-5.500426596243520372e+00,-2.645117520921741683e+00
2.348455963185700490e+00,-5.542412050042618610e+00,-2.746885984507922984e+00
2.254868552694709649e+00,-5.583883079050160347e+00,-2.724010140914185474e+00
2.166091790511619486e+00,-5.633125525220915364e+00,-2.677752708164195194e+00
2.076943817939799430e+00,-5.680486770857836376e+00,-2.675842264165315232e+00
1.987142596143518514e+00,-5.728561668312409871e+00,-2.671738526131353542e+00
1.949997962425069620e+00,-5.748205209207521982e+00,-2.504773364530718194e+00
1.947309857599566207e+00,-5.748680878094119429e+00,-2.322832519488705838e+00
1.884643640295661671e+00,-5.828660716863060642e+00,-2.228876497740869489e+00
1.821751126487020311e+00,-5.910739602683981353e+00,-2.227720990482281671e+00
1.760240847079338256e+00,-5.991957239154263704e+00,-2.226418332029335367e+00
1.699098088283103714e+00,-6.074143096976302836e+00,-2.221667563749871288e+00
1.661945029423820719e+00,-6.132641647857866474e+00,-2.385585033330989368e+00
1.663843584978067280e+00,-6.134021546980110706e+00,-2.573611538781908958e+00
1.665838646809185697e+00,-6.135780043037061482e+00,-2.760674239628606585e+00
1.667623173803037373e+00,-6.136971708573066842e+00,-2.942125591538599316e+00
1.669418022830279291e+00,-6.138801955207899397e+00,-3.129178183353074516e+00
1.585837924633159091e+00,-6.133813231683133083e+00,3.093425489953774310e+00
1.557162028720182612e+00,-6.133644945201238485e+00,2.999428873284702757e+00
1.551844528034429072e+00,-6.133266390232061660e+00,3.078464832895453362e+00
1.550814454411747256e+00,-6.134026070552778265e+00,3.088402196192326699e+00
1.551948484703369102e+00,-6.136003891127884025e+00,2.903715367749275078e+00
1.461418450735702645e+00,-6.104570762684196517e+00,2.770222347001745522e+00
1.399889949623576824e+00,-6.084509208087196974e+00,2.552397994145918059e+00
1.399389543779516742e+00,-6.085762417565065974e+00,2.571804947667885255e+00
1.398314462982746864e+00,-6.084923654651301028e+00,2.750506077336791755e+00
1.397162040200743860e+00,-6.084579306814617006e+00,2.923958784341044836e+00
1.396246641970123825e+00,-6.084060842190812224e+00,3.105143970663236441e+00
1.394987655207712951e+00,-6.083623380917516421e+00,-2.975768751709888083e+00
1.393939420631576498e+00,-6.083093451604043800e+00,-2.802431613718590953e+00
1.392270678388272565e+00,-6.082555751334043137e+00,-2.626563976400222433e+00
1.390584498394705548e+00,-6.082128181125996846e+00,-2.446639022457084867e+00
1.388742005379923539e+00,-6.081817178858154094e+00,-2.266120803352405400e+00
1.386967310580184964e+00,-6.082067515661386814e+00,-2.092052242746276214e+00
1.385170397505235851e+00,-6.082725895457086196e+00,-1.912690362650139697e+00
1.383172069900560741e+00,-6.083471646339885019e+00,-1.732861820350158011e+00
1.381862493298972039e+00,-6.084595152109669947e+00,-1.554389646231350230e+00
1.380328992111548025e+00,-6.085731207291084743e+00,-1.377022041718063639e+00
1.379455953731232976e+00,-6.087202210621820875e+00,-1.202105414906426528e+00
1.379262328293666462e+00,-6.089119028565904479e+00,-1.021417293794532277e+00
1.378843811008585440e+00,-6.090698891294890061e+00,-8.418780054615384589e-01
1.379124490749306986e+00,-6.092692778516742180e+00,-6.680081101524235621e-01
1.380251427591604685e+00,-6.094504025358896016e+00,-4.887945128964617525e-01
1.381194328527184600e+00,-6.096502900535351266e+00,-3.149736838906154190e-01
1.381821205859317336e+00,-6.098640563933281022e+00,-1.345112468195528155e-01
1.381115010563245704e+00,-6.098977166600255018e+00,-2.377386659442663197e-01
1.379445228131509715e+00,-6.097850092005723255e+00,-4.142398290725995968e-01
1.451991717938744486e+00,-6.133580356582360338e+00,-4.916757517203084737e-01
1.533170577502747323e+00,-6.170867461918122743e+00,-4.563508864680262955e-01
1.618651663750926062e+00,-6.224741735429571321e+00,-6.014181516154426532e-01
1.688221861163111903e+00,-6.275655519629514956e+00,-7.644353408120694304e-01
1.711200468420716048e+00,-6.302131050132180334e+00,-9.403701697585243879e-01
1.711446540731667465e+00,-6.300659075663806341e+00,-1.129057080694183979e+00
1.712603286585397733e+00,-6.299218518146191492e+00,-1.308318320531865808e+00
1.714118688285615422e+00,-6.297702094658093053e+00,-1.490134760771942402e+00
1.715827776095472101e+00,-6.296371469533060150e+00,-1.677051346487484995e+00
1.718467691543475562e+00,-6.295532493660473961e+00,-1.861894563424444149e+00
1.709766108588310463e+00,-6.319056455732991573e+00,-2.022205561578374944e+00
1.692904194814019103e+00,-6.340411386334158017e+00,-1.959990548234467278e+00
1.691316538753423915e+00,-6.341687746898011291e+00,-1.771305544880790617e+00
1.689905536339529890e+00,-6.342903267520506816e+00,-1.584862629584437466e+00
1.689179620428614914e+00,-6.344677876394713145e+00,-1.403221500550400513e+00
1.688672618859919261e+00,-6.346658109108108015e+00,-1.217013221082975605e+00
1.688436909028554478e+00,-6.348990575073654163e+00,-1.041152352492158872e+00
1.688586465551841886e+00,-6.351788013669454003e+00,-8.549508445916093047e-01
1.755780240862653496e+00,-6.428933099738172174e+00,-8.323983426325701762e-01
1.826885650646806081e+00,-6.502786075273594868e+00,-7.510498221813358688e-01
1.899160350701567079e+00,-6.574240421189259997e+00,-7.566495104775580183e-01
1.970175328703932971e+00,-6.646020388783012045e+00,-7.626926328611444150e-01
2.041525320146730493e+00,-6.719419460522885856e+00,-7.660131324587959867e-01
2.092445000846397729e+00,-6.775592047613309354e+00,-6.040762479926435891e-01
2.092408174468357362e+00,-6.778081678205300165e+00,-4.187681696943051368e-01
2.093435384243511166e+00,-6.780725039027740486e+00,-2.290996402139666432e-01
2.094296263976680450e+00,-6.782953622731836774e+00,-4.323170835878970691e-02
2.095040058955611517e+00,-6.785560492650720477e+00,1.365502501306771477e-01
2.096213531466597502e+00,-6.787821722156348159e+00,3.145888535476834003e-01
2.097059351552117867e+00,-6.790433759445983597e+00,4.963982817652568547e-01
2.098642842932405106e+00,-6.792879533251566571e+00,6.716214530590534082e-01
2.100342490438498189e+00,-6.794989844738741347e+00,8.497481491584563118e-01
2.102045525064328402e+00,-6.796334921132661577e+00,1.029358072734463336e+00
2.103735008422176644e+00,-6.797419953343196930e+00,1.208722061340049114e+00
2.105188241559749152e+00,-6.798207451122721956e+00,1.387374678016837226e+00
2.106137575356443303e+00,-6.798339597267529122e+00,1.566215232969896842e+00
2.107239033366161696e+00,-6.798393291958646500e+00,1.745723076554635655e+00
2.107953383194821839e+00,-6.798181298241685155e+00,1.932841227755030644e+00
2.108195727922911100e+00,-6.797612771043038293e+00,2.110990650492827303e+00
2.107930181702639238e+00,-6.797893979852139168e+00,2.271595247520168392e+00
2.107293847973369161e+00,-6.797615842024002042e+00,2.449354434750838916e+00
2.029409078747896888e+00,-6.737391050978882134e+00,2.446425621711946885e+00
1.950599743586747481e+00,-6.677868665305338958e+00,2.450164576731725941e+00
1.871221630059341834e+00,-6.618481342013210700e+00,2.453006480346247464e+00
1.802156513211864652e+00,-6.568861348418123747e+00,2.449159639784264542e+00
1.729058768153097114e+00,-6.501122716426323223e+00,2.328475692998048352e+00
1.658066314857669976e+00,-6.431856062544924590e+00,2.328296185494743931e+00
1.586753572713123228e+00,-6.361859755706843700e+00,2.323085943141640186e+00
1.556560429302805693e+00,-6.331660710243326662e+00,2.142381701525850612e+00
1.545989071814812821e+00,-6.317208029567886740e+00,1.960782034677733154e+00
1.538542515305744374e+00,-6.301561095847235450e+00,1.782993271885023656e+00
1.533950275006330966e+00,-6.284888363740068762e+00,1.610408476104058240e+00
1.532058221088393735e+00,-6.267540138014113360e+00,1.441114282386935619e+00
1.532606708410180874e+00,-6.249608328344637975e+00,1.274359150745540736e+00
1.535185346826825281e+00,-6.232107030657124902e+00,1.114102991906751328e+00
1.540300683974061169e+00,-6.216131316843417132e+00,9.540808564179269480e-01
1.593870132024291397e+00,-6.139914760765228685e+00,8.964543967194680274e-01
1.647673063703660956e+00,-6.060838358914653057e+00,9.290698422752127206e-01
1.698906955039759969e+00,-5.979739877142353777e+00,9.552751559072654164e-01
1.747173301511235399e+00,-5.897826230604717779e+00,9.792113772154399376e-01
1.792274172364433760e+00,-5.813810586486039433e+00,9.979358699385059150e-01
1.832172304695499410e+00,-5.731666257410683585e+00,8.518542946069878052e-01
1.836044497725210611e+00,-5.718810677172036172e+00,6.890511282502663759e-01
1.842742574136596589e+00,-5.708853468864748315e+00,5.177836931753582173e-01
1.852051739684831055e+00,-5.701809554942117941e+00,3.381170880786307786e-01
1.862209648722508826e+00,-5.697897257328345511e+00,1.619649498897112461e-01
1.873076213999521622e+00,-5.697596923299694360e+00,-2.035082926171952536e-02
1.962860193254660768e+00,-5.711349678511122185e+00,-1.617660735149660800e-01
2.053016005594728188e+00,-5.727567650922038567e+00,-1.452082230842444976e-01
2.144026114424115725e+00,-5.741919476209548456e+00,1.277699055170969725e-02
2.236073804061841308e+00,-5.730369203616456630e+00,1.559502435052984859e-01
2.284909605375084141e+00,-5.714887193659961895e+00,3.499963328872967017e-01
2.300704974085309384e+00,-5.706931739642789658e+00,5.413150279618754723e-01
2.372413445689640632e+00,-5.645022116072540008e+00,6.988339140639306946e-01
2.414312631025696820e+00,-5.602199765364064277e+00,8.960222660660852601e-01
2.417512556852130956e+00,-5.594876147921624465e+00,1.088457538485702480e+00
2.417617599341484791e+00,-5.594864853679370142e+00,1.281325980633168271e+00
2.438037774681412806e+00,-5.498840711694905181e+00,1.333745764436754078e+00
2.458486278859465912e+00,-5.402435599678288014e+00,1.339818042609422832e+00
2.479531914737753251e+00,-5.304983898998333558e+00,1.337337806338120938e+00
2.501499555364897098e+00,-5.206732622078002137e+00,1.333820874887247099e+00
2.524016306573933388e+00,-5.109856269051233468e+00,1.328515869782028513e+00
2.539606127311862416e+00,-5.027588867183514942e+00,1.145307734408458789e+00
2.581370613753788401e+00,-4.937402409492716693e+00,1.111037538775296873e+00
2.624775319734240053e+00,-4.845751976323023236e+00,1.107320182133900044e+00
2.667777965387166272e+00,-4.754176656941718981e+00,1.104266792250120810e+00
2.692259256013498803e+00,-4.693725854913288309e+00,9.251805145972016309e-01
2.688581231386123704e+00,-4.692084522364379673e+00,7.542368947785546007e-01
2.684873832606274213e+00,-4.690680609616996399e+00,5.741105633851575352e-01
2.681291839830983292e+00,-4.689216647240387559e+00,3.972031283972035087e-01
2.677944952801435186e+00,-4.687342896797094483e+00,2.112215166244263975e-01
2.674466713581240995e+00,-4.684823365866540357e+00,2.316438587482872249e-02
2.671241651453150734e+00,-4.682181003580735634e+00,-1.657478124081193660e-01
2.666978183887596554e+00,-4.677372213319410221e+00,-3.377313066444005418e-01
2.605747732674975392e+00,-4.645663936784661274e+00,-2.928685704504931930e-01
2.604833798179376547e+00,-4.643894187069443014e+00,-1.033415369274450490e-01
2.604549247860592942e+00,-4.643221613542107384e+00,8.011693279795267797e-02
2.604320273143229780e+00,-4.643934765206384263e+00,2.586053817611006500e-01
2.604049192309840333e+00,-4.644548480123769529e+00,4.319379755161208423e-01
2.603810000785511392e+00,-4.644380852572556506e+00,6.094870811740865646e-01
2.603605315800829434e+00,-4.643840289277457956e+00,7.861006171204851789e-01
2.603505973930823281e+00,-4.643291199633602595e+00,9.655006907961847240e-01
2.648241708024410279e+00,-4.552124576141425294e+00,1.035790167631671421e+00
2.691707349326327048e+00,-4.462742617878131313e+00,1.210952046886256461e+00
2.691415176931129416e+00,-4.460162189252492304e+00,1.396641559416788025e+00
2.690628700381513472e+00,-4.456867305082781172e+00,1.582950108249869592e+00
2.689084120821934043e+00,-4.453998724020281408e+00,1.763379628886662109e+00
2.687134649124640617e+00,-4.450817085243291338e+00,1.940099140874120831e+00
2.685407470789287654e+00,-4.446771463408569325e+00,2.124252875969098842e+00
2.683558279024972570e+00,-4.443145463504193593e+00,2.305694859621109316e+00
2.680860747815116962e+00,-4.438955799175367645e+00,2.419584634279634106e+00
2.679265063142584058e+00,-4.438134282120289598e+00,2.296762023630337879e+00
2.678270976204894183e+00,-4.434210401437862714e+00,2.469313961402852975e+00
2.675865466572246110e+00,-4.430060483704453489e+00,2.652425087712689589e+00
2.584623945210318574e+00,-4.378202704933420897e+00,2.651684309100472703e+00
2.502008631765862745e+00,-4.328265817124234971e+00,2.599212566868061458e+00
2.482361934241416712e+00,-4.314713497621592175e+00,2.774456303624394327e+00
2.461566441275996997e+00,-4.304737802133744573e+00,2.671275428805949481e+00
2.461139758664625532e+00,-4.303277713042805708e+00,2.663934222030351684e+00
2.459009629993381907e+00,-4.299827203788776586e+00,2.847607934316433553e+00
2.456377943762749982e+00,-4.296238936879472448e+00,3.031520742882605202e+00
2.454902870573183460e+00,-4.294222138173130254e+00,2.988805388724256495e+00
2.419931489671221403e+00,-4.280846981677341567e+00,2.987637201825910527e+00
2.417051265310177666e+00,-4.278021456657369548e+00,-3.109112695684804528e+00
2.414154200472783618e+00,-4.275231286183656110e+00,-2.925914060925814297e+00
2.412023284012205337e+00,-4.272589682966486890e+00,-2.737545277300571733e+00
2.409294710432316133e+00,-4.270347214126579694e+00,-2.557358497496765359e+00
2.406470839507000026e+00,-4.267985419754891652e+00,-2.372682549914279626e+00
2.403895092868705508e+00,-4.265892205988678576e+00,-2.180268621251007843e+00
2.400955322477355658e+00,-4.264264206647613520e+00,-1.988024974854977645e+00
2.398132674917972551e+00,-4.263223995977649672e+00,-1.804016686633103994e+00
2.395192189156912121e+00,-4.262962515184040235e+00,-1.601807274725418173e+00
2.392913919546924006e+00,-4.263103991759398248e+00,-1.415828102528582821e+00
2.390738344562643558e+00,-4.263458999348264555e+00,-1.239727322266792831e+00
2.388915204970977424e+00,-4.264380501000152535e+00,-1.057179013347236074e+00
2.387579673618662746e+00,-4.264933159354986181e+00,-8.728091694148832902e-01
2.386870878238957605e+00,-4.265851334882917456e+00,-6.604606317544449157e-01
2.386246841030921217e+00,-4.266787023764766040e+00,-4.582244312652186125e-01
2.386448480548442497e+00,-4.267301911067333364e+00,-2.738481465127824421e-01
2.386956972652568787e+00,-4.267670453541113851e+00,-9.108334259816429357e-02
2.387608728465477892e+00,-4.268085371170949216e+00,9.149282929079974314e-02
2.388619204147779840e+00,-4.268409011892659422e+00,2.942660822427028977e-01
2.389528857809890550e+00,-4.268207961166447184e+00,4.776445070252977043e-01
2.390747223714806413e+00,-4.267859228183549014e+00,6.589155788245389944e-01
2.391761694003667671e+00,-4.267257274926206989e+00,8.413782215272405107e-01
2.393550296727401161e+00,-4.266689029032282754e+00,1.022140834555449018e+00
2.395478920244624277e+00,-4.265797523438398464e+00,1.197769905881410635e+00
2.399073975907086709e+00,-4.260775346595353064e+00,1.367842955993794130e+00
2.396761291853891862e+00,-4.256981792147198185e+00,1.555509970618119020e+00
2.396327993611858886e+00,-4.253414496075193618e+00,1.743157090948215693e+00
2.395072888219836216e+00,-4.249233372535252684e+00,1.929963461518171997e+00
2.393480625974865994e+00,-4.244985176082813005e+00,2.114957446863146018e+00
2.391316933150992252e+00,-4.240512732126218154e+00,2.303217990983399410e+00
2.388785763077299062e+00,-4.236484021971212321e+00,2.479839804122230706e+00
2.385968511147143811e+00,-4.232076649852273498e+00,2.667111876867775067e+00
2.289996836272498726e+00,-4.185594228434949216e+00,2.735208601734560041e+00
2.189646330794006168e+00,-4.140385288706387001e+00,2.734026809895581778e+00
2.095486089486655601e+00,-4.098449144742856376e+00,2.737068576113938168e+00
1.998787898463021184e+00,-4.055395181529225290e+00,2.735258365400774494e+00
1.904976390608894121e+00,-4.013939185475447147e+00,2.737689646594945181e+00
1.829995361762450479e+00,-3.981016150033904744e+00,2.569305176309452321e+00
1.828528968343083871e+00,-3.979823727893620156e+00,2.385918034961453493e+00
1.826936347118692794e+00,-3.979201876735524834e+00,2.199260325465538291e+00
1.825016302543491120e+00,-3.979029247760226706e+00,2.025238591685870393e+00
1.822531798339408260e+00,-3.978787048113702873e+00,1.846521648046417274e+00
1.818218817324194436e+00,-3.976385063343546467e+00,1.682681574935646074e+00
1.814981297717980890e+00,-3.976018264606142161e+00,1.507216712484716448e+00
1.809619172240801488e+00,-3.969779075839829918e+00,1.485902636644706787e+00
1.809901947700901292e+00,-3.965999960006130198e+00,1.674814932258178013e+00
1.809796580575549374e+00,-3.961841909048978039e+00,1.857737567554000879e+00
1.809590494073793465e+00,-3.958600676268483110e+00,2.039567530412811802e+00
1.808543727428838954e+00,-3.954676658143464696e+00,2.222360169163309696e+00
1.807221318104962560e+00,-3.950885352117069260e+00,2.404433932966281162e+00
1.792224189506693710e+00,-3.935814715788573448e+00,2.571212335422766504e+00
1.789572954867673760e+00,-3.931311146941767198e+00,2.746399305409984226e+00
1.787624180299194787e+00,-3.927689774053896521e+00,2.928578554696205760e+00
1.703412554698888748e+00,-3.906940474981686950e+00,2.796004141249768704e+00
1.703334312890311342e+00,-3.906799811114006982e+00,2.606906222185620070e+00
1.702892901080927945e+00,-3.907627235428213552e+00,2.405715850118316901e+00
1.701605262928251872e+00,-3.908109175784432399e+00,2.186060993179447909e+00
1.699710728560182904e+00,-3.909177779029644029e+00,1.973471546683746469e+00
1.697583905592211062e+00,-3.909567465042762091e+00,1.759951782787721131e+00
1.694102727258707697e+00,-3.909406522951043961e+00,1.585393867428203984e+00
1.687521081605217965e+00,-3.899051979532762502e+00,1.456184179522314492e+00
1.681794892662644925e+00,-3.930463059448262353e+00,1.634951000034798652e+00
1.682452232644698453e+00,-3.927106230386317343e+00,1.817302474673782253e+00
1.682876621023675856e+00,-3.923803461169922180e+00,1.996863697075497601e+00
1.683093561593898668e+00,-3.919954475469865418e+00,2.178465539519595762e+00
1.682808814328730751e+00,-3.915848937599472279e+00,2.358921296857841021e+00
1.682080306350968391e+00,-3.911962564789969843e+00,2.536526328683909259e+00
1.680488829201499890e+00,-3.907050217002002501e+00,2.710078769689181932e+00
1.614534543935059574e+00,-3.875952273995947106e+00,2.609940688673325404e+00
1.614519883377234066e+00,-3.875386329252227036e+00,2.424627872378382065e+00
1.613688948757118213e+00,-3.874776705279838751e+00,2.249405455587281111e+00
1.612297507978225797e+00,-3.874238832462088666e+00,2.069705772119124987e+00
1.610769522118582042e+00,-3.873638740228200206e+00,1.888960751536126637e+00
1.608792500908559964e+00,-3.872506188757567358e+00,1.706725371988629059e+00
1.606596257008708672e+00,-3.871004550107583597e+00,1.526174102265473786e+00
1.604324168593889599e+00,-3.869202564680985112e+00,1.349016748670160970e+00
1.614041135204364874e+00,-3.817864803661734641e+00,1.443160730941572156e+00
1.615443933587470848e+00,-3.813959969504724157e+00,1.634900021105603285e+00
1.616621385431823432e+00,-3.810000833721578495e+00,1.818062348689776231e+00
1.616961935096084879e+00,-3.805968790846902650e+00,1.992493859417078017e+00
1.617117031156798390e+00,-3.802066126862851281e+00,2.172143810072930226e+00
1.617052396618387178e+00,-3.798135398636950377e+00,2.349568898242165194e+00
1.616580741083235573e+00,-3.794931818543044955e+00,2.531450634448145109e+00
1.527170319505912088e+00,-3.742579983596503457e+00,2.683270758518722321e+00
1.435259143863690801e+00,-3.692964864695666538e+00,2.689474719728741636e+00
1.345261007876520143e+00,-3.641674445054017273e+00,2.726720303843940041e+00
1.252604268291969802e+00,-3.598218406425041316e+00,2.739678400895733557e+00
1.159670890870229565e+00,-3.556289527513318838e+00,2.748296704787728029e+00
1.066163816575359746e+00,-3.515799308124226918e+00,2.760820298765345182e+00
9.799959563941613716e-01,-3.481466253833755076e+00,2.603822683227411172e+00
9.811024512497862338e-01,-3.482022904058253321e+00,2.425740191530191048e+00
9.820797441679810502e-01,-3.482157618379794428e+00,2.240998485671985119e+00
9.827387016822884958e-01,-3.482057721660773097e+00,2.057319713121184890e+00
9.830082879838353271e-01,-3.482309852515767190e+00,1.873014237498302315e+00
9.828252977033680171e-01,-3.481947310628086267e+00,1.693144750465154669e+00
9.821823956885898932e-01,-3.481271948978219122e+00,1.518961305988199006e+00
9.808915261329959057e-01,-3.480209228490110718e+00,1.334857016590638379e+00
9.589100295704403587e-01,-3.563590594784610488e+00,1.310032213500177400e+00
9.659770482977890760e-01,-3.544038867889625521e+00,1.487927420542555446e+00
9.688046261205938148e-01,-3.526340127188417384e+00,1.666586884443633565e+00
9.688043184973621491e-01,-3.506992566491947461e+00,1.843870717035102080e+00
9.645458371411760323e-01,-3.484629465272554683e+00,2.024352702261688286e+00
9.598563478396392457e-01,-3.468735858191856369e+00,2.201324118727167711e+00
9.506362670546047999e-01,-3.450058376580507069e+00,2.381195558784895194e+00
9.387041713760017059e-01,-3.434246969878607558e+00,2.561907206313217333e+00
9.279683193305663380e-01,-3.422786794503237751e+00,2.742850663831822189e+00
8.372390413845695045e-01,-3.384996329238135537e+00,2.869192894118853587e+00
7.558839320890442526e-01,-3.345193136522434330e+00,3.045190582929365952e+00
7.559360838833967255e-01,-3.340336461683931724e+00,-3.047982101670607680e+00
7.564908440624082964e-01,-3.337049232455334025e+00,-2.858332448458010155e+00
7.574001577767290883e-01,-3.334537885217212949e+00,-2.669980079075881196e+00
7.583380471101448528e-01,-3.332442350411771503e+00,-2.490727056092025826e+00
7.597484330001599284e-01,-3.331405594436377626e+00,-2.297059051638829619e+00
7.660276613692069692e-01,-3.329369591349120139e+00,-2.102338310957994505e+00
7.688324200164694533e-01,-3.330406073259383426e+00,-1.907442648652731831e+00
7.711880072390505658e-01,-3.357912060891834027e+00,-1.729727565379786780e+00
7.685847047841180002e-01,-3.421909664370219595e+00,-1.555575268393249555e+00
7.691624752951589095e-01,-3.424927832738879463e+00,-1.385021728629769244e+00
7.682266922112908070e-01,-3.429375080999391479e+00,-1.210592625595116045e+00
7.674701811361528403e-01,-3.433513489589655521e+00,-1.048521986901441938e+00
7.671829522327746620e-01,-3.438225080633079855e+00,-8.793158186929026510e-01
7.677172590350054282e-01,-3.443118655207597190e+00,-7.063081720932030683e-01
7.681154862442021169e-01,-3.447350314988507414e+00,-5.431850967871724167e-01
8.169269299669837947e-01,-3.480164563964289304e+00,-3.971362104259421044e-01
8.188316412653906529e-01,-3.484187432768886872e+00,-2.186948741156587717e-01
8.207345870094787665e-01,-3.487593676463127235e+00,-3.993209621038298213e-02
8.230714062321639046e-01,-3.491160839338054434e+00,1.351315041506984671e-01
8.251015215963569682e-01,-3.494592302585528998e+00,3.025587407833367770e-01
8.279108263133648782e-01,-3.497945249230512310e+00,4.770342755429478609e-01
8.305510695331111970e-01,-3.500899219991207900e+00,6.572041900865613906e-01
8.340728944138300349e-01,-3.510194293187740566e+00,7.082475997272531520e-01
8.321833628290747908e-01,-3.512314237009269480e+00,5.163356359967820053e-01
8.308126129939611415e-01,-3.513669402578941892e+00,3.336964245712113475e-01
8.290328177656038910e-01,-3.514702891341466628e+00,1.416225935879152908e-01
8.275418501083414702e-01,-3.515669469714794992e+00,-4.243236373599103273e-02
8.263030196407473715e-01,-3.516229779349270945e+00,-2.318731932807842067e-01
8.256703131954711283e-01,-3.516752007671895441e+00,-4.147825194058992193e-01
9.123685688454700182e-01,-3.568506357498139270e+00,-5.267103371565896586e-01
9.795616971272470552e-01,-3.604570112025581086e+00,-3.520778161332644984e-01
9.816827268219385783e-01,-3.608228022589694106e+00,-1.704072877237463313e-01
9.843730560794456963e-01,-3.610972822055356524e+00,4.937049173224490085e-03
9.870120680631310206e-01,-3.613644445802687954e+00,1.813365346247007848e-01
9.900370872236742281e-01,-3.616327187768014984e+00,3.629883797067686158e-01
9.930941798914412200e-01,-3.618741867674523771e+00,5.488672700092602774e-01
9.963653210532282811e-01,-3.620832403568770896e+00,7.357004944781055933e-01
9.994211628780409473e-01,-3.622552538936335331e+00,9.101733541017107409e-01
1.002447484935777844e+00,-3.623943321748384072e+00,1.091482548370451555e+00
1.006874754535027172e+00,-3.631041640057536046e+00,1.075359731593868329e+00
1.005469086429907177e+00,-3.632718608850633135e+00,8.880169927973876609e-01
1.004156929221342365e+00,-3.634018048813790980e+00,7.064259089517119783e-01
1.002314839242543609e+00,-3.635015639904544571e+00,5.206329871773291984e-01
1.000631724404369871e+00,-3.635588121012812479e+00,3.335683333703857167e-01
9.993101846681592404e-01,-3.636093681619782192e+00,1.477151571480377623e-01
9.983418527779729379e-01,-3.636357911205040150e+00,-3.433760528660256828e-02
9.975097678211282126e-01,-3.636185716084838759e+00,-2.101645669787870208e-01
9.964861278705764436e-01,-3.635610765136403799e+00,-4.010538514242200647e-01
1.095011163075514604e+00,-3.679792245360312908e+00,-3.985635460869437208e-01
1.191187174488516520e+00,-3.722212612601558668e+00,-3.979023291944470686e-01
1.279528934106042515e+00,-3.764006268547008371e+00,-2.125263227562076973e-01
1.281274255024587250e+00,-3.766896622085419200e+00,-3.286740520239329888e-02
1.283262349908287803e+00,-3.769719676951781118e+00,1.487000964382223234e-01
1.286542579298866951e+00,-3.774095931392369430e+00,3.068904575476690821e-01
1.288845129673670931e+00,-3.777151053224948818e+00,5.009317069060862382e-01
1.291592308159549951e+00,-3.779674558237421600e+00,6.967754497011230397e-01
1.293944755618064324e+00,-3.781783615867847725e+00,8.719121212752988237e-01
1.297918388799230272e+00,-3.784320364501733813e+00,1.038724321278532425e+00
1.300777101100805355e+00,-3.786030172120096626e+00,1.214910236006611743e+00
1.303754924966732842e+00,-3.786756198683220109e+00,1.389379437890652769e+00
1.307477053971611403e+00,-3.789457883134539795e+00,1.562164102130168208e+00
1.309298496898865238e+00,-3.792872620502763858e+00,1.524570035342927676e+00
1.308427530560329233e+00,-3.794901059354248041e+00,1.338674463507218748e+00
1.306665249037420873e+00,-3.796274406694938097e+00,1.149374758816961162e+00
1.304530003105906166e+00,-3.797603141516153968e+00,9.395758004800567331e-01
1.303063105611858896e+00,-3.797608835195839028e+00,7.555414442954190291e-01
1.301356939911560984e+00,-3.797113344673029189e+00,5.487481884984222180e-01
1.299865705837626617e+00,-3.796726406919765928e+00,3.552467346069971277e-01
1.298645578222736185e+00,-3.795794300282688827e+00,1.455492692804481181e-01
1.297423496678246746e+00,-3.794619299455349815e+00,-6.375533716073944479e-02
1.296910918138521884e+00,-3.793744749716700060e+00,-2.578586790146303320e-01
1.387907640493192485e+00,-3.832056776655125230e+00,-3.905136623694016040e-01
1.485320017345856058e+00,-3.873406037101180033e+00,-3.906933211912558823e-01
1.582563528205687131e+00,-3.915115532789456676e+00,-3.915794683118707931e-01
1.677981980239874549e+00,-3.955597971204742436e+00,-3.905336901139916939e-01
1.771079720600944540e+00,-3.995553064016066358e+00,-3.893944270481167202e-01
1.871587947737592961e+00,-4.037965078997114432e+00,-3.878689469737506279e-01
1.971454689354046552e+00,-4.079336661358117233e+00,-3.843953340174818822e-01
2.072269399745088947e+00,-4.120946647387706108e+00,-3.822543195794667614e-01
2.148120127530221080e+00,-4.152544538972524180e+00,-2.846284812652483120e-01
2.149729947114849438e+00,-4.155046496204615636e+00,-7.410459738361062365e-02
2.151269959355240236e+00,-4.157121109732525355e+00,1.080438242403988641e-01
2.153408275060827659e+00,-4.159100973660048162e+00,3.018519720081880298e-01
2.155908108090586417e+00,-4.160740368721181248e+00,4.893418336235080823e-01
2.159132505934271862e+00,-4.162440846081642221e+00,7.131509054315294804e-01
2.161867171214529204e+00,-4.163834005908079838e+00,9.263760011010915285e-01
2.164980306344613581e+00,-4.164777717232293952e+00,1.149500964103285616e+00
2.167601927715620658e+00,-4.164843540152044277e+00,1.331329340713254705e+00
2.170542969029706004e+00,-4.164366062654094591e+00,1.565810253853519685e+00
2.173327650698515079e+00,-4.163488372318236763e+00,1.829961036597506308e+00
2.174996740749644886e+00,-4.162392328306967926e+00,2.005877576804764750e+00
2.176095937337913178e+00,-4.161082722007198420e+00,2.183385111305648163e+00
2.179283339900755845e+00,-4.159883503796554471e+00,2.276834913303572350e+00
2.180815202674444286e+00,-4.162285121200775428e+00,2.092776963871431750e+00
2.180772441790074012e+00,-4.164359328133963700e+00,1.879680095515334992e+00
2.180090667953823669e+00,-4.165858957325397682e+00,1.696298671374438127e+00
2.179155845290632776e+00,-4.167381094593785917e+00,1.498503184318193071e+00
2.177463905559187118e+00,-4.168323175030847594e+00,1.302030869882071507e+00
2.175870785818244002e+00,-4.169269217398847260e+00,1.105730754389042447e+00
2.173872874736859195e+00,-4.169315798903840076e+00,8.890590779202356408e-01
2.172821736366294942e+00,-4.169546592243081662e+00,7.226098198701259578e-01
2.172959567091998334e+00,-4.169568758658929397e+00,5.283233806686352674e-01
2.172753375794023611e+00,-4.169906204864323840e+00,3.395364161795674796e-01
2.174855591263669119e+00,-4.171949423425606263e+00,1.603854345715287344e-01
2.176728596411976024e+00,-4.174443527969741830e+00,-3.646224567759194513e-02
2.178712823451957270e+00,-4.176184212024112163e+00,-2.172058437502270567e-01
2.182244294524860795e+00,-4.179091665346390094e+00,-3.946371383333984184e-01
2.278198023751218937e+00,-4.228646452685326018e+00,-4.604183132303834580e-01
2.378525402695163216e+00,-4.280519755300349338e+00,-4.616324937938526829e-01
2.479565064001211905e+00,-4.332036715957763739e+00,-4.625298028981923992e-01
2.576522071039459849e+00,-4.382652866937623237e+00,-4.614289568482422554e-01
2.642902627513826541e+00,-4.419374313744754090e+00,-2.870938718072201246e-01
2.647605832596600539e+00,-4.421288365730172032e+00,-9.937729565366767992e-02
2.651696145751187395e+00,-4.423915223164335941e+00,8.464907186381538662e-02
2.762518897382564287e+00,-4.418389155929625112e+00,1.710291084511179338e-01
2.782324675730477370e+00,-4.417436196416343108e+00,-4.909080184531198175e-03
2.783852335831015878e+00,-4.419908003742243352e+00,-1.971467763535649786e-01
2.785561984090847876e+00,-4.422000743558507807e+00,-3.724611884125796357e-01
2.884281305596761324e+00,-4.468743263839703772e+00,-3.869182781305700036e-01
2.980855339899490808e+00,-4.511882044858639418e+00,-3.829749979030983020e-01
3.080852480588833320e+00,-4.556116157559345403e+00,-3.788163395446223491e-01
3.181203273965473866e+00,-4.598797435242788723e+00,-3.728040763996340323e-01
3.277550170279062591e+00,-4.636425551145165080e+00,-5.200383682484752690e-01
3.279898880949535300e+00,-4.638393252156094881e+00,-7.021451119878108216e-01
3.282426570522313014e+00,-4.640026247449982932e+00,-8.761044801552657635e-01
3.285599113110260205e+00,-4.641508829524768842e+00,-1.052494869379032361e+00
3.289044867179969689e+00,-4.643265667855590806e+00,-1.225676776961763803e+00
3.292635921463371584e+00,-4.645065551067840026e+00,-1.401769243475890381e+00
3.296836984524564862e+00,-4.646989204976093468e+00,-1.576164389401479182e+00
3.301288996621975613e+00,-4.649368460682270943e+00,-1.751427229356218529e+00
3.313555038992372026e+00,-4.657495437637725999e+00,-1.877794789679275267e+00
3.302971103611111126e+00,-4.764496458747711216e+00,-1.729839261086400626e+00
3.291933495479845817e+00,-4.870945195104542158e+00,-1.722037609354419407e+00
3.294101799226484495e+00,-4.944066307041248720e+00,-1.883313418378419479e+00
3.271593989456660356e+00,-5.040788171894751812e+00,-2.049345927592134409e+00
3.274677211540214739e+00,-5.044073942866874383e+00,-2.235975403992707999e+00
3.278114491428702149e+00,-5.046762403537664810e+00,-2.449626797188328986e+00
3.281235763984748921e+00,-5.049917887609739253e+00,-2.679910778024890750e+00
3.283325667359012989e+00,-5.051421469689231003e+00,-2.924183267845836820e+00
3.284725833834424069e+00,-5.052829553427383047e+00,-3.101787427207197467e+00
3.286078587003823159e+00,-5.054621966788115373e+00,2.991349431324263453e+00
3.287365163353354269e+00,-5.057013496092572780e+00,2.776241395710211446e+00
3.288119931627555115e+00,-5.058838905292015298e+00,2.591259765717387253e+00
3.288394500387734176e+00,-5.060975115629988252e+00,2.409948296854491190e+00
3.287525275160140925e+00,-5.063342132653978034e+00,2.195020767027279440e+00
3.286713397114854551e+00,-5.065627217075251210e+00,2.012795306950141860e+00
3.285479592061096632e+00,-5.067790754581427137e+00,1.827782779216435838e+00
3.284293737662030477e+00,-5.068875907429092109e+00,1.642877627744968372e+00
3.282204472148708252e+00,-5.070410747884174896e+00,1.425807204042461640e+00
3.280147863280631793e+00,-5.071118180880149318e+00,1.242346567707910188e+00
3.278245568692770728e+00,-5.071379348912677720e+00,1.058333831658583524e+00
3.276199338945222195e+00,-5.070687042692314073e+00,8.723159316399354823e-01
3.274031600216391169e+00,-5.070065421706950737e+00,6.910604382386293931e-01
3.271721422498928167e+00,-5.069053667522636530e+00,4.770763498277283965e-01
3.270015944135813868e+00,-5.067977022873856541e+00,2.923471084414420718e-01
3.268433357947509776e+00,-5.067026079940049499e+00,1.098902291493840944e-01
3.266809365561461398e+00,-5.065691434047248976e+00,-1.021273705486513000e-01
3.265692499924094161e+00,-5.063862601312246525e+00,-2.887873226968732387e-01
3.265033225751149626e+00,-5.062374177949252818e+00,-4.749204212464745445e-01
3.265174542999054186e+00,-5.060751818654148693e+00,-6.598381481162974849e-01
3.265361708259962636e+00,-5.058915454113669163e+00,-8.723014488631409824e-01
3.266216417446568432e+00,-5.057022562341177974e+00,-1.056611850929397800e+00
3.267635224791623383e+00,-5.055533693655619665e+00,-1.240710406663346976e+00
3.269203598955561230e+00,-5.054363315594899042e+00,-1.424175381337810187e+00
3.271639733887777624e+00,-5.053541460799361396e+00,-1.639478235222920688e+00
3.274078283379704413e+00,-5.052987601653375016e+00,-1.822255601307329886e+00
3.276242496479095045e+00,-5.052798866429328406e+00,-2.003180210973359188e+00
3.278668258856521245e+00,-5.053108178134786854e+00,-2.188944427194285947e+00
3.281382793051357272e+00,-5.053781137947555457e+00,-2.404853652143740916e+00
3.283572773911465070e+00,-5.055386981880513275e+00,-2.590094815953062568e+00
3.285710309243789151e+00,-5.056550899385745090e+00,-2.775725960172440665e+00
3.288899962582128911e+00,-5.058916154321454250e+00,-2.984466351974127463e+00
3.291808307293453861e+00,-5.064625272160544256e+00,3.124217740931981790e+00
3.293457453023045378e+00,-5.065408734561724913e+00,2.940324857987484997e+00
3.294208975293537733e+00,-5.067901644161819874e+00,2.757589291218036198e+00
3.295152295627974404e+00,-5.070740661973856866e+00,2.577395003772100956e+00
3.295492838868764096e+00,-5.073685754181112451e+00,2.397065107190603950e+00
3.295021086807719879e+00,-5.076788364093530959e+00,2.213589544588436819e+00
3.295694583566307401e+00,-5.078100265120159662e+00,2.282009765156118863e+00
3.296056398002069621e+00,-5.077536318382814606e+00,2.463601629484570843e+00
3.295687671459388124e+00,-5.077179278910502802e+00,2.644632197058733425e+00
3.295254558050950244e+00,-5.076534100190587928e+00,2.822181433042929122e+00
3.294630238421639490e+00,-5.076030080884727624e+00,3.002338800915786532e+00
3.293721444513042940e+00,-5.075240614944832807e+00,-3.104766354852366739e+00
3.292507487835375279e+00,-5.074322265204641802e+00,-2.921005737815716596e+00
3.290587819699725802e+00,-5.073042879231495661e+00,-2.739415644564775043e+00
3.288485677652174921e+00,-5.071333465157429998e+00,-2.549111767477329593e+00
3.286315866459029955e+00,-5.070101117116101896e+00,-2.366564180529721284e+00
3.284076789672492946e+00,-5.069229430876168507e+00,-2.180085477888180634e+00
3.281841444430262822e+00,-5.068682519810737475e+00,-2.005477158141553140e+00
3.279174351474920979e+00,-5.068676574038382121e+00,-1.789530737385693016e+00
3.276775049446000398e+00,-5.069045584242304336e+00,-1.585407317370762126e+00
3.274744975082048981e+00,-5.069757842774433421e+00,-1.392553767462177294e+00
3.272724169011984152e+00,-5.071206193406675666e+00,-1.187263978450552315e+00
3.271844705326814484e+00,-5.072497996356376326e+00,-9.951626320206408138e-01
3.271638455126704592e+00,-5.073734651359205650e+00,-7.880430483906930572e-01
3.272005953164848435e+00,-5.074780014539509665e+00,-5.969732790230283248e-01
3.272986775422263239e+00,-5.076264359668344994e+00,-3.861450704693191738e-01
3.274216657728853175e+00,-5.077689507357822762e+00,-1.930410641247462811e-01
3.276137118651676783e+00,-5.078815527470491809e+00,1.480498161937010906e-02
3.278077173013989487e+00,-5.079752856197018218e+00,2.061713937171573974e-01
3.280239344717602812e+00,-5.080644090071847252e+00,4.130485129025576740e-01
3.282444366813357828e+00,-5.081264803022627063e+00,6.041084232831481771e-01
3.285077323325221954e+00,-5.081611018495798326e+00,8.125582330370111350e-01
3.287595163142226884e+00,-5.081816139277110622e+00,1.003427397261532183e+00
3.290249894705195022e+00,-5.081344311528429358e+00,1.212326599240407532e+00
3.293207879853691011e+00,-5.080535053085587727e+00,1.402288842831770133e+00
3.296477251597613289e+00,-5.079180904607690117e+00,1.609177292322836683e+00
3.299293559856502522e+00,-5.077220972909244345e+00,1.817471433862079433e+00
3.301524046766159071e+00,-5.075201135566885569e+00,2.003549753932374333e+00
3.304023965174510025e+00,-5.072239426734648227e+00,2.230881465775123473e+00
3.305506497548306388e+00,-5.069529629779834679e+00,2.444428942293565221e+00
3.305950157363775066e+00,-5.067185158955207491e+00,2.628268048983048555e+00
3.306130765812055561e+00,-5.064748526610602930e+00,2.819429663134549902e+00
3.305639167074133855e+00,-5.062333517392535676e+00,3.000893582603415766e+00
3.306782807992947326e+00,-5.055857951962933861e+00,-3.120218783102111093e+00
3.307169609660275622e+00,-5.056927494616203944e+00,-2.936019508619995833e+00
3.306733570018506985e+00,-5.056114508976370381e+00,-2.756032491598590095e+00
3.306440013830930447e+00,-5.055266598005577094e+00,-2.576397360764024480e+00
3.305835909249026372e+00,-5.054504922980702197e+00,-2.393720681012793339e+00
3.305030867381980375e+00,-5.054107301565789356e+00,-2.196374630810767670e+00
3.303560201886483583e+00,-5.054113711671451625e+00,-1.988309440529197669e+00
3.302106608212620920e+00,-5.054258661521379814e+00,-1.799394944091647686e+00
3.300784194634801771e+00,-5.055197716407944242e+00,-1.594823506853382256e+00
3.300217898936887995e+00,-5.056239603180873843e+00,-1.390838234008152430e+00
3.303649483118920926e+00,-5.056465380688348610e+00,-1.469563904806578059e+00
3.306138605109617323e+00,-5.055294735110163806e+00,-1.653838777922109537e+00
3.309723786313439664e+00,-5.054216465904790567e+00,-1.840175633587087134e+00
3.313060691869368135e+00,-5.053888175406343386e+00,-2.022171527749857312e+00
3.316951704414495161e+00,-5.054302012709696257e+00,-2.216961380428269290e+00
3.320043685538369260e+00,-5.054634865680807110e+00,-2.401001807857125137e+00
3.323319460712976792e+00,-5.055928556121385142e+00,-2.598752401300773229e+00
3.325892290488873027e+00,-5.057398479176911543e+00,-2.779996547625295022e+00
3.328361174467342032e+00,-5.058971298916286941e+00,-2.956500638104864631e+00
3.330742329973684246e+00,-5.060564234522964888e+00,3.137082474424386369e+00
3.337362190331540024e+00,-5.069351067796662669e+00,2.992521592268895247e+00
3.337659016597269268e+00,-5.070552116247172947e+00,-3.113418373533066941e+00
3.337566896849489595e+00,-5.069995334000552134e+00,-2.929289833062436621e+00
3.337153625500330012e+00,-5.067158325553937637e+00,-2.756462367915323508e+00
3.336887699798322338e+00,-5.068026677203903319e+00,-2.575158844177464434e+00
3.336467779168638792e+00,-5.068468548487296665e+00,-2.395762377269174070e+00
3.335741539560185487e+00,-5.069188218348449126e+00,-2.222449074270764324e+00
3.334960356062664388e+00,-5.070165403636418766e+00,-2.047208650043611300e+00
3.333723698579855732e+00,-5.071203783728903680e+00,-1.860815947117599789e+00
3.309550450796409304e+00,-5.160515848174076048e+00,-1.701039230538176295e+00
3.309236953817812577e+00,-5.162976178973930352e+00,-1.519629173902632635e+00
3.309159200518056121e+00,-5.165584626308746152e+00,-1.343534498798187871e+00
3.320040074495837157e+00,-5.169064692744179901e+00,-1.428486876250057547e+00
3.324475910140059831e+00,-5.168794983959429601e+00,-1.617467335415486263e+00
3.328911023926163448e+00,-5.168539890467462428e+00,-1.802884253445288243e+00
3.333721225985273762e+00,-5.168720223109517953e+00,-1.982465165468487722e+00
3.337483727715731430e+00,-5.174245138178980241e+00,-2.136301968764193315e+00
3.285245653481015715e+00,-5.265095506510606427e+00,-2.138898420799167255e+00
3.229464831302486960e+00,-5.357589279254869830e+00,-2.137964609077837252e+00
3.197619649583624657e+00,-5.421062411041829066e+00,-2.025467280839149176e+00
3.192525203313907767e+00,-5.441156526755779765e+00,-1.852549420800184699e+00
3.190778925514691000e+00,-5.462332720471740899e+00,-1.681864390052872249e+00
3.194079621267377433e+00,-5.513106112226562772e+00,-1.510541761131877214e+00
3.208881738798824657e+00,-5.582939408514367763e+00,-1.337991414761125375e+00
3.239859369202082284e+00,-5.662030939903488935e+00,-1.213437993126142977e+00
3.258001794001327944e+00,-5.723152948458001710e+00,-1.395737494413579194e+00
3.265416572930298855e+00,-5.788034830071854486e+00,-1.578012555983435483e+00
3.262566589779795745e+00,-5.851180843051776215e+00,-1.757768326013473992e+00
3.263047207284474727e+00,-5.880330181086047325e+00,-1.949648439905993236e+00
3.268854849875191704e+00,-5.880157003553372341e+00,-2.138197197368986835e+00
3.273880397578644352e+00,-5.880945471666030322e+00,-2.326608722261649831e+00
3.278788355236772034e+00,-5.881686032814124054e+00,-2.520948995343150756e+00
3.283072231872104840e+00,-5.882893385289716726e+00,-2.709086482051936695e+00
3.287432672234840592e+00,-5.884161790103314971e+00,-2.896079591626867344e+00
3.291458186985668277e+00,-5.885655332371082515e+00,-3.085414868684433820e+00
3.295066114685780256e+00,-5.886617593296739948e+00,3.012828774311082203e+00
3.300502169987410639e+00,-5.888260530860316422e+00,3.003513871626635190e+00
3.300533972784207570e+00,-5.888108275299990702e+00,-3.094384198769012162e+00
3.300056238716903678e+00,-5.887657495400020480e+00,-2.903163657631043559e+00
3.299071156868718990e+00,-5.887581295736973530e+00,-2.725948475508973345e+00
3.298437849342977568e+00,-5.887222455222566708e+00,-2.540330118526911818e+00
3.297251146509522002e+00,-5.887227085712950725e+00,-2.349279386097260058e+00
3.295066678039968888e+00,-5.886701413732436272e+00,-2.178706926222166995e+00
3.280611828092709459e+00,-5.909359283740617919e+00,-2.012324912585830461e+00
3.276453622236223939e+00,-5.916161410575525359e+00,-1.831138125507946635e+00
3.273739858250325874e+00,-5.924018415075713584e+00,-1.650909781784294372e+00
3.271997780696377145e+00,-6.026323132602265709e+00,-1.569332829318155431e+00
3.271923361288132881e+00,-6.119928777055181790e+00,-1.419425211697290745e+00
3.271417243922453366e+00,-6.121472094000771413e+00,-1.238147006568896202e+00
3.309152620122775001e+00,-6.215043014223333273e+00,-1.159946726127105476e+00
3.347811689040407934e+00,-6.311390474214436885e+00,-1.162880801227666128e+00
3.369596626197825628e+00,-6.369353844484947125e+00,-9.909326169957815011e-01
3.370647636993600482e+00,-6.371204415242385011e+00,-8.029141137164292896e-01
3.371540631237299301e+00,-6.373249242100030187e+00,-6.167287603259370421e-01
3.454866940886403448e+00,-6.429580205557100747e+00,-5.835869651633436295e-01
3.479697871480248672e+00,-6.447804833929095203e+00,-4.013316512441736372e-01
3.481544986157284693e+00,-6.449445954349102728e+00,-2.174419357581434675e-01
3.483929727085353978e+00,-6.452424082823833729e+00,-4.971146970916693469e-02
3.485911406841214699e+00,-6.454284985499175953e+00,1.248263417866577185e-01
3.488116501418645932e+00,-6.455547398597439646e+00,2.989234401911117778e-01
3.490549632548476389e+00,-6.456740408046916180e+00,4.793529511378832875e-01
3.493051290498697448e+00,-6.457773889440051818e+00,6.544536435108291306e-01
3.495950225110697751e+00,-6.458285967451281806e+00,8.240536270052231105e-01
3.538320311064233614e+00,-6.417436154494717826e+00,9.850358641645952096e-01
3.583955401554736131e+00,-6.323624433456916272e+00,1.148775909205850487e+00
3.628609657759998441e+00,-6.226160638011329240e+00,1.150726956791734423e+00
3.673594131305078392e+00,-6.128719698231898327e+00,1.151373196016521883e+00
3.719379879319325788e+00,-6.028161949283949994e+00,1.153268595325566581e+00
3.764344059223550421e+00,-5.927859209229131565e+00,1.152364145633264281e+00
3.785123675764535012e+00,-5.874958366179374281e+00,1.037629524779454027e+00
3.841810504749590738e+00,-5.793778263619367763e+00,9.397458029261955836e-01
3.862357525049243012e+00,-5.761800846579658852e+00,7.553167870623801461e-01
3.856992537731653847e+00,-5.754966308678818976e+00,5.990934535060327137e-01
3.854137545882382998e+00,-5.752727665105533461e+00,4.255280939913704263e-01
3.854986712353515532e+00,-5.752629608163231545e+00,5.818101610521460021e-01
3.856742631062662241e+00,-5.752348197971140387e+00,7.644904116404531713e-01
3.858938410924789508e+00,-5.752268871929247851e+00,9.453809373308939001e-01
3.915941069023156640e+00,-5.667067814566857820e+00,1.007337614298321249e+00
3.970371642540858392e+00,-5.581691559855083362e+00,1.003592586349372651e+00
4.027422797126881449e+00,-5.492942029316298935e+00,1.003972247082088654e+00
4.081967727440164673e+00,-5.408811225519261079e+00,1.002172784886294910e+00
4.138462262476615194e+00,-5.321006543767659025e+00,1.003454344284803401e+00
4.179867602504532265e+00,-5.253011194040921872e+00,8.580490069640189787e-01
4.178220438841792728e+00,-5.252247793186473501e+00,6.765432149636650960e-01
4.176853648158498800e+00,-5.251706562050118876e+00,4.533659390635054187e-01
4.175234395633073525e+00,-5.250720198535385741e+00,2.514529378568856055e-01
4.173613512084693333e+00,-5.249146373327097770e+00,1.831297898699641227e-02
4.172424198537412643e+00,-5.247303210651919514e+00,-2.001342230100004171e-01
4.171993425089903340e+00,-5.245674009843091845e+00,-4.293306254676471090e-01
4.171612219772867114e+00,-5.243097289534596861e+00,-6.974695606608188880e-01
4.172723494519797072e+00,-5.240708735551259601e+00,-9.480502233736353146e-01
4.174374077924740689e+00,-5.238047719966781202e+00,-1.189628792887945874e+00
4.183206038443885610e+00,-5.235963956963485266e+00,-1.353929956842272686e+00
4.184862110581852868e+00,-5.235675651679637888e+00,-1.535964961796433270e+00
4.186841060118906555e+00,-5.235620593727379202e+00,-1.713880257355930858e+00
4.188970657245980611e+00,-5.235876142718787207e+00,-1.892174374031880379e+00
4.191302445618036998e+00,-5.236383866902665218e+00,-2.073993350177619988e+00
4.133370886833619195e+00,-5.326997523446961758e+00,-2.169135588604282905e+00
4.074258023981729870e+00,-5.415009029341918634e+00,-2.169221132902856564e+00
4.017348605525724814e+00,-5.499542637368145748e+00,-2.169859018640989401e+00
3.958190897776256545e+00,-5.587584993437713976e+00,-2.167266437255987999e+00
3.900634034267072447e+00,-5.673463627462239423e+00,-2.169036721473075691e+00
3.878927169216348503e+00,-5.703571097614698715e+00,-1.987189737589379224e+00
3.877080447876661840e+00,-5.704344562473934843e+00,-1.803632573545471462e+00
3.875206146704490706e+00,-5.705659943455090755e+00,-1.636402617298834183e+00
3.873876238921974302e+00,-5.707726172208094972e+00,-1.456988403894402540e+00
3.873667297502108475e+00,-5.714681274126839128e+00,-1.274966234581932811e+00
3.905378259575170485e+00,-5.816504116780030209e+00,-1.257653086259810760e+00
3.935537975174693059e+00,-5.908826052152932107e+00,-1.080360901469271662e+00
3.935794833116115665e+00,-5.910502687508230046e+00,-8.986396197059862700e-01
3.936292202572675869e+00,-5.912129810560043275e+00,-7.189908278042208556e-01
4.019084761269703598e+00,-5.973033487787812845e+00,-6.349930075585216160e-01
4.103044525178811242e+00,-6.035360741260078044e+00,-6.361642170926141704e-01
4.183715935827260424e+00,-6.095751847573117388e+00,-6.391339368992052794e-01
4.269897644747390864e+00,-6.161142695057104213e+00,-6.402849437331005200e-01
4.285518805645177842e+00,-6.176375354096769854e+00,-4.563612951922277339e-01
4.287006952862776998e+00,-6.178227859177180648e+00,-2.339228447884642847e-01
4.288630644950441884e+00,-6.179681580909366367e+00,-5.407949764836513656e-02
4.290312413256040180e+00,-6.181333092632014470e+00,1.429051043998846027e-01
4.292266965222040653e+00,-6.182786098762872662e+00,3.191283741462246915e-01
4.294655532445451840e+00,-6.184653064357302554e+00,5.506170254827761346e-01
4.296969351070542231e+00,-6.186294684753097961e+00,7.618356681774314243e-01
4.261482389126016734e+00,-6.243615888199006037e+00,8.622334649987618560e-01
4.233365651791907602e+00,-6.278451833850594355e+00,8.585657918109113051e-01
4.242913747690981729e+00,-6.274043462974047358e+00,1.024701373595651610e+00
4.247141289912268469e+00,-6.257538948789139965e+00,1.008470213652657987e+00
4.252715121501338125e+00,-6.247718768873197881e+00,8.060198338938253659e-01
4.283416399836292854e+00,-6.208422259020133005e+00,6.576034553039161734e-01
4.303831519278737083e+00,-6.193696294062812413e+00,4.768980763257167355e-01
4.332993088873051235e+00,-6.181746128500417825e+00,3.079266646796732787e-01
4.430717524934587814e+00,-6.156484638357886396e+00,2.680830833095536048e-01
4.528131296795453231e+00,-6.129938379667816406e+00,2.721857715508124165e-01
4.610891100568720979e+00,-6.108557134344235529e+00,4.532409913152092851e-01
4.613721974823018712e+00,-6.110076608078958138e+00,6.214175123238602216e-01
4.616255174036141717e+00,-6.110597758660583523e+00,8.053961387719144049e-01
4.678205998808831367e+00,-6.032206260522466224e+00,9.419947092598914828e-01
4.739359452854756682e+00,-5.951752849106428656e+00,9.384914899826715118e-01
4.800932557721222516e+00,-5.872383332655100929e+00,9.369088304731572059e-01
4.863297749853857432e+00,-5.793448255963066451e+00,9.332541638580199583e-01
4.896751636034310629e+00,-5.760015574300474839e+00,1.108105899827260377e+00
4.898886946205926129e+00,-5.760945525684316948e+00,1.287252088105078407e+00
4.900879090096933233e+00,-5.761150241724660503e+00,1.463489578210988906e+00
4.902719915967033160e+00,-5.761115052338467102e+00,1.645250282422111354e+00
4.904570520647451914e+00,-5.760910451717306202e+00,1.846921620424273769e+00
4.906592196054489818e+00,-5.759874828655133783e+00,2.048232816586162297e+00
4.907967493867976039e+00,-5.758550191339722346e+00,2.250037434046132656e+00
4.909207808948232277e+00,-5.757884504223835798e+00,2.423935870585825381e+00
4.910144669894055625e+00,-5.756123462337828123e+00,2.599116291155768366e+00
4.913513524238534380e+00,-5.753494506052929225e+00,2.762177171850733970e+00
4.913135832697417271e+00,-5.752537627065621884e+00,2.951049641355395270e+00
4.912582613333258408e+00,-5.751718587953352113e+00,-3.129535293705672849e+00
4.911188022292370725e+00,-5.750380482413026684e+00,-2.906106982608316347e+00
4.909701725203033718e+00,-5.749379561059628330e+00,-2.701973657689265007e+00
4.908381830853840277e+00,-5.748557631563198989e+00,-2.524101609131638391e+00
4.906701243268919654e+00,-5.747853038469293629e+00,-2.344638324932923457e+00
4.904777875261205899e+00,-5.747406353931999945e+00,-2.158433740333024264e+00
4.902498879715935232e+00,-5.747469831774056459e+00,-1.931048857778594252e+00
4.900279175393329467e+00,-5.748212482895735498e+00,-1.740573701212939195e+00
4.901534084847310346e+00,-5.748728280772525956e+00,-1.861522954933719998e+00
4.904426297343473351e+00,-5.748937778027756629e+00,-2.034901419518357457e+00
4.854077968737900761e+00,-5.837157045655032128e+00,-2.104928969030936958e+00
4.801289291482196298e+00,-5.927903918738180344e+00,-2.106468385896951734e+00
4.749298454246740242e+00,-6.015208903972379062e+00,-2.107909934400412411e+00
4.697211515688225703e+00,-6.103369501710020906e+00,-2.107965927381455717e+00
4.640305874106749329e+00,-6.198638443964712863e+00,-2.109495852430028240e+00
4.585301886174468322e+00,-6.291161727065406772e+00,-2.109867284195492854e+00
4.529637213632393689e+00,-6.384258262838376830e+00,-2.110758842436519345e+00
4.474621017601786654e+00,-6.477300247279231371e+00,-2.111993216876638435e+00
4.419815765685361164e+00,-6.569540633302774602e+00,-2.112993810202105749e+00
4.362887978438865666e+00,-6.665334755626162178e+00,-2.111319985631616269e+00
4.307349021697598701e+00,-6.757778248718092406e+00,-2.115500042720635410e+00
4.251221072856034233e+00,-6.850233776811812447e+00,-2.116829901149181126e+00
4.200256149404575368e+00,-6.934320390840489345e+00,-2.122161913873455319e+00
4.141562521456031654e+00,-7.029581491375165747e+00,-2.123362507788527420e+00
4.084345547856210068e+00,-7.121831598665766982e+00,-2.125605640658398965e+00
4.028176859148258515e+00,-7.213741290210615276e+00,-2.125362036867738613e+00
3.970965383801399629e+00,-7.305811781763079438e+00,-2.128862429946329016e+00
3.911687706281577803e+00,-7.400465970489117140e+00,-2.133371783726336179e+00
3.854005772479025094e+00,-7.491459979342947939e+00,-2.135596433209437706e+00
3.796322889709410120e+00,-7.583076405493633487e+00,-2.135499277113480421e+00
3.779044618893488749e+00,-7.602806633029441485e+00,-1.949774350977618864e+00
3.776855180804283396e+00,-7.602595241260626580e+00,-1.757590274778359163e+00
3.774765036905410653e+00,-7.602983389407107495e+00,-1.557317015838795005e+00
3.772692824555895275e+00,-7.604337258681840517e+00,-1.344707553773828446e+00
3.771607026995978718e+00,-7.606179325404852420e+00,-1.255341580068282559e+00
3.772622895012918587e+00,-7.605112396035077715e+00,-1.455526241561567735e+00
3.773889050019168412e+00,-7.604504292821593125e+00,-1.652103974571587530e+00
3.775701868329266464e+00,-7.604438782097612481e+00,-1.849781977850868397e+00
3.777629783774516081e+00,-7.605011291881440982e+00,-2.030341755484875943e+00
3.780374830333886216e+00,-7.606166977834885934e+00,-2.279017980844213476e+00
3.783339676914099226e+00,-7.607895186380150498e+00,-2.533135233685963161e+00
3.785481718980989285e+00,-7.609608391375655145e+00,-2.734380141244557638e+00
3.788638002168207120e+00,-7.611692182543325025e+00,-2.908464519892365985e+00
3.790221262817967673e+00,-7.612736911332225631e+00,-3.092438319551232606e+00
3.790827922223924951e+00,-7.613898612751394346e+00,3.004638177033850610e+00
3.792603744362116558e+00,-7.614961927842904821e+00,2.821481896323855931e+00
3.793595280354989718e+00,-7.615943347408189013e+00,2.644380532172317722e+00
3.703155813945251396e+00,-7.566957877884028072e+00,2.624067195111432049e+00
3.609942162778378094e+00,-7.515322296195352081e+00,2.622563202143108452e+00
3.522566314230860751e+00,-7.466447699898163926e+00,2.610460599360240330e+00
3.433776241598344825e+00,-7.415886267561070611e+00,2.618766340069764720e+00
3.343839052825067881e+00,-7.365690571044829937e+00,2.629954831867268528e+00
3.335376473329128899e+00,-7.362902759770401317e+00,2.458300742756444279e+00
3.334811571213705417e+00,-7.363596196656070347e+00,2.276151870291930557e+00
3.333829048600921219e+00,-7.364831781427788826e+00,2.066106355153129126e+00
3.332365578959773256e+00,-7.366554888452045979e+00,1.865474164779177713e+00
3.330534649334606190e+00,-7.367188727791617708e+00,1.687368379684473396e+00
3.328287876588705618e+00,-7.367916389604686422e+00,1.487145733630677702e+00
3.324217479660342089e+00,-7.369123021501801318e+00,1.309578254098890282e+00
3.318732490264618029e+00,-7.368308532131588429e+00,1.142105561669622515e+00
3.315427192529170952e+00,-7.367018818104120292e+00,9.656496812996938628e-01
3.310003404375921221e+00,-7.364507732836886866e+00,8.053133081944744420e-01
3.306866737116361143e+00,-7.363314589426079415e+00,6.333334682761027068e-01
3.304012936375641640e+00,-7.361826913448747511e+00,4.594226674641339048e-01
3.301385219115697822e+00,-7.361062419607766749e+00,2.775676986519743927e-01
3.298496284790894073e+00,-7.360787048790276899e+00,9.887722698577880442e-02
3.296044499428496088e+00,-7.360451694221493035e+00,-7.732491051575510199e-02
3.293821019689106233e+00,-7.359965316082255349e+00,-2.527468457646784850e-01
3.291832399326595660e+00,-7.358881682068266983e+00,-4.276226000694066665e-01
3.289848396125762076e+00,-7.358261242948978875e+00,-6.060380777311412670e-01
3.288020226380045319e+00,-7.357317284915374955e+00,-7.814494896198646012e-01
3.286960486637727996e+00,-7.356081869710922483e+00,-9.668956128184198473e-01
3.286598363100830866e+00,-7.355701238476745729e+00,-1.142588203994364227e+00
3.286936146878827181e+00,-7.354866830199735084e+00,-1.319849269920316814e+00
3.287416437616291542e+00,-7.354511677605149345e+00,-1.501527010539725371e+00
3.287737466960861443e+00,-7.354676809311408547e+00,-1.670985690601179519e+00
3.288513665419380949e+00,-7.354922564988438438e+00,-1.848668571256301796e+00
3.289168308856743828e+00,-7.355846905884089182e+00,-2.028870714871027658e+00
3.287902598797710407e+00,-7.356095163505515622e+00,-1.907348264616732791e+00
3.284830998277488590e+00,-7.357034899098399805e+00,-1.702661808312506020e+00
3.282416315278108065e+00,-7.358330150705977069e+00,-1.507029137078546688e+00
3.280770769074280224e+00,-7.359182562668980410e+00,-1.327843374352896122e+00
3.279858284547350067e+00,-7.361109746652923391e+00,-1.133541029917535470e+00
3.279281087406551887e+00,-7.363374842114057017e+00,-8.972451221698074519e-01
3.279290882308833588e+00,-7.365859500163701945e+00,-6.974291960321571393e-01
3.280260106400060049e+00,-7.368234339023038260e+00,-4.910112780977718416e-01
3.344873406932606041e+00,-7.395886165401000412e+00,-3.384301192924997204e-01
3.442355623150751942e+00,-7.419894427078791210e+00,-1.541426489032699798e-01
3.484066854807380764e+00,-7.424197779994721635e+00,-5.674126466222940979e-02
3.482648689220134042e+00,-7.424920001273624059e+00,-2.474953436149058550e-01
3.481221684913101466e+00,-7.424881198353902256e+00,-4.420701539905381172e-01
3.479955856626427924e+00,-7.424290583314363090e+00,-6.378032072569846944e-01
3.479037590299599358e+00,-7.423419534159664046e+00,-8.446989432056547509e-01
3.479219808943553094e+00,-7.421830495400019601e+00,-1.077765097909428205e+00
3.480338090268315199e+00,-7.419974315887778893e+00,-1.345591431575548169e+00
3.482555742199417992e+00,-7.419549045426824030e+00,-1.606788558403518197e+00
3.485641348624341607e+00,-7.420115916701620407e+00,-1.859431615178904984e+00
3.488995750018660580e+00,-7.421426457704670909e+00,-2.074600994840402279e+00
3.491091304916294824e+00,-7.427301742179448496e+00,-2.245515683783458449e+00
3.492514439503453527e+00,-7.431753979530354215e+00,-2.362021587072941298e+00
3.490622098930245443e+00,-7.431542730746875769e+00,-2.182292766041321830e+00
3.488470124375409931e+00,-7.430679588790645163e+00,-2.000101415872257427e+00
3.480651881509791323e+00,-7.434554196298956974e+00,-1.834722563819709107e+00
3.478212173295168519e+00,-7.435301175418675967e+00,-1.653439867715991607e+00
3.475646703531805493e+00,-7.436514131044733134e+00,-1.469162868042521275e+00
3.474444101309146049e+00,-7.437328456981600056e+00,-1.278824301066781688e+00
3.472247349352328705e+00,-7.435807981968402203e+00,-1.103149021680352115e+00
3.470062613298015020e+00,-7.434444019899030032e+00,-9.176925860714446603e-01
3.467021548855405477e+00,-7.433690411733484993e+00,-7.280371552599562701e-01
3.464909807685697007e+00,-7.433891147814604139e+00,-5.453856981515352587e-01
3.462894336875179224e+00,-7.434356299487457242e+00,-3.662218825321403859e-01
3.461405673214909218e+00,-7.435437962672458490e+00,-1.825202058775595992e-01
3.459196215864411172e+00,-7.437138903188672323e+00,4.064853861530610957e-03
3.456895528029137132e+00,-7.439622372758107005e+00,1.888235027845851510e-01
3.454563952308816077e+00,-7.442678035732332553e+00,3.683088014943974309e-01
3.452618943507149485e+00,-7.445762230922359670e+00,5.543427281671187146e-01
3.450885207844416769e+00,-7.449778129208402433e+00,7.351024881874005379e-01
3.449527081445297405e+00,-7.453626454177190830e+00,9.202637064236537379e-01
3.448783605072000658e+00,-7.458251962120431067e+00,1.111357251122980339e+00
3.448916900061702151e+00,-7.461911684462574357e+00,1.291223074627227962e+00
3.450671037674208019e+00,-7.463204756545549046e+00,1.369232360489566203e+00
3.449091737694179205e+00,-7.463825288963567672e+00,1.180947701294742691e+00
3.446645474470245496e+00,-7.462772268140103193e+00,9.453418755190345912e-01
3.444396083402454067e+00,-7.461592032162798205e+00,7.143536638909072645e-01
3.442532302773495978e+00,-7.459956421661991577e+00,5.248060895970603212e-01
3.440324792757051053e+00,-7.458551232657411489e+00,3.064408543170186183e-01
3.438899232187607513e+00,-7.457535022576345263e+00,9.867905620000747002e-02
3.436776275073072373e+00,-7.456157097114984644e+00,-1.480254197360812429e-01
3.435328231484565009e+00,-7.454992078151402524e+00,-3.777555088338493405e-01
3.433670780014486557e+00,-7.453442033272642320e+00,-6.086344157941143695e-01
3.432867887010018659e+00,-7.451928699901268160e+00,-8.001074239356276152e-01
3.432973213414905356e+00,-7.450014100731244149e+00,-1.053647128937868160e+00
3.434029415872339452e+00,-7.448493630464217752e+00,-1.234824711676860920e+00
3.435965871993444498e+00,-7.447389293190882498e+00,-1.415715043335584955e+00
3.438358917514301893e+00,-7.446040423113265305e+00,-1.606909121492824388e+00
3.442138148728386859e+00,-7.445323875506236533e+00,-1.783963897027339485e+00
3.444019494806505932e+00,-7.446366689711158671e+00,-1.962567980738018081e+00
3.446600522543253220e+00,-7.447243815584102755e+00,-2.132074417019999224e+00
3.448465833570063310e+00,-7.449096447503146479e+00,-2.318515022612717580e+00
3.446703624391352694e+00,-7.450362222780902322e+00,-2.269054801514843955e+00
3.444299571796164194e+00,-7.449326399053439296e+00,-2.091227827413012719e+00
3.442135765891338295e+00,-7.448177250664313576e+00,-1.914257808312088249e+00
3.439645159417193732e+00,-7.447933697898330152e+00,-1.732907256223161330e+00
3.437376185246373339e+00,-7.448201594139215231e+00,-1.549428546381412808e+00
3.435359953585817028e+00,-7.449050911068467506e+00,-1.352341527563917012e+00
3.433873329076085668e+00,-7.449723089354902683e+00,-1.163844185721935709e+00
3.433841263014864698e+00,-7.451352805615948149e+00,-9.819258091588797255e-01
3.434193681371966012e+00,-7.452830170103481144e+00,-7.984214053174244485e-01
3.436147627453017606e+00,-7.454484219241836129e+00,-5.892203305687426784e-01
3.438239597934108716e+00,-7.455697733641124536e+00,-3.884456798833981206e-01
3.440384701789718669e+00,-7.456896507947587516e+00,-2.045418598665786070e-01
3.540804127244070454e+00,-7.468502098369860676e+00,-1.134814749982199084e-01
3.641515639369191426e+00,-7.478699115952815113e+00,-1.114332253523403898e-01
3.677942997611509224e+00,-7.480539255347896876e+00,-2.878639486468409503e-01
3.677336653416659829e+00,-7.480297171422304103e+00,-5.004907786314349849e-01
3.676254084163021574e+00,-7.479337820218210808e+00,-7.267809756542836785e-01
3.676535068212951174e+00,-7.477991606939804470e+00,-9.211085727159418202e-01
3.677432552894674078e+00,-7.476410553191962016e+00,-1.164224170367870181e+00
3.678903447728798071e+00,-7.474536453063745256e+00,-1.357747411300829654e+00
3.679969415082769313e+00,-7.475490367293808447e+00,-1.242685139783010095e+00
3.680553926904800210e+00,-7.476961528871059137e+00,-1.255901852361746229e+00
3.682419360943481657e+00,-7.476606251620482091e+00,-1.449084590749015078e+00
3.684404980195854495e+00,-7.477212166350716949e+00,-1.633681452713072968e+00
3.687463667552339786e+00,-7.477911039150495043e+00,-1.838541071943015304e+00
3.689457278312129773e+00,-7.478313297606780097e+00,-2.028465132918558567e+00
3.692452012874889444e+00,-7.479807195308888268e+00,-2.265154568846730498e+00
3.694844684752131236e+00,-7.481223868779172115e+00,-2.484182476905304693e+00
3.697643178238357642e+00,-7.482884918489203230e+00,-2.660692317616985658e+00
3.696804033034860382e+00,-7.484586612402411632e+00,-2.695659679408402454e+00
3.694637362317168883e+00,-7.483750169402343388e+00,-2.511499078663404827e+00
3.692614170814220831e+00,-7.482591325417184080e+00,-2.312908035901833692e+00
3.689243525235725407e+00,-7.482171023921626585e+00,-2.143936674849758361e+00
3.687152771352967484e+00,-7.483523549979641309e+00,-1.969360632962169788e+00
3.682758194571770449e+00,-7.485081906044197098e+00,-1.803520887155657393e+00
3.681443058765720977e+00,-7.486516598256891086e+00,-1.621120704010281299e+00
3.680417375782858880e+00,-7.488384813155425590e+00,-1.458636849852615214e+00
3.680116673016885276e+00,-7.489615691518407559e+00,-1.269657739572926047e+00
3.679902304436692084e+00,-7.491702910873211607e+00,-1.091977567259666326e+00
3.679757672489481823e+00,-7.494074819864064985e+00,-9.176024946660581438e-01
3.680510485621639738e+00,-7.496994164266022054e+00,-6.573685409556945247e-01
3.681909972303579970e+00,-7.499141590091265464e+00,-4.646355202525810912e-01
3.683654701387231611e+00,-7.501288237174544626e+00,-2.586300621879896178e-01
3.685678551998125219e+00,-7.503392419816274028e+00,-3.635794995259770263e-02
3.687535961244954308e+00,-7.505514686103047062e+00,1.656613408723043857e-01
3.689715585759669292e+00,-7.507758729830631417e+00,3.951668601805661818e-01
3.691946197839176769e+00,-7.510267893875651524e+00,5.980387138457918805e-01
3.694570720939926556e+00,-7.512672883477990560e+00,8.002679561994707758e-01
3.697793973266803036e+00,-7.515240106021392030e+00,1.029321546931608156e+00
3.712733750089401763e+00,-7.490160162506007246e+00,1.163957620474729726e+00
3.736622131335599839e+00,-7.436179469513777285e+00,1.008108248404951945e+00
3.736022549272912663e+00,-7.436410674980590940e+00,8.346571903679602666e-01
3.804984867737375875e+00,-7.363828275166568460e+00,8.325123564263418041e-01
3.874616530759143362e+00,-7.288360347751770441e+00,8.286394832470824756e-01
3.943321576529005945e+00,-7.215109246003256871e+00,8.265658318443278585e-01
4.012227839496005366e+00,-7.142027099820065672e+00,8.651685389271662752e-01
4.051346889552625008e+00,-7.092767052399476135e+00,1.040890846389389335e+00
4.070670225099279449e+00,-7.056825312602469147e+00,1.230443518154705540e+00
4.082791228742158829e+00,-7.019820337389287346e+00,1.412324517382503197e+00
4.087920482189027815e+00,-6.981429206215414851e+00,1.592016798482634998e+00
4.086118576780061851e+00,-6.944299904573159488e+00,1.771450646891965519e+00
4.077495566382817849e+00,-6.908756263607972237e+00,1.950210772266763870e+00
4.032141961914803119e+00,-6.817770849274796596e+00,2.110256598457743937e+00
3.972950966078511836e+00,-6.738299533000452257e+00,2.261613124076822690e+00
3.940743103044425322e+00,-6.705724382808982753e+00,2.444662277959987584e+00
3.934816987830528578e+00,-6.703105558040902245e+00,2.621147639366513182e+00
3.917193308193484658e+00,-6.694987848273457054e+00,2.538972335527131197e+00
3.915578129434377885e+00,-6.694683479789710567e+00,2.344573405948929601e+00
3.914217774782426940e+00,-6.694683150461593790e+00,2.168269972961521574e+00
3.913325198861973941e+00,-6.694294924646415623e+00,1.983335407563745489e+00
3.881804470948587493e+00,-6.604015907715979239e+00,1.914955073820609144e+00
3.848963224010824469e+00,-6.510121597494015866e+00,1.915477546447444057e+00
3.816381432007612595e+00,-6.418172261639162990e+00,1.915150931746979923e+00
3.786193862943850519e+00,-6.324978773573556978e+00,1.871123799628349182e+00
3.764574198471922539e+00,-6.248975737588851942e+00,1.740353400516052806e+00
3.766729256281152960e+00,-6.254436199587503076e+00,1.749426352536323170e+00
3.770259766566029569e+00,-6.257890886826370291e+00,1.925769018158477675e+00
3.740975792637644126e+00,-6.171775875816039481e+00,1.960171986913394671e+00
3.707439411321339584e+00,-6.103261538421241639e+00,2.119499706705576525e+00
3.657665988376769484e+00,-6.020528507657030737e+00,2.095508957903322145e+00
3.657733887677649509e+00,-6.022200249117818593e+00,1.934643956768479223e+00
3.661629407904950284e+00,-6.025502327453471807e+00,2.106023378699124482e+00
3.665523208493865148e+00,-6.029966035643232303e+00,2.262640875764209358e+00
3.599550510506009271e+00,-5.969784835240327325e+00,2.379757847354734945e+00
3.527568353394429312e+00,-5.900710114852600441e+00,2.369546093700368505e+00
3.460523771087935518e+00,-5.834010646701845992e+00,2.359698527515598165e+00
3.388809225474414877e+00,-5.763889886648446037e+00,2.387533011928872018e+00
3.313327902612137610e+00,-5.696810322888009814e+00,2.430046764543946747e+00
3.245869285950673699e+00,-5.640743823549049019e+00,2.437078367966882375e+00
3.172197731207987648e+00,-5.577601893530094834e+00,2.428103070891427073e+00
3.095371794166379864e+00,-5.510648039226424544e+00,2.419812266760477559e+00
3.016473337919614028e+00,-5.441645230970315161e+00,2.414767304787844626e+00
2.940402284141335087e+00,-5.373928939215566025e+00,2.406888261540600205e+00
2.864663882445885879e+00,-5.305283179210207756e+00,2.397728530516056278e+00
2.785921116447386936e+00,-5.233880566264768497e+00,2.393144775001340818e+00
2.712425996235611425e+00,-5.166924628418667176e+00,2.388755005700422984e+00
2.641478460632832093e+00,-5.101777856498513231e+00,2.384982190690867476e+00
2.565866658735298511e+00,-5.031595865576250937e+00,2.381643344877677926e+00
2.490377301341376803e+00,-4.961065542086111613e+00,2.378036474894503538e+00
2.419751286035327631e+00,-4.895001604070565726e+00,2.375614494141972788e+00
2.343489133323640949e+00,-4.823515751436435295e+00,2.378234145890394835e+00
2.265799137055583667e+00,-4.754893879217082286e+00,2.428756328827133881e+00
2.184585551830741768e+00,-4.690878401077152482e+00,2.501301121403370686e+00
2.097797090419517563e+00,-4.634002142725379692e+00,2.582346095211241366e+00
2.003874203269632837e+00,-4.580816378901635844e+00,2.625847514276178796e+00
1.910889420930796057e+00,-4.533177639799232495e+00,2.667410520545899999e+00
1.815605144851079045e+00,-4.489551759823461552e+00,2.703406439568671882e+00
1.719718333139077737e+00,-4.446407677107250933e+00,2.694781732852741474e+00
1.621290799809200989e+00,-4.401342056527936641e+00,2.687545007838032962e+00
1.526262168171563127e+00,-4.357302246048306849e+00,2.681161557896876602e+00
1.431002607805589300e+00,-4.312705392842675955e+00,2.678832689130834055e+00
1.336461344987296407e+00,-4.268525280640446340e+00,2.673603259764116835e+00
1.240366374918860259e+00,-4.223772233555238564e+00,2.670353353201485369e+00
1.145671653877571972e+00,-4.178273386042590687e+00,2.665300990332090336e+00
1.049817076033958907e+00,-4.129580330663739751e+00,2.615901317871618392e+00
9.599035195567632295e-01,-4.076812600597589764e+00,2.549059415760658087e+00
8.752559377670282581e-01,-4.016656652719822418e+00,2.454963612031344944e+00
7.953771757990514280e-01,-3.951406439050930697e+00,2.405874466916186449e+00
7.211807840086723598e-01,-3.888269856168484306e+00,2.402450345036423851e+00
6.407545759413387776e-01,-3.822312240943779749e+00,2.436857203491038071e+00
5.573522648812410107e-01,-3.760081309221596335e+00,2.481525679448660870e+00
4.703511557645159713e-01,-3.701146140840031240e+00,2.510189013573492112e+00
3.816015679252502957e-01,-3.640765118751146723e+00,2.503985858607423065e+00
2.949710682974640563e-01,-3.582063889649698574e+00,2.496936917364418473e+00
2.087501038267084441e-01,-3.523403612016732023e+00,2.492482112770039837e+00
1.225194928666206995e-01,-3.464118859060825173e+00,2.485373184379912281e+00
3.348311565367131926e-02,-3.403374841139484186e+00,2.481872349140640033e+00
-5.173189837407043967e-02,-3.342529136872578910e+00,2.432069196121140919e+00
-1.310956765921678369e-01,-3.278107262035285352e+00,2.329031024928334581e+00
-2.026896147757972222e-01,-3.205874212668518464e+00,2.223028015957574155e+00
-2.655087495101551287e-01,-3.126616410771754673e+00,2.116531002979874287e+00
-3.208234704162127304e-01,-3.039559323013081293e+00,2.007639856475609275e+00
-3.641237749413094860e-01,-2.950218174385874637e+00,1.899759876794156810e+00
-3.975029745501953427e-01,-2.858447526130587502e+00,1.771825665555228690e+00
-4.138789074587532202e-01,-2.782693920854867109e+00,1.620029964852150117e+00
-4.159591508076665445e-01,-2.706413951026831022e+00,1.451436563287674009e+00
-4.073482094547277166e-01,-2.650054065819967164e+00,1.284804919092808362e+00
-3.871098000578508391e-01,-2.597748256319897031e+00,1.092455976634694403e+00
-3.494566779214790531e-01,-2.543437178603669580e+00,8.729758117724638611e-01
-3.016861017732441197e-01,-2.501216599648273586e+00,6.756776371691478600e-01
-2.431371800412462370e-01,-2.467628050794391736e+00,5.125819780002780490e-01
-1.787000611677059259e-01,-2.443595179090920499e+00,4.020160805693112072e-01
-8.520016190853335614e-02,-2.418563284983581863e+00,3.352085961796538172e-01
-8.166919844221688651e-02,-2.434121513342367038e+00,4.913278860131332637e-01
6.390369345391930245e-03,-2.409471923875081689e+00,4.708347388936360289e-01
9.366778835848876827e-02,-2.378358605109903490e+00,4.619548151984891882e-01
1.842476660905070507e-01,-2.345645401049526679e+00,4.581671668266698583e-01
2.488300712551167748e-01,-2.340014783910097762e+00,5.870140782070245589e-01
2.475094905272323675e-01,-2.354375718033969722e+00,7.648520520834456438e-01
2.475151492937498754e-01,-2.366117633826316347e+00,9.706752814519987727e-01
2.483729988394105526e-01,-2.375907025135115536e+00,1.171679965673792401e+00
2.486748295881587578e-01,-2.385137727565618260e+00,1.363926510762251354e+00
2.490929237419776399e-01,-2.393142450188485704e+00,1.556038168518022236e+00
2.440809127626775432e-01,-2.417803469429633090e+00,1.437247763650942201e+00
2.530140891233719214e-01,-2.358907226359909348e+00,1.385117470912565762e+00
2.714209572220593336e-01,-2.293906377037179034e+00,1.311267283832195929e+00
2.757436195471654194e-01,-2.267391540784644555e+00,1.499956344797862773e+00
2.715655889789768684e-01,-2.244180257763525699e+00,1.675907353871221028e+00
2.599251316672814283e-01,-2.220603587253873634e+00,1.855209494130013681e+00
2.130924136006350500e-01,-2.154921657692509651e+00,1.964940768842185825e+00
1.706792977503911457e-01,-2.086990625867727100e+00,1.899236699820077812e+00
5.064102010193264336e-01,-7.553569086793217036e-01,-1.648462902005804587e+00
4.989945664155734928e-01,-7.853347234301997215e-01,-1.473608066503996117e+00
4.930829020177550648e-01,-8.129771275966284350e-01,-1.305510419706301883e+00
4.878234199209736666e-01,-8.383155156491511883e-01,-1.130550940604681198e+00
4.830912293670145408e-01,-8.640274788072147549e-01,-9.486361729233109275e-01
4.791117801498787077e-01,-8.880222716140281358e-01,-7.762047401431586557e-01
4.750458494817136335e-01,-9.131735289077210771e-01,-6.115985887048792646e-01
4.714432063674836026e-01,-9.320450669589824821e-01,-4.517353783823605529e-01
4.704451492978796168e-01,-9.472300876134193137e-01,-2.518201134037142408e-01
4.692396778035027305e-01,-9.618704010340034527e-01,-7.192197832261605639e-02
4.674511461033968862e-01,-9.719131643455359848e-01,1.116038160623481906e-01
4.651738748858617045e-01,-9.789517515673102910e-01,2.928796641148489477e-01
4.632926411937157707e-01,-9.865918946759772989e-01,5.000495131267828075e-01
4.617322540026196354e-01,-9.938588920743099964e-01,7.070512257256335031e-01
4.607585351748017533e-01,-1.000354280188122447e+00,8.874405686908494184e-01
4.612090865210538571e-01,-1.008013583317602713e+00,1.067850292683943492e+00
4.617466628902824333e-01,-1.015392918759749019e+00,1.248846165992600676e+00
4.625087191033666056e-01,-1.022798751066818390e+00,1.455134004724368157e+00
4.623087398107290635e-01,-1.029292487557322167e+00,1.641632215891392299e+00
4.617534703898746873e-01,-1.034733207862948312e+00,1.826078243869780016e+00
4.608243084670983758e-01,-1.041110836446984766e+00,2.007342210991977183e+00
4.592715649023294544e-01,-1.046701052950679056e+00,2.209105917012212927e+00
4.578349008035919598e-01,-1.052231024751155486e+00,2.395707031814179988e+00
4.565386167144028229e-01,-1.057346765474455719e+00,2.580998709624350962e+00
4.545957460841745790e-01,-1.063766239306270789e+00,2.777434707859181007e+00
4.515328890594770828e-01,-1.069678801879260011e+00,2.963165437495862697e+00
4.498657058801814324e-01,-1.073885102249570789e+00,-3.131944939575733056e+00
4.474089068876200836e-01,-1.077733382850777133e+00,-2.940644059519819997e+00
4.423682808023730040e-01,-1.083652873023118302e+00,-2.793301449096532885e+00
4.388096261129009745e-01,-1.088289320855557518e+00,-2.642285276468515853e+00
4.352349518425421837e-01,-1.090775050479406039e+00,-2.457803614702028128e+00
4.314620756433544813e-01,-1.092869369754543296e+00,-2.275543768481713691e+00
4.280238110328369872e-01,-1.096095610304909318e+00,-2.097316483066907988e+00
4.241087169359354925e-01,-1.099832822634803087e+00,-1.915590501887399766e+00
4.206054911048804357e-01,-1.103240176568013320e+00,-1.741955705723071679e+00
4.174098717092953881e-01,-1.107601466588297834e+00,-1.562966149226914236e+00
4.137212026817363442e-01,-1.112495297747933654e+00,-1.382303202794298969e+00
4.105209275863747065e-01,-1.117243307578897005e+00,-1.212656917954433755e+00
4.383164045867184444e-01,-1.213345893210594495e+00,-1.196344986901019203e+00
4.693127079808382951e-01,-1.311933141878026010e+00,-1.193350738967831060e+00
5.051799079512196977e-01,-1.413787616887586474e+00,-1.188462652518811558e+00
5.378802710579914104e-01,-1.511154643295267386e+00,-1.157166617351266691e+00
5.817211063203717725e-01,-1.605812195082395366e+00,-1.055755702830267539e+00
6.311044387847319914e-01,-1.697490609961807673e+00,-1.031939864080345659e+00
6.573229482723573769e-01,-1.745791669165375204e+00,-1.189290197826136986e+00
6.559216869581027121e-01,-1.747327985176564402e+00,-1.358339422611018366e+00
6.552053515604918665e-01,-1.748456394390031976e+00,-1.525006730483888573e+00
6.544615647793017299e-01,-1.750176734857345595e+00,-1.695390342637105752e+00
6.538843014234528850e-01,-1.751525218603807055e+00,-1.871494365395367065e+00
6.531565018562985880e-01,-1.752960749886371294e+00,-2.043675946221806594e+00
6.525121873267736294e-01,-1.755093072771780172e+00,-2.214768550007862657e+00
6.513250991471456475e-01,-1.757327397335796570e+00,-2.385960027965036812e+00
6.507554812213618423e-01,-1.760342921865174270e+00,-2.565052610405637257e+00
6.489275952934089320e-01,-1.762543364577754401e+00,-2.738276705857543458e+00
6.473911895270954009e-01,-1.764868943358316900e+00,-2.918160013875274128e+00
6.449868126916131761e-01,-1.766877693602801669e+00,-3.095788958839605254e+00
6.426240296108745031e-01,-1.769001289063425464e+00,3.002476503044271272e+00
6.392602020664398532e-01,-1.771722045458201888e+00,2.826124878362521908e+00
6.349695952824967460e-01,-1.773852922530776421e+00,2.654516961177197487e+00
6.273404963531586942e-01,-1.775369600578623253e+00,2.727835317638819035e+00
6.225465626748452053e-01,-1.776087199361641833e+00,2.899278464443028280e+00
6.184151409430879154e-01,-1.775496188636105588e+00,3.082738532611485116e+00
6.128086823600700228e-01,-1.775782956354754694e+00,-3.021212019855931796e+00
6.073386428089814215e-01,-1.776369390180160046e+00,-2.844761537413568409e+00
5.060168497214360128e-01,-1.814535970830515543e+00,-2.756977877605759630e+00
4.072156098648827549e-01,-1.861745686766787422e+00,-2.662206223473049693e+00
3.118130563229365992e-01,-1.911695918228825342e+00,-2.625978494513133477e+00
2.220853200252973780e-01,-1.968624749417323017e+00,-2.557355789608410923e+00
1.329106991129866966e-01,-2.025503518033724415e+00,-2.560774901951017313e+00
4.898292682685124327e-02,-2.078697281797068808e+00,-2.561856571335123345e+00
-4.109872445474978958e-02,-2.135907218175316924e+00,-2.562080079821596357e+00
-1.295485820118720821e-01,-2.193396408622195093e+00,-2.557397015648333216e+00
-2.179183377893647855e-01,-2.250826687669175818e+00,-2.553919245278747141e+00
-2.626701018401035870e-01,-2.281216426095920458e+00,-2.713174689936258321e+00
-2.631719046192039224e-01,-2.283221501662551667e+00,-2.903021655170177961e+00
-2.636743571901238870e-01,-2.286236460066215948e+00,-3.105175111526136789e+00
-2.656019792117991773e-01,-2.289367361897165498e+00,3.004096279357141075e+00
-2.684981290802979093e-01,-2.291914693410010972e+00,2.839434815414494384e+00
-2.695514430278890261e-01,-2.294580458727314642e+00,2.639017442422371573e+00
-2.704581076303558262e-01,-2.296878569957560678e+00,2.443857878364911862e+00
-2.712024589556973342e-01,-2.298668407669464564e+00,2.262287689387975753e+00
-2.724771007026716707e-01,-2.300479349116572259e+00,2.066191264774166481e+00
-2.737898483860229382e-01,-2.302141635227072047e+00,1.871806500975878640e+00
-2.755709610651864705e-01,-2.303053895717182442e+00,1.688989359113016286e+00
-2.778777722974809516e-01,-2.303837671250279051e+00,1.479475697711216009e+00
-2.803304675018178371e-01,-2.304458940849779314e+00,1.291468487345506011e+00
-2.833780094336723065e-01,-2.303882088825055519e+00,1.098232353419895668e+00
-2.860524306749315793e-01,-2.302694160333005780e+00,9.153828865991087138e-01
-2.882713765114453541e-01,-2.301272909115571252e+00,7.366252006161949639e-01
-2.909924512490218440e-01,-2.298972519626444999e+00,5.421058253894132095e-01
-2.933651144931049282e-01,-2.297066605043482479e+00,3.648925099775399694e-01
-2.958215928617488055e-01,-2.294966196819602455e+00,1.817849987504382425e-01
-2.973081355861445507e-01,-2.293123898359151536e+00,-3.671113067049199680e-03
-2.983612749977800349e-01,-2.290366071927190106e+00,-1.569711646221177703e-01
-2.991421742461469746e-01,-2.288308949293507144e+00,-3.255771320362276233e-01
-3.001323100164124402e-01,-2.286999223244326807e+00,-5.022348785668502291e-01
-3.013797797557965508e-01,-2.286423423204512861e+00,-6.709240875574614682e-01
-3.015897948210613522e-01,-2.285282526687181459e+00,-8.491568165852120265e-01
-3.024287897108413614e-01,-2.284557580299714452e+00,-1.082549049449260892e+00
-3.016446886361510704e-01,-2.282967280321204218e+00,-1.276832362695573986e+00
-3.002374281767136166e-01,-2.282124086637415061e+00,-1.480466278268876668e+00
-2.987157658142615690e-01,-2.281885365300753143e+00,-1.679827634951248649e+00
-2.970481999922696681e-01,-2.281639856699676283e+00,-1.881399587414585906e+00
-2.955506784857065972e-01,-2.282168799863693920e+00,-2.054893009773610668e+00
-2.932131695244187819e-01,-2.283533325745505937e+00,-2.239167372345786777e+00
-2.907693155014055564e-01,-2.284731776032724593e+00,-2.428941158234029007e+00
-2.895723889084098057e-01,-2.286424634625775276e+00,-2.644033967303564658e+00
-2.879414740528198347e-01,-2.288249684161058894e+00,-2.832565704621862412e+00
-2.867320864466745278e-01,-2.290685809185097010e+00,-3.014932392418035789e+00
-2.860155857887125008e-01,-2.293552742253498700e+00,3.062594877999341936e+00
-2.853570274119448524e-01,-2.295954127949121126e+00,2.851329052240661355e+00
-2.848464397760607225e-01,-2.298096969838578474e+00,2.676958778855610621e+00
-2.850044047487839127e-01,-2.300412993589415311e+00,2.479311141518458328e+00
-2.849084009797153150e-01,-2.303199296227509407e+00,2.262303549937875413e+00
-2.856630695989744728e-01,-2.305172642216005041e+00,2.064288961350663421e+00
-2.867290881629746546e-01,-2.307494735201420788e+00,1.846241597207524343e+00
-2.882995470013520745e-01,-2.309235220024200785e+00,1.648778316509344810e+00
-2.907431603140548937e-01,-2.310985590672866241e+00,1.426599513879965198e+00
-2.933910749147816688e-01,-2.312030620534196501e+00,1.214844728224613091e+00
-2.964943537623984660e-01,-2.312154932183796863e+00,9.902566838590114440e-01
-2.988746192744864971e-01,-2.311295537223652552e+00,7.945018294356904764e-01
-3.014454037981618706e-01,-2.310099024136103907e+00,5.866660798318691361e-01
-3.030266576801347034e-01,-2.308956458300955195e+00,3.910995715643398873e-01
-3.050671260632225046e-01,-2.308041011005905307e+00,1.949381407222736118e-01
-3.069958473450546399e-01,-2.306412189062397644e+00,-2.145737790336749509e-02
-3.087238383225480720e-01,-2.304072874234973867e+00,-2.311191058687746824e-01
-3.099684707781075743e-01,-2.302174617298102799e+00,-4.368141692872234416e-01
-3.105366817564571558e-01,-2.299959272006003363e+00,-6.787484527119062028e-01
-3.109737955919484875e-01,-2.296779260159369063e+00,-9.210810586089177576e-01
-3.103622344925865972e-01,-2.295012177640826323e+00,-1.156144364119353174e+00
-3.095306277099654224e-01,-2.293385202567086445e+00,-1.364981144139779223e+00
-3.076518877966948895e-01,-2.291460296163175592e+00,-1.607555675012882102e+00
-3.060553509564445385e-01,-2.290722721338667167e+00,-1.830689150710667956e+00
-3.041699688287600734e-01,-2.290661511812696283e+00,-2.028759637169078367e+00
-3.019418717192468016e-01,-2.291391342860201075e+00,-2.220435337567383094e+00
-2.997901195195399882e-01,-2.292844357959948010e+00,-2.445942467558021693e+00
-2.982117966267769371e-01,-2.294750862465320118e+00,-2.663469461002434091e+00
-2.967665898906267641e-01,-2.296614044250330000e+00,-2.853993007564485929e+00
-2.953144442877484455e-01,-2.299336904518586078e+00,-3.062992763625479675e+00
-2.949527883753236823e-01,-2.302031431588538180e+00,2.970693832065332440e+00
-2.945011578727591006e-01,-2.304358690519880515e+00,2.781058090327884091e+00
-2.943988089141036379e-01,-2.306863850521484238e+00,2.564311308052598992e+00
-2.941962609127526385e-01,-2.309157158169336643e+00,2.388437418797009659e+00
-2.945369234672355341e-01,-2.312221690654732154e+00,2.166339628433853193e+00
-2.951201876148248360e-01,-2.313938592064194832e+00,1.991711073385419750e+00
-2.966178593691569665e-01,-2.316114088978801888e+00,1.776874361002687142e+00
-2.985534723529072454e-01,-2.317734654767936497e+00,1.545436491710562521e+00
-3.009862496274930965e-01,-2.318840996433244150e+00,1.339796689200139168e+00
-3.040908336314359639e-01,-2.319428746939864450e+00,1.099752765273314337e+00
-3.077550792959200532e-01,-2.319383498224040441e+00,8.885359718990317734e-01
-3.097470492542928611e-01,-2.318150588429898740e+00,6.720313157758913691e-01
-3.124358373075442064e-01,-2.316522099575503368e+00,4.498387748348760540e-01
-3.152432311298218881e-01,-2.314622878424538399e+00,1.723971678939899832e-01
-3.176431745452603650e-01,-2.312388682787118288e+00,-6.869325774832164833e-02
-3.195239972158874231e-01,-2.310125577613320935e+00,-3.083398611606220641e-01
-3.204012527338674365e-01,-2.308644761181829264e+00,-4.967919792707982118e-01
-3.210868281100655586e-01,-2.306095436378095442e+00,-7.402920887331345678e-01
-3.214312838695630448e-01,-2.303112126046754415e+00,-1.015119240754964736e+00
-3.208506344363751261e-01,-2.301065053384502068e+00,-1.268878143222822663e+00
-3.191594417455946298e-01,-2.299379110091730016e+00,-1.507937731414185301e+00
-3.176069753061567247e-01,-2.298109678320642058e+00,-1.746974192984026120e+00
-3.157112914209710408e-01,-2.297679343183157474e+00,-1.953500973310051680e+00
-3.128233343199702809e-01,-2.298196533688903642e+00,-2.192551684987618099e+00
-3.101426824261503956e-01,-2.299720721309443050e+00,-2.413840966056659543e+00
-3.091609504935808883e-01,-2.301478773285327240e+00,-2.592810826472277341e+00
-3.078259468523105724e-01,-2.303840000483023509e+00,-2.804500619207626944e+00
-3.069216617824895299e-01,-2.305720804491925513e+00,-2.985041696384733712e+00
-3.057840016296328178e-01,-2.307851480423506629e+00,3.112519989068496695e+00
-3.050945114659678326e-01,-2.311227388507721248e+00,2.870041443483090315e+00
-3.044994323802003855e-01,-2.314460555414707521e+00,2.631467790893575742e+00
-3.043178806267592407e-01,-2.316467262101737035e+00,2.443124107797075784e+00
-3.041724781033459668e-01,-2.319580831119507192e+00,2.198717402916511077e+00
-3.053206630556987711e-01,-2.322710565611191935e+00,1.960917570076602612e+00
-3.062914011527432812e-01,-2.324238460906273840e+00,1.772903949311220639e+00
-3.085640639681294095e-01,-2.326324257412561991e+00,1.527637061566362142e+00
-3.116680062257651818e-01,-2.327589020160962807e+00,1.274326566332153465e+00
-3.153582296370280313e-01,-2.328454133962455153e+00,1.049900227159827448e+00
-3.180310768273362787e-01,-2.328233898078266417e+00,8.756213674891112353e-01
-3.206972576438477662e-01,-2.327147924764415787e+00,6.818365115382357677e-01
-3.228223657329207241e-01,-2.326079832035855333e+00,4.917516061708561148e-01
-3.250659361347955079e-01,-2.324860736698317609e+00,2.930374887507313786e-01
-3.274019068081011619e-01,-2.322505431120188923e+00,4.242560905369698737e-02
-3.292308212330323225e-01,-2.321000464438014443e+00,-1.523861821089440571e-01
-3.303210750690867559e-01,-2.319065797834636289e+00,-3.492325911518555093e-01
-3.312326188993727216e-01,-2.316705951708838640e+00,-5.615759721447988184e-01
-3.324424278709867120e-01,-2.314589564036142910e+00,-7.710236765087689070e-01
-3.328699471056656978e-01,-2.312169233955883474e+00,-1.017259112406794896e+00
-3.322581936113852552e-01,-2.309651442014887035e+00,-1.239519582851616564e+00
-3.312290226520506753e-01,-2.308179306809710063e+00,-1.492980622583679029e+00
-3.296403027049694123e-01,-2.307018543746533812e+00,-1.734423221742680044e+00
-3.272051682324634836e-01,-2.306270299385120737e+00,-1.989469386353919456e+00
-3.246526511784419977e-01,-2.306987051897187779e+00,-2.251208407711335902e+00
-3.228151510481286901e-01,-2.308510493534402741e+00,-2.466328862954311418e+00
-3.214232087402179583e-01,-2.310403370151407731e+00,-2.643695840417882970e+00
-3.206236507566883609e-01,-2.312319363126734473e+00,-2.832055790352485669e+00
-3.192887126155856126e-01,-2.314945956215536782e+00,-3.070337433222479540e+00
-3.180032220318416147e-01,-2.318192107926355217e+00,2.960959624884660801e+00
-3.175796878665055334e-01,-2.321167982624690040e+00,2.723716570030814577e+00
-3.174425179912310768e-01,-2.323718843434720682e+00,2.475619066866099338e+00
-3.170415049187488288e-01,-2.326952178342857280e+00,2.257166272755933178e+00
-3.212052204349258311e-01,-2.327498572631043317e+00,2.353095564741942702e+00
-3.235275657467423516e-01,-2.326361263959813019e+00,2.541412630941384698e+00
-3.252573640828689272e-01,-2.324441290325136134e+00,2.716855890789839911e+00
-3.274905896780700432e-01,-2.322244229866839760e+00,2.896698013872932798e+00
-3.302655245919706717e-01,-2.320447000713114605e+00,3.076191316886674798e+00
-3.325161162345169896e-01,-2.319198885798773979e+00,-3.023305884457424320e+00
-3.792053881258420356e-01,-2.324634565701416022e+00,-2.982069164412973095e+00
-4.816888010260658159e-01,-2.343362953141534089e+00,-2.917596772522107251e+00
-5.819916214196837467e-01,-2.372804450373760865e+00,-2.823453562675779072e+00
-6.807575198245787718e-01,-2.405370459654156523e+00,-2.826848341971969436e+00
-7.786828230243105775e-01,-2.443544273840437597e+00,-2.719141823672009295e+00
-8.716973089518257334e-01,-2.492110298362445686e+00,-2.607832458091276617e+00
-9.586172984692268306e-01,-2.546800380934410857e+00,-2.560383078500524157e+00
-1.046412800302534141e+00,-2.602658993688538924e+00,-2.559679087596723246e+00
-1.135759937090195848e+00,-2.660009843865018819e+00,-2.559366610538096332e+00
-1.222962346572584513e+00,-2.716487216802713878e+00,-2.556365056273282477e+00
-1.312836224208492997e+00,-2.775256178035852894e+00,-2.554610116743265547e+00
-1.381044588738277179e+00,-2.819474397491182227e+00,-2.696850165993236459e+00
-1.380468189170600768e+00,-2.821200572202683166e+00,-2.888849685498998010e+00
-1.379605080154968189e+00,-2.823044404891182246e+00,-3.064234064926361967e+00
-1.378962423671562965e+00,-2.825264262068677201e+00,3.021524042550952860e+00
-1.378765891781045028e+00,-2.827319431694031326e+00,2.840552657506378864e+00
-1.379306104977890968e+00,-2.829466744902672026e+00,2.647981511017732270e+00
-1.380280357326494123e+00,-2.832221694183711502e+00,2.443940785185938935e+00
-1.381250494243812632e+00,-2.834778659142183965e+00,2.229045109544134817e+00
-1.382383898987698867e+00,-2.836552510175254671e+00,2.049578715780227878e+00
-1.384284326235126761e+00,-2.838595437180028824e+00,1.862581288293969406e+00
-1.386454433264225461e+00,-2.839694748828421655e+00,1.677902874899253494e+00
-1.388872956473448106e+00,-2.840611764683752760e+00,1.486062113558046738e+00
-1.391454504248751167e+00,-2.841020260752022519e+00,1.292813596616807503e+00
-1.395139759922646494e+00,-2.841099844748083747e+00,1.116026229016858329e+00
-1.398627724073691736e+00,-2.840966764197579320e+00,9.458478812346343689e-01
-1.402078403503729698e+00,-2.839907555712031684e+00,8.170695682787181280e-01
-1.404054275927292261e+00,-2.838825880079086872e+00,6.397167300599254647e-01
-1.406006293759395787e+00,-2.837563933699291052e+00,4.632788551221280193e-01
-1.408260970172872550e+00,-2.835803503255847513e+00,3.049801320253570092e-01
-1.410175916941110774e+00,-2.834267040837879836e+00,1.206906868750875217e-01
-1.411879893679329312e+00,-2.832583364922373725e+00,-5.858821428378978291e-02
-1.412840809211115545e+00,-2.831064841783656583e+00,-2.349494592571210461e-01
-1.413593794929864700e+00,-2.829226495639847183e+00,-3.979603048236686758e-01
-1.414626679645360152e+00,-2.825657389587359791e+00,-5.051310778203471630e-01
-1.414748095383471016e+00,-2.824116519180644325e+00,-6.852046197579838571e-01
-1.414913454859839215e+00,-2.822635189628917463e+00,-8.647440316191759013e-01
-1.414858815053983809e+00,-2.821167711300786252e+00,-1.043961737774619758e+00
-1.414497365792135808e+00,-2.819827178330497119e+00,-1.227084414643817789e+00
-1.414163767211758183e+00,-2.819934603247141958e+00,-1.396342469591395519e+00
-1.413887195435278965e+00,-2.819632677642854190e+00,-1.586285404561260437e+00
-1.412807007330912246e+00,-2.818950597904726241e+00,-1.765227659725903786e+00
-1.411714612522172230e+00,-2.818024971598420692e+00,-1.946945697464804281e+00
-1.409904970840414773e+00,-2.817802763763893381e+00,-2.123172072233228569e+00
-1.408175522574062866e+00,-2.817757266713940112e+00,-2.302788457726727689e+00
-1.407432782259519621e+00,-2.817650974094611627e+00,-2.389847079094288063e+00
-1.410208354827657606e+00,-2.817124998892409860e+00,-2.206620917609469323e+00
-1.413483010978110910e+00,-2.817148858229765906e+00,-2.018343678984212186e+00
-1.415963746979396642e+00,-2.816998190374685684e+00,-1.836394612238488877e+00
-1.418640428759392780e+00,-2.817974759769422910e+00,-1.665016963194636324e+00
-1.420762714403591032e+00,-2.819157520353917423e+00,-1.476518085457352747e+00
-1.422838082306508323e+00,-2.819900176783716184e+00,-1.303326667910459147e+00
-1.424429105775667281e+00,-2.821530358280076811e+00,-1.127343901057775932e+00
-1.425699270833604482e+00,-2.822958023666235938e+00,-9.542856071025904718e-01
-1.426364457443852984e+00,-2.824331612896166632e+00,-7.737164484582669255e-01
-1.426881522235564193e+00,-2.826002196696343560e+00,-5.968375433149054610e-01
-1.427278797587787862e+00,-2.827880443151717049e+00,-3.986570904080227740e-01
-1.427893296413593083e+00,-2.831255830308570864e+00,-2.503455569503418854e-01
-1.428901924770052956e+00,-2.833668551396874680e+00,-7.693049629129022904e-02
-1.429334966085541447e+00,-2.836818477646632086e+00,1.025778323871716219e-01
-1.429266172575547555e+00,-2.840026131600839054e+00,2.746702229191504419e-01
-1.427310079167820156e+00,-2.841974311631492611e+00,4.447152852426173864e-01
-1.340547659161562599e+00,-2.800267652471845281e+00,5.063709296704150820e-01
-1.251032954685053600e+00,-2.748124553290366645e+00,5.542067202832900996e-01
-1.164305826797341847e+00,-2.693865939143015087e+00,5.993969304188164759e-01
-1.078829270462039691e+00,-2.638043961082010558e+00,5.980572795201171132e-01
-9.929626069404046129e-01,-2.581210474092436424e+00,5.807258738523548569e-01
-9.285483202948976444e-01,-2.546211833993281548e+00,4.126853306097739704e-01
-8.751898233206747424e-01,-2.528623457849607181e+00,2.479013762760057527e-01
-8.184745906791781600e-01,-2.520345999326520481e+00,7.832886814022900490e-02
-7.601284772328383843e-01,-2.521041672268705902e+00,-1.007806699947958184e-01
-7.011925088034403064e-01,-2.532530590415059901e+00,-2.834595979839307778e-01
-6.416153942850946201e-01,-2.556927746614740649e+00,-4.794443781336556465e-01
-5.875625959646312291e-01,-2.592121489616866281e+00,-6.631683024653032277e-01
-5.337924695825247978e-01,-2.642318109296099671e+00,-8.402814059555777648e-01
-4.742802326608444030e-01,-2.720344246976351688e+00,-9.958104837588926950e-01
-4.204379244535220161e-01,-2.800809605177835060e+00,-9.533328539776995125e-01
-3.586030201191859335e-01,-2.883152121864162698e+00,-9.138353852183302983e-01
-2.967863373444850628e-01,-2.964775086185451602e+00,-9.248006921633382671e-01
-2.501526917464532151e-01,-3.033258035076132675e+00,-1.061754925636943181e+00
-2.364442974581753010e-01,-3.067914982155105719e+00,-1.259448016673162307e+00
-2.279349702263370192e-01,-3.101632243469754524e+00,-1.456468880550197964e+00
-2.262585438232941337e-01,-3.137464224616728803e+00,-1.653172338942881625e+00
-2.307470580259482207e-01,-3.171107422821790145e+00,-1.829464626896463164e+00
-2.427064356872393192e-01,-3.207237040949056706e+00,-2.004929701871340786e+00
-2.651573701537197070e-01,-3.246980489209730258e+00,-2.193426526947840127e+00
-3.014307074268335329e-01,-3.288940308984676708e+00,-2.384385467406026748e+00
-3.227427894530934260e-01,-3.309156037942005302e+00,-2.413211493131363738e+00
-3.290184652219594885e-01,-3.315727866745257213e+00,-2.230061429171941612e+00
-3.566438199858745217e-01,-3.354736359866199891e+00,-2.167953786846116504e+00
-4.108507413311102141e-01,-3.441051985751137909e+00,-2.126032973913017710e+00
-4.652199099071883670e-01,-3.528508714662265344e+00,-2.127305899120164323e+00
-5.201093804857934710e-01,-3.615274189304782393e+00,-2.123512242044786280e+00
-5.754070050519373147e-01,-3.702033711278807981e+00,-2.126479394432981618e+00
-5.957780775326478873e-01,-3.732441887933389157e+00,-1.955603874053811975e+00
-5.985839248425319781e-01,-3.734448177317346129e+00,-1.771825254989962684e+00
-6.008267176857180480e-01,-3.736430937920447892e+00,-1.589442488394877451e+00
-6.025142798106533082e-01,-3.738207225463580752e+00,-1.400724460893399081e+00
-6.035876874682379878e-01,-3.740846832433410984e+00,-1.219807669491328017e+00
-6.045449659613806315e-01,-3.743576634097362632e+00,-1.054430800428893589e+00
-6.047942268120745091e-01,-3.747568583903114980e+00,-8.872608550482946610e-01
-6.035291096085005913e-01,-3.752442780269529710e+00,-7.110913021297188275e-01
-5.920980898483380050e-01,-3.765325155016096659e+00,-5.850628500066613613e-01
-5.174122717685472050e-01,-3.829820825801869333e+00,-7.202559262130501239e-01
-4.813810782847577907e-01,-3.862992354558537844e+00,-9.237855563465703357e-01
-4.808599958465615831e-01,-3.861496715530117196e+00,-1.131555438756415954e+00
-4.801653573147677823e-01,-3.860235701363403216e+00,-1.330240097567076285e+00
-4.770850921608967843e-01,-3.858982571323831934e+00,-1.475079012313767812e+00
-4.739509330405814458e-01,-3.860456019246858439e+00,-1.622892922859723752e+00
-4.726990934557475099e-01,-3.860441809561487858e+00,-1.799881849666953082e+00
-4.707817258102536262e-01,-3.860886476727341421e+00,-1.985010732160706226e+00
-4.681473186958279853e-01,-3.861636729961678061e+00,-2.192111835244677565e+00
-4.661254004700753351e-01,-3.862829660941793808e+00,-2.373214551289652530e+00
-4.640775307505762837e-01,-3.864885432949702437e+00,-2.638702647869917595e+00
-4.614218947281131245e-01,-3.867405343623919745e+00,-2.873775802413888414e+00
-4.599629224294854435e-01,-3.869308368208364435e+00,-3.057648320239012119e+00
-4.585603483394734559e-01,-3.871861902718192194e+00,2.973811308395354569e+00
-4.579861991527255927e-01,-3.873484027737276403e+00,2.793096439856987079e+00
-4.573000930734734126e-01,-3.876555242335986140e+00,2.551722410144592335e+00
-4.574694099165299011e-01,-3.878943642052825602e+00,2.345348309990288094e+00
-4.583290117383055917e-01,-3.882274126591973573e+00,2.101723479689197038e+00
-4.598499654106258938e-01,-3.884362446444378669e+00,1.862766614023811496e+00
-4.616923560388697112e-01,-3.886289640516138455e+00,1.661751387359553522e+00
-4.643424032991312345e-01,-3.887900421767954473e+00,1.425617034369776714e+00
-4.668613227239784558e-01,-3.888617813670938617e+00,1.192068771928151749e+00
-4.695117024115205706e-01,-3.888602121588515370e+00,9.894263104146575616e-01
-4.731178087898612050e-01,-3.887549295762060986e+00,7.506929585353342427e-01
-4.755423958653350325e-01,-3.885976117223179482e+00,5.127278590430975891e-01
-4.780409581963489529e-01,-3.884702850183007428e+00,3.130408996814688094e-01
-4.800416345911860949e-01,-3.882735490642933218e+00,8.128417654770279943e-02
-4.821411378898380340e-01,-3.880282503920851500e+00,-1.810931357955789522e-01
-4.833916581885274177e-01,-3.878006046646697680e+00,-3.821348628731853214e-01
-4.839745197529052301e-01,-3.876135787282588119e+00,-5.641943599198645520e-01
-4.840382548649754257e-01,-3.873335763824898414e+00,-8.191777330382036260e-01
-4.835238742268102574e-01,-3.869914766447773324e+00,-1.107564737111535358e+00
-4.823786912464050336e-01,-3.867815953050726119e+00,-1.371004053089943664e+00
-4.800628678646609582e-01,-3.866021677448922222e+00,-1.628652684900055103e+00
-4.780626821761845280e-01,-3.864956665533680891e+00,-1.828179752822028492e+00
-4.759837949163758797e-01,-3.864571474802523721e+00,-2.009464471418485054e+00
-4.726595099825198765e-01,-3.865254434266932826e+00,-2.273161471058228855e+00
-4.695746149910343115e-01,-3.867091699710471620e+00,-2.565332175430755424e+00
-4.668531243496936156e-01,-3.869174733038376335e+00,-2.825907669504076569e+00
-4.653378036466048195e-01,-3.870831984395780356e+00,-3.003640765754424180e+00
-4.632661647873795863e-01,-3.873585628324663244e+00,2.987735560305352145e+00
-4.622606218843870463e-01,-3.875645459590447039e+00,2.810613778655484118e+00
-4.612985951584238631e-01,-3.878017508269590685e+00,2.632911167158806354e+00
-4.610154090048130260e-01,-3.881083544072819969e+00,2.382256178106877620e+00
-4.611878509276146620e-01,-3.883769820340955192e+00,2.173522606789917155e+00
-4.625063220685523557e-01,-3.887663465786026951e+00,1.992968928228937564e+00
-4.647696534002761504e-01,-3.889509961281745642e+00,1.830907431808649122e+00
-4.670734198687960803e-01,-3.891818011103302499e+00,1.646030641944166373e+00
-4.690612238200593254e-01,-3.892991351544274004e+00,1.465208785713940642e+00
-4.719711180579164722e-01,-3.894042101002319178e+00,1.285753705140815217e+00
-4.731720023136347653e-01,-3.893575593614404529e+00,1.106980335095685497e+00
-4.323133274946922566e-01,-3.824765812263316356e+00,1.007770913465129370e+00
-3.772322370143332271e-01,-3.738334691591403303e+00,1.009632967578856011e+00
-3.233074329687421478e-01,-3.651293227200238967e+00,1.012508313513825309e+00
-2.670875727003156896e-01,-3.562007404260897570e+00,1.012541359043212852e+00
-2.152546136188429049e-01,-3.478471828377733832e+00,1.001498127556646356e+00
-1.534732992260051387e-01,-3.388987288866379455e+00,9.497693945091338907e-01
-9.004670288863612926e-02,-3.305364302339570237e+00,9.031875602293580885e-01
-2.264329924399971147e-02,-3.224327745511271104e+00,8.686746708556091212e-01
4.356731209368033819e-02,-3.144516071124340950e+00,8.998841968915688438e-01
1.057304379324736227e-01,-3.063161628775898926e+00,9.491806390807069338e-01
1.702023962442059946e-01,-2.975485625381274701e+00,9.318396929478278690e-01
2.348627893176752357e-01,-2.894953274663530252e+00,8.840465270775752504e-01
3.070370120892579879e-01,-2.812545630176253031e+00,8.357959795258669278e-01
3.746157425495216797e-01,-2.742757608801039027e+00,7.933145705486012167e-01
4.520513243129189451e-01,-2.669890982640546362e+00,7.375790880382853132e-01
5.311152065606439265e-01,-2.602991891238296329e+00,6.917370831864717573e-01
6.155116027705681558e-01,-2.538094172838956109e+00,6.425751919310217497e-01
6.979876921594863060e-01,-2.482259162342873360e+00,5.336505697689467587e-01
7.363229872857259828e-01,-2.451433718359973923e+00,3.760527168224573336e-01
7.359573983381108020e-01,-2.449277567074780837e+00,1.951325794191302865e-01
7.358471554653557289e-01,-2.447242044360267599e+00,1.167496302537847711e-02
7.360576510453378241e-01,-2.445223119156074709e+00,-1.723666881272165330e-01
7.365369041536959926e-01,-2.443374260390425601e+00,-3.554108050001850705e-01
7.403554819566297018e-01,-2.442256980900765928e+00,-5.250815848751175796e-01
7.480751209390054113e-01,-2.445339124063154568e+00,-6.888404326325524574e-01
7.560552318613473766e-01,-2.449482930790439106e+00,-8.589470019080744922e-01
7.580929511681452349e-01,-2.449892184354100166e+00,-7.499737894329983057e-01
7.598711222606860938e-01,-2.451262826648632931e+00,-5.741568653683016832e-01
7.616456209907419561e-01,-2.453150926090987838e+00,-3.774623409461379531e-01
7.639450801085971854e-01,-2.454894989273761041e+00,-1.810671116149681070e-01
7.660942514375912449e-01,-2.456442974683395786e+00,2.347622156299693924e-02
7.686572659060784130e-01,-2.457481170585398722e+00,2.058204269925112684e-01
7.710373015816320841e-01,-2.458659173418409338e+00,3.813362174608232458e-01
7.746442062677499907e-01,-2.460168152460936675e+00,5.778178224739087820e-01
7.780841714434694190e-01,-2.461110695434051365e+00,7.534445227655039989e-01
7.817133974529082430e-01,-2.461634116901872726e+00,9.273471484565002365e-01
7.852313808267926687e-01,-2.462157775010747951e+00,1.104790237371908290e+00
7.890122294587919027e-01,-2.462191293883840171e+00,1.303610662541444531e+00
7.926497016432287879e-01,-2.461383825709983153e+00,1.501511789592668622e+00
7.952948085069908579e-01,-2.459823357081666106e+00,1.701544360602624595e+00
7.972540028519220501e-01,-2.457783601241236848e+00,1.903235537507358188e+00
7.990456257827834863e-01,-2.455673275111459830e+00,2.103803681140726134e+00
8.002838948723086654e-01,-2.453457620367917702e+00,2.303971359432601229e+00
8.017463490720924124e-01,-2.451865123282764181e+00,2.467446034046319348e+00
8.018242918701878885e-01,-2.449590428892458593e+00,2.655942599120247660e+00
8.022445845329324587e-01,-2.447527249903313606e+00,2.857139297284318591e+00
8.024309794321549116e-01,-2.446235642141910027e+00,3.040092737615484264e+00
8.018453301600974026e-01,-2.444350430501643689e+00,-3.046827426376338188e+00
8.009786506686785712e-01,-2.443127229574242776e+00,-2.860220026970245133e+00
7.994034842116418682e-01,-2.440891806736900538e+00,-2.713409893555849273e+00
7.976720964036083661e-01,-2.438947961521422236e+00,-2.543642953124698902e+00
7.959120186054016166e-01,-2.437245726168903559e+00,-2.378355570297737920e+00
7.929038384610881396e-01,-2.435169542525445152e+00,-2.256250399516354310e+00
7.907171498049877512e-01,-2.433363698042819490e+00,-2.078938863486682997e+00
7.895673490268073635e-01,-2.432799041871719137e+00,-1.895046637758422969e+00
7.872905601333626269e-01,-2.433395035459573919e+00,-1.667575571586323635e+00
7.845634012272381108e-01,-2.435284756262830808e+00,-1.421250779970321343e+00
7.833371561232788105e-01,-2.437456337054767719e+00,-1.223860988912082393e+00
7.819490939675625141e-01,-2.439673038645990832e+00,-1.013512126413963044e+00
7.814399603331160238e-01,-2.442429172210914157e+00,-7.765073626016548713e-01
7.818225022480818076e-01,-2.445813102757680824e+00,-5.243012103297323145e-01
7.832838953179304120e-01,-2.449287755813944312e+00,-3.360481951113307164e-01
8.865358591231828900e-01,-2.484902705281645918e+00,-3.334473045589030349e-01
9.871207977580621629e-01,-2.520193563294977235e+00,-3.341225554069967019e-01
1.079265597282146327e+00,-2.552853285394105498e+00,-3.301260183096443868e-01
1.176685947216950856e+00,-2.583137044681875327e+00,-2.863829714364974355e-01
1.243009046122615535e+00,-2.607404770532823601e+00,-4.371192589180199484e-01
1.254510929223358939e+00,-2.614066659649233237e+00,-6.417905699063758407e-01
1.330118717862079025e+00,-2.683554088437802854e+00,-7.555829254052888189e-01
1.404011414846818573e+00,-2.754002341243396934e+00,-7.580394737077784661e-01
1.481551600856334749e+00,-2.827198741498883283e+00,-7.572819238231677241e-01
1.495357639596142318e+00,-2.838386184545330870e+00,-9.356323588677905034e-01
1.495918469609058388e+00,-2.836703583632392167e+00,-1.083246071272347510e+00
1.497289773593041051e+00,-2.836473109413035321e+00,-1.261684879880123900e+00
1.498629308666125537e+00,-2.835176075437376486e+00,-1.441630263425648151e+00
1.500778546032627725e+00,-2.834118467412822362e+00,-1.651477605933671544e+00
1.502657710466410501e+00,-2.833714188653462696e+00,-1.844435860184559406e+00
1.505057301309420614e+00,-2.834026056842716912e+00,-2.054890902069765879e+00
1.507247613928080821e+00,-2.834489307897039456e+00,-2.244965910847244839e+00
1.509686793363471891e+00,-2.835161374460446027e+00,-2.444186327783797186e+00
1.512007722390185549e+00,-2.836401388871537588e+00,-2.637580732392073468e+00
1.513768873090898248e+00,-2.837541316417570680e+00,-2.843944399533973488e+00
1.515292892520078594e+00,-2.839277203206438394e+00,-3.046790548685161859e+00
1.516799724664409155e+00,-2.840856718242863899e+00,3.045285840849814907e+00
1.518031359553894566e+00,-2.843346075138606377e+00,2.836534370054482501e+00
1.518735206702291896e+00,-2.845409121297940658e+00,2.627907802012175775e+00
1.519100581177931009e+00,-2.847433901194314387e+00,2.436068588413915048e+00
1.518782571315634655e+00,-2.849635919803177320e+00,2.232867055193828776e+00
1.517932004930542478e+00,-2.851701573264167067e+00,2.045804030534802198e+00
1.517020417216606187e+00,-2.853776307631108899e+00,1.837500743367980416e+00
1.515398398134108593e+00,-2.855487409974723612e+00,1.639355846790641724e+00
1.513731873077802659e+00,-2.857273194144734685e+00,1.421063249355940306e+00
1.511523831153413377e+00,-2.857610549244512743e+00,1.233899156455319668e+00
1.509061115766337613e+00,-2.857599094334306589e+00,1.022518550070902421e+00
1.506860893205524521e+00,-2.856646766897896317e+00,8.156801501766872686e-01
1.505081323015652117e+00,-2.855445229342005842e+00,6.138550539775210479e-01
1.503339464015941873e+00,-2.854329649029738736e+00,4.317186553932339521e-01
1.501972945849280983e+00,-2.853080658092476796e+00,2.529513686744450651e-01
1.500692803206151948e+00,-2.851491537199195125e+00,5.474133770113481096e-02
1.500118421510059807e+00,-2.849494884048656029e+00,-1.578472395462175437e-01
1.498887080681012840e+00,-2.847307232051754955e+00,-3.738351886436158678e-01
1.498428804005240922e+00,-2.845256096616751940e+00,-5.544606488939027855e-01
1.498100208286844870e+00,-2.843223379507512139e+00,-7.326465524430716414e-01
1.498269394758376061e+00,-2.841358345390148976e+00,-9.160521931901516313e-01
1.499174315095926691e+00,-2.839457065408341752e+00,-1.095040634051102746e+00
1.500271749832710277e+00,-2.837895375067020165e+00,-1.279491000245405852e+00
1.502097706986810444e+00,-2.836154455195467605e+00,-1.492749143564932712e+00
1.503968945967779414e+00,-2.835039238519257765e+00,-1.683776445369087993e+00
1.506649560591294623e+00,-2.834236129814917238e+00,-1.919186803272653341e+00
1.509662398315753773e+00,-2.834380042308128456e+00,-2.135165722483712170e+00
1.512047510080353874e+00,-2.834949673114163460e+00,-2.321376413318958498e+00
1.514673000680259340e+00,-2.835478224395083569e+00,-2.536930199739137137e+00
1.516894965231547765e+00,-2.836698678677796792e+00,-2.720685728275307635e+00
1.518335235636726788e+00,-2.838016797402565849e+00,-2.896335413424381056e+00
1.520188586882562642e+00,-2.840055527420768389e+00,-3.102564626710921925e+00
1.521173383113459732e+00,-2.841798142059064780e+00,3.000988045505229351e+00
1.522146068362888460e+00,-2.843774532941736766e+00,2.790480226123313923e+00
1.522868508394619180e+00,-2.846113192265921743e+00,2.589689642014712412e+00
1.523179271229678111e+00,-2.848012505598834121e+00,2.414098629913227878e+00
1.504449471264672766e+00,-2.829762390433139707e+00,2.265725440957860659e+00
1.433132164334790071e+00,-2.744912324983428409e+00,2.269972053454731409e+00
1.367051025994346247e+00,-2.666850022922364616e+00,2.272409300742537663e+00
1.300262220581784645e+00,-2.587375357190617287e+00,2.270901522395111449e+00
1.232309128269454490e+00,-2.506593441157222379e+00,2.272903374176776570e+00
1.170071913608585090e+00,-2.434519939739376415e+00,2.200998813123659748e+00
1.169381735200790473e+00,-2.435031580030682541e+00,1.993072788105880289e+00
1.168011107798299086e+00,-2.436551876323242105e+00,1.770795377973639617e+00
1.166509667865483380e+00,-2.437691063302530825e+00,1.556631733196338851e+00
1.164443317385061905e+00,-2.438678603513736221e+00,1.366581731938512290e+00
1.161895886279938894e+00,-2.439135833037688883e+00,1.154405667075167008e+00
1.159901614520949087e+00,-2.438726443662333487e+00,9.634225883875100482e-01
1.157622750123340483e+00,-2.437837627460445855e+00,7.497453323749824206e-01
1.155935495737390184e+00,-2.436790088125701192e+00,5.584442538758506158e-01
1.154155764602843748e+00,-2.435401886754233747e+00,3.684269851653028116e-01
1.152535229813782536e+00,-2.433483354141107835e+00,1.582722813431906295e-01
1.151627129179086051e+00,-2.431903652786230552e+00,-3.181431978293568219e-02
1.150604871976602217e+00,-2.429931883386498015e+00,-2.424525391595074020e-01
1.149971417291851372e+00,-2.427410426634668550e+00,-4.352375875875924005e-01
1.149569151483466056e+00,-2.424664199932989650e+00,-6.471901654854020913e-01
1.149486273481338472e+00,-2.422453386748463888e+00,-8.361243144573913266e-01
1.150166220787729898e+00,-2.420083986051740244e+00,-1.046973164679610324e+00
1.151291199117143949e+00,-2.417757166203837738e+00,-1.238994711739894949e+00
1.152954620387276918e+00,-2.416173348826953227e+00,-1.450773615863084842e+00
1.154836876441762694e+00,-2.414539850694390477e+00,-1.662299174815555336e+00
1.156782544227525689e+00,-2.413757826057191469e+00,-1.853375522684309384e+00
1.158993601976802124e+00,-2.413521816512469886e+00,-2.045513003315999168e+00
1.161444273375654701e+00,-2.413969358475239524e+00,-2.254550284176606301e+00
1.163832958789546401e+00,-2.414535310965905346e+00,-2.448970192154247272e+00
1.095814474086547863e+00,-2.463012147984166234e+00,-2.562609609314171699e+00
1.008950579064668229e+00,-2.521261241989718016e+00,-2.562140406245676516e+00
9.237680525816887034e-01,-2.577243593906625385e+00,-2.559930329914411384e+00
8.396897529192762777e-01,-2.631845157800221546e+00,-2.564897068802191704e+00
7.555536022796836004e-01,-2.685102580127819216e+00,-2.575703894530751992e+00
7.087615008920298276e-01,-2.713820368672936745e+00,-2.433438449222597111e+00
6.851867281016845723e-01,-2.735205931336657237e+00,-2.226191779554438366e+00
6.714907480551074448e-01,-2.753918987163689547e+00,-2.041399651197895349e+00
6.613918336538587850e-01,-2.774662193795545129e+00,-1.839926845123994070e+00
6.550013132409693295e-01,-2.795837142811247400e+00,-1.653534010095911722e+00
6.516116996236767100e-01,-2.810079595991795909e+00,-1.470039335814829373e+00
6.540231237762432759e-01,-2.826552237581096083e+00,-1.238387011228031520e+00
6.583065427918484147e-01,-2.841154895370173517e+00,-1.016263789501919979e+00
6.659803545004628900e-01,-2.854710538343792514e+00,-7.929957721648942526e-01
6.758027304167729676e-01,-2.864706032955276260e+00,-6.067341267540593552e-01
6.874761669275890608e-01,-2.873138522731854660e+00,-4.289724901258511469e-01
7.013861278121452658e-01,-2.880094304546775508e+00,-2.388342410456092413e-01
7.177284979297335887e-01,-2.885101118231330197e+00,-4.988145041074429353e-02
7.341007725282266971e-01,-2.885308804779580516e+00,1.404736824370330373e-01
7.410880100771680690e-01,-2.884218691691843972e+00,1.212888050410891316e-01
7.400079809934748676e-01,-2.882414753361024484e+00,-1.012590727555227332e-01
7.386729067713202479e-01,-2.880534481327493790e+00,-3.674994575384935569e-01
7.381235490114325115e-01,-2.878783489447775068e+00,-5.790921609647774471e-01
7.378863718278598771e-01,-2.876040363000377909e+00,-8.352087899152266237e-01
7.382981534693514591e-01,-2.873713343773707241e+00,-1.111100987212668034e+00
7.391663633085819862e-01,-2.872430960744726924e+00,-1.289262655674760616e+00
7.406490675894246145e-01,-2.871140079428700087e+00,-1.481583624863302306e+00
7.426489761147726520e-01,-2.870707483800040372e+00,-1.665521550442882415e+00
7.446955819666999377e-01,-2.870528177699806172e+00,-1.869569768672788346e+00
7.471989522313644549e-01,-2.870557259087185731e+00,-2.061495193737515663e+00
7.495981503685016367e-01,-2.871173670935223132e+00,-2.252688932673860833e+00
7.530571645390323754e-01,-2.872761428978858333e+00,-2.558840075610377962e+00
7.561364388351929922e-01,-2.875762815590198862e+00,-2.804632676527310853e+00
7.575076138517554680e-01,-2.877680876519322695e+00,-2.995716645773742304e+00
7.599459089452935689e-01,-2.881738030859462896e+00,2.981557646519575222e+00
7.610354244568154902e-01,-2.884947702580412887e+00,2.716803504106386491e+00
7.614549299092790990e-01,-2.888616962103311092e+00,2.466997289582627761e+00
7.607206397112916685e-01,-2.891180385149298093e+00,2.234702136840943432e+00
7.597518082447627386e-01,-2.894912971585259509e+00,1.964902469707318522e+00
7.581551234590491184e-01,-2.896784736764181911e+00,1.773545765434328070e+00
7.554133318671618635e-01,-2.899344720820463905e+00,1.467560624571658590e+00
7.521789702038040870e-01,-2.900783465943699735e+00,1.202109769960197694e+00
7.495648758810412593e-01,-2.901298331107021067e+00,1.010116530226824461e+00
7.454294401558507754e-01,-2.901034836169158027e+00,7.055861609230588138e-01
7.422161477458536494e-01,-2.899447581935049811e+00,4.378932586619446732e-01
7.403217742292349524e-01,-2.898278851959445124e+00,2.467027597582930609e-01
7.380681757705325197e-01,-2.895777892311840240e+00,-5.879159006178710095e-02
7.366236128314092024e-01,-2.893228708290975337e+00,-3.261588748627406442e-01
7.359113713235699850e-01,-2.891418155291018532e+00,-5.166121025392392818e-01
7.350980894587895165e-01,-2.888077987857399886e+00,-7.744135667881534291e-01
8.067894110545550390e-01,-2.965046490890449249e+00,-8.114755661831140054e-01
8.794344479836387896e-01,-3.042874942993103016e+00,-8.101151391900227594e-01
9.529867525097541758e-01,-3.121160260223708072e+00,-8.068166014284107179e-01
9.621857451418741602e-01,-3.130719375093093060e+00,-9.701888854626449232e-01
9.711330633521391142e-01,-3.146746476345704480e+00,-1.146130714341007550e+00
9.775414005787160798e-01,-3.164981793246086639e+00,-1.326598385676025726e+00
9.928763260494806175e-01,-3.262149582573425022e+00,-1.425788913158193782e+00
1.008706271417388667e+00,-3.368140894831137988e+00,-1.434382845243729943e+00
1.016105644056285673e+00,-3.394226868031740452e+00,-1.619315075191812170e+00
1.017591348065621348e+00,-3.394800420187149559e+00,-1.800178389995024331e+00
1.020137634308115882e+00,-3.395328755638055807e+00,-1.998714070456287573e+00
1.022578016980786098e+00,-3.396366929337110818e+00,-2.206976352052362422e+00
1.024566033287245270e+00,-3.398340087537391696e+00,-2.389454602718144915e+00
1.026146669978368564e+00,-3.401639965922390818e+00,-2.521179047479625179e+00
1.025988507206046396e+00,-3.404030871361051425e+00,-2.672120186148157828e+00
1.026563449064217926e+00,-3.406747111403198858e+00,-2.911829602750430901e+00
1.026580541817520231e+00,-3.408788660382553459e+00,-3.117847848950995537e+00
1.026519271440953673e+00,-3.410973358480379858e+00,2.947559435608959610e+00
1.026271413519104447e+00,-3.412906621075916913e+00,2.750270868684528747e+00
1.026056035403137168e+00,-3.414520878406032356e+00,2.533374391256615343e+00
1.026012297170787679e+00,-3.415876194472807104e+00,2.336924017173151569e+00
1.025421813687527939e+00,-3.417304040841862012e+00,2.123034227973577881e+00
1.024224855889679153e+00,-3.418097477519307592e+00,1.928239347996721476e+00
1.022930455937408833e+00,-3.418752335851610979e+00,1.708979963846795291e+00
1.021179686609005488e+00,-3.419491301229399038e+00,1.515745240117379433e+00
1.018766600798490796e+00,-3.419623099785863207e+00,1.303645521329678036e+00
1.016088287804641110e+00,-3.419117519843391406e+00,1.120641833547834532e+00
1.015373726398772769e+00,-3.419466893538670504e+00,9.890110294460412454e-01
1.014813795876029268e+00,-3.419024511811340705e+00,8.041982399527659586e-01
1.015251962643083594e+00,-3.418019330644705089e+00,6.542941004568879615e-01
1.014168245630266307e+00,-3.415950462531729404e+00,4.515318785269747948e-01
1.014315862203953644e+00,-3.414219455911147172e+00,2.443432366955552992e-01
1.014743937808448848e+00,-3.412346900209270117e+00,5.613421363519249113e-02
1.020664749207157440e+00,-3.412771354639783539e+00,8.614761898214031224e-03
1.024051444032519909e+00,-3.415562089271272139e+00,1.557605187061604224e-01
1.025034517729513928e+00,-3.417830821055930279e+00,2.972432187823046967e-01
1.026536641061652766e+00,-3.419767734124396164e+00,4.961989118713013291e-01
1.028507704324989724e+00,-3.421513472993523486e+00,7.173774940095151154e-01
1.031116048729629364e+00,-3.422175872000940977e+00,9.205257582898923596e-01
1.033058705601765270e+00,-3.423157672933173412e+00,1.150226904981056286e+00
1.035443051610893006e+00,-3.422598376012101706e+00,1.345641347306056668e+00
1.037694381896242746e+00,-3.422002323658414724e+00,1.521799060954180716e+00
1.039323929934397039e+00,-3.421308951263619225e+00,1.696637684531381751e+00
1.040598528026437153e+00,-3.419663930392333739e+00,1.910877254087796295e+00
1.041143953835339531e+00,-3.418292399169541973e+00,2.089180232457753306e+00
1.041139773190851159e+00,-3.416453825924556931e+00,2.351722703018000793e+00
1.040197258232365307e+00,-3.414574640770948744e+00,2.564417915734603870e+00
1.039272605190435517e+00,-3.413006029104523886e+00,2.755368258402150605e+00
1.038435552751443502e+00,-3.411625093197146796e+00,2.930154232528837888e+00
1.037376654284860811e+00,-3.410212013946949838e+00,3.121839054552539849e+00
1.035980494659764162e+00,-3.408451717386478563e+00,-2.951655986322090364e+00
1.032793692610881164e+00,-3.406085201614662328e+00,-2.689417379811808395e+00
1.028955914640354852e+00,-3.403052085794846970e+00,-2.531863298018182551e+00
9.525141103761333161e-01,-3.468348540195334895e+00,-2.419300016209964710e+00
8.740202818107434268e-01,-3.536630888750149637e+00,-2.426266426284266142e+00
7.956477450125090112e-01,-3.604668415924601632e+00,-2.417935835239369169e+00
7.216742088085543738e-01,-3.674782337631846030e+00,-2.295965062609894858e+00
6.786650832524179222e-01,-3.731612897570759646e+00,-2.118465143911475668e+00
6.623120440367455952e-01,-3.756644175306467215e+00,-1.949064666387892553e+00
6.598057866010076378e-01,-3.758214449292488268e+00,-1.794820766514653387e+00
6.570394881623539129e-01,-3.764311902913453967e+00,-1.611781743395916289e+00
6.555907437946147942e-01,-3.773501993431842561e+00,-1.436451246117400382e+00
6.564142398245562671e-01,-3.782935561063680119e+00,-1.256741875806113296e+00
6.885703425796457777e-01,-3.884238144541594551e+00,-1.256693531376094741e+00
7.072581741934709232e-01,-3.934673259893108455e+00,-1.428033618183038422e+00
7.082553388882752987e-01,-3.934010580946095903e+00,-1.604974479793099373e+00
7.094416035315137536e-01,-3.933661158323475959e+00,-1.786081756623714378e+00
6.826073980487209480e-01,-4.029198909937962370e+00,-1.843307293724118612e+00
6.804255742110402183e-01,-4.042858679692087343e+00,-2.013354664144492823e+00
6.799750605225562960e-01,-4.045797310201879604e+00,-2.168511204223191768e+00
6.786696508972471786e-01,-4.050196428430834494e+00,-2.347567087311573708e+00
6.771686257780092921e-01,-4.054043606310680836e+00,-2.520448081814442798e+00
5.930218851557294002e-01,-4.113772990810656616e+00,-2.526247523579652654e+00
5.121855873083845934e-01,-4.173546871272281855e+00,-2.498092323630098477e+00
4.952606910920278604e-01,-4.183832610440062716e+00,-2.336904789620339429e+00
4.281368080881811644e-01,-4.256789603600541483e+00,-2.311325357391136759e+00
3.561040786862646468e-01,-4.334557487022498101e+00,-2.315439413024733550e+00
2.833496354297846409e-01,-4.413848861252882116e+00,-2.291603173267073856e+00
2.150432290975129446e-01,-4.501699401949679213e+00,-2.151702652324037235e+00
1.800405071686916325e-01,-4.560035858747023774e+00,-2.007886047817632136e+00
1.644599747080714713e-01,-4.597113739581915937e+00,-1.836047968203315284e+00
1.550365836528674879e-01,-4.622388390292895721e+00,-1.658340991415506060e+00
1.501491492235954295e-01,-4.684332559066090695e+00,-1.503947203215462158e+00
1.641545646299044647e-01,-4.787245952519307401e+00,-1.334354205141843330e+00
1.907419726447133757e-01,-4.870551212768860161e+00,-1.181004496085466648e+00
2.325524369828955162e-01,-4.947652460282063736e+00,-1.004017472072392003e+00
2.873140687581456354e-01,-5.016654891911120906e+00,-8.277651372706510413e-01
3.287535786628177359e-01,-5.055305465267079690e+00,-7.170388149000197497e-01
3.540763563492171917e-01,-5.077455172696610397e+00,-7.082568763457220973e-01
3.522403899940552696e-01,-5.076862892668823513e+00,-8.994867541569978586e-01
4.039279846614605707e-01,-5.163851142330722510e+00,-1.014410911090762868e+00
4.400955366922496559e-01,-5.229530006245067142e+00,-8.503143341632329877e-01
4.401438740561138263e-01,-5.231544606864516389e+00,-6.741612865776004382e-01
4.401695178648084017e-01,-5.233885456724788554e+00,-4.427393429227744481e-01
4.413480743054376543e-01,-5.236483785997921636e+00,-1.970985609514952219e-01
4.438428041444848482e-01,-5.239422768041904988e+00,7.894019465072564523e-02
4.468916714044781635e-01,-5.241421926376188978e+00,2.546058055842536083e-01
4.476174512945637063e-01,-5.243097848995438959e+00,4.994942091411607166e-01
4.503302885589480220e-01,-5.244114118962999171e+00,7.018154736969330898e-01
4.532159894728153837e-01,-5.244623287767584685e+00,8.861160079009134938e-01
4.555601028964690324e-01,-5.244882781435144636e+00,1.068011239566303283e+00
4.576881759628210755e-01,-5.245157845617737458e+00,1.257753029773734266e+00
4.605114766137932136e-01,-5.243905287167381246e+00,1.443378544962684362e+00
4.633209804142292554e-01,-5.242622896702333612e+00,1.678740423939264925e+00
4.650627525136148410e-01,-5.241362484786227682e+00,1.853977090155611407e+00
4.664293952218631634e-01,-5.239480372284361032e+00,2.066232633613801717e+00
4.672394705537991078e-01,-5.237145536636211851e+00,2.255326465106717748e+00
4.671137267923482495e-01,-5.234363179813272815e+00,2.539639243106583066e+00
4.671791392167452539e-01,-5.232214895253044951e+00,2.719141986694461721e+00
4.666474444851850811e-01,-5.229407381883319772e+00,2.915204716277155050e+00
4.651084037698962059e-01,-5.226935782528126850e+00,-3.104892301207579752e+00
4.633877975865135501e-01,-5.224685983120024524e+00,-2.822284229410670253e+00
4.614674335320603782e-01,-5.223428012912112450e+00,-2.624969123146065453e+00
4.589811370381566280e-01,-5.221716469607882161e+00,-2.355615506983575358e+00
4.568049617416538588e-01,-5.221053288852796292e+00,-2.175979169345956254e+00
4.553000054549125042e-01,-5.220673872776092850e+00,-1.992666151467300972e+00
4.529536767543256848e-01,-5.221618869341006608e+00,-1.752774532802615193e+00
4.515335336491331786e-01,-5.222354984865755334e+00,-1.565651033305983431e+00
4.500564505606168275e-01,-5.224560976944671253e+00,-1.330884468267243825e+00
4.487171544149674007e-01,-5.226844578144738129e+00,-1.102539935424017292e+00
4.474222259979854233e-01,-5.230114998075176658e+00,-8.621906268166169562e-01
4.472675457707168678e-01,-5.232325374681515484e+00,-6.534738642556603416e-01
4.473312928137058164e-01,-5.235106679490733050e+00,-4.683888388125674873e-01
4.482001213233990367e-01,-5.238518252940691511e+00,-2.182145329412814860e-01
4.494379765716485786e-01,-5.241026587760671873e+00,-2.834050639569104038e-02
4.510071105833680094e-01,-5.243826298183082990e+00,2.131328587116532169e-01
4.530249053861024611e-01,-5.246557009587483833e+00,4.729278621390528570e-01
4.553046547887540929e-01,-5.248556080199173302e+00,6.557697888321569746e-01
4.574223379546993318e-01,-5.249894067659428565e+00,8.484991732302936684e-01
4.604251386495455955e-01,-5.250440404500750446e+00,1.096703146488506642e+00
4.633278715293353001e-01,-5.250393136065091504e+00,1.297130966346711434e+00
4.650074532747521250e-01,-5.250474769867119029e+00,1.512681203915449357e+00
4.668544567776640730e-01,-5.249544103797611605e+00,1.724183356708977266e+00
4.680899397895287306e-01,-5.248422827987970329e+00,1.916501929433009455e+00
4.689659250924380629e-01,-5.246733820388957525e+00,2.134672221337653664e+00
4.065701846187921853e-01,-5.160587172656726729e+00,2.209515967605017561e+00
3.458837099206684140e-01,-5.077647103958863539e+00,2.209749856392408063e+00
2.855436882341153559e-01,-4.996054389741803270e+00,2.208494894183628432e+00
2.280811532096120309e-01,-4.918278390761575913e+00,2.204115427791266679e+00
1.961731902901051039e-01,-4.874506840277228470e+00,2.188117292577200779e+00
1.958527911599752258e-01,-4.876097125792329123e+00,2.005247041595229263e+00
1.950880257261028150e-01,-4.877942284742525558e+00,1.808419879447610956e+00
1.939239909217737312e-01,-4.879437811708986494e+00,1.631456787663576380e+00
1.923293275035083127e-01,-4.880572144693333669e+00,1.453685981516667836e+00
2.108356894901623757e-01,-4.786975446846745363e+00,1.368411385349938891e+00
2.328015573791943071e-01,-4.688171025495777577e+00,1.347393045099839037e+00
2.606227390414010969e-01,-4.581804757543496365e+00,1.298520061099026401e+00
2.931369498040468646e-01,-4.478732409300521411e+00,1.248071825397225609e+00
3.271866557998400760e-01,-4.382290564067491623e+00,1.200029836389253202e+00
3.713306428232966416e-01,-4.286465536025398926e+00,1.103905553324286082e+00
4.220977762025619473e-01,-4.194812850834519935e+00,1.013226035566665573e+00
4.830824770554195680e-01,-4.104676898327232593e+00,9.080793763645423899e-01
5.526604281656346540e-01,-4.024147739947759206e+00,7.490553821658407774e-01
6.144216563501434525e-01,-3.973750505262265253e+00,5.662900386527593977e-01
6.610121871253157311e-01,-3.943309867579434691e+00,4.064258381296754763e-01
6.841547366045309664e-01,-3.932311945931150632e+00,2.129869299177225839e-01
7.158122957021836319e-01,-3.928419992770438185e+00,-1.599441271929223987e-02
7.389642408075849378e-01,-3.930621133554305313e+00,-2.033881072488470665e-01
7.663891977128766131e-01,-3.939137270037140759e+00,-4.243020282251631081e-01
7.873260729941677916e-01,-3.950829286795718431e+00,-6.045363230277627231e-01
8.081952848084954510e-01,-3.968520901409562818e+00,-8.062721169860268544e-01
8.152741064960556949e-01,-3.978823902544877278e+00,-8.079611759200197030e-01
8.648316804201644503e-01,-4.018833812728355603e+00,-6.213744626993932263e-01
9.551535114856067876e-01,-4.072713302298899940e+00,-5.000961703295392358e-01
1.006379883569819222e+00,-4.097827861301251318e+00,-4.312567758813318219e-01
1.054119200453462968e+00,-4.116218212232984897e+00,-3.432489031839143778e-01
1.111375124664508940e+00,-4.131477104011106682e+00,-2.192192883495934219e-01
1.158495349453835033e+00,-4.138852793823065923e+00,-1.226133442127272655e-01
1.199952957403023213e+00,-4.141546939206340205e+00,-3.874301802450709487e-02
1.278928588861176552e+00,-4.137398040450118053e+00,1.227881815502294832e-01
1.378369145043259358e+00,-4.125655155137380348e+00,1.213138415829870115e-01
1.477820585252359153e+00,-4.114504847582182379e+00,1.202425233313296898e-01
1.581382229335536183e+00,-4.102939846605524465e+00,1.189621698721190779e-01
1.588369456496580678e+00,-4.105566570990110797e+00,3.125214362171372384e-01
1.587502231778528561e+00,-4.106468005898496365e+00,4.975917330222212609e-01
1.586972768871079964e+00,-4.106711799065451807e+00,6.849306930239050795e-01
1.586415056681554026e+00,-4.106368790286929027e+00,8.991500946684667372e-01
1.585356598700267350e+00,-4.105101233565847885e+00,1.107292097542508236e+00
1.584238534587436797e+00,-4.102818067186179363e+00,1.319081343817089635e+00
1.582268103886439015e+00,-4.100561341122230807e+00,1.531211728123351934e+00
1.579677048127817729e+00,-4.097268634705817369e+00,1.744655920239833735e+00
1.575358319343290514e+00,-4.094146094577335582e+00,1.935488422712895229e+00
1.515013737042499864e+00,-3.996854558889898268e+00,2.029039259832186026e+00
1.460650479663636148e+00,-3.903558601534056205e+00,2.030749718500228340e+00
1.432782341435532958e+00,-3.870555930843317949e+00,2.191080523521856893e+00
1.425625215940339974e+00,-3.863837952339467030e+00,2.416892998850636687e+00
1.419662826039469472e+00,-3.857788769769488812e+00,2.602438774610475125e+00
1.413181692828401559e+00,-3.851686536056494248e+00,2.779825147358631288e+00
1.393725327287571591e+00,-3.828851837409054326e+00,2.954311357211805600e+00
1.383705359137288982e+00,-3.817517245552073391e+00,3.131852609573704260e+00
1.374603054807973956e+00,-3.807961809147165866e+00,-2.942502640927909141e+00
1.366238349206306824e+00,-3.798092508803574407e+00,-2.733005169278587498e+00
1.358130060882813517e+00,-3.790186419047792299e+00,-2.542101718363432461e+00
1.349507716950015368e+00,-3.781836757268722593e+00,-2.334779559786691383e+00
1.339627112740706005e+00,-3.771935616510801115e+00,-2.087373767759520327e+00
1.331250923531796637e+00,-3.765805134629588657e+00,-1.897353044253044851e+00
1.322970285476748664e+00,-3.759649349009282826e+00,-1.712727307607381011e+00
1.315311654643987582e+00,-3.754351753306270023e+00,-1.532299791457459648e+00
1.305823302502205907e+00,-3.748559435151600283e+00,-1.285328824498116029e+00
1.298507042509123632e+00,-3.744041875052973811e+00,-1.106283060807400132e+00
1.291486703323138752e+00,-3.739923816419624458e+00,-8.978801662186548516e-01
1.283922528373322214e+00,-3.734979265189430464e+00,-6.351300752001668437e-01
1.278280522824411181e+00,-3.730695807933951613e+00,-4.632776209038212412e-01
1.272927820308218383e+00,-3.726132834562697838e+00,-2.575742951042596096e-01
1.268594547376582504e+00,-3.721998386114151458e+00,-7.616954595564805197e-02
1.243536439008441574e+00,-3.693240704568417687e+00,-4.144994209400304497e-02
1.226186934377409887e+00,-3.669438582462626997e+00,-1.836365009144036442e-01
1.213044408868475088e+00,-3.649511716814936690e+00,-3.570938638254456676e-01
1.196715554099430756e+00,-3.620243233140778560e+00,-5.074978023464555843e-01
1.182455847551423522e+00,-3.591855971314396268e+00,-7.162280360092546649e-01
1.173752864210397595e+00,-3.571200621537654385e+00,-9.198893816870815643e-01
1.207209688960129146e+00,-3.601835828357011771e+00,-9.179222039851745452e-01
1.250757850851397679e+00,-3.649657409162759159e+00,-9.043973093234281002e-01
1.287440735444208340e+00,-3.681195696736809353e+00,-9.002913149506178714e-01
1.335920084531063257e+00,-3.739746165250870114e+00,-9.423374394976774537e-01
1.378588168910384715e+00,-3.796052768432331970e+00,-9.779213017338718172e-01
1.419662826039333137e+00,-3.857788769769344484e+00,-1.020271458227606454e+00
1.470470445278809990e+00,-3.955248796500502095e+00,-1.056126024478287739e+00
1.518268191483008067e+00,-4.054637324008305121e+00,-1.083774990972305785e+00
1.544055639078567133e+00,-4.114719233642504470e+00,-1.242227682520953058e+00
1.545424906351411165e+00,-4.119418320134163203e+00,-1.475978152496491669e+00
1.547976101471258081e+00,-4.122412736528556110e+00,-1.674883755599425150e+00
1.550138071004067308e+00,-4.126410081303993671e+00,-1.850567201835644715e+00
1.552472949189559248e+00,-4.131593566425507014e+00,-2.022744504995417358e+00
1.554439129317076063e+00,-4.136804865123997033e+00,-2.197432229914340951e+00
1.555497909343813934e+00,-4.142022000973167195e+00,-2.381195866424232310e+00
1.557657954896099151e+00,-4.146645662956028211e+00,-2.586589277464621528e+00
1.560317645740208814e+00,-4.152847181694996337e+00,-2.840914657003403843e+00
1.561806393997358988e+00,-4.157533180836670894e+00,-3.028713779749074408e+00
1.564412671818618650e+00,-4.163797869365842175e+00,2.976564125373831970e+00
1.565952030779418358e+00,-4.169241513318278081e+00,2.740334526903357215e+00
1.567724938824756276e+00,-4.175233235188399838e+00,2.498068342412321119e+00
1.568546417592934450e+00,-4.179640578747735091e+00,2.288791651773485203e+00
1.568336861673931493e+00,-4.184511666679000541e+00,2.101451421037259681e+00
1.566800930851705242e+00,-4.190273559179009233e+00,1.838041292290413686e+00
1.564879177153229994e+00,-4.194889614977716619e+00,1.626392300131761726e+00
1.562835912148085926e+00,-4.198915828472351564e+00,1.436188812229078460e+00
1.560900385325157069e+00,-4.201585749457882990e+00,1.252586025358456645e+00
1.557315922362560778e+00,-4.204178923373623533e+00,9.521338434518009652e-01
1.554051817822606374e+00,-4.205778329581864483e+00,7.071350981463322416e-01
1.552082967982232775e+00,-4.207141415470120549e+00,5.189818401677517290e-01
1.549109232784853685e+00,-4.208930368812353606e+00,2.377442405570064088e-01
1.547647190880496071e+00,-4.210692630267646841e+00,5.493692196340442535e-02
1.545301037037497993e+00,-4.212460809206514334e+00,-1.766494687030353006e-01
1.544132446503909462e+00,-4.214289456527715139e+00,-3.489813531582722228e-01
1.543023895718877547e+00,-4.215987964113935504e+00,-5.465901937871316951e-01
1.542143131568757042e+00,-4.216719061758114506e+00,-7.341212080716867927e-01
1.542128543706686061e+00,-4.218731030054046371e+00,-9.500676462446379089e-01
1.542788449797565686e+00,-4.220039075398310580e+00,-1.142224524371472372e+00
1.544494377826400644e+00,-4.221587786569106271e+00,-1.399341089370767621e+00
1.547036646388513237e+00,-4.224079811127116280e+00,-1.631730425181465050e+00
1.549847460271659871e+00,-4.227304349161027375e+00,-1.857616385240582035e+00
1.552556185613571449e+00,-4.235366626791502220e+00,-1.927796722145575403e+00
1.551645147680314363e+00,-4.244267753612660954e+00,-1.734084363407100593e+00
1.549224275944919516e+00,-4.249818287603016387e+00,-1.548668768121176376e+00
1.547131305219808795e+00,-4.256581468823862124e+00,-1.368834229534458435e+00
1.545212001054331763e+00,-4.270494005259911852e+00,-1.251164300370863458e+00
1.547308937106695703e+00,-4.302042124499212861e+00,-1.388238458912604001e+00
1.562166811440525382e+00,-4.413266528773438502e+00,-1.386909333443814063e+00
1.573661557454728133e+00,-4.524861453434445124e+00,-1.398960587434661562e+00
1.572032337191268780e+00,-4.566004057717987230e+00,-1.237832980915275050e+00
1.598881613074565777e+00,-4.674458098905143189e+00,-1.214775496571204760e+00
1.629493072897055361e+00,-4.776185857398505874e+00,-1.218951210420130549e+00
1.621947058083563986e+00,-4.806114795169083465e+00,-1.094167373587012548e+00
1.618938208102755016e+00,-4.811628997450966949e+00,-9.142870758913760332e-01
1.615752175712610539e+00,-4.816808191439524656e+00,-7.121764438494543326e-01
1.614929010074787508e+00,-4.821259721891703265e+00,-4.927985022226388789e-01
1.614520886855752790e+00,-4.825233663729232347e+00,-3.134686312668543140e-01
1.608171973381061770e+00,-4.837233161391324643e+00,-3.110113091407745167e-01
1.604582797899588575e+00,-4.841054784064635186e+00,-4.915712443293069334e-01
1.673058230681091718e+00,-4.901826818953499476e+00,-5.108850002854755656e-01
1.763149518536456739e+00,-4.958387475162464142e+00,-5.126851729599027907e-01
1.783603961832259666e+00,-4.976443272668852558e+00,-5.135224812285693607e-01
1.743849935283662944e+00,-4.965852534071870217e+00,-3.419494602501902958e-01
1.830150280080138803e+00,-4.998648612014128467e+00,-2.171948825046902953e-01
1.917878226509513784e+00,-5.028145939529220065e+00,-2.296905207809905036e-01
2.017876773352209607e+00,-5.055826382961395637e+00,-2.303184863200543331e-01
2.109547817083791799e+00,-5.087640369258425999e+00,-2.367138697546928572e-01
2.198719395335388072e+00,-5.117811037418012354e+00,-2.279375569441072225e-01
2.271182741058351606e+00,-5.146713742321095353e+00,-6.429956273298532976e-02
2.267408140314335352e+00,-5.150488490757296312e+00,1.302493782627220931e-01
2.265689293895451595e+00,-5.153562369274069965e+00,3.420450788597274028e-01
2.264335068775908510e+00,-5.156220118230460336e+00,5.279541645920889925e-01
2.262434249168880029e+00,-5.158920185241300693e+00,7.376643196864023366e-01
2.262646348668871266e+00,-5.160640781059551152e+00,9.358553056248708479e-01
2.306497973374332933e+00,-5.089144269686856958e+00,9.505996709599284777e-01
2.359890834971848150e+00,-5.007868457523042771e+00,9.619882838798070601e-01
2.408345836793417849e+00,-4.930421298750644610e+00,9.601350101388967939e-01
2.462401216273865767e+00,-4.847703646478557893e+00,9.630003754284963691e-01
2.520527089111559427e+00,-4.761447545566493744e+00,9.646950119830111081e-01
2.578436661401490859e+00,-4.675310489851328022e+00,9.630059591174737754e-01
2.622440738115182413e+00,-4.603246907976026314e+00,8.458524669825564501e-01
2.618853810346812860e+00,-4.602101953360674180e+00,6.705610999053341903e-01
2.614465052689947555e+00,-4.600223178988671613e+00,4.746661605505585468e-01
2.610390074264580473e+00,-4.597372436871090429e+00,2.928123814105048073e-01
2.606232840034663045e+00,-4.594248108562970501e+00,9.508542841533719481e-02
2.602408075973989821e+00,-4.591854813985165151e+00,-8.416593058433162466e-02
2.598223100281285003e+00,-4.588820162602456953e+00,-2.764203337373020708e-01
2.593994190630621421e+00,-4.585585940804881133e+00,-4.741579052313329434e-01
2.590183558905123640e+00,-4.582667635769211323e+00,-6.653749943841674730e-01
2.587431500497963999e+00,-4.580222392111855001e+00,-8.554759749647987688e-01
2.585179382657245561e+00,-4.577799255856286997e+00,-1.029874515969553928e+00
2.576771859105337459e+00,-4.572928984793869667e+00,-1.189038583471264898e+00
2.572063290761800847e+00,-4.571916931314451205e+00,-1.011229793064148064e+00
2.569179665221608122e+00,-4.573181016917469144e+00,-8.328426417406060711e-01
2.566104016551124634e+00,-4.574789451582857325e+00,-6.163915649431260801e-01
2.559348135845674221e+00,-4.574688361035557982e+00,-4.473431569490073922e-01
2.558415816755194250e+00,-4.574796922252262199e+00,-1.927086867987190255e-01
2.558257442898479450e+00,-4.576070010944262911e+00,-7.850280476291257581e-03
2.558006751714424265e+00,-4.576894785637845686e+00,1.839971658235545482e-01
2.558090925318024844e+00,-4.577751545633637065e+00,3.756925221296431028e-01
2.558821850540494491e+00,-4.578222481778233544e+00,5.888020026963616260e-01
2.560107989506131609e+00,-4.578928838616599606e+00,8.598558067105839253e-01
2.561279804254147141e+00,-4.578499617602878935e+00,1.047905317562811023e+00
2.562657518429815262e+00,-4.576840393129769424e+00,1.301207784818997348e+00
2.574286425456439265e+00,-4.477308123119004613e+00,1.420694745120553160e+00
2.588203516635854129e+00,-4.373458466636456876e+00,1.420502766258908922e+00
2.587441098834450059e+00,-4.355822748694037294e+00,1.596911470805695288e+00
2.585353924591562880e+00,-4.352693604346571377e+00,1.795406811747941811e+00
2.583271631734213258e+00,-4.349703101936683858e+00,2.010974276769827984e+00
2.581058786972037389e+00,-4.345714579597250271e+00,2.216245427945669366e+00
2.577281403778959312e+00,-4.342110462665830006e+00,2.438094884838585052e+00
2.571646563178625389e+00,-4.339489673845951856e+00,2.620168227930141924e+00
2.467998300260760391e+00,-4.291610778634280088e+00,2.687345890660575165e+00
2.361875835264635182e+00,-4.243120083961293254e+00,2.692784751130665288e+00
2.253968309078115517e+00,-4.193875760135183484e+00,2.694058935606159277e+00
2.151288016185981977e+00,-4.146917539847186696e+00,2.696880371422581746e+00
2.048780307985452076e+00,-4.100649802655569331e+00,2.696565154594707803e+00
1.953571804934368883e+00,-4.057399815866405746e+00,2.698979561600226340e+00
1.849770491925763816e+00,-4.010650640331145489e+00,2.696959832118682510e+00
1.746660093494339483e+00,-3.964140077682657637e+00,2.698226894114435392e+00
1.644334495504509830e+00,-3.918428607392853369e+00,2.695319805605942864e+00
1.543014381210759511e+00,-3.872858170667221156e+00,2.694447697557328603e+00
1.441491544268052261e+00,-3.826988796600382159e+00,2.690188659155783757e+00
1.338707718388845169e+00,-3.780013043901284231e+00,2.686586400516637774e+00
1.237478240305554866e+00,-3.733778828119246107e+00,2.682110015318185603e+00
1.135726937909870893e+00,-3.686611835167093787e+00,2.679447206014611726e+00
1.028865141833948504e+00,-3.636816109421509235e+00,2.674003123315272568e+00
9.239798662003357865e-01,-3.588812715435845568e+00,2.670073223645908378e+00
8.145013712410956730e-01,-3.538327158340635492e+00,2.663323101944585325e+00
7.333325477721448493e-01,-3.506846413101896154e+00,2.494594161948718636e+00
7.184842918593909999e-01,-3.508237562643893082e+00,2.290349218675507004e+00
7.102982814935282496e-01,-3.510472999563228669e+00,2.099706004612472920e+00
6.994114361070387087e-01,-3.513573414133011052e+00,1.926884070401672977e+00
6.817324484763490622e-01,-3.515974056285604998e+00,1.709046386774849546e+00
6.728880144338442726e-01,-3.518343509741693964e+00,1.446079054545920339e+00
6.622492233720147503e-01,-3.521125258124322865e+00,1.234107947330508548e+00
6.539973650114758730e-01,-3.521637502329818759e+00,1.033063807824347702e+00
6.462981502434194114e-01,-3.522350321159390951e+00,8.509427885512295120e-01
6.384488325739933190e-01,-3.522079104363651236e+00,6.584545692644941939e-01
6.304392756778322005e-01,-3.521410472584530993e+00,4.457240085146231268e-01
6.225579547634118027e-01,-3.520795231269177705e+00,2.534914819274124431e-01
6.132600375163899109e-01,-3.519253746918830750e+00,1.132697953397997226e-02
6.065103188431421044e-01,-3.518122334261243100e+00,-1.843559731664176915e-01
6.002696950182215829e-01,-3.516864045802670979e+00,-3.699076277194373596e-01
5.940701839146609320e-01,-3.515374710142589176e+00,-5.615664754163377514e-01
5.885085712335231811e-01,-3.514327693566278832e+00,-7.372286293951216818e-01
5.835881662576879458e-01,-3.511873040039256377e+00,-9.661556076424694384e-01
5.785158509002826799e-01,-3.509893526941774144e+00,-1.235838927863436743e+00
5.743381297927130369e-01,-3.509152573459371816e+00,-1.423667045050137858e+00
5.710227909316802908e-01,-3.508476408101071531e+00,-1.612872201852382670e+00
5.670209858991815954e-01,-3.508310992044118226e+00,-1.856244454054945647e+00
5.639715246142037453e-01,-3.509400390260503766e+00,-2.144096126398828961e+00
5.607200513229019245e-01,-3.510634143729232992e+00,-2.406744043080247586e+00
5.569998896915789866e-01,-3.512212690786159275e+00,-2.582520152617112874e+00
5.530738284917242620e-01,-3.515266365260174997e+00,-2.852098184998289376e+00
5.486668836954663453e-01,-3.518192734594452364e+00,-3.089153478641450956e+00
5.435110677272934065e-01,-3.521923075065401587e+00,2.942764441025548905e+00
5.374366683979592274e-01,-3.525312866858107963e+00,2.714602519048939566e+00
5.323421576859322935e-01,-3.528101123480203771e+00,2.521464149140711264e+00
5.267345536669860717e-01,-3.530529015710097251e+00,2.346406071262137072e+00
5.191894599259359033e-01,-3.534838459143354594e+00,2.093541856723727168e+00
5.121630209721449445e-01,-3.537439111939892022e+00,1.885109366966015054e+00
5.048785010385133942e-01,-3.539733468496967461e+00,1.693348724611164258e+00
4.954360991149297511e-01,-3.542566862634809244e+00,1.456748856006359949e+00
4.858298985806983050e-01,-3.544527462885420643e+00,1.199450420151438879e+00
4.777581445909562796e-01,-3.545704224918381442e+00,1.011498412074611331e+00
4.679322907929637232e-01,-3.546226718654896803e+00,7.766360206309474989e-01
4.582365310728483410e-01,-3.545929073044701507e+00,5.029764043509609150e-01
4.484123221815795035e-01,-3.545187690542709547e+00,2.460090822292075874e-01
4.391416138498591137e-01,-3.543944942586113367e+00,3.754531748569057970e-02
4.825751796406089755e-01,-3.554787111930199472e+00,1.076114884832923974e-01
5.040588867048066968e-01,-3.562312998793967456e+00,2.746861467918937927e-01
5.138513212244077977e-01,-3.565523590980873347e+00,4.508104907629691405e-01
5.246896557092475266e-01,-3.569107231199774688e+00,6.437236955627179125e-01
5.358580664628380674e-01,-3.572477635612803848e+00,8.706783545930584234e-01
5.451524105524446773e-01,-3.574275984764028635e+00,1.071859220824442627e+00
5.543761168486788238e-01,-3.576300001774067816e+00,1.292420793328008743e+00
5.624299855863298392e-01,-3.576541329189124596e+00,1.486697709339325879e+00
5.718333032868712085e-01,-3.576526644930120735e+00,1.738908112036914089e+00
5.809219945143644370e-01,-3.576097327101847245e+00,2.007711881614354876e+00
5.893028956481995984e-01,-3.575135779267418545e+00,2.250408740275589459e+00
5.962896232363107396e-01,-3.574158455801967005e+00,2.503779623409231547e+00
6.010571796545627343e-01,-3.572691149295640578e+00,2.713753936314072135e+00
5.393498179661391223e-01,-3.543478005476728310e+00,2.797585582605146115e+00
4.622953935029163186e-01,-3.510901085656783494e+00,2.793832192579368101e+00
3.921640682484691109e-01,-3.478743617543655464e+00,2.793190375877641962e+00
3.555615508681566062e-01,-3.456038297766875100e+00,2.682867155109017521e+00
3.611159447175347204e-01,-3.457343461889691660e+00,2.474234200354403335e+00
3.652265530276439520e-01,-3.460056989971544539e+00,2.281923862794923430e+00
3.673280247199793291e-01,-3.461758667945967094e+00,2.073720608579686875e+00
3.675935695614790943e-01,-3.464728654789927642e+00,1.855388454392940645e+00
3.678133539653675177e-01,-3.466499071829660217e+00,1.607740508208612251e+00
3.667785467420479062e-01,-3.468366118689413469e+00,1.420457947570235024e+00
3.658767448129525146e-01,-3.469380923410345208e+00,1.158565143846828516e+00
3.640704652456128176e-01,-3.470137465540229282e+00,9.095723661176829955e-01
3.633454580709882809e-01,-3.469567723701113771e+00,7.238849130843706403e-01
3.625650101948230120e-01,-3.469281043686162302e+00,4.607162715415196730e-01
3.613068570188160411e-01,-3.467714343068496241e+00,2.126175646928645246e-01
3.611322854640281466e-01,-3.465615886760776476e+00,-5.868909541038754701e-02
3.618698964948674490e-01,-3.463923354203326532e+00,-2.878001224338950781e-01
3.629136509513364861e-01,-3.461354081631360380e+00,-5.465175524163160548e-01
3.723286460812761378e-01,-3.460515052343803521e+00,-6.964667130583264143e-01
3.752762050244315417e-01,-3.459700300352862357e+00,-9.013022870580381651e-01
3.787448325146519634e-01,-3.457858815571641209e+00,-1.090495167185767222e+00
3.829459237809407224e-01,-3.457177757173571564e+00,-1.284173218952879170e+00
3.872076656221263291e-01,-3.456658999234982765e+00,-1.481472129407474858e+00
3.921858868702615131e-01,-3.456446160526111200e+00,-1.690698108463856597e+00
3.969859590054590215e-01,-3.456578126829783493e+00,-1.890841677167190094e+00
4.019646575059422355e-01,-3.456942369909804746e+00,-2.072109037558469868e+00
4.070165284772099268e-01,-3.457959370646996433e+00,-2.282518987219769535e+00
4.111964788540494742e-01,-3.459077411193586471e+00,-2.458211559257056145e+00
4.158964948973867815e-01,-3.460952448895475264e+00,-2.668170424789324091e+00
4.197980076187405873e-01,-3.462631095706364626e+00,-2.856586433820060389e+00
4.237417928036084080e-01,-3.464721711182821018e+00,-3.039876963572015089e+00
4.269878192046883680e-01,-3.466884254672231602e+00,3.061863241342779762e+00
4.304037185130405452e-01,-3.469107942369175746e+00,2.889036841695056257e+00
4.334771545504117474e-01,-3.471505767641688500e+00,2.699755086830690320e+00
4.368685889843089698e-01,-3.474301692413003018e+00,2.481838449823909443e+00
4.391671667991740580e-01,-3.477211787843471402e+00,2.285299240991658376e+00
4.408819460191052420e-01,-3.480265562763815712e+00,2.079135803211558997e+00
4.425054212217625627e-01,-3.482487330119463209e+00,1.902848088884788957e+00
4.438323681247983155e-01,-3.484431282254528917e+00,1.718745352047376773e+00
4.445655036870880816e-01,-3.486308397728524522e+00,1.533168450125075077e+00
4.446126207657442597e-01,-3.488254997084316855e+00,1.333339033113136063e+00
4.454750831254580823e-01,-3.489678956195474413e+00,1.150607998212427097e+00
4.510038710087493352e-01,-3.490449410058227286e+00,9.963506716177595868e-01
4.547324548940642752e-01,-3.490916380240184136e+00,7.872137889162730273e-01
4.550469158939423053e-01,-3.490487510828668150e+00,5.734227846790448391e-01
4.545298150038891150e-01,-3.490208647695089095e+00,3.977416865937382084e-01
4.545061977359550198e-01,-3.489677205846108521e+00,2.083013603415822534e-01
4.542559155275461835e-01,-3.488342909896080091e+00,-4.960967415791085744e-04
4.551743852358395848e-01,-3.487192769291679539e+00,-1.827908093706355486e-01
5.547184444916340995e-01,-3.515887722174824148e+00,-2.889040605588376609e-01
6.598228968043190479e-01,-3.547566073028619371e+00,-2.857712199811715537e-01
7.672936279131009618e-01,-3.579500844637934609e+00,-2.827729558961307732e-01
8.455706690500484068e-01,-3.602403525877144741e+00,-3.570382062038973126e-01
9.461679243938330153e-01,-3.641545820263821120e+00,-3.677198225656215236e-01
1.049476520637194321e+00,-3.679849722202158002e+00,-3.494873165243856938e-01
1.159881118405414302e+00,-3.712404815032412486e+00,-2.567911277001010961e-01
1.197597114444544308e+00,-3.722364565377501933e+00,-3.890255162291473834e-01
1.216348601465623513e+00,-3.730656478319644531e+00,-3.969732376996235046e-01
1.314996389795739740e+00,-3.772419347180161697e+00,-4.010246901174779333e-01
1.420297331923523032e+00,-3.816769178209025171e+00,-4.029453308866156602e-01
1.522703036569891477e+00,-3.860270172330791727e+00,-4.069218152779164321e-01
1.622745871887371294e+00,-3.903715194951417278e+00,-4.084249591379865429e-01
1.722764097234118275e+00,-3.947549418719237035e+00,-4.126660138954973411e-01
1.818904991223478707e+00,-3.989785207643196774e+00,-4.156027674381210790e-01
1.917567571125395887e+00,-4.033623226646764870e+00,-4.170393561194582488e-01
1.943175747627072569e+00,-4.046470910771424734e+00,-2.835779892797618551e-01
1.948817031001895517e+00,-4.050959424921164675e+00,-1.187300481566643112e-01
1.951986513944341528e+00,-4.053460642470065878e+00,7.323444719869190433e-02
1.955226857449389399e+00,-4.055417065779788111e+00,2.828326301291962941e-01
1.959231692325045238e+00,-4.055947853436957296e+00,4.997478437631930337e-01
1.963679447224032648e+00,-4.056517166826524523e+00,6.775643462941449702e-01
1.967905999495487501e+00,-4.056715373608702713e+00,8.636964138993333817e-01
1.970763586955928792e+00,-4.057451858617907803e+00,1.037716404526935143e+00
1.976192333790025568e+00,-4.057253899219140258e+00,1.277949764610909478e+00
1.979797553885731753e+00,-4.056068758523703188e+00,1.475350172147787520e+00
1.983073678992964606e+00,-4.054400313242218168e+00,1.716931602070216112e+00
1.985571752310258731e+00,-4.053302787618655145e+00,1.898696839713911011e+00
1.988553432667768295e+00,-4.050846434544120633e+00,2.141329478427758559e+00
1.990052021801775428e+00,-4.048908409411415832e+00,2.322116910452939997e+00
1.991547405652913438e+00,-4.046293435771722180e+00,2.548324231230789216e+00
1.992136899597078958e+00,-4.043808824526943013e+00,2.756878994215123502e+00
1.992525074080488290e+00,-4.041421556063221843e+00,2.982842531309441547e+00
1.992148411118254359e+00,-4.039661370402678919e+00,-3.067317370216481542e+00
1.991260123523166836e+00,-4.037546064057649708e+00,-2.809459171658497123e+00
1.989963888937411385e+00,-4.035819412161361974e+00,-2.571003969631191044e+00
1.988290437189337290e+00,-4.034865627856894399e+00,-2.360639707499333273e+00
1.987306702311685491e+00,-4.033979263561752404e+00,-2.134297941786369002e+00
1.985802898463570498e+00,-4.033840146432078555e+00,-1.938430388108786540e+00
1.984414582080223033e+00,-4.034150188257897618e+00,-1.717335977550334736e+00
1.983567462553946115e+00,-4.035414784685951162e+00,-1.532336926915685238e+00
1.982828381803191986e+00,-4.036895206211322140e+00,-1.307478414698509672e+00
1.982710347292361730e+00,-4.038852782915604678e+00,-1.094022294659808603e+00
1.983394827969245489e+00,-4.041088380450434947e+00,-9.141138482118582598e-01
1.984182094326733647e+00,-4.043004058381691301e+00,-7.253222391077240871e-01
1.988884777209749544e+00,-4.048444342081809921e+00,-5.681402759166047645e-01
2.079754191889448212e+00,-4.105158409186526747e+00,-5.763833430280129733e-01
2.173218423143313593e+00,-4.165218638998023692e+00,-5.854688804657310897e-01
2.263648943326920016e+00,-4.225200652033723081e+00,-5.908397038751094232e-01
2.356306059192005531e+00,-4.287343632145898198e+00,-5.985432225979094856e-01
2.418843552533938901e+00,-4.330555941752384896e+00,-5.106945751379664555e-01
2.420116893664577606e+00,-4.332910619765554472e+00,-3.377398727444756998e-01
2.421426385258797165e+00,-4.334551412291185457e+00,-1.404813992055018723e-01
2.422951667046430835e+00,-4.336540662815755454e+00,6.561829454792060534e-02
2.424828112641475464e+00,-4.338058120653009553e+00,2.782874127443206169e-01
2.426790726245888763e+00,-4.339412409271909077e+00,4.643160339835381012e-01
2.429255784871752422e+00,-4.340586755874317859e+00,6.725719722293059810e-01
2.431710233593084247e+00,-4.341767833246744424e+00,8.841509353900715018e-01
2.434343886755108155e+00,-4.342131865673229285e+00,1.069354007607605572e+00
2.435950971482488736e+00,-4.341794719704506811e+00,1.265133191342744157e+00
2.437151601035790538e+00,-4.341061967266958810e+00,1.443279794141731687e+00
2.438204319012133414e+00,-4.339747978923312210e+00,1.668102168088687387e+00
2.435915543936189476e+00,-4.338198141823903065e+00,1.879622419850968562e+00
2.433260902893615185e+00,-4.335653157518185807e+00,2.061557577062909541e+00
2.429801421631819114e+00,-4.333372125880925019e+00,2.268612313223617338e+00
2.426266503907225758e+00,-4.330911414218913791e+00,2.477736270348349201e+00
2.422146757144056917e+00,-4.328345942462959783e+00,2.653632010806390884e+00
2.417097163954355032e+00,-4.326026953079495030e+00,2.865258815334518872e+00
2.411721216136514911e+00,-4.324098644755848930e+00,3.080390107349655349e+00
2.405739001251282705e+00,-4.322209604818190165e+00,-2.985918432133259692e+00
2.400077185128878909e+00,-4.320382366877167257e+00,-2.779417436405855035e+00
2.394503954806610491e+00,-4.318725702451983395e+00,-2.599295462793697276e+00
2.388153304098338481e+00,-4.317263713742296893e+00,-2.405865299560526527e+00
2.382109729008090149e+00,-4.315668034381902274e+00,-2.201720164239829636e+00
2.374996325091963012e+00,-4.314930915617242846e+00,-1.997268115107142306e+00
2.367585118229655894e+00,-4.314858888408963367e+00,-1.794351716249015682e+00
2.360369636745863975e+00,-4.315071651394379870e+00,-1.603691090003931397e+00
2.352790559752933941e+00,-4.315621845242207932e+00,-1.420505071136413111e+00
2.344645585845068769e+00,-4.315379223521516039e+00,-1.192317724402168766e+00
2.339087038453289580e+00,-4.316908351249820974e+00,-9.609443253061575874e-01
2.334414069070010367e+00,-4.317955122740780638e+00,-7.575696059799826854e-01
2.330949211471680105e+00,-4.319533424212114170e+00,-5.659910713315990938e-01
2.319008140623840308e+00,-4.319909542697732974e+00,-4.377594046451621090e-01
2.310242833823520137e+00,-4.319458839795957239e+00,-2.760191443284159551e-01
2.391794330728835405e+00,-4.339107828416459256e+00,-2.017519515824711118e-01
2.480461593602645287e+00,-4.358273609854197872e+00,-2.000485008331754078e-01
2.468748352676903401e+00,-4.355170980824104809e+00,-3.601994972008718543e-01
2.541820940598352951e+00,-4.391746573366700268e+00,-4.009277165218689265e-01
2.626470545960818193e+00,-4.430247511313037734e+00,-3.910282928312753259e-01
2.690861530718803518e+00,-4.460130610583179944e+00,-3.699157839513969592e-01
2.752092895415875429e+00,-4.484839668087788667e+00,-3.349126141576859172e-01
2.839751989338831439e+00,-4.509097886805553124e+00,-4.650086171514423161e-01
2.848190778140905266e+00,-4.507914899461192171e+00,-6.907560278605249238e-01
2.856410351858865493e+00,-4.506327658154483551e+00,-8.948717580506716507e-01
2.864182004464164599e+00,-4.505544596893501286e+00,-1.131775500274919466e+00
2.872764930129500627e+00,-4.504523021948816819e+00,-1.365135280035495002e+00
2.882594499050660897e+00,-4.503723592832444389e+00,-1.603671040767223666e+00
2.899265712803108297e+00,-4.504871605203673468e+00,-1.769240690100891022e+00
2.906969994942786517e+00,-4.507392712473166974e+00,-1.967048885384253598e+00
2.913435543279620177e+00,-4.508313949171654400e+00,-2.164699177699617394e+00
2.921914742853206182e+00,-4.510420313242278212e+00,-2.430179186895514931e+00
2.928032015171970759e+00,-4.512498488505057637e+00,-2.616973057241602341e+00
2.935708628111539209e+00,-4.514766372957769391e+00,-2.850280931399361783e+00
2.941508455879270123e+00,-4.517183188928604487e+00,-3.052724152811594482e+00
2.947446754999018204e+00,-4.520289945451342106e+00,3.037018883220846455e+00
2.953569739548576045e+00,-4.523669174852031460e+00,2.812134979942327195e+00
2.958049534049504548e+00,-4.526692491953921760e+00,2.620153651917982440e+00
2.961845101191633134e+00,-4.530527720863439356e+00,2.409094466161745274e+00
2.965356787101796066e+00,-4.533820267732776799e+00,2.234146771530809872e+00
2.968641299417124291e+00,-4.536832833140009846e+00,2.046639169332704622e+00
2.971211561691934122e+00,-4.539503701401923053e+00,1.860832918847288076e+00
2.972812147197430477e+00,-4.542940546493904108e+00,1.558229409983753255e+00
2.974777114420244839e+00,-4.545324905231784562e+00,1.292494917596133108e+00
2.976339767656193569e+00,-4.546774502975531540e+00,1.103279895036500813e+00
2.977631397009220304e+00,-4.547826142086857537e+00,8.943325901051885074e-01
2.979572032120616054e+00,-4.548056738987970249e+00,6.295788138829561120e-01
2.981550567687054176e+00,-4.548247571849755921e+00,4.406840269182815129e-01
2.983450988854189134e+00,-4.547531496220588387e+00,1.367708611779346051e-01
2.986258796655908210e+00,-4.546656700287305064e+00,-1.275339668057273723e-01
2.989247348352097156e+00,-4.545805228976933066e+00,-3.161035675337696138e-01
2.993476148996050856e+00,-4.543520116077906401e+00,-6.189133424167884145e-01
2.999070157485056676e+00,-4.541511245063027502e+00,-8.879446358223046509e-01
3.004264645422710434e+00,-4.540410532259759435e+00,-1.077786531640716694e+00
3.011670254375588662e+00,-4.538888473157039805e+00,-1.326750859441114372e+00
3.017570345734009507e+00,-4.539035257945116975e+00,-1.530083011257359349e+00
3.025800445660656202e+00,-4.538605081931800456e+00,-1.720090997469371663e+00
3.060936120052956788e+00,-4.607568372993013917e+00,-1.605815645948845738e+00
3.067975963829367991e+00,-4.610676762758834535e+00,-1.406073219503533478e+00
3.072179096576076684e+00,-4.612628093484119951e+00,-1.207045781492118497e+00
3.075628062676646124e+00,-4.615482604068811945e+00,-1.015630717583079878e+00
3.079605093625890078e+00,-4.618189480228277688e+00,-8.181995219292432786e-01
3.168606939924216270e+00,-4.689586464370069763e+00,-8.374807382702079694e-01
3.178422389227141043e+00,-4.690303877022325096e+00,-1.013679768903094525e+00
3.186248285192824437e+00,-4.691410253920271778e+00,-1.202476256650372166e+00
3.190889557281909372e+00,-4.691523748380019398e+00,-1.394156123837011485e+00
3.202930674529591126e+00,-4.703075720595002451e+00,-1.548572789141120509e+00
3.213924981261980118e+00,-4.806959229652886023e+00,-1.559452303749766289e+00
3.231254950593570818e+00,-4.875068461645366114e+00,-1.712209197376162173e+00
3.235741659426616845e+00,-4.975380882963668761e+00,-1.813557637425709190e+00
3.225796785174496417e+00,-5.077045043347766295e+00,-1.825454097817239552e+00
3.218252028592602176e+00,-5.170185452816546068e+00,-1.850771157152104829e+00
3.206616055648485286e+00,-5.268072197871641826e+00,-1.878088395839078384e+00
3.213583157356279418e+00,-5.288187770365217588e+00,-2.056265204045901296e+00
3.217563246234375285e+00,-5.289159419851202415e+00,-2.269573501323999043e+00
3.220893335202503760e+00,-5.290652462555424762e+00,-2.475948986502020333e+00
3.222606935284832996e+00,-5.293155331873164116e+00,-2.690972384370207582e+00
3.223214806416346168e+00,-5.294440155279759530e+00,-2.902743105164951043e+00
3.224142468637352099e+00,-5.294620713116405142e+00,-3.131972687426206825e+00
3.224829299091361623e+00,-5.294012521531729298e+00,2.950360173200574199e+00
3.226674058094072262e+00,-5.292473261388296102e+00,2.738302948854676622e+00
3.227236238015209757e+00,-5.290422987308103231e+00,2.548651670736461039e+00
3.219332203049898755e+00,-5.286699340710124595e+00,2.398107503751187863e+00
3.194379462288146954e+00,-5.267586413967996428e+00,2.264457040539939570e+00
3.190250346753229493e+00,-5.264076958784144722e+00,2.099273207513348449e+00
3.187749623424161349e+00,-5.264475996273836778e+00,1.911016903978026926e+00
3.182397181582908186e+00,-5.263427791209045026e+00,1.699406854129305700e+00
3.177610340861458660e+00,-5.260344754146673907e+00,1.520829891118649968e+00
3.173333895457852272e+00,-5.256111819603627389e+00,1.339397264887853822e+00
3.172945203203909603e+00,-5.233727545939936832e+00,1.193231938475420861e+00
3.201906187072309340e+00,-5.153943860065361982e+00,1.154668338991682086e+00
3.215172348276687408e+00,-5.125240255379875265e+00,1.035679742491647959e+00
3.215367880137748546e+00,-5.124604155820426499e+00,8.449961920505805191e-01
3.214559145057707568e+00,-5.125951289706028646e+00,6.226615157969908054e-01
3.213165608172872556e+00,-5.126207515872731157e+00,3.966756087578708900e-01
3.212937540224678479e+00,-5.126903185789476680e+00,1.821991246043379586e-01
3.211316653080089178e+00,-5.127738701833346013e+00,-7.029650638149276265e-02
3.210540817260195467e+00,-5.128493584589822518e+00,-2.629785592269766603e-01
3.209741640772135973e+00,-5.128483306568691447e+00,-4.798065257445300880e-01
3.209499759728151158e+00,-5.128072764494651992e+00,-6.688420480363221898e-01
3.209756846857948265e+00,-5.128123086647098816e+00,-8.554199408723955900e-01
3.212337466524113783e+00,-5.127032047261070424e+00,-1.114038778046193778e+00
3.214925634077546501e+00,-5.126784866738283597e+00,-1.394516473378080601e+00
3.218060640950832774e+00,-5.127469802173508562e+00,-1.589183206719438690e+00
3.221002881813471941e+00,-5.128712844562746120e+00,-1.817686583090251329e+00
3.209888778882157734e+00,-5.182278068590058240e+00,-1.836846173481602174e+00
3.209255311387941401e+00,-5.201447152168152677e+00,-1.823124393796176745e+00
3.212331427264133232e+00,-5.208405606321224290e+00,-1.865603126609181706e+00
3.210775968204089725e+00,-5.218977135101292575e+00,-1.702899345568439804e+00
3.198985871825966054e+00,-5.325296733946384364e+00,-1.717862585982645518e+00
3.184787418376023194e+00,-5.430362351213095629e+00,-1.726054508918415831e+00
3.169426259369608978e+00,-5.533390878778140731e+00,-1.733061542635540686e+00
3.152573601710731310e+00,-5.638281055723973090e+00,-1.743346916924156886e+00
3.134492118821664342e+00,-5.744911025840460539e+00,-1.751815596779040751e+00
3.115833911528446354e+00,-5.849638470748638852e+00,-1.761547934864999165e+00
3.096016003259801419e+00,-5.950913416434405967e+00,-1.715986706285734797e+00
3.088094084360501146e+00,-6.023726847670920037e+00,-1.546987513548772952e+00
3.090018112980664533e+00,-6.059292625570984470e+00,-1.365793596423272138e+00
3.097002644416061656e+00,-6.091686996572740931e+00,-1.180771489327285595e+00
3.111375191227717885e+00,-6.122873206030798876e+00,-9.800516915552940356e-01
3.129259568526147728e+00,-6.146659448405853432e+00,-8.039287328930673215e-01
3.152563816329774227e+00,-6.172124535289889025e+00,-6.677114599855265009e-01
3.167109848742289735e+00,-6.185811559549877714e+00,-4.684410655666916279e-01
3.169765487347428135e+00,-6.186912578564103704e+00,-2.407315262091284658e-01
3.171765482656771162e+00,-6.188266095688998547e+00,-6.149153643187236368e-02
3.186230013177659526e+00,-6.190718959645249875e+00,1.035745611395156585e-01
3.187424095102561417e+00,-6.191954583544102775e+00,2.991731402480708457e-01
3.190248395853577001e+00,-6.194591801632111761e+00,5.515470628761058869e-01
3.192707573465840110e+00,-6.197660129772215143e+00,7.854873047560372301e-01
3.204012006548488500e+00,-6.190522664672423403e+00,9.813797407873110501e-01
3.208164400088227453e+00,-6.192044694650159720e+00,1.243066559550588313e+00
3.210234634612442406e+00,-6.191814368171403515e+00,1.423680310633570700e+00
3.213447564519634536e+00,-6.191001677106137357e+00,1.651201510653836912e+00
3.215870984074128636e+00,-6.189039453463723639e+00,1.916695852841849623e+00
3.216594094574767304e+00,-6.187128311434172190e+00,2.109440683096208247e+00
3.217419453862166101e+00,-6.184872799138269706e+00,2.284712120324503548e+00
3.216780800191557876e+00,-6.183697008417179397e+00,2.483053301414640757e+00
3.214895555984361941e+00,-6.181762489620607148e+00,2.723087124886352850e+00
3.206056041982911609e+00,-6.176687647825175986e+00,2.901594406552680638e+00
3.193859277512378192e+00,-6.174138143594080752e+00,3.048232991912094292e+00
3.157461609535015423e+00,-6.170253646800629710e+00,2.935610925481990652e+00
3.138526078800023544e+00,-6.164205855603891671e+00,2.762162760875389811e+00
3.140272980050016649e+00,-6.165584338353336413e+00,2.537121475151633110e+00
3.141203147640489579e+00,-6.166818057014111787e+00,2.328727750372033611e+00
3.142618164062026764e+00,-6.167315935173568242e+00,2.144615792826240597e+00
3.141636383069888794e+00,-6.167837570489407284e+00,1.938305923288324628e+00
3.139174375039729625e+00,-6.167468141348452448e+00,1.731353111866875016e+00
3.136730057590598086e+00,-6.166938381310628436e+00,1.543217812622595941e+00
3.135155440981081565e+00,-6.161657103092127663e+00,1.356542435915890632e+00
3.139399442100453630e+00,-6.142144005583685562e+00,1.191259488438854763e+00
3.137893082509444653e+00,-6.140145023651347067e+00,1.000242092921799442e+00
3.136574715074936126e+00,-6.139178420968180561e+00,8.175424520711028764e-01
3.135293027623394568e+00,-6.138945535383305341e+00,6.409196947810709144e-01
3.132824797379264226e+00,-6.137914552499252885e+00,4.025597758299686024e-01
3.131806979574782268e+00,-6.136097056091608160e+00,1.978260774619249041e-01
3.130504947692550832e+00,-6.134706258146067626e+00,-3.766111560811601783e-02
3.128402469298547040e+00,-6.133946878274677772e+00,-2.612144954006518360e-01
3.126891917869531134e+00,-6.133500339673569002e+00,-4.547052761003863575e-01
3.124968243021181369e+00,-6.132825275113847674e+00,-6.780777716292681889e-01
3.123689262384671483e+00,-6.131963823949470260e+00,-9.039466240329206981e-01
3.124337611144077265e+00,-6.130769360760209175e+00,-1.090559825642902325e+00
3.125829358673309244e+00,-6.129861964517235862e+00,-1.307177122320056117e+00
3.128436316021069086e+00,-6.128844601148047744e+00,-1.534398858662076037e+00
3.131026779466903331e+00,-6.129013185179023715e+00,-1.727432252315413086e+00
3.134318919868753994e+00,-6.130711219645464283e+00,-1.951510392463457366e+00
3.137742578509827407e+00,-6.132921523639733863e+00,-2.179847542680330541e+00
3.141127648761659508e+00,-6.134976562127739008e+00,-2.438231019746505801e+00
3.144176686788587638e+00,-6.136854726918318903e+00,-2.678428193550540737e+00
3.146775215779526569e+00,-6.138614298761571497e+00,-2.902177714499436068e+00
3.148185331011735144e+00,-6.139810143071232851e+00,-3.080946149375487497e+00
3.149429489016318140e+00,-6.142027737283878963e+00,2.958576976251987567e+00
3.150983382180813752e+00,-6.144004831536308942e+00,2.732506846643434351e+00
3.153009445229530971e+00,-6.144793669826442262e+00,2.554317825952614918e+00
3.155325745172253615e+00,-6.146597791907618458e+00,2.314011944839066359e+00
3.155287057484230662e+00,-6.149475068738969874e+00,2.088148031095791612e+00
3.154653964465659488e+00,-6.151197984508004701e+00,1.911084826135053927e+00
3.151830289970193988e+00,-6.153197272359217429e+00,1.670171329370677693e+00
3.148531372922723559e+00,-6.154236585309602603e+00,1.413053468707411664e+00
3.144628107121200333e+00,-6.152408696111624664e+00,1.185696957004694241e+00
3.141776886370172495e+00,-6.150818789966382205e+00,9.509511918694615318e-01
3.204433174120578709e+00,-6.074630629013860528e+00,8.595090160277693014e-01
3.272279314809587447e+00,-6.001383468297819768e+00,7.605589919576264402e-01
3.349213154521224478e+00,-5.936552503385213342e+00,6.201790379561094024e-01
3.416366052408132958e+00,-5.895969841307538317e+00,4.376799369278451257e-01
3.463555839436131656e+00,-5.878934598390590516e+00,2.918028023957811024e-01
3.561738463681412448e+00,-5.855669505189295521e+00,2.587278361452313713e-01
3.567487047004902490e+00,-5.854446982491753992e+00,4.465707159278000660e-01
3.655785844787881711e+00,-5.808353090216250791e+00,5.453035133876978913e-01
3.744799786578795864e+00,-5.758861644154843695e+00,5.379611237863295425e-01
3.833020364879116126e+00,-5.709251388042059894e+00,6.223008570522159388e-01
3.909667149088584814e+00,-5.645776159952387019e+00,7.748010437844033982e-01
3.983685350649698531e+00,-5.577256735689911871e+00,7.902691311656750983e-01
4.050422963356953510e+00,-5.502136149852303149e+00,9.307435420699010642e-01
4.106015912207690022e+00,-5.419584315167431221e+00,1.040374337867653542e+00
4.153744979875612309e+00,-5.349463094079373704e+00,9.646248794941769678e-01
4.147509257301045693e+00,-5.352156005200902733e+00,8.038945244802792045e-01
4.146418469086310843e+00,-5.350250533589891333e+00,5.884785932183076440e-01
4.145164374436537180e+00,-5.348520914352532962e+00,3.556423493539354053e-01
4.143890650664137532e+00,-5.348089536084122741e+00,1.160560094231285616e-01
4.142358528635019965e+00,-5.347186659367138439e+00,-1.144930387869036725e-01
4.140317798276385908e+00,-5.347056265463034919e+00,-3.816708141639961194e-01
4.138822885880647284e+00,-5.346177034505495307e+00,-5.822558327157985048e-01
4.138826218956270786e+00,-5.345326656741348437e+00,-8.196308920545841703e-01
4.139593116119058003e+00,-5.344371948123016303e+00,-1.020394326274715713e+00
4.147360155311400121e+00,-5.352941140656400698e+00,-1.201012603701324899e+00
4.149543226984998334e+00,-5.352695113508836755e+00,-1.391840144066002427e+00
4.153074449157732495e+00,-5.352289699567507775e+00,-1.639328071047296609e+00
4.154778053606070998e+00,-5.351993834292303909e+00,-1.815951980069027361e+00
4.158608346810472867e+00,-5.354088089020625496e+00,-2.091103882752499477e+00
4.161998964936756806e+00,-5.356234977321689072e+00,-2.283868791681502142e+00
4.152254536484986325e+00,-5.372014541613364003e+00,-2.452244715058696567e+00
4.154717736133703987e+00,-5.373659068937160832e+00,-2.631041453256379725e+00
4.156246964400351018e+00,-5.375826782648209345e+00,-2.818555174455536605e+00
4.158166757518374723e+00,-5.377822123766764051e+00,-2.995543125884703173e+00
4.159780652116504385e+00,-5.380375949140150382e+00,3.105202114630552845e+00
4.161765926788899783e+00,-5.382416265840174852e+00,2.925667630457212898e+00
4.163371785958100979e+00,-5.384677755927068432e+00,2.741237043245062566e+00
4.165736732192975467e+00,-5.386540522753604066e+00,2.559461334994475479e+00
4.167344266445969225e+00,-5.388843210699533870e+00,2.379778356543454265e+00
4.168157830144250120e+00,-5.390214112080515818e+00,2.202326183776372126e+00
4.168607827524764886e+00,-5.391638643647461038e+00,2.019663323757435069e+00
4.168678348138805667e+00,-5.393116928192581483e+00,1.838005754594344232e+00
4.166678154574362303e+00,-5.391833277910618172e+00,1.656867636662897159e+00
4.164134908298933624e+00,-5.390550288086719988e+00,1.466540929635304469e+00
4.162272754844249079e+00,-5.390366578784689722e+00,1.284438675908562644e+00
4.159661902550335633e+00,-5.388469697909983758e+00,1.106101037868990167e+00
4.157466274107306958e+00,-5.386513831231434679e+00,9.206304672279541634e-01
4.156766803886018380e+00,-5.383275032184878128e+00,7.283377589765134275e-01
4.155376887163184207e+00,-5.381383787563860821e+00,5.310179256852963769e-01
4.153612401002807708e+00,-5.380706899063885551e+00,3.266624625102300672e-01
4.151980063162595158e+00,-5.378884418404117795e+00,1.246180680216960185e-01
4.167965667162116361e+00,-5.377322324040330059e+00,-8.766460837475097134e-02
4.166125007073160802e+00,-5.376187062348583012e+00,-2.915700215040354371e-01
4.164851312240806180e+00,-5.374560253808438048e+00,-4.993558931407053869e-01
4.163556326735914581e+00,-5.372536578329164314e+00,-7.248906526763907454e-01
4.162743239523590155e+00,-5.370700337309420647e+00,-9.471305175920560204e-01
4.163498419892513347e+00,-5.368811220999631928e+00,-1.139787504501865278e+00
4.163959750450436204e+00,-5.366537530079965812e+00,-1.323441256140725164e+00
4.165536253712139647e+00,-5.364926102641190298e+00,-1.503434486886711774e+00
4.168016884367415464e+00,-5.364382528274469486e+00,-1.685519682645106654e+00
4.170769813685869742e+00,-5.365195538287938604e+00,-1.874154232844398527e+00
4.164376426785862506e+00,-5.386582368629885487e+00,-2.008870316196535111e+00
4.122150038713888520e+00,-5.477110975520163905e+00,-2.004428423290273820e+00
4.077640054044601392e+00,-5.570196614665847257e+00,-2.100936898707904898e+00
4.015767274456677249e+00,-5.657368789612934101e+00,-2.258195062188509628e+00
3.986042038663005105e+00,-5.688521643424681251e+00,-2.295936370949802185e+00
3.916360084707850575e+00,-5.760882137486341925e+00,-2.312579773253442994e+00
3.859906947440501224e+00,-5.832365225760396399e+00,-2.113462721076827311e+00
3.838773204706257935e+00,-5.875838081038524230e+00,-1.905942258880714002e+00
3.827080365356099190e+00,-5.923469567110534406e+00,-1.690619653833574043e+00
3.825957894321991404e+00,-5.973273330859220742e+00,-1.475355811624054381e+00
3.834715940384107125e+00,-6.019895090058337672e+00,-1.269240940006587159e+00
3.852318250227526608e+00,-6.062870798614431678e+00,-1.064296621047326585e+00
3.880507223245339699e+00,-6.104133987273988815e+00,-8.777694344301456564e-01
3.912709812094316675e+00,-6.136439945356825909e+00,-7.005056694784470572e-01
3.953195677870361191e+00,-6.164537414902595103e+00,-5.068450082345355989e-01
4.005792816549333502e+00,-6.186127127986004837e+00,-3.001758007384944249e-01
4.043030574440955149e+00,-6.195319591416820870e+00,-2.360775055368064257e-01
4.112436351376413057e+00,-6.220890515739543325e+00,-4.083008372835240096e-01
4.138702655412802578e+00,-6.234419119737061976e+00,-2.622169438396370622e-01
4.186085056613342736e+00,-6.247920590542200614e+00,-1.130913168063672064e-01
4.194232407864569190e+00,-6.249125381759228937e+00,7.588095683250244139e-02
4.203836875420111419e+00,-6.248849781080362931e+00,2.413821249150266413e-01
4.300573067197972499e+00,-6.221027605142230854e+00,2.537147552280217822e-01
4.398088423923430135e+00,-6.195112602647070865e+00,2.413710746876746027e-01
4.419664459745909824e+00,-6.190143645658962690e+00,3.969353857146704079e-01
4.511643586390452931e+00,-6.147929164572192740e+00,4.451701420982470681e-01
4.568890642200440055e+00,-6.116446047900903515e+00,5.974246115505285060e-01
4.648090378720622695e+00,-6.066187131149018974e+00,4.547841173556161909e-01
4.688307813018244730e+00,-6.044080129577153571e+00,6.242184435631572548e-01
4.709457552214049159e+00,-6.027683921674404033e+00,8.128040342377907956e-01
4.717832985333479279e+00,-6.017265961101286642e+00,1.003419282323297024e+00
4.749271477277575038e+00,-5.966042101525986574e+00,1.035552280909277423e+00
4.773362892746851216e+00,-5.926715332784277201e+00,8.501733818067077619e-01
4.842655406591002354e+00,-5.852514072493211650e+00,8.545466200425199110e-01
4.888137868722671975e+00,-5.793419981620361092e+00,1.017611402728177517e+00
4.942032664130882935e+00,-5.701736899511233858e+00,1.118531063277070414e+00
4.976683250534201797e+00,-5.632385242241038092e+00,1.228101532638936844e+00
4.989441162025587850e+00,-5.615728954817649665e+00,1.359986238432467909e+00
4.991333032588606500e+00,-5.614935743841860116e+00,1.562281619043455638e+00
4.993502342192172705e+00,-5.615855669690231977e+00,1.765332954591350312e+00
4.995875935433744530e+00,-5.615568111900926418e+00,1.987339511561517558e+00
4.997249907432117055e+00,-5.614789888373286963e+00,2.165415123026876554e+00
4.998748021374971984e+00,-5.613764973823354154e+00,2.379633069842136628e+00
5.000030757281970217e+00,-5.612600210211375895e+00,2.590016970822570208e+00
5.000715797084587244e+00,-5.610783386228446190e+00,2.828635078292761840e+00
5.000576105740011990e+00,-5.608707501162768949e+00,3.043728414473409138e+00
4.974713426370289682e+00,-5.605039559138172756e+00,-3.134570863957047315e+00
4.973731186862558218e+00,-5.603529372790857721e+00,-2.957047591842685730e+00
4.970300594385014925e+00,-5.603524405423373267e+00,-2.923778187448696553e+00
4.952432867311047815e+00,-5.607182724015761011e+00,-3.093484053074415208e+00
4.954203215669584104e+00,-5.608495257816801249e+00,3.007829912097477187e+00
4.955782538721114960e+00,-5.610016387655242909e+00,2.827453197493958736e+00
4.939326813348441370e+00,-5.603078986202009837e+00,2.660895343390638157e+00
4.922126611226043558e+00,-5.594166097029995122e+00,2.851879488081808134e+00
4.915103901083204718e+00,-5.591584411693212964e+00,3.033104591171034592e+00
4.913838853136898166e+00,-5.590373639361748914e+00,-3.038991469253206290e+00
4.911481843691377414e+00,-5.589362531318066374e+00,-2.862020813282360354e+00
4.908635535396230765e+00,-5.589088820247294365e+00,-2.673223284780442466e+00
4.905053685882240444e+00,-5.589452906956783096e+00,-2.469459636290280535e+00
4.901676981054105653e+00,-5.590155816539131628e+00,-2.273807534644773476e+00
4.899289703985552968e+00,-5.590093026987301705e+00,-2.080067328356669520e+00
4.896008195755292114e+00,-5.591509597620452965e+00,-1.880816848191438018e+00
4.870852399137417521e+00,-5.685337554742787347e+00,-1.734913400855084609e+00
4.857954720340725174e+00,-5.744514189503409973e+00,-1.891220688305050635e+00
4.819327060821071207e+00,-5.839216903444611972e+00,-1.970608910338806696e+00
4.779835916859608069e+00,-5.932107484977337641e+00,-1.970501454772054073e+00
4.738965520463555237e+00,-6.029278630755181112e+00,-1.966115717246952332e+00
4.699628602329084970e+00,-6.124101583479018451e+00,-1.964511409579573709e+00
4.657428731181842529e+00,-6.221571813983588051e+00,-2.016943502653913090e+00
4.614815183681979960e+00,-6.297345586533943163e+00,-2.185179509828992561e+00
4.568234468876944732e+00,-6.355431982890218379e+00,-2.333142517119770165e+00
4.500580438327598465e+00,-6.416982957414600897e+00,-2.518386280182207226e+00
4.423687662602453052e+00,-6.465271541667412691e+00,-2.698786742012157180e+00
4.346073016097421693e+00,-6.496453946416635539e+00,-2.857847944507935889e+00
4.314594995042729586e+00,-6.508442693824893155e+00,-3.027751942423662523e+00
4.305047320345948947e+00,-6.510310803540635405e+00,3.067357434505026959e+00
4.296254874350680986e+00,-6.510211012416742271e+00,2.884615487585398874e+00
4.292600087600716208e+00,-6.510124492069381930e+00,2.654938283218958972e+00
4.292289662218178314e+00,-6.510713587401946612e+00,2.455904746256056814e+00
4.292338762598594926e+00,-6.512952197469146220e+00,2.270714500687667226e+00
4.291691023307420139e+00,-6.514576897550091061e+00,2.068941553063746497e+00
4.289785399989817449e+00,-6.516322797286387747e+00,1.830659537733947184e+00
4.288027867862626685e+00,-6.517388689881935981e+00,1.656312344018401772e+00
4.285461143791108540e+00,-6.517982631597189602e+00,1.429814514680869841e+00
4.284357176138671619e+00,-6.507874024379971090e+00,1.284366064356064152e+00
4.290841062720849308e+00,-6.485285050529682849e+00,1.094416098402316351e+00
4.306453063075292853e+00,-6.454986865272887009e+00,9.500890758479089149e-01
4.306875568834956702e+00,-6.453160338383458594e+00,7.360318802087943979e-01
4.305511839636832150e+00,-6.452049467148824213e+00,5.341258186042061595e-01
4.303283027497940338e+00,-6.450666534622739867e+00,3.449578079949707776e-01
4.301230450305576269e+00,-6.449257551986911530e+00,1.377420447186711305e-01
4.299275008209853866e+00,-6.447531039036284994e+00,-1.111940755268737840e-01
4.297759804410779871e+00,-6.446063938851518849e+00,-3.003420495088551245e-01
4.296842982345077111e+00,-6.444428924920384105e+00,-4.775593997689120962e-01
4.296529677439913542e+00,-6.442471953154160325e+00,-7.010421600998361091e-01
4.296395523007041639e+00,-6.440704866095061654e+00,-8.786666950726574887e-01
4.297047505049048866e+00,-6.437534782559201751e+00,-1.069999588100438492e+00
4.302005994136884226e+00,-6.445253783360350930e+00,-1.242384362546073762e+00
4.303188915323235442e+00,-6.445375090483249636e+00,-1.420981055372996238e+00
4.304461279044148547e+00,-6.444822549064143757e+00,-1.600982409669485129e+00
4.296375824526337261e+00,-6.534788038364356844e+00,-1.761016563013465763e+00
4.265410796430050944e+00,-6.634502447757428811e+00,-1.918108250151432603e+00
4.225378495381245436e+00,-6.730783952482471300e+00,-2.004416931780252931e+00
4.175121370089071249e+00,-6.827828845393596247e+00,-2.066206644236998624e+00
4.121767913790201909e+00,-6.917999078976071026e+00,-2.123304575319606702e+00
4.062634546340504471e+00,-7.008454389982962773e+00,-2.177586022008211941e+00
4.003192123056654061e+00,-7.089315420204059137e+00,-2.225625405707976068e+00
3.942219896117997280e+00,-7.168802110936848493e+00,-2.229026226260368393e+00
3.880209582849770023e+00,-7.248575806273503730e+00,-2.231266200706771397e+00
3.816800335490865947e+00,-7.331259200184887526e+00,-2.231206939342740281e+00
3.753919123373135047e+00,-7.412706785544117771e+00,-2.240397583949576443e+00
3.749398254913188122e+00,-7.420030406686672464e+00,-2.416808766933136621e+00
3.751244999751548459e+00,-7.421277180792583472e+00,-2.581325109367065718e+00
3.691852612973197445e+00,-7.458089610551658311e+00,-2.761685515203194718e+00
3.673962964672214948e+00,-7.465042409812085111e+00,-2.945050315926552198e+00
3.653415482423692406e+00,-7.468474654718152195e+00,-3.117500331983475093e+00
3.567397309679623429e+00,-7.466397118105998487e+00,3.002023112385338699e+00
3.561210977385730558e+00,-7.466526350482191710e+00,2.822806310335807201e+00
3.555240319109399305e+00,-7.465480196275749769e+00,2.645594629892628280e+00
3.549208249652934910e+00,-7.462935758406268327e+00,2.466238727713510492e+00
3.544276224086108762e+00,-7.459680727119497590e+00,2.287111963017518068e+00
3.538126055115755619e+00,-7.452610343047421537e+00,2.097651851359189745e+00
3.533773602718950357e+00,-7.446230731443576722e+00,1.921448108145619837e+00
3.531369658750517004e+00,-7.440375201670448746e+00,1.744209218189687771e+00
3.529532240069682469e+00,-7.433822323433273205e+00,1.564473000648025636e+00
3.529186192147776069e+00,-7.426864055774740514e+00,1.385370204280168771e+00
3.530877396493379283e+00,-7.417625800729290120e+00,1.202390023317426060e+00
3.535474755338043007e+00,-7.406271228994160793e+00,1.020214323332644391e+00
3.540261367986623053e+00,-7.397923725725622290e+00,8.420118634166892102e-01
3.552338276447501553e+00,-7.385360000480859277e+00,6.592963644217062491e-01
3.557766558541570312e+00,-7.380099892192506950e+00,4.814443205517685564e-01
3.565607351425689853e+00,-7.375666897372548547e+00,2.926264988275202317e-01
3.573242153721920555e+00,-7.373340606167256617e+00,1.158739406263363109e-01
3.584223028423387358e+00,-7.372425866974026576e+00,-6.221858956941710150e-02
3.601037455038996526e+00,-7.374630964531800892e+00,-2.099430764634724889e-01
3.653172364292130769e+00,-7.385925518728117645e+00,-3.673426188080580190e-01
3.672766451336373805e+00,-7.396185603740505599e+00,-5.349202900013926287e-01
3.673628243677985239e+00,-7.396350954460350735e+00,-7.190797848668594172e-01
3.675066029326354844e+00,-7.396515257064301352e+00,-9.294455281080109543e-01
3.676773024859450789e+00,-7.397625557519026174e+00,-1.126516339809400913e+00
3.678496226612043341e+00,-7.398986366452249719e+00,-1.312438377337484141e+00
3.680602085379991451e+00,-7.400929614408847890e+00,-1.521703045225699658e+00
3.682478823639592225e+00,-7.402998449574580420e+00,-1.708786558547021439e+00
3.683568447176227334e+00,-7.406476177755897616e+00,-1.918892991618979638e+00
3.684359014515627084e+00,-7.410180949759296531e+00,-2.115378694164579798e+00
3.684676630694368793e+00,-7.413755075120945115e+00,-2.299416410047646853e+00
3.684224925695584130e+00,-7.417704195428762581e+00,-2.510298729330645795e+00
3.631415095443737417e+00,-7.454252730447818998e+00,-2.682800859850432484e+00
3.596024928849191671e+00,-7.471836170147609479e+00,-2.847280924928876633e+00
3.591453233222690500e+00,-7.474871281584593241e+00,-3.027227842557211890e+00
3.584212982638929734e+00,-7.477000773937160005e+00,3.068848133013574841e+00
3.577919044617992039e+00,-7.478305082365274359e+00,2.906273646509164532e+00
3.547248500844088159e+00,-7.472627065169214156e+00,2.748985925944411601e+00
3.544760271656639539e+00,-7.472786779720682837e+00,2.567695145552666869e+00
3.545504962910896563e+00,-7.475000917768760189e+00,2.383442413852808084e+00
3.539143258354699118e+00,-7.469637165488552277e+00,2.237419858488051361e+00
3.479504940015020420e+00,-7.393447379013235121e+00,2.265575466545397987e+00
3.473632410563328499e+00,-7.386049566423262824e+00,2.435837099583813004e+00
3.448454972694178888e+00,-7.367344742103556499e+00,2.589491203402495945e+00
3.446469471209429702e+00,-7.365596685824345791e+00,2.769416298473735161e+00
3.443064043798940155e+00,-7.364138247524518732e+00,2.951750017462103415e+00
3.438861748348617464e+00,-7.363077632299184216e+00,3.066270423156138847e+00
3.416176928350004971e+00,-7.359751275142118132e+00,2.918115822024998085e+00
3.317003358969485394e+00,-7.338649676246843612e+00,2.921655499213464680e+00
3.226832780619688812e+00,-7.319922999320928270e+00,3.117868723344840109e+00
3.223861567790043292e+00,-7.318469804774657916e+00,-2.953280566968547571e+00
3.220600154889843303e+00,-7.317075252217243531e+00,-2.765115703755388399e+00
3.216898050945598886e+00,-7.316462568107703568e+00,-2.552323491552613177e+00
3.214182148542573891e+00,-7.315738548421870213e+00,-2.308325742113009671e+00
3.211197052667046581e+00,-7.315249026044122083e+00,-2.126910147511585691e+00
3.207789234280417734e+00,-7.315929759121932108e+00,-1.906108525938499998e+00
3.204987248354557838e+00,-7.316403757575825395e+00,-1.654426937174918066e+00
3.202630445616491794e+00,-7.318210965765078235e+00,-1.408645089157888775e+00
3.201110769163123759e+00,-7.322914252298082793e+00,-1.192165177162162637e+00
3.201146760203172903e+00,-7.327038465142544865e+00,-9.939119120833769250e-01
3.202423499689537767e+00,-7.330019243707077692e+00,-7.590709174976604245e-01
3.203412134128826860e+00,-7.331847601824347471e+00,-5.819234969252152778e-01
3.205606057469509551e+00,-7.334995944778506249e+00,-4.056934726706706296e-01
3.301422617228857881e+00,-7.368483712300753830e+00,-3.135740716593373723e-01
3.399253733207533212e+00,-7.400324117655610934e+00,-3.122013028279340685e-01
3.499731115583614383e+00,-7.432756936932459091e+00,-3.131501413623852814e-01
3.599553779651065710e+00,-7.465203254995138593e+00,-3.029897389239023520e-01
3.677162171197834617e+00,-7.484873540750949239e+00,-1.173662606369214739e-01
3.678262085521769809e+00,-7.486551649052319846e+00,7.548037908455537681e-02
3.691088762689108904e+00,-7.486766065869476350e+00,2.383235813555806548e-01
3.734251756625647456e+00,-7.475846946578139196e+00,3.823667063773417141e-01
3.824939942015729510e+00,-7.444192014778063360e+00,3.787213161803011374e-01
3.837984792280498159e+00,-7.442683412556462486e+00,5.425403430185986586e-01
3.852166366906477180e+00,-7.437282843442125646e+00,7.246151473658966058e-01
3.853928894464637711e+00,-7.438180270856140197e+00,9.156445139966419289e-01
3.886546934631300854e+00,-7.389876680100474715e+00,1.057314510854672429e+00
3.907460080941914882e+00,-7.347783215776065191e+00,1.228233155496771367e+00
3.917016829868621208e+00,-7.314727920434156871e+00,1.415985618865861051e+00
3.919366538081499485e+00,-7.290638548913922712e+00,1.594643035099551742e+00
3.916994546144710210e+00,-7.264131110737201524e+00,1.785071585725764631e+00
3.904579369294405300e+00,-7.222248038157615291e+00,1.945993061114847045e+00
3.911911825316305880e+00,-7.243415055808422487e+00,2.036123730362090267e+00
3.907960604983262698e+00,-7.235451147476415379e+00,2.207587029696572500e+00
3.893706421350605851e+00,-7.215199282537231085e+00,2.132040118256038230e+00
3.916372389397971610e+00,-7.251545752650143228e+00,1.974567440248192529e+00
3.910369788104709254e+00,-7.234245555381917825e+00,1.759135188968139696e+00
3.908623494763003414e+00,-7.230435498711572428e+00,1.580362772442286179e+00
3.909131396864219177e+00,-7.205608957619439536e+00,1.405312175994467783e+00
3.914123259802438692e+00,-7.178699899175589927e+00,1.217813265832300429e+00
3.924159515457779079e+00,-7.152878351570993942e+00,1.041164490536468756e+00
3.945107852828101169e+00,-7.116050006709779829e+00,9.325748475694173312e-01
3.955487761073366304e+00,-7.098198005988201942e+00,1.011130268823726253e+00
3.971164795517831525e+00,-7.063432246760961597e+00,8.522422098335551421e-01
3.997290831072330963e+00,-7.033586341458152980e+00,6.778677097340721769e-01
4.022211515242855917e+00,-7.012579794444363301e+00,5.354223910873803227e-01
4.036442762125240336e+00,-6.998788448124389383e+00,4.963471649839323319e-01
4.036941340407865120e+00,-6.999820846908363592e+00,6.696815959379142091e-01
4.037737777296276143e+00,-7.001378452252261297e+00,8.484367958811956933e-01
4.038709135969527964e+00,-7.002877952896377600e+00,1.026737442901769048e+00
4.039883904141622573e+00,-7.003570352593945891e+00,1.229553512296211348e+00
4.041274720737612292e+00,-7.003381808046704293e+00,1.426743627317412999e+00
4.041844996364682530e+00,-7.002500969776240147e+00,1.608814524125937284e+00
4.042486506732385187e+00,-7.001484257278551837e+00,1.790756669393108291e+00
4.042742901286392687e+00,-6.999344780813486544e+00,1.986608033236852311e+00
4.042260060500063368e+00,-6.997514006183076951e+00,2.163425938307920404e+00
4.041515225840606185e+00,-6.994767879764428820e+00,2.329995016548539688e+00
3.968348750526199620e+00,-6.920400031107769578e+00,2.330215831214608180e+00
3.893931063599256337e+00,-6.842739832223426077e+00,2.326834031919876367e+00
3.820961958770686451e+00,-6.766398034914429260e+00,2.328402954941736436e+00
3.743326303280636314e+00,-6.688389959584868372e+00,2.369693057634564948e+00
3.667047520393710069e+00,-6.627644634469615603e+00,2.516155031012324628e+00
3.579179128321134051e+00,-6.579600041983914238e+00,2.694691640667439270e+00
3.516971213603532043e+00,-6.557329289443582176e+00,2.804935825506024383e+00
3.414805746725783742e+00,-6.531585156872385056e+00,2.901130497639364592e+00
3.308459464217099466e+00,-6.507937017810298208e+00,2.869078520851977121e+00
3.260614257087143919e+00,-6.491451804879891263e+00,2.674162642253945066e+00
3.222535959253610471e+00,-6.471143819946031606e+00,2.472355477509394994e+00
3.194057002956291136e+00,-6.448236291110672980e+00,2.275005814423955108e+00
3.173469710765466800e+00,-6.422212101852473154e+00,2.066618228968752469e+00
3.161499237379022276e+00,-6.398186789212307879e+00,1.888228530603407895e+00
3.154598703654794001e+00,-6.375506044362723834e+00,1.710377592673438585e+00
3.155280081493627264e+00,-6.373487324214070604e+00,1.782559937469069933e+00
3.157340578864133995e+00,-6.375212470582217961e+00,1.968732744605339979e+00
3.159068703192128069e+00,-6.375902448909279485e+00,2.143063218325309549e+00
3.161109275164742272e+00,-6.376156039850773283e+00,2.336669832556684145e+00
3.163622867282338991e+00,-6.376388506579516502e+00,2.502961785788955229e+00
3.166660708798929580e+00,-6.376574484706176271e+00,2.678612110453465256e+00
3.153609214908030367e+00,-6.372170191584300980e+00,2.840694799664902792e+00
3.064016754149323063e+00,-6.351651908314885020e+00,2.861231384563069469e+00
2.967855681983425420e+00,-6.326322730028298480e+00,2.855113211096050208e+00
2.873500600211118972e+00,-6.300593765240562583e+00,2.821068449215274221e+00
2.825665224162901890e+00,-6.290312208336936273e+00,2.641685570394039395e+00
2.826910630335088825e+00,-6.294506765326299380e+00,2.431600898592417792e+00
2.827945023947800340e+00,-6.297727818139801315e+00,2.241657635648215852e+00
2.827778825613335378e+00,-6.301253003241485295e+00,2.046345377662347698e+00
2.826772462211551318e+00,-6.304349989736486748e+00,1.794949249978201600e+00
2.825239652331596130e+00,-6.306957909289668152e+00,1.545807811426507028e+00
2.823641572730136495e+00,-6.308852072700312341e+00,1.351342929278400051e+00
2.821318429749400281e+00,-6.310040439793416667e+00,1.139716789489531479e+00
2.818597645715017475e+00,-6.310248039870721470e+00,8.738963533319754617e-01
2.816560635033158455e+00,-6.310067961638354817e+00,6.835268403500078804e-01
2.813736247554715408e+00,-6.309407807042870076e+00,3.777318294027092738e-01
2.812376297074766107e+00,-6.308720578366428633e+00,2.028566411130718061e-01
2.811194268008695207e+00,-6.308164655792825926e+00,1.627915378252660361e-02
2.810314756727661401e+00,-6.307127639822598830e+00,-1.756428109565205675e-01
2.809331046921961672e+00,-6.305981304238784446e+00,-3.881472409113573829e-01
2.809000438994659010e+00,-6.304685696846954457e+00,-6.571470242509281912e-01
2.809483974842352794e+00,-6.303700514338145489e+00,-8.481963302318832332e-01
2.810887602130378582e+00,-6.301722206399412052e+00,-1.153291274837181968e+00
2.813374482102394936e+00,-6.300660496176485381e+00,-1.420939952531747652e+00
2.815454814657517790e+00,-6.300676321878786013e+00,-1.600802377348783612e+00
2.818046551754012086e+00,-6.300602314431840156e+00,-1.811075021430260001e+00
2.821158636464697445e+00,-6.301361398956523807e+00,-2.006585973467665873e+00
2.823808793050235355e+00,-6.302707588343928080e+00,-2.191974916761162184e+00
2.826579775769383129e+00,-6.304667524824412617e+00,-2.370032412089927210e+00
2.829508021245756400e+00,-6.306903105454647829e+00,-2.557369697480443627e+00
2.832310502443843081e+00,-6.309475281369993027e+00,-2.775870986027010989e+00
2.834106760925304780e+00,-6.311915836628712917e+00,-2.961620822019435106e+00
2.836291225470429556e+00,-6.314504464575255938e+00,-3.136229370374033376e+00
2.838133963391291648e+00,-6.317575779629899024e+00,2.959534778903004426e+00
2.839522259283680405e+00,-6.321042072117831978e+00,2.745249617192130565e+00
2.840767822425820377e+00,-6.323883771369340323e+00,2.565936170250188830e+00
2.841298449191762110e+00,-6.327486743906759692e+00,2.375143499287934556e+00
2.841132653673196451e+00,-6.332771529609606098e+00,2.068271025819329978e+00
2.840136380557940043e+00,-6.335588388677424909e+00,1.893499276371717777e+00
2.839283897921658362e+00,-6.337784423947715240e+00,1.702712034246330219e+00
2.837595339423159224e+00,-6.340169485156367912e+00,1.511271439516824522e+00
2.835623273933799204e+00,-6.342277147652048974e+00,1.299328627221987498e+00
2.832910847521321607e+00,-6.343123731682596578e+00,1.032480831193758775e+00
2.830849239800398820e+00,-6.343157139121769816e+00,8.442076401333438174e-01
2.828806889061041829e+00,-6.343062802386865151e+00,6.694345567644617301e-01
2.826624738984509833e+00,-6.342753951696787240e+00,4.438760287015873773e-01
2.825644146014878899e+00,-6.342248027265404708e+00,2.693241230210572379e-01
2.824604232336709764e+00,-6.341471097077811869e+00,7.773078258967348886e-02
2.823291892217238974e+00,-6.339892128392814463e+00,-2.276315535788343558e-01
2.822044447820521995e+00,-6.338287947059403571e+00,-4.966078508711778694e-01
2.822073392904854927e+00,-6.337365431177680364e+00,-6.900249440238368503e-01
2.822980857847102509e+00,-6.335179695118276832e+00,-9.959524177897578490e-01
2.824951063964340481e+00,-6.333917797981742481e+00,-1.262103424572990074e+00
2.826763927282225364e+00,-6.333255296826684422e+00,-1.449495843217755597e+00
2.829390119558625294e+00,-6.333048252653949106e+00,-1.652765014334795390e+00
2.831575292684423761e+00,-6.333318073319381902e+00,-1.832825487221374727e+00
2.834827034012599611e+00,-6.334330209407501577e+00,-2.075910354520689172e+00
2.838758353621060770e+00,-6.336346770057359024e+00,-2.339791924506928744e+00
2.841970363282832146e+00,-6.339021361436544488e+00,-2.565839021582983825e+00
2.844782369762097307e+00,-6.341807413306732144e+00,-2.797680295163011088e+00
2.847802599828207715e+00,-6.345122813288667452e+00,-3.044257538776859562e+00
2.850171357549562412e+00,-6.348449221600422909e+00,3.022332626327754124e+00
2.851847962677887427e+00,-6.352337423030895991e+00,2.789429349326545626e+00
2.853276713849054236e+00,-6.356597667940391716e+00,2.541494329239353700e+00
2.853982565184571385e+00,-6.360692847110076542e+00,2.322953538009039143e+00
2.854078071158137053e+00,-6.364754076566053520e+00,2.073519979405663793e+00
2.853279237139597413e+00,-6.368172368146027829e+00,1.857884915493858591e+00
2.851763247641252885e+00,-6.371081606582932544e+00,1.627092929539928789e+00
2.849787305564077666e+00,-6.373866215593433360e+00,1.408410016911962881e+00
2.847435428264475377e+00,-6.375988718115586096e+00,1.159969746021380033e+00
2.845268380387612428e+00,-6.376344800482263153e+00,9.315457853126404286e-01
2.842415214850535055e+00,-6.376028481047034013e+00,6.836760572429917415e-01
2.840851211730496484e+00,-6.375888681781058054e+00,4.672016975366897751e-01
2.839387983819371630e+00,-6.375184759890296426e+00,2.163555530100965130e-01
2.838112761579731469e+00,-6.374143723009924933e+00,-9.363767069951412989e-04
2.837359419940574057e+00,-6.373036752809492000e+00,-2.323367955926350925e-01
2.836808869725528925e+00,-6.372258149953966111e+00,-4.491281925536085851e-01
2.836286715271815861e+00,-6.370870205675110753e+00,-6.986584314681195673e-01
2.836694432633355856e+00,-6.369676092336257867e+00,-9.286947835963254017e-01
2.837964566596457683e+00,-6.368357397871602821e+00,-1.175440745553900657e+00
2.839679385313212734e+00,-6.367949108595350793e+00,-1.390723052878046984e+00
2.842858188788764728e+00,-6.367672253132078630e+00,-1.638768082275063431e+00
2.845766637222453266e+00,-6.367807031092657333e+00,-1.858334122512350861e+00
2.848898946169141411e+00,-6.369048279825534564e+00,-2.090634960825793698e+00
2.852741998073091256e+00,-6.370863492573930031e+00,-2.328273561574512485e+00
2.857899251830245291e+00,-6.375710637390233693e+00,-2.504467194622387982e+00
2.860852529694732915e+00,-6.379751853888248725e+00,-2.686157050883112518e+00
2.863164552253244732e+00,-6.382788361184806192e+00,-2.874808535223357442e+00
2.864877166881053316e+00,-6.386051568407192569e+00,-3.054121569055756602e+00
2.866759230928678903e+00,-6.389109912671811387e+00,3.044802719145256464e+00
2.869192911651746947e+00,-6.395546879251233996e+00,2.869264482122002580e+00
2.870872148020490400e+00,-6.401024958127838893e+00,2.688314352293669884e+00
2.827105755152409028e+00,-6.379396132132923114e+00,2.542862602250085313e+00
2.792967256650419561e+00,-6.353014236616654209e+00,2.406475445285089609e+00
2.793456895051009248e+00,-6.354392531373869168e+00,2.485819530766751662e+00
2.713639371945236967e+00,-6.292139490027409465e+00,2.455194220964682206e+00
2.633442340049993113e+00,-6.226923345598665449e+00,2.453472642462144027e+00
2.552479464797288600e+00,-6.161109469602955357e+00,2.451761709598134331e+00
2.470155123873047920e+00,-6.093713187947971122e+00,2.449211292961579911e+00
2.389195292152971550e+00,-6.027224125742220551e+00,2.447273331985556410e+00
2.303666217670481409e+00,-5.956429858423487822e+00,2.444735398391036263e+00
2.222893366977485741e+00,-5.889712267760032205e+00,2.444820764058707407e+00
2.148392542234689007e+00,-5.829179856280847005e+00,2.446581814208469208e+00
2.129926508287391940e+00,-5.817903677968228493e+00,2.284508223130166105e+00
2.130313509570117780e+00,-5.820655200384679873e+00,2.104563604039455971e+00
2.106731011864984016e+00,-5.773511722664771639e+00,1.973801484200382150e+00
2.105818515076797404e+00,-5.771000423835437765e+00,2.114704117447252507e+00
2.102126876156537705e+00,-5.769051109265990185e+00,1.998299882410355277e+00
2.063345972526386962e+00,-5.682209309292209021e+00,1.861328692644718785e+00
2.051519944410245433e+00,-5.623736707540408553e+00,1.703500222391746144e+00
2.051077063295925651e+00,-5.564019900119192563e+00,1.529083713659173949e+00
2.063207063896101534e+00,-5.499728307118487258e+00,1.328819364825110316e+00
2.077722407025482276e+00,-5.462510541681115939e+00,1.265501332639116461e+00
2.079749954876544127e+00,-5.461058096925516026e+00,1.441281719407086381e+00
2.081980820233293006e+00,-5.459501023367094419e+00,1.631291839281694411e+00
2.083692133476339414e+00,-5.457631018025281833e+00,1.805899117106251950e+00
2.076728188033925004e+00,-5.429904911296387304e+00,1.944430486972223537e+00
2.060708514088692933e+00,-5.391064114666250795e+00,2.115503041015235564e+00
2.036819892940390453e+00,-5.357069354924554716e+00,2.289297420384300175e+00
2.022149711079368473e+00,-5.340496883913135484e+00,2.464782295372326182e+00
1.979268771128753990e+00,-5.308446460606092820e+00,2.587760138955387923e+00
1.939582421325174000e+00,-5.287727231487110657e+00,2.759999973968243481e+00
1.845238500881776655e+00,-5.259611548422790328e+00,2.880368658851232944e+00
1.746543720014307022e+00,-5.234009316972523251e+00,2.895350643982141925e+00
1.697335753111771872e+00,-5.220829726137286464e+00,3.054805695406154431e+00
1.694892498113942825e+00,-5.217769528192206963e+00,-3.050445134602371766e+00
1.693322439385024802e+00,-5.215580441689092517e+00,-2.856502080734615312e+00
1.691414151142890399e+00,-5.213437790982805353e+00,-2.680313434285615859e+00
1.689320493032564263e+00,-5.211970881816255563e+00,-2.503793049807585103e+00
1.669441209405812865e+00,-5.223607346314155464e+00,-2.325903980115819891e+00
1.623361033378691642e+00,-5.274755540965788470e+00,-2.174444913604402174e+00
1.591128657529517376e+00,-5.324963248580681707e+00,-1.989006492697300787e+00
1.573855684975620450e+00,-5.366720662139186970e+00,-1.803339016463256561e+00
1.564819608137147489e+00,-5.409799041870634539e+00,-1.623844091049519767e+00
1.561211152042984551e+00,-5.431846128210890079e+00,-1.440801891512624833e+00
1.557151849148670886e+00,-5.432278077486625278e+00,-1.269465821875329192e+00
1.554350601310787727e+00,-5.433117733625906887e+00,-1.091217738353151612e+00
1.552312407756643253e+00,-5.434429046374032346e+00,-8.966495209552154400e-01
1.550997866897238175e+00,-5.435574297894585349e+00,-6.949444221056649829e-01
1.550460167302970094e+00,-5.437010975591991979e+00,-4.712769937459259095e-01
1.550085604976399356e+00,-5.438614315450674752e+00,-2.593268709971837116e-01
1.550335736149639709e+00,-5.440387865155537739e+00,-3.141782676446341904e-02
1.551091105201592768e+00,-5.441920744273780031e+00,1.534591053324752818e-01
1.552538735009984627e+00,-5.444069280535246413e+00,4.164938708088281039e-01
1.554606404154382560e+00,-5.445684345230090706e+00,6.695520449853737954e-01
1.556217194975274332e+00,-5.446369160675540222e+00,8.751495267652869003e-01
1.557853472571502751e+00,-5.446667594118730804e+00,1.066400820164197238e+00
1.559425056169691626e+00,-5.446459056536372856e+00,1.249787232343346988e+00
1.560667484099546920e+00,-5.445502395607211277e+00,1.428520931223052015e+00
1.561895172595153536e+00,-5.444074145073588333e+00,1.639013122965869096e+00
1.562613516869798547e+00,-5.442339526124519544e+00,1.829795137992522358e+00
1.562743306223311812e+00,-5.440458889235968876e+00,2.014248628529782703e+00
1.562817244435906749e+00,-5.438169645861336221e+00,2.194918506936392788e+00
1.562033287484370536e+00,-5.435321476537571250e+00,2.408663416153399961e+00
1.560854535987032943e+00,-5.433041144233931696e+00,2.599343318617838960e+00
1.559451170625488992e+00,-5.429970615830188585e+00,2.795214281093696407e+00
1.557373203278321405e+00,-5.427325493177201032e+00,3.058289595458820731e+00
1.555121009512058894e+00,-5.425038219471806755e+00,-3.014164548425221302e+00
1.552394417120165349e+00,-5.423260031553420291e+00,-2.822690780662020948e+00
1.548490110169002287e+00,-5.421152176246365251e+00,-2.582394781765999792e+00
1.489847028146545238e+00,-5.459760630420778860e+00,-2.414333455594309452e+00
1.466367996350414371e+00,-5.478821013539340257e+00,-2.228115188710372951e+00
1.450815439280089603e+00,-5.495455208385023660e+00,-2.043045312621031950e+00
1.438787560348943284e+00,-5.514463863014678502e+00,-1.855446144645789053e+00
1.430393647404708757e+00,-5.534673675514746982e+00,-1.669963837395299633e+00
1.426394971407090484e+00,-5.555491055536739609e+00,-1.484004047293165263e+00
1.426591286241491341e+00,-5.576329902082610701e+00,-1.297715271452847485e+00
1.430532463492425022e+00,-5.596837998072885512e+00,-1.113087428684409685e+00
1.438720427838734661e+00,-5.615717376152598916e+00,-9.273382914808615540e-01
1.450868358918967926e+00,-5.633458657682603565e+00,-7.442795531894059735e-01
1.465810815228579811e+00,-5.648184012968160417e+00,-5.638642729011609234e-01
1.483100104480313819e+00,-5.660005178327240927e+00,-3.828797809184096290e-01
1.502442206778230815e+00,-5.668565045490035814e+00,-2.007901253899397054e-01
1.522879256701636264e+00,-5.673523606778664075e+00,-1.949015219695636458e-02
1.543745214440596092e+00,-5.674288102282078583e+00,1.629679785535303738e-01
1.564348747393022876e+00,-5.671299850746285287e+00,3.445176298506211765e-01
1.583808755736233920e+00,-5.664518368697468276e+00,5.263864119256478347e-01
1.601908629916118931e+00,-5.654280765255996322e+00,7.095712368011369842e-01
1.617377329294739763e+00,-5.640885617565253973e+00,8.906289116848926657e-01
1.630231409300990419e+00,-5.625026423465061320e+00,1.068599696448632175e+00
1.639588938918727035e+00,-5.606640456444927700e+00,1.249715554963680031e+00
1.644887840111289190e+00,-5.586593926079888917e+00,1.431109709048985712e+00
1.647137573377542852e+00,-5.565668018743094692e+00,1.607848846994174519e+00
1.645648561356456652e+00,-5.543975944972845404e+00,1.787758488218428976e+00
1.639925297827946826e+00,-5.522829969802852013e+00,1.967819429986477076e+00
1.630398545607883332e+00,-5.502795291839041703e+00,2.148911455078663657e+00
1.616947446001696154e+00,-5.484105816680156842e+00,2.332562467531592354e+00
1.600443160781424456e+00,-5.467913286606877143e+00,2.516107937509382886e+00
1.581427107673571086e+00,-5.454838557992134795e+00,2.698832811006256271e+00
1.560008690781583995e+00,-5.444951570036226762e+00,2.885470919003287449e+00
1.537532833516372488e+00,-5.438767736735996117e+00,3.068882404407383913e+00
1.514599772107446674e+00,-5.436941864752516729e+00,-3.029894072159919016e+00
1.491846948888407853e+00,-5.439001869054259863e+00,-2.845114754953801839e+00
1.470090326830726379e+00,-5.445236709219970272e+00,-2.661217757688738583e+00
1.449385394912011460e+00,-5.455260150354322768e+00,-2.475799308253198827e+00
1.431200797273040282e+00,-5.468471793055501351e+00,-2.290868922217649928e+00
1.415902241912819548e+00,-5.484557900663136643e+00,-2.106783451718665656e+00
1.403744387568872432e+00,-5.503039389404961845e+00,-1.921147231518868903e+00
1.395093429363312598e+00,-5.523272387146375806e+00,-1.733939783654670830e+00
1.390538863265762259e+00,-5.543774745380120272e+00,-1.552269312213717223e+00
1.390150143788001280e+00,-5.564861853593468410e+00,-1.366424820967986564e+00
1.393426028598979016e+00,-5.585797186230991862e+00,-1.183119352643626998e+00
1.400607335473121884e+00,-5.605892223892966264e+00,-1.001205082641927646e+00
1.411396321377051066e+00,-5.624206548322959520e+00,-8.175318568827912857e-01
1.426038890025864925e+00,-5.640106321699716041e+00,-6.333657763925758521e-01
1.442905047476094715e+00,-5.652697514903715970e+00,-4.508636304633364955e-01
1.462284035651515435e+00,-5.662501623172300214e+00,-2.665061380044131401e-01
1.483252934388838318e+00,-5.668553516982067997e+00,-8.232735073637954815e-02
1.505176527128863517e+00,-5.671204622468150269e+00,9.389580386059541428e-02
1.527236991317532988e+00,-5.670043416915536483e+00,2.711933876322731307e-01
1.548656359979881048e+00,-5.665279994979496081e+00,4.494825423708870282e-01
1.568326792466378627e+00,-5.656784826655018250e+00,6.277344960069841662e-01
1.586148485335238334e+00,-5.644951520864442962e+00,8.068560096061487830e-01
1.601717928022256432e+00,-5.630479167823767561e+00,9.838940787455056070e-01
1.614057446791486994e+00,-5.613612961085510555e+00,1.161439301698602877e+00
1.623033604515328632e+00,-5.594393947870246464e+00,1.339185434911931427e+00
1.627594334046800206e+00,-5.574098761418563974e+00,1.517469515081609543e+00
1.628773466418400817e+00,-5.553079627574178723e+00,1.694478012497465214e+00
1.626150509224921326e+00,-5.532057363681656348e+00,1.870520216254143886e+00
1.619902229312065067e+00,-5.511723342631255740e+00,2.046033008516830343e+00
1.609856094581043395e+00,-5.492704256912116278e+00,2.223792357740709935e+00
1.596233623149060588e+00,-5.475238440811264873e+00,2.405174758290713921e+00
1.578579148294309453e+00,-5.460395748329645471e+00,2.591269432501368097e+00
1.557721244900834856e+00,-5.449176323786191212e+00,2.780159254755774523e+00
1.534963753363457695e+00,-5.441339522405807649e+00,2.970050838320410502e+00
1.511225250067282699e+00,-5.437039056623184763e+00,-3.127622953491679514e+00
1.487595346885515868e+00,-5.437362084854698629e+00,-2.940656587833091695e+00
1.464439886952894287e+00,-5.441944347230180057e+00,-2.752486734359643084e+00
1.442361057719283135e+00,-5.450280863205886561e+00,-2.566758485577585791e+00
1.422084160036232170e+00,-5.462348569838504808e+00,-2.377291676424568845e+00
1.395268040949361188e+00,-5.488670463787215681e+00,-2.187812282338970959e+00
1.372298200274829627e+00,-5.521569512860702744e+00,-2.005583583285924121e+00
1.355547043118595862e+00,-5.557903882398161244e+00,-1.817628791648665754e+00
1.346233962359598912e+00,-5.594433501147960897e+00,-1.638709491233283799e+00
1.344047510558642466e+00,-5.632884433286804438e+00,-1.450133830229850096e+00
1.348617421875771383e+00,-5.670770062955297952e+00,-1.266713912882161397e+00
1.359859666367886577e+00,-5.705947932403494960e+00,-1.083594186330625098e+00
1.378089960481902798e+00,-5.739281666023893003e+00,-8.989075239576594933e-01
1.400981764536024299e+00,-5.767010216685952706e+00,-7.159984622924702169e-01
1.429195822111906766e+00,-5.789834257067590251e+00,-5.332777265899479868e-01
1.461447057545063766e+00,-5.807250425469015376e+00,-3.435925758201361924e-01
1.495889843369782035e+00,-5.817550761261715664e+00,-1.616029245544331194e-01
1.532762435801512169e+00,-5.821347171331906267e+00,2.803851130885513798e-02
1.569972291666222874e+00,-5.818360217935866885e+00,2.093400960290969226e-01
1.605361745149578745e+00,-5.808834206969134328e+00,3.882935945628067653e-01
1.639860447184609438e+00,-5.792669207844673096e+00,5.703577012463967311e-01
1.651677624137037004e+00,-5.787057179204817992e+00,7.520857298470629004e-01
1.652879375887532865e+00,-5.788662961194925849e+00,9.348001667866211450e-01
1.654206072299136743e+00,-5.789507354085301927e+00,1.120618316799944170e+00
1.655432937144616590e+00,-5.789794956757657651e+00,1.296692228842748928e+00
1.656257525434326805e+00,-5.789423959998732272e+00,1.472137566340329773e+00
1.657585195390700816e+00,-5.788611873567367283e+00,1.673969298315841625e+00
1.658790028784838944e+00,-5.787827008260642003e+00,1.850949082196522433e+00
1.659629346311005893e+00,-5.785888537024835188e+00,2.089277886934574280e+00
1.659693793462234224e+00,-5.784144754980171221e+00,2.270092319630551359e+00
1.659108969165327574e+00,-5.782334406773807167e+00,2.445313109080943459e+00
1.658475791972918278e+00,-5.780484876610454847e+00,2.641353970844469767e+00
1.657485229875817145e+00,-5.778441072349103536e+00,2.849737040515384123e+00
1.656095357197081119e+00,-5.776822357271281128e+00,3.031682804957633426e+00
1.654256042432246998e+00,-5.775134836613856848e+00,-3.043336682506132096e+00
1.652102842866137955e+00,-5.773858496954012764e+00,-2.861746821682259245e+00
1.649608130370454395e+00,-5.772292017535891162e+00,-2.653217356799983495e+00
1.640266474230395621e+00,-5.775852264029815331e+00,-2.501028069056602021e+00
1.555566800511422043e+00,-5.839733328449274730e+00,-2.501701528521701245e+00
1.469125657301691534e+00,-5.904865799994797548e+00,-2.501601587279175032e+00
1.456919912281185781e+00,-5.912135605101624947e+00,-2.327747093051125038e+00
1.454318405876932507e+00,-5.911726684119342323e+00,-2.131335934886966044e+00
1.451463976613025064e+00,-5.911951966674754644e+00,-1.921872674355742605e+00
1.448955497785344493e+00,-5.912393364487022573e+00,-1.743614593998371598e+00
1.446218930700240879e+00,-5.913682644297350244e+00,-1.530546819118981938e+00
1.443615800503207813e+00,-5.916668359218353324e+00,-1.355732218018143476e+00
1.464265325881342727e+00,-5.996989287426646165e+00,-1.206744715810604385e+00
1.485276142835421531e+00,-6.044225043128928831e+00,-1.023757427506946982e+00
1.494514435976595390e+00,-6.059314609543772434e+00,-1.093144678805281433e+00
1.513978325135472147e+00,-6.092178739617459371e+00,-9.459635140765386696e-01
1.573132571447215966e+00,-6.177286501387853512e+00,-9.454460882635109531e-01
1.632171595271519671e+00,-6.261950728464975136e+00,-9.444171636374040224e-01
1.693360884114545550e+00,-6.347691616860599240e+00,-9.417987984360491893e-01
1.705338063553862193e+00,-6.363897237189936718e+00,-1.129051729765460532e+00
1.706285311364269530e+00,-6.363657152044684295e+00,-1.304365556847890684e+00
1.707658830945237405e+00,-6.363245820841685330e+00,-1.537813670888658057e+00
1.709477581697408155e+00,-6.363072810333601836e+00,-1.729949489800750140e+00
1.712174799949524262e+00,-6.363381158193218035e+00,-1.921671097706107556e+00
1.713907148210119802e+00,-6.364122353686910927e+00,-2.117627106988297925e+00
1.716269274656061494e+00,-6.364653968596934774e+00,-2.301337545880413948e+00
1.718451345330952895e+00,-6.365786074095789893e+00,-2.528831837092646584e+00
1.720696956320550086e+00,-6.367829275176799086e+00,-2.799438141815997483e+00
1.721960027274669569e+00,-6.370199154557419696e+00,-3.048792006341163319e+00
1.723047770292969849e+00,-6.372479067423759247e+00,3.046575592568580682e+00
1.724052267329205357e+00,-6.374336917875006669e+00,2.840263098561137678e+00
1.724390397909612682e+00,-6.376323746506701085e+00,2.654140321500261912e+00
1.724954368422270790e+00,-6.379546538384236243e+00,2.385973784861814995e+00
1.724322518388933023e+00,-6.381600177953460573e+00,2.198548533009846651e+00
1.723147777821736337e+00,-6.384042877317821052e+00,1.985424373024392120e+00
1.721658899666679066e+00,-6.385970204221884217e+00,1.798386670933042497e+00
1.719821720676170118e+00,-6.387448747969824758e+00,1.624023716607309709e+00
1.717429360738122579e+00,-6.388652800207063720e+00,1.437293910413827147e+00
1.714511213129330969e+00,-6.389054193149695138e+00,1.222466559833813804e+00
1.711431351464444139e+00,-6.389012037808178945e+00,1.036479459499519695e+00
1.708855425686657048e+00,-6.388428682718634732e+00,8.616678716992696163e-01
1.705765586567209890e+00,-6.388075138412697918e+00,6.811367592466638365e-01
1.702768191975903234e+00,-6.387093910429270771e+00,4.799611527393884414e-01
1.699864367107525975e+00,-6.385154021056772322e+00,2.363425525204476962e-01
1.697208555130828023e+00,-6.383252633374492113e+00,-9.815493389496427953e-03
1.695254760388325233e+00,-6.381843914533772200e+00,-1.901139219572661743e-01
1.693367636000255638e+00,-6.379545583349516491e+00,-4.147567274061472187e-01
1.692030309790512943e+00,-6.377514476933113130e+00,-6.376553174907969579e-01
1.691208595800769210e+00,-6.375427855152982382e+00,-8.796010342592639475e-01
1.691406389588424375e+00,-6.373530825465563154e+00,-1.086046845221675605e+00
1.691974636105529450e+00,-6.372077875453855178e+00,-1.290326277658113252e+00
1.693198998047621640e+00,-6.370818324175735903e+00,-1.497245410055830561e+00
1.694317571003390865e+00,-6.370456038975146562e+00,-1.682925229096755571e+00
1.694733256544159294e+00,-6.372663321195585873e+00,-1.653245846018082110e+00
1.693011841401209194e+00,-6.374867274078728663e+00,-1.472602892420534548e+00
1.691631686607422136e+00,-6.377668837694213444e+00,-1.281247002260663237e+00
1.690281456391001136e+00,-6.379786587858125024e+00,-1.097135267472514997e+00
1.689505260113201679e+00,-6.382376482377506655e+00,-9.195187308222635414e-01
1.755229923753878873e+00,-6.458058371003343900e+00,-7.795098397765628517e-01
1.830946429044899570e+00,-6.525197560730870983e+00,-6.569790209693970873e-01
1.914779841753033063e+00,-6.585710586922408183e+00,-6.069219520373945187e-01
1.999739172722297065e+00,-6.646968517064451021e+00,-6.091083675733438563e-01
2.040062927007300075e+00,-6.675799851076558156e+00,-7.776224980369774720e-01
2.040133523395889270e+00,-6.675540563027113627e+00,-9.695169100913121341e-01
2.040501346126847082e+00,-6.674762685020859010e+00,-1.149736682656071096e+00
2.041894887305440776e+00,-6.674334689112582986e+00,-1.333829636737612567e+00
2.043362038435131200e+00,-6.673843785348208435e+00,-1.535691059037305184e+00
2.045173695702737771e+00,-6.673927739447261587e+00,-1.717395621904044711e+00
2.047281387271680853e+00,-6.674564392783185696e+00,-1.910165709941441303e+00
2.049151397723850465e+00,-6.675892600093169094e+00,-2.087390017608178994e+00
2.050950465756153029e+00,-6.677133722129039661e+00,-2.272112960823716943e+00
2.052923083904760748e+00,-6.678697425552273970e+00,-2.461130751990135757e+00
2.054758036949386746e+00,-6.680947627553464052e+00,-2.642084427074807174e+00
2.056438952271481213e+00,-6.683417602593003437e+00,-2.839005919222838958e+00
2.057534916095249855e+00,-6.686098465091689924e+00,-3.014865706227161990e+00
2.058632752848118752e+00,-6.688695408167673939e+00,3.088059774592380791e+00
2.059660723094224544e+00,-6.691173746515298504e+00,2.911847063487687404e+00
2.060311658043175509e+00,-6.693523846650617060e+00,2.736417602107950042e+00
2.060528313627755903e+00,-6.696006536375718632e+00,2.560352021186809157e+00
2.060037903912031343e+00,-6.699269309670113692e+00,2.361063774892851796e+00
2.058816883795523633e+00,-6.701977039565313987e+00,2.161760789171713437e+00
2.057292172882367876e+00,-6.704697809619263538e+00,1.962394153907021543e+00
2.055110844149450333e+00,-6.707153852173603603e+00,1.788510271960844555e+00
2.052703472674675123e+00,-6.709560878448299626e+00,1.593625603360113496e+00
2.049790889571847075e+00,-6.711646967114286433e+00,1.406011557358783026e+00
2.047032851110556884e+00,-6.713124620265129572e+00,1.228620480414639671e+00
2.044286563735154605e+00,-6.714182521922815283e+00,1.055565310588598482e+00
2.041014988324314938e+00,-6.715128259605052996e+00,8.581062108397393695e-01
2.037537367240587205e+00,-6.715384902935176648e+00,6.638793074806246253e-01
2.034585224817935689e+00,-6.715365887291212310e+00,4.896168365993422422e-01
2.031880017136821870e+00,-6.714876655765359637e+00,3.179926722826200702e-01
2.029183693764872842e+00,-6.714429723152139928e+00,1.460194225923177047e-01
2.026850586582963576e+00,-6.714177647933504467e+00,-2.997456534270599021e-02
2.024620490924432747e+00,-6.713862085373263788e+00,-2.056410843036472202e-01
2.049415902353969976e+00,-6.723564424294282027e+00,-2.609639743042951321e-01
2.073313119119085890e+00,-6.731534112882000542e+00,-2.904464588597182040e-01
2.086772934705496407e+00,-6.738166103369213289e+00,-4.499965105909909391e-01
2.175282602807862453e+00,-6.784776902211664407e+00,-4.442059438276772521e-01
2.261803841606845999e+00,-6.828237055017220669e+00,-4.275279107417488400e-01
2.304419426028339490e+00,-6.848717988397415191e+00,-5.884549246816066503e-01
2.302619620544156476e+00,-6.848463566957476267e+00,-7.788558738439312901e-01
2.301745865628012755e+00,-6.847705023578199324e+00,-9.769931047493042309e-01
2.301604976388747836e+00,-6.846633644910678385e+00,-1.182930646897803584e+00
2.301682717657920207e+00,-6.845968764626419123e+00,-1.354794816769117505e+00
2.302486502352245612e+00,-6.844976489232965200e+00,-1.570050153181903330e+00
2.303581046495700502e+00,-6.844512259822916000e+00,-1.781570881463093503e+00
2.304929895374101090e+00,-6.844795520203403427e+00,-1.975813135132708620e+00
2.306671078582751111e+00,-6.845143391012125100e+00,-2.157329589301529182e+00
2.307963359243285772e+00,-6.846193088919521941e+00,-2.360763781157074526e+00
2.309787493429868999e+00,-6.847893896173268047e+00,-2.582965423690212425e+00
2.310924926337162066e+00,-6.849898172069017299e+00,-2.777787253028037640e+00
2.311897867425924513e+00,-6.851877778104928041e+00,-2.971942416052341773e+00
2.312508423560418525e+00,-6.854339703959439589e+00,3.086355517364488321e+00
2.313343692137183272e+00,-6.856632353593602680e+00,2.877123272935068865e+00
2.313585983778683186e+00,-6.859265321632270762e+00,2.653913740273819322e+00
2.313235102176642854e+00,-6.861788552843015587e+00,2.460090226619090714e+00
2.312034925523046347e+00,-6.864819659664211926e+00,2.238077834844390601e+00
2.310125890787496861e+00,-6.867342659230128099e+00,2.028364791870303385e+00
2.308349942097365215e+00,-6.869207604149579538e+00,1.834731462952253089e+00
2.305876499591791529e+00,-6.871186891294247978e+00,1.640528304533620529e+00
2.302651371417496762e+00,-6.873181119767752811e+00,1.455189958175760800e+00
2.300314582435282862e+00,-6.873991813877584178e+00,1.631117070346131959e+00
2.299368189256415729e+00,-6.875480487755846859e+00,1.773700625032573752e+00
2.298698302624554213e+00,-6.878442293921429140e+00,1.577446162782902839e+00
2.297199025644974579e+00,-6.880727462565143782e+00,1.368708160962949671e+00
2.295327638075225440e+00,-6.882576633444855929e+00,1.179254564616238010e+00
2.293507362036836916e+00,-6.884120989083881703e+00,9.649917630322378814e-01
2.291815105867498925e+00,-6.885388799830126416e+00,7.625959803402915238e-01
2.289961913934621673e+00,-6.886052951066425010e+00,5.726043373844019735e-01
2.288668957825624517e+00,-6.886741747308209760e+00,3.889928513979859503e-01
2.287453742061333450e+00,-6.886877244229444806e+00,1.978701104628285135e-01
2.286518514520500922e+00,-6.887091670283079559e+00,1.094174401903648744e-02
2.319139460963700827e+00,-6.889327145662404561e+00,-1.190940653822390310e-01
2.350227313718644240e+00,-6.892355769720534653e+00,1.034148959494573909e-02
2.352013598525699134e+00,-6.890954503111647256e+00,-1.786131329757529584e-01
2.353380314886370783e+00,-6.889618312138248157e+00,-3.680755840655621225e-01
2.354371555654289239e+00,-6.888122743111093627e+00,-5.461344430639072378e-01
2.358485668132046964e+00,-6.888403280407501050e+00,-4.959580931825215422e-01
2.364335540448293305e+00,-6.889369268446863259e+00,-3.232754960011345879e-01
2.368780097225258174e+00,-6.888067810439223670e+00,-4.554717663938254724e-01
2.370935687749610832e+00,-6.886319650325916975e+00,-6.489723060499378304e-01
2.372954101841628027e+00,-6.884516628996002474e+00,-8.337280185439178704e-01
2.444276939405026106e+00,-6.959271375919304781e+00,-8.752901358217888284e-01
2.463504771275216942e+00,-6.972667922410917818e+00,-1.060826457632412456e+00
2.465951279648573191e+00,-6.972079472564437275e+00,-1.258359224705224433e+00
2.467854194017541136e+00,-6.971662416623876091e+00,-1.456768029771136286e+00
2.471067362930892575e+00,-6.971528912541613110e+00,-1.669600541173012598e+00
2.473677247873553142e+00,-6.972047233717384884e+00,-1.857782115246813470e+00
2.476947358354535389e+00,-6.973161674132576593e+00,-2.054653124354718141e+00
2.479956510876187181e+00,-6.975117726547057195e+00,-2.283728403040654609e+00
2.483395950172647471e+00,-6.976969304172630615e+00,-2.505930414356841052e+00
2.486811319994002289e+00,-6.979056775882371610e+00,-2.738708569031169660e+00
2.489599899418891482e+00,-6.981262476069661105e+00,-2.957424056785841415e+00
2.491993386937198629e+00,-6.984030963369686873e+00,3.094114602394733904e+00
2.494325733752237984e+00,-6.986582942428269050e+00,2.874326759509115536e+00
2.417958453101619387e+00,-6.959545649073817231e+00,2.686768961760229502e+00
2.387118590308171751e+00,-6.940059874028829512e+00,2.496799448121381104e+00
2.311834104326491168e+00,-6.877910597960989136e+00,2.430778576958081860e+00
2.232349070858678619e+00,-6.819915111465154389e+00,2.504449418306651243e+00
2.154382874565457406e+00,-6.764838484540008245e+00,2.489481333919237649e+00
2.076095715189926860e+00,-6.706774630081957511e+00,2.477776801905597903e+00
1.996592476205056643e+00,-6.647254594889049351e+00,2.482903761553191035e+00
1.911897984234322445e+00,-6.585090336472447348e+00,2.490072463280524673e+00
1.830636637647414577e+00,-6.524958043318742185e+00,2.490794290822437862e+00
1.753439266850024492e+00,-6.459829900039472328e+00,2.374941692377425806e+00
1.715799377351324706e+00,-6.414109396915226746e+00,2.194402844732993518e+00
1.683676149947566536e+00,-6.353302067057593483e+00,2.018561599713386556e+00
1.643350080806029734e+00,-6.262746814314499311e+00,2.003118147378776914e+00
1.604085960317947368e+00,-6.167836159110374972e+00,1.937712875117426847e+00
1.591361429970709063e+00,-6.114134777009613941e+00,1.756224423439107563e+00
1.587216248490530557e+00,-6.039545347890880933e+00,1.578505665325894203e+00
1.593439461962913306e+00,-5.986476655221389720e+00,1.399623122832712507e+00
1.614499199045177136e+00,-5.918573748937572709e+00,1.233702323193813122e+00
1.643634384413220406e+00,-5.835787800674658854e+00,1.083216810453065948e+00
1.641269714303757343e+00,-5.834634250693888191e+00,9.279143034553901659e-01
1.640236599661313077e+00,-5.833830849858379963e+00,7.385251936510188742e-01
1.638901355955549644e+00,-5.832939204739630235e+00,5.552337687357211671e-01
1.638671176192457724e+00,-5.832847951929856833e+00,5.305552136471309854e-01
1.640887615270404165e+00,-5.833860690272896221e+00,7.296015092862851992e-01
1.643206133366055255e+00,-5.835091088222086775e+00,9.268284217257987123e-01
1.645602650713161363e+00,-5.835221548911089684e+00,1.110463241297342529e+00
1.648242466209472123e+00,-5.835219826298123635e+00,1.290913498043809726e+00
1.657104447575584061e+00,-5.807724719437617367e+00,1.393045161892857431e+00
1.663471698548556255e+00,-5.786141071137726577e+00,1.202555853515328899e+00
1.664424663981042940e+00,-5.785395944389079226e+00,1.191912714145539898e+00
