x,y,theta
2.972473923994038980e-01,-1.256513096058631707e+00,-8.482639691086181211e-01
3.419032402829819683e-01,-1.310454221933996299e+00,-7.001262515582350465e-01
3.436653511284263329e-01,-1.311266065539704373e+00,-4.926704918185675908e-01
3.450088682047885991e-01,-1.312930608943195132e+00,-2.926607927003875842e-01
3.463691302546960671e-01,-1.313865156497866504e+00,-6.289319048652224076e-02
3.474310343647377675e-01,-1.315046307166785944e+00,1.147574374001999742e-01
3.495818531274311747e-01,-1.316536995753793127e+00,3.768595341098651685e-01
3.515364285190373250e-01,-1.318364470757477980e+00,5.836684494806397838e-01
3.536769243946334962e-01,-1.319119155126638576e+00,7.679495570049548192e-01
3.635334501467264445e-01,-1.323109829899118406e+00,8.592097166274088593e-01
3.632354473492231395e-01,-1.322365441429367960e+00,6.825838882957002696e-01
3.633830979208866330e-01,-1.323553429668680614e+00,6.497378231893270462e-01
3.666443391763334336e-01,-1.325863514552148459e+00,8.378824831242386306e-01
3.695670215820666682e-01,-1.326985904959799401e+00,1.019324340158009434e+00
3.716382923752675205e-01,-1.327473978219392281e+00,1.197508492024068838e+00
3.739885423917004292e-01,-1.327734637572919763e+00,1.374716069119739537e+00
3.766294628832053126e-01,-1.327439298243355603e+00,1.574153598894248329e+00
3.792020421298959998e-01,-1.327076040885025732e+00,1.752015714742341190e+00
3.822899942843808740e-01,-1.326829137906873957e+00,1.950698098313043305e+00
3.835717454263481985e-01,-1.325798742229909122e+00,2.152954099392146325e+00
3.848105231398544213e-01,-1.324607790956514819e+00,2.355322962818479748e+00
3.853908767678847491e-01,-1.323741040257523816e+00,2.536344094282102279e+00
3.855244368676812305e-01,-1.322614432662106987e+00,2.738849973247695413e+00
3.853966623104009837e-01,-1.321220060144585595e+00,2.938748724452161731e+00
3.850916212154592566e-01,-1.320492244159273465e+00,3.129462693742796731e+00
3.847940887772191010e-01,-1.320798575687412324e+00,-2.975917253931452677e+00
3.850172779832556347e-01,-1.319707486880731029e+00,-2.799728446958944517e+00
3.845311664206846891e-01,-1.319578674811272556e+00,-2.615968885736928318e+00
3.837272555721412681e-01,-1.320091045742546987e+00,-2.415307417842966764e+00
3.828716111516765608e-01,-1.320431282063192491e+00,-2.237889284791246158e+00
3.818559542550457042e-01,-1.320218583951404678e+00,-2.061709590747637488e+00
3.810060548195949859e-01,-1.321112479519983118e+00,-1.883471893913288397e+00
3.794604398600791018e-01,-1.322193678846889098e+00,-1.680803904931551740e+00
3.790131655660370913e-01,-1.324749475466284743e+00,-1.478848369337979030e+00
3.782052272698570583e-01,-1.326835065857975282e+00,-1.276931688992035019e+00
3.787138866229742273e-01,-1.329331650316272428e+00,-1.075816736255118977e+00
3.797742977697459166e-01,-1.331978069762905115e+00,-8.718936201031992628e-01
4.521118124647467429e-01,-1.406894942904638457e+00,-7.771505842875249259e-01
5.252196832121338588e-01,-1.480646583754505530e+00,-7.764306039891034628e-01
5.978908431662329770e-01,-1.554757879787422636e+00,-7.766156667712862394e-01
6.708798899504357927e-01,-1.628369518266498561e+00,-7.782806341336420131e-01
7.444531128031449674e-01,-1.703507582671017095e+00,-7.771170015507993245e-01
7.621516696855290540e-01,-1.724192307831986959e+00,-6.033077464111281651e-01
7.633846876138256077e-01,-1.725836771620536725e+00,-6.654639659754121306e-01
7.625514179693200223e-01,-1.725943670627731352e+00,-8.478965875517771034e-01
7.624107695850573796e-01,-1.725683611799656125e+00,-1.029537483444943335e+00
7.636540979302198773e-01,-1.725358706714528623e+00,-1.211918739792485766e+00
7.645512818198586524e-01,-1.725013508294654052e+00,-1.393453475673711583e+00
7.657681549489853134e-01,-1.724947137448586743e+00,-1.581752283291441685e+00
7.664462389479612670e-01,-1.724670742723486194e+00,-1.756337182709736267e+00
7.675816870142221360e-01,-1.724928159937779704e+00,-1.937938421719973325e+00
7.687771827903038258e-01,-1.725672528372536041e+00,-2.121122946989013158e+00
7.110400814807682490e-01,-1.806573261848816836e+00,-2.232613946769947066e+00
6.482763639439572678e-01,-1.887855487945442112e+00,-2.235291367774501659e+00
5.847824715547413899e-01,-1.968645223606020789e+00,-2.238494865709000248e+00
5.624160833582390051e-01,-1.994814928887877814e+00,-2.060745506027820362e+00
5.594438757696469366e-01,-1.995664704867821104e+00,-1.877981838876070952e+00
5.574326022678122161e-01,-1.997288282652574853e+00,-1.705604101361342106e+00
5.548621286595768476e-01,-1.999120023555243320e+00,-1.525703535555620327e+00
5.533034525033019291e-01,-2.001204727841520814e+00,-1.351857387067283423e+00
5.519124112525427561e-01,-2.002844806014055123e+00,-1.298198916801246661e+00
5.517447869767425628e-01,-2.001830071465468208e+00,-1.479890039705684224e+00
5.527443300599553799e-01,-2.001771640649689488e+00,-1.658698523562498250e+00
5.528012990844760610e-01,-2.001224904306932562e+00,-1.844980759842056006e+00
5.545485828882971147e-01,-2.002638516983772377e+00,-2.027428067502889064e+00
5.554858724790636693e-01,-2.002326231801941692e+00,-2.222415483629921695e+00
4.896893514083606180e-01,-2.078428878048673489e+00,-2.296831742156532297e+00
4.815495248844228748e-01,-2.083678327303482902e+00,-2.125734202034823550e+00
4.789462404199129608e-01,-2.082908711464622975e+00,-1.945258990350317019e+00
4.763429712511846881e-01,-2.083181317154818135e+00,-1.758389824093532727e+00
4.760372262744794192e-01,-2.084995442478255523e+00,-1.581069132455353188e+00
4.751426284415247725e-01,-2.085948173571941400e+00,-1.405754841619497375e+00
4.743531047052892413e-01,-2.087316874442476156e+00,-1.223758472817443765e+00
4.738492577219017843e-01,-2.088775876985641045e+00,-1.036174315593057615e+00
4.748472619876272782e-01,-2.090357855795058395e+00,-8.611150231580522174e-01
4.760075466025677215e-01,-2.092046947039972959e+00,-6.741282419872266507e-01
4.782080877816606845e-01,-2.093477783129895631e+00,-4.859437640417799686e-01
4.800507836392847727e-01,-2.094902050008860428e+00,-3.073275261179616025e-01
4.822785650802781099e-01,-2.096348828517351937e+00,-1.193558173062733152e-01
4.844556642793893531e-01,-2.098095586637035215e+00,4.933402741428959126e-02
4.863981731725365298e-01,-2.099809620730229476e+00,2.258113424387408197e-01
4.883032423186198789e-01,-2.101824306766526096e+00,4.119891423841732792e-01
4.904286475615766139e-01,-2.102769945316649292e+00,5.885416889762933312e-01
4.929900908004624105e-01,-2.105164511311275799e+00,7.752951975537901719e-01
4.958466617800738052e-01,-2.107286933439119547e+00,9.601606941593432420e-01
4.987373324502703542e-01,-2.108379525389403764e+00,1.147257612295913720e+00
5.007721775862379321e-01,-2.108553523599718371e+00,1.324698076335681263e+00
5.029790810801609835e-01,-2.107908602887833549e+00,1.513258740075035913e+00
5.036577448136364543e-01,-2.106740525503147943e+00,1.700724941033381565e+00
5.052799437183063125e-01,-2.105590761312914783e+00,1.877752645137315435e+00
5.064679335115040981e-01,-2.104472634930181218e+00,2.058784207483347117e+00
5.062244042100341179e-01,-2.103653572641818403e+00,2.238828116827322301e+00
5.059071046075834799e-01,-2.102355473708101385e+00,2.415649795806999123e+00
5.048590981585246995e-01,-2.101396689167727150e+00,2.601476664780943526e+00
4.167661899454730423e-01,-2.057395171057527783e+00,2.670052447398884254e+00
3.555583248762612114e-01,-2.022419233211116829e+00,2.815711432364297107e+00
3.559886685493358072e-01,-2.024600692993777429e+00,2.656732427590449586e+00
3.570889752153638130e-01,-2.026910395161649170e+00,2.473091332333828163e+00
2.842698169486800874e-01,-1.962828300552614369e+00,2.415961878198391588e+00
2.081235253100622851e-01,-1.895883148790450390e+00,2.424860617054784395e+00
1.300422092376302685e-01,-1.830207938464541106e+00,2.432785874467406462e+00
5.116305135956498301e-02,-1.764265104254464811e+00,2.441550927068595112e+00
-2.803090980030224777e-02,-1.699819834756164605e+00,2.447331756123329871e+00
-3.156034450562695409e-02,-1.696276993407439315e+00,2.627910888880562901e+00
-3.174068661415490461e-02,-1.697599682274027799e+00,2.446881345734150504e+00
-3.221908950746560363e-02,-1.699488781469305598e+00,2.264795052712939682e+00
-3.294231966015915419e-02,-1.701739217041576380e+00,2.080372023965824990e+00
-3.431776189623135520e-02,-1.703559267526689291e+00,1.892333745492821073e+00
-3.620045376418019878e-02,-1.705512769080879343e+00,1.712496554961768336e+00
-3.893845933614525218e-02,-1.707012738898890492e+00,1.527165911814635679e+00
-4.142261698514678597e-02,-1.708482655839400621e+00,1.342211803377099555e+00
-4.422371724284186734e-02,-1.709561967806417560e+00,1.155693595579135868e+00
-4.717064582178901594e-02,-1.710107179352926332e+00,9.751344087303559505e-01
-5.032310091742681069e-02,-1.709842493383328277e+00,7.889814000702289887e-01
-5.364695473119798774e-02,-1.709171048107325230e+00,6.051334680250994857e-01
-5.668384249027785815e-02,-1.708159564342570214e+00,4.208013508511689871e-01
-5.970770427718335299e-02,-1.706803378790226144e+00,2.389516974344787492e-01
-6.247098571149418272e-02,-1.705213601818615032e+00,6.414586381402123672e-02
-6.506679072463431024e-02,-1.703595416022192888e+00,-1.205017376581075939e-01
-6.780678820825319919e-02,-1.702382458154746425e+00,-3.092967215805119685e-01
-6.975092223026677085e-02,-1.700276074297863094e+00,-4.973279310124655295e-01
-7.134488026817234485e-02,-1.698435855194927457e+00,-6.789508591831975304e-01
-7.240255143463403265e-02,-1.696818978506682729e+00,-8.586193181348396042e-01
-7.339237967315472011e-02,-1.695198111836488719e+00,-1.039096183184637257e+00
-7.389031254708400276e-02,-1.694013651714312951e+00,-1.217103616118407672e+00
-7.416940095082917572e-02,-1.692759946669081250e+00,-1.401100186046910556e+00
-7.387392714064230925e-02,-1.691859274421628312e+00,-1.579223918295644014e+00
-7.313051231528855389e-02,-1.690745832666841864e+00,-1.761713017988143948e+00
-7.210149294739655323e-02,-1.690231442630851788e+00,-1.938991948359322315e+00
-7.060580730258393667e-02,-1.689972058497064555e+00,-2.124792419125630438e+00
-6.804094395115480032e-02,-1.693655459128183383e+00,-2.288792631929300381e+00
-1.348829235465293652e-01,-1.772444092002768201e+00,-2.283768245086710280e+00
-2.007937969168606396e-01,-1.849856414931361215e+00,-2.278959347286134474e+00
-2.649092655413389785e-01,-1.929750485942610005e+00,-2.271931838869070575e+00
-3.300618689119334537e-01,-2.008970843848135068e+00,-2.267040354416648196e+00
-3.759947838712379697e-01,-2.070590449493431517e+00,-2.423953337109407080e+00
-3.743816936630248726e-01,-2.072915681357466955e+00,-2.607741752697527726e+00
-3.730309385590820925e-01,-2.075491708359187726e+00,-2.788189043793494193e+00
-3.718274383208815537e-01,-2.078087928548584706e+00,-2.974429824061977090e+00
-3.708540826844837768e-01,-2.080504142454749683e+00,3.126404087954625322e+00
-3.698315584728633088e-01,-2.083587585536155196e+00,2.938697030367734442e+00
-3.687194157789068782e-01,-2.086403489622842056e+00,2.741008013393305909e+00
-3.677990750224372496e-01,-2.088881107657360570e+00,2.554369889290818652e+00
-3.677145842733851588e-01,-2.091524444758089629e+00,2.372637405812387801e+00
-3.675308951998201845e-01,-2.094190699089847563e+00,2.186782917568633522e+00
-3.680700347293495711e-01,-2.096728021232996841e+00,1.988605943354714523e+00
-3.691936366671556558e-01,-2.098868936928393047e+00,1.798412907371135905e+00
-3.707408349055564822e-01,-2.100733166722116518e+00,1.618102810517347390e+00
-3.726577437692169537e-01,-2.101871255524993654e+00,1.434325546362549275e+00
-3.751983027108628521e-01,-2.103112282204968597e+00,1.218988875257665860e+00
-3.777480178102748387e-01,-2.103179797788998329e+00,1.035953357415543508e+00
-3.806093905260868326e-01,-2.102762541963063558e+00,8.367468050573257932e-01
-3.833488390409240942e-01,-2.102038875115261440e+00,6.528139492299280811e-01
-3.857581480608519020e-01,-2.100789299758723416e+00,4.724989109124225761e-01
-3.879128065171176809e-01,-2.099112243146168844e+00,2.856610284959358870e-01
-3.895812768304289797e-01,-2.097754521140791084e+00,7.450544762074567950e-02
-3.910399755193781912e-01,-2.096385725379535270e+00,-1.016310380149535175e-01
-3.924554184278357116e-01,-2.095082183027749512e+00,-2.837966750215788481e-01
-3.937554624254916424e-01,-2.093785038625692430e+00,-4.640014834873879557e-01
-3.949972679748933735e-01,-2.092373987343223884e+00,-6.498929354441519424e-01
-3.962427255334147191e-01,-2.091331913630346762e+00,-8.268603882877944011e-01
-3.970362213931792339e-01,-2.089885664303016810e+00,-1.006051169772071319e+00
-3.977826376250092610e-01,-2.088574088632406234e+00,-1.187956972220874263e+00
-3.977723830858361787e-01,-2.087461413732509374e+00,-1.372712180117176883e+00
-3.969788165932365831e-01,-2.086332928555249211e+00,-1.569233219569543536e+00
-3.956646932178959353e-01,-2.086156519378693730e+00,-1.756565392318059304e+00
-3.942385205936451142e-01,-2.085913168916407212e+00,-1.936907783515560588e+00
-3.931004571830867267e-01,-2.086354079095178893e+00,-2.113478899897776930e+00
-3.915354132359358252e-01,-2.087156311926732677e+00,-2.294142040523784676e+00
-3.899580204078683110e-01,-2.088823257039381875e+00,-2.481738855743704342e+00
-4.704373169138372224e-01,-2.147760625294664827e+00,-2.534280844166789226e+00
-5.539103198639362402e-01,-2.207451662458427943e+00,-2.531937619413350049e+00
-6.385018121133912983e-01,-2.267524216353044686e+00,-2.530280460554701349e+00
-7.229003895852621486e-01,-2.327619889800439879e+00,-2.530674722713435187e+00
-7.280833219367250919e-01,-2.328763351972772178e+00,-2.352963751140320969e+00
-7.290755395563814911e-01,-2.329841532394288706e+00,-2.168589576785838524e+00
-7.311961619509049770e-01,-2.330462401321007349e+00,-1.984084915040247310e+00
-7.333541074513880709e-01,-2.331401782311860682e+00,-1.803812383266628183e+00
-7.354947664503156401e-01,-2.334645506815984817e+00,-1.625271443250348113e+00
-7.372789737560389023e-01,-2.343934581616724078e+00,-1.443963844183441037e+00
-7.350694104083559388e-01,-2.364307526817438276e+00,-1.268793733811049540e+00
-7.013924776527660221e-01,-2.444590245566606868e+00,-1.147204466718051874e+00
-6.823089334776711867e-01,-2.516366802456246887e+00,-1.321747532596564412e+00
-6.740099816343204653e-01,-2.596698367516135697e+00,-1.496969934046576300e+00
-6.775155715081533359e-01,-2.663585214226195319e+00,-1.672912848664804164e+00
-6.863205705030023251e-01,-2.702262323308870062e+00,-1.845871682448091855e+00
-7.010147789734578749e-01,-2.738437237109480282e+00,-2.025230673015162797e+00
-7.218317640069678021e-01,-2.772947420198614843e+00,-2.201596094237464829e+00
-7.480124741543944245e-01,-2.803712804035083384e+00,-2.376121554455697726e+00
-7.897150874314511348e-01,-2.836754618676362583e+00,-2.550104300048724681e+00
-8.768220876344056114e-01,-2.891233748099806711e+00,-2.594101133119215863e+00
-9.324522571292469530e-01,-2.920768164844944614e+00,-2.770411341225610613e+00
-9.498662773166366424e-01,-2.927683986942212879e+00,-2.946734623461668257e+00
-9.668686374732897715e-01,-2.931139861562122029e+00,-3.120470956841259635e+00
-9.830866998010048263e-01,-2.931378110412973914e+00,2.993293918416984223e+00
-1.000089075465443234e+00,-2.928459675948371643e+00,2.818503713233370345e+00
-1.001233140973752267e+00,-2.928749447525197169e+00,2.876450289759629797e+00
-1.000076549468768450e+00,-2.930973310965199641e+00,2.693436527148753257e+00
-9.992151769551501639e-01,-2.933181701054467183e+00,2.507368994130636963e+00
-1.075572142798747022e+00,-2.874082661576671693e+00,2.480021205402139550e+00
-1.155890320781347569e+00,-2.810956994697595857e+00,2.480792295713112328e+00
-1.214954385941130699e+00,-2.767939905753013630e+00,2.306344288112734286e+00
-1.213845829620264549e+00,-2.764340864689866617e+00,2.437696681035832480e+00
-1.214352269697717812e+00,-2.760364299149202783e+00,2.618076340045390804e+00
-1.215073187272531774e+00,-2.756275068562478392e+00,2.804645799316972443e+00
-1.216213663185468530e+00,-2.753965470804985216e+00,2.990208266713129781e+00
-1.218088984961658738e+00,-2.753003829084050835e+00,-3.109845525607354055e+00
-1.220153442911200425e+00,-2.752540026469771917e+00,-2.922921316183928031e+00
-1.222576644773593735e+00,-2.752686402847766001e+00,-2.746979206163536524e+00
-1.225059792378281998e+00,-2.752619923633272681e+00,-2.559867947702018309e+00
-1.308822954955554341e+00,-2.813470833357222034e+00,-2.526180822875716103e+00
-1.347068380546431188e+00,-2.844524238754984946e+00,-2.684589565702576675e+00
-1.346198191159719837e+00,-2.847199433725941198e+00,-2.872291716210412016e+00
-1.344936634611008763e+00,-2.849685029780762324e+00,-3.064024727862067810e+00
-1.344202248285737866e+00,-2.852196669076311863e+00,3.039631007879848301e+00
-1.343859567286952661e+00,-2.855020485621752258e+00,2.864467969928299329e+00
-1.343483921546979820e+00,-2.857912522556979251e+00,2.686251140037329677e+00
-1.343227128357888489e+00,-2.860361450343595457e+00,2.509902622967398411e+00
-1.342492095567384025e+00,-2.862845766228613975e+00,2.311687188295007633e+00
-1.342918263003320511e+00,-2.865904375756302969e+00,2.130166115255345716e+00
-1.343057485061521783e+00,-2.868046006762605682e+00,1.944490229528369918e+00
-1.344352265112667366e+00,-2.870465824051642745e+00,1.762147779807466064e+00
-1.346097174305104005e+00,-2.872547664135754353e+00,1.580345055512123675e+00
-1.347874029941919849e+00,-2.874458356545765980e+00,1.403691782274867350e+00
-1.349882272085742851e+00,-2.875938334705350208e+00,1.227823595943061230e+00
-1.352268541071987462e+00,-2.876999473743984126e+00,1.049729345010560255e+00
-1.354697194351867751e+00,-2.877843918882875940e+00,8.673794196487012442e-01
-1.356877087449521513e+00,-2.878477662933045966e+00,6.899648616611664398e-01
-1.358989440417141870e+00,-2.879057431067934658e+00,5.117930836095246905e-01
-1.361113775211947319e+00,-2.878952762005430266e+00,3.348568745291478077e-01
-1.362578999626118836e+00,-2.878859243253477640e+00,1.527427262513671447e-01
-1.363980501336015116e+00,-2.878050862776911245e+00,-2.694442679309498254e-02
-1.365182572292131358e+00,-2.877417447236910508e+00,-2.030134828818879467e-01
-1.366152711615494342e+00,-2.877125427385732070e+00,-3.830429222632159014e-01
-1.367078556220678198e+00,-2.876720939729009885e+00,-5.650612382868167582e-01
-1.367950030491735136e+00,-2.876657402553099985e+00,-7.481430195280122097e-01
-1.366837513188116748e+00,-2.878298273287288822e+00,-9.423362376772402849e-01
-1.318758073821341137e+00,-2.966496624097891832e+00,-1.053980386815242198e+00
-1.269444201198154820e+00,-3.055156874698568448e+00,-1.053810693798663989e+00
-1.219129070446838048e+00,-3.147568973658731117e+00,-1.053991387679778624e+00
-1.181347046035359671e+00,-3.219147696133664915e+00,-8.969236554220364477e-01
-1.181261388472445217e+00,-3.219048474296756002e+00,-1.096901426789400169e+00
-1.180568240935384816e+00,-3.218491567688761990e+00,-1.276043066067759746e+00
-1.178967308642525191e+00,-3.217499195495391984e+00,-1.474183198210843315e+00
-1.176974368660935300e+00,-3.216634646768783856e+00,-1.656195158435481263e+00
-1.174762837670487281e+00,-3.216562591347841504e+00,-1.853836248873256931e+00
-1.172098365565553468e+00,-3.216943672482609706e+00,-2.068533167359497771e+00
-1.169283687208989564e+00,-3.217364120173811237e+00,-2.244674666146300179e+00
-1.166621170925982831e+00,-3.219632295275747236e+00,-2.413865931248171837e+00
-1.165010087452587273e+00,-3.221647796839541389e+00,-2.617990477043423692e+00
-1.163449543192287550e+00,-3.223337612587536594e+00,-2.798193797607289035e+00
-1.161995850292381061e+00,-3.226123088240124392e+00,-3.001886989027783059e+00
-1.160900880917821842e+00,-3.228616236701666864e+00,3.105004161792140671e+00
-1.159658559426970825e+00,-3.231165703932302957e+00,2.926131525015743140e+00
-1.158918538226207273e+00,-3.233464070931560297e+00,2.748154361879352248e+00
-1.158000037141471594e+00,-3.236543218615620443e+00,2.574426844999405883e+00
-1.157809728212506828e+00,-3.238429372956266761e+00,2.397831861827087963e+00
-1.157849343445198187e+00,-3.241607987009113678e+00,2.191396959712548220e+00
-1.158629009581974678e+00,-3.244030836109071281e+00,1.988682110379814683e+00
-1.159761501649761994e+00,-3.246356507813874082e+00,1.780866446892473309e+00
-1.161923079695270422e+00,-3.248641587571988065e+00,1.537359515063640103e+00
-1.164349693716493883e+00,-3.250097421478626902e+00,1.325022425268245874e+00
-1.167239087676356313e+00,-3.251261452814571129e+00,1.101477387003867214e+00
-1.170327118577573655e+00,-3.251178456116725179e+00,8.615054287292002178e-01
-1.173046992461562077e+00,-3.250774702483953948e+00,6.493258978257732128e-01
-1.175701074450824946e+00,-3.250085282103769568e+00,4.296401147466114567e-01
-1.178298714719081097e+00,-3.248517764861211354e+00,1.888689979290149590e-01
-1.180061862780563686e+00,-3.246443931496489466e+00,-2.854635918733345809e-02
-1.181290343714785696e+00,-3.244575042794108022e+00,-2.684716873724050656e-01
-1.182404072134828565e+00,-3.242719899652988680e+00,-4.798690642662570838e-01
-1.183138553507107282e+00,-3.240259719780856251e+00,-7.082521126538640077e-01
-1.143577693011142538e+00,-3.286005651823533213e+00,-8.605286139308315763e-01
-1.075854976622979686e+00,-3.366268523871716045e+00,-8.587836498442867894e-01
-1.006832970106908087e+00,-3.448492701812580385e+00,-8.584280842727673999e-01
-9.831510050194387507e-01,-3.479810997030007513e+00,-6.800417218691774401e-01
-9.830601233773768044e-01,-3.482693748485232721e+00,-4.955118907704720854e-01
-9.825157306942060575e-01,-3.485914619362957989e+00,-3.026357524058688742e-01
-9.815693034997345912e-01,-3.489253817615130870e+00,-1.263144670717238904e-01
-9.807824229177593001e-01,-3.492562183640676832e+00,4.890885975824564580e-02
-9.795790840838661806e-01,-3.495594459376452523e+00,2.249448914661185128e-01
-9.783280451530342869e-01,-3.498290713331098978e+00,4.039341022070512821e-01
-9.767513646774217406e-01,-3.500650235377163355e+00,5.815396899622654603e-01
-9.001587067836657186e-01,-3.441088329658549938e+00,7.010851269055735635e-01
-8.219574067943921092e-01,-3.377725763997021957e+00,6.992461000178751274e-01
-7.604390919395345172e-01,-3.326056935934036840e+00,5.399745016143904230e-01
-7.615958761055181547e-01,-3.326123369224335935e+00,3.467582810091974221e-01
-7.627628661992226222e-01,-3.325273633363571957e+00,1.552790983472280284e-01
-7.636155566605284939e-01,-3.324342492460984122e+00,-2.609583272203536836e-02
-7.644271302170994042e-01,-3.323393643260737385e+00,-2.122221509000646045e-01
-7.650970304474107309e-01,-3.322977954357491548e+00,-3.999572106398921467e-01
-7.656871322682625713e-01,-3.322484114889820095e+00,-5.767505572768659716e-01
-7.652140262755243727e-01,-3.320885353619379199e+00,-7.553542936483470527e-01
-7.644160577215208807e-01,-3.318785774994758242e+00,-9.357623364612412953e-01
-7.632187530763784311e-01,-3.317374668230812063e+00,-1.110749944545987855e+00
-7.618096991233309634e-01,-3.315718355937030015e+00,-1.295275961826137134e+00
-7.602359173855511854e-01,-3.314429307115625445e+00,-1.498730585110514157e+00
-7.585371618236533831e-01,-3.313530713339126521e+00,-1.674302286658421623e+00
-7.562203993914698996e-01,-3.312718624831729741e+00,-1.858202504025640467e+00
-7.533144083449411221e-01,-3.312426886253306169e+00,-2.061851710179904984e+00
-7.503496187116017735e-01,-3.312909538152633893e+00,-2.241843251221424804e+00
-7.479519051889068626e-01,-3.314477412972610448e+00,-2.424526503671859512e+00
-7.455439823275843425e-01,-3.315622619034058971e+00,-2.600004153693876940e+00
-7.430982264488797950e-01,-3.317278726597741034e+00,-2.817575744996495768e+00
-7.406171792635852791e-01,-3.319334392216064966e+00,-3.021691501526951207e+00
-7.387983548693752844e-01,-3.321119016530580836e+00,3.082089842150869341e+00
-7.369874690443610765e-01,-3.322865139514155075e+00,2.902503286309877417e+00
-7.354733666569587269e-01,-3.324855701149350917e+00,2.688952055145186204e+00
-7.344556228281688970e-01,-3.326976361637294044e+00,2.503553729327045119e+00
-7.336405279851612171e-01,-3.329242655529096151e+00,2.306713394821501950e+00
-7.329793267979350935e-01,-3.331158707947891262e+00,2.121971266417805868e+00
-7.331229787566337919e-01,-3.333186696575014540e+00,1.939472690290815704e+00
-7.626223363366380070e-01,-3.239975725811910401e+00,1.907376871791476969e+00
-7.945955370209731861e-01,-3.144382457337655090e+00,1.909170728412049378e+00
-8.138136446719255179e-01,-3.077959282609779468e+00,2.010666123792919091e+00
-8.144203771886896481e-01,-3.079376577261990988e+00,1.820347652289820317e+00
-8.152821231623732512e-01,-3.080665307068271463e+00,1.646523917234184342e+00
-8.171609277093727641e-01,-3.081601182685995699e+00,1.447582626807826456e+00
-8.187337162749679376e-01,-3.082301188535862213e+00,1.258868936939992578e+00
-8.202109531750079174e-01,-3.082521477712186986e+00,1.078207466496678757e+00
-8.217209983184615707e-01,-3.082163829269523259e+00,9.045197171375273237e-01
-7.541233702657076376e-01,-3.005080190234759030e+00,8.571995746576823727e-01
-6.840491829841010007e-01,-2.926849665384501531e+00,8.607274023665202334e-01
-6.169572613170201114e-01,-2.851980950161607797e+00,8.567491050270792385e-01
-5.727128371013868735e-01,-2.802112640723879888e+00,8.577892832082765207e-01
-5.025565526137228956e-01,-2.722071121380449821e+00,8.574287039221540896e-01
-4.813741994596070217e-01,-2.696027058888699646e+00,7.109164159329695032e-01
-4.822085150515639795e-01,-2.694798980866111915e+00,5.136130223675648976e-01
-4.832675828074044500e-01,-2.693953513579444348e+00,3.322890709639845785e-01
-4.841590973040183488e-01,-2.692880709547925022e+00,1.471028959078679310e-01
-4.847854817628734492e-01,-2.691857102286977721e+00,-3.338242065573322759e-02
-4.856043663962352208e-01,-2.690530155919388822e+00,-2.098213532784458102e-01
-4.858468373935362905e-01,-2.689296762754883829e+00,-3.909106914502988861e-01
-4.861140353977165818e-01,-2.688325287456374113e+00,-5.759301310043659639e-01
-4.858939911482741403e-01,-2.687213466364966941e+00,-7.596679543373189292e-01
-4.846900221804979481e-01,-2.687659667119393525e+00,-9.607972637315743691e-01
-4.247558387507929245e-01,-2.774163892215057103e+00,-9.676083626300298057e-01
-3.653142201775620435e-01,-2.859328167282503053e+00,-9.652135756458530835e-01
-3.070775847624446220e-01,-2.942554334361892288e+00,-9.658065570413723044e-01
-2.462218313791882940e-01,-3.028943640649513380e+00,-9.642612173653646312e-01
-1.985521792099540772e-01,-3.092435420341947960e+00,-1.131074119277917012e+00
-1.968720709896056298e-01,-3.092168273839141168e+00,-1.304848636447129673e+00
-1.946232893689309740e-01,-3.091642192777113607e+00,-1.502915688295012764e+00
-1.923097410600297930e-01,-3.091509243689099407e+00,-1.709804692432798978e+00
-1.898219750703091235e-01,-3.091571225151873215e+00,-1.886642462162830602e+00
-1.870712656147254238e-01,-3.091952570617030105e+00,-2.069256677449989645e+00
-1.848495250055395833e-01,-3.092916685996454529e+00,-2.251166949157465957e+00
-1.820876423365083707e-01,-3.094749519786737402e+00,-2.455596483821222975e+00
-1.795405036395192611e-01,-3.096730746891724895e+00,-2.634044920352157426e+00
-1.772472546238213209e-01,-3.099080104311196404e+00,-2.836635819886082377e+00
-1.749372070910023003e-01,-3.101472308307692050e+00,-3.030682199953277589e+00
-1.729090131547187936e-01,-3.104250891855118599e+00,3.048847597955151034e+00
-1.710558111479887344e-01,-3.107234762492248947e+00,2.882185644278985936e+00
-1.703589067281824909e-01,-3.108895570418469312e+00,2.665732933847625663e+00
-1.698875577742583187e-01,-3.111821958274872735e+00,2.473674653652632394e+00
-1.691569499398352383e-01,-3.114747072221412338e+00,2.266034000625565259e+00
-1.689924926354428036e-01,-3.117411500735172591e+00,2.072004680134548860e+00
-1.692355504092394880e-01,-3.119817219483071113e+00,1.869510872914342370e+00
-1.699194907651270792e-01,-3.122159744743748799e+00,1.661756565832292365e+00
-1.708112850801549454e-01,-3.123421025583370980e+00,1.469095071923776086e+00
-1.720934435588858391e-01,-3.124905274239732744e+00,1.267714546958425448e+00
-1.735987668574781040e-01,-3.125807961444909022e+00,1.056808047202262291e+00
-1.752652249652954797e-01,-3.125824439413028344e+00,8.621605864560649701e-01
-1.765402186004640384e-01,-3.125401797760444911e+00,6.533926252559048020e-01
-1.774306810613637264e-01,-3.124518378915546180e+00,4.589045752367311160e-01
-1.784053009556024472e-01,-3.123391666251536858e+00,2.550952221779320683e-01
-1.791698638351395256e-01,-3.122122161106553051e+00,6.013235380859060369e-02
-1.797648054025393072e-01,-3.120329698321545830e+00,-1.491812307449019159e-01
-1.796524068427410026e-01,-3.118522338225335755e+00,-3.504686728583421007e-01
-1.798069455973148045e-01,-3.116820816448533815e+00,-5.610684449265325169e-01
-1.794116217417719150e-01,-3.115283851943489779e+00,-7.513402851525556869e-01
-1.107206321542299476e-01,-3.187593197165818903e+00,-8.416435286484271749e-01
-4.084165229826661886e-02,-3.263951471633402157e+00,-8.396778783976607263e-01
2.908393034880682460e-02,-3.341183491630528746e+00,-8.427969915641710941e-01
5.497482931647737492e-02,-3.371818158721440639e+00,-6.743732163613380681e-01
5.693260706713230285e-02,-3.373864080592494208e+00,-4.909036598943960494e-01
5.862216458547731684e-02,-3.375628535634666694e+00,-3.091484674144882039e-01
6.081391741587523214e-02,-3.377818555482401841e+00,-1.060172962657680434e-01
6.314738582916616660e-02,-3.379918055360204399e+00,8.639551117095195520e-02
6.558614239576766869e-02,-3.382034011756975378e+00,2.681101378723264594e-01
6.839813559677838939e-02,-3.383355125122630369e+00,4.463761794230634572e-01
1.599353483153056477e-01,-3.337405154687309583e+00,4.954281284428768695e-01
2.531252412699974697e-01,-3.288932328857000709e+00,4.964303427774834909e-01
3.442625864302467642e-01,-3.241196986142858449e+00,4.994143454239748925e-01
4.351538834016177582e-01,-3.192728943772726424e+00,5.017269686753492719e-01
5.263294189925291633e-01,-3.143462826864129145e+00,5.063204767365854231e-01
6.165877385620244233e-01,-3.094063183035625109e+00,5.109331438909323619e-01
6.189180392437513278e-01,-3.092025938172754618e+00,3.426393607584291567e-01
6.189872310337644068e-01,-3.091173425706268407e+00,1.698912876537444494e-01
6.189803970154260648e-01,-3.090007245704616601e+00,-1.019008825828352123e-02
6.190678985249549182e-01,-3.088804050741913887e+00,-1.919668271339294296e-01
6.193253763450635718e-01,-3.087323565980763185e+00,-3.674259268395506095e-01
6.201129084635987887e-01,-3.086097587767580475e+00,-5.650183207194002799e-01
6.206304842823849865e-01,-3.085127950507161820e+00,-7.641027276582587069e-01
6.210541157208646634e-01,-3.084289569636474937e+00,-9.392723070281363551e-01
6.222947825211698758e-01,-3.083535332530952910e+00,-1.140602989641378961e+00
6.242367637009379466e-01,-3.082659667623070643e+00,-1.328863922097159200e+00
6.259884502620679525e-01,-3.082335405911851733e+00,-1.507203330538393393e+00
6.282070255099063694e-01,-3.082251638208009847e+00,-1.682044801432468262e+00
6.308489989978386392e-01,-3.082827133713438972e+00,-1.882334027835977697e+00
6.332918392984215883e-01,-3.083601199106926316e+00,-2.057415267213701160e+00
6.354726056649946386e-01,-3.084895241173121416e+00,-2.233948190994238470e+00
6.376929563632763864e-01,-3.086312824213120365e+00,-2.411570639423571638e+00
6.396383106266394503e-01,-3.088203486213194182e+00,-2.589725667237100293e+00
6.415324980939777211e-01,-3.090371406504301532e+00,-2.782798084893702839e+00
6.430823824875321337e-01,-3.092799439922067073e+00,-2.958824029506396336e+00
6.442339209837809610e-01,-3.094971127686843015e+00,3.133996846668908542e+00
6.454235654550858348e-01,-3.097030932631571698e+00,2.957390611072722386e+00
6.464274517071826320e-01,-3.099343860141721585e+00,2.765186023505590285e+00
6.474944721943153292e-01,-3.101373401697581578e+00,2.579406863103830716e+00
6.481155737856895138e-01,-3.103129899926537760e+00,2.403664964662640013e+00
6.485035948465056599e-01,-3.105207709613342359e+00,2.199720294333069592e+00
6.481260838601543561e-01,-3.106799182869198983e+00,1.996478092578090724e+00
6.479042535717295381e-01,-3.108557455827641203e+00,1.794080419699015660e+00
6.469991538969291911e-01,-3.109669179677633455e+00,1.621155010407704378e+00
6.460700909771093237e-01,-3.110485058135790570e+00,1.440626861312995777e+00
6.451958140527678243e-01,-3.110859473892400917e+00,1.264550202664814771e+00
6.439176243264732591e-01,-3.110876407569504565e+00,1.063816320535184934e+00
6.430145225394867659e-01,-3.110479859071022535e+00,8.858340018290603579e-01
6.413346389998488828e-01,-3.108817486092547711e+00,6.855651733945046233e-01
7.221065140355945600e-01,-3.049665100615790880e+00,6.172498245884997514e-01
8.053944610075765009e-01,-2.990736412846539238e+00,6.173585250399652447e-01
8.893900852143733493e-01,-2.931497948352838279e+00,6.169107693648641089e-01
9.738602046272636370e-01,-2.872181948161950604e+00,6.158590563958816766e-01
9.976655980668804879e-01,-2.858274798521768023e+00,7.886453908303457938e-01
9.997227027822059853e-01,-2.858898312501455319e+00,9.633414427664881430e-01
1.001857878145945291e+00,-2.858880026168583388e+00,1.142950520162319350e+00
1.003813412413880446e+00,-2.858228406698707147e+00,1.317416104356391227e+00
1.005451037916299084e+00,-2.857307678472530199e+00,1.504708145747350567e+00
1.007194514394075258e+00,-2.856096429061197650e+00,1.682557704263205389e+00
1.008622001938785262e+00,-2.854878980994202120e+00,1.867376561355581943e+00
1.009800317186777541e+00,-2.853367861444870979e+00,2.052377033747718293e+00
1.010143104231208788e+00,-2.850967299076363037e+00,2.263445002225383362e+00
1.010370931875839151e+00,-2.848835170634157699e+00,2.467150681152322722e+00
1.010239684644644198e+00,-2.846811528583020667e+00,2.646351113667305466e+00
1.010140383926243057e+00,-2.844869479298485881e+00,2.825586736354724238e+00
1.009072256500745945e+00,-2.842407308547459710e+00,3.041655820518000652e+00
1.008352624832152378e+00,-2.840391250489774144e+00,-3.044148282446301756e+00
1.007149529230427998e+00,-2.838376042386168141e+00,-2.857948820720618066e+00
1.005748068097271020e+00,-2.837026703916026182e+00,-2.679400604650254536e+00
1.004082833567856214e+00,-2.835709742469762595e+00,-2.498636799789662355e+00
1.002259654379749065e+00,-2.834646996670958874e+00,-2.280588542264738283e+00
1.000330436007170531e+00,-2.833932994315442322e+00,-2.102022178542574782e+00
9.984941745097226651e-01,-2.834201832795579357e+00,-1.927408815864881220e+00
9.964467274754518211e-01,-2.834471474842807037e+00,-1.747406803109437856e+00
9.946698282077024444e-01,-2.835002695810634687e+00,-1.560720630947534326e+00
9.937555491816016939e-01,-2.836201776574540201e+00,-1.382260430574254517e+00
9.931955448404209408e-01,-2.837420514414870532e+00,-1.207513281989679665e+00
9.927029073857092101e-01,-2.839298412191320065e+00,-1.027761680877705475e+00
9.924719170165539062e-01,-2.840982673100627132e+00,-8.420622460359598049e-01
9.929610877940431291e-01,-2.842685316571165632e+00,-6.621895155364615482e-01
9.933423489841929355e-01,-2.844218483255485541e+00,-4.870166711219090505e-01
9.939435534434905017e-01,-2.845987433333087679e+00,-3.063688568819620262e-01
9.949010523840153830e-01,-2.847920568984893208e+00,-1.205618027213947313e-01
9.961846590691182390e-01,-2.850013960595753737e+00,7.700420384033418442e-02
9.977237924211059816e-01,-2.851771448285075561e+00,2.625538309541883275e-01
9.993986760679028913e-01,-2.853278631818349176e+00,4.436688090204193857e-01
1.001487241775662840e+00,-2.854204766401994497e+00,6.229297039956972482e-01
1.079242293800580565e+00,-2.789639568399053804e+00,7.133364695630102226e-01
1.155457567407157438e+00,-2.725717864032488169e+00,7.049236902726977450e-01
1.233687396282906690e+00,-2.659815198834661221e+00,7.051757507506385414e-01
1.310669397609855347e+00,-2.595919411339606242e+00,6.980638189777200742e-01
1.323418264505506370e+00,-2.587402870638422669e+00,8.730264814792011441e-01
1.325304466652208246e+00,-2.587109843892899885e+00,1.053264052427568487e+00
1.327324751921682644e+00,-2.586899422540694271e+00,1.229874639970528705e+00
1.328985944248258555e+00,-2.586352757625305365e+00,1.410842609600944098e+00
1.330831126430739308e+00,-2.585495222462437681e+00,1.599151818816439308e+00
1.332399328251429038e+00,-2.584247181893543299e+00,1.797295481231075742e+00
1.333251625343665259e+00,-2.582972530402887212e+00,1.973947835076681034e+00
1.334162923309716531e+00,-2.581468386254865077e+00,2.177330399031876418e+00
1.334438103222909566e+00,-2.579638802589665048e+00,2.365851114678062306e+00
1.334756498835126814e+00,-2.577459031103607856e+00,2.582703084933255955e+00
1.334169948831510855e+00,-2.575815463828301510e+00,2.757786988145227269e+00
1.333820368909657716e+00,-2.573763978268940100e+00,2.961814637742772316e+00
1.332897823005208870e+00,-2.572046497425462874e+00,-3.129474846704106472e+00
1.332091273079117233e+00,-2.570330484929771231e+00,-2.954750253352756317e+00
1.330538124852268300e+00,-2.568425904985299990e+00,-2.721540132533716960e+00
1.328904703230608719e+00,-2.567318030613801483e+00,-2.546428793874193630e+00
1.327743427323690995e+00,-2.566409008886902487e+00,-2.358434205706875453e+00
1.325645260851424867e+00,-2.565958147990220262e+00,-2.183900808389771520e+00
1.323863115425100601e+00,-2.565877823092964860e+00,-1.995106617171253260e+00
1.321507038254621236e+00,-2.566368713272508817e+00,-1.780350458592876217e+00
1.319668209815576532e+00,-2.567136382887404977e+00,-1.591874868110229047e+00
1.318017895557245689e+00,-2.568788335159159608e+00,-1.360098274149250663e+00
1.317212385455810209e+00,-2.570284943487167517e+00,-1.185261256000673891e+00
1.317058405467881776e+00,-2.571964599634370519e+00,-1.010683938335582122e+00
1.380481817559467528e+00,-2.652612012507268080e+00,-8.970779789634293344e-01
1.444123751379793985e+00,-2.732444488879812283e+00,-8.963318086013819519e-01
1.510261850763880309e+00,-2.814782662317283801e+00,-8.967457340348238271e-01
1.575540001112820665e+00,-2.895185889859224648e+00,-8.971044118764824882e-01
1.641564246070466027e+00,-2.977148033481994638e+00,-8.995653106478015415e-01
1.684653269589684310e+00,-3.032429206379188003e+00,-7.187557022343230573e-01
1.684474736416695206e+00,-3.033859595545696841e+00,-5.403378084620197308e-01
1.685072442722179931e+00,-3.035623994800972447e+00,-3.713505498017872219e-01
1.686608860180904834e+00,-3.037612909622021906e+00,-1.894190562610474637e-01
1.687681194794216744e+00,-3.038903202399004133e+00,-4.588519399990339566e-03
1.689373840833270135e+00,-3.040176731650824582e+00,1.826889108346309021e-01
1.691040098723965546e+00,-3.041549071003891047e+00,3.644250494963064413e-01
1.692749029091097368e+00,-3.042996849840304829e+00,5.469870100695827242e-01
1.695033243115208199e+00,-3.044033458483833332e+00,7.317027830686957390e-01
1.697088314950467636e+00,-3.044529373668888983e+00,9.110007033982681079e-01
1.699065229513512687e+00,-3.044716538910587911e+00,1.090032320891381135e+00
1.701363832842254231e+00,-3.044539168823333863e+00,1.269637646496978078e+00
1.703327964562719510e+00,-3.043902868648356019e+00,1.451171029702404525e+00
1.704963105804629508e+00,-3.042664155927157221e+00,1.625856393185862725e+00
1.706720194952809466e+00,-3.041536383964784207e+00,1.808076343573129074e+00
1.708042651632631026e+00,-3.040279890451387690e+00,1.966481151971383845e+00
1.708911644623962944e+00,-3.038645171852198068e+00,2.143127628946618568e+00
1.709330423080522410e+00,-3.037060264199432424e+00,2.321952505231042352e+00
1.709573288354858445e+00,-3.035120936684178705e+00,2.503614032171863624e+00
1.709183720142163132e+00,-3.033443167313611522e+00,2.684274832975502623e+00
1.708858762452102109e+00,-3.031714742956664210e+00,2.870506627167888958e+00
1.708093656884564826e+00,-3.030265854572115281e+00,3.051516085761635466e+00
1.707082854897143953e+00,-3.028854667607088658e+00,-3.051434632754227216e+00
1.705915609988706061e+00,-3.027611574756793988e+00,-2.870147746857257598e+00
1.704295866027212503e+00,-3.026740046721990485e+00,-2.692654845185100676e+00
1.702379470000676021e+00,-3.025800800444010452e+00,-2.509873548825777956e+00
1.700587272403352390e+00,-3.025384644438046777e+00,-2.330759895284610472e+00
1.698815554397826721e+00,-3.025260694313624210e+00,-2.146812341196138174e+00
1.696886532301272066e+00,-3.025558920442853239e+00,-1.966108447300837225e+00
1.694912875729103430e+00,-3.026130176323505783e+00,-1.782817770840810612e+00
1.693365935882069628e+00,-3.027263007883502333e+00,-1.601157182136670798e+00
1.692051865913299036e+00,-3.028795255808635734e+00,-1.419620468404772629e+00
1.690975050440194583e+00,-3.030610614706236827e+00,-1.240288965136518540e+00
1.690144711268242395e+00,-3.032388336778466531e+00,-1.062372993280784828e+00
1.690086021822658102e+00,-3.034446717046298314e+00,-8.815516860150965917e-01
1.690409402400214312e+00,-3.036647848613555301e+00,-7.034365859425811829e-01
1.691153407174655010e+00,-3.039500497463011985e+00,-5.475347511936058398e-01
1.692075991600858531e+00,-3.041668153683061426e+00,-3.713488024408621024e-01
1.693693912071456920e+00,-3.043823696584600391e+00,-1.865340854519488556e-01
1.695249242358314978e+00,-3.045525753708460570e+00,-4.155271664942737468e-03
1.696701564269367024e+00,-3.047076894388355051e+00,1.728683198664740517e-01
1.698533378276708250e+00,-3.048661192199586978e+00,3.587950892236934086e-01
1.698376629027244400e+00,-3.050142663146068855e+00,3.035199131159802000e-01
1.696574253742356042e+00,-3.049077977093228586e+00,1.171058962936946807e-01
1.695351041262589620e+00,-3.047966713676271144e+00,-6.711359279102381559e-02
1.693578106893719237e+00,-3.046778666082618159e+00,-2.498575297471123946e-01
1.692015228578159114e+00,-3.044852529545913011e+00,-4.354850553559400650e-01
1.691311996204684753e+00,-3.043120384601851303e+00,-6.208246829337876749e-01
1.691310467061636791e+00,-3.041081860656228653e+00,-8.026633947294934401e-01
1.720935542832638276e+00,-3.075636895872765564e+00,-7.216485634239447888e-01
1.721438266127110150e+00,-3.078195021911153351e+00,-5.357666753256222769e-01
1.722099293186346136e+00,-3.080041531604778005e+00,-3.570514549914269309e-01
1.723279947007012369e+00,-3.082032695062444372e+00,-1.673850229208603824e-01
1.724376983756915616e+00,-3.084163916596493138e+00,1.399560407028718236e-02
1.725874461173071195e+00,-3.085996090630910960e+00,1.893758849316589110e-01
1.727427994653934373e+00,-3.087394845123004661e+00,3.721436488767225770e-01
1.729656175391904638e+00,-3.088782764405323178e+00,5.415360007785355867e-01
1.731868289821423490e+00,-3.090402159190464015e+00,7.126875633985526592e-01
1.730304553080583396e+00,-3.090172790285814930e+00,5.360437796051366055e-01
1.728940616877003400e+00,-3.089273239689685813e+00,3.607449102760192372e-01
1.727386648244348066e+00,-3.088770809867916967e+00,1.842771094744829752e-01
1.726168487631371873e+00,-3.087482052446201664e+00,6.216318911751159138e-03
1.725617374893365863e+00,-3.086148546843728191e+00,-1.714707971621784732e-01
1.725032816345545283e+00,-3.084706193527562590e+00,-3.527259932551210508e-01
1.724737217192857663e+00,-3.083159389033661935e+00,-5.318816760510644004e-01
1.724914590173433515e+00,-3.081498316487762956e+00,-7.043138030325459820e-01
1.794501336619630294e+00,-3.152549856340104650e+00,-7.987248387837579955e-01
1.865081470216187531e+00,-3.225502953777595661e+00,-7.975707756251046998e-01
1.935783441899004087e+00,-3.298139064353138750e+00,-7.984116071719432606e-01
1.946216729927111144e+00,-3.309643084693069337e+00,-9.336077512484127761e-01
1.946417677733152773e+00,-3.307636236969473398e+00,-1.118752222112314509e+00
1.947440958692582047e+00,-3.306806005264816051e+00,-1.299074342746517008e+00
1.950047391854922818e+00,-3.312584356019210308e+00,-1.465531854759154262e+00
1.951613164521657895e+00,-3.311531940805731100e+00,-1.646140669164097403e+00
1.953786757524622608e+00,-3.311237290650086873e+00,-1.836021585797028344e+00
1.956084972528205457e+00,-3.311124056810598404e+00,-2.013812771094033671e+00
1.958329780157323619e+00,-3.311749229669568972e+00,-2.189700093483710752e+00
1.960441417192203550e+00,-3.311880551010827567e+00,-2.368518212937370304e+00
1.962537886429460254e+00,-3.312962684327268814e+00,-2.545230112971085035e+00
1.964729103582477876e+00,-3.314222827956605499e+00,-2.722396682208422458e+00
1.966805622056780001e+00,-3.315744967888065720e+00,-2.901962330462361184e+00
1.968718676238271792e+00,-3.317785921708504393e+00,-3.091212914713218574e+00
1.970087728506509706e+00,-3.320116754903691181e+00,3.008653072428054465e+00
1.971353150880431615e+00,-3.321655260699946322e+00,2.832456456904025810e+00
1.972480563397772668e+00,-3.323446839187688795e+00,2.651249706335765843e+00
1.973812593496609535e+00,-3.324927982984362096e+00,2.458302206329849415e+00
1.974346875827708736e+00,-3.327329955610533130e+00,2.280133932874899738e+00
1.909288878396934175e+00,-3.250703963990823286e+00,2.279155577243757946e+00
1.840376003040395281e+00,-3.168794594430456080e+00,2.277071508686527412e+00
1.774203668441874049e+00,-3.090951358258121395e+00,2.274158173177280418e+00
1.709298332850662794e+00,-3.013492965812142987e+00,2.273200297542939285e+00
1.638887437651417089e+00,-2.929194487391303170e+00,2.272765975300875319e+00
1.571651789022919132e+00,-2.849568880252355552e+00,2.272527720366349868e+00
1.549239013100944140e+00,-2.824877800768339942e+00,2.113911805630716234e+00
1.549782047801456786e+00,-2.824228196111983280e+00,2.290682502800311049e+00
1.549691435722380772e+00,-2.822144196858459964e+00,2.492801984300413221e+00
1.549277069603468338e+00,-2.820345613052025247e+00,2.697467072916762465e+00
1.548466143938314277e+00,-2.818833300830765776e+00,2.898475247788273812e+00
1.547520800636136062e+00,-2.816924575660483487e+00,3.092604455432535371e+00
1.546176216512497259e+00,-2.815350326591758989e+00,-2.982952699219702630e+00
1.544640775908346031e+00,-2.813765191894558537e+00,-2.790730948278649759e+00
1.542554385963691654e+00,-2.812722000678690826e+00,-2.585176518958214320e+00
1.456492126054387937e+00,-2.868471081276737333e+00,-2.569352438522089610e+00
1.371994977974083429e+00,-2.922799354275426253e+00,-2.572901983720741192e+00
1.281351523246045510e+00,-2.979779110404055409e+00,-2.574714697821084641e+00
1.187990914076388904e+00,-3.038925932623856685e+00,-2.578379828660845696e+00
1.101672966653041152e+00,-3.092361246437692834e+00,-2.581910719748022220e+00
1.058728110316134341e+00,-3.115236097730463616e+00,-2.444450371713597026e+00
1.057234732275251554e+00,-3.115198869406301085e+00,-2.260642597283089028e+00
1.055436720552319185e+00,-3.115024362892627963e+00,-2.071121885147618968e+00
1.053762718385264252e+00,-3.115424011826051220e+00,-1.891942452007957520e+00
1.052296379246783209e+00,-3.116052680299522315e+00,-1.711994005701026111e+00
1.050919013524159951e+00,-3.117329164653750873e+00,-1.531695250466846847e+00
1.049927343347508257e+00,-3.118648426590401534e+00,-1.354671114096140050e+00
1.049567683741007063e+00,-3.120687268029322059e+00,-1.168876107813231480e+00
1.099936931771670512e+00,-3.210605631293447448e+00,-1.046763034047962337e+00
1.149618718537679829e+00,-3.298569424428061669e+00,-1.048910307859872937e+00
1.200747678262955365e+00,-3.389512720759257469e+00,-1.047669341946575683e+00
1.216724438224143778e+00,-3.421226775572314249e+00,-8.771002094672655236e-01
1.217070145264610215e+00,-3.423814931325911193e+00,-6.919061354688990084e-01
1.217298113630633782e+00,-3.426505604916640024e+00,-5.121573488446514721e-01
1.218122437507771494e+00,-3.429209373146969053e+00,-3.302029620048829162e-01
1.219176159439018026e+00,-3.431920171675327591e+00,-1.474396854278916258e-01
1.220459995394259867e+00,-3.434147254690195883e+00,3.019945782020887551e-02
1.221414531440276674e+00,-3.436406268396790420e+00,2.105936146060874703e-01
1.223060033558684090e+00,-3.438795152245676778e+00,3.995623597070189770e-01
1.224677189841475888e+00,-3.440751948626711521e+00,5.795187433088130335e-01
1.226434378004491066e+00,-3.442233601214351957e+00,7.627639778175576701e-01
1.228396402292545986e+00,-3.443454471067070699e+00,9.449962441801559310e-01
1.230015396949346806e+00,-3.444513473168893114e+00,1.126894818982441704e+00
1.231642439795421096e+00,-3.444559055776940326e+00,1.325087411352563249e+00
1.232778897265388807e+00,-3.444367221518434441e+00,1.507714041220201917e+00
1.234647558718378946e+00,-3.443510957552037954e+00,1.696195258944846351e+00
1.236148278343742080e+00,-3.442451629290869786e+00,1.871491575479490521e+00
1.237803210672073329e+00,-3.440967794381000200e+00,2.049712497475395079e+00
1.238834525183043711e+00,-3.439463927818401601e+00,2.229909418070846527e+00
1.239388665696888436e+00,-3.438004828768422172e+00,2.410392669145396294e+00
1.238947974118843831e+00,-3.435656881164457666e+00,2.672698971073012242e+00
1.238933831452856626e+00,-3.433906886329730845e+00,2.853485666268434251e+00
1.238532821697925668e+00,-3.432050574649039287e+00,3.034114963232246165e+00
1.238061172694298939e+00,-3.430557418701294825e+00,-3.072167361248773876e+00
1.237761061364329285e+00,-3.429505152053725858e+00,-2.898144314467483884e+00
1.236266918912359403e+00,-3.428322839014982470e+00,-2.712057620257303459e+00
1.235312691180189715e+00,-3.427992265096726499e+00,-2.529189281799326228e+00
1.234340153055789813e+00,-3.428171045914366388e+00,-2.347793584333823791e+00
1.232991721424893550e+00,-3.428577299965838154e+00,-2.165843345751996107e+00
1.231842974722755280e+00,-3.428912494764091434e+00,-1.989536356884036294e+00
1.230444467390517715e+00,-3.429346211916195486e+00,-1.811773469436426698e+00
1.229217923561407799e+00,-3.430497576447239627e+00,-1.631413563188792049e+00
1.228376676798360156e+00,-3.432081000919232849e+00,-1.451802599399657057e+00
1.228154600170448418e+00,-3.433886194997692431e+00,-1.269422641259290163e+00
1.228237023953551832e+00,-3.435884436257428121e+00,-1.084648199601521812e+00
1.242354943165445258e+00,-3.455395442571055575e+00,-9.276833074698482839e-01
1.305377908588926106e+00,-3.538328473344642955e+00,-9.286653135647293666e-01
1.368648702229122049e+00,-3.620093445995516301e+00,-9.253961649951789603e-01
1.418388529843735091e+00,-3.681989820649444578e+00,-1.089031406374373123e+00
1.418264885256270258e+00,-3.680813052150179399e+00,-1.267545922060233865e+00
1.418858367762801720e+00,-3.680168922416795052e+00,-1.468584150688758916e+00
1.419935508149001935e+00,-3.679675286258127009e+00,-1.669897815806074215e+00
1.420797668995687157e+00,-3.679506075973684620e+00,-1.847830580615489326e+00
1.422178874003448446e+00,-3.679818473512999955e+00,-2.049185350629169289e+00
1.423882700411009505e+00,-3.680331090858408150e+00,-2.226092382370962408e+00
1.425502849811481898e+00,-3.681515155512129933e+00,-2.422919241059845685e+00
1.345770489848451046e+00,-3.745639803595241180e+00,-2.478412337950996580e+00
1.278896577370919996e+00,-3.795061614945604678e+00,-2.309131006884869830e+00
1.276753507496428686e+00,-3.794311008435792942e+00,-2.106505225180537622e+00
1.274592014519837058e+00,-3.794504773410961374e+00,-1.915722004300783432e+00
1.272289879946521873e+00,-3.795416665169276005e+00,-1.741167139245284767e+00
1.270836797220211922e+00,-3.797013975410037823e+00,-1.551435057490246017e+00
1.269718375425183732e+00,-3.798742435060662004e+00,-1.374963286646882610e+00
1.270300899879153178e+00,-3.800015621801139165e+00,-1.191584399504502123e+00
1.270798822784233284e+00,-3.801490032860172175e+00,-1.003983807472454304e+00
1.270931378016350477e+00,-3.803647101617926296e+00,-8.209159072894436360e-01
1.270821810428175436e+00,-3.806022009152611130e+00,-6.363844212960243496e-01
1.271211837940700029e+00,-3.808552895938537297e+00,-4.561528745135256524e-01
1.271636200344026690e+00,-3.811266669211759606e+00,-2.738147020066724613e-01
1.272266385234885222e+00,-3.813707824783271416e+00,-7.930477407004815626e-02
1.273476612991209400e+00,-3.816481196615259197e+00,1.034853782215284651e-01
1.274971237520620804e+00,-3.818990211697076198e+00,2.870090125596257979e-01
1.276714361109022811e+00,-3.820988167845834393e+00,4.692169040194421603e-01
1.278085037263595458e+00,-3.822342764308213514e+00,6.498512288786488789e-01
1.279924976846830154e+00,-3.823689684707120673e+00,8.291868669195461283e-01
1.281396824275506052e+00,-3.824434983055965631e+00,1.012385528047721417e+00
1.282805224289910173e+00,-3.825352867699852943e+00,1.173563702291871902e+00
1.284558313247381900e+00,-3.825891886976124479e+00,1.350612386281488719e+00
1.285891191935947031e+00,-3.825805782811457778e+00,1.534981646232515651e+00
1.286982236282787850e+00,-3.825411322452381135e+00,1.716815738729851049e+00
1.287720746315139886e+00,-3.824811176579485661e+00,1.895548798714619121e+00
1.288107413054892625e+00,-3.824090625953386002e+00,2.075627150016847278e+00
1.288314154697323133e+00,-3.823156075157615241e+00,2.257507603401456731e+00
1.287760057812586512e+00,-3.822517153595855977e+00,2.438647600407087168e+00
1.286820480768530839e+00,-3.822099439382532271e+00,2.620358555079259855e+00
1.285585984351884203e+00,-3.821635962694454491e+00,2.802407276492356214e+00
1.284740255005043519e+00,-3.821031691739206870e+00,2.988113299460166239e+00
1.283769675085287609e+00,-3.820437642597238170e+00,-3.114154344498685667e+00
1.282317924707089274e+00,-3.819477163491926675e+00,-2.931656076388510446e+00
1.280806868609957627e+00,-3.818412889916132258e+00,-2.749040353315851615e+00
1.279023780981843661e+00,-3.817704652824277733e+00,-2.566778475247123215e+00
1.278874089665971381e+00,-3.818486273591683133e+00,-2.561259020549037313e+00
1.280277131344546904e+00,-3.821272889343123591e+00,-2.724963119200046080e+00
1.187403799902054580e+00,-3.865907738187497333e+00,-2.728937110653684606e+00
1.088683489251462522e+00,-3.910516736431980167e+00,-2.729051833254961146e+00
9.923327343450520921e-01,-3.955007847484579120e+00,-2.727963580918552733e+00
8.962897835230070331e-01,-3.998793721190438522e+00,-2.729214495683290664e+00
8.421069929018485389e-01,-4.022372958781502028e+00,-2.561948956948971290e+00
8.415898551246904224e-01,-4.021342168373576165e+00,-2.646237608965810395e+00
8.425387441686098544e-01,-4.021455114197250325e+00,-2.836100595481089837e+00
8.432782790050064037e-01,-4.022655910034009352e+00,-3.019697257268318058e+00
8.440938737691525695e-01,-4.023876563514921401e+00,3.084056231944265924e+00
8.447393482212977034e-01,-4.025727281851792405e+00,2.904464076442956344e+00
8.451592491631589876e-01,-4.027759609923356798e+00,2.727526868529817516e+00
8.454112149497431394e-01,-4.030024836528869336e+00,2.544859488663437919e+00
8.455600081115770550e-01,-4.032144875038460086e+00,2.369716467651204361e+00
8.456608290123136529e-01,-4.034186222615523398e+00,2.186841606573068031e+00
8.451753941217067245e-01,-4.036253835867311679e+00,2.007887382795125131e+00
8.440981210067609597e-01,-4.038390781504971550e+00,1.826815402246160902e+00
8.424169715226266231e-01,-4.040348468418317296e+00,1.627443298937310656e+00
8.409782349479976160e-01,-4.041642533376846202e+00,1.453143294449043665e+00
8.386386799832717953e-01,-4.042673148672091266e+00,1.230302762142227779e+00
8.372738498973236743e-01,-4.043462311433434486e+00,1.046710503752018573e+00
8.355188796834956966e-01,-4.043577471810197999e+00,8.356691835548264446e-01
8.338018061602255893e-01,-4.043169852452798807e+00,6.584184303772525615e-01
8.322622678686695252e-01,-4.042654907272943632e+00,4.799682616503186394e-01
8.305576620366782459e-01,-4.040824022672579119e+00,2.930356019013404811e-01
8.288821716173774279e-01,-4.039158196902979725e+00,1.154001126344690736e-01
8.276309436415817400e-01,-4.037308733862037258e+00,-5.815344548414262682e-02
8.264497956750942453e-01,-4.035201881794416856e+00,-2.355544663234693525e-01
8.254955519559907806e-01,-4.032490265778749361e+00,-4.386556611428770180e-01
8.246632646560094759e-01,-4.030592580742579756e+00,-6.368749852760352548e-01
8.242458069305261814e-01,-4.028512986264149554e+00,-8.341366915066643628e-01
8.243298559525907843e-01,-4.026721448239666934e+00,-1.010811160822011168e+00
8.245071371778719405e-01,-4.024675919877894970e+00,-1.184011447760124680e+00
8.253338053237772032e-01,-4.022862528788908598e+00,-1.357786137774462221e+00
8.264225997409063718e-01,-4.021250076038380250e+00,-1.549338174614462993e+00
8.271326639436809014e-01,-4.019643003978591977e+00,-1.755695375578363526e+00
8.282055595429793637e-01,-4.018922722568365025e+00,-1.942898437742718531e+00
8.293868418360050843e-01,-4.018550622797491201e+00,-2.120810590894495640e+00
8.307956161393922345e-01,-4.018813233237136906e+00,-2.305334073875516143e+00
8.321122133946962096e-01,-4.019709098580794837e+00,-2.508077363530870851e+00
8.331698456130687269e-01,-4.020253835975385215e+00,-2.686169028107785461e+00
8.339141970632464318e-01,-4.021154405909087792e+00,-2.871339151518720545e+00
8.347163467726360642e-01,-4.022137154806253001e+00,-3.074427818357612807e+00
8.351721703028086585e-01,-4.023364228264623144e+00,3.029281616648887177e+00
8.359662171871642400e-01,-4.024593974397562945e+00,2.847420733501518253e+00
8.362256864449273408e-01,-4.026082567563375569e+00,2.645064149059494607e+00
7.503764042613494389e-01,-3.970044341054582482e+00,2.534167580028613642e+00
6.642020067966273311e-01,-3.911943111979890197e+00,2.535548807490611178e+00
6.559539482524316956e-01,-3.906772866354669471e+00,2.713213653364156652e+00
6.552756993917304706e-01,-3.907759165682197722e+00,2.556186107710843203e+00
6.549505319133240855e-01,-3.909003311434430916e+00,2.378497040635171533e+00
5.835832816141103274e-01,-3.837909821142462263e+00,2.332517937729861490e+00
5.124418162181669789e-01,-3.765436150101910240e+00,2.333384873074110022e+00
4.401968717365198347e-01,-3.691729407438209432e+00,2.331745100991888364e+00
3.674390645412196066e-01,-3.616712041972443448e+00,2.331836353638276016e+00
3.626349109075254207e-01,-3.612709933236275539e+00,2.503771157937448866e+00
3.602566823115870842e-01,-3.612017810845213450e+00,2.681008511583065523e+00
3.575451236203275318e-01,-3.611250812865905324e+00,2.865571765313369657e+00
3.551580707112534929e-01,-3.610401141145946902e+00,3.050962282276782123e+00
3.529287590660500351e-01,-3.609696643857342124e+00,-3.052631918844948888e+00
3.507426759624272528e-01,-3.609032497883191137e+00,-2.871328298237581844e+00
3.482341037072361756e-01,-3.608505902274024013e+00,-2.693680527741732167e+00
2.598791308576825498e-01,-3.662328212701890795e+00,-2.560290003724511099e+00
1.676856696227446708e-01,-3.720729490549796292e+00,-2.564550002571064358e+00
7.941451897967945206e-02,-3.776686408067118084e+00,-2.566860138300703476e+00
-6.846369888496029940e-03,-3.830862954507908924e+00,-2.569642044742155296e+00
-9.533181989551045565e-02,-3.886474071318134715e+00,-2.574279605332645993e+00
-1.611260965516783661e-01,-3.926489566246156304e+00,-2.481294394490056288e+00
-1.620690442074730064e-01,-3.926537296417064393e+00,-2.521865645615954055e+00
-1.617125472577332357e-01,-3.927621453275903285e+00,-2.716563932525783542e+00
-1.613663930218650067e-01,-3.928927006698591740e+00,-2.899299145378610110e+00
-1.608674139145458704e-01,-3.930554458503864090e+00,-3.080017796139911557e+00
-1.603155410092073907e-01,-3.932647354767565329e+00,2.990748158122818801e+00
-1.600450450715668327e-01,-3.934433919576501903e+00,2.787705894771483006e+00
-1.602267095488025261e-01,-3.936047278319136034e+00,2.607322648840434631e+00
-1.607312600421176296e-01,-3.937801909882256979e+00,2.420914384637087302e+00
-1.612624888044818794e-01,-3.939968696165275563e+00,2.211347940951759128e+00
-1.622496156555766622e-01,-3.941763958112951993e+00,2.010810274669902142e+00
-1.636660631795762710e-01,-3.943042836906193394e+00,1.827298696857472704e+00
-1.657259494597326244e-01,-3.943770874899469092e+00,1.643716790677805406e+00
-1.680732211224661710e-01,-3.944348884716138315e+00,1.457938846626076090e+00
-1.705815617054221300e-01,-3.944739196429833505e+00,1.275652613207781672e+00
-1.734709439489158234e-01,-3.944599463211933887e+00,1.094871359312376002e+00
-1.765015371531231392e-01,-3.943968873936731345e+00,8.923199803048031953e-01
-1.790676659000992321e-01,-3.942949101010166491e+00,7.112874314447179547e-01
-1.818989008145758257e-01,-3.941531881451124875e+00,5.254554364712678005e-01
-1.844968065704881977e-01,-3.939613622320257136e+00,3.150599397918089628e-01
-1.868828752798153969e-01,-3.937375844438115280e+00,1.362523020825720521e-01
-1.893534890976436569e-01,-3.935152981317640020e+00,-6.848950094730503479e-02
-1.911417941490000938e-01,-3.933186825869753545e+00,-2.495154687393965898e-01
-1.927687103733824459e-01,-3.931018830385321738e+00,-4.369903213162120159e-01
-1.939664686385082215e-01,-3.928695724905585163e+00,-6.194912170414363928e-01
-1.950199746874818341e-01,-3.926400384366989016e+00,-7.948493592262735330e-01
-1.956243786512453231e-01,-3.924173707352414997e+00,-9.762160944023637876e-01
-1.957995642807470738e-01,-3.921931563646144703e+00,-1.160863024908987517e+00
-1.956536462645888097e-01,-3.919986561966293692e+00,-1.335604160898119286e+00
-1.956435378982514517e-01,-3.918464636309570981e+00,-1.514351256843184279e+00
-1.943869768106613882e-01,-3.917119538051755168e+00,-1.694339400721109445e+00
-1.930628354257782064e-01,-3.916326112074102195e+00,-1.880290988076409597e+00
-1.915385573278292619e-01,-3.915823467283911619e+00,-2.085187435456885563e+00
-1.898941717829921438e-01,-3.916158153763034555e+00,-2.261689862359955949e+00
-2.580945744250698892e-01,-3.986846672541228820e+00,-2.324238768455995974e+00
-3.291315659209109179e-01,-4.060262947786534404e+00,-2.319371631384607557e+00
-3.988933176653848833e-01,-4.134613765652300543e+00,-2.291826393108838289e+00
-4.323639939037056124e-01,-4.178903573749995992e+00,-2.104741709736029254e+00
-4.462941934914497755e-01,-4.202220296925876397e+00,-1.922177709001799961e+00
-4.482145101281912458e-01,-4.202718061849086695e+00,-1.739548929448700321e+00
-4.499960292080568136e-01,-4.203417594370847610e+00,-1.555426664387248081e+00
-4.514290797833143132e-01,-4.204635077173708879e+00,-1.366188867502133197e+00
-4.530359077184013539e-01,-4.206021748971875418e+00,-1.161354311616892954e+00
-4.535762735237811039e-01,-4.207705168238919491e+00,-9.787820632505540575e-01
-4.537882574811467062e-01,-4.209922078912701870e+00,-7.940039149584070532e-01
-4.533735239750940060e-01,-4.212225346297245210e+00,-6.136789363468865277e-01
-4.529943306027410244e-01,-4.214420282205138868e+00,-4.293852952773702936e-01
-4.522473754904826060e-01,-4.216778046937062818e+00,-2.510501722998864649e-01
-4.511674881777654744e-01,-4.218710523476455698e+00,-6.662420018572359770e-02
-4.505048697156708304e-01,-4.220738865869846812e+00,1.106612536278114844e-01
-4.487728689278213667e-01,-4.223101150251255653e+00,2.959540510325855411e-01
-4.469468411119613127e-01,-4.225114446764085763e+00,4.743753639733400695e-01
-4.448698402512482053e-01,-4.227092241115036231e+00,6.604236898879185524e-01
-4.424805968932296052e-01,-4.228519437978063955e+00,8.826539861320251701e-01
-3.831574884996629127e-01,-4.147866497879951098e+00,9.671592165161472243e-01
-3.180051779026019654e-01,-4.071357896033353185e+00,8.232001339230486936e-01
-2.431859530842944705e-01,-4.002687961437335851e+00,7.487961654078767459e-01
-1.685566034037764005e-01,-3.935149797808649819e+00,7.472321791754048537e-01
-9.087119946798595527e-02,-3.865412141006492330e+00,7.445577279868135223e-01
-1.381313998698795176e-02,-3.796478407252973142e+00,7.417656232899618729e-01
6.428520374437195206e-02,-3.727034997865674271e+00,7.403811136285058936e-01
1.409718894678608225e-01,-3.658761100043488756e+00,7.403449159173725036e-01
2.187309029790785175e-01,-3.590037254817064483e+00,7.402358816129860353e-01
2.953498370046193089e-01,-3.522521813461738205e+00,7.405969235240398296e-01
3.412287917954062721e-01,-3.480263163240674640e+00,5.731927741793543252e-01
3.404501602140816430e-01,-3.480296563264784648e+00,3.917022901463677598e-01
3.401655842811553421e-01,-3.480038010241873092e+00,2.095685346369812463e-01
3.397927134806540961e-01,-3.479360718078504888e+00,2.652108942042873466e-02
3.395388589755186093e-01,-3.478607568573957476e+00,-1.562846079920454379e-01
3.394053369048539714e-01,-3.477362471964081436e+00,-3.353264207007797815e-01
3.395604037714146650e-01,-3.475779130255383542e+00,-5.091089087750045872e-01
3.402939871729688814e-01,-3.474365421484069127e+00,-6.889677637193332149e-01
4.089007199422792782e-01,-3.541839486791781955e+00,-8.012805953071342469e-01
4.823211793386192325e-01,-3.614978095255401591e+00,-7.976465868330474551e-01
5.566432267710217374e-01,-3.689518367990569647e+00,-7.964912261381102976e-01
6.300356957687838211e-01,-3.763339415243888375e+00,-7.958594811703972871e-01
7.038119351879774666e-01,-3.838826506686635387e+00,-7.977036053932894388e-01
7.771984131181467470e-01,-3.913684462522351026e+00,-7.973045165508586551e-01
8.509511655807605601e-01,-3.989033328204450779e+00,-7.980991799965583278e-01
9.239195135560622774e-01,-4.063024116354369220e+00,-7.993422881996332663e-01
9.976630806527171380e-01,-4.138288973174816476e+00,-8.006026886235675377e-01
1.046029011718451418e+00,-4.184018367541431083e+00,-9.250923413517108118e-01
1.047191134066204343e+00,-4.183416025861884435e+00,-1.107587142102287370e+00
1.048723538692699853e+00,-4.182890412603454067e+00,-1.285870281361839229e+00
1.051370404621898569e+00,-4.182092854036796759e+00,-1.425250611339258677e+00
1.051366929930307670e+00,-4.184893151201520389e+00,-1.315031176106020494e+00
1.052798904712546113e+00,-4.183963719210636256e+00,-1.501339571578588439e+00
1.053718282565737407e+00,-4.285187543288430767e+00,-1.570340473483089250e+00
1.057185679887515661e+00,-4.325095595045607588e+00,-1.738330586410157030e+00
1.058305012337351636e+00,-4.325349832120297222e+00,-1.926147720193194468e+00
1.059985367816115964e+00,-4.325831999435556519e+00,-2.114489491355399320e+00
1.061740907222773922e+00,-4.326941817514631694e+00,-2.299954520602328856e+00
1.062860530068832077e+00,-4.328376107314389820e+00,-2.330942343424753371e+00
1.060602220683835695e+00,-4.329386342445080693e+00,-2.155450459052682177e+00
1.062455603671538462e+00,-4.331852271185721470e+00,-2.309534674057424297e+00
9.936485129116526815e-01,-4.405150115870699601e+00,-2.343834101077947540e+00
9.239940200601425291e-01,-4.479157643883537432e+00,-2.336729844749933616e+00
8.997493946629846473e-01,-4.509024424454165292e+00,-2.513029360231925136e+00
9.016362116881788680e-01,-4.510857749070146028e+00,-2.699436318819526281e+00
9.033871861081417265e-01,-4.512854666374237489e+00,-2.882257720840140980e+00
9.048220725757906147e-01,-4.515112560684415577e+00,-3.060762311447026818e+00
9.063369033695498622e-01,-4.517247724560220945e+00,3.036081504223966387e+00
9.073392823166303023e-01,-4.519647874193999826e+00,2.849134970993266958e+00
9.083209831826927205e-01,-4.522761217811226864e+00,2.666006991938313142e+00
9.090132835922939414e-01,-4.525445107276031109e+00,2.490315148724119076e+00
9.098762377600726481e-01,-4.528331082982141709e+00,2.314627468964489232e+00
9.095700693286180583e-01,-4.530635470422825328e+00,2.134156755843946041e+00
9.091487880236559516e-01,-4.532977738130454348e+00,1.960686766511324786e+00
9.072001340638734534e-01,-4.535259422592980094e+00,1.778136173205428383e+00
9.054899229103445801e-01,-4.537418462526043861e+00,1.600226200815479727e+00
9.039557837194960310e-01,-4.539422547611980718e+00,1.411323273151523505e+00
9.026964649057367396e-01,-4.541271439460142112e+00,1.221950398761948664e+00
9.013894806586139063e-01,-4.542079025092458089e+00,1.039936644494643181e+00
8.997277030332088144e-01,-4.541928856233433009e+00,8.608090669726490285e-01
8.976037550076455540e-01,-4.541403701192822773e+00,6.773850116536838106e-01
8.955276987490996543e-01,-4.540164842871030615e+00,4.993581444892144505e-01
8.935397160638679503e-01,-4.538562399477022780e+00,3.105785781789481836e-01
8.923205749387416175e-01,-4.537263216881556538e+00,1.305118522368697020e-01
8.910926261261959969e-01,-4.535475336603784768e+00,-4.883209486347465933e-02
8.896877711895705421e-01,-4.534041776523770828e+00,-2.288527222907091041e-01
8.883574760614983967e-01,-4.532454463136258660e+00,-4.101577863159446835e-01
8.872413079715172346e-01,-4.530903226489739311e+00,-5.929512409526167538e-01
8.862597798805882388e-01,-4.529394751604963965e+00,-7.707328958369813465e-01
8.857626873795119149e-01,-4.527766854907300242e+00,-9.529503959380191125e-01
8.858690445509488365e-01,-4.526063691265522770e+00,-1.138603585054790646e+00
8.862023789947078845e-01,-4.524473213119239112e+00,-1.313774631235245405e+00
8.864585326728603443e-01,-4.523432653388752556e+00,-1.504628463442694519e+00
8.876469548332779347e-01,-4.522368641750386331e+00,-1.679905306240240925e+00
8.892789381078057831e-01,-4.521090957533278498e+00,-1.856013741065222211e+00
8.912544858970161687e-01,-4.520495398233252082e+00,-2.038331013195669339e+00
8.929892328816750879e-01,-4.520324669733393641e+00,-2.221466688539512013e+00
8.399178008720253885e-01,-4.573024546132407053e+00,-2.363513358142764531e+00
7.679838800272529298e-01,-4.644172954367716599e+00,-2.355459859059191530e+00
6.960583211260050751e-01,-4.715704715809502012e+00,-2.344278808936791858e+00
6.259261383435007486e-01,-4.789571158517702543e+00,-2.238397521389433376e+00
5.631142767168028085e-01,-4.867464394485893742e+00,-2.230654218693211899e+00
5.011261774166253513e-01,-4.946996041264451804e+00,-2.127932819247286833e+00
4.489578918520074624e-01,-5.033877951040367726e+00,-2.077755596483051193e+00
4.392833213544956594e-01,-5.044892692019734781e+00,-1.901839750512936966e+00
4.381318592910345422e-01,-5.046250025407352346e+00,-1.710256358429287582e+00
4.358956710919736355e-01,-5.083822668654757848e+00,-1.552721308078908846e+00
4.396850037438175818e-01,-5.129012611974738789e+00,-1.377036491089079551e+00
4.408306060255928749e-01,-5.138374895257059372e+00,-1.199323227576054807e+00
4.485383283133958510e-01,-5.159770753724583159e+00,-1.019625098289839160e+00
4.799024311870733195e-01,-5.212769466115291905e+00,-1.076580613196229663e+00
5.251708439851864307e-01,-5.305863274991756917e+00,-1.086191520007422584e+00
5.286836009038017314e-01,-5.312894322760232768e+00,-1.260373995624807897e+00
5.298537456894000242e-01,-5.312420467620977860e+00,-1.436038917798273307e+00
5.316282883074412435e-01,-5.311979049081693383e+00,-1.613110572691531575e+00
5.340253450709372407e-01,-5.312056063723296973e+00,-1.800381285129244890e+00
5.362324941469434059e-01,-5.312271480818552050e+00,-1.978370385091657635e+00
5.391155368747408971e-01,-5.313203065142725556e+00,-2.165447494400445816e+00
5.415380361369658280e-01,-5.313975281008487705e+00,-2.350789344183667140e+00
5.435508223476508416e-01,-5.314862788483035061e+00,-2.525904479337403696e+00
5.454603951369497716e-01,-5.316593108344741303e+00,-2.631034620447743944e+00
5.429001221151640300e-01,-5.317185750915308873e+00,-2.452307711761297693e+00
5.410461862252456955e-01,-5.318367671351852621e+00,-2.276037640836386711e+00
5.382023052087452353e-01,-5.318480579242749862e+00,-2.091445451263676425e+00
5.352648139907647540e-01,-5.320558339110633916e+00,-1.912351393330132376e+00
5.281410333214366926e-01,-5.340493127679717844e+00,-1.732797243444769153e+00
5.244841036727951877e-01,-5.362135165249385160e+00,-1.550147324364152368e+00
5.262450878908937479e-01,-5.398256434051107000e+00,-1.387404703046271504e+00
5.335320592790551153e-01,-5.443919113010762700e+00,-1.217989338449974923e+00
5.719235095182620965e-01,-5.538085067558380814e+00,-1.132207898031263094e+00
6.109962048937527257e-01,-5.631853815056100387e+00,-1.133179905002429155e+00
6.242608299265234306e-01,-5.678164244606512590e+00,-9.662762676082570223e-01
6.237377807727085832e-01,-5.680354078306475429e+00,-7.813756269401488375e-01
6.240428437705167752e-01,-5.682219174960216890e+00,-5.959375361359573464e-01
6.249735486950931396e-01,-5.683941124924444033e+00,-4.182125999601471467e-01
6.254153790586288730e-01,-5.685777746941027111e+00,-2.459158024639233053e-01
6.265328230877664772e-01,-5.687314688643607674e+00,-6.452907254954894090e-02
6.278994894920603143e-01,-5.689213405870903628e+00,1.230584914147254405e-01
6.292885605216644862e-01,-5.691134326059908766e+00,3.101446991674914888e-01
6.312824484541768033e-01,-5.692168155422698383e+00,4.991227198191875436e-01
6.330432365120528537e-01,-5.693065919912794648e+00,6.809534051208364636e-01
6.795016528790573940e-01,-5.645961417663458271e+00,8.210601689045491369e-01
6.896605165859734932e-01,-5.636948286683240106e+00,9.954884297805799420e-01
6.915078670162734253e-01,-5.636597668709632636e+00,1.171608972800060933e+00
6.929292371371247317e-01,-5.635721697483009329e+00,1.353886129113920589e+00
6.940638352609954653e-01,-5.634671936639025880e+00,1.541532098006495488e+00
6.946954188389217189e-01,-5.633297543730954260e+00,1.718052450910693141e+00
6.950405658396439090e-01,-5.631552218899742890e+00,1.898929818414193393e+00
6.954586008514057616e-01,-5.629432501199460148e+00,2.074350714231872672e+00
6.396684519218699405e-01,-5.547545297307010514e+00,2.187051368807605645e+00
5.825158332391996430e-01,-5.464880033765509459e+00,2.187751317411719576e+00
5.235796696830413710e-01,-5.383081193608364678e+00,2.243576940420095589e+00
4.972418631280448587e-01,-5.339877249874539267e+00,2.062161615293820471e+00
4.833103930053413433e-01,-5.300322405873440168e+00,1.883060409629765619e+00
4.744686154549989654e-01,-5.251531883416407531e+00,1.698436221387084055e+00
4.749708346150640081e-01,-5.196813882844555366e+00,1.513408027448425619e+00
4.863908710424617587e-01,-5.135387745933750026e+00,1.338302906485183907e+00
5.154766855157241201e-01,-5.038611717567976100e+00,1.215190574609842589e+00
5.571833858251602489e-01,-4.949002041832007315e+00,1.086006995667075925e+00
6.045405167545265801e-01,-4.860443312247142877e+00,1.028895740558308569e+00
6.591229802885097966e-01,-4.772905276557583676e+00,1.024532111373821275e+00
7.137980306204676495e-01,-4.685564067065683069e+00,1.011256956382056149e+00
7.524384827424747124e-01,-4.633940498931194085e+00,8.349435395209591215e-01
7.950719466809056390e-01,-4.595379077017880398e+00,6.566403428545501963e-01
8.441673161532412539e-01,-4.564062956312717745e+00,4.760287869096406776e-01
8.973222939727860670e-01,-4.541540940026138173e+00,2.942922381236062757e-01
9.543107930674962214e-01,-4.529009277706664172e+00,1.141133096991270440e-01
9.978807550571704432e-01,-4.526541743723745626e+00,-6.304600915423309859e-02
1.035372683496856183e+00,-4.531897740134240848e+00,-2.535971901524486372e-01
1.085660413191651630e+00,-4.549409713259020549e+00,-4.321535696377904467e-01
1.172451737245775671e+00,-4.596300317085886711e+00,-5.428453431380855232e-01
1.220699548463543893e+00,-4.622149006693831552e+00,-3.785140862336250911e-01
1.241785239267989782e+00,-4.628755315404524673e+00,-1.994371799131048617e-01
1.254789060827964153e+00,-4.630790902184847901e+00,-1.260795832164855225e-02
1.260892496934483908e+00,-4.631477775924499163e+00,1.624567812081416096e-01
1.267188380703835771e+00,-4.631520374192596989e+00,3.459179769413065486e-01
1.284062066411552072e+00,-4.625158933075952383e+00,5.215643641279325005e-01
1.370176172156974737e+00,-4.570242628269540752e+00,5.896948319573893649e-01
1.455732188412203199e+00,-4.513398877635297346e+00,5.968876239396787575e-01
1.540784690702575288e+00,-4.455589683032430415e+00,6.010479253004111788e-01
1.625453974281784619e+00,-4.398622502972635573e+00,6.071727519250490479e-01
1.709361585409542750e+00,-4.340732448312866865e+00,6.067857199045236793e-01
1.718258297016452163e+00,-4.337690013275818046e+00,7.849927495637850638e-01
1.721429575789538369e+00,-4.337575253671177578e+00,9.674443426292839154e-01
1.724257020692117948e+00,-4.337174561396475170e+00,1.141469023409688255e+00
1.727237293456546530e+00,-4.335752646174136693e+00,1.323231337014828313e+00
1.729908579468544039e+00,-4.334360245733783756e+00,1.497348724922652252e+00
1.732490632201202141e+00,-4.332720493617721935e+00,1.684643473856745954e+00
1.738996976481188561e+00,-4.329071014094535208e+00,1.851909789632880221e+00
1.740611787052150694e+00,-4.327500304378261831e+00,2.042430459053256708e+00
1.741722497662093749e+00,-4.325555225842324880e+00,2.229275170827155872e+00
1.742046395148855620e+00,-4.323730528184067445e+00,2.412634405170946295e+00
1.741913373724005343e+00,-4.322294712263462735e+00,2.596027048809786741e+00
1.741287439685326399e+00,-4.320999757900259475e+00,2.779351945142725544e+00
1.740775679897173411e+00,-4.319614523145286711e+00,2.960071597285556688e+00
1.740332315639338878e+00,-4.318148797476665024e+00,-3.141303655523481453e+00
1.739403888752545146e+00,-4.316930642910860705e+00,-2.962252004643330938e+00
1.738285878244614224e+00,-4.315819166054149392e+00,-2.784510051690532340e+00
1.736966215296193328e+00,-4.315095657595287015e+00,-2.604741832497935672e+00
1.735910736150590772e+00,-4.314175765879448399e+00,-2.422692508510439158e+00
1.734058671551586217e+00,-4.313527872491827786e+00,-2.237439257327394682e+00
1.732112700103146441e+00,-4.313243891251940632e+00,-2.056459404022375814e+00
1.730447225378962450e+00,-4.314839248624282142e+00,-1.868930300946029632e+00
1.728751105376281183e+00,-4.316187163489169087e+00,-1.688643359122280696e+00
1.727452406439894395e+00,-4.318023341213828914e+00,-1.511020119786322002e+00
1.726608614169111044e+00,-4.320083529816902690e+00,-1.330026058362903330e+00
1.725857356620042360e+00,-4.322179499791030999e+00,-1.153032689278543188e+00
1.725321835903308676e+00,-4.324498408529535709e+00,-9.719678302164967976e-01
1.724876875842242585e+00,-4.327670196999103602e+00,-7.968256580542412149e-01
1.724927793982031332e+00,-4.331060024185124924e+00,-6.165743759979572802e-01
1.725667960286134228e+00,-4.333344776130418019e+00,-4.408460316315350180e-01
1.726616723447963020e+00,-4.335290227580543387e+00,-2.590744608720952913e-01
1.727866444719944106e+00,-4.337078264230060043e+00,-8.146469683982124343e-02
1.729304705201426096e+00,-4.339336606524160977e+00,1.004787903966930102e-01
1.730862798059532359e+00,-4.341347364275940812e+00,2.897061640978099706e-01
1.732619519736549041e+00,-4.343265840547050338e+00,4.716416051070513316e-01
1.734567401921037089e+00,-4.344872468571138846e+00,6.474842844470031222e-01
1.736744927976118680e+00,-4.346301616711031102e+00,8.349099579580737673e-01
1.738969140896494237e+00,-4.347198945709735085e+00,1.023291111387497399e+00
1.741076198729573310e+00,-4.347368407785687339e+00,1.208671743748678251e+00
1.742052921579041014e+00,-4.347732428334009747e+00,1.239703596403139096e+00
1.739844251239135220e+00,-4.348803434804065837e+00,1.060291968237954796e+00
1.738029798946275628e+00,-4.349186467912255161e+00,8.853650565306981912e-01
1.736086410835042448e+00,-4.348732526700689327e+00,7.056300359974219116e-01
1.734709484816421954e+00,-4.348117959777987984e+00,5.272812036806097113e-01
1.732992021232498736e+00,-4.347247425828200562e+00,3.458081807747815373e-01
1.731514338622863525e+00,-4.346276247246768420e+00,1.706751961845940357e-01
1.730267970426891067e+00,-4.345199262673869356e+00,-1.001736569491659852e-02
1.729213614769255836e+00,-4.343627972061454123e+00,-1.841680361180927927e-01
1.728815628454917430e+00,-4.342456958420934043e+00,-3.631610418778109528e-01
1.728361065419677933e+00,-4.341202247771784428e+00,-5.373590235668733728e-01
1.728224728621254869e+00,-4.339972572641052295e+00,-7.170297745822635793e-01
1.728348002454424659e+00,-4.338123169642252641e+00,-8.986030987793809377e-01
1.728634639306456222e+00,-4.336276789126366715e+00,-1.079022944378959403e+00
1.729516903835050856e+00,-4.334204768895734361e+00,-1.215061740276708768e+00
1.729516751601509528e+00,-4.337573602066173706e+00,-1.035066415291559849e+00
1.785854237977683834e+00,-4.423602852062110458e+00,-9.766748428544237415e-01
1.842897085195047691e+00,-4.507122569903256881e+00,-9.511624896758426040e-01
1.855701228898734234e+00,-4.524632935407267631e+00,-7.690274484300925195e-01
1.871019006275891128e+00,-4.539366532380666008e+00,-5.897969476060831440e-01
1.883590594113301986e+00,-4.552771994690787416e+00,-4.198000900061316654e-01
1.884903304160419069e+00,-4.554810790672134679e+00,-2.446573651839065167e-01
1.886095525224345870e+00,-4.556410025508318640e+00,-5.614503838366725896e-02
1.887902075253881318e+00,-4.557934018556663247e+00,1.312364113733931748e-01
1.889619176809933743e+00,-4.558889241996973318e+00,2.170551262523071900e-01
1.887794527466272632e+00,-4.557669415529825407e+00,3.440661634514131234e-02
1.886702428550590005e+00,-4.556604497636999263e+00,-1.489219559218151745e-01
1.885137039304175754e+00,-4.555998259874682432e+00,-3.335378364089812142e-01
1.883920706568214198e+00,-4.554900354775399229e+00,-5.184733141338842000e-01
1.883527825569420999e+00,-4.553908793694883883e+00,-6.957299623905403019e-01
1.905317695314972193e+00,-4.575646292160198136e+00,-8.507338968581737992e-01
1.915312701728615119e+00,-4.590326179245729499e+00,-1.026948488314493035e+00
1.931273214058543575e+00,-4.625957667248221661e+00,-1.076386424000769892e+00
1.954024337112870269e+00,-4.661373930719945768e+00,-9.093080788327888575e-01
1.954658433776606863e+00,-4.664961313708512414e+00,-7.255228972891752948e-01
1.955612839516091217e+00,-4.667804477251872974e+00,-5.407279874708028622e-01
1.956932732661309071e+00,-4.670804625653265596e+00,-3.627147796793495638e-01
1.958721159027438485e+00,-4.673530493894133109e+00,-1.805760245688263210e-01
1.960494806226501296e+00,-4.676487947696782221e+00,6.341257478102066934e-03
1.962003311455615684e+00,-4.679228210738418881e+00,1.928462711623390724e-01
1.963943660850084871e+00,-4.680828463165269682e+00,3.805745694455264228e-01
1.965380619990721778e+00,-4.681105145816779611e+00,5.702954623597827899e-01
1.966899042051902802e+00,-4.680321237775475929e+00,7.561056962143523075e-01
1.964492541843490203e+00,-4.677282242270194068e+00,6.645355920952578099e-01
1.961986919046037947e+00,-4.677425268832672067e+00,4.816589063567457973e-01
1.959989564248334704e+00,-4.677425082363420472e+00,3.067503713908497631e-01
1.958259689833745210e+00,-4.677330280274028418e+00,1.240129251509434205e-01
1.956604996793021245e+00,-4.677312091226022872e+00,-6.112943210291897633e-02
1.954663311500829170e+00,-4.676695742382301013e+00,-2.362932186479126673e-01
1.952757969422406870e+00,-4.675657931307827475e+00,-4.137874263741161962e-01
1.951635815895571779e+00,-4.674355065935970721e+00,-5.989665545303806127e-01
1.953658558865158268e+00,-4.675838463806875289e+00,-7.841426633716110928e-01
1.956641337082510201e+00,-4.678364628047431140e+00,-9.589431453022809748e-01
1.960187961601183027e+00,-4.683690002765729332e+00,-1.132338090300435862e+00
1.973294192514394529e+00,-4.726910789043196282e+00,-1.307441275585632612e+00
1.983918350661069807e+00,-4.800890726496559680e+00,-1.420777001409499585e+00
1.993899757727241928e+00,-4.861963640961748823e+00,-1.443094919115144537e+00
1.994024434826090708e+00,-4.914765893851946288e+00,-1.620047531901191107e+00
1.983107390139586590e+00,-5.015797481547632941e+00,-1.669010700910678935e+00
1.972836059426777533e+00,-5.117463950511744741e+00,-1.665613613907166002e+00
1.961995864512976029e+00,-5.219157171098151693e+00,-1.662974220924274826e+00
1.961295697455370135e+00,-5.246565832217304326e+00,-1.844845622977218547e+00
1.963511786481268340e+00,-5.247091520849068935e+00,-2.021399929814996277e+00
1.965896136214706491e+00,-5.247783004371841642e+00,-2.205937484388008851e+00
1.968473546972109300e+00,-5.249134844787204379e+00,-2.390747413040140490e+00
1.970331915778359422e+00,-5.251216935881650727e+00,-2.569343946325091110e+00
1.971935207546592128e+00,-5.253450266133562252e+00,-2.750711328648829390e+00
1.973517649528786055e+00,-5.255132264340849346e+00,-2.928130998030356036e+00
1.975215114738652522e+00,-5.256465239491770802e+00,-3.114103151079044451e+00
1.875430476667704349e+00,-5.259500964134235623e+00,-3.114646535130469740e+00
1.787402449134830817e+00,-5.261240115223273506e+00,-2.948010436288466707e+00
1.768823526866045937e+00,-5.264368805618623526e+00,-2.761830206887665007e+00
1.763330727442824042e+00,-5.264903659995061602e+00,-2.599743253482266425e+00
1.757733150652791343e+00,-5.266278845415984122e+00,-2.425978323786914803e+00
1.752403879329764491e+00,-5.268694175984870220e+00,-2.239575803637184226e+00
1.747338878854735045e+00,-5.272350662579186498e+00,-2.052210317541803164e+00
1.741745990376041275e+00,-5.282081023058416314e+00,-1.878031577025802923e+00
1.714544306327141054e+00,-5.379790656974784646e+00,-1.814453134667086687e+00
1.688218364666473015e+00,-5.478058763700757616e+00,-1.812466832797228422e+00
1.662211664814930101e+00,-5.575371349433798862e+00,-1.817202689957093442e+00
1.641510442253422797e+00,-5.645405999472407288e+00,-1.659250208791460013e+00
1.640104785532111364e+00,-5.647215250937228426e+00,-1.473594329455740981e+00
1.639171875492906105e+00,-5.649395989261297935e+00,-1.286403498906102838e+00
1.638898496637961166e+00,-5.651615148087588025e+00,-1.100565019569247793e+00
1.639139313899280470e+00,-5.653688912827162127e+00,-9.267959629874281680e-01
1.639312176837172563e+00,-5.656122727305640474e+00,-7.470736482547434276e-01
1.640261065654715855e+00,-5.658321923453083713e+00,-5.735751048103603367e-01
1.641291123636433147e+00,-5.661434418901126975e+00,-4.043141104228383242e-01
1.733349410219782394e+00,-5.700022273026299935e+00,-2.994669233373616901e-01
1.734846304829354091e+00,-5.702833329053382805e+00,-2.696504809371226274e-01
1.711717848779207074e+00,-5.700302670328293964e+00,-1.270549069107008988e-01
1.713647541880959135e+00,-5.702250463587211549e+00,4.358669041958807694e-02
1.715191015523150453e+00,-5.703590336202075228e+00,2.252848251506610333e-01
1.717158621931397899e+00,-5.705115579413712723e+00,4.132354846595151510e-01
1.719068653372546329e+00,-5.706350831659132261e+00,6.004095026332081364e-01
1.721499173914730729e+00,-5.707339998023156724e+00,7.728443697435336546e-01
1.724004873833924201e+00,-5.707572233559593755e+00,9.581929857757524038e-01
1.726712089589703458e+00,-5.707222147591753725e+00,1.127959039329388791e+00
1.729589426208979042e+00,-5.706811010464772238e+00,1.303704387153695965e+00
1.730454202128426378e+00,-5.705678742677250170e+00,1.492654062321707720e+00
1.730447738335794128e+00,-5.605942620463458148e+00,1.596388955700563050e+00
1.729515896002888908e+00,-5.504212230734307987e+00,1.599469299391885535e+00
1.727871647850453884e+00,-5.491847299310763653e+00,1.428097981655398474e+00
1.725825368674123395e+00,-5.492208340789591858e+00,1.243513046353386997e+00
1.753898082031287275e+00,-5.430909024145896602e+00,1.125337834467526443e+00
1.755121713928386562e+00,-5.429255063303092044e+00,1.313828430023960880e+00
1.778489342543604801e+00,-5.343395504294657705e+00,1.169002387814414012e+00
1.788292997994763711e+00,-5.327779051974611768e+00,9.950190501985221037e-01
1.853423598359253521e+00,-5.248020471374638340e+00,9.033516333376163665e-01
1.921515179783184646e+00,-5.172158386077083669e+00,7.455253828304223562e-01
1.962143193131759222e+00,-5.141130609837026633e+00,5.693452276867585482e-01
1.989671958540314201e+00,-5.125768488838192916e+00,3.804718644948359429e-01
2.008767900219325941e+00,-5.119031914125772964e+00,1.918816971974857122e-01
2.033887167401255525e+00,-5.116178823133048503e+00,-6.789607550783259733e-03
2.063989090028921058e+00,-5.117630709951537682e+00,-1.898601041968188130e-01
2.082043248867627039e+00,-5.121803216154956928e+00,-3.748013812771212039e-01
2.106263796661258958e+00,-5.134352766090355402e+00,-5.663923051427255384e-01
2.131170499121839867e+00,-5.153903508113588217e+00,-7.547306163890562525e-01
2.150991670259332800e+00,-5.176890344634882624e+00,-9.351893983149910383e-01
2.187031292921458370e+00,-5.242170016914792896e+00,-1.066989879465494617e+00
2.202760344421537564e+00,-5.265841654294244556e+00,-8.809211305296960060e-01
2.223101217526563200e+00,-5.286552576030553396e+00,-6.915452253014560124e-01
2.251190731260999112e+00,-5.305968736582252987e+00,-5.039898560910586189e-01
2.298258622580080512e+00,-5.325727891007654868e+00,-3.312315089161537718e-01
2.394217616575803120e+00,-5.358871613951997404e+00,-4.030661395821724113e-01
2.418322666107401542e+00,-5.371422053043513500e+00,-3.444337164257194051e-01
2.420520374497773464e+00,-5.372714471817638504e+00,-1.615928333400515338e-01
2.422864096998019079e+00,-5.374069700040491782e+00,2.250701228814831409e-02
2.425595079707391299e+00,-5.375880065683520392e+00,2.069510674736617650e-01
2.428175059223274257e+00,-5.377061866985526351e+00,3.961915706285443206e-01
2.431425069153489549e+00,-5.377874954698977028e+00,5.747049948734641589e-01
2.434528263021039862e+00,-5.379915290147440743e+00,7.588115272470927763e-01
2.437937742757277260e+00,-5.380918887744988943e+00,9.419841775526359706e-01
2.440939307968031269e+00,-5.381409208267514899e+00,1.124628313836357307e+00
2.443793131759925963e+00,-5.381142885539045295e+00,1.303255664822227322e+00
2.446419581617583550e+00,-5.381119414649284671e+00,1.487853166451147846e+00
2.447752916348461039e+00,-5.380878012469313632e+00,1.663652978715998598e+00
2.448597473499337429e+00,-5.380323894609935209e+00,1.845671004106449020e+00
2.448746163121948705e+00,-5.379880734821628430e+00,2.021292924480897923e+00
2.448155665280086435e+00,-5.379196293747801505e+00,2.197139907294604289e+00
2.447157625052712504e+00,-5.378698917806510771e+00,2.380993362034669936e+00
2.445883726770973432e+00,-5.378176724078075566e+00,2.568348508962759791e+00
2.444616889292081208e+00,-5.377619905570848680e+00,2.744926669085176130e+00
2.443328952638903484e+00,-5.376920111228338683e+00,2.933144765145180521e+00
2.441987312846729541e+00,-5.376510242355696079e+00,3.112868274355332421e+00
2.440355022202389090e+00,-5.375860047141161502e+00,-2.987792793103196232e+00
2.438370769777943980e+00,-5.375329052286905274e+00,-2.802681282610994362e+00
2.437001005605807791e+00,-5.374627143505454896e+00,-2.622473694665055088e+00
2.435312700536719444e+00,-5.373735252461981915e+00,-2.444639521818805505e+00
2.433999041519479434e+00,-5.372972651075304640e+00,-2.265071962833227648e+00
2.432560895577573046e+00,-5.372538631737517001e+00,-2.084549364231086610e+00
2.431045660033694489e+00,-5.372438282162641521e+00,-1.903678447731721901e+00
2.429714085529647072e+00,-5.373082157706138062e+00,-1.723313764705259432e+00
2.428646472639493847e+00,-5.374299186543862739e+00,-1.536356039833193243e+00
2.427915786562542255e+00,-5.376167938940943358e+00,-1.348046290707481054e+00
2.427363674771570778e+00,-5.380214819608470478e+00,-1.174722836555240013e+00
2.436448783528258222e+00,-5.400230561470248603e+00,-9.950288684860371102e-01
2.492990051338362267e+00,-5.485202971432277863e+00,-9.726884450668064064e-01
2.548718924922804163e+00,-5.569620515941736905e+00,-9.763383043885782708e-01
2.604930041959245823e+00,-5.653730744387120311e+00,-9.721525084754714108e-01
2.644489221492462683e+00,-5.705124765411514254e+00,-7.934675091528199387e-01
2.654899727302298285e+00,-5.718141713542340021e+00,-6.089827007818637838e-01
2.656158317535764368e+00,-5.720733506075074359e+00,-4.182380097453912704e-01
2.657205523861203122e+00,-5.723678394855857832e+00,-2.310550169797776221e-01
2.658824425148126558e+00,-5.726613512711053566e+00,-4.233778952170485360e-02
2.660386320909706726e+00,-5.728913365987940765e+00,1.416249675782680351e-01
2.662468502886838007e+00,-5.731064768814828625e+00,3.207870489138246461e-01
2.664599885790881917e+00,-5.732816407679807824e+00,4.991704968965573475e-01
2.663186207967703112e+00,-5.732719997366926279e+00,3.232322748640313326e-01
2.661063732731883569e+00,-5.732313984251926620e+00,1.438999477649010872e-01
2.659783293840763729e+00,-5.731612938262963475e+00,-3.651146836686232355e-02
2.658447523655887768e+00,-5.730663429190547831e+00,-2.106910115973383291e-01
2.661014558612145198e+00,-5.730766252057538424e+00,-3.841189204752576969e-01
2.664575363658860940e+00,-5.732043778730956163e+00,-5.580340589630967685e-01
2.677052085426765426e+00,-5.741991085202900358e+00,-7.331059347021675610e-01
2.683468262652055625e+00,-5.748433724408976708e+00,-9.076890083290610756e-01
2.693341779441892125e+00,-5.763559157521111587e+00,-1.082855683449203577e+00
2.711943904615245149e+00,-5.802686772920107039e+00,-1.251293090492287208e+00
2.719529043294827364e+00,-5.849396521650802150e+00,-1.428519889206250726e+00
2.719875179287290390e+00,-5.905064392101612825e+00,-1.608567642115725338e+00
2.706728827097394152e+00,-6.005374909648149462e+00,-1.776599310951155752e+00
2.685445881341379071e+00,-6.066051438100401150e+00,-1.957866284617026942e+00
2.641813749514159593e+00,-6.159437865448130545e+00,-1.998536376164378625e+00
2.598178259577913707e+00,-6.252354567208439740e+00,-1.999376930418393705e+00
2.555370976229569546e+00,-6.343892259167276393e+00,-1.952070056464923598e+00
2.547588911561008196e+00,-6.362747329232087523e+00,-1.776010382703946844e+00
2.545622250851103274e+00,-6.364257276996845292e+00,-1.589947795510523898e+00
2.543633563710909762e+00,-6.366401062046954884e+00,-1.409657812418935841e+00
2.541600153956388386e+00,-6.368608516134834474e+00,-1.226796662985421893e+00
2.540979723883249441e+00,-6.370957070227396102e+00,-1.048578725308628501e+00
2.540828172879370683e+00,-6.373406756727846734e+00,-8.649274720316105780e-01
2.541309006360812361e+00,-6.375962951815491664e+00,-6.376512769302487005e-01
2.541915375144621070e+00,-6.377971305811557023e+00,-4.599318670557278610e-01
2.542376850308222025e+00,-6.379682208031084656e+00,-2.702534992981618922e-01
2.543195569494709485e+00,-6.381348051423819001e+00,-7.853573193316765177e-02
2.544529408447638641e+00,-6.383326959337988882e+00,1.300896504273973409e-01
2.545988040574081790e+00,-6.385460069390603621e+00,3.316619509272214494e-01
2.548456074423081752e+00,-6.387312534397595165e+00,6.180276340856921680e-01
2.550607042222329479e+00,-6.388631799469926875e+00,8.459191069948568398e-01
2.552649414190004684e+00,-6.389326342415891702e+00,1.020228273315540335e+00
2.554725309609485517e+00,-6.389492301963715093e+00,1.212186403032289306e+00
2.556576230478879275e+00,-6.388463971166625122e+00,1.436268628996637320e+00
2.557980204719682682e+00,-6.387606007917582929e+00,1.610713186907779981e+00
2.559250716159662264e+00,-6.386199389340777799e+00,1.824320554281159357e+00
2.559883183891121572e+00,-6.384500493961426493e+00,2.003627465137251207e+00
2.560176178946049763e+00,-6.382005695402923173e+00,2.262754722206084868e+00
2.559740241041089881e+00,-6.379816726171190666e+00,2.483283160149428959e+00
2.558871049327412717e+00,-6.377932359960935216e+00,2.706499457658837038e+00
2.557564936825272195e+00,-6.376465385564406674e+00,2.883232016980927348e+00
2.555703694513778323e+00,-6.373985095441787152e+00,3.126655422704745391e+00
2.554094152745225443e+00,-6.372482909533082385e+00,-2.979438037154428898e+00
2.552148724568094718e+00,-6.370876250464416302e+00,-2.744768446654231919e+00
2.550299647022283622e+00,-6.369406259933125369e+00,-2.557293655928202014e+00
2.548359735977795637e+00,-6.368575230987064906e+00,-2.378910485990577861e+00
2.547322251627655021e+00,-6.368869439652984354e+00,-2.366849407729719967e+00
2.548874413203074951e+00,-6.369868448660578331e+00,-2.558922786548547101e+00
2.549564180679406267e+00,-6.370766852827268067e+00,-2.653300622287304122e+00
2.547318667192848274e+00,-6.369849096111999565e+00,-2.475407578356246141e+00
2.544963858417249369e+00,-6.370006224089693525e+00,-2.356343469944881974e+00
2.546928126395069381e+00,-6.370840029815306060e+00,-2.541936476148421331e+00
2.548535072097501075e+00,-6.372220667490752000e+00,-2.717407349511680170e+00
2.550207297627442582e+00,-6.374155871210535729e+00,-2.901890015759414965e+00
2.452819725716726129e+00,-6.390833117605072111e+00,-3.003577572482169167e+00
2.351580790841868662e+00,-6.406666162932546982e+00,-2.980408336359961385e+00
2.252937755986973656e+00,-6.431016269946118413e+00,-2.933467734416971506e+00
2.154593850560226009e+00,-6.453460022832188336e+00,-2.930626631496134227e+00
2.055674521646075892e+00,-6.476535675490446842e+00,-2.925663912966403934e+00
2.015148831842669352e+00,-6.485252639030733235e+00,-2.758177973533507021e+00
2.012560462899322555e+00,-6.484666319549662994e+00,-2.576002214862474382e+00
1.932192381368818435e+00,-6.545465067875197107e+00,-2.481294068476304737e+00
1.851072436241541830e+00,-6.608445172690068148e+00,-2.479284189831234553e+00
1.771544885477893461e+00,-6.671054939066409339e+00,-2.476969321398731161e+00
1.692174441069440149e+00,-6.734844409909387153e+00,-2.471115372870411608e+00
1.641984207825811337e+00,-6.781662102376022183e+00,-2.633781865607250250e+00
1.643492078785586230e+00,-6.783182931052754050e+00,-2.821378832955954152e+00
1.645001168735046759e+00,-6.785093633035787164e+00,-3.008013692903629632e+00
1.646445577147279904e+00,-6.786402383816207085e+00,3.094146473016866850e+00
1.647744330270237034e+00,-6.788332075412784050e+00,2.907518576507628794e+00
1.567920842313964558e+00,-6.762409293630866181e+00,2.848138014479054014e+00
1.540151517474799947e+00,-6.754832812388361418e+00,2.754958650627975736e+00
1.535088587252452008e+00,-6.752846701801523466e+00,2.834601406460126150e+00
1.533911171025031051e+00,-6.752911047834823322e+00,2.845314566452318061e+00
1.534539080615003437e+00,-6.754818317699013974e+00,2.661148161094710751e+00
1.454217274360301015e+00,-6.701804917781098325e+00,2.529215633719381184e+00
1.399260729127952407e+00,-6.666861111213925994e+00,2.313118941037589416e+00
1.398479193149073652e+00,-6.667439820215464330e+00,2.333680484515056275e+00
1.397632449742310934e+00,-6.666116319836331350e+00,2.512946586949988514e+00
1.396593246361798268e+00,-6.665222732691201024e+00,2.687037208774980535e+00
1.395824486254432450e+00,-6.664196035064221313e+00,2.868904649199932155e+00
1.394701918382849515e+00,-6.663209178074206207e+00,3.071768674101735375e+00
1.393805097128199444e+00,-6.662182046177991701e+00,-3.037487648973139720e+00
1.392305780570977314e+00,-6.660992225241336939e+00,-2.861003080946297850e+00
1.390762906246802322e+00,-6.659895631406231864e+00,-2.680436930956951347e+00
1.389040233759266663e+00,-6.658898398804888430e+00,-2.499324002940950251e+00
1.387252910870977685e+00,-6.658452824343898513e+00,-2.324635283466191638e+00
1.385349437984889187e+00,-6.658400040826431443e+00,-2.144651975500011520e+00
1.383229623232779648e+00,-6.658386915564116215e+00,-1.964200550987390548e+00
1.381683541467204179e+00,-6.658899131026411844e+00,-1.785101334702130060e+00
1.379912709751497601e+00,-6.659293986722829572e+00,-1.606928340088666474e+00
1.378712736037879028e+00,-6.660245990516072467e+00,-1.431382457032825739e+00
1.378073458233840753e+00,-6.661787195132466977e+00,-1.250064632917030627e+00
1.377292271608952623e+00,-6.662949527551563556e+00,-1.069895089385252573e+00
1.377099113142785214e+00,-6.664673596227472352e+00,-8.953948628794891063e-01
1.377772472708417739e+00,-6.666410506075962417e+00,-7.155515998628725338e-01
1.378225809291974580e+00,-6.668298580321408764e+00,-5.411244541056268176e-01
1.378319989965921977e+00,-6.670258887348982313e+00,-3.601749066233185248e-01
1.377491006769466786e+00,-6.669972432809827545e+00,-4.625581523990818233e-01
1.376076178523986115e+00,-6.668237775933089750e+00,-6.385712061247821314e-01
1.438732512712528111e+00,-6.718599705464333383e+00,-7.151359528363121498e-01
1.509486102260185758e+00,-6.772379061175234582e+00,-6.792196171647930658e-01
1.580770256932111595e+00,-6.843223356961574133e+00,-8.238716794790683640e-01
1.637211759882193141e+00,-6.907687050695074049e+00,-9.866458975912810736e-01
1.653645248580863480e+00,-6.938141475767112709e+00,-1.162396310625741336e+00
1.654126237800898735e+00,-6.936530382349063828e+00,-1.351009683758256807e+00
1.655482998418784879e+00,-6.935152306773418651e+00,-1.530219499672436978e+00
1.657206228661434189e+00,-6.933779094112195729e+00,-1.711986125790118995e+00
1.659077429619146837e+00,-6.932629662033813922e+00,-1.898854549308772954e+00
1.661748425168369625e+00,-6.932164520298474741e+00,-2.083651625122151518e+00
1.648025756117888596e+00,-6.952781362658675413e+00,-2.243692091111399556e+00
1.626925872387828376e+00,-6.969577762177814328e+00,-2.181105982375766139e+00
1.625128031110479876e+00,-6.970330176447403048e+00,-1.992211376974137638e+00
1.623560947654087316e+00,-6.971093069810809340e+00,-1.805517329427952733e+00
1.622540054091109241e+00,-6.972551905832718333e+00,-1.623624848737953208e+00
1.621688080573221002e+00,-6.974259580383008306e+00,-1.437165113924470550e+00
1.621029782461311575e+00,-6.976364338730789427e+00,-1.261013172204078492e+00
1.620660278328219128e+00,-6.978989704867068156e+00,-1.074448888514018208e+00
1.669725710356016579e+00,-7.068517341085052585e+00,-1.050887772879525173e+00
1.723445021332102645e+00,-7.155605312066849244e+00,-9.684811617064497113e-01
1.778985841917144484e+00,-7.240483669944275391e+00,-9.728611520737263652e-01
1.833473556554062078e+00,-7.325201404996412258e+00,-9.773366641720103720e-01
1.888208543570830455e+00,-7.411371741286531645e+00,-9.788503485479413957e-01
1.927104153961081368e+00,-7.475951182381343152e+00,-8.143241863871855113e-01
1.927106933431786073e+00,-7.477819195113438511e+00,-6.275165649941550905e-01
1.928062170904037753e+00,-7.480117239240550830e+00,-4.365111574692996932e-01
1.928972774913109367e+00,-7.481943467900036282e+00,-2.492289974261359675e-01
1.929693415321220185e+00,-7.484114769856160976e+00,-6.803679659781486366e-02
1.930907496398402534e+00,-7.486033939298038398e+00,1.114076700566644512e-01
1.931837619430984976e+00,-7.488121106797745341e+00,2.949018697163632297e-01
1.933421191634228764e+00,-7.490299437343360012e+00,4.715214703084514847e-01
1.935187768468688008e+00,-7.492169896972182386e+00,6.510394035168254323e-01
1.937110775488527725e+00,-7.493288411837226271e+00,8.320363073733119119e-01
1.939072474410820091e+00,-7.494146626841537540e+00,1.012783365449694717e+00
1.940861007172087760e+00,-7.494664314742253808e+00,1.192815957805568150e+00
1.942282015238915305e+00,-7.494439149152363200e+00,1.373035159793013049e+00
1.943866521165218408e+00,-7.494164260431628755e+00,1.553920125753185610e+00
1.945120740093532197e+00,-7.493552602508056992e+00,1.742414937605115677e+00
1.945977581334352058e+00,-7.492499812851820984e+00,1.921941893921513156e+00
1.946322755238558466e+00,-7.492075593496848818e+00,2.084015335456098850e+00
1.946296297726965774e+00,-7.491141634273033034e+00,2.262998923061148915e+00
1.883004876199643185e+00,-7.415517971184865331e+00,2.264095038400359527e+00
1.818470678338082847e+00,-7.340552939172693137e+00,2.271553387888410214e+00
1.753300359517368845e+00,-7.265463528418885986e+00,2.277961369554671656e+00
1.696683566679651367e+00,-7.201035294457356351e+00,2.277482109907305041e+00
1.639215406396496988e+00,-7.118084797136487119e+00,2.161525993389712408e+00
1.583736472937339768e+00,-7.034318393284771709e+00,2.167187626883909868e+00
1.527568009206205168e+00,-6.950226988039502451e+00,2.168883415281137594e+00
1.504743125245862956e+00,-6.912964337322617503e+00,1.994015178745937256e+00
1.498625919391033845e+00,-6.895258035038943412e+00,1.814507999606591371e+00
1.496073702848879972e+00,-6.877178284565748534e+00,1.636268916862452238e+00
1.496846617916169242e+00,-6.858810951025664515e+00,1.460607745621689046e+00
1.500923362192681187e+00,-6.840452577562603942e+00,1.285240251636848630e+00
1.508165546629043119e+00,-6.822335882960317122e+00,1.108040550020850334e+00
1.517844310976231403e+00,-6.805487950881819792e+00,9.330707014946513222e-01
1.529973581316556919e+00,-6.790745761895596644e+00,7.585116395095091724e-01
1.607810130975240392e+00,-6.727225031289806090e+00,6.616796161733833337e-01
1.686791717333867568e+00,-6.663098134267210426e+00,6.709735335131097322e-01
1.765546502617901803e+00,-6.597885619535104773e+00,6.785099586352152379e-01
1.843277398796095534e+00,-6.532569996768414988e+00,6.864181011479323358e-01
1.920393906855052846e+00,-6.465974168937203004e+00,6.894945734023710804e-01
1.996333965642532515e+00,-6.402172315595348273e+00,5.211164126416484299e-01
2.011859586165389402e+00,-6.393367637240923607e+00,3.431488823990775927e-01
2.028709470216775834e+00,-6.387696410179734663e+00,1.624346427004503546e-01
2.046646555861808547e+00,-6.385083086848442946e+00,-2.143622697944944089e-02
2.064283792460046119e+00,-6.385775105523877393e+00,-2.017809977575761582e-01
2.080940838179079044e+00,-6.389455594887865075e+00,-3.835447246609992034e-01
2.170996790435014923e+00,-6.434572535455371778e+00,-5.291637920151772700e-01
2.259006579690609584e+00,-6.482703855292471395e+00,-5.214192786192578533e-01
2.348298495680752662e+00,-6.530584114585900934e+00,-3.789713472731057187e-01
2.446888744892212308e+00,-6.556730658676088730e+00,-2.580953249362366031e-01
2.504821688907778565e+00,-6.564050373296367091e+00,-8.553704745016564581e-02
2.527489951209574315e+00,-6.564918019443183539e+00,9.037751833470586416e-02
2.627442314887989294e+00,-6.542962520375204427e+00,2.229800029525352834e-01
2.691416160968467697e+00,-6.526381022598599202e+00,3.996748756365027244e-01
2.703067944348089835e+00,-6.522906956438862203e+00,5.779844271804758238e-01
2.706397306023437643e+00,-6.523858929221789893e+00,7.622747708040727987e-01
2.778888221284114834e+00,-6.452260534058621211e+00,8.006254457201801289e-01
2.850717138085634872e+00,-6.380504302624187218e+00,8.000891643152927557e-01
2.922787430667433295e+00,-6.308034397401975468e+00,7.957380408010080730e-01
2.995655228372118284e+00,-6.235011394406342333e+00,7.938659195545599845e-01
3.067899740562921806e+00,-6.163473086784383881e+00,7.912259347530201659e-01
3.127548716868806533e+00,-6.100925224536133840e+00,6.137959935464749606e-01
3.212575976533920574e+00,-6.044691166010937700e+00,5.877986329513400499e-01
3.297542724456367313e+00,-5.987274618819991012e+00,5.932433684852993494e-01
3.381986358105568691e+00,-5.929857560872734190e+00,5.976326932414420812e-01
3.435409905811010578e+00,-5.891073915374374081e+00,4.257132875647799963e-01
3.434339045393286938e+00,-5.889135267336524926e+00,2.572733750131139807e-01
3.433040059699747903e+00,-5.887455189549309686e+00,7.869561535931141050e-02
3.432028030324964174e+00,-5.886040315404679646e+00,-9.718140333637519113e-02
3.431470491885232565e+00,-5.884437451069655545e+00,-2.820925562178699941e-01
3.431101362598795834e+00,-5.882204924138968671e+00,-4.690742536810268981e-01
3.431011009694591163e+00,-5.879984926010032531e+00,-6.569047002664311075e-01
3.431877009932861267e+00,-5.876490707560645177e+00,-8.271363711823298548e-01
3.399444553083912801e+00,-5.827854931762902702e+00,-7.772562988000499828e-01
3.401253364549973401e+00,-5.828149101553624867e+00,-5.864112098850440269e-01
3.402723003914602806e+00,-5.829286563924081399e+00,-4.025562631551506398e-01
3.403730566411766745e+00,-5.832043155414305069e+00,-2.242921484803815646e-01
3.404746567426730763e+00,-5.834692252565233161e+00,-5.118884359224752656e-02
3.406250939534647415e+00,-5.836987214619969500e+00,1.252596255243927648e-01
3.407957683887682165e+00,-5.838969418675310941e+00,3.007763852352428602e-01
3.409760155298401596e+00,-5.840994680311167642e+00,4.790840880974104321e-01
3.496608391630992241e+00,-5.789061009158733562e+00,5.463111529449105053e-01
3.581951219692201427e+00,-5.738861981072811425e+00,7.210884211087834617e-01
3.584658803787519776e+00,-5.739365399805524959e+00,9.066595332707806376e-01
3.587266405441913886e+00,-5.739006075027491605e+00,1.092870976533195204e+00
3.588502158758409610e+00,-5.738527769776412768e+00,1.273795961670852073e+00
3.589482175809323383e+00,-5.737480698229644460e+00,1.451010448429559840e+00
3.590846133489019376e+00,-5.735788426893571490e+00,1.636144049745336337e+00
3.591904014211379614e+00,-5.734407787089213393e+00,1.818581945123050048e+00
3.592492411826095910e+00,-5.732860695417267394e+00,1.934271767831338584e+00
3.592207910714049213e+00,-5.734713606872159808e+00,1.813699457478320065e+00
3.593446815316201803e+00,-5.733029886250092133e+00,1.987844621381125165e+00
3.593242415767449405e+00,-5.730498166213490840e+00,2.172988143344605660e+00
3.536153948301551608e+00,-5.647623058737780255e+00,2.175521207009239344e+00
3.485478266160724203e+00,-5.570329028799408277e+00,2.125010248514086264e+00
3.474055782757042188e+00,-5.551972004116104920e+00,2.301069989275955407e+00
3.459832166764742922e+00,-5.536756442247375176e+00,2.198565843980629264e+00
3.459875550631727137e+00,-5.537150743581696233e+00,2.191576987476606675e+00
3.459336388148862795e+00,-5.534774427275715780e+00,2.375558601779736989e+00
3.458412582416045211e+00,-5.532047453281675686e+00,2.559774296995207976e+00
3.457782743510580570e+00,-5.531415928596408627e+00,2.517390473233430903e+00
3.431860454128628390e+00,-5.508222800087898996e+00,2.516725125349493108e+00
3.430202759195566831e+00,-5.505875601692609145e+00,2.703388480773586178e+00
3.428513577933887113e+00,-5.503552539026094870e+00,2.886807549185935962e+00
3.427439539802810575e+00,-5.501709458861636648e+00,3.075392569441936175e+00
3.425679123549348670e+00,-5.499841912963082891e+00,-3.027412718451857998e+00
3.423917453837388436e+00,-5.497705891897786579e+00,-2.842567164445307437e+00
3.422288203720501798e+00,-5.495790094247992918e+00,-2.650007157708042183e+00
3.420141640582802456e+00,-5.494052398891613898e+00,-2.457633724206315762e+00
3.417852767820023008e+00,-5.492814603781122962e+00,-2.273511766994754435e+00
3.415086950208817917e+00,-5.492295677387026842e+00,-2.071187432004850226e+00
3.412711365201996472e+00,-5.492508074056115852e+00,-1.885091746216610353e+00
3.410368321572481154e+00,-5.492807977508382677e+00,-1.708895576873378008e+00
3.408083547153517134e+00,-5.493772706026590846e+00,-1.526256731950011991e+00
3.406400563991955899e+00,-5.494629038592004022e+00,-1.341799512446533615e+00
3.405092163133257799e+00,-5.496172303555367122e+00,-1.129358173081111527e+00
3.403851627336443642e+00,-5.497769582355907403e+00,-9.270304873524928269e-01
3.403557336664410737e+00,-5.499287113206969835e+00,-7.425680877232223587e-01
3.403603067384136871e+00,-5.500812698796307743e+00,-5.597147459087985499e-01
3.403755828315517817e+00,-5.502444333677728672e+00,-3.770472204420350359e-01
3.404250714833134239e+00,-5.504233961464958469e+00,-1.741709388655927337e-01
3.404912064482799483e+00,-5.505432328025198885e+00,9.306866191610372110e-03
3.405915693583508208e+00,-5.506638169978662845e+00,1.906823257721566578e-01
3.406851807064026350e+00,-5.507525887005256138e+00,3.732539308824284197e-01
3.408450932092375041e+00,-5.508822780831771126e+00,5.540780088139747317e-01
3.410320931224442464e+00,-5.509894260451412507e+00,7.297747728781472931e-01
3.414712804206753827e+00,-5.512158528516944322e+00,8.997634160483767296e-01
3.414604027015543775e+00,-5.510091314845379173e+00,1.087042528934795360e+00
3.416393905486009519e+00,-5.509419098745029331e+00,1.273733536800423671e+00
3.417728740912866936e+00,-5.507829958472777676e+00,1.459601518290437605e+00
3.418794478489263433e+00,-5.506030025824465213e+00,1.643672973228523349e+00
3.419454118929201147e+00,-5.503772365204127937e+00,1.831024263526360496e+00
3.419566138682468726e+00,-5.501645265717417743e+00,2.006777969928812855e+00
3.419617519153804519e+00,-5.499149969534406601e+00,2.193157793897003938e+00
3.356678623702591402e+00,-5.421042012989209624e+00,2.258720836079906036e+00
3.288662899497782455e+00,-5.337872707817612472e+00,2.256284806810394006e+00
3.224671113403643652e+00,-5.259847377839176552e+00,2.257885341327032780e+00
3.158932901324697617e+00,-5.179317823232246987e+00,2.254647341959768347e+00
3.095119949645983137e+00,-5.101341582475150460e+00,2.255350107504307200e+00
3.044160348772294356e+00,-5.041444485144967125e+00,2.083609744119510054e+00
3.043463028787519953e+00,-5.042119147153060865e+00,1.898462618191408824e+00
3.042274447389282432e+00,-5.043092185393849292e+00,1.710374902805543051e+00
3.040477020038186762e+00,-5.044164430574087810e+00,1.535217253223737144e+00
3.038212556098464301e+00,-5.044908117396285085e+00,1.355353421034357853e+00
3.035179892764281462e+00,-5.044828780969963233e+00,1.189291535697873714e+00
3.032299213621504563e+00,-5.045186898860091418e+00,1.012603342814235141e+00
3.029919840471587911e+00,-5.043822982639483143e+00,9.875850655279284629e-01
3.031749977446280830e+00,-5.042938107801238523e+00,1.175237532782668959e+00
3.033421420978158700e+00,-5.041537606448358133e+00,1.356914942682633018e+00
3.034565425262031990e+00,-5.040895674063695431e+00,1.537511115055647304e+00
3.035301242510077824e+00,-5.039252686879122756e+00,1.719077821485142099e+00
3.035662960720223236e+00,-5.037534181625497709e+00,1.900064869374470167e+00
3.029173168618607193e+00,-5.020903889529138020e+00,2.065062247239432658e+00
3.028436994093055112e+00,-5.018463112059457387e+00,2.239071283788045985e+00
3.027966727679805903e+00,-5.016419135334247770e+00,2.420466788792721147e+00
2.962832894797271077e+00,-4.962910262147236296e+00,2.284713078834781808e+00
2.962381793501136507e+00,-4.964124453103534229e+00,2.094904414060684061e+00
2.961172280878276553e+00,-4.965902531470688608e+00,1.893054972227303123e+00
2.959393396206281057e+00,-4.966963830761853771e+00,1.672736879976090885e+00
2.956874150372501120e+00,-4.968003571257352924e+00,1.459599934940995603e+00
2.954485620508004562e+00,-4.968336625124386785e+00,1.245526378215186636e+00
2.950821776009134201e+00,-4.968625730244817795e+00,1.069807407585058323e+00
2.946619021973833075e+00,-4.967093399372063622e+00,9.347294362114217936e-01
2.924171649361362757e+00,-4.996845887850479784e+00,1.110379175748413161e+00
2.925750419679741032e+00,-4.996210628976293755e+00,1.291614421745056029e+00
2.927100697786818362e+00,-4.995507410127975056e+00,1.470069203056010076e+00
2.928546479603804542e+00,-4.994229636206428680e+00,1.650573768432876731e+00
2.929642479430663027e+00,-4.992437045431985965e+00,1.830062232323584226e+00
2.930245945445932421e+00,-4.990611081929648307e+00,2.006702118288292702e+00
2.930353937692936395e+00,-4.987949673419073804e+00,2.179172627450332911e+00
2.887154381410180992e+00,-4.932231201755974404e+00,2.076346913938781569e+00
2.886545225474143272e+00,-4.933519143945260588e+00,1.890084631796165260e+00
2.885194374359068892e+00,-4.934322689441038357e+00,1.714053573426397303e+00
2.883323724946683431e+00,-4.934901080412039676e+00,1.533539671736801946e+00
2.881366541979753837e+00,-4.935354872006175064e+00,1.351974043981546414e+00
2.879295063824148126e+00,-4.935120002809441075e+00,1.168909071128514388e+00
2.877224103398005717e+00,-4.934454301551272515e+00,9.875179782097465164e-01
2.875242192651275452e+00,-4.933490307755439730e+00,8.095101801942757858e-01
2.906027246694675270e+00,-4.901596690587943783e+00,9.005061248770901416e-01
2.908279819013296574e+00,-4.900722586093444022e+00,1.091489207223499847e+00
2.910367812992051828e+00,-4.899687342191749728e+00,1.273906133169711685e+00
2.911813110217603473e+00,-4.898094721864900691e+00,1.447624791667690536e+00
2.912998198090048341e+00,-4.896581221232070291e+00,1.626539564830929763e+00
2.914010714617756292e+00,-4.894930726199990367e+00,1.803232730511547866e+00
2.914216118592590998e+00,-4.893688663556576834e+00,1.984641506851710036e+00
2.861985047227570966e+00,-4.807257817758054053e+00,2.134374973648972329e+00
2.806847665723531726e+00,-4.720733621431441485e+00,2.138373276570238346e+00
2.754424294274001372e+00,-4.633370238289999499e+00,2.173157943904528100e+00
2.695836239466227635e+00,-4.550916650528045615e+00,2.182114997668783918e+00
2.636517887289032913e+00,-4.469119399492993416e+00,2.185252239740850921e+00
2.576347728670177251e+00,-4.387599408836397430e+00,2.190710754138259997e+00
2.519135124747974519e+00,-4.314685965676433810e+00,2.023627965975859144e+00
2.518224151620687579e+00,-4.316896189578964815e+00,1.841677389493113326e+00
2.517254996491666397e+00,-4.318730115740918585e+00,1.653519082492304060e+00
2.515963312072214464e+00,-4.320234626883889817e+00,1.466854522707937480e+00
2.514147282583280685e+00,-4.321810145933199898e+00,1.279565520382300203e+00
2.512294681951793951e+00,-4.322616804684970226e+00,1.096710235809588596e+00
2.510303854180213179e+00,-4.322856254844325008e+00,9.196438075433271964e-01
2.507925876028608947e+00,-4.322447428784403023e+00,7.325365451396933514e-01
2.433515024556299089e+00,-4.384330068406489644e+00,6.939420171298563700e-01
2.443982572794284547e+00,-4.376415727636853603e+00,8.618667580564097763e-01
2.454204414151579972e+00,-4.365157532340530722e+00,1.036823928545919316e+00
2.463097905363243356e+00,-4.350969887957135462e+00,1.210253347585011463e+00
2.470292339199907872e+00,-4.331925250405072703e+00,1.386597971351292591e+00
2.473585359296684327e+00,-4.317726200929402403e+00,1.559687166032733385e+00
2.474505627864874935e+00,-4.298786919952267027e+00,1.735736053949809010e+00
2.471335424714379059e+00,-4.280581983043198591e+00,1.913034955489501199e+00
2.466464084872163731e+00,-4.266542807670519188e+00,2.091237018668707481e+00
2.409931481461559777e+00,-4.184959178203516927e+00,2.210962706599313154e+00
2.359020515861611766e+00,-4.108690329077917980e+00,2.378004716269920937e+00
2.357827574360096268e+00,-4.106616297223228074e+00,2.566735429783324918e+00
2.356175188025509737e+00,-4.105230684638524252e+00,2.753717611705987611e+00
2.354404708436328875e+00,-4.103789298006954134e+00,2.938021304499994990e+00
2.352550830279759086e+00,-4.102686962663273817e+00,3.113356439634680672e+00
2.350361848660406761e+00,-4.101739457153406043e+00,-2.981764399488477935e+00
2.347379336138644135e+00,-4.098948707501736344e+00,-2.804290710197435477e+00
2.345243729373762687e+00,-4.097890936373774551e+00,-2.619045167827717790e+00
2.322589439448194515e+00,-4.113567897048678645e+00,-2.458063609098350977e+00
2.273143143593135740e+00,-4.151403048970267129e+00,-2.286178049475499297e+00
2.271115723294313771e+00,-4.151649526727329231e+00,-2.109830954987502061e+00
2.268931587217198675e+00,-4.152530372894781330e+00,-1.920719562120810409e+00
2.267040855224059737e+00,-4.153392399938882207e+00,-1.744493006895822651e+00
2.265201599627061135e+00,-4.154953070869112253e+00,-1.560591619532774699e+00
2.263904088273138715e+00,-4.157198571593795577e+00,-1.372889565933554934e+00
2.262888488408808296e+00,-4.158927335415738114e+00,-1.195606720648610954e+00
2.283720596434260397e+00,-4.210753207681885435e+00,-1.028986095051859451e+00
2.283614501020379439e+00,-4.213575070911623754e+00,-8.424362639311983036e-01
2.283885517723376335e+00,-4.215895237718807032e+00,-6.555706754981494022e-01
2.284432122066227588e+00,-4.218594142676570513e+00,-4.724119827520149584e-01
2.284796918429848223e+00,-4.221058203877698034e+00,-2.971901754865255985e-01
2.285977503302737635e+00,-4.223625227057166143e+00,-1.135543857849226901e-01
2.287171110341650326e+00,-4.225966509976379015e+00,7.468428860480359754e-02
2.287642781844458462e+00,-4.228979876968399942e+00,1.596627644146915159e-01
2.285480126492792419e+00,-4.228190776867457146e+00,-2.417405393051766729e-02
2.284125499096690604e+00,-4.227088300467559456e+00,-1.990233737854699425e-01
2.282588112262953661e+00,-4.225451674154424353e+00,-3.830027486069162435e-01
2.281298241343476807e+00,-4.223972609400370004e+00,-5.592490886645623549e-01
2.280430317405276242e+00,-4.222214789160863901e+00,-7.405793687945309012e-01
2.280210313377981191e+00,-4.220309850293964438e+00,-9.133164659572867716e-01
2.332331448826785891e+00,-4.303301671203907830e+00,-1.010507318871161742e+00
2.375315298269248476e+00,-4.363187555480280366e+00,-8.271813511084553650e-01
2.375488866652576192e+00,-4.366270753291428441e+00,-6.438502936463097459e-01
2.376591089405891921e+00,-4.368842155002122141e+00,-4.669090008282973936e-01
2.377684026877361578e+00,-4.371323418457615517e+00,-2.889156933409535721e-01
2.379117309418737669e+00,-4.373946443589627364e+00,-1.056142494418644967e-01
2.380703591691884835e+00,-4.376342561256389097e+00,8.190930393328980930e-02
2.382629860271113564e+00,-4.378543123054249087e+00,2.703810611489756432e-01
2.384534576335456180e+00,-4.380354453434650353e+00,4.464269587049320420e-01
2.386559977314937075e+00,-4.381813735936420429e+00,6.293619936067915699e-01
2.387067130724309205e+00,-4.384803443322058847e+00,6.208633314270821657e-01
2.384992586659841596e+00,-4.384556179636438955e+00,4.351533468986039654e-01
2.383165912777376327e+00,-4.384013883740276007e+00,2.552013586518426802e-01
2.380992082884673344e+00,-4.382971996967888195e+00,7.105494045977235607e-02
2.379143458093051056e+00,-4.381620051625046308e+00,-1.143570229109829445e-01
2.377646478667529983e+00,-4.380367581678741296e+00,-2.985525310900719043e-01
2.376569186459602356e+00,-4.379052484481847252e+00,-4.789441345100052261e-01
2.375802774132439676e+00,-4.377445218918932568e+00,-6.531681363128464257e-01
2.375028949003394896e+00,-4.375352042339060610e+00,-8.423917705978861692e-01
2.444989159117620492e+00,-4.454476404968775505e+00,-8.361899784384574374e-01
2.514012111107698288e+00,-4.532445348119863660e+00,-8.342091155540162228e-01
2.576150532681822813e+00,-4.604846671219111620e+00,-6.462463653126607754e-01
2.576430055267491248e+00,-4.607294295918654470e+00,-4.657506933906742641e-01
2.576959827123506130e+00,-4.609782492739336490e+00,-2.833471645242834347e-01
2.577848210217636105e+00,-4.613248856911167373e+00,-1.242611634106212670e-01
2.578521431697093025e+00,-4.615964259992175300e+00,7.026586133441856119e-02
2.579852317295761921e+00,-4.618602257923305032e+00,2.664882430484726838e-01
2.581005365203878910e+00,-4.620750238558797740e+00,4.419770791886666328e-01
2.583327128952311202e+00,-4.623059341677297596e+00,6.095549984829486956e-01
2.585069726995341988e+00,-4.624781652674076149e+00,7.862095899804406596e-01
2.587335785699090618e+00,-4.625698025227769072e+00,9.611225647418095708e-01
2.589258635554171573e+00,-4.627330408171685505e+00,1.134966069457614468e+00
2.589206609135908277e+00,-4.629169521419002287e+00,1.098277176989820303e+00
2.587449566955348779e+00,-4.629806442575272740e+00,9.127665397616118170e-01
2.585174575384982187e+00,-4.629635183451463298e+00,7.237858159443476547e-01
2.582587072030433362e+00,-4.629330499205851268e+00,5.142828903598675172e-01
2.581163992086145331e+00,-4.628164022409166023e+00,3.305154205803391698e-01
2.579729166691196784e+00,-4.626442681303378102e+00,1.239910333946402515e-01
2.578444860995408039e+00,-4.624909215594938061e+00,-6.923978259876947816e-02
2.577631599277725005e+00,-4.622990977939391399e+00,-2.786657551100342745e-01
2.576915895979739357e+00,-4.620850802122714818e+00,-4.876982419921346290e-01
2.576722594177756509e+00,-4.619276543710720162e+00,-6.815295928710590756e-01
2.643612964028923429e+00,-4.689569254618452199e+00,-8.135540669511395206e-01
2.715294649206753341e+00,-4.766168157828765573e+00,-8.135954815812475038e-01
2.786702738791936973e+00,-4.843132099353341324e+00,-8.145361524782146478e-01
2.856959199389446979e+00,-4.918317331565002171e+00,-8.137004100494142911e-01
2.925307583779005238e+00,-4.992129415724170016e+00,-8.129081233523604011e-01
2.999369638373220237e+00,-5.071204563715361324e+00,-8.119176352526586982e-01
3.073053966822655969e+00,-5.149401344460412311e+00,-8.098169976896332223e-01
3.147397130117651098e+00,-5.228307524438700504e+00,-8.091107423850176783e-01
3.202858738742342393e+00,-5.287659461132339977e+00,-7.140780371684242178e-01
3.202906227063750499e+00,-5.290124011419027106e+00,-5.056513330408904938e-01
3.203202384761499211e+00,-5.292348129244180299e+00,-3.248283707569282197e-01
3.204110563018058855e+00,-5.294778402392419814e+00,-1.321676371020962526e-01
3.205487719954601911e+00,-5.297052813438392072e+00,5.417479869560141992e-02
3.207494146444062277e+00,-5.299689614784689695e+00,2.768361415957586447e-01
3.209184161516474898e+00,-5.301843201835985120e+00,4.889131591248219721e-01
3.211405533019390468e+00,-5.303751913298291321e+00,7.108891117742662802e-01
3.213589457629758783e+00,-5.304708295004242125e+00,8.917781596411297196e-01
3.216256949445323254e+00,-5.305262267033103996e+00,1.125106518090481567e+00
3.218953700171875099e+00,-5.305390613850039294e+00,1.388102349231600696e+00
3.220771672177753953e+00,-5.304896419920146933e+00,1.563074239719791647e+00
3.222167086555186355e+00,-5.303966775904002340e+00,1.739635558541766880e+00
3.224385652488936493e+00,-5.303187658889822131e+00,1.831053119649766803e+00
3.223906689660416713e+00,-5.305475034766065967e+00,1.647244706476489906e+00
3.222441093823229519e+00,-5.306979919225097930e+00,1.434312266741190944e+00
3.220766713706177065e+00,-5.307769768111831432e+00,1.251060190745217460e+00
3.218854314040367370e+00,-5.308471180766420439e+00,1.053396118108688384e+00
3.216508355303557387e+00,-5.308323340854679273e+00,8.570565710722617414e-01
3.214249817850457269e+00,-5.308221939284672786e+00,6.608905619741425319e-01
3.212012868927136555e+00,-5.307134743887246486e+00,4.443530710389254623e-01
3.209654045998203920e+00,-5.305805457798815183e+00,2.788016146483051627e-01
3.208632143258403513e+00,-5.304548933781990883e+00,8.568417032549931200e-02
3.207203835969369088e+00,-5.303479969957803242e+00,-1.019746065800185980e-01
3.206483345386035744e+00,-5.303352503757591485e+00,-2.786035458865303016e-01
3.205615428629292829e+00,-5.303469210770004771e+00,-4.733849502354080530e-01
3.205520730098647242e+00,-5.303645501596903067e+00,-6.525536317286976251e-01
3.205685970760316028e+00,-5.304282671741782806e+00,-8.275398230129468180e-01
3.268961510292269779e+00,-5.384092875938653044e+00,-8.905394279815624925e-01
3.336840683904756855e+00,-5.470267557824578297e+00,-8.907727414021285872e-01
3.405605328944890431e+00,-5.556519373256605832e+00,-8.911625073604041436e-01
3.469609701439846372e+00,-5.637554242661139803e+00,-8.895621954751760097e-01
3.512172110615240150e+00,-5.694018902662646653e+00,-7.152811300276589179e-01
3.514138318613846401e+00,-5.694687559081003769e+00,-5.279027038516003190e-01
3.515333386415548489e+00,-5.695846408176580056e+00,-3.444054032605792237e-01
3.613252356620761052e+00,-5.726377541014239014e+00,-2.630855952664900577e-01
3.629661339883952564e+00,-5.729057353843935552e+00,-4.411838742213304299e-01
3.628928273411107686e+00,-5.728939253872519011e+00,-6.344461080456185176e-01
3.628564362238379637e+00,-5.728671995379015058e+00,-8.107477971599003075e-01
3.696304650703094552e+00,-5.805906717772777448e+00,-8.273574266169652081e-01
3.763931969126911525e+00,-5.881489566798102864e+00,-8.257038045867611809e-01
3.833817900547565660e+00,-5.959575324063154156e+00,-8.246486205856621288e-01
3.904307392736615423e+00,-6.036567404302100925e+00,-8.223113442442185894e-01
3.971781765112428086e+00,-6.105418542670769888e+00,-9.780079934513533635e-01
3.972208687226368884e+00,-6.104109062932061569e+00,-1.163047205531637207e+00
3.973025499684950557e+00,-6.102973197077525391e+00,-1.339670124694764430e+00
3.974490052987772248e+00,-6.101993013854261960e+00,-1.518742071400408955e+00
3.976078659656552716e+00,-6.101384263151488518e+00,-1.694624128911335736e+00
3.977779738415948785e+00,-6.100883568494547049e+00,-1.873436370448460231e+00
3.979970016711393832e+00,-6.100774625723307309e+00,-2.050575653601188542e+00
3.982176379665630872e+00,-6.101191310412461988e+00,-2.228606109495107734e+00
3.988586689847750222e+00,-6.104073269323850859e+00,-2.360950748378480846e+00
3.929204840609081817e+00,-6.182602162058696393e+00,-2.216430656038683278e+00
3.869729799234958634e+00,-6.264401923438658315e+00,-2.209524403901381717e+00
3.837811883442516336e+00,-6.320042571663267772e+00,-2.371855010181910028e+00
3.772198249212135757e+00,-6.384191888549719529e+00,-2.538662611034263605e+00
3.773212514025233943e+00,-6.385276700109485226e+00,-2.726186670845659243e+00
3.774866245309165258e+00,-6.386958361745092461e+00,-2.940481709756605166e+00
3.776035013799817985e+00,-6.389213301426273972e+00,3.111855726351647977e+00
3.776959974091843364e+00,-6.391183209820436417e+00,2.867831904351196393e+00
3.777360489160618950e+00,-6.392806092890990222e+00,2.690431301780052742e+00
3.777538328612183971e+00,-6.394745470583145242e+00,2.500587283821015028e+00
3.777375845995522230e+00,-6.397182026363649854e+00,2.285685100000679260e+00
3.777011491168196233e+00,-6.398868712679361970e+00,2.100910526215791219e+00
3.776077512006320358e+00,-6.400603509929656099e+00,1.919807827251078125e+00
3.774026121622244379e+00,-6.402003693215588598e+00,1.705091557227516041e+00
3.772064193093083162e+00,-6.403358999605318402e+00,1.523079747565538655e+00
3.769787400681797962e+00,-6.404408998969726596e+00,1.338283369952867341e+00
3.768060204921058531e+00,-6.404530286721112908e+00,1.153595919365363320e+00
3.765324282150728230e+00,-6.404624279348762883e+00,9.367455897481551386e-01
3.763005933443759776e+00,-6.404003801057971401e+00,7.535067147692201539e-01
3.761033265628621614e+00,-6.403062304323781539e+00,5.697169467131317777e-01
3.759380872174626464e+00,-6.401211780822144704e+00,3.839224767007388128e-01
3.757587607038927580e+00,-6.399367033632747059e+00,2.028909974417935913e-01
3.755851114873352881e+00,-6.397111318796721235e+00,-1.086875503638287145e-02
3.754678678853104135e+00,-6.395082164898188815e+00,-1.953737001174414289e-01
3.753555456474337415e+00,-6.393221907031481521e+00,-3.776062770689604386e-01
3.752574977500876319e+00,-6.391003499855389514e+00,-5.893998762946081049e-01
3.752273503416196476e+00,-6.388586086762366278e+00,-7.758368099148434949e-01
3.752216564156286349e+00,-6.386683727672314959e+00,-9.617478115119630910e-01
3.752929451631595636e+00,-6.385037540646319343e+00,-1.146444882775136120e+00
3.753782587907536605e+00,-6.383223470474552741e+00,-1.358689175831320428e+00
3.755251887331978011e+00,-6.381671274476235389e+00,-1.542782604262163071e+00
3.757030818523430682e+00,-6.380739538203285655e+00,-1.726666159523885025e+00
3.758793058935252507e+00,-6.380158892657555647e+00,-1.909917909594177177e+00
3.761159858149825119e+00,-6.380291206499165035e+00,-2.125009455143808790e+00
3.763403763340912089e+00,-6.380661168497405278e+00,-2.307577200734050482e+00
3.765234771173761708e+00,-6.381225644219128412e+00,-2.488293426052757162e+00
3.767065035524758354e+00,-6.382352283227135992e+00,-2.673850199674398631e+00
3.768981520074328184e+00,-6.383934871493195828e+00,-2.889552758349990036e+00
3.769999538947411022e+00,-6.386098081039772723e+00,-3.074586967439220331e+00
3.771177437145177169e+00,-6.387845585910237212e+00,3.023174086499570645e+00
3.772688965587010834e+00,-6.391083400529689484e+00,2.814687619420177533e+00
3.772151891937684187e+00,-6.395881554226054533e+00,2.642118061720994948e+00
3.772941854559839214e+00,-6.397670314674709147e+00,2.459306059408664424e+00
3.772481639722649049e+00,-6.400050881027153693e+00,2.277681249278178388e+00
3.771694554708671543e+00,-6.402611905475219523e+00,2.099566640423534469e+00
3.770327069429047384e+00,-6.404990127059608795e+00,1.921318738543596583e+00
3.768168616285650696e+00,-6.407137741960766242e+00,1.739928227145665529e+00
3.767826808649072934e+00,-6.408189968021772209e+00,1.810577142033934495e+00
3.768081993664003537e+00,-6.407455863461584578e+00,1.994251094474706942e+00
3.767625842952078585e+00,-6.406618962045110166e+00,2.177125698544575272e+00
3.767266958031039614e+00,-6.405529166358772564e+00,2.356341343814554179e+00
3.766879501940165298e+00,-6.404236619009695985e+00,2.537958091451325782e+00
3.766375152063475618e+00,-6.402675091543155617e+00,2.715202387356196567e+00
3.765653563783020630e+00,-6.400862059982912022e+00,2.900127370677258565e+00
3.764555471640625761e+00,-6.398577262998720094e+00,3.082595968484238114e+00
3.763483984454387699e+00,-6.395826956748273950e+00,-3.009405891209024464e+00
3.762133771864347498e+00,-6.393499542897628451e+00,-2.826054211025613938e+00
3.760560208529967419e+00,-6.391465607809684535e+00,-2.638770118883640325e+00
3.758840140443683975e+00,-6.389753086245977265e+00,-2.463440190465379764e+00
3.756497846929751638e+00,-6.388308580152043170e+00,-2.246685162472460640e+00
3.754224694679557217e+00,-6.387347947050720620e+00,-2.041836957964599630e+00
3.752131436849114543e+00,-6.386859693117790115e+00,-1.848257267509307855e+00
3.749722643441805392e+00,-6.387037898237487354e+00,-1.642239844897579015e+00
3.748125299355502538e+00,-6.387566670517995426e+00,-1.449719890167534775e+00
3.747157490790169021e+00,-6.388342260877350576e+00,-1.242179775788668339e+00
3.746789768104576090e+00,-6.389198165158314957e+00,-1.050687943412325076e+00
3.746781519103494773e+00,-6.390717731295081805e+00,-8.394359247427086723e-01
3.747023997155028319e+00,-6.392293266282585762e+00,-6.459065081215508153e-01
3.748019245325314053e+00,-6.393901996910844154e+00,-4.376339884443737338e-01
3.749115542728342021e+00,-6.395349277867135918e+00,-2.458402317750599808e-01
3.750432655144705585e+00,-6.396851755773882431e+00,-3.853502151212777338e-02
3.751907272230413870e+00,-6.398129081885674196e+00,1.529534458333292601e-01
3.753887490047655540e+00,-6.399345441117000988e+00,3.618318595609511523e-01
3.755826326604536192e+00,-6.400383916690123520e+00,5.531295766378070411e-01
3.758183738921323069e+00,-6.400871788489145509e+00,7.624565719193129310e-01
3.760931238664213971e+00,-6.401060342920985136e+00,9.532098322646640476e-01
3.764196251765953072e+00,-6.400891553812193990e+00,1.160886525494134069e+00
3.767315692800609739e+00,-6.399978403028359963e+00,1.369965698631907758e+00
3.769932497857451104e+00,-6.398755805972623278e+00,1.556826152536029406e+00
3.773166891688666258e+00,-6.396755406075376627e+00,1.785027736487650341e+00
3.775373348443278765e+00,-6.394541378535797627e+00,1.999441595771241253e+00
3.776514931232975325e+00,-6.392251660275748648e+00,2.184053501682791776e+00
3.777425481756339742e+00,-6.389722349901987286e+00,2.376076967913185012e+00
3.777717720828450698e+00,-6.386924050596836544e+00,2.558401095289433158e+00
3.780552592933839495e+00,-6.381150458138017179e+00,2.723879308674853394e+00
3.780374818413955840e+00,-6.380984167222756298e+00,2.909847163475640208e+00
3.780277140968394622e+00,-6.379797616291277507e+00,3.091822906613473698e+00
3.780320111857292886e+00,-6.378641470833978033e+00,-3.009738094428620059e+00
3.780043627171521869e+00,-6.377444414071756107e+00,-2.825143959449873954e+00
3.779435309251096609e+00,-6.376527004042005231e+00,-2.626115446695331368e+00
3.778061353127471378e+00,-6.375751060485313815e+00,-2.416746128495193435e+00
3.776647011524802533e+00,-6.375125445669927338e+00,-2.226640306031567818e+00
3.775021936708677472e+00,-6.375279236882490430e+00,-2.020876547526427647e+00
3.773849021221822309e+00,-6.375820259509293209e+00,-1.815908566369944355e+00
3.775479680020286555e+00,-6.376798417964209875e+00,-1.892011725819686241e+00
3.777186692035469306e+00,-6.376414348583486102e+00,-2.075376633509131707e+00
3.779523189617510770e+00,-6.376514343782038630e+00,-2.261023706662815158e+00
3.781441679354926144e+00,-6.377210966324392771e+00,-2.442142802778719535e+00
3.783624172366222282e+00,-6.378808011976166092e+00,-2.635838207263375921e+00
3.785258769113839517e+00,-6.380048779593624708e+00,-2.818917484873541657e+00
3.786775695241269890e+00,-6.382258359063817110e+00,-3.015559297822623996e+00
3.787692881096010655e+00,-6.384378573668781698e+00,3.087363340655818966e+00
3.788475035935128243e+00,-6.386550193462380065e+00,2.911844599292065183e+00
3.789170474373438680e+00,-6.388704260072218588e+00,2.723231655439496190e+00
3.789015102511939848e+00,-6.397184716802388316e+00,2.583032386813278070e+00
3.788092795015054914e+00,-6.397399993012514052e+00,2.761546853337203178e+00
3.787562678718621623e+00,-6.396063061689372553e+00,2.946680713578915700e+00
3.787471438088288345e+00,-6.392545359988035969e+00,3.120477016749132027e+00
3.786630558120516188e+00,-6.391422047780350724e+00,-2.980862613704357234e+00
3.785862477393605818e+00,-6.390179917478395311e+00,-2.801019559991749563e+00
3.784718198474718687e+00,-6.389182742110943281e+00,-2.627287540170168523e+00
3.783481138791816356e+00,-6.388212977075700572e+00,-2.451186061689410334e+00
3.781828593182535059e+00,-6.387448483565041357e+00,-2.264105739499161718e+00
3.724422685689903201e+00,-6.455588527789329234e+00,-2.099832905105988079e+00
3.723215657406832246e+00,-6.456325123316275949e+00,-1.916570744059117315e+00
3.722169099029430495e+00,-6.457292759924501802e+00,-1.738617045542758976e+00
3.726166913361959931e+00,-6.459516798751885780e+00,-1.820256484394953356e+00
3.727830891468432384e+00,-6.459831387033471373e+00,-2.009676833802553020e+00
3.729618995548937388e+00,-6.460218080505064187e+00,-2.195519247878702895e+00
3.731587130179705891e+00,-6.461151447389631208e+00,-2.375530421216958565e+00
3.729184338022958123e+00,-6.466015925055941693e+00,-2.529984519458802428e+00
3.642021434479043140e+00,-6.528014055974767693e+00,-2.531757671449340386e+00
3.552537377659997997e+00,-6.590913282418112473e+00,-2.529358703738955771e+00
3.492445430315394894e+00,-6.634342012225423524e+00,-2.411320876322216922e+00
3.476717986245041914e+00,-6.649364222888817899e+00,-2.234943132778147046e+00
3.463618507965220417e+00,-6.666594097888481230e+00,-2.060079762285304206e+00
3.444166539892356216e+00,-6.713113791638669170e+00,-1.883330328641681151e+00
3.428275671009871850e+00,-6.781618818100366930e+00,-1.704729208557823616e+00
3.423974874113813627e+00,-6.864571420844759686e+00,-1.573565615849375376e+00
3.414932614073727724e+00,-6.926509038553527731e+00,-1.750121328793683428e+00
3.394657583114295996e+00,-6.988358694427537543e+00,-1.926500773435446234e+00
3.365749637001313133e+00,-7.045213951368100247e+00,-2.099536484020817273e+00
3.351333113744193071e+00,-7.071219366054988242e+00,-2.283672155799770120e+00
3.353930435509762553e+00,-7.072163596959267551e+00,-2.467172219059835303e+00
3.355596769971807891e+00,-7.073909345535654758e+00,-2.650047431750838456e+00
3.357195922266571042e+00,-7.075728404918873338e+00,-2.838062567220574373e+00
3.358293524691948750e+00,-7.078022128217014597e+00,-3.019398388597323901e+00
3.359455927146794085e+00,-7.080389033522187958e+00,3.083607692555737856e+00
3.360418402671559335e+00,-7.083181367106115900e+00,2.902052469337411456e+00
3.361151472040408095e+00,-7.085335847572822310e+00,2.724901119513320147e+00
3.361336527016289821e+00,-7.087193548010481514e+00,2.721873939509614093e+00
3.360792967468662074e+00,-7.086277300899086917e+00,2.903861959287206584e+00
3.359849248067662941e+00,-7.084929459980169320e+00,3.091782012897018372e+00
3.358364040085584090e+00,-7.083851416547563673e+00,-3.017243189769584610e+00
3.357301881221858686e+00,-7.082599058360989908e+00,-2.834680536423381803e+00
3.355737953574450483e+00,-7.081805543652468948e+00,-2.645915943342695975e+00
3.353438349080142267e+00,-7.080403709365218567e+00,-2.477455064929540374e+00
3.332512457201397549e+00,-7.097486063880874774e+00,-2.313600246690583617e+00
3.326379631211788812e+00,-7.102815857948005629e+00,-2.133150487468733036e+00
3.321314223295718904e+00,-7.109575189010211460e+00,-1.953628680472574208e+00
3.288878396785185121e+00,-7.206838667634162476e+00,-1.873397384975107993e+00
3.260558970818733915e+00,-7.296233751448488292e+00,-1.724537588167244673e+00
3.259465797817707955e+00,-7.297623397310456284e+00,-1.543952348870659019e+00
3.266936389448477307e+00,-7.398416397748208695e+00,-1.467275130111196146e+00
3.274447057495094349e+00,-7.502084379074613452e+00,-1.471033214224797492e+00
3.277260199784802985e+00,-7.564250420063996394e+00,-1.300698785058419293e+00
3.277570597966102728e+00,-7.566461478448738731e+00,-1.113310187333019785e+00
3.277648948840253151e+00,-7.568840606146696182e+00,-9.278578647565919324e-01
3.339432089150431437e+00,-7.648280032945637963e+00,-8.959582193228519120e-01
3.357198622635414686e+00,-7.673502284730333578e+00,-7.147151587463391742e-01
3.358235740596071217e+00,-7.675824003245345750e+00,-5.316640449562958226e-01
3.359137487093355467e+00,-7.679772908467631609e+00,-3.656119464960010390e-01
3.360240482718241939e+00,-7.682331918968527518e+00,-1.918439407360551796e-01
3.361740704716329464e+00,-7.684392639558858207e+00,-1.851498284280974835e-02
3.363472017223483324e+00,-7.686494371160542016e+00,1.610113091208374980e-01
3.365324591054684511e+00,-7.688459987578029065e+00,3.352435647686921594e-01
3.367620636196670958e+00,-7.690100962507765203e+00,5.039501291324347543e-01
3.419583097015389317e+00,-7.665498966576529405e+00,6.625452378531375697e-01
3.492053335649802026e+00,-7.591432803308063804e+00,8.251975064047970543e-01
3.565084350826170478e+00,-7.513410152657533203e+00,8.268071184308546373e-01
3.638438176839132510e+00,-7.435491247489287581e+00,8.273039653554693507e-01
3.713568625059629813e+00,-7.354878083126942023e+00,8.290149008110847539e-01
3.788029046130148458e+00,-7.274342023202102325e+00,8.276478645813163393e-01
3.824848327332051046e+00,-7.231537134798670330e+00,7.113170932634711452e-01
3.905627219898707647e+00,-7.173691247063358922e+00,6.111131615029745667e-01
3.936030895553482623e+00,-7.150407384384427800e+00,4.257196659655662074e-01
3.934384687582677120e+00,-7.142563651919417111e+00,2.683593589229874010e-01
3.932736822877535676e+00,-7.139540168077914473e+00,9.461117524669022949e-02
3.933923526028884510e+00,-7.139669905526435656e+00,2.507814102721386829e-01
3.935994692427785768e+00,-7.139925988750900565e+00,4.333588358958724296e-01
3.938404272904272752e+00,-7.140435168561173107e+00,6.142652444250796817e-01
4.020644043886215435e+00,-7.078104216134851079e+00,6.763673856478631397e-01
4.100171569498063384e+00,-7.014895245772116539e+00,6.727482331004825955e-01
4.183235074645198281e+00,-6.949352492758210431e+00,6.732619561437558353e-01
4.262388799430679498e+00,-6.887348145721968073e+00,6.716334858229687788e-01
4.344565303608701967e+00,-6.822457716492017710e+00,6.731436408429823937e-01
4.406198265229883226e+00,-6.771149230562696353e+00,5.282730397276514944e-01
4.405026189088831146e+00,-6.769752528440704964e+00,3.469484938985498701e-01
4.404018416692577986e+00,-6.768620659117400074e+00,1.240140263303403795e-01
4.402890538648102314e+00,-6.767026249257259707e+00,-7.770979966368787850e-02
4.401950665556669584e+00,-6.764875668384127572e+00,-3.106594214678802812e-01
4.401505777422304533e+00,-6.762609865918322249e+00,-5.289153023292585409e-01
4.401709231858013993e+00,-6.760791641086897563e+00,-7.579197872594247709e-01
4.402264977469189766e+00,-6.758092614018338828e+00,-1.025866128066892591e+00
4.404172189440983765e+00,-6.756053020824019484e+00,-1.276254255223685519e+00
4.406677308451858011e+00,-6.753929051525203064e+00,-1.517640576083254533e+00
4.415682552869657052e+00,-6.753650953268056867e+00,-1.681110466283421090e+00
4.417200574784840406e+00,-6.753620617447002594e+00,-1.863112914112054375e+00
4.418954576529667833e+00,-6.753925391971997705e+00,-2.040998502147835847e+00
4.420590251959014338e+00,-6.754580151129117915e+00,-2.219453315705312679e+00
4.422336290792999947e+00,-6.755539011720035347e+00,-2.401434250489069111e+00
4.337770300462054252e+00,-6.822178597642109210e+00,-2.496476755665157032e+00
4.253240912593660994e+00,-6.886267057853380891e+00,-2.496323704077813233e+00
4.171942692168348010e+00,-6.947801405617707537e+00,-2.496631357158031417e+00
4.087424995889957557e+00,-7.011975503183264458e+00,-2.493527257952119491e+00
4.005149651417203138e+00,-7.074656126486390306e+00,-2.494687521489496795e+00
3.974604039732222649e+00,-7.095905270002983656e+00,-2.311628734289842946e+00
3.972364948713806410e+00,-7.095819503600584000e+00,-2.127229991286651245e+00
3.969860963607477089e+00,-7.096177846338074247e+00,-1.958929106472965476e+00
3.967689217345467423e+00,-7.097512915202837114e+00,-1.778807041968713198e+00
3.965057381112280233e+00,-7.103859407769457235e+00,-1.596133291267574972e+00
3.962484311485914290e+00,-7.210118688014850896e+00,-1.577374948772707564e+00
3.961606899547771121e+00,-7.306980295280029125e+00,-1.398859904984012914e+00
3.960998230472812853e+00,-7.308512747863158410e+00,-1.216409749124504724e+00
3.960622740318682666e+00,-7.310068818797540224e+00,-1.036005275014948879e+00
4.019718249611757166e+00,-7.393506727558951219e+00,-9.505961310845265633e-01
4.079869430797694818e+00,-7.478686961704758218e+00,-9.509511026136732159e-01
4.137410874138490513e+00,-7.560879049204420888e+00,-9.524926538524915998e-01
4.198829428649892392e+00,-7.649426418469709610e+00,-9.520530619284318652e-01
4.208571253021768044e+00,-7.668326621630447981e+00,-7.655411086818703081e-01
4.209360066024581570e+00,-7.670397434118988222e+00,-5.421923126755145983e-01
4.210412699670970760e+00,-7.672155767866504661e+00,-3.616057226127923907e-01
4.211461969685109885e+00,-7.674119570103752785e+00,-1.638778923243250918e-01
4.212839767519813705e+00,-7.675991851038899583e+00,1.298889930522820896e-02
4.214500481544329880e+00,-7.678372947599902076e+00,2.452204616608534282e-01
4.216166562635092596e+00,-7.680531484281101662e+00,4.570823054518203810e-01
4.165299921115708237e+00,-7.724376325405575727e+00,5.601623809509149732e-01
4.128165302288874905e+00,-7.749258234280007152e+00,5.570676173754415261e-01
4.139077911508646679e+00,-7.747971022929660556e+00,7.254912668634291295e-01
4.148238886294078220e+00,-7.733488905722470719e+00,7.104493616552505220e-01
4.156551734922648400e+00,-7.725758972133605518e+00,5.083919273597605759e-01
4.197744511639548648e+00,-7.697190371487303118e+00,3.614409482416679475e-01
4.221686233678087596e+00,-7.689055920283449197e+00,1.813145848209204991e-01
4.253227795502801278e+00,-7.686127094221919975e+00,1.304997764995651476e-02
4.354297754365315853e+00,-7.690383656385274769e+00,-2.589889660590554907e-02
4.455427407076629542e+00,-7.693229064268505724e+00,-2.096579586453247226e-02
4.541051670191246892e+00,-7.696703524097621596e+00,1.609870756934321523e-01
4.543430362428679814e+00,-7.698988570816394983e+00,3.296038322583725311e-01
4.545785141551489161e+00,-7.700214311875813955e+00,5.139959640597644430e-01
4.627833066348745028e+00,-7.642874743748620858e+00,6.519760241264357381e-01
4.709507966911709254e+00,-7.583182344574276534e+00,6.494768556295281714e-01
4.791140111060752993e+00,-7.524478607623004578e+00,6.490679222151345407e-01
4.873222967103268743e+00,-7.466191479898371952e+00,6.467195901601752173e-01
4.914309747120078953e+00,-7.442855489368013444e+00,8.237767514078896403e-01
4.915678705801461490e+00,-7.443728552225956641e+00,1.004400975825642472e+00
4.916958326307285354e+00,-7.443696029028251893e+00,1.182320178487288986e+00
4.918219842551335930e+00,-7.443471125677241673e+00,1.365581115895757147e+00
4.919536992023729738e+00,-7.443083719579668411e+00,1.568748375617869728e+00
4.921216448196026327e+00,-7.441961574460756346e+00,1.771607051392296128e+00
4.922351340573831280e+00,-7.440382274632501236e+00,1.974954202761418420e+00
4.923141526962905523e+00,-7.439357503436761831e+00,2.150485243471083940e+00
4.923919990227584087e+00,-7.437323396485886029e+00,2.327262619304661495e+00
4.926900221663051305e+00,-7.433711024476470364e+00,2.483601579952194438e+00
4.926430590738696935e+00,-7.432073125982896933e+00,2.670457448466164063e+00
4.925814269579505300e+00,-7.430613188925988766e+00,2.871353272761605790e+00
4.924627831093223662e+00,-7.428571608561615136e+00,3.093576349863857100e+00
4.923284572264174486e+00,-7.426865495907819081e+00,-2.986553218364895290e+00
4.922078798035146363e+00,-7.425420568073191951e+00,-2.809614024877047811e+00
4.920495181558360187e+00,-7.423985479481332028e+00,-2.631082898463707131e+00
4.918607093423457144e+00,-7.422727685327692448e+00,-2.445809415941560427e+00
4.916234483563875379e+00,-7.421856543136226669e+00,-2.219353956486258106e+00
4.913726369391496540e+00,-7.421651162340235253e+00,-2.029806081482205649e+00
4.914213071073506356e+00,-7.421497793932473108e+00,-2.153603244258820659e+00
4.916383905056677328e+00,-7.421574313407546697e+00,-2.329692863047813312e+00
4.841993587972874380e+00,-7.490284285216613824e+00,-2.402152393213894399e+00
4.764644098284671614e+00,-7.561025133130581999e+00,-2.404690698305129271e+00
4.689043760392240578e+00,-7.628721069892292483e+00,-2.406813907437681532e+00
4.612857135514921936e+00,-7.697030550844013774e+00,-2.407685615562092263e+00
4.529911826832452526e+00,-7.770646715521130510e+00,-2.409777842838704220e+00
4.449553593130683993e+00,-7.842156012732084847e+00,-2.410465784019434565e+00
4.368373948964008768e+00,-7.913987221028757624e+00,-2.411439468489419369e+00
4.287823906761623505e+00,-7.985951732694061000e+00,-2.412508506513507456e+00
4.207724614617536218e+00,-8.057226299140964443e+00,-2.413098079471923896e+00
4.124575681011005912e+00,-8.131291820315457386e+00,-2.410795033137569376e+00
4.043789148400682265e+00,-8.202617705965227657e+00,-2.414096595824274605e+00
3.962515057135917562e+00,-8.273849238928798755e+00,-2.414308346481429890e+00
3.888596273357051825e+00,-8.338518587826483142e+00,-2.417941715893414667e+00
3.804255371872968361e+00,-8.411906506577203402e+00,-2.417557996250999430e+00
3.722318075139537719e+00,-8.482973751403990903e+00,-2.417967341578823426e+00
3.641614218592788443e+00,-8.554166411100750267e+00,-2.415642631033537935e+00
3.560031640235391759e+00,-8.625392913585855581e+00,-2.416774962591627496e+00
3.475933924214506199e+00,-8.698729379474178458e+00,-2.418603996141514223e+00
3.394596869521649296e+00,-8.769225713432517111e+00,-2.417920203587029970e+00
3.313293728438191810e+00,-8.840553662249522660e+00,-2.414685568559533202e+00
3.290776835193600203e+00,-8.854045241250942055e+00,-2.223291520780005914e+00
3.288587732434091748e+00,-8.853090243142828442e+00,-2.028254743554252837e+00
3.286343955711493514e+00,-8.852758728165170510e+00,-1.825376529239871148e+00
3.283861367121408303e+00,-8.853368184326351198e+00,-1.610160833457634721e+00
3.282135694969777528e+00,-8.854631993017649805e+00,-1.516755513203382533e+00
3.283255412679126017e+00,-8.853701117972432755e+00,-1.714084954102538694e+00
3.284522938244159640e+00,-8.853303571505879432e+00,-1.908332116590333749e+00
3.286196259741156478e+00,-8.853583736682006489e+00,-2.103992337398905121e+00
3.287839180418272278e+00,-8.854527796809394502e+00,-2.282904878767756607e+00
3.290111592315821287e+00,-8.856216299542072790e+00,-2.529564011822635461e+00
3.292458716250518336e+00,-8.858508844174572516e+00,-2.781664375857258786e+00
3.294034670404418108e+00,-8.860600691294855835e+00,-2.981262486358321251e+00
3.296356253903895528e+00,-8.863113252218042248e+00,3.132639172023306884e+00
3.297434831475104300e+00,-8.864251885763676952e+00,2.953021637891367845e+00
3.297166060510100305e+00,-8.864801065475838016e+00,2.779178966459391997e+00
3.298467920157766020e+00,-8.865992946063606439e+00,2.600055315582673110e+00
3.299028704305047022e+00,-8.866925370309123977e+00,2.426986518042476337e+00
3.220672855110454869e+00,-8.798804944815195483e+00,2.419641539219318904e+00
3.139684885299567352e+00,-8.729063367122057215e+00,2.422375138216918966e+00
3.063135059675865968e+00,-8.662949673680389040e+00,2.424043885718685232e+00
2.985988276785519258e+00,-8.596214649707949462e+00,2.426557983208641023e+00
2.908075728429701634e+00,-8.529142821532349927e+00,2.431897938967477746e+00
2.901192133835127862e+00,-8.524466017158276898e+00,2.255059707397392366e+00
2.900838426256799885e+00,-8.525064324835284424e+00,2.071049995174489844e+00
2.899934240088016590e+00,-8.526105386259320795e+00,1.859304483540265451e+00
2.898457023108854003e+00,-8.527523864479142901e+00,1.656970594866321145e+00
2.896810352550274636e+00,-8.527795106972565264e+00,1.477342210343508322e+00
2.894736636977684796e+00,-8.528069365554276970e+00,1.275596364842592534e+00
2.890778596345804807e+00,-8.528426302268393044e+00,1.096504829472360942e+00
2.887036212044236105e+00,-8.526642953625675148e+00,9.210047953065935156e-01
2.884603713961421345e+00,-8.524729718004261159e+00,7.416999357498726964e-01
2.881329015602754229e+00,-8.521286055617151689e+00,5.732066992964676144e-01
2.879036285694689390e+00,-8.519482160165146922e+00,3.984859676302662246e-01
2.877109219807489460e+00,-8.517455933958233416e+00,2.217328663523341625e-01
2.875235278566124819e+00,-8.515985597824293762e+00,3.757718857809045493e-02
2.872957585614837495e+00,-8.514773760468282049e+00,-1.427932414202778000e-01
2.871120939705011921e+00,-8.513605491611402343e+00,-3.206725508305564576e-01
2.869545594858656568e+00,-8.512214211196493352e+00,-4.973884174947104664e-01
2.868344637326642577e+00,-8.510299057801841371e+00,-6.735545974072589814e-01
2.867035685334834216e+00,-8.508714129269941751e+00,-8.529187811679080911e-01
2.865937364409746557e+00,-8.506889845491109270e+00,-1.029310972610353092e+00
2.865657528494497175e+00,-8.504971161743215546e+00,-1.215735556900870984e+00
2.865818896785000902e+00,-8.504104127365179622e+00,-1.392398820269465043e+00
2.866731696774233118e+00,-8.503010011556458636e+00,-1.570537873209971291e+00
2.867664823618773617e+00,-8.502416704567073324e+00,-1.753094178903134681e+00
2.868637209203646066e+00,-8.502007303791595305e+00,-1.924294763311729772e+00
2.869736269663899719e+00,-8.502071203097248286e+00,-2.103112721741966062e+00
2.870749764522349867e+00,-8.502582308508328524e+00,-2.285013765634453353e+00
2.869933068949867661e+00,-8.502084535711516011e+00,-2.164790846688185777e+00
2.867003739445699750e+00,-8.501964495546801004e+00,-1.960874308575849101e+00
2.864619097144026849e+00,-8.502354135062244467e+00,-1.766010285483860187e+00
2.863032412574986640e+00,-8.502571871250136581e+00,-1.587494321046609702e+00
2.861904527014615063e+00,-8.503993700693490254e+00,-1.393941039956803962e+00
2.860986420366268490e+00,-8.505849309872443698e+00,-1.158315728443086723e+00
2.860547741539249955e+00,-8.508092637884352882e+00,-9.590815649761476047e-01
2.861063036237369683e+00,-8.510477811895169609e+00,-7.532469675641573215e-01
2.917074549073892964e+00,-8.553157992975595647e+00,-6.030541734549319521e-01
3.005479446127274912e+00,-8.601162371941956764e+00,-4.207225719516447526e-01
3.045108815981491190e+00,-8.615657122712239158e+00,-3.250226313001186584e-01
3.043903803199671465e+00,-8.615489135799698772e+00,-5.168549198222546215e-01
3.042767752223630051e+00,-8.614757016291124003e+00,-7.121239128024603460e-01
3.041883259196540568e+00,-8.613606293499231015e+00,-9.083932782040698983e-01
3.041409418088687477e+00,-8.612277800150806684e+00,-1.115824134270777312e+00
3.042189020158979851e+00,-8.610552049303246136e+00,-1.349424929797208961e+00
3.043943119908001371e+00,-8.608820576329355490e+00,-1.617786142407699357e+00
3.046372505463456282e+00,-8.608763861014828933e+00,-1.879519797750269117e+00
3.049370708251571749e+00,-8.609897745082239595e+00,-2.132702103125139637e+00
3.052426577097629323e+00,-8.611821893882897427e+00,-2.348413926143284591e+00
3.054264435383756471e+00,-8.616142456125965410e+00,-2.523598572545307395e+00
3.055534014155954381e+00,-8.619323074534532836e+00,-2.643477434551848582e+00
3.054172383354079034e+00,-8.618073687614222322e+00,-2.464926370925303978e+00
3.052745451248485509e+00,-8.616124405073492198e+00,-2.283907561971912692e+00
3.045411386748990257e+00,-8.616139298987510742e+00,-2.121829889136606084e+00
3.043318094785806505e+00,-8.615682818937063558e+00,-1.941619555160316368e+00
3.040972960988893359e+00,-8.615635871113942912e+00,-1.758411568742072495e+00
3.040065372014915557e+00,-8.615604641795393093e+00,-1.569124392609312801e+00
3.038800325227405619e+00,-8.613123370166704262e+00,-1.394332352588770974e+00
3.037530954011922635e+00,-8.610781061089310739e+00,-1.209788993307755023e+00
3.035268674293539970e+00,-8.608775408840807941e+00,-1.021039940568249760e+00
3.033581607649453726e+00,-8.607988642934651935e+00,-8.392044793123455415e-01
3.031911370469473344e+00,-8.607481386963604209e+00,-6.608531565721258438e-01
3.030567242502371972e+00,-8.607715619463531809e+00,-4.779617247178249984e-01
3.028341816251837848e+00,-8.608382447908855539e+00,-2.923117043152179684e-01
3.025800551217698420e+00,-8.609768869596937435e+00,-1.084864438783237767e-01
3.023061415316475209e+00,-8.611690867693901907e+00,7.006667521955760314e-02
3.020668306916821866e+00,-8.613813865355655963e+00,2.550124499282504509e-01
3.018200299485740867e+00,-8.616886690110893809e+00,4.346828565368929254e-01
3.016121662209620968e+00,-8.619981629173958382e+00,6.185674938917222754e-01
3.014394696043459110e+00,-8.623998385834111602e+00,8.083808439816412283e-01
3.013787242992487680e+00,-8.627352482391545507e+00,9.869629710188767557e-01
3.015895900713537969e+00,-8.628362830406739903e+00,1.063000053038498871e+00
3.014327614259384891e+00,-8.628200784573182958e+00,8.748055888462383800e-01
3.012396455891293900e+00,-8.626272332946877341e+00,6.392623616614485638e-01
3.010682367949448768e+00,-8.624301798984134848e+00,4.083316205798150356e-01
3.009462990354853318e+00,-8.622035756917425076e+00,2.188349214978226598e-01
3.007846327493762573e+00,-8.619885972964416609e+00,5.218179412659219168e-04
3.006858050212945166e+00,-8.618342706448812507e+00,-2.071869895814988372e-01
3.005313584990975340e+00,-8.616244581035651606e+00,-4.538372607130701231e-01
3.004348508703725162e+00,-8.614552777514925097e+00,-6.835122670898226005e-01
3.003299544804958643e+00,-8.612430839751368694e+00,-9.143350912645099582e-01
3.003042421921326977e+00,-8.610627756732512239e+00,-1.105761845880646854e+00
3.003784019668870986e+00,-8.608688748596533102e+00,-1.359244728472234653e+00
3.005301820513494260e+00,-8.607438243131580791e+00,-1.540376182579683340e+00
3.007533865952900065e+00,-8.606849333751812381e+00,-1.721221016501683021e+00
3.010274882768896099e+00,-8.606164454735479197e+00,-1.912370395576808102e+00
3.014253868034298733e+00,-8.606262925612895742e+00,-2.089294719984064574e+00
3.015892174867845554e+00,-8.607528148687167757e+00,-2.267775117557594200e+00
3.018226694862146786e+00,-8.608884874465871917e+00,-2.437177016227349835e+00
3.019667280064757708e+00,-8.610803865319734740e+00,-2.623454078379878762e+00
3.018358418070925975e+00,-8.610072256564814452e+00,-2.573428106086889766e+00
3.016525897637603482e+00,-8.608080857140214093e+00,-2.395485525620881351e+00
3.014925864766913044e+00,-8.606110692058557277e+00,-2.218421618198713308e+00
3.012733724839277816e+00,-8.604923546006416402e+00,-2.036982477604885045e+00
3.010599818966331664e+00,-8.604290925027228809e+00,-1.853413739204373245e+00
3.008541892900664649e+00,-8.604272159710912860e+00,-1.656228211044615817e+00
3.007033413776317943e+00,-8.604259772343993973e+00,-1.467638835010738996e+00
3.006704161294402322e+00,-8.605598614256686929e+00,-1.285517737820977668e+00
3.006787620157448160e+00,-8.606907173190457172e+00,-1.101811108635321501e+00
3.008362060186229314e+00,-8.608846341902236077e+00,-8.923935184756875971e-01
3.010200163218033964e+00,-8.610406040852435439e+00,-6.914042082806655110e-01
3.012078587866262591e+00,-8.611983774892294718e+00,-5.073034304545260831e-01
3.105355621026189894e+00,-8.652052115593264148e+00,-4.157007788538631954e-01
3.198918983703138874e+00,-8.691257349846660318e+00,-4.135104201707767158e-01
3.233621590824292014e+00,-8.703277053953488718e+00,-5.897683156967339357e-01
3.233317340490932779e+00,-8.702592328597877014e+00,-8.022553286753681956e-01
3.232734225756340063e+00,-8.701131460667184570e+00,-1.028429799475476081e+00
3.233545668491445646e+00,-8.699736302484337713e+00,-1.222656718510360951e+00
3.235015368991482454e+00,-8.698299950616586784e+00,-1.465671551616753110e+00
3.237119452860041324e+00,-8.696753897393476151e+00,-1.659094267177726900e+00
3.238152015343933154e+00,-8.697579126972165398e+00,-1.543823340300330971e+00
3.238582634889765277e+00,-8.698740271300472671e+00,-1.556823644340820323e+00
3.240743030199504826e+00,-8.698584152507343958e+00,-1.749815669500792703e+00
3.242720629881715055e+00,-8.699398595615630114e+00,-1.934232381282636304e+00
3.245619446006243525e+00,-8.700722471042373840e+00,-2.138967017256899084e+00
3.247543946871577880e+00,-8.701435111132784783e+00,-2.328873708555257327e+00
3.250118156113584345e+00,-8.703455834319301587e+00,-2.565547215160932204e+00
3.252140147102326129e+00,-8.705224599514709283e+00,-2.784562073086169320e+00
3.254582306636548683e+00,-8.707149929368609875e+00,-2.961055914714530779e+00
3.254290734350445025e+00,-8.706622792278457368e+00,-2.995967843794204555e+00
3.252728889704318060e+00,-8.704693436443951882e+00,-2.811789808988461203e+00
3.251369856521577617e+00,-8.702554165060147895e+00,-2.613180538719166890e+00
3.248569627050148068e+00,-8.700600729526856369e+00,-2.444180231398051184e+00
3.246275893588296046e+00,-8.700601242443891437e+00,-2.269832826344148291e+00
3.241608445803267013e+00,-8.698803748536823477e+00,-2.105232448422932112e+00
3.239682305784323368e+00,-8.698642183493683788e+00,-1.923754318653430939e+00
3.237841827672658379e+00,-8.698689999826605401e+00,-1.762419988746968258e+00
3.237042288659912170e+00,-8.699092979982578910e+00,-1.573987448368997510e+00
3.236100766577612031e+00,-8.700492112066863015e+00,-1.396728893445807529e+00
3.235139762462031054e+00,-8.702183403817201679e+00,-1.222773554995619349e+00
3.234869554534694824e+00,-8.704666136580673452e+00,-9.629582964081490060e-01
3.235447263432303266e+00,-8.706607215890626250e+00,-7.706444799777553145e-01
3.236353604096861680e+00,-8.708651860708805259e+00,-5.650592301896116831e-01
3.237538021618695083e+00,-8.710740658655938162e+00,-3.432087638998808088e-01
3.238557436507565779e+00,-8.712796980088342025e+00,-1.416123036698703208e-01
3.239846279498503012e+00,-8.715067323999249993e+00,8.746883748215786292e-02
3.241102463290319147e+00,-8.717606386189224565e+00,2.899149062308511993e-01
3.242764525877875226e+00,-8.720166237530508013e+00,4.917163095388512595e-01
3.244946687686429687e+00,-8.723063253776206949e+00,7.203392813813026541e-01
3.266433122632163233e+00,-8.701911296683816133e+00,8.533597772848504626e-01
3.305146725676050057e+00,-8.655257587491600901e+00,6.959015117069319301e-01
3.304155495316052793e+00,-8.653641938515693965e+00,5.218678166624591830e-01
3.391484092785831628e+00,-8.603032222314460853e+00,5.197063277656241986e-01
3.480500361829157896e+00,-8.550638177960207642e+00,5.158625198133605094e-01
3.567961013119241631e+00,-8.500108142335188077e+00,5.132219815472094382e-01
3.655528132985536693e+00,-8.449687905575251179e+00,5.513785552923154976e-01
3.707530153449446253e+00,-8.413182386274538516e+00,7.264221610458955203e-01
3.736637865232487421e+00,-8.383498782761023449e+00,9.158146494377061853e-01
3.759230526611662793e+00,-8.350579994883762680e+00,1.097393797603278376e+00
3.775541891337738765e+00,-8.314043436383117935e+00,1.277267287003724716e+00
3.784865389020936721e+00,-8.276557988792843545e+00,1.456783339703429103e+00
3.787208879886320823e+00,-8.238468428374716268e+00,1.635560305153668237e+00
3.770505279304943169e+00,-8.131844862142827424e+00,1.795814478904410816e+00
3.738092932734786711e+00,-8.035846477918454411e+00,1.947381184724408243e+00
3.716332015910391195e+00,-7.991138127405901237e+00,2.130944621958451357e+00
3.710607161614388083e+00,-7.983024017717450960e+00,2.306687327169449020e+00
3.695223618511588093e+00,-7.965036779737331152e+00,2.223729176014696218e+00
3.693290523892648558e+00,-7.960763023078926359e+00,2.027057842494288664e+00
3.691583386609218920e+00,-7.956854341823164312e+00,1.847972643404886872e+00
3.690429799783001563e+00,-7.952549978451952661e+00,1.660129343008623692e+00
3.688056755213039661e+00,-7.849246531751576050e+00,1.586751161248287856e+00
3.686462308124707210e+00,-7.745057606868114064e+00,1.584669987073215269e+00
3.684767523092368879e+00,-7.643243946789986865e+00,1.582353787895456998e+00
3.685976332526510912e+00,-7.541233416037417037e+00,1.536189724961162018e+00
3.688979227049734799e+00,-7.454320160330236256e+00,1.401891272009115674e+00
3.687981499056131263e+00,-7.454091819414951914e+00,1.409198175164753541e+00
3.688818714218211614e+00,-7.452558683087189273e+00,1.584572631157450617e+00
3.686940497487241952e+00,-7.348251178783696602e+00,1.617539649736638996e+00
3.674937987330896050e+00,-7.265425039203522672e+00,1.793278891552053000e+00
3.650851814337166878e+00,-7.163143362366318989e+00,1.781589741984596520e+00
3.646700448641531533e+00,-7.155837393448501338e+00,1.631395763047961189e+00
3.646848005825316541e+00,-7.154078045538079245e+00,1.810037226766591623e+00
3.645133971640463155e+00,-7.151439349144474988e+00,1.977618730015807236e+00
3.592766323368044024e+00,-7.062931152669180257e+00,2.106821460351250952e+00
3.538641000069755016e+00,-6.971269479802775670e+00,2.102993050893105842e+00
3.486967769268819239e+00,-6.883980309717424362e+00,2.102277826831893126e+00
3.430609746902577140e+00,-6.792377276277809628e+00,2.139325841903534808e+00
3.369016550214351202e+00,-6.703311630387654318e+00,2.190746990342025136e+00
3.307902142351058838e+00,-6.622875591202606493e+00,2.212545291879274512e+00
3.244863026533271633e+00,-6.539074527360330791e+00,2.211731599817601257e+00
3.179711042531651266e+00,-6.452266303468547903e+00,2.210011665464404640e+00
3.112393535909486975e+00,-6.363445798615479987e+00,2.211312324447494593e+00
3.047026597225778399e+00,-6.276879148397543240e+00,2.209544031979886025e+00
2.981787451098421027e+00,-6.190076951613846745e+00,2.206251882556570898e+00
2.915625142891034915e+00,-6.100751770208581171e+00,2.203094153093138718e+00
2.853649079642516462e+00,-6.016877930088804227e+00,2.200296920207148510e+00
2.794018414560270891e+00,-5.935833646473398062e+00,2.198121430838651857e+00
2.730494698354496208e+00,-5.848866330055863649e+00,2.196624878684595217e+00
2.666995640269250512e+00,-5.761695006698638544e+00,2.195014770411818805e+00
2.607587526819278523e+00,-5.680431004552623619e+00,2.194720342065672458e+00
2.543513681990703823e+00,-5.593104560353006072e+00,2.199896582148503477e+00
2.477303284161380681e+00,-5.508505775298263352e+00,2.253134112213604379e+00
2.407198214389056456e+00,-5.428358121759400134e+00,2.327717238029000324e+00
2.330205157757061496e+00,-5.354422301741140977e+00,2.411183882210221174e+00
2.245527260224472244e+00,-5.283545782692422144e+00,2.457821436140700033e+00
2.160623203285553018e+00,-5.218560803583669916e+00,2.502919680898219035e+00
2.072895814610002940e+00,-5.157860343197128827e+00,2.542783865744983718e+00
1.984259480346698634e+00,-5.097878510014901110e+00,2.538418753182795307e+00
1.893173019417291103e+00,-5.036066747204623439e+00,2.536177664156137546e+00
1.804979375165298050e+00,-4.976236562300045740e+00,2.535151339489311706e+00
1.716469757568531485e+00,-4.916411668606887275e+00,2.537950189046648042e+00
1.628299916095121258e+00,-4.857553559695357848e+00,2.538200154264934838e+00
1.538285297613560365e+00,-4.798290667570553225e+00,2.542048369082992920e+00
1.449478941241551855e+00,-4.739460722731072551e+00,2.543087180149830928e+00
1.359536382733435467e+00,-4.678312621284764994e+00,2.500660270484357905e+00
1.275519465180537937e+00,-4.614423190994156876e+00,2.440922203102957599e+00
1.197062705491748869e+00,-4.544349939716087583e+00,2.354021291706582808e+00
1.123406403109313167e+00,-4.470866732392503984e+00,2.311828518124745990e+00
1.054717456162390654e+00,-4.400549403273113391e+00,2.314879126820727162e+00
9.798782924756027635e-01,-4.327377699608612183e+00,2.354400781650771712e+00
9.013715781198041732e-01,-4.258052937987541142e+00,2.404171910918470711e+00
8.189587683693074771e-01,-4.192433026364571269e+00,2.437295636615351313e+00
7.345930954349843001e-01,-4.125606765959237698e+00,2.435534308239344803e+00
6.519082916685938756e-01,-4.060971483689594486e+00,2.432905705506274607e+00
5.695557249802403188e-01,-3.996793866623376879e+00,2.431657649895492934e+00
4.870094372808093097e-01,-3.932253108108626272e+00,2.427769445432376383e+00
4.016177321060857008e-01,-3.866754078397625083e+00,2.427742124859123329e+00
3.197969087437929625e-01,-3.801651253690207177e+00,2.381343088261814067e+00
2.436560860464746792e-01,-3.734012979531251997e+00,2.282512235372772036e+00
1.753158315645637344e-01,-3.659240267783604228e+00,2.180528735574618793e+00
1.157025125132231103e-01,-3.578083901997752836e+00,2.077871125281845810e+00
6.414446553977869170e-02,-3.489701015777054494e+00,1.971172451872346354e+00
2.445952371742960221e-02,-3.399578933354219235e+00,1.865504740051502353e+00
-4.317017491704626050e-03,-3.307740727471665920e+00,1.735225645259476979e+00
-1.660050206291050282e-02,-3.232362827876738454e+00,1.581647607124295307e+00
-1.442630402774040116e-02,-3.156991261298472740e+00,1.411631905447855662e+00
-2.419933342308366528e-03,-3.101831302279074443e+00,1.244030493579182162e+00
2.110093239558172296e-02,-3.051210286181401443e+00,1.050987919293226325e+00
6.223978332624473253e-02,-2.999391476926909661e+00,8.311134798433089665e-01
1.130053788194486930e-01,-2.960093352925599053e+00,6.337543655762114536e-01
1.741771530013829783e-01,-2.929141794150186051e+00,4.737382583080945730e-01
2.407369458237916537e-01,-2.907770285782800723e+00,3.663978605216877682e-01
3.365127981804499901e-01,-2.886236411263922275e+00,3.036359598807581994e-01
3.414855505141529690e-01,-2.900061846611353022e+00,4.724694906935125172e-01
4.320228004119365806e-01,-2.871838835926853406e+00,4.766633940393825708e-01
5.199077120879989078e-01,-2.837075434033775156e+00,4.812726455134201942e-01
6.103950811270451027e-01,-2.799552818380618202e+00,4.896046478005924296e-01
6.735385577397812185e-01,-2.781345534292286814e+00,6.510621664606145442e-01
6.721121796503225498e-01,-2.790727520842162690e+00,8.442558627139414851e-01
6.720374133746150891e-01,-2.798302426339085880e+00,1.062591858019251934e+00
6.727919078317826651e-01,-2.804383524868855115e+00,1.274403735848332442e+00
6.729348945008036820e-01,-2.809937322651078428e+00,1.477433120839566572e+00
6.730477607186343691e-01,-2.814237977185273021e+00,1.680298732574129650e+00
6.690021570138379170e-01,-2.830877635711872120e+00,1.583304101560543575e+00
6.649971951481745691e-01,-2.757735840007097039e+00,1.564615246224548395e+00
6.679135623601336613e-01,-2.679925297805357598e+00,1.512668871178196595e+00
6.647587504026181149e-01,-2.646003757284753011e+00,1.712098808625153401e+00
6.536008601437769405e-01,-2.617471140335256852e+00,1.898138763522571937e+00
6.346691393400198944e-01,-2.590314270104603800e+00,2.087574061431417327e+00
5.698506701836522081e-01,-2.526426854810460032e+00,2.214432216665083164e+00
5.073298478331186301e-01,-2.460317092786724835e+00,2.166540708555507067e+00
4.498480546466585017e-01,-1.026192696132625759e+00,-1.413176580166440433e+00
4.459992137374313437e-01,-1.046417272499659878e+00,-1.242833642295531060e+00
4.437187718935383107e-01,-1.064727675757733749e+00,-1.078186694694192926e+00
4.420653650560542047e-01,-1.081352367471429599e+00,-9.058770704589941269e-01
4.412493302603424095e-01,-1.098025722390834291e+00,-7.262066217842747529e-01
4.409960308115566940e-01,-1.113452462858232073e+00,-5.560744940243698142e-01
4.409418097033869222e-01,-1.129753825983777604e+00,-3.940444248108581071e-01
4.404212588748800394e-01,-1.142042966038180785e+00,-2.362708648933886380e-01
4.419749471981263000e-01,-1.151715732571889417e+00,-3.810443682947003280e-02
4.432522910607096245e-01,-1.161249253459074593e+00,1.401496532917078930e-01
4.439574096905108958e-01,-1.168773448280052474e+00,3.212392322629770702e-01
4.440824216157850945e-01,-1.174576024754796277e+00,4.997691995146511523e-01
4.448457211306142134e-01,-1.181003657824677866e+00,7.038978373431331592e-01
4.457174913297714536e-01,-1.186916638758304998e+00,9.079431033258945627e-01
4.465046399595826720e-01,-1.191553051581477618e+00,1.085809011021541703e+00
4.482148265302848267e-01,-1.196253002367914986e+00,1.264123582290538783e+00
4.499549881150798347e-01,-1.200665826586764462e+00,1.443006562013678717e+00
4.519057546798460612e-01,-1.204878102335622980e+00,1.647014197153199300e+00
4.527391427908025179e-01,-1.208383930164230291e+00,1.831220249893376062e+00
4.530400938435097391e-01,-1.211113185704154382e+00,2.013515416521610479e+00
4.531297812342913178e-01,-1.214470202468886706e+00,2.192334472602804674e+00
4.524749950592744097e-01,-1.217345523349606440e+00,2.391794192214744097e+00
4.519274511374192227e-01,-1.220140014338343848e+00,2.576091527513947543e+00
4.514479181556474430e-01,-1.222501558150782763e+00,2.759078966831594038e+00
4.505618382142567158e-01,-1.226084562696464042e+00,2.953074474625855039e+00
4.486018027904864480e-01,-1.228742144751847398e+00,3.136912725108500055e+00
4.478582404967644259e-01,-1.230337696265373815e+00,-2.958887961995193994e+00
4.463975841797742095e-01,-1.232112139138676676e+00,-2.767295682886814490e+00
4.431250733173979772e-01,-1.235194216336157336e+00,-2.617675554248063641e+00
4.411974799062131636e-01,-1.237911951353319662e+00,-2.462961630633071053e+00
4.386154945554380791e-01,-1.240259344266805952e+00,-2.275662942707367797e+00
4.358853059624707704e-01,-1.242910630238244885e+00,-2.089683368001078012e+00
4.336914346259532760e-01,-1.246621356208560627e+00,-1.907736891051306172e+00
4.311407824039082404e-01,-1.250911297392500732e+00,-1.722254570805381357e+00
4.289517978477772053e-01,-1.254786170202064177e+00,-1.544855307669124489e+00
4.273705114826609752e-01,-1.259501015353566622e+00,-1.361550914355753816e+00
4.256253584826078518e-01,-1.264788638591663350e+00,-1.175908947658410586e+00
4.247613414078873495e-01,-1.269691133950280770e+00,-9.997576799803636893e-01
4.727683530043739202e-01,-1.356233318656747677e+00,-9.959425465549112122e-01
5.239874940307996942e-01,-1.445365318147266542e+00,-1.000044346385294380e+00
5.797869256389504011e-01,-1.537644673167935849e+00,-9.984723665511219259e-01
6.325282874020450308e-01,-1.625716294520004546e+00,-9.719561335473594355e-01
6.947408741138746402e-01,-1.709858367028399329e+00,-8.734688125964581440e-01
7.617321619182539916e-01,-1.790340213210908082e+00,-8.532539450402595316e-01
7.988637166494031439e-01,-1.832347595959002984e+00,-1.016982389748388504e+00
7.992250623021220912e-01,-1.834621088137122324e+00,-1.190888520996905786e+00
8.000814125993209736e-01,-1.836297445025399711e+00,-1.361852132316277331e+00
8.012625392168781779e-01,-1.838594524227949556e+00,-1.537098880283986668e+00
8.024327083879081446e-01,-1.840424236213808351e+00,-1.717611769738642158e+00
8.036122979591484583e-01,-1.842347170065214312e+00,-1.894000541894959033e+00
8.050955675981257276e-01,-1.844914421995933029e+00,-2.069191283870152720e+00
8.060814182727931154e-01,-1.847601983899062494e+00,-2.244341364677910899e+00
8.077315624210603673e-01,-1.850987799473067463e+00,-2.426738409257441997e+00
8.081940629734142290e-01,-1.853782761254025635e+00,-2.603059311648431517e+00
8.087035732497183105e-01,-1.856719159905325656e+00,-2.785178861239806736e+00
8.084574377102602405e-01,-1.859589122369322167e+00,-2.964833039592495556e+00
8.080471820298110730e-01,-1.862607661771103817e+00,3.131954326154323009e+00
8.068910562178357448e-01,-1.866530545417043774e+00,2.954229133399647989e+00
8.047556448142945129e-01,-1.870075600528229298e+00,2.781444258732320485e+00
8.003505111274582529e-01,-1.873978947818190521e+00,2.852683378770953126e+00
7.976095536351499593e-01,-1.876186296981631418e+00,3.022545230528877358e+00
7.950910926047618510e-01,-1.876855684560909898e+00,-3.078599486533371010e+00
7.908624267013408815e-01,-1.878369103493167547e+00,-2.900602281016156692e+00
7.867093825083149028e-01,-1.880202700061423204e+00,-2.725226264804682774e+00
6.936548900413462837e-01,-1.931674664085690329e+00,-2.641092461504809474e+00
6.026564776989673522e-01,-1.990836462195021639e+00,-2.549179101151506366e+00
5.150037556201255695e-01,-2.051927157365187604e+00,-2.516196957557386593e+00
4.337495890074883897e-01,-2.118952304438722400e+00,-2.449755953234526995e+00
3.532378020738493052e-01,-2.185628327334181886e+00,-2.454479511450464724e+00
2.779592067414308199e-01,-2.247902063977115450e+00,-2.455701286150155038e+00
1.964507413067309582e-01,-2.314593262805072715e+00,-2.456719861901666135e+00
1.160230581079400025e-01,-2.381174014955134588e+00,-2.453036404772702017e+00
3.565778357153705919e-02,-2.447521240022996647e+00,-2.450911529448350112e+00
-2.933737621144879952e-03,-2.482390688240144971e+00,-2.612974115785540175e+00
-2.259383749299916609e-03,-2.484431117608357997e+00,-2.803868378697616404e+00
-1.495606958293352893e-03,-2.487451659603170828e+00,-3.007152593634552673e+00
-1.960672218694648004e-03,-2.490685247490753707e+00,3.100645931683073897e+00
-3.402532772198655492e-03,-2.493374692417241079e+00,2.934282413362343966e+00
-3.470519324991194580e-03,-2.496082822252975841e+00,2.732893622028775837e+00
-3.557109659462142151e-03,-2.498434111913303557e+00,2.537008056429472802e+00
-3.650590318832118691e-03,-2.500340900579564263e+00,2.355098069037967701e+00
-4.378441329698510090e-03,-2.502386432090906609e+00,2.159037926021473375e+00
-5.286006652721946149e-03,-2.504365811393440833e+00,1.965065717818524460e+00
-6.847521725527052142e-03,-2.505717266427528234e+00,1.783046320403396390e+00
-8.933243805426552275e-03,-2.507013123445699598e+00,1.574392476404551378e+00
-1.117851126839200862e-02,-2.508162276720498074e+00,1.387243156945442646e+00
-1.436810313200488284e-02,-2.508098088908873979e+00,1.195626880562475014e+00
-1.751458707671282866e-02,-2.507308410689721434e+00,1.015280132606147134e+00
-2.050071962487333768e-02,-2.506158606006576584e+00,8.398729977952721359e-01
-2.404218024348690752e-02,-2.504153978250675650e+00,6.487003234130072071e-01
-2.722178210629682196e-02,-2.502469698404523157e+00,4.752690917421952266e-01
-3.057836609643588277e-02,-2.500498116080039246e+00,2.967862745612746544e-01
-3.298984396428879251e-02,-2.498498736824536604e+00,1.167760684081033534e-01
-3.594635714730111398e-02,-2.496456587746292310e+00,-4.032056067147726797e-02
-3.811933727039681918e-02,-2.495452397434726688e+00,-2.147296854841096170e-01
-3.973493032334639297e-02,-2.495279856107257554e+00,-3.970399144733416374e-01
-4.161720250971990415e-02,-2.496175139109712671e+00,-5.730510743387521311e-01
-4.215512321557428332e-02,-2.496034183290625652e+00,-7.548507490950345789e-01
-4.299865796682638547e-02,-2.496165053479532769e+00,-9.890708637794555225e-01
-4.232875873276375350e-02,-2.494988541800327475e+00,-1.183865944642570778e+00
-4.096790676961754168e-02,-2.494498554430814696e+00,-1.388009031189302522e+00
-3.940500097006699454e-02,-2.494559769492634249e+00,-1.587822116142115547e+00
-3.767507001929142757e-02,-2.494558281820103751e+00,-1.789793814996385013e+00
-3.603207191047335528e-02,-2.495264066632803868e+00,-1.963602895141796090e+00
-3.343785282702137901e-02,-2.496721128923214739e+00,-2.148186504952276810e+00
-3.074218925054927540e-02,-2.497933939816693538e+00,-2.338201641814512399e+00
-2.914450833175623659e-02,-2.499772051856061328e+00,-2.553551809509872594e+00
-2.717692019991385308e-02,-2.501626686264216026e+00,-2.742265131580171378e+00
-2.555242783609829038e-02,-2.504149203960825965e+00,-2.924872016182465284e+00
-2.438655493795965218e-02,-2.507136463530165393e+00,-3.130800700508689971e+00
-2.332830973473385555e-02,-2.509651216101674631e+00,2.940817649043089510e+00
-2.246622485448016016e-02,-2.511897653399794095e+00,2.766186191734446354e+00
-2.222999808602690169e-02,-2.514400856051138167e+00,2.568236067044276982e+00
-2.169964957649206730e-02,-2.517350059892399017e+00,2.350924998578798775e+00
-2.208933157037404338e-02,-2.519565011111925212e+00,2.152605850601754245e+00
-2.275891410939666695e-02,-2.522154757032702310e+00,1.934252474215079509e+00
-2.398274775704532444e-02,-2.524209344071844274e+00,1.736481724775892577e+00
-2.607599396229081171e-02,-2.526349947622513081e+00,1.513993462458917305e+00
-2.843483546286776353e-02,-2.527805151361259828e+00,1.301927468891545869e+00
-3.132769225381749206e-02,-2.528382061243712897e+00,1.077026671918570155e+00
-3.358553090167155225e-02,-2.527915469121635450e+00,8.809584711372320243e-01
-3.606198583288432180e-02,-2.527128827498897223e+00,6.728088421155010712e-01
-3.754753596085828177e-02,-2.526310086231392305e+00,4.769284933018500539e-01
-3.952586306367116692e-02,-2.525702797687144674e+00,2.805448074793068236e-01
-4.142370901990563570e-02,-2.524403987880624811e+00,6.387710886589409442e-02
-4.318164117961423992e-02,-2.522379695080148920e+00,-1.460563451100473364e-01
-4.441982386394774385e-02,-2.520753371035512558e+00,-3.520226260925319317e-01
-4.501031238644619820e-02,-2.518753525278994765e+00,-5.942271181464846563e-01
-4.555095374901382832e-02,-2.515781278985904201e+00,-8.368284151765883472e-01
-4.492682428793622756e-02,-2.514128604713311343e+00,-1.072158984369952384e+00
-4.407111569961376374e-02,-2.512597300625552421e+00,-1.281261547741733287e+00
-4.219633451936582319e-02,-2.510681821333166752e+00,-1.524099693453246918e+00
-4.050318174991219405e-02,-2.509973607636660553e+00,-1.747495304712057829e+00
-3.846568054165953182e-02,-2.509915909052510941e+00,-1.945826603330997662e+00
-3.602098760048504100e-02,-2.510618721278992105e+00,-2.137761972699091295e+00
-3.356836364533753031e-02,-2.512021202666509190e+00,-2.363501876079973307e+00
-3.165011705816625498e-02,-2.513923478978268733e+00,-2.581261651897032383e+00
-2.990301207745186748e-02,-2.515769730352755751e+00,-2.771975347962264191e+00
-2.804428412877558660e-02,-2.518496865549822328e+00,-2.981208494309159907e+00
-2.727526454906270895e-02,-2.521285336162510937e+00,3.052243730643739550e+00
-2.648164383525297705e-02,-2.523676333548269479e+00,2.862415973388180213e+00
-2.598749208933147370e-02,-2.526297564390690198e+00,2.645433025398044702e+00
-2.544577862306415111e-02,-2.528675327477917012e+00,2.469365577956186275e+00
-2.534893411904724086e-02,-2.531890225787525761e+00,2.247029230233790642e+00
-2.563783075264872494e-02,-2.533757112648985288e+00,2.072205129136477808e+00
-2.676696675723518742e-02,-2.536179029242132010e+00,1.857127383163602152e+00
-2.837761487315298634e-02,-2.538082693395999900e+00,1.625447042867647296e+00
-3.055996657487813906e-02,-2.539488729800580380e+00,1.419608087118868545e+00
-3.341888242384812718e-02,-2.540455456526975908e+00,1.179318844823974199e+00
-3.688614650460305538e-02,-2.540835025854108142e+00,9.678554164314523423e-01
-3.878049959398979785e-02,-2.539897365943737828e+00,7.511042059808308302e-01
-4.140041673387522686e-02,-2.538619995745694080e+00,5.286650914285426772e-01
-4.415948253722428579e-02,-2.537081485288509519e+00,2.509769849188742685e-01
-4.653817859815408131e-02,-2.535176427243463149e+00,9.640499664084719797e-03
-4.840104694558856890e-02,-2.533201397596428261e+00,-2.302514728450736348e-01
-4.923654898077888670e-02,-2.531902985743890611e+00,-4.189033930912566817e-01
-4.992901806357681604e-02,-2.529548877382832295e+00,-6.626468218978699420e-01
-5.031439425263519588e-02,-2.526735519888367865e+00,-9.377155150114878657e-01
-4.970426906413324963e-02,-2.524784025267666987e+00,-1.191714269922574010e+00
-4.795850868079545165e-02,-2.523107179187949800e+00,-1.431011714724718775e+00
-4.631856727329909662e-02,-2.521856744992811095e+00,-1.670284325783622403e+00
-4.430655297401327186e-02,-2.521392379357601854e+00,-1.877002819909159959e+00
-4.119779121038582431e-02,-2.521822081413469085e+00,-2.116286991594222400e+00
-3.821902098928395969e-02,-2.523272428687375335e+00,-2.337809034618882453e+00
-3.695158457279139330e-02,-2.525061000174702031e+00,-2.516969154719982171e+00
-3.525162786670706094e-02,-2.527449298319245585e+00,-2.728892336012540998e+00
-3.405277289853626821e-02,-2.529366739003972242e+00,-2.909624268142491310e+00
-3.260268690069362957e-02,-2.531516022738627303e+00,-3.095439063796695311e+00
-3.147139865799607195e-02,-2.534965835773971055e+00,2.945032341357598060e+00
-3.044567408153758467e-02,-2.538280703426546658e+00,2.706222149670387545e+00
-2.995950723323148948e-02,-2.540378858737310619e+00,2.517684714046947825e+00
-2.939238392734645766e-02,-2.543608499733801764e+00,2.273039388882254208e+00
-3.011475781954172856e-02,-2.546950506203712550e+00,2.034999014661350358e+00
-3.081436484709938056e-02,-2.548656904033261839e+00,1.846788158328245277e+00
-3.273650794238843614e-02,-2.551040612164645616e+00,1.601277844219617608e+00
-3.554857331303655499e-02,-2.552666261547818394e+00,1.347722129786270040e+00
-3.897495411674221921e-02,-2.553935697561244833e+00,1.123048729625149900e+00
-4.142108952111447917e-02,-2.554065170941781204e+00,9.485195467389021529e-01
-4.399259541150117581e-02,-2.553285143007418601e+00,7.545575139871462111e-01
-4.602296472982184139e-02,-2.552483245961926883e+00,5.642954504774203572e-01
-4.818223089080605342e-02,-2.551539035793250587e+00,3.654042226891590084e-01
-5.051558380309413565e-02,-2.549467953494349182e+00,1.146157947033696056e-01
-5.228144632305078282e-02,-2.548208076306440528e+00,-8.037220636958078424e-02
-5.337182429789836396e-02,-2.546446153334111173e+00,-2.773618648535015052e-01
-5.428356796734148254e-02,-2.544267282970424482e+00,-4.898795999533639978e-01
-5.547493485170888750e-02,-2.542352517665911193e+00,-6.995007959830223943e-01
-5.590734481310122295e-02,-2.540078540918585759e+00,-9.459084249629302610e-01
-5.530962793068697897e-02,-2.537633249933083590e+00,-1.168339358227882263e+00
-5.422071214652843252e-02,-2.536201446310984320e+00,-1.421969481382524325e+00
-5.255126924502295793e-02,-2.535040776245320426e+00,-1.663579727644037387e+00
-5.000808706327029840e-02,-2.534232019514603085e+00,-1.918791988750473410e+00
-4.724417209930224792e-02,-2.534876796892634232e+00,-2.180696221185457695e+00
-4.513671685044571419e-02,-2.536377152462816920e+00,-2.395981657289989020e+00
-4.347863113050830230e-02,-2.538257525393055047e+00,-2.573483476964059324e+00
-4.241006690381538685e-02,-2.540202780739766908e+00,-2.761978593516362768e+00
-4.072721176598112502e-02,-2.542839847746226845e+00,-3.000426271358217267e+00
-3.905078951706540680e-02,-2.546098755120575152e+00,3.030703942644762172e+00
-3.825355368537466938e-02,-2.549148452059919912e+00,2.793293045324655388e+00
-3.777199475541524742e-02,-2.551794267703643815e+00,2.545026800880322515e+00
-3.698028958305124569e-02,-2.555102760087122338e+00,2.326404133342462099e+00
-4.022822391585186008e-02,-2.556934585775518798e+00,2.422156711198230727e+00
-4.249074939415836694e-02,-2.556321866788638264e+00,2.610736329542071577e+00
-4.431521070422195230e-02,-2.554876801358404670e+00,2.786588887148911731e+00
-4.676813367527515863e-02,-2.553217176741914507e+00,2.967056302927298717e+00
-4.972261910404100066e-02,-2.551937652989695771e+00,-3.136147499484867485e+00
-5.210891576446902151e-02,-2.551145253666295520e+00,-2.952048154003317215e+00
-9.844287663933004584e-02,-2.560789634395241432e+00,-2.909798986750599337e+00
-1.993619087808035095e-01,-2.587283914986421962e+00,-2.845002342635667869e+00
-2.972944467228089693e-01,-2.624235171236808384e+00,-2.750713454334625219e+00
-3.934461669196059885e-01,-2.664191647665550722e+00,-2.754073131128444540e+00
-4.883279445035743627e-01,-2.709645235850251410e+00,-2.646460378029482641e+00
-5.775614486007267789e-01,-2.765098246047399844e+00,-2.535315780634803673e+00
-6.602812823773720474e-01,-2.826220452463194643e+00,-2.488112358454448891e+00
-7.438026176921439525e-01,-2.888620837253694340e+00,-2.487803949765468481e+00
-8.287933408581329431e-01,-2.952456330204158430e+00,-2.487793311148207565e+00
-9.117264846648521770e-01,-3.015241967659306077e+00,-2.485148829819255667e+00
-9.971835937384728732e-01,-3.080474350688445551e+00,-2.483808046413130022e+00
-1.062075020061372888e+00,-3.129949595706312593e+00,-2.627183579785014711e+00
-1.061373677711193286e+00,-3.131819399970819706e+00,-2.819572566900357735e+00
-1.060381274633181325e+00,-3.133712674734546511e+00,-2.995191234515053313e+00
-1.059582433571994331e+00,-3.136022256976501499e+00,3.090280608710297194e+00
-1.059240595685926545e+00,-3.138198668716153161e+00,2.909023447190777212e+00
-1.059622406570648323e+00,-3.140526099616134381e+00,2.716186539375853304e+00
-1.060394300156363601e+00,-3.143502181071737400e+00,2.511897047422308571e+00
-1.061176877768908122e+00,-3.146296266660575380e+00,2.296766812690825166e+00
-1.062177348114223596e+00,-3.148318907410112111e+00,2.117097079880823962e+00
-1.063921222245850506e+00,-3.150671652347028839e+00,1.929905349135976111e+00
-1.065999343881403050e+00,-3.152093520861439124e+00,1.745059613688152433e+00
-1.068336240850152663e+00,-3.153371085454161893e+00,1.553030749326911986e+00
-1.070871600434086801e+00,-3.154130715498361326e+00,1.359612934550025631e+00
-1.074523761997452365e+00,-3.154725226467251620e+00,1.182569404903878629e+00
-1.077968290016345643e+00,-3.155248777806754390e+00,1.011986724285880435e+00
-1.081408723164880792e+00,-3.154904978767996582e+00,8.827286655512797120e-01
-1.083380094728316090e+00,-3.154301281243276023e+00,7.050036418311259601e-01
-1.085342256195952038e+00,-3.153416043594300167e+00,5.282673532941157823e-01
-1.087605662281148744e+00,-3.152099085283586177e+00,3.695588898474458928e-01
-1.089511707112256644e+00,-3.150928194012121875e+00,1.848801622367018671e-01
-1.091216159332744740e+00,-3.149596346531070790e+00,5.211623341992739980e-03
-1.092184969273398698e+00,-3.148392867974499243e+00,-1.715727190459696294e-01
-1.092969557614073883e+00,-3.146932399484459353e+00,-3.351546124357750456e-01
-1.094050931924817061e+00,-3.144560476603593280e+00,-4.443687777530996308e-01
-1.094247417074175832e+00,-3.143597205714086851e+00,-6.255165933082841301e-01
-1.094196509776396375e+00,-3.142655155088934116e+00,-8.046485506410139266e-01
-1.093968282937805903e+00,-3.141864938608910585e+00,-9.837096759229020382e-01
-1.093497107538387469e+00,-3.141270762622654367e+00,-1.166958175286503252e+00
-1.092940282397985685e+00,-3.142229085072194117e+00,-1.336356644224716561e+00
-1.092485709559992912e+00,-3.142699191408961035e+00,-1.526424242287908628e+00
-1.091274896390705518e+00,-3.142648797443867714e+00,-1.705472654564659019e+00
-1.089700854576554967e+00,-3.142355634587604474e+00,-1.885717904875063411e+00
-1.087455108874209708e+00,-3.142607271788980139e+00,-2.060702794991423392e+00
-1.085278491147266156e+00,-3.143037517962274929e+00,-2.239073973256771488e+00
-1.083851026011164675e+00,-3.143774821316274615e+00,-2.324227148517164832e+00
-1.086164609286069949e+00,-3.144060886677833455e+00,-2.139657970164191347e+00
-1.088939486791716593e+00,-3.144932085315897741e+00,-1.950043804818921034e+00
-1.090781618027711897e+00,-3.145772855173082139e+00,-1.766349651056946302e+00
-1.092540309379548491e+00,-3.147447719392442611e+00,-1.591907768516199750e+00
-1.093727098203957082e+00,-3.149292800050734087e+00,-1.400350067390034425e+00
-1.094958748912124857e+00,-3.150661143408429510e+00,-1.224330741489493724e+00
-1.095602780521661934e+00,-3.152898322306270984e+00,-1.045410000976543907e+00
-1.095938150675067835e+00,-3.154909000919211781e+00,-8.694181209539042499e-01
-1.095687231987628518e+00,-3.156718032663112350e+00,-6.860007350534564896e-01
-1.095368141114717142e+00,-3.158661226731982463e+00,-5.066796495329816130e-01
-1.094798031390556758e+00,-3.160722233879356136e+00,-3.056572196456179280e-01
-1.094626608290392600e+00,-3.164196493605162974e+00,-1.543370725478118155e-01
-1.094868684746960419e+00,-3.166529711779965339e+00,2.220814336571433692e-02
-1.094402171925423550e+00,-3.169335988006407590e+00,2.049479761086952512e-01
-1.093400862169912058e+00,-3.172130571272527177e+00,3.803989321966668724e-01
-1.092336838124356557e+00,-3.175173325087936149e+00,5.420015676871110522e-01
-1.011848678262367240e+00,-3.127087468150933969e+00,5.921392126855656857e-01
-9.280690285230585035e-01,-3.068342346458313941e+00,6.345545392770343129e-01
-8.469709092956552166e-01,-3.008174100097658954e+00,6.742745555855307327e-01
-7.669122172446050101e-01,-2.946986964310203128e+00,6.673685992698883407e-01
-6.860841789366667332e-01,-2.885159119474197009e+00,6.446819933432709204e-01
-6.247948003053045429e-01,-2.847625158336800855e+00,4.674899251868029904e-01
-5.727834154859516858e-01,-2.829416480807576573e+00,2.897670039799198349e-01
-5.164053860201437418e-01,-2.820589531573694408e+00,1.110202581374447883e-01
-4.580277487039632889e-01,-2.820488885801797796e+00,-7.351023805211119588e-02
-3.987581694877627703e-01,-2.831476757289031809e+00,-2.614115895372843279e-01
-3.386096366609578356e-01,-2.855752807473475929e+00,-4.628218020741097782e-01
-2.839287983390568759e-01,-2.891240567441263565e+00,-6.517777399990521969e-01
-2.295338198951092368e-01,-2.942100521472517105e+00,-8.342815549950194365e-01
-1.693071254233539658e-01,-3.021625189542134216e+00,-9.964105067533939319e-01
-1.145777298987975396e-01,-3.105378500870710656e+00,-9.625151666545058715e-01
-5.309754324832898636e-02,-3.189239363336923372e+00,-9.247622154910252190e-01
8.313672035986584621e-03,-3.272349923226949731e+00,-9.364490539760149668e-01
5.526363425497875931e-02,-3.342686390575224653e+00,-1.072916670441127485e+00
6.906967295382840377e-02,-3.377857019583744069e+00,-1.269695663271736663e+00
7.766674738176143622e-02,-3.411984202798755028e+00,-1.465934942041038580e+00
7.943730592127068446e-02,-3.448154910488104186e+00,-1.661902237603616994e+00
7.508835269517001587e-02,-3.482082077684434562e+00,-1.837506840528619900e+00
6.327160859963415485e-02,-3.518438757171590048e+00,-2.012343262154000278e+00
4.101025656102641470e-02,-3.558377346671631525e+00,-2.200219937805811377e+00
4.906095799669659557e-03,-3.600451205431604240e+00,-2.390748756051992885e+00
-1.548188777166298671e-02,-3.621272884235987366e+00,-2.419120951730416635e+00
-2.119125037271475318e-02,-3.628200353500922404e+00,-2.235950944612732361e+00
-4.814747910943170672e-02,-3.667681481384604592e+00,-2.174118235672570787e+00
-1.018946723257817821e-01,-3.754429979094947800e+00,-2.133054225957599748e+00
-1.562339003599379217e-01,-3.842054050737777171e+00,-2.135288930317201128e+00
-2.112665499770509936e-01,-3.928906985196447099e+00,-2.132737963070124643e+00
-2.668864389588248565e-01,-4.015685281619967739e+00,-2.137293201505589213e+00
-2.871040136050957425e-01,-4.046544183103007342e+00,-1.968764638435519743e+00
-2.897303727459609179e-01,-4.048908883126034475e+00,-1.786588911088774045e+00
-2.919229137408692609e-01,-4.051156540624623936e+00,-1.605656529871203331e+00
-2.936407945690292509e-01,-4.053167293342101907e+00,-1.418484359755052937e+00
-2.947608461391618695e-01,-4.056049265761584088e+00,-1.239114429791958738e+00
-2.957684544144101313e-01,-4.059066868186029353e+00,-1.075552518820946490e+00
-2.960817617690854608e-01,-4.063344470933605734e+00,-9.100936468253343348e-01
-2.948858830444777146e-01,-4.068577843922790649e+00,-7.358501249965714308e-01
-2.836971360131377851e-01,-4.082129961778234062e+00,-6.125365329989677088e-01
-2.105126257267820045e-01,-4.149238095023857653e+00,-7.509831181990689331e-01
-1.749850821840826798e-01,-4.184223581834874750e+00,-9.578479261076087159e-01
-1.743072283768884734e-01,-4.182885813644943163e+00,-1.166171765896448109e+00
-1.734629394677293657e-01,-4.181788976605751884e+00,-1.365409406696552086e+00
-1.698327015851944788e-01,-4.181005288376939966e+00,-1.510789062141768335e+00
-1.659463239883380015e-01,-4.182925022098411105e+00,-1.657952907530637843e+00
-1.644102974136824324e-01,-4.183014904392547528e+00,-1.834370757378779304e+00
-1.621812971836264772e-01,-4.183594921651194731e+00,-2.018839691852716722e+00
-1.592900883494909881e-01,-4.184486804003701543e+00,-2.225358268340256185e+00
-1.570663894331439658e-01,-4.185786633206665996e+00,-2.405940476845539244e+00
-1.548760052257781572e-01,-4.187946003357012614e+00,-2.670956621554581467e+00
-1.521206688723379385e-01,-4.190582890944980932e+00,-2.905621916653418957e+00
-1.506067524154243442e-01,-4.192545123977397203e+00,-3.089177496371828813e+00
-1.491430013038801405e-01,-4.195158291339150303e+00,2.942669313186918156e+00
-1.485034313720258736e-01,-4.196811017990897064e+00,2.762270065418026110e+00
-1.477700252575471218e-01,-4.199918353664565451e+00,2.521281351830257034e+00
-1.478908710221657208e-01,-4.202313970798587484e+00,2.315211602860465234e+00
-1.487021445788532514e-01,-4.205633476463741083e+00,2.071958008419117370e+00
-1.501362922317752424e-01,-4.207691954245429855e+00,1.833371400791206529e+00
-1.519105105472076667e-01,-4.209579147070045657e+00,1.632652330538293617e+00
-1.544543865014083306e-01,-4.211130466446771692e+00,1.396879800930877158e+00
-1.568409346138233129e-01,-4.211793478013966308e+00,1.163692889224555493e+00
-1.593657162413299189e-01,-4.211717506620912488e+00,9.613453615284486276e-01
-1.627888430611276194e-01,-4.210582083864963465e+00,7.229735310840489371e-01
-1.650168700393943588e-01,-4.208960517333243168e+00,4.853705476159405063e-01
-1.673553929800763451e-01,-4.207652019595426118e+00,2.859567466922693924e-01
-1.691498891051461395e-01,-4.205671153701225684e+00,5.453534543278888702e-02
-1.710309115475084352e-01,-4.203202817703862948e+00,-2.075056573410382077e-01
-1.720967050993038872e-01,-4.200926706600264460e+00,-4.082719852185049958e-01
-1.725063499924532895e-01,-4.199074413526133753e+00,-5.900553748321836212e-01
-1.723456582553367367e-01,-4.196313534412345447e+00,-8.446992163156353817e-01
-1.715921897861334422e-01,-4.192946606981708513e+00,-1.132744966252306140e+00
-1.702426174366264422e-01,-4.190917094669807774e+00,-1.395841852752915502e+00
-1.677310843777837790e-01,-4.189220662572334497e+00,-1.653146893456225675e+00
-1.655814575430389901e-01,-4.188237413245522234e+00,-1.852392788270210477e+00
-1.633699281095080114e-01,-4.187935103781695645e+00,-2.033395952774337712e+00
-1.599111986348947800e-01,-4.188737120337410857e+00,-2.296748000365525844e+00
-1.567188003586889866e-01,-4.190686308214480071e+00,-2.588574195035550307e+00
-1.538948092544278057e-01,-4.192871677556497367e+00,-2.848805775352992509e+00
-1.522940510635599209e-01,-4.194595542709059544e+00,-3.026258511131326934e+00
-1.501336581443865337e-01,-4.197434936830185315e+00,2.965460207142849303e+00
-1.490505344595419446e-01,-4.199548967732006588e+00,2.788617345796532643e+00
-1.480172340414239729e-01,-4.201973897981265083e+00,2.611192890933905719e+00
-1.476492614375633783e-01,-4.205084893192740481e+00,2.360877254368557221e+00
-1.477554793190482829e-01,-4.207799125969153842e+00,2.152419778987513688e+00
-1.489810504039841832e-01,-4.211709676170157124e+00,1.972254403420168556e+00
-1.505402638937507198e-01,-4.213791342283867536e+00,1.808848464547084145e+00
-1.522938028875700511e-01,-4.216302143154886828e+00,1.622902776812101822e+00
-1.537923249138412884e-01,-4.217670586753973438e+00,1.441356595785400430e+00
-1.562158185791282239e-01,-4.218894172572344559e+00,1.261917631090615721e+00
-1.570661083768780386e-01,-4.218581521705201176e+00,1.084049174880954425e+00
-1.133885821636823887e-01,-4.151293628587803042e+00,9.833103949849313352e-01
-5.582463257057340006e-02,-4.066334676236473378e+00,9.841787090802163185e-01
7.493882737955187296e-04,-3.980748052940958903e+00,9.854361825073243430e-01
5.969147798215311551e-02,-3.892973544028564881e+00,9.847459334274857312e-01
1.145937880794795360e-01,-3.810897390405539209e+00,9.705840424578981995e-01
1.796748417886636084e-01,-3.723334749484529027e+00,9.167399262803209714e-01
2.462259148571104006e-01,-3.641820165087804373e+00,8.687705873759375974e-01
3.167027257166514231e-01,-3.563108883167852348e+00,8.331938889749485044e-01
3.862186117732979707e-01,-3.485589946987756260e+00,8.628806636687957887e-01
4.516062963087474902e-01,-3.406521481869245083e+00,9.114896450255300930e-01
5.195696297144491993e-01,-3.321258436721707508e+00,8.935887191440726740e-01
5.874605483130771466e-01,-3.243174661352596466e+00,8.453652321198062980e-01
6.630045836182150154e-01,-3.163489653833306381e+00,7.966418490455895451e-01
7.333431064249404940e-01,-3.096322760967232579e+00,7.539764823181133169e-01
8.136643660717461923e-01,-3.026469449274622914e+00,6.980568321487324868e-01
8.953808469940703896e-01,-2.962655256457165542e+00,6.520447268421465381e-01
9.823472749990203035e-01,-2.901062863678293802e+00,6.027227099435786828e-01
1.067078218618253249e+00,-2.848368950550524747e+00,4.935101529985936319e-01
1.106976210951372774e+00,-2.818177697591779385e+00,3.347467185447990934e-01
1.106729528995729517e+00,-2.815874782317984604e+00,1.536945805977936175e-01
1.106729253608422781e+00,-2.813720686928846693e+00,-2.987685728886330105e-02
1.107047853902960011e+00,-2.811601313236797406e+00,-2.140271344673393417e-01
1.107630198794814058e+00,-2.809653305578781346e+00,-3.971890424286788623e-01
1.111526530130897195e+00,-2.808539292857442859e+00,-5.670142030826333945e-01
1.119139466587039999e+00,-2.811808100126815368e+00,-7.309076739108222309e-01
1.126964722997660484e+00,-2.816141448109327428e+00,-9.012218178418909265e-01
1.129002392924814746e+00,-2.816465343218900852e+00,-7.925968925883373206e-01
1.130722832479445383e+00,-2.817842520016513586e+00,-6.169686541797581025e-01
1.132417126133620666e+00,-2.819736624179718376e+00,-4.204629372239877538e-01
1.134641808356372739e+00,-2.821504763486120559e+00,-2.242697810326849672e-01
1.136724373396286403e+00,-2.823070711284287881e+00,-1.992871760212927210e-02
1.139242114633819858e+00,-2.824145472482522123e+00,1.622129268489893306e-01
1.141570520501300701e+00,-2.825356959444921934e+00,3.375389878324843163e-01
1.145109453197970417e+00,-2.826949273332566293e+00,5.338145999703440836e-01
1.148507629971127875e+00,-2.827975978434757565e+00,7.092434110091868638e-01
1.152115692707198047e+00,-2.828595761639337791e+00,8.829406227533823648e-01
1.155616238217734848e+00,-2.829215117510964550e+00,1.060168228763618270e+00
1.159407508191929725e+00,-2.829358270881499049e+00,1.258744342413207651e+00
1.163100795729435477e+00,-2.828662057885402259e+00,1.456383332130199992e+00
1.165846854352565964e+00,-2.827178548752383058e+00,1.656131384469655021e+00
1.167929785355794836e+00,-2.825185567991638447e+00,1.857538078958000272e+00
1.169849007913648098e+00,-2.823114707070449203e+00,2.057821805152687755e+00
1.171220789338418333e+00,-2.820913418343037105e+00,2.257705217731841074e+00
1.172788851638484120e+00,-2.819348016160598824e+00,2.420830752426266663e+00
1.172992040520302925e+00,-2.817055917120500297e+00,2.609090838263935730e+00
1.173525926339321845e+00,-2.814993868393584453e+00,2.810055764916050691e+00
1.173790298947628763e+00,-2.813690837333760353e+00,2.992776693756601603e+00
1.173353958619379522e+00,-2.811793087739225427e+00,-3.094174449857551412e+00
1.172638829036002361e+00,-2.810572564278016383e+00,-2.907381542910395744e+00
1.171364373171604578e+00,-2.808372149201367129e+00,-2.760272962930531371e+00
1.169873777385457725e+00,-2.806438140150598670e+00,-2.590303424252254239e+00
1.168394912582332523e+00,-2.804773641930423000e+00,-2.424869366907065782e+00
1.165772356221967732e+00,-2.802728737730378672e+00,-2.302742235560883977e+00
1.163866872059011293e+00,-2.800951460327672393e+00,-2.125479575476115546e+00
1.162845825812311773e+00,-2.800416492687341830e+00,-1.941671313574236946e+00
1.160602188684948688e+00,-2.800953390075448191e+00,-1.714249142813267568e+00
1.157861428122325398e+00,-2.802772190365481197e+00,-1.467985115882916691e+00
1.156593533162032506e+00,-2.804931775008427053e+00,-1.270645505134200715e+00
1.155161784918800283e+00,-2.807128794099881475e+00,-1.060347419558603566e+00
1.154595780204937583e+00,-2.809916435658359024e+00,-8.234055494401195663e-01
1.154890871630357196e+00,-2.813372942390026665e+00,-5.712629886268960622e-01
1.156259154211633167e+00,-2.816970727851241474e+00,-3.830741027176999269e-01
1.257984286708066168e+00,-2.857613113532651017e+00,-3.806736783154506254e-01
1.356928208449486029e+00,-2.897724835940064469e+00,-3.814371298741821570e-01
1.447659161609852196e+00,-2.934896697823873968e+00,-3.775648241241890135e-01
1.543792164037485648e+00,-2.969976464032502594e+00,-3.339248959518331672e-01
1.609330682542360780e+00,-2.997729799987200128e+00,-4.848035295113799492e-01
1.620651131989240046e+00,-3.005053754147176015e+00,-6.895218258990626348e-01
1.693215699054281931e+00,-3.078361072358664074e+00,-8.034425190312879383e-01
1.763843093521792582e+00,-3.152418032253382574e+00,-8.059765469794702986e-01
1.837923993097900777e+00,-3.229357601415749901e+00,-8.052820395895459171e-01
1.851396352551778701e+00,-3.241372680158340014e+00,-9.837337272853053927e-01
1.852248506798731320e+00,-3.239890578700584722e+00,-1.131443577482323937e+00
1.853760233873728680e+00,-3.239832842372980526e+00,-1.309941482358219611e+00
1.855253349534207175e+00,-3.238677167566449189e+00,-1.489927978766325545e+00
1.857543718383791731e+00,-3.237799785238549166e+00,-1.699815655406567538e+00
1.859532803468455286e+00,-3.237562004620903267e+00,-1.892813714488574828e+00
1.862007089995417974e+00,-3.238064772540934833e+00,-2.103308129594188447e+00
1.864265003602240345e+00,-3.238708707703989997e+00,-2.293422169400762822e+00
1.866761358788199932e+00,-3.239573348972354605e+00,-2.492681282819054989e+00
1.869112043729909356e+00,-3.240999627872336308e+00,-2.686114241183242157e+00
1.870908416556501086e+00,-3.242298864264485214e+00,-2.892516410548937156e+00
1.872438958581040147e+00,-3.244181906008423155e+00,-3.095401236001071421e+00
1.873959865549769122e+00,-3.245907977950853507e+00,2.996636345197143392e+00
1.875161594420986066e+00,-3.248529484538979162e+00,2.787845608278244569e+00
1.875856812927033657e+00,-3.250699538694308721e+00,2.579179327627559193e+00
1.876215744849399458e+00,-3.252814905899534814e+00,2.387299893310124599e+00
1.875883386259314278e+00,-3.255073993894800566e+00,2.184057432352562778e+00
1.875121020494842083e+00,-3.257234908359551095e+00,1.996893274862288514e+00
1.874212350840876340e+00,-3.259337165271223746e+00,1.788522569186976607e+00
1.872611767733357357e+00,-3.261041370269739836e+00,1.590309333117445822e+00
1.870962959150258786e+00,-3.262817862768064181e+00,1.371947441549438818e+00
1.868854136725299098e+00,-3.263128074807824852e+00,1.184706783590965706e+00
1.866517146504857338e+00,-3.263083741337290178e+00,9.732428361952190077e-01
1.864488684608622160e+00,-3.262112392928516069e+00,7.663208819759480539e-01
1.862892746785821840e+00,-3.260912704083901215e+00,5.644122193744062210e-01
1.861321269684925284e+00,-3.259794037727506311e+00,3.821984224125019591e-01
1.860131369730565254e+00,-3.258560565727288250e+00,2.033538408759903993e-01
1.859062202498237282e+00,-3.257004183143546783e+00,5.054835725047137490e-03
1.858700812901828758e+00,-3.255063081076022158e+00,-2.076102419851427738e-01
1.857683076855087378e+00,-3.252891383754304755e+00,-4.236675952821639113e-01
1.857419899263279550e+00,-3.250886593104387323e+00,-6.043546389588410062e-01
1.857285450039662722e+00,-3.248906638678127123e+00,-7.826016132155462213e-01
1.857639913691817135e+00,-3.247118995745321701e+00,-9.660677668405610596e-01
1.858731115282248547e+00,-3.245331946128303890e+00,-1.145116013428753687e+00
1.859997702652030460e+00,-3.243893751651030222e+00,-1.329625540776111281e+00
1.862011869184724500e+00,-3.242320987743375404e+00,-1.542948897985080725e+00
1.864029069315270348e+00,-3.241367669106468785e+00,-1.734033868467013129e+00
1.866849904038071051e+00,-3.240774690935739333e+00,-1.969507896924734602e+00
1.869954948559635621e+00,-3.241144413320597994e+00,-2.185549920109212341e+00
1.872400703102123920e+00,-3.241900024530112390e+00,-2.371816786407201949e+00
1.875099464396694282e+00,-3.242634714275848484e+00,-2.587433019338626128e+00
1.877349343174218976e+00,-3.244032352981009115e+00,-2.771244355698175621e+00
1.878813516531955274e+00,-3.245488142741260962e+00,-2.946949978348023524e+00
1.880674462760033139e+00,-3.247699552082794483e+00,3.129937281026039742e+00
1.881672968666823875e+00,-3.249564234909632532e+00,2.950241427589677112e+00
1.882647407525929850e+00,-3.251661829666563808e+00,2.739669929564986894e+00
1.883353396026014925e+00,-3.254108565569645339e+00,2.538815035969486100e+00
1.883659527922664889e+00,-3.256087767721073778e+00,2.363165991951359679e+00
1.866219351773109159e+00,-3.237097473699709127e+00,2.214504830088655840e+00
1.799569682887400157e+00,-3.148816358316218089e+00,2.218533023726152020e+00
1.737916770301602520e+00,-3.067513195706314200e+00,2.220487747250037280e+00
1.676129463709502554e+00,-2.984682009534317171e+00,2.217736263712053901e+00
1.613323944181394021e+00,-2.900337287540442954e+00,2.218585515134410269e+00
1.555650845973458374e+00,-2.824896968111426432e+00,2.146133852555072608e+00
1.554854262506186524e+00,-2.825359585536197926e+00,1.938428044190492638e+00
1.553346546822858443e+00,-2.826795413702739346e+00,1.716306659285896208e+00
1.551735138862246011e+00,-2.827844587267059229e+00,1.502282783729011584e+00
1.549568059963134292e+00,-2.828711879879417079e+00,1.312372750872994098e+00
1.546949483142604498e+00,-2.829023881873477198e+00,1.100336777669935762e+00
1.544930156429100032e+00,-2.828500796274219020e+00,9.094937744552561432e-01
1.542652441055667456e+00,-2.827483927279410558e+00,6.959565074876516988e-01
1.540973892237618381e+00,-2.826340694115051733e+00,5.047953004568215274e-01
1.539221128296972552e+00,-2.824852568809558484e+00,3.149177345437594311e-01
1.537655510098762779e+00,-2.822843634476194019e+00,1.049024818354089422e-01
1.536782977768333946e+00,-2.821211275592181433e+00,-8.504487610026353894e-02
1.535817104395020172e+00,-2.819181455610906717e+00,-2.955441188177364009e-01
1.535268394612373521e+00,-2.816623493347911733e+00,-4.881905455883962519e-01
1.534962112620948504e+00,-2.813853392531795006e+00,-7.000048937200412658e-01
1.534946146427720981e+00,-2.811634865397453442e+00,-8.888011264846156223e-01
1.535700012250133639e+00,-2.809298141394877213e+00,-1.099512406931836273e+00
1.536895758125958356e+00,-2.807027210445227627e+00,-1.291396729113211794e+00
1.538589999854767409e+00,-2.805526304388819003e+00,-1.503038645852582178e+00
1.540505187944017695e+00,-2.803986989334344759e+00,-1.714427464904926701e+00
1.542439145961971070e+00,-2.803301037124699135e+00,-1.905367191085949319e+00
1.544609686728206865e+00,-2.803173893618805312e+00,-2.097368087969242012e+00
1.546984092509856579e+00,-2.803741509750033334e+00,-2.306268721553867973e+00
1.549290572033216185e+00,-2.804423853016055901e+00,-2.500551899996019234e+00
1.478688988901451840e+00,-2.849231586162205065e+00,-2.613682232218157431e+00
1.388901096369351551e+00,-2.902890987849420679e+00,-2.612865820220929614e+00
1.301000415060409088e+00,-2.954448831622171312e+00,-2.610533707088617650e+00
1.214351332678823336e+00,-3.004675424053022681e+00,-2.615381041655900685e+00
1.127797309280020865e+00,-3.053580828900385846e+00,-2.626066438086592569e+00
1.079830420450025086e+00,-3.079908727156713599e+00,-2.483695471260594090e+00
1.055303878181235389e+00,-3.100083239999872120e+00,-2.276400678131333510e+00
1.040777138682896341e+00,-3.118076964529880257e+00,-2.091562354745694741e+00
1.029749505396008402e+00,-3.138271140226756906e+00,-1.890039534406745547e+00
1.022450906881632093e+00,-3.159084107686937593e+00,-1.703566293883264748e+00
1.018533369233511676e+00,-3.173144172594184464e+00,-1.520017232768686721e+00
1.020235737160338996e+00,-3.189727945132236009e+00,-1.288350951505260023e+00
1.023875037827610246e+00,-3.204535004031259682e+00,-1.066220800915670619e+00
1.030952885381847262e+00,-3.218465631708666397e+00,-8.429494037892492075e-01
1.040354431198220020e+00,-3.228947811637694176e+00,-6.566869151462908505e-01
1.051669402637732453e+00,-3.237973883206173298e+00,-4.789376776147177273e-01
1.065303686076776835e+00,-3.245640216200132766e+00,-2.888147420594717740e-01
1.081523905615720871e+00,-3.251487332884205994e+00,-9.989763452375913233e-02
1.097935112718691375e+00,-3.252559605662181497e+00,9.043697905783820712e-02
1.105119546847520340e+00,-3.251926047726769742e+00,7.118410517267030613e-02
1.104174896720714338e+00,-3.250117805907909663e+00,-1.514041151713748923e-01
1.102964510171575707e+00,-3.248213052248850818e+00,-4.176975660350727426e-01
1.102528635680001701e+00,-3.246471411346417923e+00,-6.293360972845793988e-01
1.102454476406440786e+00,-3.243754549877834847e+00,-8.854983128096487466e-01
1.103007683248387938e+00,-3.241485891602748026e+00,-1.161435822987371580e+00
1.103959718707307136e+00,-3.240277167436910855e+00,-1.339634303478230981e+00
1.105525955359881962e+00,-3.239090933021829155e+00,-1.531991847189691835e+00
1.107565550031224255e+00,-3.238788013857377024e+00,-1.715966123791504927e+00
1.109639035580765487e+00,-3.238740492966077689e+00,-1.920050482474022324e+00
1.112158203842314785e+00,-3.238924219201814392e+00,-2.112011813288053652e+00
1.114543682378333456e+00,-3.239689359059132467e+00,-2.303241271041144511e+00
1.117943128759479210e+00,-3.241484620799873095e+00,-2.609435894997904182e+00
1.120891769905210333e+00,-3.244672648035594520e+00,-2.855271865756979999e+00
1.122184608926444005e+00,-3.246686032107076070e+00,-3.046391231806623967e+00
1.124439400976662284e+00,-3.250896242361041022e+00,2.930839667683274197e+00
1.125389949194159689e+00,-3.254191782723728554e+00,2.666042023510059700e+00
1.125647907625366040e+00,-3.257912367334930615e+00,2.416192092186922658e+00
1.124804952365951793e+00,-3.260463582771497837e+00,2.183861040722436364e+00
1.123672889850441781e+00,-3.264176884661313949e+00,1.914017044764362518e+00
1.122003661747089653e+00,-3.265993410285040532e+00,1.722623916470660932e+00
1.119160359727903176e+00,-3.268445300857899749e+00,1.416593718733209828e+00
1.115882158781751787e+00,-3.269752189744853155e+00,1.151097402362354583e+00
1.113265850239575361e+00,-3.270161498196276995e+00,9.590668198451353099e-01
1.109174539989111752e+00,-3.269722119640983138e+00,6.544903584645068717e-01
1.106071820061867772e+00,-3.268007621389510842e+00,3.867512105421195279e-01
1.104260351773302062e+00,-3.266771996375505971e+00,1.955229020227935710e-01
1.102162994731101353e+00,-3.264193830043826239e+00,-1.100177350716256136e-01
1.100876221766075247e+00,-3.261608834558700654e+00,-3.774312006512491879e-01
1.100278435101003982e+00,-3.259792585880406435e+00,-5.679220430421675347e-01
1.099662934940709658e+00,-3.256449923075399155e+00,-8.257693390959923718e-01
1.167392160545941415e+00,-3.337162102184148882e+00,-8.630678691227161581e-01
1.235978435001671816e+00,-3.418786515326041275e+00,-8.619159295719752700e-01
1.305407876141176926e+00,-3.500899857828893680e+00,-8.587599018283855745e-01
1.314193797987244450e+00,-3.511224365487026766e+00,-1.022409847394359028e+00
1.322356847092443388e+00,-3.527893942202460664e+00,-1.198498098574402260e+00
1.327907853820289308e+00,-3.546714550074902661e+00,-1.379016813238709505e+00
1.338462342888120604e+00,-3.645183252375234328e+00,-1.478156697337522862e+00
1.348988585205672885e+00,-3.752331296888637091e+00,-1.486612071597274154e+00
1.355385610884663583e+00,-3.779349612728244434e+00,-1.671221453815946001e+00
1.356982265296489798e+00,-3.780291549141023832e+00,-1.851859725571339599e+00
1.359625395857057661e+00,-3.781211998182564926e+00,-2.050192345847974718e+00
1.362136567435036971e+00,-3.782635689039326898e+00,-2.258250091770514167e+00
1.364171310194778775e+00,-3.784988835773686056e+00,-2.440403921235951845e+00
1.365934130762086696e+00,-3.788959218798185091e+00,-2.571700734899812879e+00
1.365934856623519211e+00,-3.791770730762079822e+00,-2.722523216553162317e+00
1.366499221118318008e+00,-3.794667860173370322e+00,-2.962360614470439746e+00
1.366559818027000883e+00,-3.796887099675404720e+00,3.114657794862987217e+00
1.366539306826230371e+00,-3.799221700337982455e+00,2.896691378276424977e+00
1.366344915104626745e+00,-3.801295678171796144e+00,2.699213610630459392e+00
1.366198970422447534e+00,-3.803052665750339845e+00,2.482127294639632886e+00
1.366237492831109623e+00,-3.804559794910194803e+00,2.285486646804672173e+00
1.365726099412975625e+00,-3.806111233394314119e+00,2.071405866887191305e+00
1.364641605103255939e+00,-3.806997690743754159e+00,1.876419314404203842e+00
1.363466930555307766e+00,-3.807740478917780003e+00,1.656967599530773994e+00
1.361832111828781500e+00,-3.808543286460643440e+00,1.463539640543962461e+00
1.359567531059617806e+00,-3.808704855593967320e+00,1.251245779955549864e+00
1.357089527191482015e+00,-3.808233966664733128e+00,1.068024268265621357e+00
1.356518804366624975e+00,-3.808941549351793743e+00,9.362503554977295028e-01
1.355920011881957654e+00,-3.808734668376842603e+00,7.515945685043748936e-01
1.356349451310306486e+00,-3.808009357325435662e+00,6.018421782532896724e-01
1.355343028476990730e+00,-3.806023053033640302e+00,3.991604165006240601e-01
1.355548356261709442e+00,-3.804438680761285774e+00,1.920521253584455135e-01
1.356037117986247820e+00,-3.802743706134371848e+00,3.932928967618216053e-03
1.361870940447487355e+00,-3.803712992411627081e+00,-4.344310550291030637e-02
1.365032570649128418e+00,-3.806988992247228420e+00,1.038959423078914673e-01
1.365809562969214186e+00,-3.809666840430389279e+00,2.456031388568231111e-01
1.367172762706671874e+00,-3.811831337285739529e+00,4.446545292845825448e-01
1.369018177040886686e+00,-3.813812824553908687e+00,6.659196350708644907e-01
1.371560308172170117e+00,-3.814726730846549341e+00,8.691437980025030763e-01
1.373421255621328330e+00,-3.815925231632806280e+00,1.098921589931481924e+00
1.375807670626676193e+00,-3.815585473242471881e+00,1.294399271233720228e+00
1.378063078550693099e+00,-3.815202041235777219e+00,1.470620840558736875e+00
1.379702445016573353e+00,-3.814689462252082830e+00,1.645523746065830073e+00
1.381035885974801758e+00,-3.813208234768511229e+00,1.859827864331399017e+00
1.381627025916525309e+00,-3.811962844398094852e+00,2.038195456732452282e+00
1.381687667213372439e+00,-3.810244661449478265e+00,2.300816904966359377e+00
1.380818384983008018e+00,-3.808416472137755360e+00,2.513576196456693612e+00
1.379951013732446885e+00,-3.806899415919193785e+00,2.704590234484959055e+00
1.379161480579444321e+00,-3.805574292570824912e+00,2.879439557149740647e+00
1.378151905017671153e+00,-3.804205868698462556e+00,3.071187312962470717e+00
1.376822967435797684e+00,-3.802473658325250305e+00,-3.002245329132561480e+00
1.373730869261555299e+00,-3.800067227304461337e+00,-2.739931655285468892e+00
1.370009294322409366e+00,-3.797352118353372052e+00,-2.582131804568468247e+00
1.290428016725311933e+00,-3.859281568001669438e+00,-2.469400267600323051e+00
1.208652616798359558e+00,-3.923821840736454458e+00,-2.476219931856738832e+00
1.126992175133677110e+00,-3.988078459138943543e+00,-2.467923536375101978e+00
1.049541359446419575e+00,-4.054532471355463130e+00,-2.346285212796474173e+00
1.003605184717543564e+00,-4.108978868410456009e+00,-2.169243021305969688e+00
9.857986912795614343e-01,-4.132883688992620819e+00,-2.000536154367475117e+00
9.830940018823215443e-01,-4.134183882851916181e+00,-1.846690829687990476e+00
9.799500355549756181e-01,-4.140057825204246811e+00,-1.663915146807909418e+00
9.779802243458580735e-01,-4.149128146700332032e+00,-1.488821395697874861e+00
9.782950275043641453e-01,-4.158605269965796936e+00,-1.309282891803045024e+00
1.005070462357038563e+00,-4.261593567088997503e+00,-1.309701126753972211e+00
1.021088786125858405e+00,-4.313186719648948397e+00,-1.481466909217199923e+00
1.022086538469392680e+00,-4.312742606413975111e+00,-1.658566956181476426e+00
1.023298072216756838e+00,-4.312676054566058959e+00,-1.839774247701700283e+00
9.916234723661891959e-01,-4.407436390129276127e+00,-1.897271455352498082e+00
9.886961399815691331e-01,-4.421577090135148325e+00,-2.067625404127178435e+00
9.880840738983791560e-01,-4.425034518183672994e+00,-2.223008301234996154e+00
9.865429009010224792e-01,-4.429608598734482428e+00,-2.402148856152793055e+00
9.848402761551162676e-01,-4.433664654233401947e+00,-2.575106213625269369e+00
8.975460788044108407e-01,-4.489397259606084489e+00,-2.581258224001694579e+00
8.135177267705051563e-01,-4.545208449924333038e+00,-2.553513403838608919e+00
7.960231940284808738e-01,-4.555250967252177041e+00,-2.392815296661177982e+00
7.249041490402171606e-01,-4.625190993111172766e+00,-2.367944212129097892e+00
6.485764875031572174e-01,-4.699112840953614700e+00,-2.372420471129434105e+00
5.714118814856429251e-01,-4.774509859689572977e+00,-2.349047567539467085e+00
4.981542474480119553e-01,-4.858675938938556094e+00,-2.209700876704189021e+00
4.598010975929057720e-01,-4.915192335617426522e+00,-2.066380690600091441e+00
4.420435902975949349e-01,-4.951528124257399632e+00,-1.894954348976308989e+00
4.310070627031879487e-01,-4.976705744345403915e+00,-1.718224868537838290e+00
4.220082190568621439e-01,-5.039203651913289228e+00,-1.565863848254365642e+00
4.293606744640901529e-01,-5.143237012476280512e+00,-1.397205671021074069e+00
4.500845492015064231e-01,-5.228824146352564206e+00,-1.245565375359948934e+00
4.866366624739417168e-01,-5.308755263281107695e+00,-1.069086282506160224e+00
5.366257578395140504e-01,-5.381451506984419986e+00,-8.931882867432658912e-01
5.753493407120018333e-01,-5.422916694467425636e+00,-7.826316909120109022e-01
5.989487670900018879e-01,-5.447145860794232242e+00,-7.741297500123414110e-01
5.970503851505584159e-01,-5.446698873552832332e+00,-9.654778833062183097e-01
6.426669052506446267e-01,-5.537588562423908733e+00,-1.080466294196554378e+00
6.742765547467365339e-01,-5.605990640622276366e+00,-9.163153705188573639e-01
6.741340753342942582e-01,-5.608215865067690764e+00,-7.401453092514304055e-01
6.739419974845606287e-01,-5.610764030369480793e+00,-5.087204241074213540e-01
6.749001508489276269e-01,-5.613587413218956712e+00,-2.630919344703789298e-01
6.771553476012373007e-01,-5.616817011140112115e+00,1.293729304227097046e-02
6.799726750689238930e-01,-5.619318883131805720e+00,1.885832257864574479e-01
6.805205101158035008e-01,-5.621255381578165178e+00,4.334579594205243969e-01
6.831274745391707759e-01,-5.622556618590801136e+00,6.357732522780613627e-01
6.859403842026945419e-01,-5.623363281340201247e+00,8.200686963248668970e-01
6.882293618831477611e-01,-5.623885081416643672e+00,1.001959518186460452e+00
6.903017406322929927e-01,-5.624408167098001954e+00,1.191697507698161740e+00
6.931686636089813280e-01,-5.623452858437239854e+00,1.377319944914139782e+00
6.960163984030718343e-01,-5.622491187740206620e+00,1.612678896062681888e+00
6.978046765631836790e-01,-5.621456662327419807e+00,1.787913531107848009e+00
6.992596877811589895e-01,-5.619777031049222771e+00,2.000167228332991876e+00
7.001892366159988557e-01,-5.617608923165480661e+00,2.189259176456420875e+00
7.002071633302874298e-01,-5.614956796618032264e+00,2.473569140364488383e+00
7.003813680480205361e-01,-5.612925671305338149e+00,2.653069313992103329e+00
7.000032992407367871e-01,-5.610197331379685792e+00,2.849128949531039456e+00
6.985905177882112405e-01,-5.607761963833679530e+00,3.112212391699753056e+00
6.969819333856105414e-01,-5.605535913936963155e+00,-2.888370802620354727e+00
6.950747861280296425e-01,-5.604459584116577631e+00,-2.690778981080350629e+00
6.926157120409480727e-01,-5.602962780085863237e+00,-2.421090194190588907e+00
6.904134992959174433e-01,-5.602464565798929819e+00,-2.241182699424927982e+00
6.888623536720589469e-01,-5.602293920772168256e+00,-2.057600352939946919e+00
6.863688634475679784e-01,-5.603459593203763411e+00,-1.817381916979779355e+00
6.848300087207467302e-01,-5.604408719081718893e+00,-1.629993137649710988e+00
6.831233063518672433e-01,-5.606890346571808514e+00,-1.394903452833167856e+00
6.814944244422171948e-01,-5.609501201823609229e+00,-1.166316829420574797e+00
6.798473759726714194e-01,-5.613100037758741223e+00,-9.257259749373777380e-01
6.794331316338735327e-01,-5.615637083791867212e+00,-7.168115332761144654e-01
6.792011192698578226e-01,-5.618757784639839770e+00,-5.315279688119365353e-01
6.797064242254760025e-01,-5.622634927953567008e+00,-2.811081840657618236e-01
6.806644676181485831e-01,-5.625557016014182565e+00,-9.103170058606584181e-02
6.819084344144831222e-01,-5.628867046328018375e+00,1.506926292460949168e-01
6.836051345326606965e-01,-5.632135840335775079e+00,4.107421619374617694e-01
6.856363391204491897e-01,-5.634613590458366517e+00,5.937948884046772013e-01
6.875471253795883975e-01,-5.636421022525230917e+00,7.867376803356621595e-01
6.903634840472370193e-01,-5.637569100543374567e+00,1.035207063527935123e+00
6.931165498518662149e-01,-5.638117738995256367e+00,1.235903984338923456e+00
6.945979863040085966e-01,-5.638840856436319271e+00,1.451804387242579208e+00
6.963281092528887939e-01,-5.638506229919835633e+00,1.663622029436830463e+00
6.974589888545976724e-01,-5.637943704528569633e+00,1.856257385098394996e+00
6.982647507979002910e-01,-5.636792393178883920e+00,2.074744970088342022e+00
6.405704696031747636e-01,-5.548643355016284140e+00,2.150235883542542581e+00
5.845746720323077295e-01,-5.463143648463317348e+00,2.150645471237402795e+00
5.288298760861889214e-01,-5.379019227798932157e+00,2.149329506337103624e+00
4.753351128283712090e-01,-5.299956442488453767e+00,2.144311530759308582e+00
4.453249059462873749e-01,-5.256450475117679488e+00,2.127336191878753002e+00
4.447259751670227801e-01,-5.258511905283921983e+00,1.944235539550428715e+00
4.436676616780410587e-01,-5.260800516991023024e+00,1.747177339297653287e+00
4.422563081512279615e-01,-5.262649370647022984e+00,1.570012976668963001e+00
4.404370760724075629e-01,-5.264110996361945460e+00,1.392038996367775949e+00
4.640832509627360047e-01,-5.173725174932041426e+00,1.305465100500160958e+00
4.917408569915031613e-01,-5.078285695163096136e+00,1.282817681621141404e+00
5.261412855704457048e-01,-4.974983057206878279e+00,1.232750095604768115e+00
5.651829785856729016e-01,-4.875416099386390201e+00,1.180773897145736440e+00
6.055851253245709831e-01,-4.783841248771319776e+00,1.128355649435514030e+00
6.567034554202569874e-01,-4.693132662483573192e+00,1.027762634971881583e+00
7.148247346922842471e-01,-4.607438370734509014e+00,9.310767527271068822e-01
7.838492967539494316e-01,-4.524794813854324360e+00,8.182015302801014522e-01
8.615754682846482604e-01,-4.453243298466063038e+00,6.500644262241126459e-01
9.293845095106646470e-01,-4.411590208599705853e+00,4.583004616653501562e-01
9.819271314994565403e-01,-4.390506590944711185e+00,2.839999942924381626e-01
1.008507442261019849e+00,-4.385087254154499625e+00,8.189368043992843738e-02
1.041327617830381191e+00,-4.386288339501903444e+00,-1.498375546071408770e-01
1.064780219072418044e+00,-4.392359050956076594e+00,-3.395688806940605486e-01
1.091720481865678938e+00,-4.405444815740777287e+00,-5.631409834815651605e-01
1.111639114195248412e+00,-4.420724872795424254e+00,-7.456643775405619179e-01
1.130737555407828054e+00,-4.442105034675153163e+00,-9.500475716964512651e-01
1.139335416648610266e+00,-4.456403646983662981e+00,-9.605474572861009142e-01
1.184547879818464100e+00,-4.505825154812163724e+00,-7.806147039150231892e-01
1.266984337831482454e+00,-4.574972247929400382e+00,-6.622071904660834507e-01
1.314664716476202866e+00,-4.609093468419784401e+00,-5.952113156783849224e-01
1.359838688372645210e+00,-4.636005706598377962e+00,-5.088374737979226570e-01
1.414975677679161326e+00,-4.661564730567976156e+00,-3.865064592850682712e-01
1.461301889538448640e+00,-4.677592748759699326e+00,-2.911882940685864840e-01
1.502712760350413790e+00,-4.687963866476336783e+00,-2.082795690563232771e-01
1.582856174508447511e+00,-4.698338971919433504e+00,-4.789714141291728094e-02
1.688470761042579982e+00,-4.706655903880208491e+00,-4.906354544351725078e-02
1.790437430126161855e+00,-4.713398938129344629e+00,-4.892897879638912623e-02
1.896857527747254579e+00,-4.720258565982208054e+00,-4.791950573709546218e-02
1.908230626510581507e+00,-4.725725965976955933e+00,1.507609272016905699e-01
1.909461979271412480e+00,-4.727139863998220726e+00,3.382360295882297918e-01
1.911663531523896342e+00,-4.728459702651751861e+00,5.276560560961331969e-01
1.914189999930995700e+00,-4.729629319126456899e+00,7.432932708661478260e-01
1.916646061815356017e+00,-4.730294798186716498e+00,9.521061962166456061e-01
1.919536494536113080e+00,-4.730536410157334615e+00,1.163710930353448969e+00
1.921580693757482194e+00,-4.730672755569395704e+00,1.375671093696571479e+00
1.923172226748050218e+00,-4.729689811704881564e+00,1.588968091054383303e+00
1.924173355114514372e+00,-4.728526356502448458e+00,1.778782434319644112e+00
1.899848985311831662e+00,-4.633956980080315979e+00,1.869207584154547908e+00
1.871281071248843686e+00,-4.536512462067024742e+00,1.870610804643232150e+00
1.864344048668061582e+00,-4.506633684783472482e+00,2.031627428238949040e+00
1.864091798370925313e+00,-4.505132461404879329e+00,2.258739269796128823e+00
1.864159765575810201e+00,-4.503055417649163950e+00,2.445712081300526197e+00
1.863280346173820989e+00,-4.502456318535725366e+00,2.624503030230159517e+00
1.862451409688027804e+00,-4.498456227496884452e+00,2.806668981443518618e+00
1.861879900656439268e+00,-4.497126243503476672e+00,2.990658441394808964e+00
1.860212968702908976e+00,-4.495141881822670271e+00,-3.078710908387142897e+00
1.859310135068861669e+00,-4.492954776391762550e+00,-2.864211950755986003e+00
1.857277079170273515e+00,-4.491156073587549535e+00,-2.669242007649790693e+00
1.854783453315088648e+00,-4.488860294232265957e+00,-2.457872646708112896e+00
1.852353031755269219e+00,-4.486466751202380365e+00,-2.205529900961256118e+00
1.849822580220404022e+00,-4.486425778826435007e+00,-2.011532266510366096e+00
1.847390179044306802e+00,-4.486380435719111048e+00,-1.822981401619263808e+00
1.845481798216102920e+00,-4.487265880222382819e+00,-1.638683753010281574e+00
1.842967426181854940e+00,-4.489039576481820504e+00,-1.387073152915471175e+00
1.841328837489213166e+00,-4.490751613836451384e+00,-1.204301403542155535e+00
1.839952401159697271e+00,-4.492896117581975268e+00,-9.922361577386796805e-01
1.839296699342423347e+00,-4.495724533110095678e+00,-7.250736036160586595e-01
1.839326016482167869e+00,-4.497838785835681641e+00,-5.496522587819941963e-01
1.839675558888755225e+00,-4.499699240777356835e+00,-3.404032964687425666e-01
1.841012516564092705e+00,-4.502069680358080639e+00,-1.554639874828337431e-01
1.841475598241336220e+00,-4.505483602474265048e+00,-1.123827117382884405e-01
1.841310331787789689e+00,-4.505748213055098539e+00,-2.545176985506074629e-01
1.840005532915341524e+00,-4.504323117608087124e+00,-4.322710214640411164e-01
1.840227384140445732e+00,-4.503576055578577986e+00,-5.921217417375690406e-01
1.840012079963792013e+00,-4.502696280629871595e+00,-8.157519216580655375e-01
1.840613905228403846e+00,-4.499856996898092376e+00,-1.028929875561211293e+00
1.891640218896017078e+00,-4.588978215718671372e+00,-1.048955676341554621e+00
1.941403739559265373e+00,-4.677461560454146294e+00,-1.046234600804337056e+00
1.992582110558815733e+00,-4.767006154547154928e+00,-1.055784846017012724e+00
2.041159316212896702e+00,-4.860189338788597269e+00,-1.105377569988255315e+00
2.084128399431738998e+00,-4.951940361023617676e+00,-1.147847256942790439e+00
2.124441610806894420e+00,-5.050463461201299964e+00,-1.197047059080946330e+00
2.158362324515359809e+00,-5.145602631789575554e+00,-1.243415875827327488e+00
2.188096628849698799e+00,-5.241383958827913858e+00,-1.285549408195213905e+00
2.203168538935589282e+00,-5.292952728410874386e+00,-1.462832275382125236e+00
2.204776292518966674e+00,-5.292914439216203526e+00,-1.701392045112640083e+00
2.207803324805710510e+00,-5.291914295339751995e+00,-1.904722805959131016e+00
2.210098622709051774e+00,-5.292288282345499084e+00,-2.084391261557691166e+00
2.212418770414407820e+00,-5.293391943940586764e+00,-2.261056952023895672e+00
2.214370402391942161e+00,-5.294445428326031156e+00,-2.440260877299632813e+00
2.215299911072289962e+00,-5.295766476978518433e+00,-2.628077589816431914e+00
2.217094311236234017e+00,-5.297954095421171239e+00,-2.836356762372576501e+00
2.219165490076812297e+00,-5.301164918344247745e+00,-3.094246563022063690e+00
2.220281434025256129e+00,-5.303255647024461616e+00,2.998215463291864946e+00
2.222265517618633002e+00,-5.306526771954605870e+00,2.716697155855214874e+00
2.223418462428091491e+00,-5.308737059281375181e+00,2.476839154361707429e+00
2.224646934371492968e+00,-5.311541148062024931e+00,2.230924259253083797e+00
2.225166398339153417e+00,-5.313201074736116247e+00,2.018660652931615562e+00
2.224564052008977555e+00,-5.315034092335300109e+00,1.828334826431450955e+00
2.222643454023672582e+00,-5.316735111096969391e+00,1.561284223122890280e+00
2.220452835734509911e+00,-5.317850401176475117e+00,1.346679561755609100e+00
2.218305528518767389e+00,-5.318358508565196985e+00,1.153538475731452850e+00
2.216639013404797076e+00,-5.317587643010459608e+00,9.670156926369395389e-01
2.213627264255699778e+00,-5.315645924938142919e+00,6.630273131612456350e-01
2.211213578741127339e+00,-5.312832027430439474e+00,4.145293594947349058e-01
2.209901700576595740e+00,-5.310782912446815551e+00,2.235374048501294342e-01
2.207729924401888422e+00,-5.308219030319889953e+00,-6.114314563331559732e-02
2.206798897662821890e+00,-5.306691921634826947e+00,-2.467479163962120470e-01
2.205249979868829868e+00,-5.304280559436482356e+00,-4.817336202922134492e-01
2.204589533610783914e+00,-5.302898678179457370e+00,-6.568299799657988380e-01
2.204030068815650445e+00,-5.301408924474956486e+00,-8.571927306188582563e-01
2.203987773714808363e+00,-5.299065913580981224e+00,-1.047468766439741739e+00
2.204612602375159103e+00,-5.297586122692696797e+00,-1.266776046181684601e+00
2.205870098427197057e+00,-5.296270487132010985e+00,-1.461682207135333256e+00
2.208284288091645120e+00,-5.294894452301164733e+00,-1.722183546576804059e+00
2.211197737703705979e+00,-5.294686182388119278e+00,-1.957984910927738742e+00
2.214132259922275470e+00,-5.295267458662240578e+00,-2.187313458582476056e+00
2.217322333926130984e+00,-5.296350186961340079e+00,-2.263699988298228938e+00
2.217430002831317637e+00,-5.296307878187386464e+00,-2.075191150730923528e+00
2.215491725621704155e+00,-5.296582959332388540e+00,-1.891597900695889622e+00
2.213796381341865960e+00,-5.297465232440879745e+00,-1.713839390385127670e+00
2.213352359295975624e+00,-5.299251809495233445e+00,-1.598633417293120251e+00
2.212190080429086603e+00,-5.317304048660703053e+00,-1.736265473993960917e+00
2.194545277673291661e+00,-5.417403361071202461e+00,-1.734493619065152092e+00
2.176537944429870919e+00,-5.513466428170594291e+00,-1.744321953230661970e+00
2.170243442928395439e+00,-5.540004175059231706e+00,-1.577670687878956590e+00
2.171155095061632512e+00,-5.638013002576614419e+00,-1.549344566284631464e+00
2.171891161364185141e+00,-5.739081563615764381e+00,-1.551410653887225211e+00
2.170364786408000235e+00,-5.752475907364178020e+00,-1.416125982925758420e+00
2.169668283926581953e+00,-5.754244468977520732e+00,-1.231975550374361017e+00
2.169585245378826688e+00,-5.755207744460748565e+00,-1.024860158739518745e+00
2.170215832875424855e+00,-5.757483282899817034e+00,-8.029356432440841740e-01
2.171392880106640444e+00,-5.759430466427090778e+00,-6.210778608699254466e-01
2.172574856416070954e+00,-5.762689065272074807e+00,-6.113044062385400990e-01
2.172922032053446362e+00,-5.762428253011601775e+00,-7.884538192719753313e-01
2.237240505096527610e+00,-5.831676928251900982e+00,-8.035595487263660353e-01
2.311569313292686445e+00,-5.909661112387976978e+00,-8.059042281339100500e-01
2.331225292158545237e+00,-5.930608451908560674e+00,-8.076255177673411501e-01
2.305201282521222694e+00,-5.905730333554839007e+00,-6.360212966573557392e-01
2.391920395606572658e+00,-5.958041865889253330e+00,-5.129735991593550315e-01
2.477873762931933399e+00,-6.009051464334418391e+00,-5.290891017954606479e-01
2.570600464370700333e+00,-6.063825117030823719e+00,-5.326880871688035590e-01
2.658762466546744641e+00,-6.119725195492994096e+00,-5.467628086179144864e-01
2.745586321292783794e+00,-6.174352323267544129e+00,-5.487519988561129214e-01
2.818470042796394459e+00,-6.224013709260607818e+00,-4.009562121757014319e-01
2.819481972160617023e+00,-6.226533511097651186e+00,-2.144303590558588879e-01
2.820546397552316176e+00,-6.229227140153087205e+00,-8.634235579277307199e-03
2.822083835141627972e+00,-6.231660314282069457e+00,1.712564972599097401e-01
2.823083453567770018e+00,-6.233950237555199614e+00,3.749305328549398797e-01
2.826002801604684311e+00,-6.236031934961809853e+00,5.677105859406876842e-01
2.908316254924843580e+00,-6.186973149906306979e+00,5.602467407995765925e-01
2.994782853359419850e+00,-6.133108595235275295e+00,5.637278123542046604e-01
3.079502600478387198e+00,-6.081974659394233207e+00,5.533531782832303847e-01
3.168584725771236510e+00,-6.028432893832588846e+00,5.535607686624084423e-01
3.259986773160953533e+00,-5.973133120257925199e+00,5.560435531752833116e-01
3.349617284721832178e+00,-5.917731920289093672e+00,5.576123324014312654e-01
3.423883944590773165e+00,-5.871303339471570126e+00,4.464693476588825205e-01
3.423347153925725195e+00,-5.870255535842725969e+00,2.727147504602985828e-01
3.422217060805452959e+00,-5.868411470098554794e+00,7.739583895450356799e-02
3.422158480072975184e+00,-5.866257108095240369e+00,-1.044682931287988226e-01
3.421991063063895666e+00,-5.863882874775748988e+00,-3.028408941605281735e-01
3.421647172872150477e+00,-5.862376046891983883e+00,-4.832681982335717552e-01
3.421524037980384847e+00,-5.860650200843971369e+00,-6.775589319100160379e-01
3.421455221849770467e+00,-5.858701851092919632e+00,-8.772433612990249152e-01
3.421659031897394510e+00,-5.857205538911811615e+00,-1.070378125083484067e+00
3.422462836582358836e+00,-5.856380721735612305e+00,-1.262277283741237266e+00
3.423513387721325074e+00,-5.855556788187953998e+00,-1.438300618010119436e+00
3.425142063134781978e+00,-5.855635551004191086e+00,-1.602962077999539270e+00
3.424565063719418045e+00,-5.856391280299362734e+00,-1.427637041279619545e+00
3.423076566008206534e+00,-5.858173304336559362e+00,-1.250506546667071284e+00
3.421753699419595396e+00,-5.860712561676889365e+00,-1.035699774349158053e+00
3.420679567693903245e+00,-5.863785128662182267e+00,-8.716036964899331885e-01
3.421359388538486979e+00,-5.865521454194110973e+00,-6.189671214191537763e-01
3.421971184104629859e+00,-5.868268006286392335e+00,-4.357468743690826596e-01
3.422680821342602542e+00,-5.870569367461131449e+00,-2.455422203075417475e-01
3.423678106742367611e+00,-5.873040438802330065e+00,-5.549347749557591303e-02
3.425420437247205019e+00,-5.875432960864772625e+00,1.559696623952801786e-01
3.427850433510672534e+00,-5.878648323362897443e+00,4.250080509533760154e-01
3.430363740936789529e+00,-5.880416589537457384e+00,6.114186383027394589e-01
3.433865860668956937e+00,-5.881535769678217562e+00,8.627314514696786674e-01
3.493039410917130549e+00,-5.805692310659940070e+00,9.770260914631002658e-01
3.553220268664138093e+00,-5.722495642858484111e+00,9.759032011730227607e-01
3.565334336991985431e+00,-5.714489481624564604e+00,1.151069894445998942e+00
3.567686675878176228e+00,-5.714774009694158607e+00,1.348699411909330514e+00
3.569891509459382384e+00,-5.714659400567136061e+00,1.563132616032332667e+00
3.572907768308231535e+00,-5.713731584976624589e+00,1.766703347342216013e+00
3.574799458868085811e+00,-5.712385524778877510e+00,1.986260316181876595e+00
3.575221634768638523e+00,-5.711065877135816926e+00,2.165366515575322115e+00
3.516826756800211840e+00,-5.633734609456736209e+00,2.225535443629255816e+00
3.451489257374944497e+00,-5.548923685983452536e+00,2.225902744195219718e+00
3.384634869758582632e+00,-5.461817285739882344e+00,2.223610261058581283e+00
3.321676653002702650e+00,-5.378861808024055335e+00,2.223819930434177916e+00
3.258410909146446155e+00,-5.296160603598080385e+00,2.221825025671068765e+00
3.200028650141696129e+00,-5.219085419407719861e+00,2.223311593709050626e+00
3.136028609033966408e+00,-5.135152314615026192e+00,2.221020183310749907e+00
3.072560240882679317e+00,-5.051705379489003001e+00,2.222680980944764073e+00
3.009404665206773632e+00,-4.969328361546004658e+00,2.220788569859915906e+00
2.947019153764175670e+00,-4.887576061594462118e+00,2.221534065316542517e+00
2.884491228818592656e+00,-4.805543101829716335e+00,2.219491669293790714e+00
2.821204724441825018e+00,-4.722069476009128408e+00,2.218724281287579370e+00
2.758792718929392151e+00,-4.640118602459499364e+00,2.217687558166724582e+00
2.696123630417153194e+00,-4.557296990329565034e+00,2.219093664820315226e+00
2.630436014837128411e+00,-4.470177375216783489e+00,2.218053576879138067e+00
2.565756981547648863e+00,-4.385687753892279162e+00,2.218911548173618353e+00
2.498448192010494395e+00,-4.297429828801241136e+00,2.218034358370668535e+00
2.454994276382866047e+00,-4.242979165597214219e+00,2.060593083396417668e+00
2.453866297010789843e+00,-4.244364572720282780e+00,1.863395087995951105e+00
2.452577786326435749e+00,-4.246124939848753499e+00,1.675471362463173408e+00
2.450446703039319996e+00,-4.247999930401798352e+00,1.504663242542392698e+00
2.449199161160021454e+00,-4.248332704565306983e+00,1.287898797100353709e+00
2.446636814414021366e+00,-4.249071766653615079e+00,1.025345370656148392e+00
2.442268378444526711e+00,-4.249455284076168127e+00,8.137589168394268047e-01
2.441005247561619296e+00,-4.248742534438374463e+00,6.131125359456278678e-01
2.438975422879146038e+00,-4.248037846485326341e+00,4.313215828266709351e-01
2.437209110167494863e+00,-4.246373962310211247e+00,2.391856304755985152e-01
2.435457544570378996e+00,-4.244282423220176348e+00,2.683652402133370959e-02
2.433800515142015897e+00,-4.242292430468411091e+00,-1.649864718328939994e-01
2.432414240170892583e+00,-4.239280115160347862e+00,-4.065916500527492761e-01
2.431998736953621787e+00,-4.237279111150290767e+00,-6.017829248337730474e-01
2.432098940710857971e+00,-4.235368650307921534e+00,-7.868065826553274356e-01
2.432329147569507466e+00,-4.233263449667706624e+00,-9.778972705334291193e-01
2.432962542461444944e+00,-4.231820542263535323e+00,-1.152959618178675205e+00
2.434749993395183498e+00,-4.229348388730229225e+00,-1.381232348696149748e+00
2.437395826924495967e+00,-4.227643382921780990e+00,-1.650055893111986860e+00
2.439169298555002641e+00,-4.227035991131930182e+00,-1.837157773425628360e+00
2.441705811994093533e+00,-4.226833046003847905e+00,-2.025614947539315036e+00
2.444599854646844594e+00,-4.227212616339700801e+00,-2.268052348197552526e+00
2.447864420365669424e+00,-4.229120415716436376e+00,-2.554978296464035292e+00
2.450887600594026328e+00,-4.231076679976175647e+00,-2.816712210308113917e+00
2.452152509955210835e+00,-4.232770806619231330e+00,-2.991757803552595352e+00
2.453835332968067551e+00,-4.236123017737879692e+00,3.022696058273531161e+00
2.455129945579584749e+00,-4.239165841250252420e+00,2.786442831685907784e+00
2.455420529024499476e+00,-4.242648741059503514e+00,2.535917809524700584e+00
2.455004620382949199e+00,-4.245455043279027230e+00,2.308447423590735958e+00
2.454534518181615610e+00,-4.247712097429295675e+00,2.115839675787119400e+00
2.453736214410477512e+00,-4.249435737419605452e+00,1.941285130242182966e+00
2.451610490572727841e+00,-4.252508010741443023e+00,1.688970636518393631e+00
2.449441432775974370e+00,-4.253832662465233838e+00,1.480959267858112716e+00
2.447155981886616427e+00,-4.254775058880664318e+00,1.289597621118280468e+00
2.443869177390021630e+00,-4.255747234344350538e+00,1.053453776353250326e+00
2.440774543370067384e+00,-4.255853772024342341e+00,7.965971282179498125e-01
2.438203914689912821e+00,-4.255462184618244770e+00,6.090038897103321469e-01
2.435470340383812271e+00,-4.254161832581385916e+00,3.745968930029843214e-01
2.433176667718333963e+00,-4.252158803879749094e+00,1.014253994089582972e-01
2.430937063915637797e+00,-4.249698163658690575e+00,-1.550116260497904630e-01
2.429401286956157424e+00,-4.246993091578787904e+00,-3.628936273586036987e-01
2.428053450457419160e+00,-4.248674471424312316e+00,-2.822330064914160275e-01
2.426396565581316445e+00,-4.250965514575626436e+00,-1.056161315950533280e-01
2.427433027693717715e+00,-4.252959467446931541e+00,7.401099708913448649e-02
2.428498188536372115e+00,-4.255138412955745686e+00,2.708640054956146237e-01
2.429955438450619454e+00,-4.257234418364701511e+00,5.017742095417090376e-01
2.431982397266026830e+00,-4.258327480579340296e+00,7.060081719692383739e-01
2.433865052413090257e+00,-4.259599581927072443e+00,9.296171296761278624e-01
2.436394201719721764e+00,-4.259499482533394499e+00,1.126351845072985247e+00
2.439169058820679137e+00,-4.258916352524849458e+00,1.381522342602923503e+00
2.441791572182073100e+00,-4.257826288704928075e+00,1.653228708734071351e+00
2.443930975691518626e+00,-4.255983581431665108e+00,1.898762542193518810e+00
2.444760846104775176e+00,-4.253639573623012815e+00,2.154910843055115599e+00
2.444780584031306603e+00,-4.250774320963931707e+00,2.367105035741692287e+00
2.372867433784785263e+00,-4.187000418966236204e+00,2.454381032471360857e+00
2.296870193689983797e+00,-4.124780348423705334e+00,2.448421779127379683e+00
2.222862728265041721e+00,-4.063359221517524489e+00,2.442965183741174773e+00
2.166096623555795464e+00,-4.017471025239227167e+00,2.322669045347509176e+00
2.165382904474473680e+00,-4.018420264078814697e+00,2.112242878969512461e+00
2.164414293205534356e+00,-4.020830297269122333e+00,1.918695346534203150e+00
2.163831232862653220e+00,-4.022115709729750854e+00,1.707825675780109131e+00
2.161076898057258333e+00,-4.023927429403580724e+00,1.486845485444770354e+00
2.158707567030325070e+00,-4.024596720407076056e+00,1.236559921102179382e+00
2.155487390712091500e+00,-4.025090769341841401e+00,1.047133874507432560e+00
2.152346725118886361e+00,-4.024636787762923440e+00,7.826222211933275830e-01
2.148461092500884462e+00,-4.023602653207075441e+00,5.310160478903629411e-01
2.146426552980225555e+00,-4.021924035906297767e+00,3.431913965577180203e-01
2.143886475573297368e+00,-4.020284762803584044e+00,7.740282050873290021e-02
2.141386708124495719e+00,-4.017273425996222613e+00,-1.733263352074470021e-01
2.140099242727083961e+00,-4.014171156013922825e+00,-4.472784594945425352e-01
2.139510691446328661e+00,-4.011787140563514598e+00,-6.790480695572495007e-01
2.139546155524794990e+00,-4.008708206949108899e+00,-9.404433061173582686e-01
2.140246542554667286e+00,-4.006361286638786545e+00,-1.099028714327989098e+00
2.140859100944673798e+00,-4.005146373974004526e+00,-1.305510232760374256e+00
2.142800197758791825e+00,-4.003491530334490456e+00,-1.496066256394605443e+00
2.144726481508960614e+00,-4.003037883074073378e+00,-1.691281924303353668e+00
2.146645235531806417e+00,-4.002760353898671575e+00,-1.890130826303095368e+00
2.149100680314497414e+00,-4.003051347058249831e+00,-2.100917821791043139e+00
2.151255137771835191e+00,-4.003591429459389950e+00,-2.302630421649776604e+00
2.153711242800008030e+00,-4.004577564258629430e+00,-2.485306753887599029e+00
2.155739982041485536e+00,-4.006035922921201475e+00,-2.697293344563695960e+00
2.157158943457023970e+00,-4.007397568003232990e+00,-2.874395259370254418e+00
2.158515288298286983e+00,-4.009504730788523652e+00,-3.085923834629466178e+00
2.159448849956198124e+00,-4.011270210856702434e+00,3.007446677660461809e+00
2.160251169688270245e+00,-4.013430591209145248e+00,2.822765435108711252e+00
2.160384437189733386e+00,-4.015372966757632334e+00,2.639939145812186805e+00
2.160645235142063303e+00,-4.017440956771659799e+00,2.465741287979962504e+00
2.160519704592456236e+00,-4.019527481864371588e+00,2.275099501749368258e+00
2.160288283537668885e+00,-4.021946595369098709e+00,2.055677566043162763e+00
2.159011252698182837e+00,-4.024017656872933557e+00,1.857650877305604409e+00
2.157249597353036563e+00,-4.025963812011354115e+00,1.649900375679036912e+00
2.155811728770563818e+00,-4.027094659365600293e+00,1.471984321455860112e+00
2.154206129929217450e+00,-4.027819665376183522e+00,1.286269014717102976e+00
2.152016507063495787e+00,-4.028195913748157331e+00,1.099154734094058394e+00
2.148847110382102077e+00,-4.028138837255879068e+00,8.977957247863340706e-01
2.146508299868647551e+00,-4.027910842739102826e+00,7.137759870462647704e-01
2.146372324091153860e+00,-4.027335879793268347e+00,5.570353348000878224e-01
2.145851914217968393e+00,-4.026557797397060767e+00,3.459800442155572253e-01
2.144872188901682630e+00,-4.025208332110516984e+00,1.314331160694805212e-01
2.143077866413079846e+00,-4.023637944249124132e+00,-4.500561022473568984e-02
2.141839043022403910e+00,-4.022049310474264061e+00,-2.352071952571051505e-01
2.140741405689374766e+00,-4.019637207614349173e+00,-4.447736263815847413e-01
2.140621963796369709e+00,-4.017892791859495105e+00,-6.278453601265110429e-01
2.211507576958733345e+00,-4.081597383401097012e+00,-7.373436978944198916e-01
2.289179335883184674e+00,-4.153154152880794925e+00,-7.355999200835852125e-01
2.368991813582680184e+00,-4.226239339114326476e+00,-7.336305856074295528e-01
2.424337948257983211e+00,-4.276939489712375142e+00,-8.092371916934201215e-01
2.491758101464638386e+00,-4.351404644746201811e+00,-8.208371723788233654e-01
2.562884246151746925e+00,-4.427124411504737012e+00,-8.028867119275665543e-01
2.644919642017673045e+00,-4.502407965420653468e+00,-7.101485321279624729e-01
2.668612229904326227e+00,-4.523479610127472128e+00,-8.427074016515012644e-01
2.675621327046682207e+00,-4.534862651242630882e+00,-8.515115768883254610e-01
2.741713877251386933e+00,-4.613015437779024452e+00,-8.562715305779772246e-01
2.813982027332954328e+00,-4.697370681391016767e+00,-8.582974849518970606e-01
2.884388967384661218e+00,-4.779953884304716460e+00,-8.620480915646312470e-01
2.952864289544373744e+00,-4.861504342854417793e+00,-8.629189809759284513e-01
3.021336903685037711e+00,-4.943435562450315679e+00,-8.661659771547028930e-01
3.087330432217572973e+00,-5.022326484062324958e+00,-8.678676902574901098e-01
3.155101934729182656e+00,-5.103812477519413804e+00,-8.678404405711217517e-01
3.170048031738029071e+00,-5.125318685041533762e+00,-7.323670516337663638e-01
3.170142442284710427e+00,-5.130706861077061198e+00,-5.651938985540562177e-01
3.170467052469301272e+00,-5.133909619747025310e+00,-3.721033038478872013e-01
3.171484750437995714e+00,-5.136835507000427015e+00,-1.618266397235132714e-01
3.173726244094825955e+00,-5.138873029802739190e+00,5.565037242572627024e-02
3.176180899270812041e+00,-5.141279301071131513e+00,2.339032150427576562e-01
3.178170479358478406e+00,-5.143248874983039620e+00,4.206181909228127735e-01
3.178891169946447270e+00,-5.145119704172705255e+00,5.951599971932841626e-01
3.181960218520218042e+00,-5.147242752853530945e+00,8.360486398067992209e-01
3.184918505784677834e+00,-5.147704418747783173e+00,1.033724381817573645e+00
3.187785855652680134e+00,-5.147587786285854783e+00,1.275579789322797364e+00
3.189853903465594609e+00,-5.147655835528180290e+00,1.457568159228220583e+00
3.192791139508190934e+00,-5.146699778402306968e+00,1.700470658132823942e+00
3.194313791882571252e+00,-5.145580337104012969e+00,1.881475487206147212e+00
3.195973694421634370e+00,-5.143845639956046156e+00,2.107943759770806391e+00
3.196758007636849364e+00,-5.141842372337698919e+00,2.316753528490699487e+00
3.197318099173135586e+00,-5.139841299726527701e+00,2.542966134829986125e+00
3.196918533045975952e+00,-5.138081885467346233e+00,2.776235286339753472e+00
3.196206607030921631e+00,-5.135783563378745420e+00,3.034330584717039425e+00
3.194959512782485689e+00,-5.133663703023126246e+00,-3.010168619432847859e+00
3.193041802148855801e+00,-5.132083364373954737e+00,-2.799578317039176589e+00
3.191719323779792283e+00,-5.130857693484060178e+00,-2.573014510158917467e+00
3.189608251217393775e+00,-5.130087972194157686e+00,-2.376927780960361059e+00
3.187410777968700870e+00,-5.129774499099498897e+00,-2.155615937459872455e+00
3.185446542234649403e+00,-5.130556418150869824e+00,-1.970438426694969047e+00
3.183340204472413504e+00,-5.131579240096402650e+00,-1.745359801021764135e+00
3.181594129537532734e+00,-5.133298087207804450e+00,-1.531680312924874610e+00
3.180605885659033571e+00,-5.135610033561357035e+00,-1.351585493923663561e+00
3.179698142853074838e+00,-5.137675337896030925e+00,-1.162561528766863139e+00
3.179889559161576340e+00,-5.144657217892727452e+00,-1.004666012771405770e+00
3.235956129361105660e+00,-5.234614223590352111e+00,-1.011076267509182891e+00
3.293490930934066974e+00,-5.328628150246860429e+00,-1.017757773970293877e+00
3.349569375246167269e+00,-5.421097609573420684e+00,-1.020395197945035859e+00
3.407106472259025853e+00,-5.516329895325928767e+00,-1.024918200261824897e+00
3.445620814686686018e+00,-5.581743197418678193e+00,-9.316259857005649847e-01
3.445819806502234517e+00,-5.584649621319258017e+00,-7.543256546730010559e-01
3.446484084632020828e+00,-5.586821493292012164e+00,-5.533893505261637813e-01
3.447201111383742411e+00,-5.589385477185995654e+00,-3.439328694013638055e-01
3.448435243940572104e+00,-5.591655096680709924e+00,-1.279072430302443386e-01
3.449806875301240972e+00,-5.593791877696843606e+00,6.112337494256347287e-02
3.451728638135198590e+00,-5.595970850078780146e+00,2.727356901683490320e-01
3.453643824587292688e+00,-5.598146429311130490e+00,4.876710799920940254e-01
3.456033706087879853e+00,-5.599618083968881166e+00,6.758766691104688418e-01
3.458194103236645667e+00,-5.600326984467109526e+00,8.745021617283780246e-01
3.460452046784635360e+00,-5.600689377009957504e+00,1.054752631195781110e+00
3.463335654187755797e+00,-5.600776570718005054e+00,1.281422682032306470e+00
3.465298424552630596e+00,-5.600542557050174786e+00,1.492404403617418662e+00
3.466994876040822238e+00,-5.599085920805034533e+00,1.673800326213881196e+00
3.468564872634188667e+00,-5.597998180872600926e+00,1.880222317851908853e+00
3.469793388565075354e+00,-5.596513181857316610e+00,2.088795752816090534e+00
3.470144836805133082e+00,-5.594484968833830507e+00,2.264223226321280258e+00
3.469920048676030877e+00,-5.592557324511822969e+00,2.475348946372695647e+00
3.469245997261586112e+00,-5.590866888349044217e+00,2.689996100171657023e+00
3.467997295344281916e+00,-5.588981734577830984e+00,2.906404038279286617e+00
3.467022287944057535e+00,-5.587275215062422085e+00,3.112451345998319407e+00
3.466065004392406390e+00,-5.585759730627210651e+00,-2.991052501481789250e+00
3.464315650513803746e+00,-5.584126932831883217e+00,-2.798053585208300831e+00
3.462901971917105026e+00,-5.582487218550047814e+00,-2.594328174630019745e+00
3.460511994648673539e+00,-5.581435689849789661e+00,-2.390336970501885094e+00
3.457592794750431686e+00,-5.580883376031186671e+00,-2.187892215791663375e+00
3.455348608844243330e+00,-5.581032051546475969e+00,-1.997792073260387768e+00
3.453415947447816770e+00,-5.581821190784728159e+00,-1.815288221911080191e+00
3.451717947738476955e+00,-5.582810676521927640e+00,-1.591870855825327169e+00
3.449393814365480981e+00,-5.584655324678463373e+00,-1.363365556814381208e+00
3.448068963357663552e+00,-5.586396385025514277e+00,-1.162884276857086396e+00
3.447020662102659116e+00,-5.588618114849666085e+00,-9.736916296171281848e-01
3.446308563906214761e+00,-5.591667863643423608e+00,-8.516495619244942583e-01
3.445834726528854475e+00,-5.592435494045032485e+00,-6.931310237898974380e-01
3.525445222222083341e+00,-5.652140700382391358e+00,-6.235665757230276496e-01
3.606433333883003467e+00,-5.711341945345032478e+00,-6.247114897618003537e-01
3.611720224562569470e+00,-5.713901926891814753e+00,-7.910106283348610212e-01
3.679066655172842815e+00,-5.789579142341107598e+00,-8.414775898672048893e-01
3.749488021799291637e+00,-5.870816505120451723e+00,-8.417726933831960467e-01
3.816318719629442580e+00,-5.947665343719479303e+00,-8.423864613728432316e-01
3.883320287157238759e+00,-6.022703134159312910e+00,-8.334066598450300400e-01
3.921554656781347514e+00,-6.059973724011794793e+00,-9.962365602273484111e-01
3.922339171059199270e+00,-6.058108478492071569e+00,-1.232920506064759225e+00
3.923909971984188783e+00,-6.056344889800172382e+00,-1.446883298171351084e+00
3.925533315312082827e+00,-6.055680141791424553e+00,-1.692352788137001740e+00
3.927977913611129690e+00,-6.055261114808907053e+00,-1.934322696780315542e+00
3.931358111730536731e+00,-6.055724628588275316e+00,-2.181510787501346194e+00
3.935435948536774919e+00,-6.057590919506898430e+00,-2.357755995447502695e+00
3.935864803411419199e+00,-6.059180788602091638e+00,-2.557371635657216924e+00
3.938084779054951579e+00,-6.060777989103721453e+00,-2.756072713554048370e+00
3.940722106070552400e+00,-6.063861322155562839e+00,-3.022838673708197366e+00
3.942003972221282293e+00,-6.066228481387741844e+00,3.072509559932137702e+00
3.943879408864781499e+00,-6.069002443794874857e+00,2.837929747939316627e+00
3.944703823838091594e+00,-6.071474772851346735e+00,2.634459412399339229e+00
3.945253330935571512e+00,-6.074596521160358975e+00,2.440008934384493955e+00
3.945211215274674998e+00,-6.077421814458450200e+00,2.213916234477011802e+00
3.944596271195836223e+00,-6.079654131918740489e+00,2.020969578764596708e+00
3.942956552492039357e+00,-6.082170312811851609e+00,1.808977676487511399e+00
3.941386977612992393e+00,-6.084076657367267771e+00,1.633124428697507735e+00
3.939786925779234394e+00,-6.085622075064425651e+00,1.444735831089166256e+00
3.937790537451191231e+00,-6.086479897277876638e+00,1.258071073299251275e+00
3.933976307857959931e+00,-6.086787564585049104e+00,9.544569632340287324e-01
3.931059670785333804e+00,-6.086431679175090537e+00,6.877369440458688254e-01
3.928927214839107229e+00,-6.085705853006730948e+00,4.977284172524434336e-01
3.926799277996532389e+00,-6.084496758034403818e+00,2.879949526028845463e-01
3.925091909065185014e+00,-6.082349262118247779e+00,2.227352212868412631e-02
3.924021955165426068e+00,-6.080821299634191490e+00,-1.674155280043072569e-01
3.922826892329571269e+00,-6.077870560728467098e+00,-4.723193104732097414e-01
3.922470154353650429e+00,-6.075307430785496621e+00,-7.376376340645135476e-01
3.922830354098918004e+00,-6.073500527313479225e+00,-9.270533309239431530e-01
3.924452065935895462e+00,-6.070596376794964222e+00,-1.230946279580662717e+00
3.927036029718671717e+00,-6.068704257766563970e+00,-1.501108082886844386e+00
3.929350236886118175e+00,-6.067963630777754247e+00,-1.691900063605357385e+00
3.933139013177886056e+00,-6.067518312728930496e+00,-1.942074222629580849e+00
3.935311600441336655e+00,-6.068208370181157107e+00,-2.146408859030097815e+00
3.939143847557601941e+00,-6.069138638335972225e+00,-2.337678247048247560e+00
3.900122281390455470e+00,-6.113282962981251956e+00,-2.218480138956465009e+00
3.899555184960078247e+00,-6.114444360580327142e+00,-2.019626038863717277e+00
3.899116020025620521e+00,-6.115075831415023089e+00,-1.820350740958877278e+00
3.897909146048960327e+00,-6.116465441455492424e+00,-1.628694878992175799e+00
3.897219324249287187e+00,-6.118038674725450043e+00,-1.431000022670646521e+00
3.916472881510075776e+00,-6.212749582647345115e+00,-1.443595405136903542e+00
3.918730479191229410e+00,-6.212607123225312833e+00,-1.615326504103856697e+00
3.920362958948541365e+00,-6.213146384160150859e+00,-1.799403414223773812e+00
3.921073796769982689e+00,-6.212585574596594995e+00,-1.987026417141602330e+00
3.918230227686952283e+00,-6.221735571345254456e+00,-2.137408502184899639e+00
3.863335066100674897e+00,-6.307208520356223147e+00,-2.141470734936178566e+00
3.830354963649193589e+00,-6.362935793926682848e+00,-2.281886087859805734e+00
3.761216145015208401e+00,-6.433300260524633885e+00,-2.360767487892805772e+00
3.688558383544744856e+00,-6.505474510197055693e+00,-2.357456308016923519e+00
3.622237695887560616e+00,-6.572185143279657638e+00,-2.360415205553245688e+00
3.551623502497339491e+00,-6.643431922301265224e+00,-2.358161306398349755e+00
3.540160806769519830e+00,-6.660406034071176151e+00,-2.512137051896083939e+00
3.540685532754141551e+00,-6.662309674385965330e+00,-2.715176810550777198e+00
3.540921324686733929e+00,-6.664589988292796363e+00,-2.912858866777847666e+00
3.539037147041515396e+00,-6.667036058803463838e+00,-3.118140016875948994e+00
3.537096895669888053e+00,-6.668773980959050718e+00,2.964623503310688246e+00
3.535913562475242689e+00,-6.669647998359272023e+00,2.746746511206464181e+00
3.534827696253311835e+00,-6.669710688504588703e+00,2.557245534302596379e+00
3.535167349218423460e+00,-6.669364395351291108e+00,2.356537792166957690e+00
3.534501662514677900e+00,-6.668057386023214406e+00,2.178227160185590261e+00
3.527659312159444838e+00,-6.661931620691158074e+00,2.030406058795952706e+00
3.510461169088838318e+00,-6.636180217867744702e+00,1.878136919512682024e+00
3.508210303000119712e+00,-6.632268595484831053e+00,1.701671243191885896e+00
3.506757418490518585e+00,-6.632351792834318971e+00,1.505741962977126480e+00
3.505357155796576585e+00,-6.630237137337245734e+00,1.284709605123106169e+00
3.504992588672951381e+00,-6.626259876583199038e+00,1.097842571956420876e+00
3.505598901840407677e+00,-6.621441753111242612e+00,9.081627686184373660e-01
3.519129430094910749e+00,-6.602157981495642147e+00,7.489268532655107835e-01
3.586854397220875068e+00,-6.540884477177405287e+00,6.933075503252394967e-01
3.615680431564842312e+00,-6.515213900544102543e+00,5.685993770906820899e-01
3.616631637938034327e+00,-6.510486894954579995e+00,3.796668302870793155e-01
3.615581467890509604e+00,-6.508771731026638641e+00,1.584541693647397997e-01
3.614466057654872611e+00,-6.506090416749253258e+00,-6.651809334742649071e-02
3.614161786662912768e+00,-6.504630533218185739e+00,-2.801137304800385142e-01
3.612547339748768849e+00,-6.502674903037245713e+00,-5.317172961460673308e-01
3.611685782008006385e+00,-6.501388244150978934e+00,-7.236659170033616917e-01
3.611142597283791389e+00,-6.499406480121325380e+00,-9.397566042079986692e-01
3.611275069732557075e+00,-6.497313865727042170e+00,-1.128054278669417876e+00
3.611649061033545216e+00,-6.495855467230414071e+00,-1.313895272489437716e+00
3.614647779797658167e+00,-6.494038148019521728e+00,-1.571628340002970026e+00
3.617278943322353335e+00,-6.492978594360920397e+00,-1.851235262768516243e+00
3.619952581777985401e+00,-6.493358115222693350e+00,-2.045204218176434274e+00
3.622243867745553736e+00,-6.493788379583477877e+00,-2.272866845250774759e+00
3.589382903132161129e+00,-6.529818657453811070e+00,-2.288371356479599328e+00
3.580935354040179153e+00,-6.540898094368520432e+00,-2.271559341503027074e+00
3.581104242386382364e+00,-6.542847348367108573e+00,-2.311112378711282389e+00
3.575478945481558313e+00,-6.546544121880964795e+00,-2.145681534665350387e+00
3.520038431073669205e+00,-6.630104199579638369e+00,-2.154427688808604024e+00
3.463431685259429571e+00,-6.714785329062866737e+00,-2.157251241701489075e+00
3.407366158442041382e+00,-6.797725764577669416e+00,-2.157307689447937271e+00
3.349690541018583101e+00,-6.882694738872285889e+00,-2.160759222689385251e+00
3.290875500327338887e+00,-6.969167734963043870e+00,-2.161367345737480683e+00
3.233051245026390408e+00,-7.054512251462506711e+00,-2.162744367705518922e+00
3.176449185585991319e+00,-7.136915817397572859e+00,-2.107503841241678000e+00
3.142893190271029091e+00,-7.198307371030836954e+00,-1.926530618340418943e+00
3.132293270889498604e+00,-7.230535567204388947e+00,-1.739111889209592476e+00
3.127761645411748059e+00,-7.261721281706026154e+00,-1.547917896157675388e+00
3.130750801005656836e+00,-7.294458210971222378e+00,-1.341116757316706876e+00
3.139771403818144790e+00,-7.321627445909188125e+00,-1.159538084632769639e+00
3.153850471786933340e+00,-7.351045549719136041e+00,-1.014716330247489529e+00
3.163513592340948755e+00,-7.366949489216176872e+00,-8.103697157003826312e-01
3.165806457305949451e+00,-7.368120542850019383e+00,-5.813813605317981192e-01
3.167362644609901245e+00,-7.369478371600557409e+00,-4.011538701062682954e-01
3.180385160878577366e+00,-7.375970615299350719e+00,-2.362715222892355083e-01
3.181144217745687897e+00,-7.377449970988556593e+00,-4.183516149530817213e-02
3.182969207428668845e+00,-7.380796143959423183e+00,2.093756561657386939e-01
3.184301746680481937e+00,-7.384427886343400083e+00,4.421519906326443761e-01
3.197159858822193890e+00,-7.381300948424796893e+00,6.375329827574421904e-01
3.200284441397331037e+00,-7.383938132719040759e+00,8.998194542469046819e-01
3.202089473461556146e+00,-7.384258523838871824e+00,1.080922183463481234e+00
3.205166570253361158e+00,-7.384413670422499187e+00,1.308930997498823023e+00
3.207835861650856213e+00,-7.383183815771343639e+00,1.575019974238836884e+00
3.208935190472725019e+00,-7.381466606875195957e+00,1.768248650041117420e+00
3.210245230917876835e+00,-7.379458642706483218e+00,1.944001962312695619e+00
3.209813607671697877e+00,-7.377978576727956650e+00,2.142824246420084844e+00
3.208409236520546770e+00,-7.375332004228680738e+00,2.383445963210457652e+00
3.201341032745825821e+00,-7.367226488584347699e+00,2.562909318658720625e+00
3.190214714499365112e+00,-7.360355551240412630e+00,2.710610418484082906e+00
3.156133295866500710e+00,-7.342643929334046859e+00,2.597577246261541628e+00
3.140164391431725655e+00,-7.329764585509187746e+00,2.422122540707184690e+00
3.141435414821259098e+00,-7.331180573759261243e+00,2.195294443765167802e+00
3.141962342215495863e+00,-7.332219921575512167e+00,1.985318972550433214e+00
3.143184959928229549e+00,-7.332711149612642032e+00,1.799613449400712772e+00
3.142156382530538750e+00,-7.332392987776138682e+00,1.591672933730029493e+00
3.140073318305972805e+00,-7.330704823195399733e+00,1.383028004584577308e+00
3.138113677519541067e+00,-7.328839185940005940e+00,1.193111642092075542e+00
3.138655160852825254e+00,-7.322633390028401301e+00,1.004082447691629243e+00
3.149305957966188174e+00,-7.304502045658519016e+00,8.371409305970527459e-01
3.148405215778945276e+00,-7.301525339216668797e+00,6.462618303771006101e-01
3.147355762130116918e+00,-7.299688621035077318e+00,4.636758443040471245e-01
3.146086244248458730e+00,-7.298552995781202313e+00,2.871681115360286696e-01
3.143946726375861367e+00,-7.296151497846840250e+00,4.895159609650082122e-02
3.143473163863944375e+00,-7.293621021123017023e+00,-1.556654208181584564e-01
3.142551645552605244e+00,-7.291286241488814213e+00,-3.910092951235342729e-01
3.140660286680373670e+00,-7.289267026290219498e+00,-6.144170575703770121e-01
3.139249125811065522e+00,-7.287852656861451450e+00,-8.077874963061725255e-01
3.137495820115770329e+00,-7.285974908016378926e+00,-1.031010471872633616e+00
3.136411600074401118e+00,-7.284145373906876664e+00,-1.256728826972681068e+00
3.137284168882001012e+00,-7.282775682151122254e+00,-1.443220972505018240e+00
3.138815501933406971e+00,-7.281860345510862587e+00,-1.659693136855196149e+00
3.141431286483498564e+00,-7.281226630456512972e+00,-1.886774627916663061e+00
3.143655619639600385e+00,-7.281806184359791878e+00,-2.079696400127596601e+00
3.145977449989189711e+00,-7.283956890304406073e+00,-2.303640654868126969e+00
3.148246321790495017e+00,-7.286633492811739110e+00,-2.531846355693499806e+00
3.150532840965980963e+00,-7.289150757407240278e+00,-2.790100938136838238e+00
3.152565187834122540e+00,-7.291385885798100652e+00,-3.030171479956829117e+00
3.154265022064960178e+00,-7.293491489197177380e+00,3.029660710004222768e+00
3.155116953278030767e+00,-7.294858315853598896e+00,2.851431133470111234e+00
3.155448972078295444e+00,-7.297072985513731069e+00,2.608429150894177262e+00
3.156155836406935311e+00,-7.299167817673374969e+00,2.383019092523058102e+00
3.157728252514790945e+00,-7.300361655834798569e+00,2.205368106782231941e+00
3.159248783552757622e+00,-7.302523463605075094e+00,1.965579099571547417e+00
3.158284123107692576e+00,-7.304833553296735893e+00,1.740095625254828748e+00
3.157257403228502124e+00,-7.305866184530050766e+00,1.563236348531691133e+00
3.154112338983322328e+00,-7.306328731654257780e+00,1.322576753132138405e+00
3.150847555704957337e+00,-7.305727630849398579e+00,1.065717719925837192e+00
3.147990316603170857e+00,-7.302225679511586520e+00,8.386260830422802570e-01
3.146040496147773702e+00,-7.299306127986644910e+00,6.041496442132727740e-01
3.230842529259782658e+00,-7.246776512204046838e+00,5.174723160037619785e-01
3.318784039746075276e+00,-7.198925631507022693e+00,4.240113555401518464e-01
3.412079234641538950e+00,-7.161070369273223157e+00,2.897791400257291317e-01
3.488328661037704670e+00,-7.143434673878162222e+00,1.099117215797309616e-01
3.538244774995628728e+00,-7.142042489786020631e+00,-3.487042430838002000e-02
3.637842068746821145e+00,-7.150292445415453280e+00,-6.561841348792246675e-02
3.643276005976981757e+00,-7.150535172674328699e+00,1.229430915376888284e-01
3.740805002997709128e+00,-7.134326779127620810e+00,2.221850133722735321e-01
3.840293303675102354e+00,-7.115202164625343606e+00,2.149786034576260663e-01
3.939085129305499589e+00,-7.095662766600355553e+00,2.992455687139670140e-01
4.031357971563601872e+00,-7.059242074716379989e+00,4.515043837768169532e-01
4.122820152250826098e+00,-7.016979547758026570e+00,4.666246484059815569e-01
4.209498438132124321e+00,-6.966130891938283831e+00,6.063704481298645144e-01
4.288014632603635690e+00,-6.904683160420259647e+00,7.148567495704242214e-01
4.355081063597879165e+00,-6.852340741787455336e+00,6.373104785287494467e-01
4.347732539547528141e+00,-6.851663189376385965e+00,4.747836568488111308e-01
4.347180927360245306e+00,-6.849198546675273391e+00,2.589335602850110218e-01
4.346446402938757281e+00,-6.846895273487696443e+00,2.576222090740503193e-02
4.345288068158763117e+00,-6.845848490677156839e+00,-2.141137067545135220e-01
4.344038558528061422e+00,-6.844271478048552737e+00,-4.449518151292619628e-01
4.342057864300472581e+00,-6.843259670064373523e+00,-7.124174579469535473e-01
4.340853960215906859e+00,-6.841757754899345123e+00,-9.132371114045811922e-01
4.341041072598688544e+00,-6.840728106977360667e+00,-1.150899843974734882e+00
4.342034221951478479e+00,-6.839823429013160982e+00,-1.351911574125768789e+00
4.346542194339779286e+00,-6.850003127636695943e+00,-1.532897544747183982e+00
4.348710747151335987e+00,-6.850246073945513103e+00,-1.723869308581593041e+00
4.352211292674368792e+00,-6.850725075505770256e+00,-1.971536728297738961e+00
4.353942865198265011e+00,-6.850765170890569244e+00,-2.148308261070750014e+00
4.356910508194493659e+00,-6.853705686120238560e+00,-2.423643579752661203e+00
4.359444908904910321e+00,-6.856552917404783010e+00,-2.616594130653279837e+00
4.345207748014637161e+00,-6.867238993159871185e+00,-2.785695158598408216e+00
4.347072989066678161e+00,-6.869037871277823726e+00,-2.964961603098371423e+00
4.347892240792771368e+00,-6.871003552583680118e+00,3.130132494208965888e+00
4.349094991082778527e+00,-6.873089900525115148e+00,2.952663284389859033e+00
4.349783895111355214e+00,-6.875754082032612402e+00,2.769885327049117940e+00
4.350976344402278428e+00,-6.878156559158975725e+00,2.590122341105211667e+00
4.351719491110153548e+00,-6.880750699212957677e+00,2.405550723427055448e+00
4.353305826121976807e+00,-6.883300547033438299e+00,2.223706203658409208e+00
4.354040626789230650e+00,-6.886073453385782805e+00,2.044019842943299192e+00
4.354289055517083895e+00,-6.887857710153441282e+00,1.866624375804343705e+00
4.354176637514276749e+00,-6.889572837950807660e+00,1.684018243539667115e+00
4.353688301915324743e+00,-6.891213753108567985e+00,1.502417154740272487e+00
4.352150743410273748e+00,-6.889576916012069674e+00,1.321336833479834771e+00
4.350069769735646297e+00,-6.887706782083348855e+00,1.131127325291985564e+00
4.348259842000469000e+00,-6.887053232039478168e+00,9.491968373210629695e-01
4.346285783129045122e+00,-6.884493667996395949e+00,7.710960303820907358e-01
4.344695414632177233e+00,-6.881966292145633268e+00,5.859375648432666450e-01
4.344883121697215245e+00,-6.878660034114821187e+00,3.940875690306019363e-01
4.343940957594905505e+00,-6.876334492122753161e+00,1.973037863228039313e-01
4.342286811236595767e+00,-6.875047562882451224e+00,-6.603503773880717471e-03
4.341147332061588315e+00,-6.872727111817559020e+00,-2.082339848091188106e-01
4.356440989137354336e+00,-6.876365745888288750e+00,-4.198210147033617501e-01
4.354913613553656582e+00,-6.874639887092890866e+00,-6.233894885815099984e-01
4.354081897857890127e+00,-6.872634460152429625e+00,-8.308391648068070845e-01
4.353321894524409430e+00,-6.870246366169430630e+00,-1.056029692904491890e+00
4.353011209699485740e+00,-6.868178846195738707e+00,-1.277968389143499195e+00
4.354217459082003749e+00,-6.866576367420619498e+00,-1.470379076334720425e+00
4.355270269083649559e+00,-6.864514513209683422e+00,-1.653787355958634464e+00
4.357162688904770320e+00,-6.863440640589894670e+00,-1.833535732020510789e+00
4.359564085290620561e+00,-6.863669622380172974e+00,-2.015376302050325474e+00
4.361783807640413180e+00,-6.865269721282396986e+00,-2.203765914071182941e+00
4.348460921457243167e+00,-6.883235341289620557e+00,-2.337765000522702863e+00
4.278885480947438147e+00,-6.955041757481229325e+00,-2.332434619922711505e+00
4.206432094527053245e+00,-7.028639583020392045e+00,-2.428279609932697536e+00
4.119484339029782838e+00,-7.091122959145183202e+00,-2.584987866275885171e+00
4.081156022422100627e+00,-7.110991055438738329e+00,-2.622409489807703498e+00
3.991482687993659795e+00,-7.156913882886276390e+00,-2.638037826817415166e+00
3.914726605580411523e+00,-7.206343675975364960e+00,-2.437846602147626385e+00
3.880671917811051586e+00,-7.240700410012691712e+00,-2.229824068179229624e+00
3.854261048262966671e+00,-7.282021138584577002e+00,-2.013969286201215070e+00
3.837204517256308733e+00,-7.328774221728258098e+00,-1.798143606405255612e+00
3.830553860988754167e+00,-7.375653349531262393e+00,-1.591440745835635884e+00
3.833474454541315524e+00,-7.421878441615604949e+00,-1.385885905030449949e+00
3.846999782531612677e+00,-7.469831472699161701e+00,-1.198761770978159280e+00
3.867180539832162811e+00,-7.510549400631940209e+00,-1.020912852641007618e+00
3.896572318739196295e+00,-7.549870001426525867e+00,-8.266537666158747522e-01
3.939513153472942619e+00,-7.586793422878569615e+00,-6.193203735086062478e-01
3.971631458300048045e+00,-7.607023472714370627e+00,-5.540834944406379803e-01
4.028998544389648551e+00,-7.652716511642073449e+00,-7.244431882841771975e-01
4.049313401319269090e+00,-7.673464119802865469e+00,-5.767219123454635499e-01
4.089747862737944217e+00,-7.700593188190044458e+00,-4.256049130902665456e-01
4.096949788752803023e+00,-7.704014800769406257e+00,-2.354813983719131198e-01
4.105988536385065224e+00,-7.706455438149282244e+00,-6.878260559832881371e-02
4.206217006791627355e+00,-7.709058592076909022e+00,-5.431523184852680292e-02
4.306685617435859648e+00,-7.713630597456680782e+00,-6.513438717283143164e-02
4.328499848375112258e+00,-7.715162908419773480e+00,9.165553904444832811e-02
4.428611227907238046e+00,-7.702307793929628943e+00,1.411554349276885334e-01
4.492415561479368158e+00,-7.689257076035064031e+00,2.943023760283909884e-01
4.582781874257461752e+00,-7.664836844547311401e+00,1.523747179082566017e-01
4.627594707010416641e+00,-7.655667886280158818e+00,3.222655123496770968e-01
4.652571002838820746e+00,-7.646297506541951172e+00,5.110833284479160410e-01
4.663611580362978515e+00,-7.638848244111618335e+00,7.018190269686190863e-01
4.708692000815328349e+00,-7.599323248162956901e+00,7.342482401998902120e-01
4.743239220523452815e+00,-7.568978499264760629e+00,5.490800662647248309e-01
4.831235342737579153e+00,-7.518767607917531848e+00,5.537047039799518622e-01
4.892050927090493495e+00,-7.475883339997184684e+00,7.169296809623094680e-01
4.970503007663265471e+00,-7.404375505302354554e+00,8.180335195835309881e-01
5.023860229753051243e+00,-7.348482879607981744e+00,9.278196782138135035e-01
5.040661674925486224e+00,-7.336407801806072548e+00,1.059939371258014074e+00
5.042554506939171510e+00,-7.336230409657400919e+00,1.262379121177968244e+00
5.044272566164087479e+00,-7.337761948189571726e+00,1.465510933870240562e+00
5.046542534786452094e+00,-7.338200080181294993e+00,1.687598108129783947e+00
5.048013430479101338e+00,-7.337872506413995133e+00,1.865743471758257499e+00
5.049675726444791124e+00,-7.337345790601132123e+00,2.080031068868943844e+00
5.051173465932491169e+00,-7.336621782882516207e+00,2.290484470124610983e+00
5.052292466460660769e+00,-7.335098289540719740e+00,2.529171741545840568e+00
5.052699749181379651e+00,-7.333083895221653492e+00,2.744333775850301027e+00
5.028819465795741905e+00,-7.321984204446170708e+00,2.849364384022781582e+00
5.028251974022670545e+00,-7.320246361914882982e+00,3.026895675773953354e+00
5.024888090809316310e+00,-7.319224171900520659e+00,3.060174298165036166e+00
5.006631113537790334e+00,-7.317445402332255711e+00,2.890479337581942421e+00
5.007874226058484091e+00,-7.319217156147278303e+00,2.708614723092393373e+00
5.008906657890501712e+00,-7.321120102131605911e+00,2.528189862327988369e+00
4.995249278589026787e+00,-7.309583257649859611e+00,2.361455496459784253e+00
4.981523373893768536e+00,-7.295916519615273543e+00,2.552177778548975429e+00
4.975694000424318197e+00,-7.291292466890113566e+00,2.733135644520113150e+00
4.974976159750615246e+00,-7.289677496997668982e+00,2.943974341034023112e+00
4.973156651411575702e+00,-7.287930184612300799e+00,3.120695745021951240e+00
4.970664760209260180e+00,-7.286733942374378437e+00,-2.973963695777466221e+00
4.967281844491468590e+00,-7.285928342342540276e+00,-2.770470252760744767e+00
4.963994722602033782e+00,-7.285506273854870152e+00,-2.575087097842219119e+00
4.961867155428227427e+00,-7.284653780207508866e+00,-2.381591390245259898e+00
4.958459423814289835e+00,-7.284939825236820710e+00,-2.182607768926791092e+00
4.907091198920660702e+00,-7.366757440847570670e+00,-2.037419237285425844e+00
4.877473255696981980e+00,-7.419208324205680327e+00,-2.194151163782320335e+00
4.812781507398472769e+00,-7.497743703897802980e+00,-2.274152358211328995e+00
4.747573952777289996e+00,-7.574339478255585512e+00,-2.274457372626217833e+00
4.679662067232085221e+00,-7.654575711196912380e+00,-2.270452706530829090e+00
4.613799187504617372e+00,-7.733018270113270809e+00,-2.269169406770996211e+00
4.544314788776699032e+00,-7.813069159870224212e+00,-2.321919801738533629e+00
4.480930724517728336e+00,-7.872332011174820288e+00,-2.490318593719931251e+00
4.419066007155998399e+00,-7.913534947828103405e+00,-2.638398271091496383e+00
4.336065372276792118e+00,-7.951685870436937087e+00,-2.823657399590233652e+00
4.248246316630130970e+00,-7.974418625940808525e+00,-3.003955573044602811e+00
4.164888555148689164e+00,-7.980647415116851384e+00,3.120377159066789474e+00
4.131397230699155543e+00,-7.982037061173018699e+00,2.952056154111210251e+00
4.121697797670681673e+00,-7.980807702337293641e+00,2.764853206034478372e+00
4.113253722365040055e+00,-7.977985374913141747e+00,2.583186314132656758e+00
4.109923380797312120e+00,-7.976863788918955755e+00,2.352756382533105484e+00
4.109546534279699515e+00,-7.977366646232643355e+00,2.153190473886794187e+00
4.109003528824569429e+00,-7.979545062899509489e+00,1.967565036544974166e+00
4.107977836483862610e+00,-7.980929385509110574e+00,1.765356532355465191e+00
4.105732438127959405e+00,-7.982059078979383493e+00,1.526540586836945712e+00
4.103814000790357852e+00,-7.982577100173371853e+00,1.351757205613462354e+00
4.101282420986608557e+00,-7.982407656918502070e+00,1.124725018155775969e+00
4.103327984579796528e+00,-7.972411613420068655e+00,9.785680268768665035e-01
4.116276772273085527e+00,-7.952707024646658240e+00,7.878566693186885850e-01
4.140119052858355353e+00,-7.928304740039209264e+00,6.428841930929038995e-01
4.140965642316136730e+00,-7.926590431916237911e+00,4.287041153197642673e-01
4.139913321233536614e+00,-7.925036542510765614e+00,2.266975324171311978e-01
4.138118971635395660e+00,-7.922961462268150790e+00,3.742885817426971906e-02
4.136500693921016492e+00,-7.920914722629396110e+00,-1.698877475351194544e-01
4.135051470249797134e+00,-7.918576059863312366e+00,-4.189477505732263074e-01
4.133963407006906010e+00,-7.916636354664282393e+00,-6.081971573666183906e-01
4.133496680979482640e+00,-7.914717840610692612e+00,-7.855163737797384860e-01
4.133702875216660466e+00,-7.912675403359036963e+00,-1.009101636100411259e+00
4.134022431506855888e+00,-7.910868255232744062e+00,-1.186829273929999706e+00
4.135496965275220482e+00,-7.907944119906750835e+00,-1.378289910891205228e+00
4.137625398983452385e+00,-7.916557307625275541e+00,-1.550866809974306815e+00
4.138594729547693696e+00,-7.916911312728774242e+00,-1.729484219107700893e+00
4.139861686671264529e+00,-7.916658262298984283e+00,-1.909505588135517851e+00
4.104587967705290552e+00,-7.999652371697973940e+00,-2.069375034757657605e+00
4.044655188981553628e+00,-8.085067572719403017e+00,-2.226134606155745210e+00
3.977248199387799499e+00,-8.164570177966805176e+00,-2.312103882209173733e+00
3.899936046713171844e+00,-8.241734833767434765e+00,-2.373402632386300226e+00
3.821792396017317905e+00,-8.311470329400137302e+00,-2.430173360126638205e+00
3.738071158005110917e+00,-8.379747468057587412e+00,-2.484133357680429199e+00
3.656957081986437430e+00,-8.438765445094690065e+00,-2.531740174547304711e+00
3.574787975796467787e+00,-8.495938045124914240e+00,-2.534421849657945369e+00
3.491608616157531486e+00,-8.553210541098776432e+00,-2.536191435322042054e+00
3.406255508974053381e+00,-8.612899693165106285e+00,-2.535726458265329164e+00
3.321782168353966114e+00,-8.671543370800833372e+00,-2.544341164058574911e+00
3.315210115527761126e+00,-8.676966550482758223e+00,-2.720197257629323406e+00
3.316550616140910623e+00,-8.678543193764509667e+00,-2.884306294380393876e+00
3.248781624080098851e+00,-8.695614384540441222e+00,-3.063788895089500475e+00
3.229580605354394063e+00,-8.696745348584355995e+00,3.036511372269094178e+00
3.208886390632184060e+00,-8.693728344473797165e+00,2.864566939980604410e+00
3.127246483981559688e+00,-8.665856851899604862e+00,2.701983766463646575e+00
3.121260320106123309e+00,-8.664020713056473255e+00,2.523144490724534617e+00
3.115826433474188306e+00,-8.661127318705533540e+00,2.346311969765161098e+00
3.110774451243838890e+00,-8.656786020829912331e+00,2.167336539992127165e+00
3.106981271266370914e+00,-8.652091314569439362e+00,1.988591015166911058e+00
3.103139550829078441e+00,-8.643377444717222247e+00,1.799557468755001555e+00
3.100811801961824710e+00,-8.635860863009103383e+00,1.623758224626888902e+00
3.100192375854593063e+00,-8.629425595471788668e+00,1.446899984229247149e+00
3.100316394194534197e+00,-8.622489596140111345e+00,1.267543339255784662e+00
3.101982434435676339e+00,-8.615602078776843697e+00,1.088818419074840449e+00
3.106255791660584631e+00,-8.607112967978592266e+00,9.062573976530897690e-01
3.113900348267323981e+00,-8.597410716001053999e+00,7.247918245984423802e-01
3.120849808993833907e+00,-8.590652159423619594e+00,5.472267038643208181e-01
3.135978099217866966e+00,-8.581924188343762694e+00,3.653216344247761094e-01
3.142642179621383036e+00,-8.578294722646752746e+00,1.880814403936910961e-01
3.151370785368170502e+00,-8.576109787605037837e+00,-1.305449414825509124e-05
3.159300099935470119e+00,-8.575856672266505498e+00,-1.760208708858371773e-01
3.170029419506572133e+00,-8.577843100451017833e+00,-3.532036129012143255e-01
3.185457612301452190e+00,-8.584347959166017006e+00,-4.996958060497975751e-01
3.232147759276185806e+00,-8.609213497835817464e+00,-6.549044086768590622e-01
3.248010717274385062e+00,-8.623855070207508078e+00,-8.207191179027643058e-01
3.248783298584016155e+00,-8.623948530036804172e+00,-1.004159707808612412e+00
3.250108865775281242e+00,-8.624202345425604932e+00,-1.213807882875254318e+00
3.251427496565877373e+00,-8.625438670407350017e+00,-1.410162431962141083e+00
3.252692343246710305e+00,-8.626919012630333228e+00,-1.595369454650204633e+00
3.254162969869399458e+00,-8.629064487191710597e+00,-1.803920529455961042e+00
3.255379975542741278e+00,-8.631265652269362931e+00,-1.990291629808616181e+00
3.255450902882622621e+00,-8.634600653123751357e+00,-2.199685717566160825e+00
3.255173823593214610e+00,-8.638070809298517005e+00,-2.395458807929098821e+00
3.254480689880859590e+00,-8.641284795583942469e+00,-2.578783258197884898e+00
3.252946829573574838e+00,-8.644647522219457869e+00,-2.788950859646241121e+00
3.192071567981787261e+00,-8.663879427207055173e+00,-2.957999700482842442e+00
3.153197604162199852e+00,-8.670274391209096265e+00,-3.120098924525583683e+00
3.147959323006968457e+00,-8.671566108615301971e+00,2.984189805313811839e+00
3.140391265584232094e+00,-8.671201295238118334e+00,2.798333886060198950e+00
3.133954842921107264e+00,-8.670303481225078102e+00,2.637021780044598529e+00
3.105847424145353752e+00,-8.655629043760788122e+00,2.482601949557057708e+00
3.103377281500654838e+00,-8.654622119630316135e+00,2.302705746660789199e+00
3.103493391772289112e+00,-8.656553835881775072e+00,2.119555344154613330e+00
3.098699719596115454e+00,-8.648839413007110011e+00,1.975958639239517867e+00
3.061081880818802503e+00,-8.558443727701506631e+00,2.005551761346074269e+00
3.057056455700271513e+00,-8.549033468208975250e+00,2.178026206161299161e+00
3.036684953335957449e+00,-8.523937336919173546e+00,2.335348469005599004e+00
3.035197821575028598e+00,-8.521670097693254675e+00,2.513378456579118403e+00
3.032267678594906535e+00,-8.519314166504738495e+00,2.693636781714820572e+00
3.028469320438951673e+00,-8.517113171350292333e+00,2.805546687253344995e+00
3.007400242354314912e+00,-8.507897140204427444e+00,2.653428786525137362e+00
2.917191937429978843e+00,-8.461402133047499774e+00,2.652200029045486573e+00
2.835249032472327180e+00,-8.419069789153235561e+00,2.841092512901254086e+00
2.832786961215915333e+00,-8.416823085675410709e+00,3.052113571408009207e+00
2.830032049102094049e+00,-8.414550912938114635e+00,-3.043921553580960282e+00
2.826640627875609546e+00,-8.412906557567017884e+00,-2.832143673795876726e+00
2.824229502521504731e+00,-8.411424346435740773e+00,-2.589160017788278978e+00
2.821496275037182588e+00,-8.410090609415256324e+00,-2.408758243040804992e+00
2.818033031635079677e+00,-8.409767402872070363e+00,-2.188784109375804476e+00
2.815209417687855709e+00,-8.409405384083695978e+00,-1.938115699426403937e+00
2.812440430921999468e+00,-8.410445248025151699e+00,-1.693346752642161723e+00
2.809660355024026224e+00,-8.414491696207294424e+00,-1.478036117547230077e+00
2.808531422436892910e+00,-8.418418294148777292e+00,-1.280952015334703820e+00
2.808911652434079365e+00,-8.421598480105192408e+00,-1.047280256641637486e+00
2.809339627822407426e+00,-8.423604279866408362e+00,-8.709596611666858834e-01
2.810544992219114580e+00,-8.427213054671849335e+00,-6.957424329604633417e-01
2.892783737327809579e+00,-8.486399624122613616e+00,-6.077559597542632197e-01
2.977184020150587251e+00,-8.544989631603559843e+00,-6.087916277071927507e-01
3.063797421830002143e+00,-8.605109840092261209e+00,-6.117388394301909171e-01
3.149655184414672515e+00,-8.665154562601488308e+00,-6.036637769440683643e-01
3.217937519154383086e+00,-8.706350874604790846e+00,-4.210548361440017984e-01
3.218474770927687079e+00,-8.708036065394193059e+00,-2.293350068673115083e-01
3.230616575609566610e+00,-8.711688183311004252e+00,-6.809997593885772083e-02
3.274985646583392640e+00,-8.713503079285148445e+00,7.299200193257689151e-02
3.370853631892623437e+00,-8.709628737639665275e+00,6.409818760721033848e-02
3.383645966554221118e+00,-8.711641144426922168e+00,2.253169844060442240e-01
3.398732738073631410e+00,-8.710531521766025520e+00,4.050084704828438853e-01
3.400068209432303146e+00,-8.711750126690418483e+00,5.943739730674058031e-01
3.446136098731786390e+00,-8.676012255755050973e+00,7.315265603966071284e-01
3.479373722191134277e+00,-8.642679392968378949e+00,8.976233571689902213e-01
3.499297007686213767e+00,-8.614497750827178280e+00,1.079717421583264336e+00
3.509726580869991341e+00,-8.592594731332580338e+00,1.252319145359987784e+00
3.516874159842470426e+00,-8.567034397415882907e+00,1.434928437821577640e+00
3.520134580595955409e+00,-8.524107585411988097e+00,1.589946598434760716e+00
3.519185329867180023e+00,-8.546368440950034895e+00,1.685615718950106867e+00
3.518093100052532840e+00,-8.537892388200896576e+00,1.861390198368442661e+00
3.511518812392053768e+00,-8.514422929527064809e+00,1.792493691509292608e+00
3.521037859107059909e+00,-8.556502929776318211e+00,1.640254940662242866e+00
3.521247776393335194e+00,-8.538300626352842926e+00,1.427332500779793012e+00
3.520956659515519505e+00,-8.534192160062165300e+00,1.250010430740138734e+00
3.529721154500229829e+00,-8.511006669254369328e+00,1.076921694966818777e+00
3.543405765550685871e+00,-8.487309419113765685e+00,8.912101265178830056e-01
3.561550190990105502e+00,-8.466249726796615249e+00,7.159517157658392694e-01
3.593833880323342722e+00,-8.438318727289757959e+00,6.091225628913238266e-01
3.609914878116128101e+00,-8.424863241929259061e+00,6.887287174363596609e-01
3.637464346557401029e+00,-8.397169198628132492e+00,5.322098322133207438e-01
3.672840849641957117e+00,-8.377113174663904260e+00,3.593189962517233105e-01
3.704558146911052230e+00,-8.364788711736570903e+00,2.186424078826267603e-01
3.726541253562275724e+00,-8.354674943549827759e+00,1.854694944224629383e-01
3.727258313574529414e+00,-8.355380962117488153e+00,3.600470555912032022e-01
3.728049781376683303e+00,-8.356444090828167859e+00,5.405488046186690543e-01
3.728874040581444671e+00,-8.357419213480980602e+00,7.207126707453276326e-01
3.730096751557435475e+00,-8.357690460485249773e+00,9.253914849955149347e-01
3.731791965438772785e+00,-8.357182403964664275e+00,1.124438458280969888e+00
3.732883816634536167e+00,-8.355829830522383261e+00,1.308201227860447347e+00
3.734083335365120604e+00,-8.354365709734855372e+00,1.491831912709618013e+00
3.735394140670100782e+00,-8.351763892547422685e+00,1.688318165338832166e+00
3.735868655479908984e+00,-8.349294001148052757e+00,1.865716052470248965e+00
3.736433281546030383e+00,-8.345765713694628829e+00,2.032972812405465124e+00
3.690167378488755201e+00,-8.251990721039847543e+00,2.028832864537517988e+00
3.643178848713872764e+00,-8.154956005499398586e+00,2.022834684462494703e+00
3.597182108023497804e+00,-8.059439696006434062e+00,2.023051502332045448e+00
3.547166316674463804e+00,-7.960765716705753725e+00,2.064167893725783465e+00
3.493041936806526415e+00,-7.878881702992392100e+00,2.211591472934442137e+00
3.423982988885254652e+00,-7.805542631209979376e+00,2.391155585302267905e+00
3.371551955014917112e+00,-7.764620947945862994e+00,2.502276047539619075e+00
3.282235609874910143e+00,-7.708026522524079382e+00,2.598069033957304708e+00
3.188728854933041479e+00,-7.651955735835917594e+00,2.563893604097176038e+00
3.148999335253164666e+00,-7.620439237814979450e+00,2.365893951981527188e+00
3.119842398559574459e+00,-7.587997281475409750e+00,2.160977299108102212e+00
3.100477632958997365e+00,-7.556050036904189859e+00,1.961301917499499226e+00
3.089547188353477303e+00,-7.523483721308532601e+00,1.751004501801863178e+00
3.086071855054140833e+00,-7.495623616297376834e+00,1.571275362265849296e+00
3.086956850896378945e+00,-7.470356977618934913e+00,1.392193783471568080e+00
3.087341996094700391e+00,-7.463095983362132202e+00,1.470401354771130764e+00
3.087392605016584746e+00,-7.461344265269379328e+00,1.662914423152761945e+00
3.087477512349819264e+00,-7.459476695242202027e+00,1.842495047992381174e+00
3.087680290597683008e+00,-7.457223967674155851e+00,2.042036452544282898e+00
3.088157908527167095e+00,-7.455314964969774749e+00,2.214498065845399211e+00
3.088237008404220330e+00,-7.452130638165892940e+00,2.399278561769239815e+00
3.073152293870074381e+00,-7.438265372979141254e+00,2.571745296214540843e+00
2.987454732158010717e+00,-7.385610007844180203e+00,2.602256542702709563e+00
2.898349833565453615e+00,-7.331050563263118214e+00,2.601404087123316167e+00
2.811347838510540154e+00,-7.277742585369833428e+00,2.572284408195202321e+00
2.761796072060631602e+00,-7.242178773526537938e+00,2.407755080430688199e+00
2.761079405510038054e+00,-7.243627476489845840e+00,2.198797141766449581e+00
2.760665100707237585e+00,-7.244935696091211241e+00,2.009654738707043364e+00
2.759104830515164419e+00,-7.246540474482394245e+00,1.815046543353244779e+00
2.756826348731832077e+00,-7.247536746638795435e+00,1.564367800155786137e+00
2.754148135546097720e+00,-7.247938002204227459e+00,1.315958177950319774e+00
2.751678021332377266e+00,-7.247959087426075975e+00,1.122101252157015949e+00
2.748662413049942632e+00,-7.247129433119104291e+00,9.110946714831701376e-01
2.745372728090643033e+00,-7.244928256997294369e+00,6.460461013820846254e-01
2.742944279792286277e+00,-7.242834019825973080e+00,4.563139355705452815e-01
2.739746605000922930e+00,-7.239768275914255646e+00,1.513104954858943141e-01
2.738089273931091583e+00,-7.237334954785401564e+00,-2.291519561305442251e-02
2.736574591822711788e+00,-7.235070357087797888e+00,-2.088403920989908014e-01
2.735460926338592724e+00,-7.232405165401403657e+00,-4.001096536286117278e-01
2.734268488179860679e+00,-7.229610773570296800e+00,-6.119608161096793397e-01
2.733634418570080715e+00,-7.226488802188423932e+00,-8.801636216044265160e-01
2.733833679753077561e+00,-7.224177469394961193e+00,-1.070567104415094173e+00
2.735037794943113720e+00,-7.220772572166490377e+00,-1.374884717791141853e+00
2.737094892743122454e+00,-7.218498778030394192e+00,-1.641772272031962743e+00
2.738628590851458711e+00,-7.217512952963295980e+00,-1.821022095908631400e+00
2.740680566801987350e+00,-7.216550090542817486e+00,-2.030693258760766007e+00
2.743058518468046714e+00,-7.216512292187821309e+00,-2.225613903846660246e+00
2.744858185719090127e+00,-7.216945658119862550e+00,-2.410420437007681382e+00
2.746643247842001312e+00,-7.218003181694229831e+00,-2.587902410020601618e+00
2.748523075053348474e+00,-7.219362659411840077e+00,-2.774671021432376872e+00
2.750208490078040580e+00,-7.221022496195602436e+00,-2.992609163442697895e+00
2.750940650909397434e+00,-7.222336323167631633e+00,3.105387635053331596e+00
2.752021145936968782e+00,-7.223877498968632516e+00,2.931337398476860034e+00
2.752665602388965738e+00,-7.225816333864921504e+00,2.744474078251819105e+00
2.752783062588328278e+00,-7.228043572049282162e+00,2.530749059836680637e+00
2.752895446354360232e+00,-7.229629947759484310e+00,2.351997113766617797e+00
2.752148644532134814e+00,-7.231808254016790727e+00,2.161772015891628484e+00
2.750253904219856604e+00,-7.235156037190405343e+00,1.855610381222520200e+00
2.748183729854468460e+00,-7.236244314050098048e+00,1.681429310490827334e+00
2.746385638653045635e+00,-7.236757021086408947e+00,1.491240943699899235e+00
2.743730927901540717e+00,-7.237279984556171719e+00,1.300411233125839949e+00
2.740857573422615268e+00,-7.237473829418924254e+00,1.089091777953217210e+00
2.737410275211623834e+00,-7.235954669098089376e+00,8.230224484497828952e-01
2.734881378523895901e+00,-7.234104665685168634e+00,6.353926729216540226e-01
2.732396827140037843e+00,-7.232135157486884403e+00,4.612704202123782404e-01
2.729818762884433259e+00,-7.229928335359785407e+00,2.363701808095518275e-01
2.728455848578592580e+00,-7.227777750763008768e+00,6.247872310796735718e-02
2.727089336092690885e+00,-7.225350495786853955e+00,-1.284524271999234191e-01
2.725504568839315134e+00,-7.221756577836444535e+00,-4.330028056466798669e-01
2.723985889822329476e+00,-7.218152259554149630e+00,-7.011665913174270903e-01
2.723690741535733206e+00,-7.215802156364428122e+00,-8.939231686953448275e-01
2.724395385225690358e+00,-7.212066480371087884e+00,-1.199053445736134149e+00
2.725951928865150364e+00,-7.209449221589247614e+00,-1.464421509925404541e+00
2.727347548597655713e+00,-7.207712418062963700e+00,-1.651184090988621955e+00
2.729447888382758869e+00,-7.206583737862914063e+00,-1.853835023549698757e+00
2.731020363959219210e+00,-7.205832788606322481e+00,-2.033285930673321307e+00
2.733374136489966855e+00,-7.205694324005577300e+00,-2.275638059367091515e+00
2.736194895153098106e+00,-7.206673205689701156e+00,-2.538801088324886379e+00
2.738181446127947005e+00,-7.208152685085318367e+00,-2.764138353310484408e+00
2.739755214935436278e+00,-7.209661019126694548e+00,-2.995276206204044112e+00
2.741430586318386098e+00,-7.211727962768593514e+00,3.042029404618863619e+00
2.742466646332435865e+00,-7.213676880379561673e+00,2.826129176140803612e+00
2.742715952078583541e+00,-7.216040953754290221e+00,2.593923249861496583e+00
2.742651785201488224e+00,-7.218721453856059789e+00,2.346690337142003369e+00
2.741912513466936208e+00,-7.221099912690335465e+00,2.128859483264087693e+00
2.740582884324284318e+00,-7.223327651970000929e+00,1.880146599271894869e+00
2.738501038690614564e+00,-7.224753315902233020e+00,1.665245456338713570e+00
2.735814108799710542e+00,-7.225543354314799771e+00,1.435202670818398474e+00
2.732700336420878617e+00,-7.226125122720199911e+00,1.217286139739601536e+00
2.729344009802568749e+00,-7.225987587063481321e+00,9.696293323252637153e-01
2.726503583049570079e+00,-7.224152899786687954e+00,7.419997916293388229e-01
2.723114884796156598e+00,-7.221530602551325728e+00,4.949368457307938840e-01
2.720957552219578801e+00,-7.219326060879000195e+00,2.792757906359336628e-01
2.719003151478400326e+00,-7.216587670823948919e+00,2.924731465465117350e-02
2.717294280718724586e+00,-7.213554379795292348e+00,-1.872245017014597390e-01
2.716108321412525672e+00,-7.210554115402828756e+00,-4.178051311880598417e-01
2.715058998714231731e+00,-7.207914714221828056e+00,-6.337770936408303468e-01
2.714147637843583372e+00,-7.204682162288730929e+00,-8.824901857387900117e-01
2.714112742150658786e+00,-7.201810658704378199e+00,-1.111715700672565976e+00
2.714946536631434704e+00,-7.198973405144247550e+00,-1.357661763132223420e+00
2.716050732611982266e+00,-7.197111164820844564e+00,-1.572154625845750608e+00
2.718570020987139291e+00,-7.195641255081343779e+00,-1.819427518381855124e+00
2.720748572853612046e+00,-7.194525529938014863e+00,-2.038236182121281992e+00
2.722948852280719034e+00,-7.194536601327111036e+00,-2.269792258373946936e+00
2.725746530412662683e+00,-7.195237246147300425e+00,-2.506700542587816827e+00
2.727941064035015906e+00,-7.195515071898830328e+00,-2.680704613218429344e+00
2.728731601862217637e+00,-7.196297676251852238e+00,-2.861044193605440711e+00
2.729350428980112042e+00,-7.196743287274006917e+00,-3.048774590351581271e+00
2.729473034225691208e+00,-7.197667039658229626e+00,3.055759473259783920e+00
2.729867228708458438e+00,-7.198604126263169256e+00,2.871957380132935445e+00
2.729216078270978674e+00,-7.200383996418803001e+00,2.697028690190784062e+00
2.728311198736218302e+00,-7.201923336841949741e+00,2.516267247658962702e+00
2.685906377948350965e+00,-7.165304986665435472e+00,2.371433636944994650e+00
2.654467037040471489e+00,-7.127375868741760101e+00,2.235499204760619030e+00
2.652964230083905584e+00,-7.124147877103194304e+00,2.314908913742759644e+00
2.582556537381628825e+00,-7.042860128195770564e+00,2.284698246322215187e+00
2.513548127285186506e+00,-6.962177728065102045e+00,2.283315222880637041e+00
2.443821699820766469e+00,-6.880785247404070049e+00,2.282302245678856423e+00
2.373013713471711306e+00,-6.797787132039561975e+00,2.280443745936322042e+00
2.303394763970131542e+00,-6.716091241502169851e+00,2.279088397769885699e+00
2.230005981540529092e+00,-6.629552476867470290e+00,2.276922609643899253e+00
2.160556789050832815e+00,-6.547798557921226781e+00,2.277518639655499388e+00
2.095353894561655661e+00,-6.470767843488544280e+00,2.279308192589294180e+00
2.077510701978134033e+00,-6.451967103874848064e+00,2.116145757165151853e+00
2.076678829123900893e+00,-6.452198037840275902e+00,1.934732464476276004e+00
2.059886290739561865e+00,-6.396079940261034658e+00,1.799406179044515275e+00
2.058865381373314207e+00,-6.390888829475061428e+00,1.937255709732399911e+00
2.055056464496633151e+00,-6.384302045537958215e+00,1.814057861538369121e+00
2.032808931643615757e+00,-6.285496955197090507e+00,1.662125038058795079e+00
2.031674830846386115e+00,-6.221349777422746641e+00,1.506448585972186116e+00
2.042748343291252766e+00,-6.159856917480234451e+00,1.330448434659960100e+00
2.065225152506429573e+00,-6.098618766842358596e+00,1.150336777279159506e+00
2.083552578986971326e+00,-6.063720189601194299e+00,1.111308840640654827e+00
2.084321891706378160e+00,-6.062092238253227627e+00,1.300173882085311261e+00
2.085645414800478825e+00,-6.060485853602175510e+00,1.500173493257124457e+00
2.086659096281589409e+00,-6.058539850167743879e+00,1.683218986159031205e+00
2.082611370696644926e+00,-6.029346091025020726e+00,1.834285940787241609e+00
2.073200639755010233e+00,-5.987739934962551303e+00,2.003813884462980699e+00
2.053936335524461754e+00,-5.950370469135384255e+00,2.180442198031334655e+00
2.041443127367050359e+00,-5.931665555212399354e+00,2.359293404357226454e+00
2.002158805637184624e+00,-5.894386730070759306e+00,2.490680238596233664e+00
1.964082319499934171e+00,-5.869723039311014468e+00,2.671027791529092532e+00
1.871077611997856494e+00,-5.833663922585654582e+00,2.804986678149460566e+00
1.776112144832644679e+00,-5.800866503292768428e+00,2.815580068311786199e+00
1.729048858450842552e+00,-5.785065171239160975e+00,2.971669565918692246e+00
1.727491804836545741e+00,-5.782658108239042249e+00,-3.135833852069580985e+00
1.726535857211783709e+00,-5.780919050724444119e+00,-2.943420477099784272e+00
1.725118001523114675e+00,-5.779026852272630244e+00,-2.768313476657908279e+00
1.723457917235575065e+00,-5.777790170464941255e+00,-2.592875636932046479e+00
1.703542131007885096e+00,-5.788883850482291038e+00,-2.418460093419379398e+00
1.654467344116644201e+00,-5.837701926255682849e+00,-2.273389853081091871e+00
1.618184788807677910e+00,-5.885393754811548916e+00,-2.090711902030493174e+00
1.597467499398661950e+00,-5.925939418781405621e+00,-1.907354994262247860e+00
1.584768670595857021e+00,-5.968568486262722850e+00,-1.730103600310581857e+00
1.579926038919642561e+00,-5.991013242389129800e+00,-1.549891383117939725e+00
1.577236273015960366e+00,-5.992040995649055901e+00,-1.381793316154020346e+00
1.575291048403734573e+00,-5.993197601123148033e+00,-1.205557397459485314e+00
1.573949190014539257e+00,-5.994790745458421277e+00,-1.012703576173380249e+00
1.573154762714847221e+00,-5.996183279449295078e+00,-8.123298410153839688e-01
1.572977552477790697e+00,-5.997880931648397862e+00,-5.897521472025361033e-01
1.572870323393471548e+00,-5.999718829211451165e+00,-3.787482374260172646e-01
1.573361174202941637e+00,-6.001800450448840252e+00,-1.517876848925839850e-01
1.574297189028266875e+00,-6.003651145652868060e+00,3.231350933781404478e-02
1.575927586863030694e+00,-6.006251301232332196e+00,2.943962240965721233e-01
1.578235757859368871e+00,-6.008399431513375966e+00,5.465016153131647680e-01
1.580119512886827282e+00,-6.009516906188417273e+00,7.513213867237344967e-01
1.582075314078136286e+00,-6.010255840972789976e+00,9.417956865046772652e-01
1.584029257449756978e+00,-6.010485485201035871e+00,1.124406397000558666e+00
1.585749906672280218e+00,-6.009933502924402760e+00,1.302366395515993647e+00
1.587515597536967693e+00,-6.008913425271727782e+00,1.512087449402464978e+00
1.588815511489414689e+00,-6.007526598918618177e+00,1.702100958084813431e+00
1.589551225406404145e+00,-6.005921259732910578e+00,1.885788401653458735e+00
1.590285026236341936e+00,-6.003904356930004127e+00,2.065695151939091367e+00
1.590241552421582272e+00,-6.001223463046474471e+00,2.278680015168741857e+00
1.589734954060129768e+00,-5.999054676178257495e+00,2.468602034374115739e+00
1.589110223720275661e+00,-5.996073035194660505e+00,2.663718093043614843e+00
1.587845365903717276e+00,-5.993479794561902274e+00,2.925871403055770426e+00
1.586280611816835329e+00,-5.991162020013477196e+00,3.135851279547523518e+00
1.584179711424239967e+00,-5.989284921858674338e+00,-2.956610918515326869e+00
1.581039043171474923e+00,-5.986978260618972314e+00,-2.717233863735555754e+00
1.519580370760252652e+00,-6.018608011643660660e+00,-2.553370791727360256e+00
1.494776068170222905e+00,-6.034985171609870136e+00,-2.369756902368021390e+00
1.478055648282867285e+00,-6.049973998030981015e+00,-2.187224711330874705e+00
1.464443276355732904e+00,-6.067779095436961256e+00,-2.002247531683614135e+00
1.454099974087677660e+00,-6.087225538881429365e+00,-1.819834925753885058e+00
1.447815796568866942e+00,-6.107850801196789803e+00,-1.637436756644356395e+00
1.445438590371030951e+00,-6.129071048741061567e+00,-1.455265152374966675e+00
1.446630362483866783e+00,-6.150366660239360961e+00,-1.274495319409740590e+00
1.452036750263633103e+00,-6.170579013713833660e+00,-1.092529337739993833e+00
1.461297101471162652e+00,-6.189803541896830019e+00,-9.096821787196116560e-01
1.473884535698238185e+00,-6.206406680192340986e+00,-7.287755760889784717e-01
1.489355662512342748e+00,-6.220409553667377800e+00,-5.465818131829097704e-01
1.507486034130823382e+00,-6.231403721053254685e+00,-3.625291338493442650e-01
1.527298676932462129e+00,-6.238982999076619684e+00,-1.793141776522904351e-01
1.548216830026572843e+00,-6.242450700539582620e+00,5.014249321572834470e-03
1.569472698415776080e+00,-6.242130727183059058e+00,1.883938209128853680e-01
1.590272473668874476e+00,-6.237813926480972881e+00,3.719430543545165779e-01
1.610331687685964352e+00,-6.229795537939811112e+00,5.567058062659949735e-01
1.628335605285215593e+00,-6.218175503293786655e+00,7.392904504978881075e-01
1.644075809430040946e+00,-6.203583120500003822e+00,9.194529012590619832e-01
1.656644172275789417e+00,-6.185795712235250932e+00,1.103559541383359877e+00
1.665554882556552041e+00,-6.165947144269396496e+00,1.286960673217686590e+00
1.671569790194623373e+00,-6.145021472171250387e+00,1.465288043113627925e+00
1.673962618825741266e+00,-6.123026946213321331e+00,1.646472724373394536e+00
1.672068510377563655e+00,-6.101227768029380272e+00,1.827561497856333483e+00
1.666198693895058369e+00,-6.080230332191421283e+00,2.009460805518163973e+00
1.656373122963342492e+00,-6.060366235324153195e+00,2.192689720029224798e+00
1.643425690595488708e+00,-6.042922343996944612e+00,2.374475749986572293e+00
1.627416528030211307e+00,-6.028226544451551483e+00,2.555859512002465639e+00
1.608594823998388934e+00,-6.016322420196781096e+00,2.741138147295233196e+00
1.588210037808234221e+00,-6.007905499847983499e+00,2.923156922642884847e+00
1.566643161315912192e+00,-6.003448176040275364e+00,3.105682851151197355e+00
1.544691254362456023e+00,-6.002820599261855072e+00,-2.994650030985128275e+00
1.523103482394452923e+00,-6.006427608304464094e+00,-2.812734313093988803e+00
1.501976161170978097e+00,-6.013896005302964198e+00,-2.629360714222038542e+00
1.482836373708452005e+00,-6.024857614211962087e+00,-2.446543742059183568e+00
1.466078666954888865e+00,-6.039066170532490396e+00,-2.264643716620467817e+00
1.452014760875651733e+00,-6.056097656527415829e+00,-2.081266624714298352e+00
1.441044590883693299e+00,-6.075347878394343759e+00,-1.896584750751459936e+00
1.433952054553811140e+00,-6.095461518192000661e+00,-1.717739766101212151e+00
1.430722192898161715e+00,-6.116780031599931888e+00,-1.535067884625048951e+00
1.431034442993611044e+00,-6.138403045319561713e+00,-1.354554429636708024e+00
1.435214012493827740e+00,-6.159730853877568357e+00,-1.175175078721106825e+00
1.443107457635963264e+00,-6.179808273357524584e+00,-9.938963584448834432e-01
1.455022030251891696e+00,-6.198058311687562494e+00,-8.121027254942638773e-01
1.469729702886768408e+00,-6.213390838999449883e+00,-6.314261919302627257e-01
1.487435644613116281e+00,-6.226378852776109696e+00,-4.483945106875629749e-01
1.507367102341590881e+00,-6.235987760657081047e+00,-2.655613347267396507e-01
1.528248224255333021e+00,-6.241470532248822423e+00,-8.246102436856954376e-02
1.549970116620309479e+00,-6.243079617830191275e+00,1.016403195545004662e-01
1.571847384849339502e+00,-6.240950936194583853e+00,2.859201191227283556e-01
1.592734729667757643e+00,-6.234760262405734110e+00,4.695183673074777020e-01
1.612421137281205841e+00,-6.224885376477231169e+00,6.534979570762100565e-01
1.630299347449186254e+00,-6.211910993852497676e+00,8.353972186604127215e-01
1.645296167450339908e+00,-6.195916854767085091e+00,1.018094939270520971e+00
1.657417588307951162e+00,-6.177259049447710204e+00,1.199619433481998065e+00
1.665478836846302935e+00,-6.157113553842471276e+00,1.380562216874148707e+00
1.670288714203597813e+00,-6.135999131324982869e+00,1.559535509113921581e+00
1.671270516871389056e+00,-6.114577310714185643e+00,1.736977815183849305e+00
1.668594974600031033e+00,-6.093599637442691730e+00,1.913398897008177224e+00
1.662175979605536202e+00,-6.073764947181979679e+00,2.090655598010699556e+00
1.652267376198087723e+00,-6.055334972394415871e+00,2.270015417220133447e+00
1.638656868074409800e+00,-6.039398923951227793e+00,2.452354530553983558e+00
1.621406528244067280e+00,-6.026561303829121030e+00,2.637568716146646786e+00
1.601844575941786974e+00,-6.016738748800350756e+00,2.823773641323116035e+00
1.580842378636068579e+00,-6.010257294035712405e+00,3.005662773800504173e+00
1.559288913906315077e+00,-6.008355391002517365e+00,-3.094156400324052480e+00
1.537562088157337525e+00,-6.010657271233060150e+00,-2.909683963704428944e+00
1.516304593866180328e+00,-6.016754977482364986e+00,-2.727770286304925573e+00
1.496206579900404510e+00,-6.026743015037257400e+00,-2.542252841962024945e+00
1.467098041433984257e+00,-6.049506535171423671e+00,-2.356553251285632644e+00
1.440592649375753043e+00,-6.079289247809207097e+00,-2.178350583093660919e+00
1.419527911602300074e+00,-6.113392004372633970e+00,-1.994629414054381433e+00
1.405602700122939197e+00,-6.148884933189409985e+00,-1.820185069080469065e+00
1.398157861331160268e+00,-6.187470343570094400e+00,-1.636378727256545984e+00
1.397279820880068524e+00,-6.226626961773344071e+00,-1.457577455498741292e+00
1.403250567703594687e+00,-6.264315096340205002e+00,-1.279062208440230108e+00
1.416179711123878526e+00,-6.301516346943475178e+00,-1.099112094421904606e+00
1.434478706238352830e+00,-6.334156778001957200e+00,-9.212190185160719080e-01
1.458831049955791048e+00,-6.363145216378603308e+00,-7.434646024525212171e-01
1.488106728827113923e+00,-6.387791376125091070e+00,-5.587779248846072022e-01
1.520890545915513981e+00,-6.406094681192813667e+00,-3.818993261707162579e-01
1.557376039613625807e+00,-6.418750293199139811e+00,-1.973179782357803447e-01
1.595148307901637530e+00,-6.424427138726789721e+00,-1.551664639780089144e-02
1.632606498337178857e+00,-6.423304699552531360e+00,1.639724054769444161e-01
1.670672105420261344e+00,-6.415491326433754082e+00,3.466253422907637494e-01
1.684810341896912700e+00,-6.413087337490146922e+00,5.293536040244298801e-01
1.686282596674708145e+00,-6.415131505710914617e+00,7.125442179197959414e-01
1.687957564763809204e+00,-6.416431364937080772e+00,8.987742654890135130e-01
1.689608614232785078e+00,-6.417149391790712976e+00,1.075224583650301380e+00
1.690957371097216999e+00,-6.417118221664887656e+00,1.251007796578821551e+00
1.692893571721936885e+00,-6.416766560516814266e+00,1.453179329856447932e+00
1.694641727403125797e+00,-6.416393874637546624e+00,1.630454944991883259e+00
1.696347298171341889e+00,-6.414835007352684748e+00,1.869128866103896724e+00
1.697191553947306586e+00,-6.413276350046781538e+00,2.050244823132785665e+00
1.697416117896654919e+00,-6.411510859035010945e+00,2.225769790151447491e+00
1.697601390233484109e+00,-6.409696506032330099e+00,2.422117526435030754e+00
1.697479430558367364e+00,-6.407614724699781661e+00,2.630810372979455636e+00
1.696874627525651436e+00,-6.405861178733283090e+00,2.813068227132167642e+00
1.695845356801414239e+00,-6.403943157477256953e+00,3.021548484003823809e+00
1.694419899296953247e+00,-6.402358881688102521e+00,-3.079730739188291988e+00
1.692723156538972207e+00,-6.400417904178075545e+00,-2.870882935780309619e+00
1.683813138051484248e+00,-6.402189831217407701e+00,-2.717925203631129438e+00
1.588572652962888521e+00,-6.446736047668779612e+00,-2.717915166084518219e+00
1.491065134218008570e+00,-6.492091769593522521e+00,-2.717520850225799478e+00
1.478667892199470035e+00,-6.496921576398146492e+00,-2.543335755782182517e+00
1.476866821682108588e+00,-6.496172685333517549e+00,-2.346723792003802878e+00
1.474595431432837334e+00,-6.495961902176256686e+00,-2.137086685882009895e+00
1.472524548506568332e+00,-6.496014500510878698e+00,-1.958759020647058202e+00
1.470012597130878396e+00,-6.496839990760657102e+00,-1.745699434485232793e+00
1.467558390463813645e+00,-6.499460339240674678e+00,-1.571022480034276469e+00
1.471832474568091520e+00,-6.582769078674741259e+00,-1.422635191295809953e+00
1.482937119481589017e+00,-6.633636632343750783e+00,-1.240089127880351416e+00
1.489376608246711697e+00,-6.650555363319130997e+00,-1.309913485698800395e+00
1.502378419605344240e+00,-6.687124559243338595e+00,-1.163484521281464401e+00
1.542502014853679215e+00,-6.783170951809708527e+00,-1.163600326882902936e+00
1.582352616054330197e+00,-6.878726624017306612e+00,-1.163123671099282497e+00
1.623996763358431128e+00,-6.975807699311843635e+00,-1.161128121585319750e+00
1.633176647039602081e+00,-6.994423064078702623e+00,-1.349567985374539258e+00
1.634525161752534483e+00,-6.994460530631357642e+00,-1.525293623319933012e+00
1.636288153295008652e+00,-6.994418037689626111e+00,-1.759109002780446351e+00
1.638388877384465703e+00,-6.994698649989274486e+00,-1.951562271001876292e+00
1.641225125038872301e+00,-6.995616561220856511e+00,-2.143618852942523301e+00
1.643019184013866374e+00,-6.996731846191993398e+00,-2.339925044393482700e+00
1.645426094541124984e+00,-6.997777023001718000e+00,-2.523932384440723098e+00
1.647569926599420809e+00,-6.999357734836403111e+00,-2.751803402121794306e+00
1.649573709755489226e+00,-7.001841976885082808e+00,-3.022788373869781164e+00
1.650546107870786816e+00,-7.004428042564340373e+00,3.010662394929133345e+00
1.651317821036510924e+00,-7.006888808979648608e+00,2.822532299709580084e+00
1.652101404146906205e+00,-7.008919896125732407e+00,2.615906134806005312e+00
1.652206022664263863e+00,-7.010928810801638100e+00,2.429468424788988390e+00
1.652303625059550196e+00,-7.014192345412853413e+00,2.160913632611278334e+00
1.651446476837251431e+00,-7.016050193123274603e+00,1.973170218012433308e+00
1.649972665313322207e+00,-7.018165756164800761e+00,1.759726576280069121e+00
1.648307374610524789e+00,-7.019708337518277830e+00,1.572368453200109206e+00
1.646402752992477403e+00,-7.020735053379916657e+00,1.397684480915697192e+00
1.644018414094992053e+00,-7.021369169400877297e+00,1.210633322102627973e+00
1.641301943673844965e+00,-7.021102323801422074e+00,9.954848815870401824e-01
1.638527841917638561e+00,-7.020366134101150735e+00,8.091772638435844600e-01
1.636366943007288244e+00,-7.019215429268523820e+00,6.340460009306659872e-01
1.633653929014346140e+00,-7.018172037082840653e+00,4.531959867046591039e-01
1.631173173849333358e+00,-7.016537312313291253e+00,2.517026411669575636e-01
1.629049904098414769e+00,-7.013988954571985346e+00,7.697072800953020169e-03
1.627160502093718542e+00,-7.011533623831170736e+00,-2.388458375416424861e-01
1.625795047382949221e+00,-7.009717110610195867e+00,-4.194572298689662193e-01
1.624746249939150733e+00,-7.007048906740436678e+00,-6.444810635568948287e-01
1.624173023498201696e+00,-7.004765834560953586e+00,-8.677587232124820416e-01
1.624115395504544201e+00,-7.002546224849932166e+00,-1.110081603099521086e+00
1.625007890616438466e+00,-7.000744205250939878e+00,-1.316903010236695426e+00
1.626160125626408215e+00,-6.999459713912902004e+00,-1.521556891141301548e+00
1.627907220638951769e+00,-6.998514401398081120e+00,-1.728849598333240367e+00
1.629345794876126519e+00,-6.998418897370920710e+00,-1.914902807623057646e+00
1.631037162397282581e+00,-7.000999450474838959e+00,-1.886789202668173626e+00
1.629509333892273482e+00,-7.002868973453481694e+00,-1.706719907307270079e+00
1.628146458656844819e+00,-7.005392725466998982e+00,-1.515916383851547922e+00
1.626910788709591715e+00,-7.007246165438165697e+00,-1.332306103488597460e+00
1.626097852934702104e+00,-7.009715533656890152e+00,-1.155326061338327381e+00
1.673937339848286410e+00,-7.099146071048762607e+00,-1.018084514509958849e+00
1.732478824983546328e+00,-7.182614616839481769e+00,-8.975783335790524786e-01
1.800281334027232338e+00,-7.261416722935118528e+00,-8.469314391566562517e-01
1.868996325206342179e+00,-7.340870155906152661e+00,-8.457913951408290165e-01
1.902227617794978398e+00,-7.378158719282012612e+00,-1.010787584067073919e+00
1.902692515053597377e+00,-7.377871477261424893e+00,-1.201139487876571765e+00
1.903489697515963197e+00,-7.377174946767075525e+00,-1.380153534152893435e+00
1.905197992351628455e+00,-7.377066552368323649e+00,-1.563069579780625107e+00
1.907011273829015696e+00,-7.376910879480267802e+00,-1.763658875800140580e+00
1.909008582690022049e+00,-7.377391674912995967e+00,-1.944185384162241403e+00
1.911208255039599679e+00,-7.378473665800242109e+00,-2.135595243209138516e+00
1.913039112059682800e+00,-7.380172942000291947e+00,-2.311377384566767113e+00
1.914820921937064435e+00,-7.381769033853455397e+00,-2.494658637374814525e+00
1.916684181905894624e+00,-7.383716409031128691e+00,-2.682318003018299368e+00
1.918245410009722818e+00,-7.386301801298166936e+00,-2.862002305623761789e+00
1.919628533938799952e+00,-7.389065300073185405e+00,-3.057568269907279035e+00
1.920427354828473154e+00,-7.391845917436131508e+00,3.050908613374587297e+00
1.921292020255917610e+00,-7.394492632557557954e+00,2.871695576292210728e+00
1.922152879203469000e+00,-7.396968429973292736e+00,2.696432932274742900e+00
1.922835613128439869e+00,-7.399163908618170638e+00,2.521323047475313661e+00
1.923229028350883940e+00,-7.401307130574213744e+00,2.344933415236319263e+00
1.923002927378042903e+00,-7.403920608410178517e+00,2.144562431058920637e+00
1.922377826173285786e+00,-7.405702816765825425e+00,1.943351029845962863e+00
1.921601415458469742e+00,-7.407378747373408956e+00,1.741389682555419594e+00
1.920306066043058424e+00,-7.408635877678679371e+00,1.564372695878395225e+00
1.918893199540872674e+00,-7.409745278672442481e+00,1.366138402872817403e+00
1.917057969926161842e+00,-7.410423020805113836e+00,1.175177342857465224e+00
1.915415943665923715e+00,-7.410582131684526175e+00,9.946595282730150700e-01
1.913883183147341294e+00,-7.410330244914209885e+00,8.184832265139533325e-01
1.911963739782701177e+00,-7.409796700042692308e+00,6.176956652578566853e-01
1.910011189422776035e+00,-7.408538124751080645e+00,4.201518008999258202e-01
1.908544239175527180e+00,-7.407175677039123940e+00,2.427967436094167764e-01
1.907436845777801260e+00,-7.405412796700121980e+00,6.809115124425847709e-02
1.906334034886169482e+00,-7.403689427131427969e+00,-1.069525413501014321e-01
1.905540401428587050e+00,-7.402241975407471308e+00,-2.860077454652920070e-01
1.904867925141050966e+00,-7.400756504706526684e+00,-4.647263135715125060e-01
1.929624218510182176e+00,-7.415085693322803984e+00,-5.270913116034084966e-01
1.953407302179541727e+00,-7.427898650093846200e+00,-5.627238268727876580e-01
1.967135511559154004e+00,-7.436908845573125149e+00,-7.279462096786154524e-01
2.043492595243879606e+00,-7.504530863966091481e+00,-7.324929743967866225e-01
2.118149332401704221e+00,-7.569438779074133095e+00,-7.278813132278998399e-01
2.156384529492640034e+00,-7.600263970219393705e+00,-8.981585416990363058e-01
2.156090283729936719e+00,-7.599055909241294593e+00,-1.092679471945982250e+00
2.156542081362842644e+00,-7.597805541157758746e+00,-1.294599244410790995e+00
2.157587480201405228e+00,-7.596601577661922455e+00,-1.504211134299276775e+00
2.158502788773556169e+00,-7.595968292800716171e+00,-1.679587459116261838e+00
2.160213939754207058e+00,-7.595260879984586211e+00,-1.898353149484055535e+00
2.162033595955038745e+00,-7.595154314730974576e+00,-2.113383572257926613e+00
2.163766535587136275e+00,-7.595847158102809082e+00,-2.310666119792308404e+00
2.165847469559757155e+00,-7.596736152617214799e+00,-2.495224003597986240e+00
2.167270312745376959e+00,-7.598145733582640560e+00,-2.701701599890862671e+00
2.168973187133684366e+00,-7.600352039033141160e+00,-2.926949957115351886e+00
2.169921316277179102e+00,-7.602618562472287955e+00,-3.124821892685606617e+00
2.170717033429592213e+00,-7.604809756531703435e+00,2.961154886509557826e+00
2.171001028106537500e+00,-7.607333077423764855e+00,2.733210329730669574e+00
2.171547499464536735e+00,-7.609777077616301177e+00,2.520917220899674849e+00
2.171412861190837873e+00,-7.612335848182873121e+00,2.294642935843401510e+00
2.170754467544841582e+00,-7.614583847179035914e+00,2.097751290490168063e+00
2.169115812005711241e+00,-7.617004611322184537e+00,1.872667051036271291e+00
2.166990040755251812e+00,-7.618693412004756915e+00,1.659879652901028013e+00
2.165221080269276399e+00,-7.619810666486727335e+00,1.463170436154860310e+00
2.162758086818596936e+00,-7.620776716717435839e+00,1.265890059494015230e+00
2.159587923791833397e+00,-7.621474961646085511e+00,1.077473554519013499e+00
2.159656079124775641e+00,-7.622114319091381596e+00,1.235976769358350769e+00
2.160580025506415147e+00,-7.621643070896233496e+00,1.363982145799056411e+00
2.158545864235482448e+00,-7.622272131884678004e+00,1.172838249916471565e+00
2.156070432123153413e+00,-7.622353183234971574e+00,9.681181155156928231e-01
2.153448493828969745e+00,-7.622087579632041532e+00,7.821523219003011507e-01
2.150974711412403373e+00,-7.621469282792114441e+00,5.716647084263634104e-01
2.148721353777174770e+00,-7.620652539143481619e+00,3.730510057733196772e-01
2.146559449888446380e+00,-7.619322727555352337e+00,1.865667230442547841e-01
2.144901339420953956e+00,-7.618233050025879471e+00,6.466648231559690013e-03
2.143516776958755976e+00,-7.616663680102885081e+00,-1.811419899104262377e-01
2.142356335790981170e+00,-7.615274878679533899e+00,-3.645543248237921863e-01
2.170240317563791432e+00,-7.627174080995369643e+00,-4.924632597212541540e-01
2.195537657530980180e+00,-7.638162815861051946e+00,-3.515382367112101503e-01
2.196423002325307294e+00,-7.635640140151461530e+00,-5.331328966297776972e-01
2.196940823742607130e+00,-7.633614917948650103e+00,-7.174211903955773906e-01
2.197140153846453448e+00,-7.631587625482171511e+00,-8.912694759887538343e-01
2.198950977970239862e+00,-7.632008194818059366e+00,-8.354449893639532831e-01
2.200951585830591029e+00,-7.633170395777264972e+00,-6.546340759933040321e-01
2.202972699831295511e+00,-7.631855913145749959e+00,-7.785718441487232688e-01
2.203641521781912083e+00,-7.629809905327717523e+00,-9.661189013724166275e-01
2.204198396782269587e+00,-7.627658495746103995e+00,-1.144914971590838437e+00
2.244477156091984948e+00,-7.717931777237643232e+00,-1.170277363385819225e+00
2.255456863684787816e+00,-7.733874540058342184e+00,-1.341577131945291601e+00
2.256804410576873643e+00,-7.732650334428613270e+00,-1.532346829447981396e+00
2.258151756512364550e+00,-7.731363256711618170e+00,-1.724468302594801328e+00
2.260732712093739494e+00,-7.730810089033918864e+00,-1.931571764706064620e+00
2.262618368467915086e+00,-7.730850203220879457e+00,-2.114635205762887438e+00
2.264991572225513838e+00,-7.731625411597163655e+00,-2.306394697287502016e+00
2.266906574057446555e+00,-7.733139020978393674e+00,-2.530362309151725775e+00
2.269272291651035722e+00,-7.734647026039751516e+00,-2.747462017465934103e+00
2.271566115139244779e+00,-7.736366689220180781e+00,-2.975142601833035805e+00
2.273231865154635045e+00,-7.738043217072677393e+00,3.094422181056412757e+00
2.274392768547419230e+00,-7.740168901842494620e+00,2.867870383335577866e+00
2.275553707613964693e+00,-7.742064396784138935e+00,2.653176945601682490e+00
2.205153211792597379e+00,-7.694525060677305461e+00,2.484058206536390756e+00
2.177943590860064393e+00,-7.666904545084944900e+00,2.303322687190979323e+00
2.115098785810450188e+00,-7.587731801757866990e+00,2.247828542813882002e+00
2.046608873286192676e+00,-7.512321270540156526e+00,2.332103843099055052e+00
1.978155484746497939e+00,-7.439903084667389699e+00,2.330202863779611722e+00
1.909124004450592382e+00,-7.366887427365274021e+00,2.328603564903881207e+00
1.839916511625094842e+00,-7.293806831702014826e+00,2.329603105966038701e+00
1.766112307678172400e+00,-7.216672558617631239e+00,2.334057406216836661e+00
1.695375889545120973e+00,-7.142005889755132841e+00,2.333637996035192952e+00
1.629280244448470194e+00,-7.063092484134743110e+00,2.218104315069324706e+00
1.598995586636172472e+00,-7.010220310512331743e+00,2.038752065860406137e+00
1.576336423318192015e+00,-6.943572939774563579e+00,1.863676111723244100e+00
1.549859838411071999e+00,-6.846445667920665556e+00,1.848959816242831344e+00
1.524830374836026126e+00,-6.745718823787115959e+00,1.783523056200164048e+00
1.519665767272440071e+00,-6.690475644792720722e+00,1.601890127165396027e+00
1.526252479205578716e+00,-6.616104326384665946e+00,1.422595780805253840e+00
1.540134950663550439e+00,-6.564816972323672672e+00,1.241197397362314936e+00
1.571342609634959864e+00,-6.501561370332747281e+00,1.070459772928436193e+00
1.613523209572450323e+00,-6.425910265434326085e+00,9.071586860558913390e-01
1.610493477681482544e+00,-6.424806466187217957e+00,7.465564556500627891e-01
1.608553054958112849e+00,-6.423133147141403043e+00,5.624331423469464131e-01
1.606534659619215155e+00,-6.421438566626155975e+00,3.833263310092823728e-01
1.605531434474175345e+00,-6.420734148235684557e+00,3.625026860754491098e-01
1.606969464952507698e+00,-6.421639141498358683e+00,5.644034230852338352e-01
1.608592670044362238e+00,-6.422864694924965256e+00,7.639074159262103647e-01
1.610508743194856374e+00,-6.423040871684286834e+00,9.496487497683537837e-01
1.612686890864477363e+00,-6.423121233379746720e+00,1.132203475791087266e+00
1.625146150452058569e+00,-6.396923332104490711e+00,1.237034440382804634e+00
1.634621726017084553e+00,-6.376483548643887111e+00,1.047212393498308636e+00
1.635791057196442022e+00,-6.376251490776275510e+00,1.034316919871584695e+00
