x,y,theta
2.960527700280313756e-01,-1.259300342079388901e+00,-8.503770634087947089e-01
3.084287078755509337e-01,-1.323908192317287735e+00,-8.101163634188291995e-01
3.084678652507015229e-01,-1.318896602918335548e+00,-5.983992858593154551e-01
3.083720371288129480e-01,-1.316037208750804544e+00,-3.950959843302768726e-01
3.083743055872265049e-01,-1.312449840414013247e+00,-1.620461594104510294e-01
3.082898402720371522e-01,-1.309928861885278684e+00,1.827907677005781439e-02
3.090333555543445243e-01,-1.306964252700650642e+00,2.836373682999324131e-01
3.097863966664710644e-01,-1.305164744258866305e+00,4.930921866079877036e-01
3.108275021639282376e-01,-1.302309152824614902e+00,6.799998010790613279e-01
3.269721562144390914e-01,-1.315644716355986121e+00,7.508450355020205302e-01
3.241186113627168019e-01,-1.310623843183551518e+00,5.770249840618599801e-01
3.223539745366533205e-01,-1.308229926112275177e+00,5.460901985786541513e-01
3.311512085948348783e-01,-1.316910742502339193e+00,7.256408406879758521e-01
3.387609612902207079e-01,-1.323373153209118414e+00,8.999543141159058735e-01
3.407503004196155705e-01,-1.322517394602798602e+00,1.078075920964154388e+00
3.430437232127892533e-01,-1.321469173843395462e+00,1.255212391776390213e+00
3.456914179457821756e-01,-1.319794118640390534e+00,1.454563092406392144e+00
3.482800382418669294e-01,-1.318153242158285776e+00,1.632333982048138399e+00
3.513659059282521757e-01,-1.316580022568337727e+00,1.830905765161085608e+00
3.527522135165099271e-01,-1.314013352721644878e+00,2.033046846243694361e+00
3.541152432458225530e-01,-1.311282234666618640e+00,2.235296586019625220e+00
3.547865703957561734e-01,-1.308903841649946553e+00,2.416205533188108934e+00
3.550450403019407286e-01,-1.306104329350338267e+00,2.618592987058269372e+00
3.550764004387008121e-01,-1.303007598725832716e+00,2.818375984523699529e+00
3.548519791435808535e-01,-1.300551253724062217e+00,3.008978211946510495e+00
3.543403974351545527e-01,-1.298297232466675055e+00,-3.097578498896944144e+00
3.545168459841731012e-01,-1.294718098718830701e+00,-2.922565224863327149e+00
3.538745527535650526e-01,-1.292006675898059287e+00,-2.739973191087982318e+00
3.528276996515556929e-01,-1.290168511014039288e+00,-2.540039643107576683e+00
3.517634857993002240e-01,-1.288297113581759801e+00,-2.363292748128084320e+00
3.506103099820426783e-01,-1.285856044845429036e+00,-2.187774347703511424e+00
3.494834459797916404e-01,-1.284532520859444915e+00,-2.010187579474113306e+00
3.476312577490153766e-01,-1.283160537523796219e+00,-1.808199152789129238e+00
3.466814214647473968e-01,-1.283389108128394795e+00,-1.606912164133205811e+00
3.454331130733190869e-01,-1.283104251913575133e+00,-1.405651252853610256e+00
3.636306337048577642e-01,-1.279108715353737047e+00,-1.147618476689177713e+00
3.824488230211124384e-01,-1.275360099797187674e+00,-8.868587359186724806e-01
4.200289434748498696e-01,-1.336237888035933796e+00,-8.783066801374074251e-01
4.923526029438296536e-01,-1.426619412613851834e+00,-8.720319514664989224e-01
5.622239279043157456e-01,-1.519445863206754677e+00,-8.730743346968047325e-01
6.314944570506735300e-01,-1.607942844577577635e+00,-8.714085410335871140e-01
6.964584056900809950e-01,-1.692606882605038887e+00,-8.655774003018733564e-01
7.025335893414975663e-01,-1.721157828425841751e+00,-6.956935297765476367e-01
7.125211692393679241e-01,-1.706198356935007876e+00,-7.283028519156429237e-01
7.096856817556048691e-01,-1.703475039269087388e+00,-9.050100754847187901e-01
7.077445106157780330e-01,-1.700695810937421060e+00,-1.081480177925941977e+00
7.071792137680054102e-01,-1.697925225301327057e+00,-1.258709186638185873e+00
7.078186584676273707e-01,-1.696724504302174363e+00,-1.431768118888476771e+00
7.087516349996179077e-01,-1.695806064418446946e+00,-1.611596036064422144e+00
7.091394765425506064e-01,-1.694650537836616122e+00,-1.777713741166552230e+00
7.063633360453359655e-01,-1.689186871131808543e+00,-2.007716085323928201e+00
7.036561986770542010e-01,-1.684301291273343271e+00,-2.239338380571243459e+00
6.884796599971105824e-01,-1.764043459909927503e+00,-2.288139278889991690e+00
6.041291912747303039e-01,-1.855543018577518133e+00,-2.285655910076908715e+00
5.273102597331590369e-01,-1.939727693047468504e+00,-2.287634830524126084e+00
5.010404773771300890e-01,-1.961723721110655516e+00,-2.125234284057240686e+00
4.975428736879441982e-01,-1.962020096001696912e+00,-1.944249343879508984e+00
4.949718597854375068e-01,-1.963162552230033109e+00,-1.773578348561117179e+00
4.932994708567206010e-01,-1.965343778597031132e+00,-1.587964660815745388e+00
4.926265890833688710e-01,-1.967851461082604336e+00,-1.408410790682647074e+00
4.924468930307586700e-01,-1.970081246458946556e+00,-1.347387233301470699e+00
4.934127979044445333e-01,-1.969614931237970490e+00,-1.522909165469302772e+00
4.954925122344410182e-01,-1.970150042001073798e+00,-1.695542801258653309e+00
4.966432801418244058e-01,-1.970151369543167608e+00,-1.875644369041264969e+00
4.900756764060816284e-01,-1.965404169241038890e+00,-2.102068296145522819e+00
4.907131986684249991e-01,-1.964975843590034632e+00,-2.297786474977669524e+00
4.309152970147916983e-01,-2.044011180476192013e+00,-2.311427850735372047e+00
3.962476370426861183e-01,-2.031018157879838970e+00,-2.266911183176662625e+00
4.104575509818216839e-01,-2.040638841155689942e+00,-2.005324697262577338e+00
4.092994120084687548e-01,-2.040466135890899313e+00,-1.812963665422652637e+00
4.222207677401476067e-01,-2.035011867525161389e+00,-1.520005977798252861e+00
4.183918265207177134e-01,-2.034306918755712346e+00,-1.365941467988806224e+00
4.145441890796503492e-01,-2.033926091944183945e+00,-1.205975875536192454e+00
4.106945309613067585e-01,-2.033845659235527847e+00,-1.042865561896710869e+00
4.084239225207987323e-01,-2.033935059782358223e+00,-8.913736609634712593e-01
4.095114465058328213e-01,-2.033847149227908435e+00,-7.023322067463626528e-01
4.116505434622768078e-01,-2.033529303320217529e+00,-5.121017241452614499e-01
4.134367476895978721e-01,-2.033258070761307490e+00,-3.315204930750448864e-01
4.156104400761854167e-01,-2.032950413856060123e+00,-1.415184723457245664e-01
4.204462006181584055e-01,-2.049104005829668118e+00,-5.565531099699402677e-04
4.245383152208837552e-01,-2.062774214909279813e+00,1.530205974406667890e-01
4.219519135613208904e-01,-2.030854543617027108e+00,3.995586206197062062e-01
4.264270326645265841e-01,-2.035570720749754869e+00,5.679211111083124486e-01
4.313934778270351322e-01,-2.041898822846866413e+00,7.461844018636644149e-01
4.366463092626781672e-01,-2.047980298177257463e+00,9.225738629681452529e-01
4.419574854615513360e-01,-2.053053171989120518e+00,1.101217132471696392e+00
4.493564011840277539e-01,-2.055469098865477129e+00,1.262542990811350574e+00
4.571856093399130905e-01,-2.057187697784574443e+00,1.434412717245515223e+00
4.270353310695218507e-01,-2.052562634153263232e+00,1.709618019571087943e+00
4.309973901225514492e-01,-2.049945743745502647e+00,1.880058365600641546e+00
4.350294616021334604e-01,-2.047067985943255675e+00,2.053137262719571865e+00
4.371507039746304613e-01,-2.044793739238365937e+00,2.226615171760244927e+00
4.392139416619534331e-01,-2.042037601165447303e+00,2.396886807024259713e+00
4.406427121879749609e-01,-2.039549741607821876e+00,2.575934075632302367e+00
3.632576377238704857e-01,-1.990027741710901354e+00,2.628696965461110757e+00
2.995576164497235627e-01,-1.921560297722519239e+00,2.692780469102981744e+00
2.936214047307993957e-01,-1.944076943779035505e+00,2.598224772290826490e+00
2.938393929939269733e-01,-1.945192519884589188e+00,2.412639344440992151e+00
2.098763260628257465e-01,-1.886962713191337127e+00,2.377411737056966512e+00
1.424580023396304906e-01,-1.819555758048376548e+00,2.374197296247309019e+00
6.272001680729492878e-02,-1.748001376158629272e+00,2.382835234928710744e+00
-1.788486886214173816e-02,-1.676178190332003215e+00,2.391691257804477111e+00
-9.885088262703110862e-02,-1.605855252170192315e+00,2.396965643141752977e+00
-1.058396688374665523e-01,-1.600698965540016117e+00,2.577153258980831474e+00
-1.084503424660041987e-01,-1.601076591653366021e+00,2.395878953146604928e+00
-1.112352937798828240e-01,-1.602065175600411173e+00,2.213577023762148599e+00
-1.142836984290728636e-01,-1.603402143232985910e+00,2.028954724552662903e+00
-1.179618174020136134e-01,-1.604275772899272479e+00,1.840732096505413695e+00
-1.221537560973566944e-01,-1.605256395274811565e+00,1.660727564509478782e+00
-1.271767407581452236e-01,-1.605739641993080280e+00,1.475245447925930264e+00
-1.319448982391984715e-01,-1.606205750127793763e+00,1.290154940453289045e+00
-1.370094567689195408e-01,-1.606265055284489041e+00,1.103513455632960660e+00
-1.421919300496307381e-01,-1.605783131655869722e+00,9.228407812768137930e-01
-1.475373847409940375e-01,-1.604481431815528936e+00,7.365789856465438934e-01
-1.530326744439090836e-01,-1.602764302770621763e+00,5.526245665863196432e-01
-1.583010891319845403e-01,-1.600691783491190456e+00,3.681814760916429785e-01
-1.634606513341000100e-01,-1.598306106559416406e+00,1.862215154927461258e-01
-1.676728517235697991e-01,-1.589641888488843247e+00,3.371171280198442116e-02
-1.718115110604870044e-01,-1.580732918288684452e+00,-1.277699074638090904e-01
-1.835020746718615259e-01,-1.589431038570331189e+00,-3.637779494175631956e-01
-1.792559359877985425e-01,-1.579604534597158993e+00,-5.265697499025444595e-01
-1.747287995575917408e-01,-1.570082004625204863e+00,-6.828955237643635767e-01
-1.794536767738415806e-01,-1.570421550010097977e+00,-8.801334999297084627e-01
-1.770410292848500489e-01,-1.561922320531619279e+00,-1.042778194555145088e+00
-1.807941970909893725e-01,-1.560201379017529977e+00,-1.232184627186439396e+00
-1.768678422812127449e-01,-1.541658106469491640e+00,-1.385495586818455749e+00
-1.725757301955314904e-01,-1.524071455659005370e+00,-1.534084050659105136e+00
-1.814627778132309743e-01,-1.503310410695554822e+00,-1.754234382792712932e+00
-1.783351630656886122e-01,-1.483964405855075608e+00,-1.911952060425538003e+00
-1.746779461544236411e-01,-1.464115756855596029e+00,-2.077578607040969416e+00
-1.498496972702055563e-01,-1.534604967161411260e+00,-2.228989676317354451e+00
-2.005937481526063881e-01,-1.590746118681536148e+00,-2.233138967404915132e+00
-2.634098319081814021e-01,-1.679017088859173557e+00,-2.224746407694713213e+00
-3.197188595589139926e-01,-1.761017444020591016e+00,-2.233307501283137153e+00
-3.793931024848312128e-01,-1.845844665378333360e+00,-2.228424310442379319e+00
-4.036421190455611874e-01,-1.923478760880474425e+00,-2.345713415974486793e+00
-4.087514234290664517e-01,-1.918864461615034767e+00,-2.554184562819858950e+00
-4.138952249132608618e-01,-1.914816223978913046e+00,-2.758418933800548256e+00
-4.122909885771251504e-01,-1.919038895369093334e+00,-2.944535863631932759e+00
-4.109459575306179113e-01,-1.922964941035495867e+00,-3.126768339150276965e+00
-4.095315377506835719e-01,-1.927556289194893635e+00,2.968832804633462885e+00
-4.080112746288914183e-01,-1.932000741389512166e+00,2.771281635774803576e+00
-4.067166737370309648e-01,-1.935989286461244241e+00,2.584775097855993131e+00
-4.062522470963420007e-01,-1.940168724136396294e+00,2.403174096106281077e+00
-4.056876922865300106e-01,-1.944367988773684441e+00,2.217451437132865966e+00
-4.058253050503098924e-01,-1.948583858948717662e+00,2.019413789266274240e+00
-4.065830275485448619e-01,-1.952298170590846205e+00,1.829344332951775787e+00
-4.077724983469600550e-01,-1.955749132256582534e+00,1.649150619751407199e+00
-4.093538831799646283e-01,-1.958485927219547840e+00,1.465481356441203697e+00
-4.115313636574616796e-01,-1.961468584497380929e+00,1.250249155785778887e+00
-4.158854543756206334e-01,-1.959124673997903798e+00,1.076435226534794065e+00
-4.207166317056752480e-01,-1.956127944422726195e+00,8.872048120795974491e-01
-4.253020545286848031e-01,-1.953042789919721578e+00,7.125206782793098714e-01
-4.295971801683005631e-01,-1.949434093809055746e+00,5.414618890682479924e-01
-4.294013048533266708e-01,-1.946666259423724288e+00,3.549345296690812890e-01
-4.285016990349172494e-01,-1.944084286158141772e+00,1.441323684513011461e-01
-4.275913215970484349e-01,-1.941576763623594104e+00,-3.166088736954496968e-02
-4.266337722266028698e-01,-1.939131694104799575e+00,-2.134679146043470255e-01
-4.255612015030413309e-01,-1.936685281231037781e+00,-3.932991590848649577e-01
-4.244391495839628381e-01,-1.934121488615540230e+00,-5.788014006591947203e-01
-4.232951656856488443e-01,-1.931926353380271077e+00,-7.553668428998955298e-01
-4.217297529816383395e-01,-1.929296145367643600e+00,-9.341411504715707581e-01
-4.201084127373113097e-01,-1.926797072849885328e+00,-1.115617210834799700e+00
-4.177186774264029512e-01,-1.924441865807116736e+00,-1.299933400344984946e+00
-4.143523904489567755e-01,-1.921914028182585055e+00,-1.495972770116514639e+00
-4.105950626166856021e-01,-1.920396805702144549e+00,-1.682861194359575485e+00
-4.067311781769079593e-01,-1.918803804968249427e+00,-1.862761865747458501e+00
-4.159979325570146713e-01,-1.907470562061317931e+00,-2.074360229517490328e+00
-4.248368677307320374e-01,-1.896549856443892512e+00,-2.290111397700904661e+00
-4.196098089292249478e-01,-1.901240226156515112e+00,-2.469035784675277956e+00
-4.816133186918382103e-01,-1.970218538987669188e+00,-2.491403915735936003e+00
-5.577517879785621746e-01,-2.029581300424572632e+00,-2.492315143787682707e+00
-6.380149988174821374e-01,-2.089346138404303943e+00,-2.495278570990649314e+00
-7.195880759175523611e-01,-2.149759401497564060e+00,-2.500182679695747812e+00
-7.404074932547644039e-01,-2.147437757258898738e+00,-2.340740314002344391e+00
-7.203799517413942421e-01,-2.163536017781394705e+00,-2.133880431281783174e+00
-7.245837941414710048e-01,-2.164006980099224542e+00,-1.953245554534740469e+00
-7.284612589886837464e-01,-2.164827999385503077e+00,-1.776190382899333953e+00
-7.322586820865978341e-01,-2.167946156243564015e+00,-1.600852133893727380e+00
-7.354605962839412259e-01,-2.177104013692170437e+00,-1.422520081632221656e+00
-7.349091385833317336e-01,-2.197206753435529958e+00,-1.251020993881748478e+00
-7.035245979071109712e-01,-2.276493385261925351e+00,-1.135109249285952693e+00
-6.858557334568161634e-01,-2.347558426170528900e+00,-1.308356598343327404e+00
-6.790040702159070296e-01,-2.427296874721410092e+00,-1.482944190594039036e+00
-6.838358086096976152e-01,-2.493800003091068085e+00,-1.657861704717622287e+00
-6.937407991001028895e-01,-2.532288393634705148e+00,-1.829857186034779648e+00
-7.095378650743622284e-01,-2.568376928732704290e+00,-2.008057627650092769e+00
-7.314443335915281619e-01,-2.602922216292853363e+00,-2.183071189146618796e+00
-7.587371447405755198e-01,-2.633849741675687639e+00,-2.356064701999988298e+00
-8.017925166018746719e-01,-2.667340192130783549e+00,-2.527961739587933465e+00
-8.904424953240600571e-01,-2.723212851230452536e+00,-2.568508310535051908e+00
-9.485504361321031030e-01,-2.753548769652280903e+00,-2.740387361706426272e+00
-9.680346074959648162e-01,-2.760553765635260781e+00,-2.913539173583120423e+00
-9.871628583533615942e-01,-2.764148280210243058e+00,-3.084119043754801837e+00
-1.003340136146013473e+00,-2.757801322475845751e+00,3.020014602823451799e+00
-1.023531342249860199e+00,-2.756937655357915684e+00,2.852279009665007692e+00
-1.023775051524565383e+00,-2.743335074483996827e+00,2.891559361613920132e+00
-1.036202900165470675e+00,-2.769012530980323294e+00,2.758281168962424257e+00
-1.025016708684113320e+00,-2.747535777260226020e+00,2.527708543303130995e+00
-1.114575805124520924e+00,-2.694027238168911431e+00,2.519818828531678268e+00
-1.204598264375850825e+00,-2.615881585271714993e+00,2.505511736780764664e+00
-1.275656582152021823e+00,-2.606744458881957272e+00,2.364774538587393948e+00
-1.263381531492400844e+00,-2.573701282521100531e+00,2.469046114980645079e+00
-1.261321080505344083e+00,-2.566833695960076600e+00,2.647613643284131957e+00
-1.259474266198762127e+00,-2.559858038205607755e+00,2.832400925274091374e+00
-1.260086506463730105e+00,-2.563701286642670940e+00,3.024710000343557414e+00
-1.260661129127915725e+00,-2.563533618539502346e+00,-3.073566285308164225e+00
-1.263027226710483841e+00,-2.567949175036309040e+00,-2.880896254964201209e+00
-1.267081210550459414e+00,-2.567888800748236999e+00,-2.703522665579836559e+00
-1.271267582365301685e+00,-2.567609543651582449e+00,-2.514929981021580385e+00
-1.355913418506469847e+00,-2.631464104069016319e+00,-2.477158321835831067e+00
-1.395853873163191761e+00,-2.663737461386870731e+00,-2.631605399820894586e+00
-1.396495128614952952e+00,-2.666049684573681411e+00,-2.817301451463477768e+00
-1.396549741312966608e+00,-2.668186807129715454e+00,-3.007270366497167835e+00
-1.397052213744941263e+00,-2.670390882796354948e+00,3.098064211317931083e+00
-1.397762065062695180e+00,-2.672958411896977360e+00,2.924388378300207147e+00
-1.398432046274802998e+00,-2.675590854047695810e+00,2.747665577888304789e+00
-1.399244862840289372e+00,-2.677787041074966901e+00,2.572816402114748158e+00
-1.391381176039399037e+00,-2.672460174736204674e+00,2.368087391222663651e+00
-1.393981840488355051e+00,-2.677720442019938307e+00,2.190634216382958410e+00
-1.387894231130094136e+00,-2.674075301281089612e+00,2.000194068526406799e+00
-1.390504515257345863e+00,-2.676874373722745837e+00,1.820160783526584058e+00
-1.393580447381058685e+00,-2.679364323370192924e+00,1.640670882587644597e+00
-1.396695974659806216e+00,-2.681688631082490559e+00,1.466333329149215992e+00
-1.400067166240612337e+00,-2.683600918863182194e+00,1.292781695410170073e+00
-1.403841496888158513e+00,-2.685123748693433399e+00,1.117002722448876550e+00
-1.407672305653924427e+00,-2.686438115398555926e+00,9.369658215704779192e-01
-1.411269711738717403e+00,-2.687530012446360583e+00,7.618612622236095033e-01
-1.414804249269059122e+00,-2.688567694042835132e+00,5.859962738660375869e-01
-1.418402220620165188e+00,-2.688928031782249928e+00,4.113605496565945208e-01
-1.421344457432265562e+00,-2.689253569567268798e+00,2.315410331256262388e-01
-1.424281816793800726e+00,-2.688864389401664390e+00,5.413944253977031468e-02
-1.427010229408880448e+00,-2.688636367122603232e+00,-1.196522108372140986e-01
-1.429165976318336417e+00,-2.688983602612823098e+00,-2.976259022202991655e-01
-1.431071923655037770e+00,-2.688943708291156032e+00,-4.764838124633450911e-01
-1.433783428752152256e+00,-2.690461631138477472e+00,-6.613134202553905272e-01
-1.447167427199042899e+00,-2.718270603920467821e+00,-9.483113236357033626e-01
-1.386403160051814742e+00,-2.778338939419216391e+00,-9.534522907789455548e-01
-1.327358725310382015e+00,-2.864009891283390896e+00,-9.512895212102877585e-01
-1.266747338191154926e+00,-2.953249131750213419e+00,-9.492730348780389349e-01
-1.220053338861764258e+00,-3.024152534978935769e+00,-7.887555407749975434e-01
-1.219125466415197367e+00,-3.025965697291720158e+00,-9.869224123984344788e-01
-1.218042653855344160e+00,-3.026363005121334382e+00,-1.165092475777977921e+00
-1.216167978654739468e+00,-3.026088859407788600e+00,-1.362385214058809968e+00
-1.213890954545333578e+00,-3.025896784603998135e+00,-1.543542806537613332e+00
-1.211309051777698542e+00,-3.026466033134313172e+00,-1.740322641799225467e+00
-1.208226566291540349e+00,-3.027432347808609148e+00,-1.954150536567672791e+00
-1.204990795281362992e+00,-3.028418326900041979e+00,-2.129414851651278084e+00
-1.201002476144782394e+00,-3.032828344768494055e+00,-2.296157586992379152e+00
-1.198529644518574910e+00,-3.036093528273916320e+00,-2.498831961353679798e+00
-1.196277396583915076e+00,-3.038734495251404155e+00,-2.677884051894396045e+00
-1.193951039609147058e+00,-3.042583717338119165e+00,-2.880312547239056276e+00
-1.192061691948844926e+00,-3.046074460626539082e+00,-3.055449990128674909e+00
-1.190017352958817609e+00,-3.049601521418376038e+00,3.050022094572070852e+00
-1.188500594547839073e+00,-3.052939756140667704e+00,2.873205491385504740e+00
-1.186467256631907885e+00,-3.057584546903081346e+00,2.701201458265549249e+00
-1.185655597561303898e+00,-3.060321601910972245e+00,2.525506066536455929e+00
-1.184906279021312958e+00,-3.064369532436214794e+00,2.319968587365536905e+00
-1.184985485418320161e+00,-3.067762539720878756e+00,2.118147514709794788e+00
-1.185425385349659688e+00,-3.071105192117656646e+00,1.911221065164184774e+00
-1.186889244559249601e+00,-3.074542139880310554e+00,1.668595900581578029e+00
-1.188722634067357342e+00,-3.077193327963630765e+00,1.457133045882292199e+00
-1.191052169041688424e+00,-3.079618198515440941e+00,1.234453629299836264e+00
-1.193743090107538096e+00,-3.080835778287973170e+00,9.953391007738612295e-01
-1.196112155282597733e+00,-3.081689024151395451e+00,7.840101020545576782e-01
-1.198454900183330007e+00,-3.082252740339035402e+00,5.651683587312039680e-01
-1.200861121525891972e+00,-3.081941129737165053e+00,3.252356269422375656e-01
-1.202510914949891152e+00,-3.081016840768104004e+00,1.086557564458672381e-01
-1.203605028490273066e+00,-3.080224184849203795e+00,-1.304356314414110707e-01
-1.204585469831547462e+00,-3.079430629212351889e+00,-3.410003084002116713e-01
-1.205275944123026077e+00,-3.077986543587267754e+00,-5.685503658789783366e-01
-1.158406484513537782e+00,-3.120906385456341692e+00,-7.176217698373600351e-01
-1.078998844002883262e+00,-3.192948178006849602e+00,-7.132417379257360857e-01
-9.978922097968379035e-01,-3.266414188524380258e+00,-7.100658504741190757e-01
-9.683220665491197865e-01,-3.297526538378344974e+00,-5.266508826136092614e-01
-9.670534282425905515e-01,-3.302144804012528301e+00,-3.396591807618994929e-01
-9.650790689600603489e-01,-3.312329964717148911e+00,-1.525997637588940026e-01
-9.628097698657990255e-01,-3.321739832315933949e+00,1.861065243374399394e-02
-9.607116103886296221e-01,-3.331148484282393518e+00,1.887388101566519205e-01
-9.582483147220051123e-01,-3.340231057738498155e+00,3.597031235190508158e-01
-9.568511062398333822e-01,-3.345527896651719679e+00,5.388611429340687264e-01
-9.551762702764651225e-01,-3.350447003365378151e+00,7.166514703687743015e-01
-8.750817707927711631e-01,-3.282043438393834389e+00,7.317760778174426939e-01
-7.993938632816143253e-01,-3.210787892026310431e+00,7.210142704633677457e-01
-7.624117981969429358e-01,-3.139857306613502264e+00,6.966895011006566385e-01
-7.639663339203610626e-01,-3.136749044609634662e+00,4.997192026601730008e-01
-7.655836130729383182e-01,-3.133409476610213851e+00,3.052580184752882175e-01
-7.668737031637848922e-01,-3.130136042444312316e+00,1.211314670825572176e-01
-7.681218754856553588e-01,-3.126835246506985744e+00,-6.773762539730268650e-02
-7.712668723683309135e-01,-3.135647451683389431e+00,-2.683184310662405925e-01
-7.743243523260777694e-01,-3.144359507203661863e+00,-4.579930963256688137e-01
-7.694918049567270879e-01,-3.126828537380326178e+00,-6.307140891786813253e-01
-7.686402313022924204e-01,-3.125515177034570602e+00,-8.160693680644575121e-01
-7.672993735446461683e-01,-3.124837776916186804e+00,-9.960014116001130180e-01
-7.657687942197191067e-01,-3.123895048401948760e+00,-1.185468310133847680e+00
-7.639949207303897705e-01,-3.123384990504115333e+00,-1.394331419295984587e+00
-7.620789610162062022e-01,-3.123172937118355197e+00,-1.574836533732081767e+00
-7.595343381221867363e-01,-3.122990927334961864e+00,-1.763664725970792269e+00
-7.563185131826207774e-01,-3.123361218916618220e+00,-1.972705136845356755e+00
-7.530028300575444256e-01,-3.124428789044019439e+00,-2.157611961080953655e+00
-7.500297353964618940e-01,-3.126988977137501013e+00,-2.347241846941129140e+00
-7.472211115895426303e-01,-3.128789501403482554e+00,-2.527627381785317873e+00
-7.443121176636606773e-01,-3.131186892962212198e+00,-2.750571281695711079e+00
-7.413491914149922257e-01,-3.133991263155546214e+00,-2.960055637771658255e+00
-7.391046116949268052e-01,-3.136497009818054682e+00,3.138826822895523616e+00
-7.368783741070348281e-01,-3.138971642201949130e+00,2.954343312439168923e+00
-7.347686141565878959e-01,-3.142169185033046208e+00,2.733206058351471679e+00
-7.333388278951772365e-01,-3.145070288373336354e+00,2.542910454539061504e+00
-7.320854910293259632e-01,-3.148206506505206725e+00,2.340703972750509454e+00
-7.310402968165322646e-01,-3.150921210457890975e+00,2.151061931409441019e+00
-7.308056036382859499e-01,-3.153772210671518472e+00,1.963659971116200387e+00
-7.712705236016477173e-01,-3.062033538462260118e+00,1.952714926320941347e+00
-8.119668883257258329e-01,-2.966242116412774354e+00,1.962114032151393905e+00
-8.160704165819282485e-01,-2.900864176007069251e+00,1.987552071379392382e+00
-8.194825606979241339e-01,-2.900222482696872550e+00,1.802375690411672116e+00
-8.224849083598549937e-01,-2.899935757576053152e+00,1.632493635131848864e+00
-8.266402826529674064e-01,-2.899179217229675753e+00,1.437784259570236145e+00
-8.304832954219898422e-01,-2.898199412757574756e+00,1.253317431894519052e+00
-8.340788088729109706e-01,-2.896856125326125575e+00,1.076638858591760339e+00
-8.377051941495212706e-01,-2.894942142035022759e+00,9.069407857432945086e-01
-7.767015161028071324e-01,-2.807686008320442461e+00,8.978044365012272099e-01
-7.101122202806585682e-01,-2.725246000432261173e+00,8.979690424548320005e-01
-6.460949520479464248e-01,-2.646556521515006200e+00,8.904351563261924118e-01
-6.037244740390856901e-01,-2.594253360840514500e+00,8.888093026211695280e-01
-5.367650146132252331e-01,-2.511401233527620569e+00,8.852457682448224840e-01
-5.294836020491172635e-01,-2.479361014729318580e+00,7.808157508160125104e-01
-5.307126765508806132e-01,-2.479783390746161942e+00,5.751005312790687940e-01
-5.320584987850734970e-01,-2.480231226978535375e+00,3.872538229615598016e-01
-5.332411902439954110e-01,-2.480432298747382802e+00,1.955383677630237738e-01
-5.341467448346428615e-01,-2.480660166600002547e+00,8.518326321500660839e-03
-5.352475739375354147e-01,-2.480585321345820216e+00,-1.744616822415051005e-01
-5.357572855268223355e-01,-2.480574611205107693e+00,-3.620961870871400312e-01
-5.362728360662454286e-01,-2.480821302510759718e+00,-5.536647073864016111e-01
-5.362947367382626673e-01,-2.480911668159235806e+00,-7.439537913734419750e-01
-5.353148110214012156e-01,-2.482638905787357686e+00,-9.521566708774328314e-01
-4.841849002245865452e-01,-2.565704100201591675e+00,-9.477014559903403912e-01
-4.181238965326311563e-01,-2.648709354201523425e+00,-9.462053716868510378e-01
-3.605326594919975314e-01,-2.726498762636857087e+00,-9.490323533804708722e-01
-3.031187464717031155e-01,-2.805606204205196796e+00,-9.585304716689713178e-01
-2.611099684497895090e-01,-2.829518148505130171e+00,-1.021366813537070151e+00
-2.586684305003909001e-01,-2.835630614045553166e+00,-1.212339949012016360e+00
-2.558522497998554912e-01,-2.839914438016380327e+00,-1.423576962385377342e+00
-2.513995462919677570e-01,-2.842714831939307185e+00,-1.636322598409365003e+00
-2.470431002869599990e-01,-2.845288719068944872e+00,-1.818214171541693069e+00
-2.423994302850276394e-01,-2.848172310110004712e+00,-2.005863428802597159e+00
-2.384087003198557264e-01,-2.851447304887782419e+00,-2.192359634138744351e+00
-2.336657755826588023e-01,-2.855799239784525323e+00,-2.401801672276381971e+00
-2.292990433102920778e-01,-2.860088199450631308e+00,-2.584818002010364602e+00
-2.251741151125032370e-01,-2.864766577027739292e+00,-2.791972785341360286e+00
-2.210385978388525186e-01,-2.869495133105556040e+00,-2.990579250894420671e+00
-2.171775446180249092e-01,-2.874629223903728104e+00,3.084390064827860822e+00
-2.131781637895336368e-01,-2.880427959833542495e+00,2.912328201147403206e+00
-2.122147495641324710e-01,-2.885281318070223922e+00,2.693375107162862658e+00
-2.114634616246050258e-01,-2.891126265692657960e+00,2.499032284774180823e+00
-2.104584464603588834e-01,-2.896963212875979021e+00,2.289107336626984512e+00
-2.100308432867651898e-01,-2.902553032010742662e+00,2.092788956812013268e+00
-2.100208857464720136e-01,-2.907891772520980300e+00,1.887997749231147937e+00
-2.104571852087683270e-01,-2.913173624273557305e+00,1.677933753455477683e+00
-2.111229740419397205e-01,-2.917374838766432887e+00,1.482948912120577223e+00
-2.121776859329365383e-01,-2.921800963461166134e+00,1.279227778460202192e+00
-2.134644664244812751e-01,-2.925643753917689605e+00,1.065961716596106612e+00
-2.149213508968803310e-01,-2.928596885146454998e+00,8.689348016275771913e-01
-2.159885083669045858e-01,-2.931102848836841357e+00,6.577712596288688429e-01
-2.166708311409364374e-01,-2.933141848162121867e+00,4.608752373126207558e-01
-2.174343304843734392e-01,-2.934934116833643358e+00,2.546449719600868411e-01
-2.179836322237405366e-01,-2.936579869325758541e+00,5.725026342709689520e-02
-2.183573557365844631e-01,-2.937699841035841253e+00,-1.545041708794905599e-01
-2.180179201054559535e-01,-2.938805784447396263e+00,-3.582351204061582362e-01
-2.179404475638074268e-01,-2.940014333046731654e+00,-5.712834370126891326e-01
-2.173092723809231241e-01,-2.941391246165809825e+00,-7.640040511955386027e-01
-1.400876643660943222e-01,-3.011309359294461974e+00,-7.688781201971518486e-01
-6.313819538404620568e-02,-3.089971758005300995e+00,-7.650073933089227562e-01
1.355231733033676784e-02,-3.167475282000680625e+00,-7.664388943794425701e-01
3.071860071459971142e-02,-3.209746724346446367e+00,-6.751434007951708782e-01
3.218801645564595831e-02,-3.208371952142909489e+00,-4.763186756186333359e-01
3.356438059256154627e-02,-3.205752371370817588e+00,-2.763905718983105664e-01
3.546041637316598577e-02,-3.203233308729058315e+00,-5.384283904547815247e-02
3.752999972591142264e-02,-3.200597926460138076e+00,1.579729603489713474e-01
3.976434005206767874e-02,-3.198245656699318484e+00,3.578218651626729474e-01
4.233131624637261059e-02,-3.195043775745905812e+00,5.542014985277442518e-01
1.386208769672296059e-01,-3.143252940448348021e+00,5.582700522253628561e-01
2.437618241257618334e-01,-3.074630916390125535e+00,5.591853467374241493e-01
3.308277444284923319e-01,-3.023300417966795717e+00,5.545822921354172097e-01
4.176503349570691581e-01,-2.970006244289679298e+00,5.564867913450612935e-01
5.047349427407203937e-01,-2.915934897235691547e+00,5.604930173185586062e-01
5.937387900168246135e-01,-2.861969090116274206e+00,5.572241369092142405e-01
5.870387409281733193e-01,-2.847734037284109121e+00,4.364534960108952810e-01
5.875073271852939705e-01,-2.845637265759592971e+00,2.630318352590682585e-01
5.878074447083914134e-01,-2.843400734623570347e+00,8.237322725354570552e-02
5.870867510938936329e-01,-2.843430532230072583e+00,-1.059075670034944350e-01
5.865226310902786899e-01,-2.843162820847954464e+00,-2.878781902876201837e-01
5.864724700636723131e-01,-2.843185511377571473e+00,-4.924372923345971542e-01
5.861197015771789642e-01,-2.845267557588578189e+00,-7.033201788751727301e-01
5.857527061364679044e-01,-2.847282146939785097e+00,-8.895339835436536502e-01
5.891160997166592361e-01,-2.847315690514763631e+00,-1.087996010356695686e+00
5.931687083164700613e-01,-2.847190134354796065e+00,-1.273373702455443679e+00
5.969173589401407520e-01,-2.847567607826745117e+00,-1.449006474296202995e+00
6.009158178428570807e-01,-2.847571534303696250e+00,-1.622030732699746736e+00
6.054981592835353421e-01,-2.848220368957557813e+00,-1.820373850581881392e+00
6.097700594763107995e-01,-2.849060777011362067e+00,-1.993632947739881534e+00
6.091392948600613533e-01,-2.849400775556419685e+00,-2.182347469997592437e+00
6.085481793058297173e-01,-2.849884280397116054e+00,-2.372150487483621895e+00
6.076929200658756081e-01,-2.850873976120741116e+00,-2.562480006955818901e+00
6.087949346191051658e-01,-2.856336300534875861e+00,-2.754426825234248977e+00
6.096168073719622216e-01,-2.861850488547478921e+00,-2.929383851959755702e+00
6.099281740628260673e-01,-2.867538148123198294e+00,-3.118523912277021193e+00
6.103025139804937327e-01,-2.868985590974043376e+00,2.978301028182424925e+00
6.104205568953838812e-01,-2.870658715976437847e+00,2.775672756252245410e+00
6.106397024629972581e-01,-2.872094938983001722e+00,2.580145997708627625e+00
6.067400761936645459e-01,-2.870241505826252482e+00,2.409445814896499449e+00
6.030949075509816071e-01,-2.869090771854755140e+00,2.210035034093424944e+00
5.986881324805694016e-01,-2.867461718831824768e+00,2.011352752366689867e+00
5.944462810586751411e-01,-2.866000705087720313e+00,1.813541479884470231e+00
5.892708224583780297e-01,-2.863714045001786612e+00,1.645507872457235621e+00
5.845760864746148977e-01,-2.861541819229228345e+00,1.469314430607947530e+00
5.799266737972628150e-01,-2.858932407380558427e+00,1.297587559054556916e+00
5.878827288983973220e-01,-2.860743574527642608e+00,1.077952255947959070e+00
5.956139233725173954e-01,-2.861984557480959257e+00,8.822957455419730977e-01
5.941803612231267850e-01,-2.859490350302237527e+00,6.848865333397680111e-01
6.669384402549909385e-01,-2.787024369109310840e+00,6.685845125105014386e-01
7.531613389928685232e-01,-2.722732630835476009e+00,6.617970084202803305e-01
8.378265622809755175e-01,-2.658469823738840887e+00,6.604567485717095510e-01
9.231207598756112631e-01,-2.597458197964517268e+00,6.536844887059299891e-01
9.502938179723295908e-01,-2.584816859519324606e+00,8.203801373386290230e-01
9.530935913917965019e-01,-2.585416452911227569e+00,9.956584304570640365e-01
9.558620206628232197e-01,-2.585365825521730887e+00,1.175778425092550261e+00
9.583263879948500374e-01,-2.584681099574098528e+00,1.350672707682559759e+00
9.604637916498209860e-01,-2.583737215984041935e+00,1.538395070976070533e+00
9.626573925835127943e-01,-2.582496492129949139e+00,1.716644990422701023e+00
9.645344895400578267e-01,-2.581259713306212511e+00,1.901866135540214220e+00
9.661519477015716451e-01,-2.579737525055053382e+00,2.087271228365139120e+00
9.669421683364831654e-01,-2.577357482902147279e+00,2.298780059088823879e+00
9.688453006738669826e-01,-2.574542675529609692e+00,2.501512571877615443e+00
9.702653240880133589e-01,-2.571898683932277940e+00,2.679821907616780852e+00
9.717216379304783880e-01,-2.569334777264297376e+00,2.858175848313214917e+00
9.695808731744893771e-01,-2.566871748313444890e+00,3.075732950866183035e+00
9.678001851449692383e-01,-2.564844631492870786e+00,-3.008588656082575419e+00
9.656072420419377078e-01,-2.562839652257963063e+00,-2.821021705707042582e+00
9.632381218887401397e-01,-2.561509343889423640e+00,-2.641109130494866619e+00
9.606050577905131949e-01,-2.560223653704550184e+00,-2.458983944571677682e+00
9.577491210719395465e-01,-2.559198097682903406e+00,-2.239467603696723597e+00
9.548738890199081064e-01,-2.558530952356274479e+00,-2.059543283359795307e+00
9.521325725921357952e-01,-2.558844657314612192e+00,-1.883570459641096040e+00
9.491809464419892484e-01,-2.559171083901850441e+00,-1.702207426248842026e+00
9.465120668676029192e-01,-2.559749550878894997e+00,-1.514157998666338489e+00
9.447369590225399572e-01,-2.560957574649409985e+00,-1.334330637722108470e+00
9.433185239067091166e-01,-2.562169616168965991e+00,-1.158212448347247125e+00
9.420017313580115736e-01,-2.564037568710687776e+00,-9.770841043934406223e-01
9.409392254175056314e-01,-2.565699613971096582e+00,-7.900028258468630993e-01
9.405993713375955245e-01,-2.567342929130808749e+00,-6.087432736821797308e-01
9.401452003667345458e-01,-2.568822159815469242e+00,-4.321790776324698768e-01
9.399258375074242000e-01,-2.570524307245799722e+00,-2.501347823353143873e-01
9.400740254792633310e-01,-2.572369568471925216e+00,-6.292575353002079208e-02
9.404863980061731743e-01,-2.574352260015337013e+00,1.361609103148928024e-01
9.412106575373420103e-01,-2.575985067157559261e+00,3.231232384349340681e-01
9.420577897116609867e-01,-2.577357682791835636e+00,5.056550260287514531e-01
9.432839768482085274e-01,-2.578122430144845545e+00,6.863351086294553483e-01
1.020588670958241462e+00,-2.519374110075018880e+00,7.585771054411899472e-01
1.092652032158592412e+00,-2.453362803106961643e+00,7.501417534974108570e-01
1.168638200663368432e+00,-2.385392016054661557e+00,7.484402499474469561e-01
1.244211229484103010e+00,-2.317605634124880964e+00,7.404694950567488609e-01
1.258048596557288956e+00,-2.307919985346786884e+00,9.145700584592351134e-01
1.260724321428077666e+00,-2.307198731538692371e+00,1.094332867231815998e+00
1.263402666734473101e+00,-2.306614076541686487e+00,1.270547480120449935e+00
1.265708660023285193e+00,-2.305708747170307493e+00,1.451119509516435535e+00
1.268186219590018426e+00,-2.304485933470479697e+00,1.639033306460651929e+00
1.270333590928016010e+00,-2.302901265103094453e+00,1.836805626299265803e+00
1.271724351204222891e+00,-2.301336527617794836e+00,2.013112526905936672e+00
1.273206233695849621e+00,-2.299522579688686896e+00,2.216128238977372433e+00
1.273955990587902987e+00,-2.297445223196814990e+00,2.404334320857934415e+00
1.274736037017181856e+00,-2.295016270930828384e+00,2.620875289138250519e+00
1.274585390948673291e+00,-2.293178462691195740e+00,2.795678310673638034e+00
1.274656547326436629e+00,-2.290923813721922109e+00,2.999428587116081513e+00
1.274168268515048830e+00,-2.289024305881539156e+00,-3.092134929431296086e+00
1.273743824317812079e+00,-2.287144623802877863e+00,-2.917652526840985860e+00
1.272619306477559054e+00,-2.285080922019257166e+00,-2.684709170335479289e+00
1.271391802687394934e+00,-2.283838879714756409e+00,-2.509833909981111333e+00
1.270743798824941706e+00,-2.282733995931937709e+00,-2.322125987440537109e+00
1.269076254353998179e+00,-2.282164436587928780e+00,-2.147824779371688919e+00
1.267737977139609784e+00,-2.281953241717076697e+00,-1.959261587084766942e+00
1.265899208384852814e+00,-2.282309964624596788e+00,-1.744762876907344218e+00
1.264534464395893565e+00,-2.282947285540215532e+00,-1.556517500462756942e+00
1.263441781573124034e+00,-2.284438159030433901e+00,-1.324999694142205975e+00
1.263134892701712086e+00,-2.285766736434127200e+00,-1.150395655246224447e+00
1.263485164061344257e+00,-2.287255322048405759e+00,-9.760534376533562817e-01
1.331269512698630919e+00,-2.364953696809372286e+00,-8.638195204102194769e-01
1.398551888121908560e+00,-2.442177367493075124e+00,-8.642767821762546987e-01
1.468266100688325304e+00,-2.521926550584352889e+00,-8.661614895051306107e-01
1.536943607413158830e+00,-2.599868436115671422e+00,-8.683104626790145719e-01
1.606271376951870833e+00,-2.679467503151377716e+00,-8.728870663614615166e-01
1.652363388144064915e+00,-2.732897590059522486e+00,-6.957859131234229721e-01
1.653051465723289315e+00,-2.733962134956256840e+00,-5.193738991143115324e-01
1.654731156105056167e+00,-2.735249499671852380e+00,-3.529069955915171697e-01
1.657137737243932651e+00,-2.736838661055125854e+00,-1.729924078573640001e-01
1.659064883006642788e+00,-2.737739412060420818e+00,9.817153954338903379e-03
1.661547629265716752e+00,-2.738643624248971342e+00,1.952191365766224596e-01
1.663899477792103454e+00,-2.739695868156072578e+00,3.753270648802575771e-01
1.666292629780208756e+00,-2.740825384781284235e+00,5.562565930240611634e-01
1.669254908604869359e+00,-2.741540792528986081e+00,7.393360327978710789e-01
1.671982275232462012e+00,-2.741720585375353014e+00,9.169950221538042401e-01
1.674628861309819694e+00,-2.741595037017795278e+00,1.094385804406955653e+00
1.677595272384283964e+00,-2.741106362291720000e+00,1.272348834241431970e+00
1.680226290792658617e+00,-2.740163000181231823e+00,1.452239692787405057e+00
1.682528744423250622e+00,-2.738620361838429940e+00,1.625283823526139537e+00
1.684955134862263115e+00,-2.737190977815300297e+00,1.805863486396900752e+00
1.687325823833322636e+00,-2.735463592041707859e+00,1.961706494976897641e+00
1.688871319284953598e+00,-2.733529298074329539e+00,2.136717223136494148e+00
1.689968977400268191e+00,-2.731642926575495789e+00,2.313909451092583947e+00
1.690896183129329877e+00,-2.729400997276274499e+00,2.493942312567796638e+00
1.690332347081261677e+00,-2.727963161079890231e+00,2.675636405781440352e+00
1.689831502491003334e+00,-2.726475708570763157e+00,2.862900011376318776e+00
1.688886293942220451e+00,-2.725264848944346507e+00,3.044939629319606933e+00
1.687693332370886923e+00,-2.724090944078694232e+00,-3.056982746348923641e+00
1.686341225040989267e+00,-2.723085385958528892e+00,-2.874669356007747645e+00
1.684533346634167206e+00,-2.722450627280692537e+00,-2.696151912043454058e+00
1.682427841396063606e+00,-2.721748862111087686e+00,-2.512348297808849829e+00
1.680443960582235885e+00,-2.721572542224725222e+00,-2.332214153606475993e+00
1.678479393719940482e+00,-2.721690378892911433e+00,-2.147247749953774321e+00
1.676356899167111170e+00,-2.722232221561687204e+00,-1.965526516412654523e+00
1.674189921325583086e+00,-2.723049175821473877e+00,-1.781219881656777693e+00
1.672450828828531577e+00,-2.724429121369214002e+00,-1.598544064828325340e+00
1.670946492111941462e+00,-2.726209535374916282e+00,-1.415992440818544917e+00
1.669681684492770879e+00,-2.728273620715552017e+00,-1.235645997574573052e+00
1.668664712625719471e+00,-2.730300105036695069e+00,-1.056714892366131142e+00
1.668422464965899632e+00,-2.732603805447496370e+00,-8.748775141637108455e-01
1.668565013064092772e+00,-2.735047845970647096e+00,-6.957450330567378494e-01
1.668973408304157857e+00,-2.738342381644945256e+00,-5.379824196232041444e-01
1.669680619932753407e+00,-2.740796045642692746e+00,-3.605695227678220038e-01
1.671076267710941865e+00,-2.743240221236545207e+00,-1.744788075981209552e-01
1.672406104608104016e+00,-2.745229754518200060e+00,9.178339667999800208e-03
1.673641557029820204e+00,-2.747056745852484383e+00,1.874358284639448535e-01
1.675249401770380953e+00,-2.748920841383013070e+00,3.746455793137937751e-01
1.674089934458347084e+00,-2.751677544614342441e+00,3.246907631581890108e-01
1.672016065283770558e+00,-2.750958703303436170e+00,1.395561755446375896e-01
1.670518370907821071e+00,-2.750182787438733900e+00,-4.338628196068532866e-02
1.668467421202614265e+00,-2.749344903136824225e+00,-2.248561537147476530e-01
1.666606069953257219e+00,-2.747766362203985402e+00,-4.092129716931624528e-01
1.665606287131639940e+00,-2.746361369822774900e+00,-5.932843119618701477e-01
1.665296852779593495e+00,-2.744631900833268023e+00,-7.738567608974423750e-01
1.695361383627406626e+00,-2.778983834123554875e+00,-6.899976390345643473e-01
1.695700698514574833e+00,-2.781822295526356736e+00,-5.028417085499767847e-01
1.696187173652915048e+00,-2.783932047020554634e+00,-3.229008466439722835e-01
1.697190105566629192e+00,-2.786179568888773161e+00,-1.319565219350308793e-01
1.698126090289437062e+00,-2.788556893306319395e+00,5.065403456509345176e-02
1.699453427890577739e+00,-2.790619398054515532e+00,2.272665325423338101e-01
1.700822119864758619e+00,-2.792244889609574621e+00,4.112685247112866649e-01
1.702846738799699500e+00,-2.793854305134271243e+00,5.819967452490107940e-01
1.704509040301275702e+00,-2.796123665926687263e+00,7.563472535294402110e-01
1.702540902230380571e+00,-2.796439175708521407e+00,5.817545654000226829e-01
1.700878662129920116e+00,-2.795913463406763277e+00,4.077892468791546876e-01
1.699043660027662384e+00,-2.795795417892885215e+00,2.326527447799441317e-01
1.697504979220750831e+00,-2.794878000994176936e+00,5.592064713215894739e-02
1.696628169319270629e+00,-2.793884627096882234e+00,-1.204398179611339270e-01
1.695710176974289052e+00,-2.792785249757716137e+00,-3.003705311667954070e-01
1.695072917288652059e+00,-2.791567492221016966e+00,-4.782037301144660968e-01
1.694804393765437567e+00,-2.790323984438123350e+00,-6.488361058596661124e-01
1.767671869570715204e+00,-2.858064004458388041e+00,-7.402102461102925135e-01
1.842005600044955616e+00,-2.927229338863215347e+00,-7.367219127370440157e-01
1.916600529486574667e+00,-2.995896723143481655e+00,-7.350414618624373508e-01
1.924508368870493147e+00,-3.010531614199908113e+00,-8.494135591446876354e-01
1.924266849075795704e+00,-3.008830902282160213e+00,-1.032851694476169424e+00
1.924951458031689322e+00,-3.008220614105765023e+00,-1.211529821829664177e+00
1.927566966689688854e+00,-3.014309897366679092e+00,-1.374950757503489829e+00
1.928776192954192892e+00,-3.013413523272528316e+00,-1.553973775827781623e+00
1.930647539040582394e+00,-3.013225642403454252e+00,-1.742202976029897155e+00
1.932669003315610645e+00,-3.013191416678369094e+00,-1.918405851700068165e+00
1.934706578796182574e+00,-3.013893930987321834e+00,-2.092702882067635439e+00
1.936563886206312146e+00,-3.014114385035194577e+00,-2.269929264686443737e+00
1.938499023942886534e+00,-3.015279384306049693e+00,-2.445047171237312078e+00
1.940547079552185972e+00,-3.016608752747545807e+00,-2.620617257415115198e+00
1.942508754704900920e+00,-3.018206957550321867e+00,-2.798583796102072530e+00
1.944352325786070645e+00,-3.020346801083571897e+00,-2.986166919517817320e+00
1.945698361635956886e+00,-3.022816624908436278e+00,3.115303880891986843e+00
1.947403720534728544e+00,-3.022599847610837998e+00,2.932492019511657055e+00
1.948987039839217283e+00,-3.022656083033519181e+00,2.744663550371599481e+00
1.962606737173793192e+00,-3.000718992529641582e+00,2.439528033909266203e+00
1.955779050068102265e+00,-3.014855018995755920e+00,2.320399444189458205e+00
1.884664979995739120e+00,-2.942363733112151269e+00,2.330197045117416099e+00
1.810332834066671115e+00,-2.857261632789850125e+00,2.307831924806069246e+00
1.738456870646254204e+00,-2.781907110926630455e+00,2.310796253777012588e+00
1.667573779578616522e+00,-2.707276506323576193e+00,2.314634640153211187e+00
1.568103970873038655e+00,-2.610448766869998050e+00,2.303349950946076863e+00
1.499498063966677508e+00,-2.535922637250887846e+00,2.311077599762759061e+00
1.478139487911154681e+00,-2.517893353579765847e+00,2.167522783628683669e+00
1.482935067004716556e+00,-2.517068260931581314e+00,2.350134696038322257e+00
1.485395625953638277e+00,-2.514902026576292471e+00,2.555912808795052449e+00
1.487227090126789664e+00,-2.512601871336018089e+00,2.762570218397978117e+00
1.488677237564908884e+00,-2.510614203499045516e+00,2.965585135904131420e+00
1.489963062676357364e+00,-2.508241824276265852e+00,-3.121446774964883097e+00
1.490869272072906204e+00,-2.506232845611755078e+00,-2.911778986332395291e+00
1.491580608368517913e+00,-2.504229515589261990e+00,-2.717501880797040137e+00
1.491778380073664145e+00,-2.502810343444798580e+00,-2.509879741310546031e+00
1.410749983023018128e+00,-2.563456661230005817e+00,-2.510164091567281819e+00
1.330808830105567608e+00,-2.624854626208341202e+00,-2.513540922247254450e+00
1.244811120460987075e+00,-2.689117266537804696e+00,-2.515932593652103755e+00
1.142826191037294326e+00,-2.761829720775412333e+00,-2.516331315563075766e+00
1.042307562591925807e+00,-2.830344220307364989e+00,-2.518105199377917991e+00
9.999809365888632229e-01,-2.835796208914701300e+00,-2.497736616471712523e+00
1.024174528727457067e+00,-2.844236098905750687e+00,-2.210230770322484162e+00
1.032058338179260071e+00,-2.839207069174479514e+00,-2.056607278090369029e+00
1.038503119699317745e+00,-2.835493877349338110e+00,-1.907446490427854746e+00
1.048572448340270968e+00,-2.826077885691833380e+00,-1.726396822675403619e+00
1.058721750993050437e+00,-2.817312884200865231e+00,-1.544978660433999673e+00
1.069257221127725810e+00,-2.808597682206498192e+00,-1.366830471819040937e+00
1.080417040076700808e+00,-2.800611167448657568e+00,-1.179951451623287184e+00
1.115646072572378023e+00,-2.899407311439665680e+00,-1.080068276286319850e+00
1.162109706677777021e+00,-2.995959668972504097e+00,-1.071029016349748453e+00
1.211205847259297252e+00,-3.095016586309770279e+00,-1.056544597812235198e+00
1.207986419776695630e+00,-3.137106823557461954e+00,-9.142112231324720506e-01
1.205155279547874603e+00,-3.142086789387281254e+00,-7.258704306894157021e-01
1.202367056191844918e+00,-3.147042192046938247e+00,-5.431175433935824248e-01
1.200180503424501444e+00,-3.152028677198957407e+00,-3.581357652320537599e-01
1.198229206991670459e+00,-3.157026305281987355e+00,-1.723200758125697230e-01
1.196526214938677279e+00,-3.161543063608732052e+00,8.393929762267065067e-03
1.194498098827284194e+00,-3.166080752784889984e+00,1.918833587910735994e-01
1.193163289986235887e+00,-3.170758385399467194e+00,3.839738172610186462e-01
1.191812241230678637e+00,-3.174998520584894290e+00,5.670743402008433520e-01
1.190611156406670368e+00,-3.178760287823688468e+00,7.534828965188600236e-01
1.189619859922725231e+00,-3.182257678565160397e+00,9.388967465718635053e-01
1.181344701705842715e+00,-3.184982702847528824e+00,1.147910447866251182e+00
1.173068284978168396e+00,-3.186642613346701847e+00,1.373209701345926348e+00
1.164273550120787926e+00,-3.188037673458461896e+00,1.582923859861021354e+00
1.170079208029915607e+00,-3.183149469025944533e+00,1.754856642000622635e+00
1.175525988352892570e+00,-3.178103974650871688e+00,1.913608864472287951e+00
1.181571792168715884e+00,-3.173325953536477506e+00,2.075078002530502452e+00
1.187020800445381941e+00,-3.168559328896485727e+00,2.238541906707177898e+00
1.188690290446132503e+00,-3.167242839023971079e+00,2.416354350182194466e+00
1.189212841584542435e+00,-3.165023732080681551e+00,2.676354698243233798e+00
1.190248196212415177e+00,-3.163408751690377052e+00,2.854656570051308684e+00
1.191042732547609395e+00,-3.161704307001845127e+00,3.032475285646416552e+00
1.191771762693850656e+00,-3.160359940405278234e+00,-3.076612011744579434e+00
1.193503933998028232e+00,-3.156365065732375630e+00,-2.915244606097157298e+00
1.193790694349873949e+00,-3.152603235492466904e+00,-2.740093912883904803e+00
1.198443934974133818e+00,-3.160360999547386474e+00,-2.522185270043304506e+00
1.203045072650413383e+00,-3.168691991224338089e+00,-2.305786332317243836e+00
1.207262971613966451e+00,-3.177331202352336348e+00,-2.088884887638517540e+00
1.200901733885314293e+00,-3.175968736894323907e+00,-1.925193297574012030e+00
1.194296056153153041e+00,-3.174700765124514934e+00,-1.760032279309557079e+00
1.187896526244593520e+00,-3.174117636138690468e+00,-1.592250892560658659e+00
1.181887587707440401e+00,-3.173930781189743922e+00,-1.425190912043484248e+00
1.184351507039061779e+00,-3.172885882982081185e+00,-1.230759770325863256e+00
1.187145820195292467e+00,-3.172035080108073224e+00,-1.033941539601180626e+00
1.194894407200462361e+00,-3.192040608641376398e+00,-8.837481644648335077e-01
1.260501801506160868e+00,-3.275141636369143683e+00,-8.778144873415174576e-01
1.333526105912679061e+00,-3.357782838622476174e+00,-8.594758012300519612e-01
1.409288857024567410e+00,-3.414709677357838480e+00,-9.837253795783863497e-01
1.393378183498725331e+00,-3.416258596718537710e+00,-1.178060500087060980e+00
1.379909343754999407e+00,-3.417994872295527120e+00,-1.393291083663352303e+00
1.379479061056404054e+00,-3.418449683280684326e+00,-1.604124595315523427e+00
1.378960039964726825e+00,-3.419192540012988779e+00,-1.790960575867595272e+00
1.380743134909189207e+00,-3.422928796213625446e+00,-1.999163711353748818e+00
1.382834654427975707e+00,-3.426634632127275815e+00,-2.182456034036784231e+00
1.378670648893288719e+00,-3.429548514576602702e+00,-2.409557237660847395e+00
1.301157209155922478e+00,-3.491589310152151793e+00,-2.405951596174969787e+00
1.228815752425168828e+00,-3.450545083782497802e+00,-2.269654303207251367e+00
1.228982966974853985e+00,-3.467090737474144202e+00,-2.069095340362512747e+00
1.228922710535898410e+00,-3.482760348718981103e+00,-1.880235834808792861e+00
1.228612661050572763e+00,-3.498155108590821794e+00,-1.707561680323047559e+00
1.224292289289962365e+00,-3.514263607018313085e+00,-1.517268201219961199e+00
1.220134224056986572e+00,-3.531369754154634943e+00,-1.340229203005862235e+00
1.234856363558506365e+00,-3.525795534192894820e+00,-1.142152956688423426e+00
1.249522819339961233e+00,-3.520433390025036413e+00,-9.399079841780941802e-01
1.247265856262861794e+00,-3.524977545531390088e+00,-7.637201709021697038e-01
1.244768571662397294e+00,-3.529753127785949740e+00,-5.860562550398538129e-01
1.246004108302505298e+00,-3.533435225468595231e+00,-4.089329001721346279e-01
1.247277200267902675e+00,-3.537300193460396702e+00,-2.297048921222654139e-01
1.248777084603565068e+00,-3.540949188704914263e+00,-3.847398927947986297e-02
1.250825597756357155e+00,-3.544845562355065205e+00,1.412061113070625651e-01
1.253142288475427080e+00,-3.548471378995512460e+00,3.216219454943372580e-01
1.255684440080185871e+00,-3.551583011664719791e+00,5.007262292387524294e-01
1.257830458804124918e+00,-3.554069201296456981e+00,6.782611105251415973e-01
1.260443676970047111e+00,-3.556539019065886542e+00,8.545031763278375658e-01
1.252250885568012784e+00,-3.554894804225190441e+00,1.052286343747808495e+00
1.243478328611354433e+00,-3.553268058361443771e+00,1.228828726986181064e+00
1.246964298373902880e+00,-3.553566519488044584e+00,1.401752532565078146e+00
1.249999846387244817e+00,-3.553269901810757858e+00,1.582000919310038833e+00
1.252782983029858022e+00,-3.552682523942099380e+00,1.759719779242450155e+00
1.257837915468056567e+00,-3.551132529919050818e+00,1.930618541771842889e+00
1.262547840536248689e+00,-3.549479795808329730e+00,2.102881426435229351e+00
1.267083704389575294e+00,-3.547620592270615880e+00,2.276968496797755037e+00
1.270877836927047921e+00,-3.546072958227397098e+00,2.450335163953503148e+00
1.274299877766191802e+00,-3.544746433949959030e+00,2.624290968711146199e+00
1.273988518786021373e+00,-3.547808723370368345e+00,2.820557866111663703e+00
1.274044426795458484e+00,-3.550739239792329194e+00,3.020478078530495658e+00
1.273955094876767058e+00,-3.553694855317917511e+00,-3.067581040461157649e+00
1.272255999100560864e+00,-3.550757666556096037e+00,-2.885523917373753910e+00
1.270493530512936342e+00,-3.547718935236550575e+00,-2.703341548507181002e+00
1.268476267969518734e+00,-3.545047685465087639e+00,-2.521503417470233099e+00
1.268051361775258679e+00,-3.542711269425247167e+00,-2.516632458179008047e+00
1.268900510428113249e+00,-3.538615693064010692e+00,-2.681792274865590020e+00
1.198738809560961460e+00,-3.570054229363284204e+00,-2.688686393919589523e+00
1.096995500701553272e+00,-3.620388025608592741e+00,-2.685341881030222755e+00
9.974592607833507873e-01,-3.672808797229497380e+00,-2.674306313725000717e+00
8.990346120790091433e-01,-3.725180472139345333e+00,-2.666574989122924677e+00
8.376720691252053097e-01,-3.758385501254075667e+00,-2.483472357558122123e+00
8.312386159853548673e-01,-3.755606703199234175e+00,-2.616716656134463470e+00
8.282334110616825784e-01,-3.754526506695927690e+00,-2.839349646088299650e+00
8.277654033607337869e-01,-3.756209477116901674e+00,-3.018964844567307182e+00
8.274834483607622637e-01,-3.757865621832784608e+00,3.088429270737982790e+00
8.268929279093967244e-01,-3.760314612427564374e+00,2.914167796737863636e+00
8.260105770618888510e-01,-3.762978451923082002e+00,2.742892514362130552e+00
8.249728004468420695e-01,-3.765873223061096287e+00,2.565895583220113352e+00
8.238390565090843998e-01,-3.768621359461259424e+00,2.396430767011680008e+00
8.226646748609689475e-01,-3.771289007697570472e+00,2.219241472710983931e+00
8.209141705579839909e-01,-3.773999020693492135e+00,2.045979257478760083e+00
8.185841329442190561e-01,-3.776801251441715745e+00,1.870605010867717244e+00
8.152635063560659257e-01,-3.779636071739299386e+00,1.678593337465861257e+00
8.127101745066012128e-01,-3.781550021085303914e+00,1.509323108321736440e+00
8.091656696308079377e-01,-3.783294648554818451e+00,1.291858910489163570e+00
8.127221722267489179e-01,-3.787709124075090195e+00,1.089694199247104534e+00
8.161908262745395382e-01,-3.791684296932228637e+00,8.587823428328447140e-01
8.189927535300448591e-01,-3.794591758216149913e+00,6.643167761286801198e-01
8.219867467579446974e-01,-3.797359301605624182e+00,4.686492513968129603e-01
8.184573754342489016e-01,-3.796767616196385919e+00,2.911274365643588546e-01
8.151017656037445880e-01,-3.796246236260521378e+00,1.220696489667390250e-01
8.121562799418320377e-01,-3.795551789151548672e+00,-4.291883577086272328e-02
8.123397765016178163e-01,-3.793997128369682947e+00,-2.091153913465111092e-01
8.127151112435282432e-01,-3.791844858901296966e+00,-4.010038558256020513e-01
8.134346215939648461e-01,-3.790594545005054883e+00,-5.862703387839721669e-01
8.145408969743516137e-01,-3.789152249107326398e+00,-7.705720055060178986e-01
8.159261700203640499e-01,-3.787889230497485826e+00,-9.360165800787207946e-01
8.174833266162873091e-01,-3.786407828193915304e+00,-1.097079319856084423e+00
8.196876502083746407e-01,-3.785099950320857332e+00,-1.258708252198034616e+00
8.222613650314185563e-01,-3.783996166169036002e+00,-1.437267599337631596e+00
8.217963431627214321e-01,-3.779496885397922501e+00,-1.660827494166218443e+00
8.218637035896729781e-01,-3.776051886249672140e+00,-1.864138184551860977e+00
8.222193563426848373e-01,-3.773379538485290396e+00,-2.055676568850069774e+00
8.228455129956209202e-01,-3.771350846269508672e+00,-2.253839282864246840e+00
8.233291492954404323e-01,-3.769779070483494809e+00,-2.471535905348882789e+00
8.236003783277187074e-01,-3.768105311709929239e+00,-2.663287666720883795e+00
8.235551045727791397e-01,-3.766818374259492952e+00,-2.862124413361320840e+00
8.234739267023000187e-01,-3.765426382539833750e+00,-3.080191602868313616e+00
8.231029237046707525e-01,-3.764505021993372669e+00,3.009841015089934846e+00
8.230483387107554449e-01,-3.763607998122195486e+00,2.814298006303383559e+00
8.223496618774315259e-01,-3.762767816679096100e+00,2.596952051578447662e+00
7.296457055875040787e-01,-3.727732957531044278e+00,2.588137045490300547e+00
6.309924148634519225e-01,-3.656266686236579577e+00,2.587672354046449019e+00
6.225476854288254369e-01,-3.651134903525348641e+00,2.748261640509650050e+00
6.219507580257899182e-01,-3.651866990076819253e+00,2.578325410771649562e+00
6.216962112007540231e-01,-3.652875326113419696e+00,2.388560467337367044e+00
5.608298477875808263e-01,-3.586671575924947675e+00,2.381724539670770024e+00
4.791614319242838427e-01,-3.511493674236805251e+00,2.383646704712213626e+00
3.961270433269244440e-01,-3.435101178183125548e+00,2.382998910523767666e+00
3.148230643817738206e-01,-3.349763894961148125e+00,2.381785543502664915e+00
3.153871213832149523e-01,-3.339364909628358635e+00,2.505719563881069423e+00
3.128704676664726958e-01,-3.344384044928607747e+00,2.696362448339345352e+00
3.099924326148927878e-01,-3.349564341903244369e+00,2.894809482798172962e+00
3.074130899248165294e-01,-3.354673513781759819e+00,3.094061313967308546e+00
3.049733619243872318e-01,-3.359937761110608268e+00,-2.995691468212783981e+00
3.025570213927890606e-01,-3.365254694798681889e+00,-2.800565889754424553e+00
3.071597334526602330e-01,-3.379604814929118906e+00,-2.562776890623189807e+00
2.106954683634056080e-01,-3.437992973650663586e+00,-2.484504588408482206e+00
1.156005439790699224e-01,-3.500206581893106961e+00,-2.512687962911416051e+00
2.341010311364013705e-02,-3.557962786790437981e+00,-2.534859516689672354e+00
-6.802260082020968046e-02,-3.612201099433005602e+00,-2.555611842617510732e+00
-1.626786643327888526e-01,-3.666405531226790249e+00,-2.576308835064142322e+00
-2.120955128142148760e-01,-3.712537721275562141e+00,-2.441326090188190356e+00
-2.002754422007165525e-01,-3.717419966342081050e+00,-2.449377583813364012e+00
-2.003887632633919447e-01,-3.717254167842372947e+00,-2.644744783919350084e+00
-2.003739962324978807e-01,-3.717586047478032008e+00,-2.827999747335470992e+00
-2.001476822391576593e-01,-3.718311107463300846e+00,-3.009194266620150771e+00
-1.998735112403774161e-01,-3.719415034611928128e+00,3.061049042995551250e+00
-1.999027383800170421e-01,-3.720233936241323924e+00,2.857483285081674040e+00
-2.003961529425760668e-01,-3.720912205267072004e+00,2.676576849633740096e+00
-2.012028806131269110e-01,-3.721754135601285096e+00,2.489646814806962816e+00
-2.020430242967733991e-01,-3.722933743300303355e+00,2.279518732294771421e+00
-2.033646984840525307e-01,-3.723774016864342951e+00,2.078422385612881840e+00
-2.051167172392793503e-01,-3.724203577912226670e+00,1.894397171987108663e+00
-2.075484909474279438e-01,-3.724126409421996797e+00,1.710306525039407832e+00
-2.102775615142952470e-01,-3.723918055211437039e+00,1.524025416606127115e+00
-2.131802379020528437e-01,-3.723532293696190987e+00,1.341241861289349968e+00
-2.164982761910337616e-01,-3.722641768056367706e+00,1.159969661616481629e+00
-2.200234230854789808e-01,-3.721194263653079037e+00,9.568945744670166453e-01
-2.230759720381925992e-01,-3.719402551676080471e+00,7.753816079877117184e-01
-2.264182495915213755e-01,-3.717230312552670668e+00,5.890739700112993527e-01
-2.295932047142772436e-01,-3.714466980519939732e+00,3.781683582960972956e-01
-2.325419816918949389e-01,-3.711445657233242823e+00,1.988909870099245247e-01
-2.356075118228733167e-01,-3.708368539234400352e+00,-6.355332144608339187e-03
-2.379410264572746070e-01,-3.705579520459157727e+00,-1.878473109599907154e-01
-2.401251524855894104e-01,-3.702578583818875391e+00,-3.757877982322155308e-01
-2.418895674276459740e-01,-3.699396133180796298e+00,-5.587553879596557360e-01
-2.435073804248410745e-01,-3.696232390023085124e+00,-7.345816787041866691e-01
-2.446718464714908448e-01,-3.693109953244528398e+00,-9.164192572973076656e-01
-2.454078752653703344e-01,-3.689946456689079834e+00,-1.101541001480869975e+00
-2.458048110250738716e-01,-3.687060775692645009e+00,-1.276761526222377263e+00
-2.463116275371540764e-01,-3.684605823618138487e+00,-1.455991711884462969e+00
-2.455631881090018231e-01,-3.682255045062167387e+00,-1.636470084361862698e+00
-2.468792094968758899e-01,-3.680007610468224666e+00,-1.827810516660310469e+00
-2.481841218404052252e-01,-3.677940026808617535e+00,-2.038540722683388040e+00
-2.491198917802349422e-01,-3.676825758562347612e+00,-2.220450220980535239e+00
-3.078050555808515276e-01,-3.755552201481930474e+00,-2.262295161929979148e+00
-3.701236961568213357e-01,-3.836478190277278877e+00,-2.246256753527144934e+00
-4.348723704855964600e-01,-3.915287505079872776e+00,-2.217103972643155174e+00
-4.653884667296109834e-01,-3.961629279434108142e+00,-2.028743503083254129e+00
-4.780605046082048726e-01,-3.985535479559151550e+00,-1.844541714911960950e+00
-4.803462649262101314e-01,-3.985883312790628352e+00,-1.660695996272969044e+00
-4.823941886341356344e-01,-3.986483742469930203e+00,-1.475600986774837420e+00
-4.840284567912559455e-01,-3.987591927167055683e+00,-1.285460586376072856e+00
-4.857947739984936342e-01,-3.988903078957744874e+00,-1.079799968676384392e+00
-4.864436107029466161e-01,-3.990445497230677319e+00,-8.964874170504134598e-01
-4.867200984474605585e-01,-3.992492884587420132e+00,-7.109673370045315188e-01
-4.863632638421463983e-01,-3.994574351373052945e+00,-5.298991183472336886e-01
-4.860492803647110116e-01,-3.996550370952122400e+00,-3.448609847297867126e-01
-4.853595408430871894e-01,-3.998534220788972693e+00,-1.655249182472706693e-01
-4.843723177168337557e-01,-4.000064931376365429e+00,1.990210457242793177e-02
-4.837908745343626471e-01,-4.001725945103812521e+00,1.981891918676724207e-01
-4.821131758281200774e-01,-4.003625282957055553e+00,3.844833808755405147e-01
-4.803706609813253592e-01,-4.005166730531804831e+00,5.639055075551191454e-01
-4.783796992589770536e-01,-4.006648359106603330e+00,7.509537948343391056e-01
-4.761560281747050372e-01,-4.007515437935594171e+00,9.743003348429760679e-01
-4.192479801975864673e-01,-3.932485918052957441e+00,9.810490928467359151e-01
-3.556511565820740239e-01,-3.849883246958046179e+00,8.582957902652793569e-01
-2.786040257776926099e-01,-3.771769247172547246e+00,7.686421728274783760e-01
-2.005949570836654816e-01,-3.690471965828288070e+00,7.657138039514512773e-01
-1.249176350719776868e-01,-3.619218584143820472e+00,7.662391464959317222e-01
-4.614024718943767617e-02,-3.547693054812294022e+00,7.656822629697829230e-01
2.261618438366469475e-02,-3.478661652904104784e+00,7.641387157805690222e-01
9.000061151449835484e-02,-3.410845009834368557e+00,7.628004105492044440e-01
1.793018531463622389e-01,-3.334617841677252059e+00,7.657256783166929148e-01
2.653309736776808259e-01,-3.261489638429242000e+00,7.680774425753202905e-01
2.970842002341922972e-01,-3.198104954847492465e+00,7.062606335396274249e-01
3.144164163784592403e-01,-3.212962883153691607e+00,4.082151437567630436e-01
3.144083984615637650e-01,-3.214273076133221885e+00,2.145487761269716520e-01
3.140819015002929704e-01,-3.214906801442389384e+00,2.088524374152311153e-02
3.140978312998206068e-01,-3.212076860517174115e+00,-1.591605922479847890e-01
3.130363559927081263e-01,-3.211756904392006007e+00,-3.458190796138427836e-01
3.127471019508141770e-01,-3.212032235065355845e+00,-5.274978030090936576e-01
3.130479762809327271e-01,-3.212481746823784512e+00,-7.152563104551851181e-01
3.921793219967778521e-01,-3.272943641601089748e+00,-7.695307919099155791e-01
4.730202417190810804e-01,-3.353182359664420353e+00,-7.709157278423569570e-01
5.550854018871144158e-01,-3.434536345383254474e+00,-7.717797211653832923e-01
6.349048929022861332e-01,-3.509337240187385465e+00,-7.702346070589040083e-01
7.163637641409789092e-01,-3.590477364823106310e+00,-7.814456361498450798e-01
8.013339522176512464e-01,-3.665706709072615421e+00,-7.756859553587350797e-01
8.812094608086834535e-01,-3.741572941037091038e+00,-7.884111528030143257e-01
9.594167264959868602e-01,-3.816964352530324511e+00,-8.021142974607242682e-01
1.039835667556034959e+00,-3.892160456276102742e+00,-8.053227774802491634e-01
1.151317108242730036e+00,-3.935581122396043963e+00,-9.546703190147758367e-01
1.157388168555678609e+00,-3.934792164631688571e+00,-1.139054703606967589e+00
1.163623923412557826e+00,-3.934097304688893626e+00,-1.319616930317041970e+00
1.171901353480079955e+00,-3.933125885370048369e+00,-1.461691836914736475e+00
1.164098036018281546e+00,-3.933009444237992369e+00,-1.382087594810160969e+00
1.160107789211116458e+00,-3.929928100158265991e+00,-1.591327251865406023e+00
1.111551440845827576e+00,-4.036455071298605368e+00,-1.609227203697596975e+00
1.124609587527828136e+00,-4.092812424712033881e+00,-1.676248774454257129e+00
1.109996080526563178e+00,-4.085076028194944975e+00,-1.933641838825795434e+00
1.101395056367038272e+00,-4.080642449990680376e+00,-2.164821975445260893e+00
1.099807180364528403e+00,-4.081246991904587951e+00,-2.357232576636839383e+00
1.102833059036213426e+00,-4.085753042831363757e+00,-2.366964056298999530e+00
1.102367544694448975e+00,-4.089482456082879303e+00,-2.171701463200322646e+00
1.106644252926539007e+00,-4.096285094364167101e+00,-2.294048048090924219e+00
1.033133807462167209e+00,-4.168492578646548985e+00,-2.336295420022320712e+00
9.607769713120211108e-01,-4.241222544876062983e+00,-2.327716306217026521e+00
9.494608999521627624e-01,-4.279018930230982676e+00,-2.436603562500252451e+00
9.446031918641376590e-01,-4.275607062405668124e+00,-2.647066832555095672e+00
9.395967816499309899e-01,-4.272421274445073358e+00,-2.853955319546073621e+00
9.352330153586038142e-01,-4.271701255234140682e+00,-3.046323240988328518e+00
9.308144192748216694e-01,-4.267927058030218213e+00,3.022900188407397160e+00
9.261337592799995244e-01,-4.267622759770606677e+00,2.823100316368364116e+00
9.260176873527520280e-01,-4.271094740139548485e+00,2.665067027921199205e+00
9.257006058987375940e-01,-4.274089619097300563e+00,2.513562973998324068e+00
9.309558921990120917e-01,-4.273792695475769676e+00,2.298940188197127199e+00
9.322784829050316802e-01,-4.272901837023909799e+00,2.127930060916510158e+00
9.334431753404680565e-01,-4.272162778240794268e+00,1.963566662910451122e+00
9.251719108146204684e-01,-4.273110551656563949e+00,1.837658004225050323e+00
9.172355167905898998e-01,-4.273977158114785624e+00,1.716426403554061730e+00
9.249106711386773094e-01,-4.272443740894440012e+00,1.485612866823643685e+00
9.295081639010296382e-01,-4.270490824463426982e+00,1.274880529332333756e+00
9.339726927544845791e-01,-4.267467380680594502e+00,1.071520832995204175e+00
9.400189299549518429e-01,-4.263501327182827261e+00,8.636611959966019603e-01
9.340522464733563845e-01,-4.255067088837058087e+00,7.232277230557870862e-01
9.282215915173979148e-01,-4.246306763322753142e+00,5.865318247211772640e-01
9.239292604873383663e-01,-4.254351804961141070e+00,3.689734908740791575e-01
9.209477084442565520e-01,-4.256684573039879460e+00,1.854464371993407024e-01
9.183575558533679795e-01,-4.257636556617603318e+00,3.491066436869758819e-03
9.156142192785744482e-01,-4.258948784176365798e+00,-1.791570193052042237e-01
9.129417464865354770e-01,-4.260100479945766239e+00,-3.631056184912992424e-01
9.104893431997680420e-01,-4.261275044528340494e+00,-5.485568059264872565e-01
9.081777901457487312e-01,-4.262483825067205245e+00,-7.290091124329777239e-01
9.061335358604548640e-01,-4.263664945944706908e+00,-9.141671303347326250e-01
9.046142255981337588e-01,-4.264896613811572479e+00,-1.102927754507892155e+00
9.031824284177365492e-01,-4.266513389265848666e+00,-1.281508580933707009e+00
9.020979438562467534e-01,-4.268640588594990959e+00,-1.475384872750728604e+00
9.036072830081706142e-01,-4.266360993341146823e+00,-1.649793740158725042e+00
9.100402453242457668e-01,-4.266502762617179201e+00,-1.805480067447206460e+00
9.055152740257970123e-01,-4.261329817805853182e+00,-2.014110125224177761e+00
9.007813970549962690e-01,-4.256650702857886159e+00,-2.223595335866487499e+00
8.598413539497062885e-01,-4.315616615840571768e+00,-2.314109691690597437e+00
7.893535351059420835e-01,-4.389207969113137153e+00,-2.308958130667377873e+00
7.197055249277808375e-01,-4.461699070982989568e+00,-2.299051628788410184e+00
6.508858588788692945e-01,-4.533997433854155545e+00,-2.198750528777803304e+00
5.962105697890754952e-01,-4.608277601382675392e+00,-2.181555620962161157e+00
5.381052564800378191e-01,-4.682788454567437419e+00,-2.080685780664148776e+00
4.927554116171409260e-01,-4.765614980112592214e+00,-2.025835439219596523e+00
4.437620832729516351e-01,-4.764239615573055531e+00,-1.915075401580711434e+00
4.820360132479175608e-01,-4.777388383303374120e+00,-1.654823769442039794e+00
4.754120622228122373e-01,-4.829505462366689095e+00,-1.550054000711068580e+00
4.799785217633195655e-01,-4.884126811543752389e+00,-1.399732429026000480e+00
4.976549104582781435e-01,-4.889229571332838198e+00,-1.178081709643959529e+00
4.981943634982098357e-01,-4.917743017991047516e+00,-1.037435041048593742e+00
5.325927066493280071e-01,-4.974734658518808139e+00,-1.104149602692854781e+00
5.753133262368845813e-01,-5.074479177707389432e+00,-1.137768530876266171e+00
5.776201733417341000e-01,-5.086383434923417823e+00,-1.330591184607549549e+00
5.839178146013175308e-01,-5.086633191724249770e+00,-1.503823007614214502e+00
5.934417138625796007e-01,-5.086723225246525537e+00,-1.674201150657111725e+00
6.024495084450562921e-01,-5.087300310036255269e+00,-1.855698490338769435e+00
6.112527254638434604e-01,-5.087992828839566606e+00,-2.027889091546508649e+00
6.206888910322643227e-01,-5.089422966808226256e+00,-2.209156744292005037e+00
6.202564493568298865e-01,-5.079992801591846963e+00,-2.404658614758997004e+00
6.195068398801919507e-01,-5.071058681914183630e+00,-2.589630577888254237e+00
6.253326572314028553e-01,-5.075468838151291351e+00,-2.687189541015071015e+00
6.183636941981255353e-01,-5.068361320992534225e+00,-2.516980392399400746e+00
6.296442595320689284e-01,-5.091949679267346873e+00,-2.308831465360706492e+00
6.242056975944691999e-01,-5.090362108114526940e+00,-2.125628343898168460e+00
6.186070676474276775e-01,-5.090731810648783551e+00,-1.947899350692611886e+00
6.071147941240778723e-01,-5.108129962544288638e+00,-1.770014602397611325e+00
5.989917453786022250e-01,-5.127351314005939464e+00,-1.588776033205915317e+00
5.894125804891022780e-01,-5.166638951443905725e+00,-1.443766840626934611e+00
6.078302257326730906e-01,-5.205927698966495321e+00,-1.239137905761357406e+00
6.290573923149807012e-01,-5.306349766448316352e+00,-1.174028204273473319e+00
6.650117991548614160e-01,-5.403560628145627653e+00,-1.169651197015846744e+00
6.460440271495313524e-01,-5.475851919724754602e+00,-1.047299231204517511e+00
6.589798698081344996e-01,-5.465032653276154839e+00,-8.360240647302633610e-01
6.635433196445145176e-01,-5.461812611033823650e+00,-6.396652296072571353e-01
6.691226946116873853e-01,-5.458491509322007218e+00,-4.508130081100910624e-01
6.694231650218923635e-01,-5.459867606641594762e+00,-2.752632841995711344e-01
6.704250435111042128e-01,-5.461028879087508336e+00,-9.108563714880153761e-02
6.716706241520589149e-01,-5.462554596174813426e+00,9.929123713677354135e-02
6.729432626761249203e-01,-5.464098542393134750e+00,2.891651156737287676e-01
6.748444293414206374e-01,-5.464763708021237676e+00,4.809281901798712622e-01
6.765177903251190505e-01,-5.465282274758122227e+00,6.655415610260031478e-01
7.235322678621495252e-01,-5.417945978372423532e+00,8.119266896469781170e-01
7.336506821915923515e-01,-5.408317958155398841e+00,9.909704341596077271e-01
7.354303580378022120e-01,-5.407575687424029276e+00,1.169687235992016294e+00
7.339027340976199687e-01,-5.406892713663708605e+00,1.367228446961271437e+00
7.355440705781698396e-01,-5.405664460300005025e+00,1.555189829337190188e+00
7.330182451584591474e-01,-5.404023384679621955e+00,1.747465577387747215e+00
7.258897279754379372e-01,-5.401729580916812878e+00,1.962249180521670855e+00
7.166536525401293600e-01,-5.399080258409498789e+00,2.180333339580518004e+00
6.800583149259179505e-01,-5.314957212920700336e+00,2.188041261045876595e+00
6.215352482737782625e-01,-5.224351594154040157e+00,2.197977625924104839e+00
5.607396170556573356e-01,-5.136754450162722030e+00,2.262119857170632020e+00
5.328753936226565679e-01,-5.089465484225126346e+00,2.086939279292650440e+00
5.173107946117885270e-01,-5.046124947536407390e+00,1.913589134859233765e+00
5.155358638902810542e-01,-4.992763590851100552e+00,1.707372937954270364e+00
5.120071303874611512e-01,-4.932392196177692867e+00,1.536799266301338118e+00
5.256908588242892311e-01,-4.863069928556003063e+00,1.383467576132770382e+00
5.561966979174625125e-01,-4.762964854549180949e+00,1.211859754674768475e+00
5.738782204185751690e-01,-4.672161015159945308e+00,1.120855162590514986e+00
5.557433281485736343e-01,-4.589118747015741739e+00,1.036963838235549051e+00
6.167923982958849471e-01,-4.510185506355536944e+00,1.033020945666890178e+00
6.773561254415024768e-01,-4.428005155439021401e+00,1.023240768893443953e+00
7.215235309846488310e-01,-4.373692950183154515e+00,8.740627391088025000e-01
7.656078386336977459e-01,-4.331499075489918305e+00,7.096339085190893625e-01
8.232339071395458063e-01,-4.301496668804614565e+00,5.048175777702033074e-01
8.839162466661367734e-01,-4.271346733978233168e+00,3.433105493627607308e-01
9.467185160855569048e-01,-4.247553940415130569e+00,1.927805096673620711e-01
9.962850062647763405e-01,-4.239340174723813526e+00,2.120101160016008707e-02
1.039791414021653315e+00,-4.242977959974638225e+00,-1.781126283708270308e-01
1.098419381342994328e+00,-4.258472964391387450e+00,-3.677245588457693781e-01
1.199092949119364482e+00,-4.299556218979338595e+00,-4.872797312884886711e-01
1.257475608337417450e+00,-4.324141433180155758e+00,-3.438265421266420430e-01
1.282953629320540356e+00,-4.320658701479708874e+00,-1.500416334295844034e-01
1.298892033420067538e+00,-4.311752405123461251e+00,5.687232530510743372e-02
1.307211322025015887e+00,-4.305714297658183476e+00,2.427278821039741408e-01
1.315787465671212297e+00,-4.298651501774336303e+00,4.373908830082675059e-01
1.337585185931240650e+00,-4.290212763389550155e+00,6.023975850763649831e-01
1.411659101722087861e+00,-4.250619327964232141e+00,6.148294274855993224e-01
1.492987078779674848e+00,-4.189756485348930859e+00,6.272667243409578708e-01
1.573474177661041473e+00,-4.127513360832844036e+00,6.357001365821729477e-01
1.653350566400147104e+00,-4.065777680510428205e+00,6.451367213906786802e-01
1.732157697002568275e+00,-4.002830369740322247e+00,6.471624495115975151e-01
1.739109430661103239e+00,-3.998211626252572870e+00,8.268651435865079780e-01
1.741053753656866876e+00,-3.997145788336501582e+00,1.010315794721505567e+00
1.742686599261616731e+00,-3.995836407539093749e+00,1.185297137162357961e+00
1.744382720914708473e+00,-3.993468436445917646e+00,1.368041958767212574e+00
1.745814491062379847e+00,-3.991171408947570054e+00,1.543097018248559493e+00
1.747100242361111722e+00,-3.988600001449371213e+00,1.731354843758156736e+00
1.773028736537850980e+00,-3.969533967088748394e+00,1.877878834368321037e+00
1.765963149067574678e+00,-3.973886248550114519e+00,2.078112200481466498e+00
1.769359054287407806e+00,-3.970328691005008181e+00,2.262734205993217618e+00
1.772139630883044825e+00,-3.966809826266672889e+00,2.443733600830225949e+00
1.771611128443317140e+00,-3.964932210512873478e+00,2.627408975458911833e+00
1.770593849060150937e+00,-3.963210967475673918e+00,2.811015993032543570e+00
1.769687346995060251e+00,-3.961396126834062059e+00,2.992016905071237076e+00
1.768846128299073728e+00,-3.959498872025577931e+00,-3.109078126971178690e+00
1.767527547924736764e+00,-3.957864889595809732e+00,-2.929746364400098724e+00
1.766022497443910044e+00,-3.956344024719046448e+00,-2.751724035026861692e+00
1.764328198195333153e+00,-3.955217917276305784e+00,-2.571674495421032880e+00
1.783621792114980842e+00,-3.977233117235015492e+00,-2.300899814660659182e+00
1.774962153065419823e+00,-3.968098300314868432e+00,-2.144833610423390713e+00
1.766268934650516265e+00,-3.959275428563646226e+00,-1.992997239017729294e+00
1.764962056953480962e+00,-3.960869114689222759e+00,-1.802913911467358909e+00
1.763600780580513172e+00,-3.962226396471828505e+00,-1.620172949038602317e+00
1.762671182910876544e+00,-3.964047938425396822e+00,-1.440096156632219904e+00
1.762214143542435218e+00,-3.966063961700042384e+00,-1.256649288388515640e+00
1.761855408647479804e+00,-3.968110995942192076e+00,-1.077203904082066011e+00
1.761732149849119411e+00,-3.970365852787801852e+00,-8.936880337053495493e-01
1.753901102622943853e+00,-3.991932478259246686e+00,-7.501228519270953798e-01
1.746525054781229436e+00,-4.013691623039824741e+00,-6.013840206423511914e-01
1.748123248874257962e+00,-4.006745001745666279e+00,-4.083410290732462644e-01
1.751929305310424789e+00,-3.999735839339183308e+00,-2.086849522499363840e-01
1.755818753479646110e+00,-3.993942468419065417e+00,-1.559907892770128965e-02
1.756616423434091745e+00,-3.997149077909021742e+00,1.663261859794663289e-01
1.757485244735664365e+00,-4.000143565840747151e+00,3.555431823765581312e-01
1.758578277135607992e+00,-4.002990134360933538e+00,5.374773331093228856e-01
1.759841538231222691e+00,-4.005512956308761474e+00,7.133271701871108927e-01
1.761322275666187487e+00,-4.007843560076719491e+00,9.007686833339701993e-01
1.762814612514074453e+00,-4.009640392071906589e+00,1.089173117174596417e+00
1.764079150482176228e+00,-4.010802555983493001e+00,1.274584364641234036e+00
1.763607010214269799e+00,-4.013061775978201240e+00,1.305670857452937428e+00
1.760721056920010463e+00,-4.015279283270156263e+00,1.126281967035155596e+00
1.758086655602770776e+00,-4.016912938828903101e+00,9.513739537012394498e-01
1.755268392162821600e+00,-4.017719984981823700e+00,7.716483061594908710e-01
1.753004752815571221e+00,-4.018329405928456666e+00,5.933007224056940920e-01
1.750480891247136128e+00,-4.018577317267485682e+00,4.118201714990865070e-01
1.748093197456723091e+00,-4.018837539463147479e+00,2.366692387874338721e-01
1.745929361191840723e+00,-4.018976900579999345e+00,5.594973260929588660e-02
1.745047545391411159e+00,-4.017080322997765407e+00,-1.152622858528607880e-01
1.744853082229445462e+00,-4.015526967828209948e+00,-2.912035362268108329e-01
1.744591700309824578e+00,-4.013896410043398255e+00,-4.623474461704515370e-01
1.744644816075817229e+00,-4.012269385713320702e+00,-6.389622123344453897e-01
1.744903716760188850e+00,-4.010005731460037914e+00,-8.174773580274522500e-01
1.745319033356300897e+00,-4.007732683050723388e+00,-9.948370257626517610e-01
1.746364744300795246e+00,-4.005093198747560201e+00,-1.127125864620476703e+00
1.746937510205237132e+00,-4.008041214605912117e+00,-9.440713303302877835e-01
1.811430893779680140e+00,-4.087752516279368642e+00,-8.796484296208824105e-01
1.876913746595171295e+00,-4.164440194280972563e+00,-8.478985831896830305e-01
1.891803514666306585e+00,-4.180019682854032581e+00,-6.622524986346420839e-01
1.908980680861457113e+00,-4.192477210881128791e+00,-4.792603395782246700e-01
1.921792416555609950e+00,-4.242371539457129082e+00,-3.355081163121210186e-01
1.921943228978413964e+00,-4.241180901260515945e+00,-1.511022970818524380e-01
1.921900231743944421e+00,-4.239433832127288859e+00,4.701700149406290441e-02
1.922474361420106082e+00,-4.237537002911636819e+00,2.439929383893479631e-01
1.921732598565267791e+00,-4.232320620953636592e+00,3.475539849267670345e-01
1.920236081548584828e+00,-4.231840544999207587e+00,1.702403161669587828e-01
1.919495409247858442e+00,-4.231443569830343421e+00,-7.566396929197667133e-03
1.918062639159850313e+00,-4.230580209309247941e+00,-1.857440698869548545e-01
1.916894033854701807e+00,-4.229191410944125096e+00,-3.642378125546292256e-01
1.916536455303085695e+00,-4.227809245589916998e+00,-5.352848744028473327e-01
1.941859604417975227e+00,-4.244900542195837900e+00,-6.784396282452764826e-01
1.954467154272956364e+00,-4.256977746401809704e+00,-8.456371522158742104e-01
1.976943744062598762e+00,-4.288129509815581386e+00,-8.814353435485966504e-01
2.006543262162572283e+00,-4.323812061842420285e+00,-7.366912694130804962e-01
2.007801718400993085e+00,-4.329130956229429117e+00,-5.616061779286213307e-01
2.009233532987775295e+00,-4.333670114664542439e+00,-3.855059471740082122e-01
2.011035014250237563e+00,-4.338247569663560732e+00,-2.158638541462186144e-01
2.013246325483300847e+00,-4.342564849382010372e+00,-4.240241290540298219e-02
2.015462393896731097e+00,-4.347128608360779189e+00,1.358472885188919121e-01
2.017372867501161515e+00,-4.351526317387159892e+00,3.136926762200761831e-01
2.017562030077354684e+00,-4.350863972718110873e+00,4.967829795594248532e-01
2.017003111714717356e+00,-4.348035881686334925e+00,6.826014888003821834e-01
2.016783625817448300e+00,-4.343376698549541004e+00,8.648971272765119123e-01
2.002372696808117247e+00,-4.318166815786850243e+00,7.843736752861654171e-01
2.005406972967308299e+00,-4.329792017174459495e+00,5.827482616084831424e-01
2.003498004004747202e+00,-4.329763530120008141e+00,4.010891289328961662e-01
2.002375165510352772e+00,-4.332312401888941622e+00,2.088644100035070561e-01
2.001345960169548466e+00,-4.334910812364467958e+00,1.422152461176495047e-02
1.997766655738592245e+00,-4.334239014701470438e+00,-1.669673467240245790e-01
1.994142175421941943e+00,-4.333123837430617797e+00,-3.507215967265480128e-01
1.991293702184687930e+00,-4.331681645155320837e+00,-5.421703921580101060e-01
1.991248765449936675e+00,-4.332768417586721377e+00,-7.355555223119294439e-01
1.992969764956987300e+00,-4.334965571431590448e+00,-9.156496263605601316e-01
1.995056965828526430e+00,-4.339909979786545691e+00,-1.095508434854514768e+00
2.010086773536919669e+00,-4.381672934339682968e+00,-1.259978419301471586e+00
2.024634935918069978e+00,-4.453844082175491437e+00,-1.359676110491354839e+00
2.034729076963528005e+00,-4.513038387069221891e+00,-1.398398911393984978e+00
2.033989248689560547e+00,-4.564735684077620981e+00,-1.589639338698163984e+00
2.027426306770641062e+00,-4.665788875080401077e+00,-1.615114709926692926e+00
2.019996842004412763e+00,-4.767513207005169562e+00,-1.613884146847592627e+00
2.012573905038356425e+00,-4.869612338566765786e+00,-1.610231655830280495e+00
2.026766145019518461e+00,-4.900211257117373265e+00,-1.696858403371620971e+00
2.016503214856403492e+00,-4.897985270744322328e+00,-1.943608463110271689e+00
2.015056335791214792e+00,-4.897699750317352496e+00,-2.145039351533686744e+00
2.017191896243799132e+00,-4.898686672234626727e+00,-2.326175105394345355e+00
2.018658622452921936e+00,-4.900439325160619752e+00,-2.501096730939759372e+00
2.019885585848590015e+00,-4.902353315090948627e+00,-2.678788052694727639e+00
2.020197012303482254e+00,-4.900868007471774312e+00,-2.857935617983063281e+00
2.020118702912146347e+00,-4.897642698343670276e+00,-3.048302061330199209e+00
1.919682288403896875e+00,-4.900190979189157581e+00,-3.049283993707243123e+00
1.828360051924697860e+00,-4.902645676634236338e+00,-2.880100565593918915e+00
1.808679246989661760e+00,-4.893486850051646186e+00,-2.704448654288605258e+00
1.804359824247637301e+00,-4.898526861920555753e+00,-2.532571600022933467e+00
1.799709049993412080e+00,-4.903397689022099826e+00,-2.351564738577536229e+00
1.795454645008058847e+00,-4.909477414576671528e+00,-2.157623877979789384e+00
1.791583996050024163e+00,-4.916810537433267569e+00,-1.962776609840383601e+00
1.787970945735261941e+00,-4.931071304866549987e+00,-1.779386340866347282e+00
1.766017011786041424e+00,-5.038848952759308553e+00,-1.735414486096765962e+00
1.747653506133943990e+00,-5.146078528319348422e+00,-1.728458346676670088e+00
1.730213796143749816e+00,-5.251392121575443106e+00,-1.728036346415666502e+00
1.697342131339441895e+00,-5.325890441093846128e+00,-1.653485972999321874e+00
1.706093347792629222e+00,-5.329191982049927390e+00,-1.420037140735875614e+00
1.711274237648117591e+00,-5.332053397135563699e+00,-1.204459545863803882e+00
1.707215862870312462e+00,-5.333185012466285180e+00,-1.036119994035372471e+00
1.708155028414812371e+00,-5.332538941271725896e+00,-8.289844143426821077e-01
1.706623656312045156e+00,-5.336973415704572510e+00,-6.554761432719693470e-01
1.705902017469639098e+00,-5.341031917232779591e+00,-4.879493753241417875e-01
1.701525866444060009e+00,-5.355093803169169497e+00,-3.868615994273790215e-01
1.795803042542682970e+00,-5.383994615009410900e+00,-1.893754339306467915e-01
1.787614207004796674e+00,-5.353754986247141190e+00,-1.801659367708911830e-01
1.746567650036127572e+00,-5.353250577899666851e+00,-1.818162720572746305e-01
1.746905276282891828e+00,-5.350089741691457235e+00,1.951228174052828390e-02
1.747997677141454487e+00,-5.351938397838872596e+00,2.103046499108552625e-01
1.749523669214391841e+00,-5.353966801653915475e+00,4.073540162126771391e-01
1.751007699211536872e+00,-5.355688967005603374e+00,6.036307734537986747e-01
1.752928416497228747e+00,-5.357255170796023869e+00,7.872195729079568549e-01
1.753736381610025763e+00,-5.357104849486995946e+00,9.875525611390617575e-01
1.754731295738929164e+00,-5.356332586199951784e+00,1.172298195879175831e+00
1.790223986383113974e+00,-5.360853842041149342e+00,1.209659085807253565e+00
1.766192755432759887e+00,-5.357740355547914390e+00,1.530095621402668638e+00
1.772005843940613223e+00,-5.267480140488011386e+00,1.640202720880722609e+00
1.772403768861307238e+00,-5.155046109173566649e+00,1.645540471841050678e+00
1.782089574037323931e+00,-5.137121190625612677e+00,1.427488310250537573e+00
1.792088262016732436e+00,-5.147892525870688019e+00,1.210515377259919312e+00
1.803838908449709955e+00,-5.068353314378792440e+00,1.164864628481533826e+00
1.810138222448534284e+00,-5.063924752123100781e+00,1.341875658967176754e+00
1.825597497442774220e+00,-5.040843258416181527e+00,1.317912649040750672e+00
1.861659456575618155e+00,-5.022183237104106190e+00,1.038770263806166216e+00
1.912915159807404786e+00,-4.915841977848487865e+00,9.383790633767025158e-01
2.005873449782448414e+00,-4.865512922372566607e+00,9.067717411140858719e-01
2.043264941662987777e+00,-4.833149949656394995e+00,7.189372149656474420e-01
2.069901056318132593e+00,-4.817442983268222179e+00,5.216623916407701067e-01
2.089493852935230933e+00,-4.811524123060036295e+00,3.252238655170602843e-01
2.113964232886567096e+00,-4.825770002892987520e+00,7.690328028104158331e-02
2.145768435546140829e+00,-4.824698565037710551e+00,-1.055887836506976679e-01
2.165796054349017119e+00,-4.827335174747158675e+00,-2.899657061826714788e-01
2.192679240771413518e+00,-4.837786261063748761e+00,-4.810464961800071659e-01
2.220848255372539715e+00,-4.855142086552540981e+00,-6.689643408410848036e-01
2.244252103941285270e+00,-4.876346180867497715e+00,-8.491120656993359495e-01
2.288950519238380110e+00,-4.938285577372115043e+00,-9.809276722910017510e-01
2.308369165232708298e+00,-4.960479198114799537e+00,-7.950554201550308342e-01
2.332036441041581476e+00,-4.979332793246766364e+00,-6.059620721658093290e-01
2.363307969699800282e+00,-4.996240025065872281e+00,-4.187766350646360825e-01
2.414309389868628752e+00,-5.011866218721872102e+00,-2.466940306112413439e-01
2.508418036983669719e+00,-5.010359699956540958e+00,-2.798828339242166452e-01
2.516092667939322958e+00,-5.007875482510160126e+00,-3.652355411083423320e-01
2.519921117953269896e+00,-4.985526032933862872e+00,-1.546234272759534623e-01
2.523559441877204712e+00,-4.980068462069183965e+00,3.694793318504639018e-02
2.526794509538083044e+00,-4.982843743406480286e+00,2.197526945799215536e-01
2.529867344834600740e+00,-4.984995452599508603e+00,4.073570913853410969e-01
2.531227763860181668e+00,-4.978351570294976547e+00,5.946090188734036719e-01
2.534188033858982170e+00,-4.982982021524257732e+00,7.754399832662374203e-01
2.537433488112986968e+00,-4.986577865366910167e+00,9.553568946231192349e-01
2.540263769988795772e+00,-4.989673903898953711e+00,1.134761479662748762e+00
2.542939843875149375e+00,-4.992021424219937664e+00,1.310163810381350213e+00
2.545393829280901077e+00,-4.994619427441236326e+00,1.491549159563676064e+00
2.542266335881179895e+00,-4.997991641610117775e+00,1.675686498430062787e+00
2.538467335627509591e+00,-5.001183678006882793e+00,1.866342325201924224e+00
2.532338453655521793e+00,-5.006079876422629304e+00,2.062108061251653801e+00
2.529988947999270987e+00,-5.007592074419826567e+00,2.231385127551426262e+00
2.527185090588528915e+00,-5.009382993089274372e+00,2.408404780724072047e+00
2.522802421922393457e+00,-5.012633838550756948e+00,2.598203740630623315e+00
2.518534306472217654e+00,-5.015716897758208503e+00,2.777107993199591451e+00
2.514545995578534754e+00,-5.024643455345918497e+00,2.987265319786831519e+00
2.511862274158367381e+00,-5.023597474752988568e+00,-3.130697720217965330e+00
2.508762376068913280e+00,-5.022232655655734845e+00,-2.964156108040794990e+00
2.504204442908045891e+00,-5.036624510012431166e+00,-2.741398924707274087e+00
2.502035944281237434e+00,-5.031147034325105238e+00,-2.589587146277737340e+00
2.499570984741508628e+00,-5.025454755352530611e+00,-2.440128458180292448e+00
2.502155933178749070e+00,-5.023193664406303327e+00,-2.254163921996746200e+00
2.504612233348027406e+00,-5.021271126283500585e+00,-2.067227166156237583e+00
2.506991635636280247e+00,-5.019693017050965267e+00,-1.879928656696138400e+00
2.508298032023448254e+00,-5.020227369663989414e+00,-1.696498921722191522e+00
2.509976151716734272e+00,-5.021327082445963264e+00,-1.506373958698224991e+00
2.511920928386224272e+00,-5.023076741886447039e+00,-1.315015018482575071e+00
2.515700191748330372e+00,-5.026915540746662359e+00,-1.136843016794764960e+00
2.535605643117536445e+00,-5.041208467367023438e+00,-9.056745875711252891e-01
2.602677415245783443e+00,-5.123865735727807014e+00,-9.007023627662450460e-01
2.669599397490759696e+00,-5.204775815400247474e+00,-9.049594283454980292e-01
2.737652192086275971e+00,-5.281828149875182454e+00,-8.868406464487629259e-01
2.783131492566532472e+00,-5.329343327477353398e+00,-7.123632815646639971e-01
2.796118296581126206e+00,-5.341178235024631960e+00,-5.318175143678434136e-01
2.798246552710548229e+00,-5.343635615151316465e+00,-3.476540166023477374e-01
2.800450550923932802e+00,-5.346188624961512481e+00,-1.652949597289339601e-01
2.803214298484186795e+00,-5.348699613138922615e+00,1.859081027320396914e-02
2.805872577361337772e+00,-5.350587995517900985e+00,1.977164809120794675e-01
2.809101607549786994e+00,-5.352284912318471477e+00,3.717016587606751243e-01
2.812251262074964675e+00,-5.353623732710885541e+00,5.454142684675917785e-01
2.811965493822529805e+00,-5.353226863083728304e+00,3.638342743207892971e-01
2.810803425653362275e+00,-5.352592516418115842e+00,1.796645244793525775e-01
2.810477667742429464e+00,-5.351622281679427218e+00,-5.578652798101824996e-03
2.810095889285304960e+00,-5.350398536322570564e+00,-1.845834636230836712e-01
2.813539177953031434e+00,-5.350153707539023529e+00,-3.622888654244139639e-01
2.817963610177761868e+00,-5.351085248435429875e+00,-5.402866498304287335e-01
2.831864368592200698e+00,-5.360545404248208357e+00,-7.230909111912395826e-01
2.839680568043481568e+00,-5.367795645344110689e+00,-9.044971478893867323e-01
2.851134758213573761e+00,-5.384309243754385577e+00,-1.090177449158522993e+00
2.879940118281859807e+00,-5.422551222085156830e+00,-1.187646488620373919e+00
2.906205717122780641e+00,-5.481157276858624527e+00,-1.392181976268652033e+00
2.912104695000583554e+00,-5.549594719530137610e+00,-1.655007762509967506e+00
2.865966292832008211e+00,-5.628135550490957151e+00,-1.693409847881582886e+00
2.839345363520147103e+00,-5.697344714600310667e+00,-1.936618275036509518e+00
2.809122520984483895e+00,-5.797566741481126051e+00,-1.971318948116794534e+00
2.779552099798467069e+00,-5.894001434490506064e+00,-1.979376082732737130e+00
2.757618261872226029e+00,-5.973280995346597955e+00,-1.965538141635545744e+00
2.773925133044243818e+00,-5.997903702270287241e+00,-1.733371813055034405e+00
2.775866185196284253e+00,-6.002185016002532514e+00,-1.548011285305284535e+00
2.767611678986304558e+00,-6.009062452929974540e+00,-1.423838913042043242e+00
2.759216872974060930e+00,-6.015940857673039766e+00,-1.297079392339452575e+00
2.768474662243333384e+00,-6.014997753387731905e+00,-1.040483177255533853e+00
2.766922894373157860e+00,-6.018012337853035021e+00,-8.568743326126577742e-01
2.766109592268475748e+00,-6.021086523572773075e+00,-6.296266933197749438e-01
2.765593494502442518e+00,-6.023541973122337190e+00,-4.519244415875010024e-01
2.764868506982060659e+00,-6.025725607498054970e+00,-2.622574888344778588e-01
2.764941481261478540e+00,-6.027686207095311666e+00,-7.054244453236710455e-02
2.765532057039863822e+00,-6.029955746517016379e+00,1.380859006543939393e-01
2.766350352418634362e+00,-6.032338106717284099e+00,3.396661101517121084e-01
2.768175786858062093e+00,-6.034431738619803198e+00,6.260452679407045862e-01
2.769800539596371181e+00,-6.035946803805295247e+00,8.539512226253329619e-01
2.771191073820031825e+00,-6.036885896114699612e+00,1.028281033447666193e+00
2.772610885804866143e+00,-6.037296106682802588e+00,1.220261679905959795e+00
2.773694394385207485e+00,-6.036554204342477803e+00,1.444369081286988044e+00
2.774434015367975181e+00,-6.035945861939406853e+00,1.618834733646821844e+00
2.775156329313102521e+00,-6.034742045992369519e+00,1.832457773238379328e+00
2.775238218875647700e+00,-6.033251133016723777e+00,2.011777919901017064e+00
2.774853508228919186e+00,-6.031014986832900604e+00,2.270916525965734678e+00
2.773640660998418106e+00,-6.029130974243789964e+00,2.491452495173594350e+00
2.772098740073999146e+00,-6.027514726106510068e+00,2.714670774871108971e+00
2.770243948274496049e+00,-6.026271541472527637e+00,2.891401664250199843e+00
2.767705140806528519e+00,-6.024067494150038726e+00,3.134816515167167417e+00
2.765079253916082003e+00,-6.022977110388462840e+00,-2.971296717960138611e+00
2.761982226469735568e+00,-6.021838336928497348e+00,-2.736657995788172926e+00
2.758862542089431269e+00,-6.020883099113631509e+00,-2.549226028433154045e+00
2.755495942761902572e+00,-6.020631508381354635e+00,-2.370898403047934089e+00
2.753040814022566174e+00,-6.021497799677970164e+00,-2.358893701741658688e+00
2.753232506257065282e+00,-6.023027718901052374e+00,-2.551015049621318642e+00
2.751559291143396369e+00,-6.024861674070533191e+00,-2.645468537533639086e+00
2.748047967200924369e+00,-6.024461323986087358e+00,-2.467622837320530227e+00
2.742682209684120576e+00,-6.025832900099847400e+00,-2.348680628461592423e+00
2.743232850837907133e+00,-6.027215528174158621e+00,-2.534324534843421795e+00
2.743481963790401768e+00,-6.029127296925360646e+00,-2.709836412614501810e+00
2.743078062354422642e+00,-6.032675708523146163e+00,-2.889127833857540129e+00
2.638407383239719461e+00,-6.056416450981243038e+00,-2.973519118259406735e+00
2.534340215021870346e+00,-6.076420880869852326e+00,-2.948599906313731811e+00
2.431558641822061606e+00,-6.105576351048839001e+00,-2.899161064455478165e+00
2.330453721311284365e+00,-6.127163688035994760e+00,-2.915528118573111005e+00
2.221975971724462262e+00,-6.158372905633228811e+00,-2.889321064386789484e+00
2.176544390729288292e+00,-6.167117521135089930e+00,-2.729193009581809992e+00
2.171163844373799723e+00,-6.165608339145121519e+00,-2.552041490413619051e+00
2.085318952577498663e+00,-6.225821120639523976e+00,-2.468031004683465923e+00
1.998115727268884534e+00,-6.291403169089390346e+00,-2.470515029414544372e+00
1.915349185105108765e+00,-6.356350274413116175e+00,-2.466928204071269892e+00
1.830262071960109926e+00,-6.421124885302891272e+00,-2.463947058009861912e+00
1.812744236338712067e+00,-6.485046673985936039e+00,-2.574961827914363788e+00
1.813182832261741595e+00,-6.484906111870928136e+00,-2.762349220346918433e+00
1.813645868915560566e+00,-6.485154253610260433e+00,-2.948779052898699238e+00
1.814008999969687119e+00,-6.484804914614685778e+00,-3.129605340933054425e+00
1.814263786098038844e+00,-6.485083689720159583e+00,2.967147479182446812e+00
1.730221739467575182e+00,-6.460140126743772804e+00,2.908988687650374327e+00
1.700213981025861187e+00,-6.451782542419906008e+00,2.816775172039985176e+00
1.693689968362283249e+00,-6.448282464334851305e+00,2.897147205547407456e+00
1.690796562529090608e+00,-6.446081642406242374e+00,2.908793856691191060e+00
1.690386424477726912e+00,-6.446373250360176499e+00,2.725254560690875127e+00
1.603769647600035597e+00,-6.394454608458683076e+00,2.595571743832344236e+00
1.543473799199070573e+00,-6.358964743726415847e+00,2.382201733385232334e+00
1.540631698162765684e+00,-6.356742494366415031e+00,2.404585390071321438e+00
1.538664640036375042e+00,-6.354086263205226182e+00,2.584740040494901248e+00
1.536403181110875149e+00,-6.351694218389381419e+00,2.759832259402076993e+00
1.534320404657773640e+00,-6.349041656918727128e+00,2.942767435504363593e+00
1.532052639317143417e+00,-6.346681123327716278e+00,-3.136629568839840676e+00
1.530005830536629308e+00,-6.344264323511631609e+00,-2.961777882199597478e+00
1.527300808095058082e+00,-6.341671818551583684e+00,-2.784332245271976980e+00
1.524515829992131533e+00,-6.339119387179769305e+00,-2.602767622343035825e+00
1.521644233357082987e+00,-6.336798222476716091e+00,-2.420727882027364330e+00
1.518706403648814707e+00,-6.334973759320494224e+00,-2.245070115413886569e+00
1.515683369363268085e+00,-6.333551468472191637e+00,-2.064111600525571522e+00
1.512447631767727119e+00,-6.332187596764542903e+00,-1.882677622529058903e+00
1.510995663333804195e+00,-6.332645160936761108e+00,-1.701083255937778871e+00
1.509323662363746932e+00,-6.332957498128296336e+00,-1.519711068988126135e+00
1.508256418445620861e+00,-6.333830686049206626e+00,-1.341668779888883778e+00
1.507802146794337217e+00,-6.335242866188371735e+00,-1.157854526064613143e+00
1.507174769244773449e+00,-6.336291714254762120e+00,-9.751883821380044060e-01
1.507188085465240635e+00,-6.337845471277367082e+00,-7.981918000287796522e-01
1.508068513838004554e+00,-6.339327609147486164e+00,-6.158528921786936561e-01
1.508746829944095369e+00,-6.340986198274953800e+00,-4.390214775386256374e-01
1.508619940509759560e+00,-6.343987840606593487e+00,-2.617039592458306196e-01
1.507041462988246039e+00,-6.345623197739600485e+00,-3.703834796212548408e-01
1.505056973401087017e+00,-6.345088819692207949e+00,-5.500388382229001172e-01
1.582619227461513400e+00,-6.383291543828085501e+00,-5.616883063136395293e-01
1.647802257229384892e+00,-6.443020504805718751e+00,-6.210145528983505026e-01
1.732654188661080452e+00,-6.506931842004949118e+00,-7.220991251349679896e-01
1.797759178296560512e+00,-6.570208219828066909e+00,-8.861021471185742682e-01
1.819087472246452064e+00,-6.602753104186286137e+00,-1.062758991420766685e+00
1.808296611993517100e+00,-6.613239643685037805e+00,-1.314627834269781470e+00
1.812271310099585309e+00,-6.612058669754152795e+00,-1.484796512643832056e+00
1.816596178329446198e+00,-6.610854975648395637e+00,-1.657506186166670892e+00
1.821064592481062672e+00,-6.609852545506130106e+00,-1.835303379842894156e+00
1.826360047931659292e+00,-6.609466770948806413e+00,-2.011019330151184725e+00
1.806478285487314261e+00,-6.624003425817444501e+00,-2.164203264962509365e+00
1.767313323514046131e+00,-6.625319692489528123e+00,-2.107097239967659963e+00
1.780343936482569278e+00,-6.635633065065657199e+00,-1.896937680364622514e+00
1.782133872743252079e+00,-6.636510864496716344e+00,-1.701171989125198181e+00
1.784544085393369617e+00,-6.638040392559680036e+00,-1.510219204873927357e+00
1.787160736358147428e+00,-6.639808838398377766e+00,-1.314712900062933176e+00
1.790764705748524310e+00,-6.640558074832286550e+00,-1.123641686760197711e+00
1.787344929090997292e+00,-6.648041240191535195e+00,-9.604052239831558646e-01
1.847801066871515907e+00,-6.733409481434183164e+00,-9.393594036469724573e-01
1.910969601221619518e+00,-6.817744767266654904e+00,-8.667872675451208098e-01
1.977326881574815953e+00,-6.897136311746387527e+00,-8.684605667591397404e-01
2.042538754288862890e+00,-6.975224182151538166e+00,-8.692402197710988876e-01
2.108466552572140884e+00,-7.055602748977631400e+00,-8.693354224159836052e-01
2.133063758387638842e+00,-7.140673062867382015e+00,-7.762174033336761703e-01
2.133732530058107812e+00,-7.142088849004513129e+00,-5.884457887185690073e-01
2.135308472790469647e+00,-7.143944679637229456e+00,-3.965824602125627152e-01
2.136854833554407307e+00,-7.145305528278269591e+00,-2.083939676844514810e-01
2.138226738652603043e+00,-7.147018055428037364e+00,-2.629943905767767598e-02
2.140082708640370868e+00,-7.148457379657458866e+00,1.540431907138234136e-01
2.141777004154376662e+00,-7.149989231537821510e+00,3.386120820080831262e-01
2.144016337899957936e+00,-7.151668834859758128e+00,5.161208085711017635e-01
2.146426289604342674e+00,-7.153031252202619150e+00,6.965231188218913294e-01
2.148959553152855584e+00,-7.153633784895451875e+00,8.784007913725516703e-01
2.151519961211037835e+00,-7.153972797426147778e+00,1.060025425673527089e+00
2.153891640331904167e+00,-7.153978116187096781e+00,1.240933217971507574e+00
2.155860522238475685e+00,-7.153257564400489876e+00,1.422027007118736197e+00
2.157989668457150678e+00,-7.152478141630051134e+00,1.603785838700084287e+00
2.159771498630948194e+00,-7.151377491752971771e+00,1.793154793638659816e+00
2.161133154979333781e+00,-7.149855395720739359e+00,1.973557434332479543e+00
2.162188434110290824e+00,-7.148726086258429646e+00,2.135958018991698459e+00
2.162722838023573235e+00,-7.147222450241870639e+00,2.315216416324900717e+00
2.096177526160622140e+00,-7.076371620540307994e+00,2.322437377560318872e+00
2.029850008592982036e+00,-6.998772993926555941e+00,2.324403072551048055e+00
1.965715942296922147e+00,-6.944831683690749102e+00,2.327895709572547656e+00
1.902479609121264570e+00,-6.875261661735487806e+00,2.317537393416369440e+00
1.834630390062887528e+00,-6.792317826824386451e+00,2.212812161300747871e+00
1.772073408063113309e+00,-6.708320165435022631e+00,2.216158365771715655e+00
1.708829289974029164e+00,-6.622025919381415271e+00,2.213250232818700258e+00
1.681828617118362956e+00,-6.581499643203144068e+00,2.034697893529867407e+00
1.671906929995789381e+00,-6.561034605906486128e+00,1.872947438644359197e+00
1.670539352649435871e+00,-6.537868675067936231e+00,1.701025356244024955e+00
1.672405466831369925e+00,-6.527113004729604206e+00,1.514288278068204319e+00
1.673922877872427328e+00,-6.504458291040669415e+00,1.321327067409036493e+00
1.677253940259342491e+00,-6.477855927386007906e+00,1.144002586610411321e+00
1.683811266715143917e+00,-6.460500010203253929e+00,9.733056213063422391e-01
1.692833154482492164e+00,-6.445109554124415219e+00,8.029057642526479244e-01
1.762123500760624406e+00,-6.377958671970063165e+00,7.153466662494417649e-01
1.836236513776402957e+00,-6.309212361154671100e+00,7.152123494100364187e-01
1.917210307442440698e+00,-6.237430113696367684e+00,7.192803250019077499e-01
1.998656018974317439e+00,-6.165150452871597686e+00,7.233544613055178374e-01
2.079611209184420328e+00,-6.091495366678734591e+00,7.224730706426469862e-01
2.138801176688058803e+00,-6.012886185295061026e+00,6.062002372143864282e-01
2.149868508952364810e+00,-6.002763060720867294e+00,4.066400916564324453e-01
2.163347627192780731e+00,-5.998563805365891177e+00,1.874788887787381397e-01
2.177187328629109242e+00,-5.993766561508229174e+00,-7.106396827525137024e-03
2.190798019253036966e+00,-5.992470162881802231e+00,-1.982438702220018778e-01
2.204302691077691279e+00,-5.998476770528886171e+00,-4.169930691318732285e-01
2.300661802636740916e+00,-6.041623347972636004e+00,-4.884029921747238268e-01
2.393537095959346939e+00,-6.088269716930756026e+00,-4.788926719495859019e-01
2.489772915227356886e+00,-6.134315922410897848e+00,-3.214485554666647871e-01
2.593696485462234413e+00,-6.157092691153812858e+00,-1.926899717348894148e-01
2.654949707498967637e+00,-6.162824406324286741e+00,-1.664722188128645725e-02
2.679762383681880245e+00,-6.163727089907317769e+00,1.618815177692366214e-01
2.781531629654145910e+00,-6.137407852824050103e+00,3.000373547641066452e-01
2.847153220553395592e+00,-6.118280358420066456e+00,4.820981559813782291e-01
2.861331602093193371e+00,-6.120346037441420251e+00,6.427644988363483414e-01
2.866442427152141814e+00,-6.125005288368374323e+00,8.163724383799102480e-01
2.941456028651491028e+00,-6.058137903525425472e+00,8.262020128536111674e-01
3.013297974668702306e+00,-5.985784826554477078e+00,8.289291468341324354e-01
3.085843825399424478e+00,-5.909740284690090384e+00,8.298747376735631232e-01
3.161318564485304350e+00,-5.829854468154151093e+00,8.313500302165257594e-01
3.225476363595564777e+00,-5.761620431301509804e+00,8.230410968804436900e-01
3.228459494409971597e+00,-5.733678280721489884e+00,6.595002981202449099e-01
3.345677323833800010e+00,-5.651134447407912376e+00,6.220338120322265185e-01
3.434484266861327573e+00,-5.580648987873812139e+00,6.321936888566055401e-01
3.519979981903857968e+00,-5.521790371842614675e+00,6.162626405315001499e-01
3.578517231499026341e+00,-5.474075462437870243e+00,4.397361834978318895e-01
3.577931788454075779e+00,-5.462484011817098306e+00,2.806235619450373475e-01
3.575682764191915997e+00,-5.461917373778209850e+00,9.329047941587979842e-02
3.572456307056314895e+00,-5.465581377744918257e+00,-9.862156519778904340e-02
3.569624191614741981e+00,-5.469221982708244667e+00,-3.002038091194458302e-01
3.567018663272609302e+00,-5.472216129153612663e+00,-5.038881853415958512e-01
3.564728928383411599e+00,-5.475216025369375572e+00,-7.084477996120605026e-01
3.572497355415011899e+00,-5.455564573735940392e+00,-8.294456817991816555e-01
3.541922568483148126e+00,-5.403084441122916637e+00,-7.690598967767630079e-01
3.543902084171125288e+00,-5.403037406521381314e+00,-5.776730676359446148e-01
3.546469744716162609e+00,-5.386559143011149686e+00,-3.594894849010191185e-01
3.545687826124623854e+00,-5.401152306757716737e+00,-2.027664151690254934e-01
3.544869877286771498e+00,-5.415651098150224385e+00,-5.117171517793146079e-02
3.544980249746956247e+00,-5.422711087054507217e+00,1.175609968741022360e-01
3.545282903006425013e+00,-5.429468533211412762e+00,2.853866901343198315e-01
3.545670477389604613e+00,-5.436280613270245254e+00,4.560294461112235909e-01
3.631390606472608251e+00,-5.386801194766915657e+00,5.259979313894961317e-01
3.715287176191118146e+00,-5.338815279576626160e+00,7.034527661704843560e-01
3.717120018184861152e+00,-5.339533328189552286e+00,8.899733234836151308e-01
3.718867864980714977e+00,-5.339384892503653113e+00,1.077134669306448078e+00
3.709172339642811345e+00,-5.338993426344932125e+00,1.272639991845567309e+00
3.699614970585257900e+00,-5.338001278121590865e+00,1.463875714180010945e+00
3.700894561540311933e+00,-5.336855658858669749e+00,1.648849671759911928e+00
3.701872312032115531e+00,-5.336025819820668481e+00,1.831130231910035544e+00
3.701645272680666565e+00,-5.334795591963468198e+00,1.947596505815405665e+00
3.705279674678241708e+00,-5.336170212264423007e+00,1.821553519320254333e+00
3.721400338596298152e+00,-5.336083242197600995e+00,1.995512499522841932e+00
3.717546768557125958e+00,-5.334204938490832326e+00,2.206100058010485032e+00
3.655861799476659790e+00,-5.251830280827731734e+00,2.213083234071534289e+00
3.597270693757845361e+00,-5.177086309792547247e+00,2.193670311843517240e+00
3.588384648999955573e+00,-5.155164118606328394e+00,2.329772057285885545e+00
3.574862561815722373e+00,-5.136499380563700257e+00,2.204583845527376962e+00
3.574545957620233416e+00,-5.136191954040290497e+00,2.196328241714555318e+00
3.573675304358289839e+00,-5.133199876366924208e+00,2.379191485492780700e+00
3.572420830806804393e+00,-5.129858172541717387e+00,2.562287983383068291e+00
3.571435319588770696e+00,-5.128547386311073986e+00,2.518671589964021518e+00
3.548354124104757368e+00,-5.102534883996221460e+00,2.489225100690185322e+00
3.546247682625565556e+00,-5.100318276777604964e+00,2.678859753273263866e+00
3.544103297677267506e+00,-5.098128298902723898e+00,2.865246468327521612e+00
3.542557776493827415e+00,-5.096434835661013629e+00,3.056796585031698044e+00
3.540359987720421486e+00,-5.094693073392254412e+00,-3.043266356014192375e+00
3.538202103711078461e+00,-5.092672650673863544e+00,-2.855920348092667815e+00
3.536214478649271520e+00,-5.090862458785013089e+00,-2.661126249947883604e+00
3.533728716051407037e+00,-5.089219188763715707e+00,-2.466665265214430303e+00
3.531119619940172871e+00,-5.088069505963249917e+00,-2.280612260491049703e+00
3.528000051216891197e+00,-5.087647714634080387e+00,-2.076203288078326548e+00
3.525241875537040492e+00,-5.087972223235693647e+00,-1.887879199263075680e+00
3.522568154047569067e+00,-5.088372273145709279e+00,-1.709753272339391117e+00
3.519953207744797030e+00,-5.089441083273419153e+00,-1.525184072919076650e+00
3.517942303464341780e+00,-5.090404623911707560e+00,-1.338795811588038509e+00
3.516283899457328221e+00,-5.092064969780588868e+00,-1.124267059301752969e+00
3.514697453561968832e+00,-5.093780953529932987e+00,-9.198502277572461194e-01
3.514086814550509530e+00,-5.095403935641801496e+00,-7.334518663607214606e-01
3.513819699599277424e+00,-5.097031774059222364e+00,-5.486606646729833558e-01
3.513664236085418224e+00,-5.098763707952349122e+00,-3.640532465440030618e-01
3.513830482697248847e+00,-5.100656321843938024e+00,-1.590791393202460047e-01
3.514184629042449881e+00,-5.101945309937146789e+00,2.634261721078676871e-02
3.514883939004161739e+00,-5.103233967919009295e+00,2.096638712963330153e-01
3.515512515220386991e+00,-5.104203192551556967e+00,3.941827721496404258e-01
3.517870431837895051e+00,-5.106404329797570973e+00,5.757371459943014802e-01
3.520495109635414899e+00,-5.108373097395308982e+00,7.521674100702092636e-01
3.553574671284938979e+00,-5.133026168486902741e+00,8.981422739320655824e-01
3.518843496398147863e+00,-5.102753302733113117e+00,1.128041881177144212e+00
3.519179666489338221e+00,-5.100424189983019829e+00,1.319384730303214459e+00
3.519018016522750703e+00,-5.097188891516907461e+00,1.509890329540815257e+00
3.518571413129555125e+00,-5.093747963205586871e+00,1.698585660453699075e+00
3.517687671427611740e+00,-5.089865000000171946e+00,1.890547290802449432e+00
3.516308025531154513e+00,-5.086197729906014153e+00,2.070733846789148735e+00
3.514785295935762388e+00,-5.082106242927996398e+00,2.261702535336697295e+00
3.451981143586834833e+00,-4.997954610594341318e+00,2.268198489394685602e+00
3.381956783458997418e+00,-4.912868227792531073e+00,2.266132472688668020e+00
3.316187945544414095e+00,-4.833354605632154133e+00,2.268217632538065409e+00
3.248618358815194007e+00,-4.751805429154850380e+00,2.266675991193832118e+00
3.182916670972799622e+00,-4.672977682079807238e+00,2.269090755137754822e+00
3.112019956256328879e+00,-4.623037559921562512e+00,2.205252133060281228e+00
3.131497519085318260e+00,-4.610017918220600919e+00,1.903647371555528434e+00
3.135105596701074582e+00,-4.607398890456424034e+00,1.688708231463997178e+00
3.133070251316946830e+00,-4.608650955913947023e+00,1.517304387703493074e+00
3.130579495574887794e+00,-4.609571265369346804e+00,1.341193919671150647e+00
3.127143142713669999e+00,-4.609861813103720785e+00,1.182317431964245102e+00
3.124043337660970643e+00,-4.610420781264931378e+00,1.009533841452385117e+00
3.121021002975118197e+00,-4.609709577834451011e+00,9.962776437683842357e-01
3.122626343361220247e+00,-4.609030243873693422e+00,1.187982833323333098e+00
3.124064774782810527e+00,-4.607827912918679658e+00,1.373713802906678882e+00
3.124984808128917102e+00,-4.607384147882948255e+00,1.558364513504660209e+00
3.125475172536090085e+00,-4.605941394704716529e+00,1.743985803456557404e+00
3.120331043527492465e+00,-4.608176570829124685e+00,1.960517131479768249e+00
3.131034830737842611e+00,-4.580587963141836916e+00,2.026694968211178782e+00
3.120161237412844457e+00,-4.584732635305625692e+00,2.262587658122947598e+00
3.121010711753415823e+00,-4.581647442385073710e+00,2.438287229416783219e+00
3.036524710730130749e+00,-4.541940394036414474e+00,2.411835857674475392e+00
3.037191028233595880e+00,-4.542652349123577515e+00,2.219062131148366479e+00
3.037098762825746423e+00,-4.544058507013891024e+00,2.014462655970524096e+00
3.036348409914077173e+00,-4.544820192384861457e+00,1.791392372797045107e+00
3.034693427472671345e+00,-4.545737314701843168e+00,1.576007497860491657e+00
3.033082651586386902e+00,-4.545932516272566559e+00,1.359686769265106010e+00
3.030964739045785450e+00,-4.545786707055326836e+00,1.179337720165512415e+00
3.034062176798582922e+00,-4.540476898130412664e+00,1.021073256691900077e+00
3.017963669625294276e+00,-4.569953211046517083e+00,1.184851132843935062e+00
3.020823243313139006e+00,-4.568447110548683021e+00,1.361788718413696975e+00
3.023451245537956300e+00,-4.566897558392589040e+00,1.535943181564773496e+00
3.026138036665058095e+00,-4.564775740308312457e+00,1.712146958953929099e+00
3.029626288724077909e+00,-4.561519546455839347e+00,1.881131221196916892e+00
3.032634554997529985e+00,-4.558268560706969730e+00,2.047273424624966420e+00
3.036933851034897103e+00,-4.552562107948944004e+00,2.198962607334766339e+00
2.978861058995961653e+00,-4.505720830873119809e+00,2.172613882810453312e+00
2.993831395806714202e+00,-4.497805553419661706e+00,1.910010343317946946e+00
2.993387489192586237e+00,-4.497905812236187018e+00,1.731577918913310032e+00
2.992416571333761155e+00,-4.497787366828856825e+00,1.548663123462046043e+00
2.991354425499649583e+00,-4.497541687863908955e+00,1.364697623262477455e+00
2.990166718523239897e+00,-4.496604684105560246e+00,1.179235946650638134e+00
2.988974227538855555e+00,-4.495232398530188966e+00,9.954525016610556998e-01
2.987868606905104585e+00,-4.493556653779521071e+00,8.150573246331488386e-01
3.022091991467779959e+00,-4.458514165447918565e+00,8.963142175494726027e-01
3.025225187921597225e+00,-4.456924485543486192e+00,1.084915563699660801e+00
3.028195563754005004e+00,-4.455178441459068495e+00,1.264946892256769040e+00
3.030497529733065409e+00,-4.452901099255702100e+00,1.436365864993589980e+00
3.032572529342028034e+00,-4.450677418698770538e+00,1.612893526843933278e+00
3.034479055939660164e+00,-4.448317744260084083e+00,1.787199696917351810e+00
3.012755929547550782e+00,-4.460831351471793660e+00,2.083219901204984126e+00
2.964766658874091743e+00,-4.371387510157594747e+00,2.179742048513040764e+00
2.906017958219180741e+00,-4.284473450382788151e+00,2.182752018620602197e+00
2.855057982313701892e+00,-4.191870728672975055e+00,2.193688616450750306e+00
2.791506477360089278e+00,-4.116067754160682490e+00,2.224190678329052151e+00
2.730659152721325977e+00,-4.037100619831418769e+00,2.228099304181224927e+00
2.669236278019793573e+00,-3.958191835342476761e+00,2.233194002661315736e+00
2.571355662266495479e+00,-3.906736716077499505e+00,2.156926452304482655e+00
2.593150207085034964e+00,-3.897047389969282793e+00,1.918416097935930820e+00
2.600101006246144042e+00,-3.894687323800164691e+00,1.710087547675790631e+00
2.598698707502188121e+00,-3.896397211221050760e+00,1.523321635990246836e+00
2.596776731351619905e+00,-3.898207438538713099e+00,1.335931575703569463e+00
2.594774742290565595e+00,-3.899251887455402965e+00,1.152975033170359209e+00
2.592609934599360511e+00,-3.899732691623940539e+00,9.758104464292188807e-01
2.590014950029706942e+00,-3.899592656120084655e+00,7.886001636295071338e-01
2.518253187641636970e+00,-3.966184188292272594e+00,7.495689347310969808e-01
2.527589286431681348e+00,-3.958159110981371853e+00,9.171749911282122136e-01
2.536925012363431708e+00,-3.946521595087876921e+00,1.092011067038226590e+00
2.544768653180315532e+00,-3.932037270152267006e+00,1.265309578374753219e+00
2.550639627667644849e+00,-3.912805158548709805e+00,1.441505419879457017e+00
2.552905939629163345e+00,-3.898611318034379991e+00,1.614448892580444994e+00
2.558481442453689247e+00,-3.876955367171456945e+00,1.776453266748441395e+00
2.551810386295621402e+00,-3.859697729997654481e+00,1.958684603390457468e+00
2.528805088057574757e+00,-3.853678282379081388e+00,2.174277440797133032e+00
2.476162500189431181e+00,-3.772999589212640004e+00,2.273315365771556795e+00
2.458128959245659217e+00,-3.693488360670305060e+00,2.384614873361664333e+00
2.444878848631190316e+00,-3.702672046855891352e+00,2.595498001549781275e+00
2.436905133444219995e+00,-3.708627894984409590e+00,2.798200399481724165e+00
2.432750639622348388e+00,-3.703110470135301924e+00,2.981118212628683040e+00
2.428614222847188753e+00,-3.698084586419320807e+00,-3.128058398548207109e+00
2.423455955804712847e+00,-3.712369098339306284e+00,-2.913762470690876683e+00
2.419992098883924303e+00,-3.682651948782603490e+00,-2.763961528038155091e+00
2.417306368570121045e+00,-3.680250392624251798e+00,-2.576300613949991991e+00
2.394419517176638479e+00,-3.694286255870844027e+00,-2.410725107162475123e+00
2.322225618277143688e+00,-3.713902586979034304e+00,-2.365153937230969117e+00
2.344047755039440073e+00,-3.731755959894218933e+00,-2.041819270979118528e+00
2.341091061257516870e+00,-3.731846487682183522e+00,-1.849544831776659182e+00
2.338458384967665449e+00,-3.731938052813775997e+00,-1.670263708198121533e+00
2.335900367290816959e+00,-3.732693917027702479e+00,-1.483184162511220983e+00
2.333939744749350620e+00,-3.734096024895625199e+00,-1.292295713002457269e+00
2.332255518600456767e+00,-3.734997929952518003e+00,-1.111936398196734510e+00
2.353826099969695385e+00,-3.785110102392386544e+00,-9.619474155518419334e-01
2.352530346996126731e+00,-3.788016229982740679e+00,-7.819476494346370155e-01
2.351565866920753756e+00,-3.790399790052669360e+00,-6.016247119877962124e-01
2.350885602600012891e+00,-3.793149863607584660e+00,-4.249996702355782752e-01
2.350048587018084056e+00,-3.795675907765248436e+00,-2.560660532181180948e-01
2.349786588383098174e+00,-3.798289409866945299e+00,-7.982026930780249108e-02
2.349698171398591828e+00,-3.800675513393343419e+00,1.019086121050070404e-01
2.344541636736674040e+00,-3.804041313229932886e+00,1.595009437135818664e-01
2.341037635378889981e+00,-3.803341874577547799e+00,-3.084874934864892740e-02
2.338401194151806806e+00,-3.802317855353261944e+00,-2.119808188384893211e-01
2.335550746213624240e+00,-3.800752982876651309e+00,-4.024894778085449931e-01
2.333007557065337689e+00,-3.799338055442361473e+00,-5.850358533063543254e-01
2.330857925212208137e+00,-3.797651597537550661e+00,-7.729136079068982257e-01
2.329040253397218319e+00,-3.795858399863635491e+00,-9.538715396045339689e-01
2.385359838657354459e+00,-3.872632042693366472e+00,-9.471657365931008821e-01
2.425444709360898177e+00,-3.936968683415170478e+00,-8.400169734124359744e-01
2.425863350583273625e+00,-3.940700816546746754e+00,-6.564698635650602077e-01
2.427207214926119239e+00,-3.943909366337142064e+00,-4.793201520594747023e-01
2.428543329118410643e+00,-3.947027461959137007e+00,-3.011181388963018457e-01
2.430228771345700256e+00,-3.950314790922275332e+00,-1.175992565326140354e-01
2.432070362613742986e+00,-3.953376774353884571e+00,7.014309335472537765e-02
2.434254611871748075e+00,-3.956246891731087789e+00,2.588358473126555204e-01
2.436411833550672590e+00,-3.958703614444441854e+00,4.350971034814783978e-01
2.438704309837881112e+00,-3.960832827518388832e+00,6.182586820094604363e-01
2.440508437267741915e+00,-3.966863125011262259e+00,6.108231312949218283e-01
2.438719428829154712e+00,-3.967242222739287172e+00,4.253363231477483297e-01
2.437180978466364945e+00,-3.967329215646083984e+00,2.456047766707238067e-01
2.435299923924441501e+00,-3.966913727979121784e+00,6.167582228086907620e-02
2.433746603995213587e+00,-3.966191733087887528e+00,-1.235207460947260749e-01
2.432543576334123880e+00,-3.965572844144064302e+00,-3.075023270353059446e-01
2.431760377751866375e+00,-3.964895421164580380e+00,-4.876805937043446337e-01
2.431279922996155030e+00,-3.963905255701177133e+00,-6.616987676395693629e-01
2.430806006047625090e+00,-3.962452850182945241e+00,-8.507081207516593579e-01
2.500828405371986474e+00,-4.043815657285890985e+00,-8.437797483118022468e-01
2.569558489334378137e+00,-4.122998286401999835e+00,-8.414231396061075952e-01
2.631869986569395081e+00,-4.197450558424860034e+00,-6.524405124574989001e-01
2.632359318404823068e+00,-4.200419008375801511e+00,-4.716159382365863184e-01
2.633099301393937441e+00,-4.203429431678691763e+00,-2.888841646121201312e-01
2.634497111055088769e+00,-4.207707737837954376e+00,-1.271505202251082545e-01
2.635447774539263488e+00,-4.210863930005242395e+00,6.881476809338969713e-02
2.636997756822504257e+00,-4.213848194064949482e+00,2.661653761598831713e-01
2.638357997948630906e+00,-4.216318698396339215e+00,4.427096552830311338e-01
2.641138290470519401e+00,-4.219336198400395865e+00,6.126169870256016337e-01
2.643166833887980793e+00,-4.221492407196250518e+00,7.907134065021221847e-01
2.645705592376898174e+00,-4.222820668248368214e+00,9.670143466881551131e-01
2.648284252346795764e+00,-4.225461393014069422e+00,1.144215954563202020e+00
2.648795684998290323e+00,-4.228171757654854090e+00,1.110392436792355442e+00
2.647274195734766966e+00,-4.229195922625787141e+00,9.260834687480797855e-01
2.645182416106081735e+00,-4.229353875745786695e+00,7.380821601943162724e-01
2.642759498036792998e+00,-4.229359118102268944e+00,5.294715048349163400e-01
2.641469351741428717e+00,-4.228458520940084675e+00,3.465017243256644508e-01
2.640157336647886321e+00,-4.227004501709008544e+00,1.407748799843613896e-01
2.638997277040010303e+00,-4.225737006215199543e+00,-5.165851404441386407e-02
2.638299876991107240e+00,-4.224077596683585512e+00,-2.602866649963622159e-01
2.637694079303105177e+00,-4.222195204654564549e+00,-4.685207638044715517e-01
2.637619399087125061e+00,-4.220869246795654561e+00,-6.615530197647291333e-01
2.706435714875580434e+00,-4.290692760477998746e+00,-7.906233788457760481e-01
2.780139850136289947e+00,-4.366101380143989630e+00,-7.890367589270265158e-01
2.853670040457414014e+00,-4.441712168243124204e+00,-7.884843581436529192e-01
2.926091721793832257e+00,-4.515428563670089268e+00,-7.862516952598141984e-01
2.996657994088513632e+00,-4.587704030616198914e+00,-7.841028927079678468e-01
3.073195493713400950e+00,-4.665000278824003921e+00,-7.816457562045979746e-01
3.148963006795601594e+00,-4.743782018431128122e+00,-7.788747438364286291e-01
3.225461293878375102e+00,-4.823201514431902481e+00,-7.767745431596699834e-01
3.286499829154061469e+00,-4.882313975972443210e+00,-6.574371441546784656e-01
3.287409125746043159e+00,-4.887578468761961226e+00,-4.438575182483550652e-01
3.288295859220388806e+00,-4.891555414112408684e+00,-2.597757870369772348e-01
3.289751414150658082e+00,-4.895459201126998394e+00,-6.429036516000133372e-02
3.291669518524612759e+00,-4.899172824511904167e+00,1.248816718011113575e-01
3.294245613468949951e+00,-4.903199311149795570e+00,3.503802495246122195e-01
3.296476235650151576e+00,-4.906761094603667495e+00,5.653010744258591957e-01
3.299222259086742604e+00,-4.910033092814034106e+00,7.901301702089302825e-01
3.301788570125850697e+00,-4.912069823579198413e+00,9.733568749240057993e-01
3.304875128174746379e+00,-4.913943292091073722e+00,1.209560841549359278e+00
3.307954408694946391e+00,-4.915382599117921636e+00,1.475445326715985495e+00
3.310032469597409488e+00,-4.915988370064156676e+00,1.652783358063871555e+00
3.311648121622719376e+00,-4.916194250955769895e+00,1.831716986192120311e+00
3.327469049404709889e+00,-4.912725145309702945e+00,1.845629163378243565e+00
3.328061128955138503e+00,-4.916998374550529682e+00,1.663208673552597050e+00
3.327288861369913864e+00,-4.919804191869570076e+00,1.451163806477678841e+00
3.326145987484289357e+00,-4.921611974833249192e+00,1.268593179444684305e+00
3.324763878436167719e+00,-4.923336722180157388e+00,1.071603903351161735e+00
3.322933059410041245e+00,-4.924221615090509374e+00,8.759324708318128039e-01
3.321190198595198151e+00,-4.925152938132938196e+00,6.804280853669242290e-01
3.319449373275581650e+00,-4.925099809611200641e+00,4.645472825936590722e-01
3.317565217543551714e+00,-4.913365317391789056e+00,3.175308365506202546e-01
3.316352870182504020e+00,-4.910191183717551588e+00,1.310781161250828830e-01
3.314737723110062095e+00,-4.907302965165346365e+00,-5.014899209223199622e-02
3.312551420026209836e+00,-4.906140072004109953e+00,-2.197650250976579400e-01
3.308833231628234284e+00,-4.916313728032908337e+00,-4.363453528003440329e-01
3.306595099188429199e+00,-4.924131187064074489e+00,-6.321785563892287074e-01
3.303462470703747655e+00,-4.936662869571638801e+00,-8.331550772742146727e-01
3.376597563618598308e+00,-5.023628520405882369e+00,-8.534433815780251287e-01
3.452970242870267104e+00,-5.110715812195727459e+00,-8.313708275886951826e-01
3.529337833960282111e+00,-5.203041028128208012e+00,-8.348163123920795403e-01
3.599350767269453577e+00,-5.271488758921526241e+00,-8.203786581384929777e-01
3.638295070016656751e+00,-5.351144607559399802e+00,-6.945399857417329237e-01
3.646138270936739811e+00,-5.314918037684595475e+00,-4.486916734961868825e-01
3.643488134394989864e+00,-5.317444907578010138e+00,-2.720791572019377047e-01
3.730955563770081529e+00,-5.341091325050310701e+00,-2.024893250617244289e-01
3.761387998542934596e+00,-5.326186552046972444e+00,-3.577625259247185219e-01
3.762669408498314105e+00,-5.334984855023770400e+00,-5.624348889446081357e-01
3.764248104296623154e+00,-5.343250865194293375e+00,-7.497002112624919778e-01
3.842122890402408064e+00,-5.432122056788551312e+00,-7.831480268708984616e-01
3.921551403314484041e+00,-5.516039900489609238e+00,-7.869818169895040905e-01
4.001865101886564524e+00,-5.599260835670381908e+00,-7.873109061477419068e-01
4.077070959264147199e+00,-5.685083321787456789e+00,-7.935740639906420091e-01
4.153794622231677280e+00,-5.704446388555091119e+00,-9.405212094420870583e-01
4.150633316408082862e+00,-5.699149514974816810e+00,-1.138399080193822854e+00
4.148224031426596348e+00,-5.694399232945438705e+00,-1.326656003527241223e+00
4.146480726576608156e+00,-5.689804084943288487e+00,-1.517388730657626361e+00
4.144876428893025100e+00,-5.685595868866430536e+00,-1.704956100103247829e+00
4.143393431525620230e+00,-5.681514163763632830e+00,-1.895478283932088059e+00
4.142399362281578235e+00,-5.677853644361668728e+00,-2.084353412892304025e+00
4.141407141053893959e+00,-5.674743493179597920e+00,-2.274140306613488427e+00
4.202042966918901001e+00,-5.686183123638675063e+00,-2.306923966062383702e+00
4.140598264301095455e+00,-5.752167344673851268e+00,-2.227264621539525091e+00
4.080653911994572169e+00,-5.828827812748621717e+00,-2.219970533958827819e+00
4.052959502171540329e+00,-5.883647202931054032e+00,-2.335319273866790724e+00
3.999202794733504263e+00,-5.952537454858989108e+00,-2.444401082405259107e+00
4.000180257244474902e+00,-5.951284697756808129e+00,-2.635357019678163049e+00
4.001884809388084996e+00,-5.951227418585212092e+00,-2.852086997611765984e+00
4.003165983554327845e+00,-5.952000314160428296e+00,-3.085048744926166542e+00
4.004182885727718855e+00,-5.953535702986924250e+00,2.952965206346992666e+00
4.004659165183735325e+00,-5.954834943863552610e+00,2.774627475760086615e+00
4.004938645213249160e+00,-5.956468796136208610e+00,2.583846391590997715e+00
4.004918486713179959e+00,-5.958626733480127946e+00,2.368007559761075242e+00
4.004633146186734827e+00,-5.960053986714010321e+00,2.182296850081929307e+00
4.003782331391443350e+00,-5.961575298160034286e+00,2.000259033676047515e+00
4.001789095940369911e+00,-5.962852147524983160e+00,1.784609606622798772e+00
3.999879974559901186e+00,-5.964075360497052003e+00,1.601666517856920935e+00
3.997631545274662912e+00,-5.965017214407804858e+00,1.415940980041651143e+00
3.995857824656143809e+00,-5.964988493968936822e+00,1.230325897353910625e+00
3.993075972247875693e+00,-5.965008302249108496e+00,1.012550343789721197e+00
3.990656062074502852e+00,-5.964281558830981211e+00,8.283882010486336434e-01
3.988557213803566537e+00,-5.963206666630573416e+00,6.436767789432082942e-01
3.986711279833317523e+00,-5.961199697725015234e+00,4.569618758486971855e-01
3.984726813883482599e+00,-5.959207136259288440e+00,2.750113065710725890e-01
3.982770887046177766e+00,-5.956798826083553600e+00,6.033370444272942446e-02
3.981395611877071250e+00,-5.954574644808222850e+00,-1.250883173648531521e-01
3.980083025954384901e+00,-5.952514290574680622e+00,-3.082372218693917310e-01
3.978889599969403168e+00,-5.950085616887851536e+00,-5.209465717118635375e-01
3.978361897298266392e+00,-5.947410932030447128e+00,-7.082993004956626981e-01
3.978115076739128231e+00,-5.945233206468369502e+00,-8.951262914423029349e-01
3.978655119964745523e+00,-5.943259674799873160e+00,-1.080740187752321280e+00
3.979325591468796830e+00,-5.941109974265317284e+00,-1.293902287527516126e+00
3.980629555721137525e+00,-5.939182387919673900e+00,-1.478915009910343414e+00
3.982283587156485893e+00,-5.937855498446168667e+00,-1.663719535775898928e+00
3.983943961924275801e+00,-5.936881642918775626e+00,-1.847893872159600548e+00
3.986252516846915395e+00,-5.936583499810901721e+00,-2.063910052136300077e+00
3.988452886010394050e+00,-5.936532265182323798e+00,-2.247404340194355754e+00
3.990252541503631178e+00,-5.936702126348435193e+00,-2.429048628151822875e+00
3.992084274166360025e+00,-5.937434943883986627e+00,-2.615534905797716636e+00
3.994027663780240989e+00,-5.938619678144911873e+00,-2.832168420654471941e+00
3.995105954158240547e+00,-5.940437481667380837e+00,-3.018134171049781767e+00
3.996318410950930211e+00,-5.941832291066376115e+00,3.078694560836034988e+00
3.997931092542687637e+00,-5.944634092884610865e+00,2.869065185106330684e+00
3.992483624730693847e+00,-5.976463555271704031e+00,2.719317655697932157e+00
3.996382673043357592e+00,-5.958364870264687418e+00,2.515814358265501482e+00
3.995429301039564507e+00,-5.964397918600639947e+00,2.335951477687500333e+00
3.994722953870658788e+00,-5.969488611479756734e+00,2.156831294020270740e+00
3.993424932128017080e+00,-5.974430026690284556e+00,1.977573729917156298e+00
3.991322608406391748e+00,-5.979185082440709564e+00,1.795163325587730396e+00
3.990967603374153683e+00,-5.982916643637426368e+00,1.864725279990914864e+00
3.991116432644282952e+00,-5.984660646242108584e+00,2.047388702865177379e+00
3.990558508570574592e+00,-5.986057630153531761e+00,2.229367799759685465e+00
3.990091379675305028e+00,-5.986986170325888423e+00,2.407773796013313650e+00
3.989168032439024181e+00,-5.987254296537113163e+00,2.587916614360316281e+00
3.988211473180562461e+00,-5.986948186619164503e+00,2.763982562388528574e+00
3.987027505476250511e+00,-5.986401219656300121e+00,2.947725512443990947e+00
3.983630726098504660e+00,-5.982534125244383105e+00,3.126934336826335592e+00
3.980244748579952141e+00,-5.978197625780174995e+00,-2.968335565189253789e+00
3.976795387949902505e+00,-5.974434474682992935e+00,-2.787971266376770174e+00
3.973138772241664007e+00,-5.970969397245988297e+00,-2.603675883891347631e+00
3.969562964532346250e+00,-5.967983864040474096e+00,-2.431018346653333495e+00
3.965164474931233585e+00,-5.965124654978591678e+00,-2.217245410207793199e+00
3.961063878847524311e+00,-5.962897937936253001e+00,-2.015057400686234512e+00
3.957156525129045477e+00,-5.961132964150233526e+00,-1.824129091215416443e+00
3.952949342921006970e+00,-5.960036747817803793e+00,-1.620749346649551725e+00
3.951974892222113844e+00,-5.961345249634053545e+00,-1.428353170347269607e+00
3.951634962893955549e+00,-5.962886834913870615e+00,-1.220942175644160521e+00
3.951896509620043130e+00,-5.964495816466783396e+00,-1.029583563346763153e+00
3.952531260363612464e+00,-5.966760645238220917e+00,-8.184692378389227807e-01
3.953417564850643107e+00,-5.969076141750764286e+00,-6.250815100096372978e-01
3.955056860240959704e+00,-5.971409153829920768e+00,-4.169529971327413653e-01
3.956793529757737904e+00,-5.973578772014782601e+00,-2.253050397604803023e-01
3.958751806238574478e+00,-5.975799167833297787e+00,-1.814701219439640925e-02
3.960862659408781905e+00,-5.977791407962529391e+00,1.731936601544090404e-01
3.963477503133648217e+00,-5.979712644446738778e+00,3.819249430327434913e-01
3.966047138909446712e+00,-5.981457121446412728e+00,5.730764196870958838e-01
3.969024051477035631e+00,-5.982643004174591717e+00,7.822600280014683216e-01
3.972008435410411487e+00,-5.983311921788140531e+00,9.736652214179413178e-01
3.975503255095119037e+00,-5.983611606234658709e+00,1.181998020008671713e+00
3.978836921287437267e+00,-5.983168445062104546e+00,1.391737741015698582e+00
3.981660943458338764e+00,-5.982425225617541642e+00,1.579262570995245696e+00
3.985112061407084738e+00,-5.980952567761066874e+00,1.808212788953511563e+00
3.987529339737565071e+00,-5.979288314521542524e+00,2.023379389599988532e+00
3.988851087434484910e+00,-5.977509357838637349e+00,2.208666689518935300e+00
3.989962479612900736e+00,-5.975559747659384691e+00,2.401447221301284962e+00
3.990447335212420565e+00,-5.973356814917909929e+00,2.584529423459552611e+00
3.996338602855559419e+00,-5.933888180183173766e+00,2.719609074539348637e+00
3.992660705978228641e+00,-5.968633190230359098e+00,2.938939567995577207e+00
3.992517065543847554e+00,-5.965801995550287451e+00,3.119888551205443949e+00
3.992516532779672112e+00,-5.962996175547504052e+00,-2.982694733968604073e+00
3.992197568725379675e+00,-5.960217191286557359e+00,-2.799079996251903513e+00
3.991556953812847031e+00,-5.957920808551295799e+00,-2.600904545561055325e+00
3.990157460880316975e+00,-5.956098568710888053e+00,-2.392189474235677515e+00
3.988722501123156405e+00,-5.954520538548884190e+00,-2.202674973916104229e+00
3.987096050225350297e+00,-5.953725573567428597e+00,-1.997496025109309459e+00
3.988893250129366574e+00,-5.954355405174531768e+00,-1.789794824303578169e+00
4.001004560797563947e+00,-5.955496818532970416e+00,-1.856153802148653220e+00
4.001056395305993441e+00,-5.955609997115502097e+00,-2.042139942044254752e+00
3.997064988838535449e+00,-5.950901949463676566e+00,-2.264471980968626674e+00
3.993692756603340221e+00,-5.947862956502404153e+00,-2.475326057534923407e+00
3.993942205561296532e+00,-5.949563940829105668e+00,-2.673685742332401194e+00
3.993882589936807559e+00,-5.950893775834033228e+00,-2.860851114704827669e+00
3.995056227692030504e+00,-5.954188217760349566e+00,-3.053420954055757086e+00
3.995670684620824975e+00,-5.957244633991813032e+00,3.053095845400951358e+00
3.996154460775374506e+00,-5.960345327785837810e+00,2.881173963148757622e+00
3.996558296376120811e+00,-5.963423814132615242e+00,2.696160351014558199e+00
3.993336675667640723e+00,-5.984031383800287429e+00,2.578711361505829913e+00
3.990244686941763597e+00,-5.996884694000301330e+00,2.773059009428337607e+00
3.990607993308463275e+00,-5.995249915481109859e+00,2.961485755207615256e+00
3.998416794653415263e+00,-5.962150342789426460e+00,3.111620879001299134e+00
4.000291727586701818e+00,-5.959897522994641150e+00,-2.986466050372047487e+00
4.001739281653610369e+00,-5.957735890080551933e+00,-2.803954511507518177e+00
4.002642274712356674e+00,-5.955888776268429829e+00,-2.627740934908532555e+00
4.004428764816979402e+00,-5.955089528997691950e+00,-2.442331147142813741e+00
4.005157767862702833e+00,-5.954477430715946262e+00,-2.247885974561823375e+00
3.942774593963963792e+00,-6.003129729120304070e+00,-2.178191229932930906e+00
3.946493592594597200e+00,-6.004890701031921907e+00,-1.976562557759474315e+00
3.950359768236913371e+00,-6.006924809213588290e+00,-1.780252595810953187e+00
3.954844245054228047e+00,-6.004305803557978827e+00,-1.809943600424328558e+00
3.950555437104255940e+00,-6.001147825319524287e+00,-1.993293757630685281e+00
3.946695686734658981e+00,-5.998225686127446110e+00,-2.173401924213234082e+00
3.943026579557157074e+00,-5.995834492795097503e+00,-2.347696058474062930e+00
3.931909516578365515e+00,-5.995632486401295758e+00,-2.493074353826048917e+00
3.836728487611413829e+00,-6.052543892994679986e+00,-2.491428789407915900e+00
3.744006359939780371e+00,-6.113966817446290669e+00,-2.481310370345517491e+00
3.668348599661545695e+00,-6.137323538614439578e+00,-2.372912097268677467e+00
3.653162409713761161e+00,-6.149367906945675699e+00,-2.151673780414006920e+00
3.625874643212887438e+00,-6.144907694795944231e+00,-2.018997645935287633e+00
3.604298096466408641e+00,-6.177060222237445331e+00,-1.828237441392380536e+00
3.584221606315856512e+00,-6.272620986957035072e+00,-1.720216160318522203e+00
3.579978824111085700e+00,-6.380341895259954654e+00,-1.602761564115023907e+00
3.576421172323691611e+00,-6.462398485282626837e+00,-1.757040447174738507e+00
3.564544127245886873e+00,-6.544071393563040573e+00,-1.904716014454822304e+00
3.545513425381994654e+00,-6.621216997550831707e+00,-2.052596820890426610e+00
3.541657222426656038e+00,-6.669264554449818583e+00,-2.210953200505826999e+00
3.539742179836973257e+00,-6.661427077947851494e+00,-2.439688680736424864e+00
3.537491905103635759e+00,-6.658812844005131737e+00,-2.657218495908251654e+00
3.538768212742965158e+00,-6.666882170883203784e+00,-2.852142828569676158e+00
3.538639013315618254e+00,-6.676306311762751022e+00,-3.038558432948164523e+00
3.538565208321180933e+00,-6.685810927795811764e+00,3.059401019927078913e+00
3.534436708126945881e+00,-6.690417333373375186e+00,2.856592779849940200e+00
3.530065626809625101e+00,-6.694396174676032096e+00,2.658213053545813498e+00
3.532098151522651275e+00,-6.689131134447734439e+00,2.658120763675770881e+00
3.535396265802732252e+00,-6.685635776610371117e+00,2.851987445517183861e+00
3.538299082840192789e+00,-6.681694406778887263e+00,3.051815553894506206e+00
3.540347131369865341e+00,-6.678200377942059340e+00,-3.046156828733333821e+00
3.542804746837267871e+00,-6.674560412531880260e+00,-2.852514674673797490e+00
3.552795728973934697e+00,-6.691932645814786973e+00,-2.595755928660715028e+00
3.546056567675103466e+00,-6.668911148446726500e+00,-2.463368566215047739e+00
3.520053202827621686e+00,-6.659840075985523633e+00,-2.341497501446427432e+00
3.515797430349039132e+00,-6.663655050504801558e+00,-2.148379632966650910e+00
3.512566509243314705e+00,-6.669048154468280920e+00,-1.956702281899640017e+00
3.483691905477977357e+00,-6.763636457826651238e+00,-1.853031330682131772e+00
3.460329099764199778e+00,-6.851490103642308149e+00,-1.685711856686936683e+00
3.461350019176587800e+00,-6.851534105321005264e+00,-1.492917078694738997e+00
3.460187251409742704e+00,-6.956363762723909439e+00,-1.474133089556764364e+00
3.463625060351876339e+00,-7.063505155286623705e+00,-1.493701046864206461e+00
3.442513937321272088e+00,-7.135602363533525505e+00,-1.412513969352197751e+00
3.477498957633024190e+00,-7.120246217446219106e+00,-1.077443838039680912e+00
3.472205353566792940e+00,-7.123401978471019191e+00,-9.106233601891640106e-01
3.519779887883805802e+00,-7.194851171017986324e+00,-9.014212450470611149e-01
3.532242208379176684e+00,-7.236349436272389468e+00,-7.835669453367097859e-01
3.547014840498516008e+00,-7.207365629415743769e+00,-4.783167453934756286e-01
3.534139547190553010e+00,-7.233746771428886113e+00,-4.152619665767234292e-01
3.534972231465623782e+00,-7.232270305714449066e+00,-2.313043250359069214e-01
3.536241197187665275e+00,-7.230300965678233993e+00,-4.780339100842052186e-02
3.540061090381901643e+00,-7.234628504015947037e+00,1.176745826790833449e-01
3.543908381734045321e+00,-7.238769353248200922e+00,2.783719242607823885e-01
3.544210720229500122e+00,-7.227693087999431221e+00,4.980890885284173786e-01
3.593494525096099235e+00,-7.271930650665607843e+00,5.891919913853386204e-01
3.667583919654141322e+00,-7.175848300758421949e+00,8.377213652761141827e-01
3.743888566898304404e+00,-7.088775369548418581e+00,8.422080348019327367e-01
3.821013205272025370e+00,-7.003556216822120817e+00,8.375637218451192911e-01
3.900078305039690107e+00,-6.916260665444561084e+00,8.341865188995518654e-01
3.984725984759516226e+00,-6.826264236480729330e+00,8.256357765162309903e-01
3.935293374795717281e+00,-6.778263478346519655e+00,6.337553295295240696e-01
4.025355091235298666e+00,-6.699096698582021503e+00,5.364732445123403526e-01
4.089171698523280440e+00,-6.668425357087091498e+00,2.678264421881362822e-01
4.075032657980021789e+00,-6.645277536051708012e+00,1.796637545533019409e-01
4.074323654666053507e+00,-6.638757829059674265e+00,1.329452351680725578e-02
4.074429430681455244e+00,-6.640308319734255171e+00,1.697099855423212511e-01
4.075505455277874667e+00,-6.641933614274107001e+00,3.525196722408491801e-01
4.075306219438167510e+00,-6.638878575237373347e+00,5.465709632086186431e-01
4.170065507807027672e+00,-6.594005339092391615e+00,5.726134150754689234e-01
4.259012110033096654e+00,-6.536227191187678365e+00,5.709158807001857294e-01
4.351282508027766838e+00,-6.476633868328583787e+00,5.729135812526793270e-01
4.443935043650683703e+00,-6.418279547533452423e+00,5.706248459354734681e-01
4.547883075066296854e+00,-6.365718943529798501e+00,5.577507349272229353e-01
4.595601327410093973e+00,-6.320508721999787305e+00,4.252813391330357295e-01
4.588038196636079924e+00,-6.318547667489961661e+00,2.481134596277976279e-01
4.584435461723092686e+00,-6.319822835407119754e+00,2.477168194577162100e-02
4.581370851689257506e+00,-6.320061621781644767e+00,-1.772879091362287995e-01
4.578549271937297327e+00,-6.319765251286819208e+00,-4.105955487219142275e-01
4.576232604473005949e+00,-6.319403245870330643e+00,-6.292291397726659241e-01
4.574517172989064129e+00,-6.319551294142607745e+00,-8.586242164258963694e-01
4.573241608412462966e+00,-6.318858445339301966e+00,-1.126976813675781397e+00
4.573245229351245555e+00,-6.318958282539796301e+00,-1.377774245231715211e+00
4.573853098149333718e+00,-6.319035503523013908e+00,-1.619569498882266201e+00
4.609385796437252658e+00,-6.326363601132804604e+00,-1.737312097476316985e+00
4.600901459599262111e+00,-6.325767795075171840e+00,-1.925973127348092229e+00
4.592998280819961643e+00,-6.325555961189166965e+00,-2.110280920311803587e+00
4.596600067238102660e+00,-6.326539270108682445e+00,-2.282572647391070131e+00
4.600294738768696767e+00,-6.327821109301231317e+00,-2.458392949655905824e+00
4.517696273833304410e+00,-6.399406188719073185e+00,-2.489012495492964661e+00
4.432848287857137137e+00,-6.464508675335445709e+00,-2.487354016036548821e+00
4.351342089183037665e+00,-6.527136231876768946e+00,-2.486172975753083492e+00
4.265836075767502678e+00,-6.594526989973683584e+00,-2.473715715834158502e+00
4.183147856290324818e+00,-6.661158025481091371e+00,-2.465772338248418016e+00
4.148543564580544185e+00,-6.679424827930067643e+00,-2.302138300138916183e+00
4.143064968776665857e+00,-6.676692668764423466e+00,-2.131210532951091530e+00
4.136454147051734864e+00,-6.673658092538360620e+00,-1.980016799000978933e+00
4.138713419821431927e+00,-6.673493238910837455e+00,-1.776302383228886228e+00
4.140153985633769018e+00,-6.678511262486080291e+00,-1.572153828207975890e+00
4.134446618343379676e+00,-6.803773202204000725e+00,-1.541618795923935137e+00
4.112365295409177612e+00,-6.910034060600089845e+00,-1.431335651836451950e+00
4.119984062378559742e+00,-6.903611293990933540e+00,-1.211225392189812622e+00
4.128164553390083924e+00,-6.896954667152509266e+00,-9.918576435997249474e-01
4.183893378713057665e+00,-6.978428571886430731e+00,-9.152119225531007984e-01
4.243268090493131695e+00,-7.061819388812875964e+00,-9.192600752813452347e-01
4.303822440698275464e+00,-7.145152647320539785e+00,-9.160564555042535195e-01
4.369524349325711654e+00,-7.234883613548880099e+00,-9.098535307685098328e-01
4.352926207172066242e+00,-7.272024614252378782e+00,-7.671125207573773475e-01
4.359542665640957715e+00,-7.270922637480176753e+00,-5.300344733464978919e-01
4.365374745242249332e+00,-7.270079446676789736e+00,-3.382671420632099024e-01
4.371225484263443484e+00,-7.269432088974073558e+00,-1.293906834116423377e-01
4.376783879603179273e+00,-7.269018231742097491e+00,5.710184194323279089e-02
4.383299856086938284e+00,-7.268742270692660767e+00,3.004055579611509263e-01
4.389195868038775927e+00,-7.268572143354051995e+00,5.218215882146585161e-01
4.356841032816189951e+00,-7.309404920758155733e+00,5.423812707078862205e-01
4.290561699327236411e+00,-7.325715558726072274e+00,5.252698962855050224e-01
4.286998817905208092e+00,-7.340769795112712437e+00,5.785941172081001671e-01
4.305634814878760430e+00,-7.302457454868857667e+00,7.382186018913986514e-01
4.333758694116489174e+00,-7.311948852350353079e+00,4.640333938824281468e-01
4.332375654546519073e+00,-7.253962532655254591e+00,3.200017325345375641e-01
4.366359524158955452e+00,-7.253999598864754539e+00,1.107587312953874220e-01
4.407669567562289004e+00,-7.256356127067158823e+00,-7.063301113248134089e-02
4.517067292961155722e+00,-7.270335570106586154e+00,-1.132695585648084285e-01
4.625886281582951121e+00,-7.283177828338089910e+00,-1.116271666235226917e-01
4.719786568484906297e+00,-7.295656823326436502e+00,6.685737737058096430e-02
4.726332460961940818e+00,-7.298775171928252981e+00,2.337525041086817301e-01
4.710325431849458511e+00,-7.268862127913275906e+00,5.164819181372034551e-01
4.805573313596449125e+00,-7.224282612486072175e+00,6.283453641347975793e-01
4.896770749974209025e+00,-7.174289044371066737e+00,6.136371317253572766e-01
4.987142002781265404e+00,-7.121438850499833606e+00,6.120948907238403791e-01
5.075094173001354569e+00,-7.058310389660801931e+00,6.236219272483656262e-01
5.135444645271282305e+00,-7.065109200246828536e+00,7.720744846419124174e-01
5.125331443991562708e+00,-7.055066634251772939e+00,9.762098324203278832e-01
5.125390177706353079e+00,-7.055119698919252613e+00,1.159278805040546256e+00
5.125563570297319238e+00,-7.054966532357042297e+00,1.347144993539036717e+00
5.125794113819420517e+00,-7.054644598658661003e+00,1.554916098411946779e+00
5.128781750730691869e+00,-7.052897077911477020e+00,1.757995634054669631e+00
5.131230860398145133e+00,-7.050684658908571656e+00,1.961567406689751047e+00
5.133405950644042370e+00,-7.048982494269201204e+00,2.137339119589904968e+00
5.127931852862311679e+00,-7.049191884777613382e+00,2.328406351951858966e+00
5.164404110541772397e+00,-7.029439691272935775e+00,2.431237148467825904e+00
5.162062540389928955e+00,-7.028108933973503447e+00,2.625061287423395839e+00
5.159858711223322736e+00,-7.026901487247949163e+00,2.831838849803865354e+00
5.157584422731633644e+00,-7.025012176189653346e+00,3.058213062328250853e+00
5.155256615714700175e+00,-7.023436511731375731e+00,-3.018209716304153911e+00
5.153191768769072922e+00,-7.022107462311991455e+00,-2.838064847448041217e+00
5.150744380097276753e+00,-7.020781345931510486e+00,-2.656332714659288108e+00
5.147983586150224333e+00,-7.019629845577769700e+00,-2.467862559773899012e+00
5.144725873547018047e+00,-7.018860278038093092e+00,-2.238213941849345190e+00
5.141317363152922759e+00,-7.018761435388516823e+00,-2.045474644866245306e+00
5.136062848500296596e+00,-7.017975781390922485e+00,-2.176133951830149460e+00
5.132773327825638887e+00,-7.017493192044370609e+00,-2.358739734064542404e+00
5.050334736321794971e+00,-7.083652884521062454e+00,-2.434378368984562613e+00
4.967735835672193900e+00,-7.152055401310668969e+00,-2.434679880144442254e+00
4.887596210812226616e+00,-7.217615003123246886e+00,-2.434441524189366657e+00
4.806365644130093706e+00,-7.283085807134008327e+00,-2.434353724903813188e+00
4.718301245799243482e+00,-7.353755891524525801e+00,-2.434606821315492997e+00
4.633007646218612940e+00,-7.422539678825308407e+00,-2.432600387597959823e+00
4.546378163628801872e+00,-7.491383991815279586e+00,-2.434293287565453490e+00
4.460324398561420267e+00,-7.560316551467511026e+00,-2.434954485543624259e+00
4.374765545334052597e+00,-7.628602894234916221e+00,-2.434018592135438919e+00
4.285012285346379457e+00,-7.700566925537511764e+00,-2.429096691956141196e+00
4.197861952595682844e+00,-7.770055831735867002e+00,-2.428607415907809930e+00
4.116702776458401658e+00,-7.839323866027199550e+00,-2.428323456368791877e+00
4.043327218480297525e+00,-7.901968227483420648e+00,-2.431389978710950750e+00
3.958444290605665827e+00,-7.973702924088963861e+00,-2.431136242966184025e+00
3.875986788957573648e+00,-8.043138766963483732e+00,-2.431640877509801513e+00
3.794754176416146763e+00,-8.112709023659109064e+00,-2.429378851150113761e+00
3.712335728997363749e+00,-8.188351571583897481e+00,-2.419605217420818022e+00
3.628481248047080943e+00,-8.258908668615514870e+00,-2.424664434367216348e+00
3.547165736152614546e+00,-8.326372098426661594e+00,-2.426680945381876509e+00
3.465685463504126318e+00,-8.394448353299152288e+00,-2.425616205781953916e+00
3.433910080718344027e+00,-8.380908484784267642e+00,-2.265156725192447595e+00
3.431768666083515829e+00,-8.379792907715984285e+00,-2.069871187435250892e+00
3.429545974210089110e+00,-8.379304535136304466e+00,-1.866765512656695547e+00
3.427045693584887864e+00,-8.379746880585695834e+00,-1.651321943053568386e+00
3.425277920092066886e+00,-8.380839554223591392e+00,-1.557563255063636465e+00
3.426440736188798741e+00,-8.379884969034137043e+00,-1.754643137467800651e+00
3.427728330806766088e+00,-8.379481782591104988e+00,-1.948686808113756497e+00
3.429393344829479773e+00,-8.379779500917210910e+00,-2.144171095762591239e+00
3.431000601041846565e+00,-8.380748154527136506e+00,-2.322940224394749453e+00
3.433208022151991834e+00,-8.382476450804627888e+00,-2.569424111444436498e+00
3.435466366404306360e+00,-8.384810856896169895e+00,-2.821349643915856298e+00
3.436961736644836396e+00,-8.386922845505214497e+00,-3.020805240748185128e+00
3.439192878439893519e+00,-8.389406367697704425e+00,3.093510797279832136e+00
3.440235951186687124e+00,-8.390478243074488418e+00,2.914268743591535316e+00
3.439974261038009296e+00,-8.390711705532718057e+00,2.741482072934421144e+00
3.441239890574655735e+00,-8.391851031886970347e+00,2.562705048813541442e+00
3.441775196719352614e+00,-8.392702802371065474e+00,2.389982525481654019e+00
3.366024669336773911e+00,-8.321406463320819569e+00,2.383826041042935717e+00
3.287596599959299315e+00,-8.248703747416243459e+00,2.386973496044236587e+00
3.213469753183977762e+00,-8.179578967547616486e+00,2.390063795758686993e+00
3.138795563340083472e+00,-8.109047173761171123e+00,2.386660292986020337e+00
3.063787331042373108e+00,-8.037636804876573393e+00,2.386040464742321898e+00
3.056506275338688017e+00,-8.031121441091183755e+00,2.212098002717474365e+00
3.055793355552868906e+00,-8.031175931519051403e+00,2.030747432451664558e+00
3.054543957668206300e+00,-8.031696784735837369e+00,1.821431476111559533e+00
3.052710778681145598e+00,-8.032574585750085205e+00,1.621530433447491149e+00
3.050784854889863507e+00,-8.032353939918859709e+00,1.444080233340971686e+00
3.048433037741520302e+00,-8.032125071527998372e+00,1.244515311226109366e+00
3.044196236420072754e+00,-8.031924181307825705e+00,1.067609959702334077e+00
3.039089720231908487e+00,-8.027740375675417539e+00,9.036387963507382937e-01
3.036192858284308294e+00,-8.024964418245014386e+00,7.284306654851574470e-01
3.031542383522397355e+00,-8.019118674445840256e+00,5.716811651391631166e-01
3.028779546769401865e+00,-8.016511800861094272e+00,4.009111813273113500e-01
3.026358645425460292e+00,-8.013658356167779218e+00,2.282590846077076352e-01
3.022817392941699488e+00,-8.017146478651948627e+00,3.034967281486712978e-02
3.019026305470043248e+00,-8.020075722341523772e+00,-1.615110276463807004e-01
3.015690967709800940e+00,-8.023037739968863491e+00,-3.509020396449613055e-01
3.013798902018511860e+00,-8.019067634177654114e+00,-5.184110412843072613e-01
3.012278690263161529e+00,-8.014590456888974757e+00,-6.853680449531800445e-01
3.009811810965220324e+00,-8.011688213960844962e+00,-8.597984935068159196e-01
3.003786691196979941e+00,-8.010182841643496587e+00,-1.037857297745226948e+00
2.998584296111891589e+00,-8.008589464165099869e+00,-1.225980616023396141e+00
2.998287522550951323e+00,-8.007634840180532620e+00,-1.397177684397270747e+00
2.998781857900314485e+00,-8.006461959422457753e+00,-1.570374423632903804e+00
2.999290062735771034e+00,-8.005783218648256039e+00,-1.747989838876874868e+00
3.003761680989051275e+00,-8.003716874040494034e+00,-1.902187700771153622e+00
2.998356185277312402e+00,-8.003350528929917829e+00,-2.084885270555669745e+00
2.989664794218978461e+00,-8.003241818198780777e+00,-2.272591190376987758e+00
2.981407604291102853e+00,-8.002299662385247814e+00,-2.156836010507872547e+00
2.974062136982445814e+00,-8.001935526335298476e+00,-1.955577301727972728e+00
2.967265144058822912e+00,-8.002071970065950168e+00,-1.763368427728072563e+00
2.971673656385430018e+00,-7.998883979887940754e+00,-1.569791777262443455e+00
2.977270062158039909e+00,-7.996513160257770814e+00,-1.359412334320778015e+00
2.982405045488025319e+00,-7.994989514770368011e+00,-1.108759225522038205e+00
2.987261708594576515e+00,-7.994298897156275174e+00,-8.965406966876421357e-01
2.993106586716563822e+00,-7.993694387125644951e+00,-6.777620569605498080e-01
3.056247683252756087e+00,-8.068717545333226937e+00,-6.299079916089665998e-01
3.148679562044696567e+00,-8.132858393235874672e+00,-4.811011308017021371e-01
3.195010890539037973e+00,-8.134384977334374156e+00,-3.455291526844640471e-01
3.195868558842205331e+00,-8.133687391940258138e+00,-5.353560037643476655e-01
3.196074548653903058e+00,-8.132608291824821478e+00,-7.293248648970114267e-01
3.196238492747029980e+00,-8.131189858130813519e+00,-9.245819549816115535e-01
3.196814433476630413e+00,-8.129601138350526668e+00,-1.130995123217901188e+00
3.198648039063274329e+00,-8.127634620743346971e+00,-1.363572605326559328e+00
3.201454068677401565e+00,-8.125675282134739774e+00,-1.630905652422335317e+00
3.204911294646069386e+00,-8.125397526344755761e+00,-1.891612056323163538e+00
3.208922568505380379e+00,-8.126314602981942414e+00,-2.143772189998140121e+00
3.212983648375741463e+00,-8.128019421951355739e+00,-2.358469422876835253e+00
3.222816264167126743e+00,-8.130376074257750219e+00,-2.525771304278654483e+00
3.230391657689699603e+00,-8.131996392709401889e+00,-2.639479168415467036e+00
3.231233305230542641e+00,-8.130203957136378889e+00,-2.458750781177632128e+00
3.232001227275504540e+00,-8.127714762331955001e+00,-2.275535078986998805e+00
3.190042830455471101e+00,-8.117986036950732398e+00,-2.162909320208652453e+00
3.190854501996069459e+00,-8.118679773422492474e+00,-1.979188800903468159e+00
3.191395119309484940e+00,-8.119778007274296883e+00,-1.792470190027943167e+00
3.192829381013710499e+00,-8.122226947303817113e+00,-1.599954234533504271e+00
3.193617048648637713e+00,-8.121829753731027779e+00,-1.422421029849177732e+00
3.192785515558632436e+00,-8.123915308664061641e+00,-1.236555896576806868e+00
3.190948165854919694e+00,-8.126312528811427072e+00,-1.046512947394578674e+00
3.189615776940700975e+00,-8.129519812242763876e+00,-8.635269350451526549e-01
3.188291585649105198e+00,-8.133008939453958419e+00,-6.840450734800349597e-01
3.187274742135633332e+00,-8.137248880999404577e+00,-5.000400995763739642e-01
3.184364987736341579e+00,-8.143258919740210544e+00,-3.169546325946173138e-01
3.181121777863113564e+00,-8.149974587383594482e+00,-1.357361701940418275e-01
3.177664358718061077e+00,-8.157213308011474595e+00,4.016544875233009348e-02
3.173884066657688852e+00,-8.164169096275402993e+00,2.234666459851302744e-01
3.169996003086410497e+00,-8.172067633486085114e+00,4.014633876837773174e-01
3.167470914358866629e+00,-8.169551934012760697e+00,6.100810097036974966e-01
3.165371529681423546e+00,-8.168018859508514140e+00,8.246646909189079278e-01
3.164486919576964485e+00,-8.165852080368489752e+00,1.028033277480513874e+00
3.176090155752806510e+00,-8.163608263590292680e+00,1.035820617922431630e+00
3.175269665747818770e+00,-8.160455160695365251e+00,8.494680590659144936e-01
3.173888877102522876e+00,-8.156491205953104284e+00,6.151832108964876422e-01
3.172670796995094022e+00,-8.152702986069988000e+00,3.853914889757158457e-01
3.171891799285116331e+00,-8.148870979275967485e+00,1.968906846880216777e-01
3.170710815559422358e+00,-8.145147933142458996e+00,-2.041529494246704587e-02
3.170143221112526000e+00,-8.142046296226022051e+00,-2.271093593033004232e-01
3.169029055604605460e+00,-8.138380091161248941e+00,-4.727340410985851338e-01
3.168484355750121662e+00,-8.135132918203863639e+00,-7.013757758443034396e-01
3.167861739478393446e+00,-8.131455441124710859e+00,-9.311567731996148733e-01
3.167952043004278018e+00,-8.128393460925694924e+00,-1.121729407983436344e+00
3.169112858516635267e+00,-8.124929941569753566e+00,-1.374166259064846907e+00
3.170966271857019514e+00,-8.122447838009470900e+00,-1.554447457647920139e+00
3.173523533531833696e+00,-8.120636207373072679e+00,-1.734449197556872990e+00
3.176590548747708631e+00,-8.118733656078628513e+00,-1.924764502231620211e+00
3.181519627898468983e+00,-8.115120047614711396e+00,-2.099224888790864885e+00
3.180920125834358902e+00,-8.115313784562674826e+00,-2.279207549876660632e+00
3.181311766948571318e+00,-8.115755433803567342e+00,-2.449908882204410610e+00
3.179646704453039874e+00,-8.116187640083149191e+00,-2.638251293752481352e+00
3.167713037687172939e+00,-8.110244514222300083e+00,-2.595354662921712130e+00
3.163792697808119669e+00,-8.107174604312197275e+00,-2.418847944144677520e+00
3.160538296855428086e+00,-8.104339159552642613e+00,-2.242935846721644033e+00
3.156801146570660688e+00,-8.102331832179761051e+00,-2.062563897187183137e+00
3.153109253085750296e+00,-8.100878199269226698e+00,-1.880060622870521669e+00
3.149351399101428139e+00,-8.099976729010871068e+00,-1.684021028798190489e+00
3.146268773035227895e+00,-8.099156138701621543e+00,-1.496489241926934000e+00
3.148746150769001773e+00,-8.100628180692922342e+00,-1.309249911810480338e+00
3.151643406595676211e+00,-8.102083957039591056e+00,-1.120436185442191146e+00
3.156254024667840774e+00,-8.104211918161588812e+00,-9.055197725092641869e-01
3.161143811333609221e+00,-8.105958146152424604e+00,-6.990453912713604501e-01
3.165854317247412730e+00,-8.107703189816692912e+00,-5.098792277964701025e-01
3.259315085142854507e+00,-8.176286825968418270e+00,-4.615880178503091180e-01
3.354377076860997065e+00,-8.226945800117478669e+00,-4.635247343567961975e-01
3.394916892481957049e+00,-8.201520155795574141e+00,-5.577747315382437510e-01
3.395871944174558621e+00,-8.202448495570504150e+00,-7.686862014827093859e-01
3.396285542219937614e+00,-8.202317447713642906e+00,-9.935725653227166498e-01
3.397952832561408343e+00,-8.202029277216789538e+00,-1.186677687580563134e+00
3.400274533834632074e+00,-8.201675775744288188e+00,-1.428562019629755264e+00
3.403224083326470417e+00,-8.201187883063836281e+00,-1.620842989281186419e+00
3.406169121829269120e+00,-8.204336828073362398e+00,-1.503193477710919268e+00
3.408597691530128593e+00,-8.207934255747851182e+00,-1.513730063826055128e+00
3.412477426323589302e+00,-8.209862659415037456e+00,-1.704523804042011648e+00
3.416136309398456472e+00,-8.212664173662274081e+00,-1.886836494106398643e+00
3.420257979321505992e+00,-8.215319099032695860e+00,-2.090074857306516432e+00
3.420841930211269588e+00,-8.214803325005293644e+00,-2.283518440817243089e+00
3.421969593436203549e+00,-8.215438709928671202e+00,-2.524148022875623454e+00
3.422527122847308867e+00,-8.215856569215857164e+00,-2.747119475647880282e+00
3.422468833194257432e+00,-8.215572604099060428e+00,-2.930236706906795607e+00
3.412152533253885345e+00,-8.206827613189672022e+00,-2.990943925090840949e+00
3.408004249790574480e+00,-8.202801001557720184e+00,-2.813400468008261157e+00
3.405648192712452005e+00,-8.204915332947901874e+00,-2.613655917147846175e+00
3.401569331521950179e+00,-8.208404142678048743e+00,-2.443250010733839517e+00
3.414060985700368978e+00,-8.226156518706300602e+00,-2.239590147200537729e+00
3.389279551997579798e+00,-8.212238257065072489e+00,-2.110718870079566045e+00
3.383850860706478336e+00,-8.213278258107020946e+00,-1.933697560745941679e+00
3.377618366989575627e+00,-8.214828985663039873e+00,-1.777957069693667735e+00
3.374719148127642399e+00,-8.215945739071534248e+00,-1.592190295459077198e+00
3.372130725098587689e+00,-8.217890429799656005e+00,-1.416991294093758347e+00
3.369514091001041489e+00,-8.220125126345976696e+00,-1.245088785951093957e+00
3.367567021700799579e+00,-8.223164728737677009e+00,-9.873145101735217866e-01
3.366475784798809823e+00,-8.225683111239298739e+00,-7.970309340749547333e-01
3.365706391477249149e+00,-8.228315057157205459e+00,-5.934640677465364833e-01
3.365209560622297591e+00,-8.231001041029564647e+00,-3.736193918350503296e-01
3.364544559638947607e+00,-8.233652085424258971e+00,-1.740165898018788126e-01
3.364137775616927950e+00,-8.236527957583779980e+00,5.308458095104099522e-02
3.363684560926814449e+00,-8.239673950815328496e+00,2.535656222728606690e-01
3.363631152180018180e+00,-8.242858042004318264e+00,4.534178189708676365e-01
3.364079467928888789e+00,-8.246402295945651773e+00,6.801100498222708568e-01
3.380861425925870911e+00,-8.228065154311199336e+00,8.063275404150439529e-01
3.415103256340919824e+00,-8.182942994102532452e+00,6.699657395456743991e-01
3.414778170289938242e+00,-8.185175062345734887e+00,4.776856703652456182e-01
3.501306337464218821e+00,-8.139719288992941060e+00,4.810104443937825991e-01
3.592800350351809779e+00,-8.090701457247860162e+00,4.785064122698678979e-01
3.682593590390970562e+00,-8.043368616768413304e+00,4.772220122645586815e-01
3.777176889858647968e+00,-8.001638160565974545e+00,4.725725050744697953e-01
3.836145027831085130e+00,-7.973778777643312665e+00,6.142055164143422896e-01
3.867777828081406355e+00,-7.941227024579852412e+00,8.440557112677611329e-01
3.892072728605791898e+00,-7.903686034756523426e+00,1.065550411715630030e+00
3.912838851736222701e+00,-7.868093780556824512e+00,1.249840334009360454e+00
3.926487785532573493e+00,-7.831283673214580077e+00,1.434157381105234386e+00
3.932994657755847889e+00,-7.793661454487154749e+00,1.618119382365639014e+00
3.944346303630771988e+00,-7.662774856692088576e+00,1.718934509620622109e+00
3.896340139500028332e+00,-7.574088458727684881e+00,1.992749583464148877e+00
3.868201029134549884e+00,-7.539860643436743004e+00,2.207949856433722768e+00
3.865327589652471474e+00,-7.536963732934762739e+00,2.381239629068514940e+00
3.853033852070314680e+00,-7.526206576791389047e+00,2.295080519474027803e+00
3.871230862689843732e+00,-7.508945173940908546e+00,1.999994887375469599e+00
3.873087218125197850e+00,-7.503532330830232411e+00,1.799084026515144430e+00
3.875742418919457144e+00,-7.497645285553424799e+00,1.588387697828820944e+00
3.867645792705536323e+00,-7.393433913743860941e+00,1.573816955019141206e+00
3.860748163889933693e+00,-7.270114945111584959e+00,1.573467459516385780e+00
3.860332743438767533e+00,-7.156145473508026100e+00,1.560310766192709586e+00
3.863907814246265282e+00,-7.042615571116354722e+00,1.503701569592452492e+00
3.863151719918956672e+00,-6.977886958161158226e+00,1.414320865210421330e+00
3.879377655068198649e+00,-6.987097064572995286e+00,1.382016514650196815e+00
3.871510126320448553e+00,-6.994496651036557822e+00,1.601585453962365513e+00
3.896576133793165031e+00,-6.937309456920662143e+00,1.619086587347277728e+00
3.889156900787212656e+00,-6.837561818887651910e+00,1.785682603213623931e+00
3.841487368619227905e+00,-6.722608894954993808e+00,1.801623159877284275e+00
3.838615962055906383e+00,-6.700544545406728503e+00,1.611930903432061246e+00
3.839741317301957224e+00,-6.688685202746045277e+00,1.763559135342558148e+00
3.799247436370671860e+00,-6.682522468124486359e+00,1.995175860964317316e+00
3.811267022719672770e+00,-6.586777587031285464e+00,2.161555961830377015e+00
3.740939998164803715e+00,-6.493077480736289431e+00,2.165821019913906298e+00
3.676967910479417068e+00,-6.404993600388178443e+00,2.165686020879173057e+00
3.607624382792098849e+00,-6.312706152423765538e+00,2.202230703462635386e+00
3.533259529603130389e+00,-6.223249426263602224e+00,2.252164225371733774e+00
3.453792417642022716e+00,-6.138468142201956468e+00,2.269094291066985125e+00
3.377110966847819640e+00,-6.053206021803717363e+00,2.268945326717758615e+00
3.299334065338539901e+00,-5.965755387074985094e+00,2.265954172547826495e+00
3.219387337653464964e+00,-5.876329084967129468e+00,2.264963776049893074e+00
3.141702763914597796e+00,-5.788886018365975161e+00,2.259899652987763741e+00
3.045471399737277540e+00,-5.700003864594589409e+00,2.256125035805929713e+00
2.972354494156276061e+00,-5.611399406186528438e+00,2.252257265147174170e+00
2.903747513736988139e+00,-5.527984441715057429e+00,2.248651159209254402e+00
2.838233091487805559e+00,-5.447442258669944692e+00,2.247620012228022990e+00
2.768338057681247300e+00,-5.361114907513832684e+00,2.247316148187000540e+00
2.698357686430143065e+00,-5.274662559564954556e+00,2.246885255823469763e+00
2.629337006939451715e+00,-5.192189428669278684e+00,2.242005701355239466e+00
2.557401313861862757e+00,-5.105789014132890102e+00,2.253226260387134250e+00
2.482969017704144132e+00,-5.022635609870466311e+00,2.312037691107968307e+00
2.416928650317502925e+00,-4.944480876443266837e+00,2.386089338577098928e+00
2.344414927327983733e+00,-4.872889613467271452e+00,2.471422925253536462e+00
2.264572409195674485e+00,-4.803266193600371103e+00,2.514089337563826465e+00
2.185098764744398459e+00,-4.739185716997477371e+00,2.557938514465863733e+00
2.094772287248140241e+00,-4.678216295547875880e+00,2.603980440825823361e+00
2.003234872480870621e+00,-4.618582177700998770e+00,2.607348672361662789e+00
1.909494086992180373e+00,-4.556818153318414666e+00,2.608276852460758022e+00
1.818603147521894003e+00,-4.497123618743486873e+00,2.612438138554953326e+00
1.729434157581492881e+00,-4.442456420549873997e+00,2.615300063317712365e+00
1.640675212391979443e+00,-4.388732708986819553e+00,2.616734643863013687e+00
1.544086611780609575e+00,-4.329683399810255295e+00,2.616049810389086350e+00
1.449385067443537567e+00,-4.271840841103149877e+00,2.614711276937307538e+00
1.353237930333766270e+00,-4.213287293336976269e+00,2.572187279327204479e+00
1.262810955152967152e+00,-4.151566866005570233e+00,2.513040838881746453e+00
1.177448216211435472e+00,-4.083329996315767652e+00,2.427317439953490030e+00
1.091259317499748915e+00,-4.004809888977812982e+00,2.383024754835384673e+00
1.010778203996165026e+00,-3.929476145921572794e+00,2.384848895647107891e+00
9.270994986726615039e-01,-3.850089956737641650e+00,2.421074353895514619e+00
8.402554397062209635e-01,-3.774526697736099834e+00,2.469647807274125473e+00
7.526176050143196239e-01,-3.704233938796095416e+00,2.496464985495323141e+00
6.633717873827490452e-01,-3.632313407632414393e+00,2.490890137547027372e+00
5.761809156305180979e-01,-3.562155129532713627e+00,2.486885929800928707e+00
4.890564789158071135e-01,-3.492379655125955829e+00,2.488876694114787735e+00
4.015081398310755834e-01,-3.422527805733877493e+00,2.490573794820156728e+00
3.151185354423392537e-01,-3.355917061351771924e+00,2.477550098510816756e+00
2.331911569490565661e-01,-3.288386010186711950e+00,2.420456191974223348e+00
1.554182892952964967e-01,-3.209018614890280841e+00,2.330251959479578083e+00
8.445867687343554253e-02,-3.122808983617984424e+00,2.240215302674455788e+00
2.086545561098181872e-02,-3.030535987543832466e+00,2.152484626435027248e+00
-3.062419317369495173e-02,-2.926616725786595818e+00,2.032602296531352160e+00
-6.911275065391221661e-02,-2.819513725218385947e+00,1.918256416194611402e+00
-1.013199967713257349e-01,-2.717507917717274957e+00,1.803194657117598965e+00
-1.176236158429281309e-01,-2.632535128318914452e+00,1.663987348826013735e+00
-1.207326746627485903e-01,-2.546603556863024753e+00,1.508640922019492070e+00
-1.134569104128622941e-01,-2.481300941657077264e+00,1.353638818557709733e+00
-9.505895458460081326e-02,-2.419149521650707957e+00,1.172748874739441893e+00
-6.003632001068244517e-02,-2.352692701064196257e+00,9.649906228691976784e-01
-1.460585481453100659e-02,-2.296925095774089431e+00,7.783812570056228841e-01
4.410791865368757225e-02,-2.251083640839139921e+00,6.145574567831180168e-01
1.096878574204493695e-01,-2.214190741929947137e+00,5.024832516283539441e-01
2.049134176312366884e-01,-2.172232575596711346e+00,4.323378314556775570e-01
2.148040927083630369e-01,-2.175385586639589253e+00,5.885476294095841610e-01
3.029737117336613883e-01,-2.119659339640367790e+00,5.839426745641578265e-01
3.876147783245152412e-01,-2.065771911414969519e+00,5.810417014132682745e-01
4.749476307246472961e-01,-2.009949214360908787e+00,5.798066946841544667e-01
5.406288359095469120e-01,-1.971267739012096287e+00,7.236133619482534307e-01
5.421341250048623550e-01,-1.973757742191690978e+00,9.084551141285645004e-01
5.444414565644225545e-01,-1.975644406747729009e+00,1.119933098464531263e+00
5.472282122054065168e-01,-1.976765836417776478e+00,1.325767624371242182e+00
5.493785918703635307e-01,-1.977407810306803349e+00,1.522793628098111807e+00
5.514463516744767535e-01,-1.976811306567445303e+00,1.719637839696679160e+00
5.518149844646268454e-01,-1.980202443008515001e+00,1.610450441917146591e+00
5.521548208462796481e-01,-1.885853182745398815e+00,1.574193983508963779e+00
5.645533604214267864e-01,-1.782268412588169371e+00,1.500359626504407462e+00
5.648298813022805120e-01,-1.735082024140528034e+00,1.693985487306249427e+00
5.571223147664711162e-01,-1.693819058948702994e+00,1.875181965009087071e+00
5.418113319421420382e-01,-1.653716184106479803e+00,2.060723200502313279e+00
4.835929795988918034e-01,-1.568118010308242605e+00,2.186169618393559944e+00
4.278550575047357918e-01,-1.480281202423333609e+00,2.141568191183973902e+00
3.786742487543864333e-01,-1.402215291464732561e+00,2.142634340612577848e+00
