x,y,theta
3.149945144379122652e-01,-1.299115117762198901e+00,-8.808883597271699450e-01
3.598563985723596814e-01,-1.353805954475798767e+00,-7.271756031403712184e-01
3.616543455527952977e-01,-1.355656524357592430e+00,-5.232666833496965042e-01
3.629906080116709344e-01,-1.358129030677108551e+00,-3.259929101513401317e-01
3.643625164770542546e-01,-1.359875825296584795e+00,-9.894705739703893443e-02
3.654161030530693188e-01,-1.361720922805001344e+00,7.648889886708688801e-02
3.675505125870927037e-01,-1.364059862770037101e+00,3.359019243720835490e-01
3.694624760678238418e-01,-1.366591963357342232e+00,5.405312198775124033e-01
3.716018058489494180e-01,-1.368064237910772363e+00,7.226540111245893794e-01
3.754229924484560610e-01,-1.376060582393031417e+00,7.843130086951949353e-01
3.739631769175233433e-01,-1.373413267945797100e+00,6.203236117341115463e-01
3.732849564317867741e-01,-1.372466588651004127e+00,5.961352322432766915e-01
3.786885986744656929e-01,-1.375936467922469930e+00,7.539077787081021054e-01
3.834355287161226311e-01,-1.378083359614926007e+00,9.101569818581649596e-01
3.863000943135160292e-01,-1.376026492706625914e+00,1.095156307509379534e+00
3.894657499849389914e-01,-1.373761909112305224e+00,1.279078858027736354e+00
3.930314559781061812e-01,-1.370769168680689765e+00,1.485591295284084179e+00
3.964714675696999757e-01,-1.367878415086475119e+00,1.669977741891072176e+00
4.004685331761704825e-01,-1.364942480522860491e+00,1.875501442296657384e+00
4.027186578161366937e-01,-1.361072469162132759e+00,2.084613571819311506e+00
4.049257952153005879e-01,-1.357034198674767378e+00,2.293862693840673206e+00
4.063863889985110389e-01,-1.353463482581076738e+00,2.481369369649098378e+00
4.074625692721831616e-01,-1.349419362478515350e+00,2.690905196231916818e+00
4.082779938986773050e-01,-1.345098244126351261e+00,2.897957961545326366e+00
4.088743669908762035e-01,-1.341440808794951867e+00,3.095938035814502332e+00
4.088702661052582843e-01,-1.340946525598349037e+00,-2.979400180365869399e+00
4.093551953514410480e-01,-1.339091633919710977e+00,-2.773105695779859214e+00
4.090788810146042120e-01,-1.338238520867003123e+00,-2.559217472642905999e+00
4.069083471399317919e-01,-1.333331660872409286e+00,-2.374895808997224744e+00
4.047773849141966807e-01,-1.328580557408947094e+00,-2.212573547276210917e+00
4.024828150889881995e-01,-1.323254837957109187e+00,-2.051290149189254119e+00
4.003843117625203174e-01,-1.319005984119173247e+00,-1.887756729789151988e+00
3.975062246106572661e-01,-1.314560092866675189e+00,-1.700509215163600985e+00
3.956988232277325879e-01,-1.311572535506774884e+00,-1.513785422935493008e+00
3.935266565001595551e-01,-1.308081440892321812e+00,-1.326874208284806844e+00
3.953277505197771990e-01,-1.304105622104005935e+00,-1.047700400857035641e+00
3.978024231066505378e-01,-1.300333211474098860e+00,-7.657962986938406935e-01
4.671882570285993963e-01,-1.336029287648895947e+00,-7.957443649761958282e-01
5.466560938502641465e-01,-1.420408979712884712e+00,-7.863203256626676296e-01
6.257348283629591279e-01,-1.505263933578938174e+00,-7.913279962741563978e-01
7.022523767056220168e-01,-1.587604372724331414e+00,-7.901697512203403884e-01
7.734706465184745250e-01,-1.667260704665052939e+00,-7.823642031642041861e-01
7.844187857873521352e-01,-1.691632308045866839e+00,-6.251860035185194953e-01
7.839387905058631256e-01,-1.690014616261667380e+00,-6.127947767631646281e-01
7.797784071927655880e-01,-1.690525799649920335e+00,-7.901011554913894841e-01
7.765993452588444423e-01,-1.690602216011218406e+00,-9.672636928675286683e-01
7.747894326650636154e-01,-1.690530063213157019e+00,-1.145271808768991928e+00
7.733774708222007632e-01,-1.690208889149755089e+00,-1.315104517783869609e+00
7.722837751168790676e-01,-1.690131303406253949e+00,-1.491758840734453528e+00
7.706152539966115711e-01,-1.689879926481070216e+00,-1.654789762317143698e+00
7.731216476643791857e-01,-1.689558948106947955e+00,-1.895166508524650739e+00
7.757733425800958926e-01,-1.689822046225450958e+00,-2.137078456277724303e+00
7.616881452381580875e-01,-1.768699738019501755e+00,-2.172790433126797094e+00
6.859521597293831707e-01,-1.872385095853886572e+00,-2.170812499550022867e+00
6.191683967899207497e-01,-1.967222192431606898e+00,-2.174700518946181660e+00
6.008561013792500516e-01,-1.995761812575155947e+00,-2.015125863774110293e+00
5.988586183770238103e-01,-1.997923062467566124e+00,-1.836885941056406013e+00
5.978161648298603303e-01,-2.000762171897683572e+00,-1.668919310033658787e+00
5.965485680081926700e-01,-2.003696222665122928e+00,-1.483027499349452327e+00
5.963094913619806370e-01,-2.006850747978718985e+00,-1.303250869736983786e+00
5.965806540141114223e-01,-2.009849078163422398e+00,-1.241978386267107215e+00
5.976723737070684939e-01,-2.009921364837067514e+00,-1.417239525545541001e+00
5.999768266582216070e-01,-2.010871886863802249e+00,-1.589513505528727055e+00
6.013007034295380082e-01,-2.011389321822701692e+00,-1.769198233341811255e+00
6.032916126788008260e-01,-2.012785273620468107e+00,-2.009433513624432344e+00
6.054144566821662021e-01,-2.013884664204346642e+00,-2.201174293283699512e+00
5.477427444470671647e-01,-2.093512517579486421e+00,-2.205565393952150455e+00
5.383043879185731573e-01,-2.100096986441003288e+00,-2.201233426653503411e+00
5.393300807693264254e-01,-2.102372310850005643e+00,-1.913331329698731320e+00
5.378270779561635795e-01,-2.104393110861628280e+00,-1.723175335704201672e+00
5.381160412403551696e-01,-2.104291487673002781e+00,-1.406150334014032666e+00
5.359028122742338640e-01,-2.103453287624359014e+00,-1.257787164649804446e+00
5.337607779965585220e-01,-2.102913214433703715e+00,-1.103643217579910685e+00
5.320052589412928024e-01,-2.102946129185601531e+00,-9.417437514291511214e-01
5.317598759301080946e-01,-2.102997940022606205e+00,-7.914184938332967656e-01
5.324771873155272894e-01,-2.103889628190929173e+00,-5.737640188138795061e-01
5.342676849759148139e-01,-2.104395980437307134e+00,-3.549651532482367977e-01
5.357733261578295769e-01,-2.104910573297958720e+00,-1.468909104475505656e-01
5.376929120404266849e-01,-2.105315435481628583e+00,7.159319068403728614e-02
5.409764082935476504e-01,-2.110146190067542005e+00,1.906297178587521568e-01
5.438192093997324950e-01,-2.114458589340641126e+00,3.261193086243922568e-01
5.437103013283454134e-01,-2.110617860193089612e+00,6.291591278028441092e-01
5.478314046343915056e-01,-2.113495043441928622e+00,7.626305879047893255e-01
5.526968070741504757e-01,-2.117885794472213590e+00,9.047542629963661875e-01
5.577496896892795153e-01,-2.122070843471491219e+00,1.045095646043840754e+00
5.626882820506691196e-01,-2.125337456660967739e+00,1.187827383926402192e+00
5.661423488622965294e-01,-2.126601579037280754e+00,1.341299500023685365e+00
5.698188480203044692e-01,-2.127129547508377794e+00,1.505135297240162151e+00
5.666838068134674167e-01,-2.125654738710437641e+00,1.821358890736892500e+00
5.693115545360430962e-01,-2.122669178937113710e+00,1.986268431680187074e+00
5.717785191114495014e-01,-2.119433290374532763e+00,2.152707385711147836e+00
5.726329970473379438e-01,-2.116987841070782750e+00,2.320746088804191309e+00
5.733924364824258824e-01,-2.114065625245260982e+00,2.485647648796117437e+00
5.735148580887517999e-01,-2.111464055281470742e+00,2.659200108176139832e+00
4.912224918027684462e-01,-2.069896651765304796e+00,2.710253917066919982e+00
4.134745528505442969e-01,-2.028000258198677130e+00,2.746738893320449737e+00
4.099130019778026712e-01,-2.031975853045534741e+00,2.679686606918626701e+00
4.095543906215278196e-01,-2.032565586858591455e+00,2.479619602168324555e+00
3.306905153656923835e-01,-1.973726023975356680e+00,2.466840470694671605e+00
2.499378601414734835e-01,-1.913650293500265276e+00,2.444720224776193884e+00
1.652401027796038258e-01,-1.845079996019522994e+00,2.458641700143387343e+00
7.932112365516423569e-02,-1.776698120171337214e+00,2.471451612618987603e+00
-7.088216693560476026e-03,-1.710171162353078422e+00,2.479697007736349601e+00
-1.454509596144483441e-02,-1.703531957669481622e+00,2.661812334671084024e+00
-1.715553260134188365e-02,-1.702774110543171737e+00,2.481866077810485294e+00
-1.988258874994305869e-02,-1.702726700611747468e+00,2.300940655926002165e+00
-2.283887583736479709e-02,-1.703048733375391421e+00,2.117870185440481112e+00
-2.645978026492533733e-02,-1.702964855488082518e+00,1.931379933175674024e+00
-3.057922200291766576e-02,-1.703034837573691895e+00,1.753327615372188841e+00
-3.556790904400553704e-02,-1.702688286786274707e+00,1.570033265150070134e+00
-4.030070190236687694e-02,-1.702304550292290886e+00,1.387349150247027429e+00
-4.536384725990507544e-02,-1.701548471234078708e+00,1.203322189166351919e+00
-5.059473898935494540e-02,-1.700270574891072028e+00,1.025441212748963382e+00
-5.606942337117687414e-02,-1.698199681259676908e+00,8.421006334170693108e-01
-6.173677991298735096e-02,-1.695738209226437032e+00,6.611775266162299713e-01
-6.721887787065687625e-02,-1.692859348986174517e+00,4.799418273577119032e-01
-7.262939079424841904e-02,-1.689711700206771638e+00,3.011236776749398047e-01
-7.781474697216632375e-02,-1.685454532431863939e+00,1.543952494689690702e-01
-8.296374455442087625e-02,-1.681102378335637137e+00,-1.094512625780458444e-03
-8.958143279410826776e-02,-1.680261184171742972e+00,-2.860284627969260640e-01
-9.203866415347045082e-02,-1.675235185891825740e+00,-4.380387529567619787e-01
-9.421438713788733710e-02,-1.670500767076560145e+00,-5.836320106435429755e-01
-9.697417654412440746e-02,-1.667716784531536822e+00,-7.893893410379506648e-01
-9.839887474453902494e-02,-1.663391934989316479e+00,-9.431488734905906224e-01
-9.986231706103859684e-02,-1.660648699660399075e+00,-1.138034150978507464e+00
-1.018017423939863303e-01,-1.644635364063048222e+00,-1.286026203990077388e+00
-1.031472327699459596e-01,-1.629432727448580920e+00,-1.429895981511412728e+00
-1.060046983508284996e-01,-1.612378647682253474e+00,-1.661603784398479888e+00
-1.068907804944079221e-01,-1.595832013705286601e+00,-1.817839537887650847e+00
-1.073812016245551393e-01,-1.578846226535181030e+00,-1.982806774601876043e+00
-7.839708381089115219e-02,-1.653130362074090032e+00,-2.140612945065762940e+00
-1.241767016932956713e-01,-1.714477917442597477e+00,-2.145509723099197075e+00
-1.830071477000818903e-01,-1.807850569927879958e+00,-2.133027759612427854e+00
-2.333572630184143071e-01,-1.896600556486842004e+00,-2.141704454069861985e+00
-2.874710465711727281e-01,-1.985217411323504155e+00,-2.133882994982104542e+00
-3.190052107982077612e-01,-2.052828930433702848e+00,-2.220782178076721181e+00
-3.175952505776013512e-01,-2.054056223984364049e+00,-2.443680841627727585e+00
-3.164279507728720020e-01,-2.055691984770946501e+00,-2.661777878207339132e+00
-3.148627496879273790e-01,-2.058759525696686854e+00,-2.853062155216334883e+00
-3.135604968051673436e-01,-2.061636996185378656e+00,-3.040034958954806577e+00
-3.121396785133350726e-01,-2.065178021125659402e+00,3.050875366672724631e+00
-3.106667862017405968e-01,-2.068498161729919183e+00,2.848311186379475668e+00
-3.094350719922153159e-01,-2.071462314735774690e+00,2.657205618732945140e+00
-3.090258883029125547e-01,-2.074683174452098822e+00,2.471027924590083469e+00
-3.085249354960196144e-01,-2.077919466516866098e+00,2.280753235055901218e+00
-3.087602368087924987e-01,-2.081146200671978530e+00,2.077805115467417085e+00
-3.096273567710260965e-01,-2.083981396238197004e+00,1.883177728031028897e+00
-3.109474327543116923e-01,-2.086573471274655311e+00,1.698401869365810724e+00
-3.127006918303336103e-01,-2.088466065728336041e+00,1.510112405740847041e+00
-3.150658401615358817e-01,-2.090549682292628830e+00,1.289832701110513957e+00
-3.172541086556334156e-01,-2.090065516782631860e+00,1.120393705352880520e+00
-3.197664061470838481e-01,-2.089093324509394112e+00,9.359053269940419417e-01
-3.222220902598502690e-01,-2.087898769127923604e+00,7.656275713752087597e-01
-3.244189579955631952e-01,-2.086176230283004251e+00,5.989917859176888681e-01
-3.253589616121789763e-01,-2.083299964503968482e+00,4.165647383500697409e-01
-3.256700702691243121e-01,-2.080566300977112260e+00,2.102680058725583667e-01
-3.258947093052932398e-01,-2.077919263383285031e+00,3.871227391619469493e-02
-3.260742320211351686e-01,-2.075336383675514984e+00,-1.387935733130970239e-01
-3.261453037824747492e-01,-2.072748642861104162e+00,-3.142629513213598957e-01
-3.261825748878248166e-01,-2.070044640242293621e+00,-4.953411228175643721e-01
-3.261741200761894555e-01,-2.067710759934624054e+00,-6.674294784820300475e-01
-3.257893624899743101e-01,-2.064910899449687420e+00,-8.416743458393209920e-01
-3.253442718443735893e-01,-2.062239225452685343e+00,-1.018573038953899390e+00
-3.241274188528108224e-01,-2.059638816072394629e+00,-1.198287146215623933e+00
-3.220376197278603247e-01,-2.056765291353620295e+00,-1.389348860547477305e+00
-3.193856595527692632e-01,-2.054850494981218301e+00,-1.571659039640348476e+00
-3.166397263316692023e-01,-2.052840979807577071e+00,-1.747012182802709424e+00
-3.170602123884452839e-01,-2.050864650227370412e+00,-1.980635845720276400e+00
-3.170190118908484678e-01,-2.049302562483818591e+00,-2.218458369834159338e+00
-3.148885373708367186e-01,-2.051616569273539081e+00,-2.388203080744975004e+00
-3.855709712601370076e-01,-2.115672192776642202e+00,-2.381494074978192987e+00
-4.570064035096156330e-01,-2.182263992249406925e+00,-2.378943644252740963e+00
-5.303900966630530345e-01,-2.250628525667095037e+00,-2.381223352607367172e+00
-6.046019870848570177e-01,-2.319482399578387088e+00,-2.385148637495979163e+00
-6.169966552906488433e-01,-2.322528582356552018e+00,-2.256384954589699010e+00
-6.110163105288788365e-01,-2.327158985813825076e+00,-1.988749600124801731e+00
-6.146676077256592041e-01,-2.326560767205906100e+00,-1.816547423282544704e+00
-6.180237330971499743e-01,-2.326527720948871281e+00,-1.646457799510939290e+00
-6.210069025348230465e-01,-2.328749860542336236e+00,-1.477955936624965050e+00
-6.226996020386660335e-01,-2.336960647950558467e+00,-1.305756079106627165e+00
-6.193421453748388927e-01,-2.355257260532080288e+00,-1.141327674917019808e+00
-5.786239939663695431e-01,-2.427811210198731473e+00,-1.033704010608526236e+00
-5.523962511642914741e-01,-2.495568765699051283e+00,-1.221721904159488004e+00
-5.358916788703640410e-01,-2.574103189310477102e+00,-1.386520290602185179e+00
-5.318149635743573134e-01,-2.640458511592197244e+00,-1.553142654411238111e+00
-5.358049203737206279e-01,-2.679530562877947109e+00,-1.719280188511196572e+00
-5.456904168045157988e-01,-2.716890525916632271e+00,-1.891997609504551647e+00
-5.616212716361962398e-01,-2.753478923524338651e+00,-2.061982314513449932e+00
-5.831548962341542852e-01,-2.787206509999172521e+00,-2.230460603666088115e+00
-6.194940772054851053e-01,-2.825493137013386669e+00,-2.397841375761490035e+00
-6.971687255706200403e-01,-2.891926606128122135e+00,-2.434675364862663560e+00
-7.472293692790010766e-01,-2.929182164639376751e+00,-2.603988681885797352e+00
-7.631435078512212034e-01,-2.938370873637240699e+00,-2.775712692888074873e+00
-7.792040525369917647e-01,-2.944162347950610936e+00,-2.945228318517837618e+00
-7.958015574770597178e-01,-2.945394276198359140e+00,-3.133639804345805135e+00
-8.140546324051570748e-01,-2.945304283134337009e+00,2.987008173894945884e+00
-8.167605937123765258e-01,-2.942559012163205256e+00,3.004841420156950882e+00
-8.183409623251841625e-01,-2.949340334686637366e+00,2.916820437047817016e+00
-8.168474033343613439e-01,-2.946208233542982224e+00,2.642837725875204047e+00
-9.112024274964487525e-01,-2.898951560618843182e+00,2.648156009978446690e+00
-1.013100342231741502e+00,-2.843489435732255100e+00,2.601212665254011736e+00
-1.079067793256656138e+00,-2.820816471436223161e+00,2.534985804909462459e+00
-1.075728091650178797e+00,-2.808182371073978612e+00,2.561777708905620177e+00
-1.075470591306303181e+00,-2.804867922411284464e+00,2.727832770768800597e+00
-1.075407752070878020e+00,-2.801448105493896890e+00,2.900202786348322626e+00
-1.075641210343215803e+00,-2.802282921436754837e+00,3.103178005431058040e+00
-1.076306772167257897e+00,-2.802010384161371714e+00,-2.995042170851577534e+00
-1.077778499082701513e+00,-2.803402488095728007e+00,-2.791149472265801901e+00
-1.081510690145340625e+00,-2.803315749775469268e+00,-2.613451056618591561e+00
-1.085382938028583766e+00,-2.803008846646040997e+00,-2.424594603936743642e+00
-1.163224038381061476e+00,-2.873357883777786892e+00,-2.382502461916503389e+00
-1.199329809340056618e+00,-2.908470038083941667e+00,-2.531427041799920730e+00
-1.199436695275476472e+00,-2.910424153743086606e+00,-2.714259822739575778e+00
-1.199010836063378216e+00,-2.912190431930844259e+00,-2.901651233266411278e+00
-1.199033447550975851e+00,-2.914084574552836759e+00,-3.076995031110087098e+00
-1.199248251172122748e+00,-2.916400866623177990e+00,3.034790205828891807e+00
-1.199412096245725534e+00,-2.918774964629097468e+00,2.860410268389021571e+00
-1.199762513491709148e+00,-2.920729139915148043e+00,2.687956724342721593e+00
-1.196566080695256273e+00,-2.919108042576742168e+00,2.456793559226531087e+00
-1.198117655738387466e+00,-2.923711325367322367e+00,2.284402332824560844e+00
-1.196052304301882474e+00,-2.923278210615438688e+00,2.071607816763890941e+00
-1.197833521369304988e+00,-2.924762651287405202e+00,1.888212022415351354e+00
-1.200105369889354900e+00,-2.925967502069629411e+00,1.705391749151369041e+00
-1.202431502963018373e+00,-2.927005167349010506e+00,1.527752691013651187e+00
-1.205041580268020551e+00,-2.927642691580701673e+00,1.350921410401010103e+00
-1.208078880828785229e+00,-2.927909351562952622e+00,1.171878952595216017e+00
-1.211184920487046179e+00,-2.927964105255606242e+00,9.885906035230471733e-01
-1.214069567644911585e+00,-2.927777589854881679e+00,8.102404913312093448e-01
-1.216893478804968565e+00,-2.927527562875566147e+00,6.311341998216624116e-01
-1.219810555019964271e+00,-2.926597630496277080e+00,4.532476832190707183e-01
-1.222070948441749572e+00,-2.925599038969945109e+00,2.701632829557205628e-01
-1.224350850905820298e+00,-2.923881759751943754e+00,8.946785460869506601e-02
-1.226410634526637899e+00,-2.922313744655794743e+00,-8.764453569113914155e-02
-1.227729540443397438e+00,-2.921092457379576679e+00,-2.672183358915816154e-01
-1.228949234684139968e+00,-2.919594633191183508e+00,-4.479297346502157939e-01
-1.230008934464418724e+00,-2.918283111115438810e+00,-6.296590464626926620e-01
-1.231114160960010917e+00,-2.922306897472763065e+00,-9.574437278967129483e-01
-1.183524032544981841e+00,-3.004551812779774789e+00,-9.237194860270008245e-01
-1.121662139254950619e+00,-3.085680138606348155e+00,-9.222204759508531025e-01
-1.058176600250327892e+00,-3.170307878310474337e+00,-9.229840425038093876e-01
-1.009162652611402144e+00,-3.235766427166246295e+00,-7.690174351813943154e-01
-1.007931159484502626e+00,-3.235357460580805533e+00,-9.705744624911468721e-01
-1.006693042806668936e+00,-3.234557411888465239e+00,-1.150529741087081170e+00
-1.004690962006230981e+00,-3.233233614954523105e+00,-1.349332130615084058e+00
-1.002282843754091601e+00,-3.231988768599857398e+00,-1.531961110564717954e+00
-9.995585822751611449e-01,-3.231504345095523867e+00,-1.730182897995102387e+00
-9.963284160850470750e-01,-3.231414974531882311e+00,-1.945425356382081139e+00
-9.929440613816871153e-01,-3.231347669776445386e+00,-2.122076025239121755e+00
-9.885299542217015345e-01,-3.232888453075229318e+00,-2.292613782760483776e+00
-9.858044258880549471e-01,-3.234467263470814924e+00,-2.497525845612617701e+00
-9.833538696975386850e-01,-3.235777771436615158e+00,-2.678345038210710349e+00
-9.808121736103523336e-01,-3.238172759334511319e+00,-2.882728518211040480e+00
-9.787293752720896967e-01,-3.240338460095197881e+00,-3.059668535703533809e+00
-9.764946369439806428e-01,-3.242543517839124423e+00,3.043983733651113077e+00
-9.747893257386055499e-01,-3.244559252453094622e+00,2.865328592795879370e+00
-9.724778694615960895e-01,-3.247243344153800670e+00,2.690561906311357276e+00
-9.715269433739726068e-01,-3.248955487406495646e+00,2.513407525645233065e+00
-9.706560781918984748e-01,-3.251978185751728034e+00,2.306374788709387058e+00
-9.706086303337598808e-01,-3.254335180594771781e+00,2.103025936105715310e+00
-9.709240111194324951e-01,-3.256635545824986266e+00,1.894537322071027763e+00
-9.722676967646851631e-01,-3.259011698802498636e+00,1.650306849308939894e+00
-9.739695966811360295e-01,-3.260592363815814743e+00,1.437204690944239083e+00
-9.761649108824396182e-01,-3.261933115922231785e+00,1.212851880167978846e+00
-9.786969632811548525e-01,-3.262054395919145477e+00,9.720454990004527840e-01
-9.808982282150663368e-01,-3.261813660963042594e+00,7.590140315624694933e-01
-9.830647925272629761e-01,-3.261279398798354823e+00,5.384638389790123991e-01
-9.852697805395729258e-01,-3.259863724262740181e+00,2.968295284453511540e-01
-9.866980934633960976e-01,-3.257852354840377718e+00,7.856958917323489389e-02
-9.875708270139040845e-01,-3.255985892380631075e+00,-1.621783850763017509e-01
-9.883261046800190242e-01,-3.254119723439153233e+00,-3.743752818064708943e-01
-9.887661137330510108e-01,-3.251610874939022011e+00,-6.035212548839745672e-01
-9.427086485937127280e-01,-3.292479822296472403e+00,-7.591176479813116496e-01
-8.658196558817007338e-01,-3.365122362203424089e+00,-7.607049243309123021e-01
-7.877597842611298029e-01,-3.439859498526094406e+00,-7.644558181809085751e-01
-7.589735208958513502e-01,-3.468245569541890561e+00,-5.937574643092180526e-01
-7.575136256615181418e-01,-3.470829166395288379e+00,-4.130431246041986748e-01
-7.568947712719182874e-01,-3.474581034213977127e+00,-2.401487111498196159e-01
-7.558793720871546107e-01,-3.478370211870565498e+00,-8.139325450970477660e-02
-7.550569110591179856e-01,-3.482154309680951965e+00,7.631093382193962493e-02
-7.538576760304745994e-01,-3.485666139386416784e+00,2.348925758809322639e-01
-7.527758959290971053e-01,-3.488316095833710495e+00,4.082521281249331113e-01
-7.513790291288936496e-01,-3.490635361482721244e+00,5.802778046902051790e-01
-6.754970795721615406e-01,-3.430180776733193770e+00,7.132574383559469045e-01
-5.986466122106726129e-01,-3.365151313388925480e+00,7.221454668593045856e-01
-5.388266814032318663e-01,-3.311340770051040217e+00,5.749895521791997810e-01
-5.406625998893044294e-01,-3.310956386536955787e+00,3.898145186541921436e-01
-5.424148492071716454e-01,-3.309768690956379267e+00,2.047310565126593263e-01
-5.438256048015466249e-01,-3.308522896194385776e+00,2.926154676164068394e-02
-5.452052827921892719e-01,-3.307264499266170166e+00,-1.509751333045782351e-01
-5.473768260510191164e-01,-3.310865169746902481e+00,-3.708543164620574650e-01
-5.494215396583218558e-01,-3.314359335084477554e+00,-5.799489808905055055e-01
-5.480971289118204970e-01,-3.308437558430349590e+00,-7.077426074632074959e-01
-5.483124978676698902e-01,-3.306829691457254139e+00,-8.860532779844558782e-01
-5.480992920102160104e-01,-3.305889232189945126e+00,-1.058952921491903343e+00
-5.476903805983129869e-01,-3.304691667235937658e+00,-1.241400739891984850e+00
-5.471878814067964170e-01,-3.303900935060815502e+00,-1.442582585573943144e+00
-5.464547123484629898e-01,-3.303440157073840755e+00,-1.616075474558662961e+00
-5.451016047199528369e-01,-3.303027431170510120e+00,-1.797883257948500457e+00
-5.432180307873170078e-01,-3.303145890941808549e+00,-1.999209859879806928e+00
-5.411412793214106509e-01,-3.303977091771912900e+00,-2.177041642987535663e+00
-5.399374226284612277e-01,-3.306144727640188741e+00,-2.356609544217475261e+00
-5.383697176929533867e-01,-3.307661705784857187e+00,-2.529843633429318839e+00
-5.368133203373627316e-01,-3.309732714858442115e+00,-2.744905703712133160e+00
-5.351889711845968511e-01,-3.312194669704378036e+00,-2.946453720992231240e+00
-5.341534374935396068e-01,-3.314379145523775438e+00,-3.123472406101145626e+00
-5.331248536739199295e-01,-3.316522435494806409e+00,2.982552281487312662e+00
-5.328696195152861081e-01,-3.319228475179790028e+00,2.772815046755721990e+00
-5.325899570489487367e-01,-3.321802511520123069e+00,2.589913798689615909e+00
-5.325815712305270733e-01,-3.324589671412264469e+00,2.395845887777821925e+00
-5.326644696665442380e-01,-3.326988067794624193e+00,2.213662346789076807e+00
-5.335338030517545738e-01,-3.329570820953667187e+00,2.033740956122179089e+00
-5.755700141134511005e-01,-3.239906786108784686e+00,2.028548705645849104e+00
-6.215825550970728308e-01,-3.146778018623446194e+00,2.042663958744489250e+00
-6.497610351764617764e-01,-3.081034866387392324e+00,2.045713118851259615e+00
-6.515948065973696801e-01,-3.080899685351761619e+00,1.862416817934566815e+00
-6.533765613447103382e-01,-3.081024684932613056e+00,1.694021232301403446e+00
-6.562507487102445802e-01,-3.080769137664203239e+00,1.500985009126255543e+00
-6.588254728312887831e-01,-3.080274734291630789e+00,1.318262875729629302e+00
-6.612609149185330049e-01,-3.079389554842698384e+00,1.143274899488195384e+00
-6.637645275072139306e-01,-3.077940063012259309e+00,9.753216172711447474e-01
-5.995868698777956363e-01,-2.989889506469996849e+00,9.466524976942065628e-01
-5.358316590192420126e-01,-2.901757478213678798e+00,9.598870855608332420e-01
-4.755713882871313580e-01,-2.816819433124973404e+00,9.623664362810981920e-01
-4.361887262876618654e-01,-2.759882990136583114e+00,9.666828175240484988e-01
-3.745850181206664686e-01,-2.670208006245422538e+00,9.620066674075467006e-01
-3.580001924656891488e-01,-2.639588099954444544e+00,8.713410559136705036e-01
-3.593696544678609550e-01,-2.637513998739119181e+00,6.667324648994704672e-01
-3.608129360173895073e-01,-2.636065094417051391e+00,4.797750584163287813e-01
-3.621175749229730845e-01,-2.634356951526070745e+00,2.889807512846800375e-01
-3.631450521157045253e-01,-2.632651098805427026e+00,1.029097307552501450e-01
-3.643967682730684388e-01,-2.630663536502035438e+00,-7.908833264540116037e-02
-3.650555701036532485e-01,-2.628685041270037104e+00,-2.657164863501743080e-01
-3.656970697408691295e-01,-2.626964270628958431e+00,-4.562562089095250073e-01
-3.658638906396982082e-01,-2.625040864943428698e+00,-6.454994811872774019e-01
-3.648869682201101305e-01,-2.624486958923979874e+00,-8.525815760304158442e-01
-3.064344993452227106e-01,-2.701141733554611957e+00,-8.478587355140284609e-01
-2.308442979038207166e-01,-2.776850273611527253e+00,-8.509491463717088200e-01
-1.677020708424123707e-01,-2.850292607314883320e+00,-8.493244133835261556e-01
-1.041072118321497986e-01,-2.923843870618517471e+00,-8.610620790959880866e-01
-7.260119830972396049e-02,-2.957946866996369550e+00,-9.111433177077153944e-01
-6.921396478528692164e-02,-2.963328009833465337e+00,-1.104724729498142599e+00
-6.571867939916350987e-02,-2.966952263686035263e+00,-1.317741592256340022e+00
-6.175749107880651456e-02,-2.969091556084132222e+00,-1.528920778135531400e+00
-5.781505204980309787e-02,-2.971036540801269776e+00,-1.709300067392528932e+00
-5.355463598350784088e-02,-2.973255578240565189e+00,-1.895274515503233115e+00
-4.984212979338411426e-02,-2.975944293388425255e+00,-2.080148683427938572e+00
-4.532040464252647810e-02,-2.979604621045756296e+00,-2.287709131676219698e+00
-4.111827048959085240e-02,-2.983252013207015274e+00,-2.468930542845214848e+00
-3.710924285551309848e-02,-2.987310273326595045e+00,-2.674244366394503469e+00
-3.308094852445448569e-02,-2.991413478305795515e+00,-2.870964747657625438e+00
-2.927375307333836274e-02,-2.995948303676388313e+00,-3.077283432879558855e+00
-2.536280236842713282e-02,-3.001105004206885418e+00,3.036069811209433311e+00
-2.293845566568367481e-02,-3.004879497885466044e+00,2.816455509818581060e+00
-2.067952473814428302e-02,-3.009744738172596801e+00,2.621399751154708913e+00
-1.817142353763033166e-02,-3.014571228612379361e+00,2.410669089330610415e+00
-1.626831172159688699e-02,-3.019222816136960752e+00,2.213425918439234419e+00
-1.481201169729184398e-02,-3.023675291244826369e+00,2.007575051039359959e+00
-1.380763232828790578e-02,-3.028123907986468577e+00,1.796290293457173615e+00
-1.316111149474624015e-02,-3.031525290027785591e+00,1.599957095930442108e+00
-1.287580617477022439e-02,-3.035193579103705463e+00,1.394725017125754363e+00
-1.289000360483841603e-02,-3.038306523825979433e+00,1.179796798284966197e+00
-1.317526847153749694e-02,-3.040551487717829460e+00,9.809858422210693263e-01
-1.312278452716522659e-02,-3.042304376934470866e+00,7.679617402874410192e-01
-1.273774902829408195e-02,-3.043547133074103073e+00,5.691746561338119070e-01
-1.245769418167308289e-02,-3.044550266312447739e+00,3.610292128872090167e-01
-1.197733178726629634e-02,-3.045381615174707957e+00,1.617159019852927593e-01
-1.137396162101714757e-02,-3.045668767446358061e+00,-5.192496393114732350e-02
-1.005843226688899784e-02,-3.045866247321075360e+00,-2.574638634957022720e-01
-8.989042782209733656e-03,-3.046190874260329640e+00,-4.722626041963888799e-01
-7.348201521068566285e-03,-3.046626621073503127e+00,-6.666485110989840424e-01
7.188056615026530705e-02,-3.117605412528956954e+00,-6.641964325711672279e-01
1.595414629855232413e-01,-3.186633677068737125e+00,-6.622119700820682242e-01
2.466848771655471007e-01,-3.254211490437318943e+00,-6.634307042947913402e-01
2.794261944312187440e-01,-3.282482580249100224e+00,-5.868125718351143716e-01
2.819229563155236651e-01,-3.283439385434461233e+00,-3.856000038707862454e-01
2.853790773342352871e-01,-3.285387245464974182e+00,-1.817113702783182683e-01
2.895293688171335367e-01,-3.287706966787894647e+00,4.495386874069232097e-02
2.938483096087630697e-01,-3.289889225177804022e+00,2.607865257235750245e-01
2.982029977419700661e-01,-3.292007398382708949e+00,4.643070244967622551e-01
3.028041355042311866e-01,-3.293239855331288268e+00,6.643465610089521745e-01
3.843467024390613829e-01,-3.226402231575105972e+00,6.614605005604411447e-01
4.795155922457500219e-01,-3.148859355244444824e+00,6.636621248724375866e-01
5.566464651551150666e-01,-3.089670295230143360e+00,6.534930155806573104e-01
6.363760765280082055e-01,-3.029022101125761868e+00,6.563200363949265315e-01
7.162317935816738812e-01,-2.967500095417464401e+00,6.622627090226363977e-01
7.970118640035120938e-01,-2.904452711740364457e+00,6.543579426237202679e-01
7.972210557444293633e-01,-2.899454827560953518e+00,5.488141830902010243e-01
7.963826843418430057e-01,-2.897737496699984039e+00,3.819856815539319217e-01
7.954971736720906073e-01,-2.895854042027517838e+00,2.070780047243356570e-01
7.936442493500793782e-01,-2.894207166907825979e+00,1.385016219197959288e-02
7.919189480559799543e-01,-2.892240147424523844e+00,-1.730941666384785693e-01
7.906691634992393247e-01,-2.890375012219701389e+00,-3.830008803511735782e-01
7.904149672017700690e-01,-2.889721163131918402e+00,-5.962215627246466587e-01
7.901512208592955666e-01,-2.889178677813102336e+00,-7.846186510993657937e-01
7.919573052948655212e-01,-2.888962959660116070e+00,-9.809587598642380835e-01
7.944280988990090053e-01,-2.888515079236583460e+00,-1.164117178756975512e+00
7.967473439561404414e-01,-2.888590984404348472e+00,-1.337604905265116439e+00
7.996386375963556725e-01,-2.888673479069256977e+00,-1.509310241842460654e+00
8.031063790294051818e-01,-2.889365570426302821e+00,-1.706161862706425669e+00
8.063615742859927549e-01,-2.890243905998158613e+00,-1.877961538248951623e+00
8.085380616900910145e-01,-2.891834548555421769e+00,-2.080270172217913327e+00
8.107645195984850561e-01,-2.893589289773452311e+00,-2.283606523832722779e+00
8.127663284864612425e-01,-2.895897524161922476e+00,-2.487425199908915641e+00
8.158665193532019799e-01,-2.899416983911152546e+00,-2.677483904208243004e+00
8.185916399563513135e-01,-2.903125757493748349e+00,-2.850679059835999674e+00
8.210219727601735240e-01,-2.906814091936225530e+00,-3.037837519973335620e+00
8.242921602740838072e-01,-2.909753281950540060e+00,3.064992077108866564e+00
8.275276302377186921e-01,-2.913038523133424818e+00,2.868699023484852617e+00
8.306608373620414376e-01,-2.915968240615458562e+00,2.679038056508037613e+00
8.298191706135691348e-01,-2.915823227650009120e+00,2.519021471804761880e+00
8.289808402288750822e-01,-2.916211686620434396e+00,2.329191434355623702e+00
8.273481577604208104e-01,-2.916213850032374655e+00,2.140136203445930807e+00
8.259157364828246806e-01,-2.916367231984363428e+00,1.951993664823506780e+00
8.236425338021264864e-01,-2.915897350951975220e+00,1.794279428527191689e+00
8.214966199924601531e-01,-2.915359133941921588e+00,1.627239547128297215e+00
8.193352390670181062e-01,-2.914392847713254575e+00,1.464713217232422648e+00
8.195209738681430434e-01,-2.914018258153988850e+00,1.228981495370601973e+00
8.199089148564615570e-01,-2.913145169203857687e+00,1.018305684054390481e+00
8.185175733402633158e-01,-2.911659710938618861e+00,8.030853410077355425e-01
8.917837527360609196e-01,-2.840097718128407944e+00,8.022830221584428267e-01
9.661221755989354287e-01,-2.763428614351778556e+00,7.901815066325331705e-01
1.040425658149122023e+00,-2.688344917480396390e+00,7.875232358980563951e-01
1.114159573815419524e+00,-2.615396400837648017e+00,7.754829026249464574e-01
1.136080999670985303e+00,-2.597705351352127767e+00,9.363848383780051243e-01
1.138099145598815642e+00,-2.598082764819534152e+00,1.112717070027143151e+00
1.140112950271372050e+00,-2.597802880222035871e+00,1.293760372410149184e+00
1.141869118136172423e+00,-2.596911867201518120e+00,1.469426026286585918e+00
1.143269253453062406e+00,-2.595800945744208832e+00,1.657918655658325191e+00
1.144734226255847087e+00,-2.594381625865203045e+00,1.836880500861104881e+00
1.145884459334966410e+00,-2.593003178842329781e+00,2.022812502509294674e+00
1.146741551832649142e+00,-2.591371951353490299e+00,2.208927358756130221e+00
1.146627018022788880e+00,-2.588995071706756246e+00,2.421201602265302899e+00
1.147467945324893712e+00,-2.587083122039449901e+00,2.619892021220231015e+00
1.147909609329158753e+00,-2.585314392212292312e+00,2.794500767571277411e+00
1.148403027239085494e+00,-2.583618656818375214e+00,2.969194126148464008e+00
1.146848026369077012e+00,-2.581602482023360956e+00,-3.095196674708710294e+00
1.145697021348790923e+00,-2.579981050885814753e+00,-2.895095663198499647e+00
1.144074033917634736e+00,-2.578415441588515655e+00,-2.706384969650825312e+00
1.142351279067215675e+00,-2.577542071759386211e+00,-2.525332225177081558e+00
1.140370377337189156e+00,-2.576745464048136203e+00,-2.342071454490838089e+00
1.138260182598123782e+00,-2.576249503596515389e+00,-2.121334611883714416e+00
1.136109562441623755e+00,-2.576100314880339415e+00,-1.940286829199441510e+00
1.134208308558264600e+00,-2.576911481227459166e+00,-1.763198250178823256e+00
1.132100573903309870e+00,-2.577762640050579090e+00,-1.580727928297257723e+00
1.130304862596749116e+00,-2.578832039498410111e+00,-1.391579108596569192e+00
1.129474245867773563e+00,-2.580418949977670184e+00,-1.210658169169106291e+00
1.128999685025308342e+00,-2.581966744635695310e+00,-1.033450960343265335e+00
1.128709159194259737e+00,-2.584153207857017076e+00,-8.512389029401157270e-01
1.128647311534768605e+00,-2.586103777404243687e+00,-6.630779669600643800e-01
1.129301915029753856e+00,-2.587944344857366907e+00,-4.807402322147576457e-01
1.129824052505782106e+00,-2.589636044503734968e+00,-3.030994490892511828e-01
1.130609437526243655e+00,-2.591518006593634738e+00,-1.199797053070966180e-01
1.131779740338881624e+00,-2.593493310765389026e+00,6.830469202040065357e-02
1.133294752038323194e+00,-2.595582164998535113e+00,2.685537773196977618e-01
1.135012203012691678e+00,-2.597268180814077176e+00,4.565946106250197700e-01
1.136818503570661720e+00,-2.598678102821527336e+00,6.402080854050261616e-01
1.138920290172820371e+00,-2.599432835000459630e+00,8.219753834496807965e-01
1.201330608372367825e+00,-2.525699548577819087e+00,8.795631400706224179e-01
1.265062729212757642e+00,-2.451379902098356212e+00,8.718008202803273488e-01
1.331304718326079328e+00,-2.374498281005238631e+00,8.676570915705938969e-01
1.397503635976988789e+00,-2.299371581714405810e+00,8.607055828858167779e-01
1.409285992553576117e+00,-2.289293020134303802e+00,1.036240900317074054e+00
1.411418874006205026e+00,-2.288911993694641378e+00,1.216809938485949205e+00
1.413643675593865057e+00,-2.288554084944161460e+00,1.393710228237581061e+00
1.415459204158889372e+00,-2.287922514187124889e+00,1.574983890096958161e+00
1.417405213880595038e+00,-2.286953794271094242e+00,1.763619960337668324e+00
1.418998480476967972e+00,-2.285634494934539962e+00,1.962094941041076845e+00
1.419864509805841113e+00,-2.284395132692523145e+00,2.139075271376094545e+00
1.420766749290003794e+00,-2.282930474426584144e+00,2.342830815474675976e+00
1.420953776310551975e+00,-2.281226841357200996e+00,2.531694206657159718e+00
1.421124990973752666e+00,-2.279170775791016457e+00,2.748912426504177109e+00
1.420472735935038866e+00,-2.277780581124409398e+00,2.924342839144117079e+00
1.419986024741997754e+00,-2.275949190021599566e+00,3.128734204117818773e+00
1.418989098733201004e+00,-2.274542678426317632e+00,-2.962180284095222049e+00
1.418085305343332436e+00,-2.273104686390464479e+00,-2.787109640768589358e+00
1.416434306126595821e+00,-2.271619923705055388e+00,-2.553502547155297453e+00
1.414815856823819384e+00,-2.270920732009622967e+00,-2.378034244652874385e+00
1.413735757105346824e+00,-2.270366112278669579e+00,-2.189599976839925688e+00
1.411768936996941060e+00,-2.270394256782880316e+00,-2.014713314960172141e+00
1.410175992771409703e+00,-2.270735254684607352e+00,-1.825573437641754504e+00
1.408134731915261728e+00,-2.271750969348417915e+00,-1.610447573662204368e+00
1.406629480005294086e+00,-2.272938729114816869e+00,-1.421656419605632937e+00
1.405481085241919059e+00,-2.274980841579049340e+00,-1.189551592663723012e+00
1.405118578947308627e+00,-2.276712785836392694e+00,-1.014437963961568157e+00
1.405429688924193288e+00,-2.278514555922765528e+00,-8.395997975880346020e-01
1.482296801490283977e+00,-2.347620917027093856e+00,-7.265806124609408556e-01
1.558967606061228084e+00,-2.415773280170253834e+00,-7.271588848291110629e-01
1.638410957884295582e+00,-2.486062277370357343e+00,-7.297639621519294018e-01
1.716530983980126379e+00,-2.554758382620778256e+00,-7.332213734700260277e-01
1.795428862964306704e+00,-2.625110140527148861e+00,-7.397173114295548801e-01
1.847380984951430882e+00,-2.673238447252980432e+00,-5.663593109114031243e-01
1.847752666373043695e+00,-2.674898466587241508e+00,-3.919926049667858958e-01
1.849019340347080043e+00,-2.676828121372401004e+00,-2.281175954252370186e-01
1.851154610901766917e+00,-2.678793415097766584e+00,-5.028735462233260844e-02
1.852726072289045511e+00,-2.680137220522119446e+00,1.304266281535422789e-01
1.854880645142268580e+00,-2.681368822269554641e+00,3.138832539285463796e-01
1.856976942200238678e+00,-2.682681412981065439e+00,4.923008181446830722e-01
1.859121305225625020e+00,-2.684068570933893394e+00,6.715337094389570716e-01
1.861781278707121290e+00,-2.684981640613291365e+00,8.529185436909700879e-01
1.864145845642162680e+00,-2.685392776639599521e+00,1.028889354544896051e+00
1.866395592965074401e+00,-2.685512594736124026e+00,1.204601228839882410e+00
1.868923325780744937e+00,-2.685239195830369852e+00,1.380900717108871634e+00
1.871069075336338372e+00,-2.684553442843741866e+00,1.559146284549870254e+00
1.872825558247631195e+00,-2.683309550428733203e+00,1.730567948407575551e+00
1.874719447651818083e+00,-2.682167249648065965e+00,1.909547471980641786e+00
1.876320965738474067e+00,-2.681036663990381985e+00,2.062920108412122033e+00
1.877292686151800671e+00,-2.679486598938549680e+00,2.236373131129273162e+00
1.877826201105212034e+00,-2.678029461789739774e+00,2.412026629780159581e+00
1.878157720510307271e+00,-2.676235179042426804e+00,2.590542677093212287e+00
1.877659482152701509e+00,-2.674532407631554864e+00,2.772465007727074493e+00
1.877218701919659338e+00,-2.672774311294637162e+00,2.959962754248461447e+00
1.876361988162683181e+00,-2.671334708659729884e+00,-3.140946213772632500e+00
1.875261887632895252e+00,-2.669956193418614454e+00,-2.959445379760869077e+00
1.874019408810152720e+00,-2.668761021128823518e+00,-2.776894367143262432e+00
1.872359193914975517e+00,-2.667979701099775447e+00,-2.598143327347743892e+00
1.870395987218093525e+00,-2.667161243173963303e+00,-2.414111391887725944e+00
1.868605113976329335e+00,-2.666854251704316336e+00,-2.233755626749689860e+00
1.866862257267645653e+00,-2.666838524545372735e+00,-2.048575347344379072e+00
1.865003958022949604e+00,-2.667260704387110604e+00,-1.866650426731630619e+00
1.863128589262527779e+00,-2.667961453064729760e+00,-1.682151585521086901e+00
1.861734781415484985e+00,-2.669180501945143114e+00,-1.499295058533047564e+00
1.860614433415545887e+00,-2.670775067089481425e+00,-1.316574582651011127e+00
1.859760817454796156e+00,-2.672628343657652117e+00,-1.136071030569234752e+00
1.859150326440468515e+00,-2.674419726207243997e+00,-9.569931587593927258e-01
1.859338538328753287e+00,-2.676409930876324506e+00,-7.750165055721591756e-01
1.859923865079946115e+00,-2.678501409389248966e+00,-5.957508340683386194e-01
1.861023808204940844e+00,-2.681143197155243296e+00,-4.377557160905385381e-01
1.862212902314709373e+00,-2.683121751304178293e+00,-2.601930402259278741e-01
1.864095324134265264e+00,-2.685006928324569220e+00,-7.394574354639185665e-02
1.865866887655082129e+00,-2.686446098861946741e+00,1.098709109860501049e-01
1.867519344128135028e+00,-2.687747586339509276e+00,2.882849624391192744e-01
1.869555237565552197e+00,-2.689033467670242317e+00,4.756624776471349847e-01
1.869710409342209223e+00,-2.690204906145928998e+00,4.263889372624104501e-01
1.867822229945659718e+00,-2.689293408388357509e+00,2.414129964010285900e-01
1.866501245274916565e+00,-2.688266875940476641e+00,5.862754446138181835e-02
1.864623364399006666e+00,-2.687235276567315534e+00,-1.226901666443490496e-01
1.862858354081445400e+00,-2.685447860716668966e+00,-3.068949161382281687e-01
1.861967816710672352e+00,-2.683745383054179978e+00,-4.908096680705462123e-01
1.861730502008519750e+00,-2.681649680967756133e+00,-6.712150879072620313e-01
1.895689411934898816e+00,-2.711863453236887267e+00,-5.869223966053781494e-01
1.896556993640195810e+00,-2.714259748117162196e+00,-3.995798120805810205e-01
1.897486900199460758e+00,-2.715931304541244984e+00,-2.194626223787372044e-01
1.898954303834450519e+00,-2.717671049359001056e+00,-2.833523048926911772e-02
1.900359490084810865e+00,-2.719561977465761782e+00,1.544496606204769362e-01
1.902121587718648144e+00,-2.721099018342870934e+00,3.312386354213452955e-01
1.903879685061925509e+00,-2.722196834348786343e+00,5.154214289516518832e-01
1.906306900085315892e+00,-2.723179987279126468e+00,6.863541451595913667e-01
1.908784851348446443e+00,-2.724290775627472794e+00,8.612160631959532298e-01
1.907237847030471611e+00,-2.724185563563636059e+00,6.869400006456287677e-01
1.905775125048871699e+00,-2.723430169682500956e+00,5.131769723874596290e-01
1.904183271942932354e+00,-2.723098688768898157e+00,3.382357750569473520e-01
1.902801725540820277e+00,-2.721941407855671624e+00,1.616976882527497716e-01
1.902070050647312049e+00,-2.720639019443509721e+00,-1.446550495815292041e-02
1.901285897813332237e+00,-2.719235760546238723e+00,-1.941954441500368389e-01
1.900768011600544760e+00,-2.717685233170959780e+00,-3.718220257990520472e-01
1.900702430404571652e+00,-2.715922384853141303e+00,-5.421595018662743737e-01
1.980882770186779052e+00,-2.774661919373785590e+00,-6.327665711607710630e-01
2.062567957382268613e+00,-2.834851103629008051e+00,-6.285144173612883245e-01
2.144504660597745360e+00,-2.894454849047943590e+00,-6.258417138474733354e-01
2.156919006623236434e+00,-2.903175939076672041e+00,-7.317160881109250337e-01
2.156716263697653346e+00,-2.901107624815143726e+00,-9.144466418411131281e-01
2.157551711042528186e+00,-2.900027809466974915e+00,-1.092432237623969016e+00
2.161290294201932305e+00,-2.905040255283975359e+00,-1.254587131398474442e+00
2.162600668283746419e+00,-2.903627577465736742e+00,-1.432934523536386617e+00
2.164661593218316415e+00,-2.902822077882266427e+00,-1.620444403569996750e+00
2.166880561885498935e+00,-2.902164933943176983e+00,-1.795940612353853716e+00
2.169204866855459102e+00,-2.902235601571943491e+00,-1.969518470091422779e+00
2.171290895404607735e+00,-2.901848467917973462e+00,-2.146012174583212584e+00
2.173570423317110034e+00,-2.902387618686534498e+00,-2.320387470392845763e+00
2.175982631200009898e+00,-2.903074262069289091e+00,-2.495205034685543222e+00
2.178343078880542905e+00,-2.904036753310789809e+00,-2.672410789958388655e+00
2.180663777673464754e+00,-2.905534351272000215e+00,-2.859196440866813571e+00
2.182524994993952028e+00,-2.907436000544525001e+00,-3.040143846248752890e+00
2.183482129319796794e+00,-2.908578412658261669e+00,3.061941070308881852e+00
2.184355798294792983e+00,-2.910005063409832005e+00,2.875841278556909852e+00
2.186673433938511657e+00,-2.908114068220089887e+00,2.536536065437633436e+00
2.185209589596905033e+00,-2.912066996248254380e+00,2.437144569516759507e+00
2.106575353893487268e+00,-2.846606600474137938e+00,2.448949169206256826e+00
2.022097189402050965e+00,-2.776177011204076006e+00,2.419673271641924472e+00
1.943756415750903521e+00,-2.708644334993672409e+00,2.425145910966292728e+00
1.866246253165615210e+00,-2.641941785937695908e+00,2.429545326618746781e+00
1.753239404317390004e+00,-2.560734621981812786e+00,2.411061589834257557e+00
1.675075275512390105e+00,-2.493169221911641920e+00,2.417162400405109324e+00
1.648197085166321685e+00,-2.475870920036296052e+00,2.267280768501025889e+00
1.651453818860815659e+00,-2.475089586554097387e+00,2.393553639314562886e+00
1.652901312606839479e+00,-2.472986260989927576e+00,2.564281200560542651e+00
1.652987417991218511e+00,-2.472649220222435495e+00,2.784483644449061046e+00
1.652670547756016406e+00,-2.472640308870497350e+00,3.001014914529911870e+00
1.652151765610355927e+00,-2.472265510625583751e+00,-3.072535831251185012e+00
1.651242671932034112e+00,-2.472287722209336902e+00,-2.849445402286863605e+00
1.650116007512919536e+00,-2.472348329669883604e+00,-2.641815500790922755e+00
1.648498644640709498e+00,-2.473053667895708685e+00,-2.420941317067595744e+00
1.570067963149939461e+00,-2.536601082651888994e+00,-2.413601269070468014e+00
1.492204094347497678e+00,-2.600068419229544237e+00,-2.428002308720963676e+00
1.408131387368242615e+00,-2.666478917182273811e+00,-2.427635107175153628e+00
1.321250350672573237e+00,-2.736241786716025803e+00,-2.411658798970320206e+00
1.238691719754672960e+00,-2.810098055514927307e+00,-2.409462597522879168e+00
1.216728844168088353e+00,-2.836229260289440113e+00,-2.410720271524136926e+00
1.230091870154941036e+00,-2.835767750476598348e+00,-2.106113719639155057e+00
1.245959210857136679e+00,-2.831810724805852608e+00,-1.962895604826111029e+00
1.259131616461563796e+00,-2.828990620915988519e+00,-1.822467816364511606e+00
1.268338549671288451e+00,-2.817578650747665669e+00,-1.641217306365276185e+00
1.277680642884318152e+00,-2.806808857581981620e+00,-1.459419670357271492e+00
1.287412164064458908e+00,-2.796056293716245644e+00,-1.280832039489464336e+00
1.297828806459703666e+00,-2.785976634601389890e+00,-1.093833848288106037e+00
1.348404303251728997e+00,-2.880119014492684926e+00,-9.945822976088760647e-01
1.399176929509941658e+00,-2.971302888862474845e+00,-9.806924340712008803e-01
1.451868355301841884e+00,-3.064535109691989057e+00,-9.692804364687102048e-01
1.461910630100181629e+00,-3.100238012280358113e+00,-8.456350826549452471e-01
1.458440270473823519e+00,-3.104742826616296192e+00,-6.542507047362443595e-01
1.455067737577711018e+00,-3.109253044243947883e+00,-4.684098376477201509e-01
1.452303640719170064e+00,-3.113748429989183553e+00,-2.801045393960245322e-01
1.449781491037914982e+00,-3.118233572977273660e+00,-9.071627783131427925e-02
1.447474611669077760e+00,-3.122215102286622024e+00,9.378569964892646826e-02
1.444851079252741810e+00,-3.126240051273770248e+00,2.812636713487539630e-01
1.442936545787537161e+00,-3.130338324055283561e+00,4.775922318371255693e-01
1.440971590388541834e+00,-3.133995090361400226e+00,6.651365973597765935e-01
1.439114048936166235e+00,-3.137153528078972631e+00,8.561550077618786947e-01
1.437440987765656875e+00,-3.140019130019545024e+00,1.046328538461679614e+00
1.434663020587160887e+00,-3.141586459473530546e+00,1.270696915680750827e+00
1.431757135821725369e+00,-3.142067006028925746e+00,1.511314423106756566e+00
1.428288551307075327e+00,-3.142328894250486560e+00,1.736273749704940750e+00
1.427274525832217478e+00,-3.140981900215226386e+00,1.898722760838982504e+00
1.425896427095105556e+00,-3.139542375094957372e+00,2.047892438712330954e+00
1.424377559720860997e+00,-3.137845662758262488e+00,2.199446079647064956e+00
1.422285094303686437e+00,-3.136241235051650200e+00,2.352872861601091437e+00
1.423793045955688674e+00,-3.137995340944562006e+00,2.527278887078337366e+00
1.424066685698935908e+00,-3.138543520406836151e+00,2.784317376864118287e+00
1.424922272569675741e+00,-3.139858238974820637e+00,2.959425298927262915e+00
1.425534950682349367e+00,-3.141511863024740059e+00,3.133586878031589862e+00
1.426125815191167323e+00,-3.143525729558426463e+00,-2.979211662834376106e+00
1.426072530736959942e+00,-3.145498276367916013e+00,-2.822654829435937263e+00
1.424795993846503350e+00,-3.147013432164147417e+00,-2.651832281576122607e+00
1.424524018384766721e+00,-3.151431582573364754e+00,-2.427174143549621022e+00
1.424248288485499225e+00,-3.156438098923911806e+00,-2.204248657979028359e+00
1.423620314011645682e+00,-3.161802463453384338e+00,-1.981094788324502476e+00
1.420482406709937750e+00,-3.159286660621114518e+00,-1.816617368556619816e+00
1.417111974650375750e+00,-3.156892502837169268e+00,-1.650525990809819099e+00
1.414021693499280863e+00,-3.155158216534087234e+00,-1.481671699625973115e+00
1.411364509795393740e+00,-3.153776294208038511e+00,-1.313418384440048214e+00
1.411066764183658062e+00,-3.153444157352295996e+00,-1.113555103613083741e+00
1.411128836318470636e+00,-3.153271047196529064e+00,-9.112924042250070134e-01
1.427072385351496830e+00,-3.169016562956412653e+00,-7.623491932169471630e-01
1.502150992027542875e+00,-3.240514938335204764e+00,-7.701142239237026565e-01
1.579807995533522025e+00,-3.313979447436138592e+00,-7.451478407578328023e-01
1.646055481360936046e+00,-3.363246484814943038e+00,-8.292991431526772761e-01
1.643042590305824557e+00,-3.362674031308021227e+00,-1.056939026204782639e+00
1.641199544181934922e+00,-3.362425444465841018e+00,-1.301989878797637390e+00
1.641965874286908988e+00,-3.363746348793569929e+00,-1.514063577943223882e+00
1.642596612180141635e+00,-3.365310508341514684e+00,-1.701984322584905396e+00
1.645021851005766367e+00,-3.369044395301049821e+00,-1.910329187895595471e+00
1.647731127896085779e+00,-3.372709835442869508e+00,-2.093556798793302143e+00
1.649820954670835338e+00,-3.378160256424185715e+00,-2.312763805764659786e+00
1.575977939319456400e+00,-3.425341468749388163e+00,-2.279205641452248798e+00
1.498036836524829107e+00,-3.413335515788111785e+00,-2.168913206617444356e+00
1.496376652617720460e+00,-3.429078150429218041e+00,-1.967704505898198786e+00
1.494770498110795653e+00,-3.444047280531955302e+00,-1.778867979789986897e+00
1.493090296028111386e+00,-3.458808652034403686e+00,-1.606798666175466295e+00
1.492058749553945241e+00,-3.475074692713990387e+00,-1.421405278943224104e+00
1.491382749777065753e+00,-3.492301603579068825e+00,-1.249854157260111842e+00
1.497709815252352472e+00,-3.492517142447109979e+00,-1.021723172612362340e+00
1.504046868015274097e+00,-3.492960209293693996e+00,-7.896384316845029838e-01
1.505358409090423066e+00,-3.496118341011163366e+00,-6.232195855300318721e-01
1.506448914735136757e+00,-3.499541744299018653e+00,-4.553869944769373124e-01
1.508747855149179085e+00,-3.502485938171030266e+00,-2.863239702416809918e-01
1.511093212168622024e+00,-3.505613469127695669e+00,-1.152002884188031984e-01
1.513658184897157977e+00,-3.508477084423727632e+00,6.745934614166770871e-02
1.516747461933957375e+00,-3.511567794249731644e+00,2.389876438095880906e-01
1.520062629011962319e+00,-3.514376001220613333e+00,4.112488256640629558e-01
1.523544026895797154e+00,-3.516666706472906689e+00,5.822204024648834908e-01
1.526571627345789661e+00,-3.518382419264270311e+00,7.516529342278703840e-01
1.530060607373386228e+00,-3.520059956476552898e+00,9.198382908758409027e-01
1.530632914188748028e+00,-3.520548714202016427e+00,1.135815586618315054e+00
1.531107642909489419e+00,-3.521142091651908945e+00,1.331573706567776627e+00
1.534197101711750388e+00,-3.521063700037430966e+00,1.503337487164024600e+00
1.536778674359906782e+00,-3.520441106790085151e+00,1.682469026017833214e+00
1.539081093407032919e+00,-3.519556021891730779e+00,1.859119147608920830e+00
1.541164457647959285e+00,-3.517619607954754812e+00,2.030790607548219828e+00
1.542893152388196132e+00,-3.515615066558761548e+00,2.203868851511334714e+00
1.544426623045521252e+00,-3.513422517950234969e+00,2.378821757931009362e+00
1.545252412557450716e+00,-3.511615364050354682e+00,2.553101584730401719e+00
1.545729554410604001e+00,-3.510066994731000367e+00,2.728014274531662675e+00
1.545084434102145243e+00,-3.508605985617064604e+00,2.928134628923518168e+00
1.544785645041594879e+00,-3.506979365403797733e+00,3.131943859877376557e+00
1.544339955399101294e+00,-3.505397376744231241e+00,-2.952188414348434264e+00
1.543418657606618005e+00,-3.502879863881688483e+00,-2.771159235701043499e+00
1.542424173943467869e+00,-3.500267154280584769e+00,-2.589934730533800522e+00
1.541219477628656742e+00,-3.498046885315202470e+00,-2.408985329112243612e+00
1.542216197843461423e+00,-3.496087619125423096e+00,-2.405472687948301047e+00
1.546268276763616889e+00,-3.492612105632963537e+00,-2.573825497735172441e+00
1.481106978344751024e+00,-3.530603890936917733e+00,-2.579840052029237718e+00
1.385380037579830192e+00,-3.591450719837500305e+00,-2.576083888195818794e+00
1.290368139276651283e+00,-3.653886487364480296e+00,-2.562912179399896129e+00
1.196703247901295120e+00,-3.716374947699083275e+00,-2.552689510948920493e+00
1.136484646063810944e+00,-3.755418100480218957e+00,-2.364919621308450459e+00
1.132684269531919030e+00,-3.755368073894532088e+00,-2.504349183128062428e+00
1.131519551722625749e+00,-3.755966201589933995e+00,-2.731070422564008560e+00
1.131096821760162463e+00,-3.757239176412952020e+00,-2.909473958091070678e+00
1.130869692128910753e+00,-3.758502921240265415e+00,-3.084110152382211645e+00
1.130531998394039173e+00,-3.762777454574494751e+00,3.023929448606155646e+00
1.129925388334403369e+00,-3.767406288709129747e+00,2.851852266014724080e+00
1.129188199855058805e+00,-3.772282357365979610e+00,2.674188096570677242e+00
1.128338605350652779e+00,-3.777023576659047865e+00,2.504176268031286234e+00
1.127439082339920740e+00,-3.781689537495600550e+00,2.326553186570335718e+00
1.125970630232681291e+00,-3.786459615471960749e+00,2.152927459478366945e+00
1.123935210486952663e+00,-3.791383282458874238e+00,1.977219079613801167e+00
1.120912639029932656e+00,-3.796994368746218651e+00,1.784746121571061606e+00
1.118561639672317698e+00,-3.800834868906785680e+00,1.615126236163588747e+00
1.115205759672927899e+00,-3.804726445672653501e+00,1.397175502716293316e+00
1.112068212569599313e+00,-3.805925873361884371e+00,1.207181632640460522e+00
1.108302201373087437e+00,-3.806526580415552807e+00,9.892519659816895183e-01
1.104769197357968524e+00,-3.806564131103036264e+00,8.059763163390656349e-01
1.101399781442023995e+00,-3.806457761556894859e+00,6.214381788375845650e-01
1.098009726644209483e+00,-3.805694489393391056e+00,4.263491578373027058e-01
1.094808056308541833e+00,-3.805005763344705638e+00,2.411876770314403673e-01
1.092013997833105821e+00,-3.804068530374369317e+00,6.002487681424843735e-02
1.090521796702244472e+00,-3.801833352467895555e+00,-1.035412818297059279e-01
1.089153251393500721e+00,-3.798987140636621795e+00,-2.927973478156774001e-01
1.087984152961040119e+00,-3.796901038187075361e+00,-4.750177379577451009e-01
1.087174084700186949e+00,-3.794584142788984149e+00,-6.562767466992366350e-01
1.086891281559390521e+00,-3.792516667869340719e+00,-8.190969980605253831e-01
1.086628634194694021e+00,-3.790160353401770710e+00,-9.773396502650916196e-01
1.087024613081265967e+00,-3.787899220136828671e+00,-1.136174922535817533e+00
1.087694853650718940e+00,-3.785745859283226711e+00,-1.311780332978403907e+00
1.088702039291212120e+00,-3.783813024238788181e+00,-1.539355530071899958e+00
1.090241000465470789e+00,-3.782706866615711760e+00,-1.746426538439623144e+00
1.091868637917443374e+00,-3.781980035817163355e+00,-1.941146896619066586e+00
1.093839788159294946e+00,-3.781867484925286682e+00,-2.142496522252832936e+00
1.095869524602019585e+00,-3.782420693852500460e+00,-2.363690088874926154e+00
1.097524450621873093e+00,-3.782713591300978617e+00,-2.558638412457519440e+00
1.098902982340241641e+00,-3.783430117856316333e+00,-2.760675522933100368e+00
1.100379758298151600e+00,-3.784241376604853713e+00,-2.982252966876419720e+00
1.101462749361265203e+00,-3.785364014383431286e+00,3.104572059537343609e+00
1.102858346427008973e+00,-3.786484993965720580e+00,2.905817661362079640e+00
1.103758812307072956e+00,-3.787918752010480450e+00,2.684950726412893562e+00
1.020355836569417640e+00,-3.747043797879997307e+00,2.689113623512749740e+00
9.177829077947478043e-01,-3.684931649248426755e+00,2.688649615202860499e+00
9.111035248830925415e-01,-3.678130309776628248e+00,2.849905323580280037e+00
9.122770804123594424e-01,-3.676992945959708603e+00,2.680412447422482636e+00
9.137104513641087777e-01,-3.676219573259256634e+00,2.490987980268712487e+00
8.497516178129307374e-01,-3.606558689107479676e+00,2.490880471282831188e+00
7.566214287024023433e-01,-3.539893129080205814e+00,2.495084560626016579e+00
6.617921104933390808e-01,-3.472339371204299585e+00,2.488721361032682378e+00
5.680178329374671042e-01,-3.395526972595824589e+00,2.486438855797732828e+00
5.573454531372113996e-01,-3.388176073212000095e+00,2.603360699557176972e+00
5.535631021311337996e-01,-3.392621967565438545e+00,2.799591793361607017e+00
5.493615689376226685e-01,-3.397242776941632680e+00,3.003490003118763685e+00
5.454409791312300193e-01,-3.401769590158743917e+00,-3.075305448909386286e+00
5.416684282203118039e-01,-3.406441759801963176e+00,-2.877016588905354944e+00
5.379182107538068580e-01,-3.411169503823794802e+00,-2.677309451192474654e+00
5.356222805488829453e-01,-3.415223118953396142e+00,-2.422944727208561133e+00
4.606966670711671319e-01,-3.498943472813118127e+00,-2.356289331090047234e+00
3.802394717977169436e-01,-3.578845863714342546e+00,-2.392724722689599126e+00
3.009939162088949849e-01,-3.652806765536714462e+00,-2.425222001166833952e+00
2.213921406441246575e-01,-3.722401646762650618e+00,-2.459441018831459935e+00
1.376942208004411083e-01,-3.791240902683262970e+00,-2.497230388868767914e+00
7.971855498134969298e-02,-3.837105597553324809e+00,-2.342170832273475778e+00
8.232186711572057891e-02,-3.837916350167172475e+00,-2.334680261401655965e+00
8.389214579972452401e-02,-3.838955971504822262e+00,-2.532826265130192045e+00
8.525922140121376669e-02,-3.840210712596692666e+00,-2.718238002981203660e+00
8.676226952807343518e-02,-3.841755133761850516e+00,-2.901406098359889718e+00
8.846461904456515146e-02,-3.843755323787356293e+00,-3.116516631848412988e+00
8.983061570434369703e-02,-3.845507829247097220e+00,2.960928590395818905e+00
9.071631447445992202e-02,-3.847171432965755589e+00,2.777842342210471216e+00
9.130296479446139979e-02,-3.849031540763874659e+00,2.588726428856105155e+00
9.198974610184286471e-02,-3.851307960086101101e+00,2.376229391108653832e+00
9.215878466840185523e-02,-3.853294842988977731e+00,2.172757126511223991e+00
9.175178037362406724e-02,-3.854837733050085369e+00,1.986527178696148921e+00
9.061762443379829668e-02,-3.855937760596846342e+00,1.800228065480642847e+00
8.917290534231213373e-02,-3.856931404346901626e+00,1.611735067064348437e+00
8.753725238722732949e-02,-3.857760414230905877e+00,1.426736681317860356e+00
8.544255930378730213e-02,-3.858118429127844973e+00,1.243248095750187021e+00
8.319704347554614243e-02,-3.858011372440196762e+00,1.037778810777968408e+00
8.129198741896925817e-02,-3.857440205702642011e+00,8.540504623273553753e-01
7.906920297823895327e-02,-3.856508321012588336e+00,6.655296884501299415e-01
7.707226479670159502e-02,-3.855047486107186838e+00,4.522377133028929186e-01
7.518283575226526738e-02,-3.853229681877993862e+00,2.707558635505741274e-01
7.327865214469504729e-02,-3.851439045003046235e+00,6.313354010249118409e-02
7.202693630658363322e-02,-3.849801799093178545e+00,-1.205538423901860584e-01
7.091335969743309264e-02,-3.847940407065598478e+00,-3.106847261139842331e-01
7.021061794680273638e-02,-3.845868226962920744e+00,-4.958370485726504850e-01
6.965963565745160457e-02,-3.843804050175204434e+00,-6.738424293694925682e-01
6.956791419038454993e-02,-3.841752469696672279e+00,-8.578534385361700210e-01
6.990569511240139755e-02,-3.839634708552138065e+00,-1.045142703555055119e+00
7.060202396503220679e-02,-3.837776024675750186e+00,-1.222525543758629984e+00
7.121574576127741307e-02,-3.836354983213840608e+00,-1.403914134366647470e+00
7.309125571477649574e-02,-3.834974040964501008e+00,-1.586546879501365970e+00
7.444628929203567225e-02,-3.834255266547825336e+00,-1.782558523939582695e+00
7.604659580017837650e-02,-3.833842522313354095e+00,-1.998321512504248609e+00
7.783475978890209979e-02,-3.834258688794013548e+00,-2.184874645385018965e+00
1.717729637561965852e-02,-3.912752482636729034e+00,-2.215498208351224019e+00
-4.429138070201101701e-02,-3.995145507168972099e+00,-2.195637852811939350e+00
-1.028351717390367515e-01,-4.076878835428353831e+00,-2.158058975692962456e+00
-1.289910816650315373e-01,-4.124751532292238565e+00,-1.964726984634372675e+00
-1.381565098211708364e-01,-4.149181764104971748e+00,-1.775186841199963172e+00
-1.389647199331537353e-01,-4.149508415577394693e+00,-1.587385299777341441e+00
-1.398076198247361068e-01,-4.150113168016476450e+00,-1.399143082517698256e+00
-1.402822907326405355e-01,-4.151208481285561191e+00,-1.206109320994088741e+00
-1.409618946312928001e-01,-4.152531857667409732e+00,-9.978291684228095537e-01
-1.406079730466766042e-01,-4.154010876285969545e+00,-8.122010754080336570e-01
-1.398366242323524355e-01,-4.155962270606083031e+00,-6.244031428185169430e-01
-1.384264779647022270e-01,-4.157892447314750939e+00,-4.410977323705904118e-01
-1.370636019612659628e-01,-4.159719556151720177e+00,-2.538610630435149118e-01
-1.362431446760010156e-01,-4.161637907672387726e+00,-7.086535816411251854e-02
-1.351620573773002487e-01,-4.163072806935194770e+00,1.182309525293940150e-01
-1.344664463164668700e-01,-4.164672027267810606e+00,3.001990705413210003e-01
-1.326498324121745120e-01,-4.166392910685251749e+00,4.901848267135782145e-01
-1.307998871578235078e-01,-4.167743125853665020e+00,6.733059498492183215e-01
-1.287042334102891095e-01,-4.168998679850368205e+00,8.640593968636168798e-01
-1.264470805408907661e-01,-4.169608243525512847e+00,1.091549048982779047e+00
-8.463680179657970259e-02,-4.076552045718853989e+00,1.085805654110191032e+00
-2.681403504826785841e-02,-3.984492835168393476e+00,9.643150085274883043e-01
4.134378601301372247e-02,-3.894417273433708804e+00,8.696874543729928853e-01
1.110043316362426674e-01,-3.807108937508381974e+00,8.705776386947126078e-01
1.806184305076624086e-01,-3.730183437769303723e+00,8.734714237480238896e-01
2.511896961115134275e-01,-3.651168369094680344e+00,8.719747619746053280e-01
3.118169867501752734e-01,-3.575926724832503290e+00,8.739492752729799419e-01
3.709326005403730808e-01,-3.501805427025814321e+00,8.700279620875847053e-01
4.456148283719953418e-01,-3.417159872486466021e+00,8.727614656760883660e-01
5.219902115775726381e-01,-3.332708047388536876e+00,8.714073984690603458e-01
5.658142792710929569e-01,-3.274287270284744977e+00,8.314880872463027428e-01
5.711929612461493777e-01,-3.270640824384796197e+00,5.059535716006577921e-01
5.715655724524356662e-01,-3.268512558192974815e+00,3.097495906716765113e-01
5.715796238310907329e-01,-3.266106892470319600e+00,1.128764749460019201e-01
5.712600158111011961e-01,-3.263341428251719023e+00,-6.628296729787723496e-02
5.700787063657388742e-01,-3.260927943463584722e+00,-2.548222876518737023e-01
5.683067041799089170e-01,-3.258651190591473235e+00,-4.393673392412816847e-01
5.671430248043888289e-01,-3.256493308716874591e+00,-6.300272608967265597e-01
6.378333955685013823e-01,-3.318663824139671092e+00,-6.714943319432710167e-01
7.243641971162316784e-01,-3.390584731575210675e+00,-6.724568101397160325e-01
8.108985084163146118e-01,-3.462826500988982037e+00,-6.727725622453564203e-01
8.916637876399962082e-01,-3.526910333445461454e+00,-6.758126602957610363e-01
9.830026227947042949e-01,-3.607929148104445094e+00,-6.741041151404525422e-01
1.065139728855913237e+00,-3.673669590270243646e+00,-6.594895719187410243e-01
1.147905401070830722e+00,-3.737922088205889004e+00,-6.590313059263800399e-01
1.229785476200075500e+00,-3.800835892347890876e+00,-6.590263572454869712e-01
1.314167433451557399e+00,-3.865088841514903173e+00,-6.644332659171474642e-01
1.376028230990446577e+00,-3.904145372490623878e+00,-8.351759236754289217e-01
1.377760575036856450e+00,-3.903411737502678669e+00,-1.021161475586094713e+00
1.381258068661467719e+00,-3.902224165656137611e+00,-1.174216169184955305e+00
1.386187524756422373e+00,-3.900542023992088492e+00,-1.283235503392926580e+00
1.387373521471318760e+00,-3.902722141862070337e+00,-1.183932075045863952e+00
1.386076370771275990e+00,-3.901492652321078669e+00,-1.444267421147278352e+00
1.401046508977326521e+00,-3.996517069465296057e+00,-1.476728444383088368e+00
1.389103443392442960e+00,-4.051049070320931200e+00,-1.519036462095680218e+00
1.387617194641929563e+00,-4.053086058213902554e+00,-1.796329585064118328e+00
1.387766788987628619e+00,-4.054877895523601339e+00,-2.034661844376334461e+00
1.389038416752461425e+00,-4.057181431267174787e+00,-2.226748510796012326e+00
1.390108528279771383e+00,-4.059918286093228801e+00,-2.234873708087366406e+00
1.387789705478871038e+00,-4.062435367084704652e+00,-2.038243425130775055e+00
1.389993317401808870e+00,-4.065555705655201635e+00,-2.155720356908518376e+00
1.333312216900117919e+00,-4.146691731507901935e+00,-2.202338487601836814e+00
1.275765061886148688e+00,-4.226902223244831447e+00,-2.200594232321536836e+00
1.259838156442360413e+00,-4.256690689942939976e+00,-2.293389221525198973e+00
1.262968130950829826e+00,-4.254741773776000713e+00,-2.512768343572324259e+00
1.265976190683476332e+00,-4.253058388872994477e+00,-2.728740100174469330e+00
1.269415762797530878e+00,-4.252302270447807508e+00,-2.919695406288638218e+00
1.273427789439659730e+00,-4.250821120934731745e+00,-3.137793775529874374e+00
1.276940761882027209e+00,-4.249946384126015886e+00,2.942272571102629630e+00
1.276579930092274662e+00,-4.255246325176462285e+00,2.778880427240955520e+00
1.275979011835081778e+00,-4.260036614291839108e+00,2.622396724528992973e+00
1.278406666982428774e+00,-4.262482760336371967e+00,2.398687606931901861e+00
1.281382861252628791e+00,-4.263952749151509458e+00,2.228326535564481237e+00
1.284154691320236630e+00,-4.265498845920807192e+00,2.064459234017602896e+00
1.284359863968767890e+00,-4.269614276505913963e+00,1.942769862070670150e+00
1.284897588468729479e+00,-4.273617394250098123e+00,1.825635120474991435e+00
1.283619709296019984e+00,-4.275742257151577519e+00,1.582902049337744810e+00
1.282413442341941323e+00,-4.277865715650560396e+00,1.370779644280488041e+00
1.280970126766153294e+00,-4.278934359849510649e+00,1.165992325097320759e+00
1.279497097763407920e+00,-4.278930188872884344e+00,9.549884765121677832e-01
1.272886984400106725e+00,-4.276690172208015284e+00,8.577000203668605494e-01
1.266328826538086982e+00,-4.273977689983309958e+00,7.623804396873776756e-01
1.260274719993969672e+00,-4.274272747718541154e+00,5.323749847563110649e-01
1.254913167822338194e+00,-4.273865051294619022e+00,3.384416590072398812e-01
1.250430654365623839e+00,-4.272815576686343597e+00,1.485294487676769304e-01
1.245862244306965794e+00,-4.272133879121399858e+00,-4.219806195273668320e-02
1.241352971450513154e+00,-4.271271781752950858e+00,-2.343628972764046359e-01
1.237077402302662721e+00,-4.270392708309231899e+00,-4.281663914415998473e-01
1.232958634388542141e+00,-4.269521050171403154e+00,-6.171049994494949287e-01
1.231995906702727073e+00,-4.268240977523433344e+00,-7.867954933342488077e-01
1.231583896310322723e+00,-4.266809766854363417e+00,-9.592574036737202547e-01
1.231369572088242048e+00,-4.265476649110556018e+00,-1.119990111823181422e+00
1.228089446667444351e+00,-4.266542758823607784e+00,-1.334853473404767676e+00
1.225222145244821981e+00,-4.265799976362433910e+00,-1.526621883886302378e+00
1.223016515233947610e+00,-4.264876106631446895e+00,-1.672041315211586943e+00
1.221044383871732641e+00,-4.263427466228272955e+00,-1.886973776588262153e+00
1.218934920159780999e+00,-4.262509424915980283e+00,-2.102814989967976889e+00
1.166504008224310107e+00,-4.321327844030402154e+00,-2.171664410767776499e+00
1.101497366519994969e+00,-4.404546337152205560e+00,-2.163278813390126398e+00
1.036949840814415102e+00,-4.485912248387395884e+00,-2.146908820227927173e+00
9.752538337926648371e-01,-4.567174971044399179e+00,-2.041746273426340963e+00
9.214572969420129489e-01,-4.645886899569479311e+00,-2.007789031284043624e+00
8.702854918722134903e-01,-4.726583745449332241e+00,-1.896535596022530079e+00
8.300141223496030340e-01,-4.810983235171007344e+00,-1.817960450236453029e+00
8.070360248724395280e-01,-4.819139837959259154e+00,-1.763249789837903148e+00
8.089581165261402473e-01,-4.818462480680207882e+00,-1.418259605090516962e+00
8.275136423561368915e-01,-4.865240990088492090e+00,-1.327723152185467992e+00
8.473955015834966353e-01,-4.916424105521167043e+00,-1.183870670561381733e+00
8.550596433312636080e-01,-4.926623339771095900e+00,-9.397579512125340262e-01
8.695667026761950691e-01,-4.948597863039471356e+00,-8.148782860111568604e-01
9.156932587320935069e-01,-4.996648056638409052e+00,-8.795701982441759270e-01
9.822035703252678385e-01,-5.081174524963079087e+00,-9.186182808026085445e-01
9.889720073498883268e-01,-5.089041585563324865e+00,-1.117006184930288804e+00
9.918386947711387291e-01,-5.088724571808644903e+00,-1.285512124363810793e+00
9.954811871000258661e-01,-5.087787012210814197e+00,-1.441149212508898048e+00
9.995037843962264468e-01,-5.087263445208212609e+00,-1.609867399140138877e+00
1.003333962989298334e+00,-5.086879044681364093e+00,-1.769164636541449953e+00
1.007944269524781555e+00,-5.087025459968090857e+00,-1.937419935492712852e+00
1.009431820468545071e+00,-5.084476470193890485e+00,-2.153800885203521087e+00
1.010587422722776463e+00,-5.082307095544845943e+00,-2.358970901975793399e+00
1.014509182540007881e+00,-5.083802576391068584e+00,-2.447243496987519862e+00
1.010559407695119427e+00,-5.082448051852555437e+00,-2.295379852560081702e+00
1.014099113198682067e+00,-5.088879413576597344e+00,-2.033316847065627542e+00
1.010587642756575200e+00,-5.089692734990864942e+00,-1.857825780250820014e+00
1.007438319862123288e+00,-5.092417686251381248e+00,-1.687799488343761256e+00
1.003847236953148148e+00,-5.113476470515335492e+00,-1.520246312665169297e+00
1.003763105378502773e+00,-5.135447672990625989e+00,-1.348660575559990971e+00
1.011832362347335090e+00,-5.171801226300301479e+00,-1.219063588380246754e+00
1.030582917222695238e+00,-5.215062744377644499e+00,-9.926666049463321873e-01
1.086356324189994726e+00,-5.297875234455645455e+00,-9.556655875400653644e-01
1.143949683229730008e+00,-5.383385305557477629e+00,-9.542966084152826323e-01
1.160607522759945276e+00,-5.433557826881435737e+00,-9.119605559870564981e-01
1.163339352169321828e+00,-5.432323227641672858e+00,-6.634116365140965144e-01
1.163965951724134973e+00,-5.433365864369020137e+00,-4.534731897538775702e-01
1.165210346370772809e+00,-5.434012892590491361e+00,-2.493945515475724795e-01
1.164644139448721250e+00,-5.437176472042013486e+00,-8.293716183571135658e-02
1.164872111262679422e+00,-5.439738530967698438e+00,9.354220497106298382e-02
1.165397196249043033e+00,-5.442626598801042270e+00,2.763507160508734684e-01
1.165940457500232341e+00,-5.445542371053458730e+00,4.587878937046865335e-01
1.166943207163501084e+00,-5.447500280941673267e+00,6.432278344909475587e-01
1.167692965509940839e+00,-5.449367908944550365e+00,8.206187156234593383e-01
1.204546503705399507e+00,-5.399108984482325013e+00,9.492204361257509104e-01
1.211553759175153511e+00,-5.390987374923133402e+00,1.115063223498015788e+00
1.212267981959794128e+00,-5.391612718574701368e+00,1.286397885126130403e+00
1.211936847856527555e+00,-5.391337312768315293e+00,1.485308357059790918e+00
1.211780978365427197e+00,-5.390420657417429595e+00,1.669050881531155106e+00
1.210623836402077380e+00,-5.389197132097744536e+00,1.863192785649875338e+00
1.208314321477077957e+00,-5.387000313574266563e+00,2.082967500126597038e+00
1.205319775306432861e+00,-5.384265859203378746e+00,2.311524278366956064e+00
1.128918939050271852e+00,-5.313407089906109881e+00,2.286691404850005771e+00
1.058168129180923955e+00,-5.231299769651957199e+00,2.295948420517484045e+00
9.862162338283149143e-01,-5.151908056798223612e+00,2.358874275505600249e+00
9.518482953960959447e-01,-5.108848610872815499e+00,2.182173183584239506e+00
9.303575691359481370e-01,-5.068376922771829385e+00,2.006057840694501770e+00
9.137292974260612377e-01,-5.017736289300885666e+00,1.787322290867444874e+00
9.055318053486157703e-01,-4.959957252950823126e+00,1.619252417329799743e+00
9.094034743547423361e-01,-4.894083152920368995e+00,1.458456183897462788e+00
9.262630197440293589e-01,-4.792830410004109254e+00,1.279253889111152453e+00
9.559820267292070683e-01,-4.707416492049374845e+00,1.216007537293022800e+00
9.312763617566828245e-01,-4.628890983849747620e+00,1.133061715795871782e+00
9.942613111556539707e-01,-4.545057004500029585e+00,1.128341331289288707e+00
1.054081539105901077e+00,-4.461626895848726626e+00,1.128632152408350686e+00
1.099294485817945644e+00,-4.402895352395741924e+00,9.827491561115209162e-01
1.142686888493879893e+00,-4.354926344581339315e+00,8.228308744575039135e-01
1.192309318780966798e+00,-4.313981477294251299e+00,6.539942859148747401e-01
1.246024520337841945e+00,-4.280656226803480457e+00,4.987975546560229900e-01
1.303813699715507868e+00,-4.255472779857468524e+00,3.424515756912382969e-01
1.349596230035246203e+00,-4.241856641331172462e+00,1.862373794054616727e-01
1.390990910415883963e+00,-4.237228190726070487e+00,-1.412734239120306060e-02
1.448696452962023873e+00,-4.241590433534157434e+00,-2.078393313350616889e-01
1.549821324344246909e+00,-4.266408829680374382e+00,-3.325025788926116443e-01
1.608266555139134857e+00,-4.280057901229191053e+00,-1.885779939945965156e-01
1.632332352474829662e+00,-4.280937418072629619e+00,1.307521799854875939e-02
1.645756966837101487e+00,-4.280122322343381747e+00,1.993952830499370055e-01
1.652058272592620725e+00,-4.279322152127416956e+00,3.743742709398500956e-01
1.658421465093627090e+00,-4.277842974634406659e+00,5.576152689387045003e-01
1.673697196184050995e+00,-4.267196854487441016e+00,7.345070926711850801e-01
1.746260717925333550e+00,-4.192800301468269097e+00,8.059949177373382234e-01
1.817712388318682759e+00,-4.117151977044663624e+00,8.132007637732479033e-01
1.888464110954895858e+00,-4.040667868287536102e+00,8.160723680576921213e-01
1.959116359196089396e+00,-3.965177041108510547e+00,8.195683174687515837e-01
2.029023451015596446e+00,-3.889077221051374433e+00,8.151814397586268912e-01
2.037152691687245110e+00,-3.883091295684795607e+00,9.906565891565326520e-01
2.040269416376529144e+00,-3.881543856661270553e+00,1.171212644904770617e+00
2.042991103375505269e+00,-3.879819062060361645e+00,1.343367778378230071e+00
2.045660200800709649e+00,-3.877038032644572141e+00,1.523167796995540169e+00
2.048034367956236945e+00,-3.874379765521354546e+00,1.695378885625906440e+00
2.050276613731398356e+00,-3.871470730226024948e+00,1.880688297166692946e+00
2.061066907001583903e+00,-3.861097168798703905e+00,1.967091497765914632e+00
2.059287359517600002e+00,-3.861773925043936906e+00,2.191222802813039383e+00
2.061163666807908967e+00,-3.859006071296299023e+00,2.369916954781077667e+00
2.062367742729625864e+00,-3.856421710823395799e+00,2.544662760716609906e+00
2.062514331502406151e+00,-3.854416143164755226e+00,2.729071527743365255e+00
2.062189207321510676e+00,-3.852616179104364047e+00,2.913450627647338642e+00
2.061963468118820586e+00,-3.850712601001025526e+00,3.095263921163955434e+00
2.061792780991110074e+00,-3.848721101949802659e+00,-3.004976910365510623e+00
2.061173137567346991e+00,-3.847041830255065520e+00,-2.824753187765247642e+00
2.060378580030349127e+00,-3.845495806021076657e+00,-2.645802958888892498e+00
2.059436314058053163e+00,-3.844363756543954569e+00,-2.464797322504787669e+00
2.062365208841695718e+00,-3.845893967982141781e+00,-2.150605178410931018e+00
2.060053539392827204e+00,-3.843450820556220560e+00,-2.010048938947496922e+00
2.057759389112284509e+00,-3.841288101386251430e+00,-1.873654574325043454e+00
2.057615739817066469e+00,-3.842032566776525382e+00,-1.676388701509126555e+00
2.057358826819861264e+00,-3.842599712145693847e+00,-1.486761861736458412e+00
2.057598033758850420e+00,-3.843580983761902825e+00,-1.299835369619164460e+00
2.058341660800123485e+00,-3.844696706286669041e+00,-1.109586002719290976e+00
2.059197227670756636e+00,-3.845833154953370858e+00,-9.233874188430977181e-01
2.060327547203188558e+00,-3.847142561512053138e+00,-7.331773218269168613e-01
2.059981201099075676e+00,-3.852948569222830688e+00,-6.233057995849634603e-01
2.060056969162820106e+00,-3.858894316553063586e+00,-5.082281512898721987e-01
2.060409025208592038e+00,-3.858146986246828281e+00,-3.009293952487843704e-01
2.062343675944025900e+00,-3.857831925306014487e+00,-8.820400157629289251e-02
2.064417599592871522e+00,-3.857522963290326956e+00,1.165924212037957736e-01
2.065986443421370833e+00,-3.859082896961604447e+00,2.956239125243083077e-01
2.067608785982295583e+00,-3.860366225874872104e+00,4.818227480246438099e-01
2.069416277559364747e+00,-3.861541324493263705e+00,6.608504741878562516e-01
2.071349554799373216e+00,-3.862379579942116781e+00,8.337867268750287497e-01
2.073473297823722472e+00,-3.863006648584347946e+00,1.018306787564993598e+00
2.075544239835708904e+00,-3.863108613235489486e+00,1.203782070170947849e+00
2.077346770336470971e+00,-3.862491650994201109e+00,1.386022178727898346e+00
2.077853970277342199e+00,-3.861974080215226479e+00,1.411612020191545858e+00
2.075597920915829508e+00,-3.863045878085186402e+00,1.229417768398958222e+00
2.073578215753709486e+00,-3.863320641218202400e+00,1.051352550773903882e+00
2.071292337531758232e+00,-3.862785063931148510e+00,8.684784283013743389e-01
2.069541210325656078e+00,-3.861992139385570066e+00,6.869890305329420244e-01
2.067448901755713830e+00,-3.861041960242191706e+00,5.027306749032351973e-01
2.065547505475243018e+00,-3.859902503564980325e+00,3.244532407777305782e-01
2.063862213163881076e+00,-3.858617251999262088e+00,1.406137045974245048e-01
2.062773261012897041e+00,-3.856633633722720944e+00,-3.009027802929873166e-02
2.062395628064733089e+00,-3.854927955590552902e+00,-2.054818785732762942e-01
2.061943943170100546e+00,-3.853151551859396395e+00,-3.760523181738954501e-01
2.061805047279599012e+00,-3.851352089267788603e+00,-5.520720355257823231e-01
2.061815024231439253e+00,-3.848900900781577317e+00,-7.299644375218493630e-01
2.061978661798379076e+00,-3.846426967838921129e+00,-9.066746394746630910e-01
2.062725036105238718e+00,-3.843493845127239350e+00,-1.038134636786252507e+00
2.063506311656268633e+00,-3.846206773079392072e+00,-8.544397210383994912e-01
2.134770025058414511e+00,-3.919468726215026066e+00,-7.915687299298921342e-01
2.206629297754254093e+00,-3.989709297088298801e+00,-7.645719764436595955e-01
2.222697469886026678e+00,-4.003770566415075116e+00,-5.819974110342125417e-01
2.240745321828561565e+00,-4.014565052315433036e+00,-4.027011645953949559e-01
2.251269878950678205e+00,-4.033290848632633541e+00,-3.470976320229062773e-01
2.251795506448269535e+00,-4.033667818919302483e+00,-1.578817114926158727e-01
2.252154410990456324e+00,-4.033539517894721982e+00,4.521700307848910277e-02
2.253137924785526547e+00,-4.033256592129658813e+00,2.471360552437876223e-01
2.253160677398120537e+00,-4.031017562485659234e+00,3.597763561922399100e-01
2.251492828957444292e+00,-4.029271084912094736e+00,1.786774199202129099e-01
2.250580996298288561e+00,-4.027547935857369588e+00,-3.011625100076914616e-03
2.248917590657205867e+00,-4.026579725226559603e+00,-1.925099759222576590e-01
2.247537263810617247e+00,-4.025066366833751630e+00,-3.823288095923794705e-01
2.246997076984147856e+00,-4.023560470131132938e+00,-5.642860688315567419e-01
2.271425088276930460e+00,-4.041143886273688146e+00,-7.281791774923814797e-01
2.283134511740134709e+00,-4.053640342346423786e+00,-9.111648142398928174e-01
2.303110878610257650e+00,-4.085888556441697794e+00,-9.710137721877041272e-01
2.329497475229412640e+00,-4.117031816598555771e+00,-8.173297965809269705e-01
2.330332590125039793e+00,-4.119900595626626583e+00,-6.390399811338401959e-01
2.331408839837880276e+00,-4.122003479230627931e+00,-4.597440422275528293e-01
2.332856748233870015e+00,-4.124261431379878218e+00,-2.870315389533753536e-01
2.334737088891059020e+00,-4.126193178860184219e+00,-1.103904784711615406e-01
2.336610362175415290e+00,-4.128365949362041043e+00,7.103076914398036290e-02
2.338195120730130583e+00,-4.130348049336569183e+00,2.520403623093191436e-01
2.339831839716338457e+00,-4.131272124845310145e+00,4.420878606642256181e-01
2.341025835583138370e+00,-4.131131417348674617e+00,6.382905133282985588e-01
2.342700701600048063e+00,-4.129975773654568805e+00,8.330337299318080202e-01
2.337151980550799202e+00,-4.121040614408879144e+00,8.158398795455870101e-01
2.337228024065695298e+00,-4.125593166300597581e+00,5.870922786555463624e-01
2.335682631650136010e+00,-4.125166054266953708e+00,4.054018326991660204e-01
2.334217162738702278e+00,-4.125534071990019314e+00,2.062858822189163333e-01
2.332853998527658845e+00,-4.125936982506633655e+00,4.703048555709489313e-03
2.330691247659780974e+00,-4.124200777470000467e+00,-1.689178514848112544e-01
2.328527332619255930e+00,-4.121997723310752981e+00,-3.447841913904107769e-01
2.327123592698243204e+00,-4.119479665500626275e+00,-5.283204735607323066e-01
2.328989585572324827e+00,-4.119120441592224680e+00,-7.113821784449955166e-01
2.331981063776779273e+00,-4.120328466217828556e+00,-8.848523968080954649e-01
2.335706380250959668e+00,-4.124036254368509624e+00,-1.056665858965677440e+00
2.351579482361881634e+00,-4.164409996406134518e+00,-1.231017544002330100e+00
2.367219565278232629e+00,-4.235117607056321454e+00,-1.343450374643440082e+00
2.381392934359404023e+00,-4.293270246161708492e+00,-1.364853496311984271e+00
2.385196110474387510e+00,-4.344128770478413948e+00,-1.540877967257524572e+00
2.381740566440782469e+00,-4.442872653095414570e+00,-1.562616752976147216e+00
2.381059730505173722e+00,-4.543000443265552413e+00,-1.563721058681596832e+00
2.379491886556595936e+00,-4.643843149731899267e+00,-1.563462199576411527e+00
2.382407952935030604e+00,-4.670386366463014305e+00,-1.633427481017168503e+00
2.382708986565263753e+00,-4.669688683414594976e+00,-1.895502865670649850e+00
2.384464795902045964e+00,-4.669713341645366000e+00,-2.098293236335162959e+00
2.387148188126293924e+00,-4.670484817921579435e+00,-2.263767403748586649e+00
2.389216452807261692e+00,-4.672021896794207763e+00,-2.423010982189069740e+00
2.391075001563968794e+00,-4.673707680097622941e+00,-2.585010660291470419e+00
2.391975352994371473e+00,-4.674086029775605944e+00,-2.767496381669434680e+00
2.392562136449239762e+00,-4.674344597469191065e+00,-2.964137076716626407e+00
2.294642296040209306e+00,-4.690928459741167345e+00,-2.976703841243016679e+00
2.204738561592137991e+00,-4.700735007192275106e+00,-2.859444591166187877e+00
2.183296068292228664e+00,-4.705525383117971749e+00,-2.665393124805199854e+00
2.174980711088041474e+00,-4.706628375384631191e+00,-2.489641621490123580e+00
2.167402535883393710e+00,-4.708640490455594296e+00,-2.305636752457949967e+00
2.160127025546054291e+00,-4.711709138465617563e+00,-2.108366624586084370e+00
2.153305537818484883e+00,-4.716027189335943781e+00,-1.909921628030980312e+00
2.146311927594195534e+00,-4.726489230914310724e+00,-1.721219990791453158e+00
2.127481985084837657e+00,-4.827579198690163942e+00,-1.676525945957782149e+00
2.108229978423077355e+00,-4.928884948648793340e+00,-1.665351006411894375e+00
2.089717469320534704e+00,-5.029039403297091759e+00,-1.657073729767667425e+00
2.070666239021456967e+00,-5.100878706139191365e+00,-1.595314249322051792e+00
2.067264025847212139e+00,-5.101743109158113576e+00,-1.348526071506396251e+00
2.063826975678916931e+00,-5.103436605727808661e+00,-1.123564851786866603e+00
2.064937541330933435e+00,-5.106204480037104254e+00,-9.289151962468109591e-01
2.066463653821929647e+00,-5.108718358120935221e+00,-7.535454530797676131e-01
2.068065449785983390e+00,-5.111485673071174851e+00,-5.712078415151712329e-01
2.070358472139555150e+00,-5.113870233697071832e+00,-3.952050433796422402e-01
2.073746182277267813e+00,-5.117337200060612545e+00,-2.202733305509169681e-01
2.173651652628238118e+00,-5.139782810328273222e+00,-1.073835745495080041e-01
2.178702132807727843e+00,-5.143830909144149643e+00,-1.207430027021866303e-01
2.158280243458469361e+00,-5.145326986768687938e+00,-9.199920719299084157e-03
2.161070773806493150e+00,-5.147766935589349835e+00,1.456213936902363004e-01
2.163380788631952267e+00,-5.149372526579919729e+00,3.291056544491089420e-01
2.166133970733126191e+00,-5.151115910103397866e+00,5.188351099413128775e-01
2.168801675792212169e+00,-5.152573583730072571e+00,7.077860129028518132e-01
2.172105747714346169e+00,-5.153824423055346493e+00,8.824094648043256939e-01
2.175219736282178573e+00,-5.154224096383978271e+00,1.069705736189864087e+00
2.178469134898109782e+00,-5.154018213682729055e+00,1.241461668600110313e+00
2.181374741710579546e+00,-5.153904934744021560e+00,1.423667335255691224e+00
2.183939399887218080e+00,-5.153408948062949690e+00,1.610037885768192734e+00
2.175391066029137566e+00,-5.055819944974349056e+00,1.716107247983336581e+00
2.163997940677307330e+00,-4.956241647410012163e+00,1.727639190202696629e+00
2.162483886561550328e+00,-4.944489228275450010e+00,1.548358170826761748e+00
2.161795763174313212e+00,-4.945282117075256778e+00,1.357805127082086116e+00
2.188332995659305169e+00,-4.882133288729964882e+00,1.220614087275225801e+00
2.191417669398659562e+00,-4.880723774608563659e+00,1.402236322497971033e+00
2.212318224774151965e+00,-4.793756877401475158e+00,1.247200903633055802e+00
2.221138688331699473e+00,-4.777598283127254319e+00,1.077139637450568843e+00
2.280693396457308619e+00,-4.693384491130460745e+00,9.949173641829074377e-01
2.339883871460694209e+00,-4.611988245397189878e+00,9.764916538264469814e-01
2.372997371903988739e+00,-4.572902198252959849e+00,7.924596690292718959e-01
2.396943120485949485e+00,-4.552136807110665373e+00,5.984104216347349015e-01
2.414607782773800615e+00,-4.541721205794142513e+00,4.051909577895197456e-01
2.439651060194003573e+00,-4.536882783438064948e+00,1.288981535718963789e-01
2.470660294833400883e+00,-4.533948355293978771e+00,-4.941992359208807750e-02
2.490108960504523239e+00,-4.535255007089544321e+00,-2.298866637910697563e-01
2.516876668764405522e+00,-4.543881055501321597e+00,-4.176913705016996881e-01
2.545394304726492418e+00,-4.559234459560912889e+00,-6.032528336893506760e-01
2.569446860712259362e+00,-4.578677528215017389e+00,-7.820769866534016401e-01
2.616887525559719041e+00,-4.637153180744462588e+00,-9.167440809123061918e-01
2.636958654365427979e+00,-4.657863600444073882e+00,-7.335617867500084932e-01
2.661045685798971050e+00,-4.675038461549299917e+00,-5.479641446633627400e-01
2.692549698006623693e+00,-4.689907544787091709e+00,-3.652086911377656619e-01
2.743277144429005610e+00,-4.702470917475704226e+00,-2.013018886723042800e-01
2.837923113946752451e+00,-4.716777145594348575e+00,-1.886346112325338609e-01
2.867464241872141439e+00,-4.722850371898501542e+00,-1.386672602931881548e-01
2.871814803751991274e+00,-4.723302864203738238e+00,3.580487539343384790e-02
2.874151712103302003e+00,-4.722103190082641788e+00,2.373544427869819229e-01
2.876759282491136993e+00,-4.723200305346851202e+00,4.163590700101218456e-01
2.879080056377032015e+00,-4.723725853092273219e+00,6.001303248815458291e-01
2.880775603371963367e+00,-4.721283140601840955e+00,8.005735040030143024e-01
2.883864021294743729e+00,-4.721368384530586937e+00,9.809009952496735574e-01
2.887020195503361197e+00,-4.720383784891271084e+00,1.160255829475879130e+00
2.889668397418000634e+00,-4.718995671562567829e+00,1.339059517849627623e+00
2.892014205887334377e+00,-4.716907043170516012e+00,1.513841083103390606e+00
2.894194099422143562e+00,-4.715109643797803507e+00,1.694585677377688171e+00
2.895831816400791681e+00,-4.713069263925837582e+00,1.864546396997982747e+00
2.896951287356761551e+00,-4.710767610682610851e+00,2.040529563871001262e+00
2.897521429339734667e+00,-4.708643755584363433e+00,2.209533684144444177e+00
2.897333743151626617e+00,-4.706399548748415818e+00,2.378729102686510721e+00
2.896809953021443729e+00,-4.704343467693963277e+00,2.555733522789680912e+00
2.896081027410578379e+00,-4.702227326144638120e+00,2.735833833276814175e+00
2.895341511599238249e+00,-4.700131657512276462e+00,2.905478241085585722e+00
2.895412373040725740e+00,-4.698001138447207126e+00,3.093014419054961550e+00
2.895565080845244221e+00,-4.696504061322214874e+00,-3.009916894870902304e+00
2.895549136898387221e+00,-4.694683748051351913e+00,-2.826719063638993390e+00
2.895969385662949147e+00,-4.691869392830256835e+00,-2.678280415532029224e+00
2.897069946731632761e+00,-4.689219908762143341e+00,-2.533055372856488408e+00
2.897868289559429655e+00,-4.686364043440845784e+00,-2.390050476858432305e+00
2.899801826845062713e+00,-4.683276038309210243e+00,-2.201955745551933408e+00
2.901622117373869880e+00,-4.680535833188718797e+00,-2.012750052615260632e+00
2.903382568003907149e+00,-4.678147179439852366e+00,-1.823068975846778850e+00
2.905311413452957847e+00,-4.675799638369407596e+00,-1.647967133554524066e+00
2.907657905339835036e+00,-4.673887502533033533e+00,-1.466445030370449709e+00
2.910269198739383167e+00,-4.672704537775965505e+00,-1.283461362980792275e+00
2.915130646647568380e+00,-4.671809172285313672e+00,-1.119096682923131247e+00
2.930293053226611821e+00,-4.686212028628392368e+00,-8.974529913913649182e-01
3.003418859891352710e+00,-4.756788999522948203e+00,-8.351572612241291438e-01
3.078016854204163710e+00,-4.824566057142733122e+00,-8.945168565821636220e-01
3.150146088884782092e+00,-4.894003517713549911e+00,-8.883820385907116313e-01
3.199189216219469944e+00,-4.935106549196886405e+00,-7.461922137010775780e-01
3.215140854946104465e+00,-4.941353083448884576e+00,-5.985182478968521513e-01
3.214406818843182911e+00,-4.953536183811198867e+00,-2.933716944477191557e-01
3.210876294337965842e+00,-4.966851071806465789e+00,-1.085755594516730621e-01
3.207907159837209754e+00,-4.980089308745994536e+00,7.855454057486950525e-02
3.204801735215771608e+00,-4.992706608207900132e+00,2.616068848751996190e-01
3.201853312103026372e+00,-5.005842261483462785e+00,4.406418024437816494e-01
3.199425788974969098e+00,-5.017466125689205469e+00,6.196389821748435889e-01
3.192264055454044680e+00,-5.029798663568946893e+00,4.437323708853807003e-01
3.185175188448624350e+00,-5.040173254188528240e+00,2.635868917609415218e-01
3.178887854466584617e+00,-5.050152476515038735e+00,8.171666731073828904e-02
3.172518187251731625e+00,-5.059889247907721987e+00,-9.462430911110897291e-02
3.170710273076633001e+00,-5.069020584303420840e+00,-2.694168345971805212e-01
3.170228547808024100e+00,-5.078774420743219054e+00,-4.436937176669871752e-01
3.176909968355775771e+00,-5.101285884151542049e+00,-5.864267987081220879e-01
3.180589958730766220e+00,-5.111575256746736073e+00,-7.929364191597573219e-01
3.187655198416517344e+00,-5.130582920413881531e+00,-9.497554541817225804e-01
3.207288938804180312e+00,-5.166662293263993178e+00,-1.027823814172737826e+00
3.221787297904036951e+00,-5.211337303587823655e+00,-1.243126475308018231e+00
3.228485483229133202e+00,-5.267782267802324725e+00,-1.495407231017201966e+00
3.186446631736581381e+00,-5.358479792685828080e+00,-1.531494053326845295e+00
3.186872691060295359e+00,-5.426748312853706402e+00,-1.793749375069489727e+00
3.170607683830106271e+00,-5.528396792341049526e+00,-1.825068639132071180e+00
3.155639056749839799e+00,-5.629784909934128834e+00,-1.835305889380284938e+00
3.140954586254862235e+00,-5.729544902418735930e+00,-1.810717940125214698e+00
3.148611917028884211e+00,-5.750526188509526904e+00,-1.565881793924299936e+00
3.153892186200360825e+00,-5.753079068481496527e+00,-1.386082789062576426e+00
3.154280881759225164e+00,-5.756505896950177892e+00,-1.270330999608178413e+00
3.154515390890283655e+00,-5.759948605689147350e+00,-1.152109988830983367e+00
3.153997506871114354e+00,-5.761939717177496867e+00,-8.832712969917997370e-01
3.154315734779856939e+00,-5.764718042968894451e+00,-7.050396477538526385e-01
3.155258560422880887e+00,-5.767478688603363324e+00,-4.827526616640283041e-01
3.156221552837858990e+00,-5.769642252867232202e+00,-3.093319157486881243e-01
3.156992417013780194e+00,-5.771553225375485319e+00,-1.241651690553444987e-01
3.158082182574668106e+00,-5.773265454049075096e+00,6.471361912560999463e-02
3.159722539576201861e+00,-5.775217450076826964e+00,2.705198151484508040e-01
3.161498349011233611e+00,-5.777284954758229674e+00,4.696690477652299411e-01
3.164231020009321327e+00,-5.778940183426218624e+00,7.536360369470340714e-01
3.166567989442935271e+00,-5.780087380865524871e+00,9.795854390355445140e-01
3.168718488155392699e+00,-5.780664068751716123e+00,1.151533399180711958e+00
3.170832310469070769e+00,-5.780717670210640868e+00,1.341146046552347704e+00
3.172575278315920233e+00,-5.779645984552943538e+00,1.562531637380569993e+00
3.173894705555848184e+00,-5.778779641997989991e+00,1.734648379316168443e+00
3.175010123394180095e+00,-5.777358966617104130e+00,1.946358853272734057e+00
3.175459790125392256e+00,-5.775728149588192473e+00,2.123768203480413508e+00
3.175487065089597660e+00,-5.773378694473389139e+00,2.380565688938110380e+00
3.174838052966689528e+00,-5.771444140401110090e+00,2.598392820663833369e+00
3.173794175360113101e+00,-5.769835284120851782e+00,2.819258014846652394e+00
3.172360906598775010e+00,-5.768658127999588991e+00,2.994059907246599650e+00
3.170273254711242661e+00,-5.766562743302346306e+00,-3.048087182506225457e+00
3.168566757462806471e+00,-5.765494374879801320e+00,-2.874661894313667254e+00
3.166528398403988476e+00,-5.764385291828832081e+00,-2.644180384266159756e+00
3.164613214346007286e+00,-5.763425008263655336e+00,-2.461367022019982365e+00
3.162685194874795602e+00,-5.763142258114151595e+00,-2.288274415515500593e+00
3.161762474874611151e+00,-5.763889512585419261e+00,-2.281514015531080908e+00
3.163476215119126689e+00,-5.765101475781404083e+00,-2.478662186643957543e+00
3.164380022128439496e+00,-5.766548703606123816e+00,-2.581791353284602408e+00
3.162153148315837825e+00,-5.766118625705994205e+00,-2.408579161043993278e+00
3.160004265414260605e+00,-5.767213422038192761e+00,-2.300774922724181160e+00
3.162104127561843114e+00,-5.768308596355360862e+00,-2.491636001110662857e+00
3.163868605034848347e+00,-5.769966594938582993e+00,-2.672147058320034851e+00
3.164717537596828389e+00,-5.772268701291348059e+00,-2.849538127479521510e+00
3.065065983065660582e+00,-5.795602590907111384e+00,-2.930700812752889739e+00
2.963006598876573694e+00,-5.819170214470577029e+00,-2.904957381862989241e+00
2.863156732360661039e+00,-5.851484193925330146e+00,-2.854399949611250431e+00
2.765070109628086303e+00,-5.881789027506385104e+00,-2.875874024081339630e+00
2.661845503591362849e+00,-5.911039482426764025e+00,-2.840015387210787168e+00
2.619586295639494189e+00,-5.923139102676823420e+00,-2.692414976719449626e+00
2.615940555928018441e+00,-5.922916811345367627e+00,-2.518665860486910990e+00
2.536627349948833654e+00,-5.988718048521508130e+00,-2.440525809502671617e+00
2.453899032162369931e+00,-6.058200745588567138e+00,-2.447544674487615701e+00
2.373058425873080246e+00,-6.125038950015333050e+00,-2.444310175153289411e+00
2.291098542574530050e+00,-6.192283220933965104e+00,-2.446516222927820561e+00
2.247043256709593706e+00,-6.242046686109236298e+00,-2.479163587342239072e+00
2.247801675697072898e+00,-6.241884226618270581e+00,-2.670035944093698266e+00
2.248617221304316960e+00,-6.242113839137018338e+00,-2.859964905101576083e+00
2.249275833768671795e+00,-6.241764690433819318e+00,-3.044318697243574068e+00
2.249877580184409087e+00,-6.242057616045238788e+00,3.048899901415958347e+00
2.164859313100812255e+00,-6.224164344992254350e+00,2.985937376349483419e+00
2.134796211976048852e+00,-6.218218324722744050e+00,2.891494219474394445e+00
2.128393472863017610e+00,-6.215278282218786643e+00,2.970300897005262453e+00
2.125809814212198390e+00,-6.213379445832581283e+00,2.979953429486643213e+00
2.125730327625671379e+00,-6.213759618335939372e+00,2.795087273040845588e+00
2.036515373470517254e+00,-6.168176162734469337e+00,2.663979260422802309e+00
1.974764311680390794e+00,-6.137066136737432842e+00,2.450662397228289269e+00
1.972331391703150860e+00,-6.135160544989632037e+00,2.473080454065483380e+00
1.970458359021267647e+00,-6.132702350548429493e+00,2.653224144658789641e+00
1.968344465704932711e+00,-6.130535191335986234e+00,2.828287753843388153e+00
1.966412171359117611e+00,-6.128100339385023076e+00,3.011161068120183693e+00
1.964271554353864246e+00,-6.125960180408458911e+00,-3.068303098448267541e+00
1.962347616453255172e+00,-6.123748740052377570e+00,-2.893539245495642565e+00
1.959766682659726200e+00,-6.121409277992434284e+00,-2.716194666233358479e+00
1.957119958621823530e+00,-6.119117476899309516e+00,-2.534741801079451573e+00
1.954380018883746573e+00,-6.117057306175420095e+00,-2.352802947703154679e+00
1.951619365874709189e+00,-6.115499508832581199e+00,-2.177231778490062108e+00
1.948801014871844872e+00,-6.114348606454120372e+00,-1.996327713007882254e+00
1.945774414406982622e+00,-6.113270312256407379e+00,-1.814908827767446997e+00
1.943458126027431954e+00,-6.113628110574605756e+00,-1.634226475972604176e+00
1.940659120997532572e+00,-6.113799010015693369e+00,-1.454014899635421632e+00
1.938753244844666712e+00,-6.114543535736584268e+00,-1.276856816562298658e+00
1.937493292406857304e+00,-6.115785414635116268e+00,-1.093892686802196756e+00
1.936036297008588036e+00,-6.116675541845308928e+00,-9.120518767756513601e-01
1.935249829855302917e+00,-6.118028764639837469e+00,-7.358439926514721563e-01
1.935323249322173478e+00,-6.119256642561518689e+00,-5.542613306710844068e-01
1.935237509047274429e+00,-6.120681030059339278e+00,-3.781221170090526273e-01
1.935413821955167757e+00,-6.122955753273854995e+00,-2.019560769952100932e-01
1.934147208425747833e+00,-6.123420609241967405e+00,-3.126629825770980142e-01
1.932260356998706241e+00,-6.122274063225090934e+00,-4.935318905097229591e-01
2.003751294550968343e+00,-6.164097789535838423e+00,-4.933290929274525283e-01
2.085348268759032564e+00,-6.206100660252452883e+00,-5.731016232822732093e-01
2.166655022352718785e+00,-6.271221156399175989e+00,-6.608181181065115872e-01
2.235173753851732670e+00,-6.329468803065793736e+00,-8.243547054243749450e-01
2.258196730134327979e+00,-6.359900300327754330e+00,-9.994691537549034166e-01
2.257768199796106767e+00,-6.361387101494615948e+00,-1.270334073255123819e+00
2.260154391698662391e+00,-6.361158512387776298e+00,-1.424309922220144964e+00
2.262858924714155506e+00,-6.360867893467791134e+00,-1.580715923051887684e+00
2.265690946675048334e+00,-6.360743445339786639e+00,-1.742097254983204779e+00
2.269375234520693674e+00,-6.361130239456455726e+00,-1.901261514827439658e+00
2.256558679295052716e+00,-6.383153330989851604e+00,-2.079821061097650414e+00
2.231543940347720856e+00,-6.397423531175494560e+00,-2.087163254159372094e+00
2.235502564158635685e+00,-6.401863761956867904e+00,-1.835179300085817644e+00
2.233806015502654230e+00,-6.402465760541010908e+00,-1.639689491023097467e+00
2.232768448585107812e+00,-6.403679652389809185e+00,-1.449001321580974944e+00
2.231951227742839272e+00,-6.405119087248738019e+00,-1.253746541218994315e+00
2.231764308635089122e+00,-6.406574138622702641e+00,-1.057047746217931961e+00
2.231093572086264576e+00,-6.409252689635319022e+00,-9.016647711582659319e-01
2.294983317723718219e+00,-6.487834793078364193e+00,-8.792682365625962282e-01
2.363789197967073985e+00,-6.564465653718711380e+00,-8.110659249142151417e-01
2.433634229974552365e+00,-6.639313671738501732e+00,-8.113287750853283020e-01
2.502346037132791690e+00,-6.713315074219809553e+00,-8.129520651428029376e-01
2.572602784356138095e+00,-6.789082420700859544e+00,-8.117529360458641818e-01
2.620665124478936736e+00,-6.850643512247962086e+00,-7.639181057721571300e-01
2.621559337968903058e+00,-6.852823174912320958e+00,-5.714501860833514080e-01
2.623352887009602785e+00,-6.855345274732514760e+00,-3.754025923432390832e-01
2.625125499895227588e+00,-6.857410935565614984e+00,-1.827846182531798203e-01
2.626738791046864474e+00,-6.859828272895811985e+00,3.720742058910694872e-03
2.628835327274731348e+00,-6.861954364672706141e+00,1.884706136909678753e-01
2.630819826630738767e+00,-6.864323262767578093e+00,3.783233192091518537e-01
2.633322792373374188e+00,-6.866661521822232217e+00,5.602284375861251720e-01
2.635989441905256747e+00,-6.868667845453920506e+00,7.450368962816497076e-01
2.638748177177452803e+00,-6.869900928942858087e+00,9.313476606715178630e-01
2.641522448695950764e+00,-6.870860704171458444e+00,1.117438089464169559e+00
2.644090327030704124e+00,-6.871489313054487624e+00,1.302847031695406832e+00
2.646210960333055251e+00,-6.871410375365121226e+00,1.488482851289367304e+00
2.648484075826174067e+00,-6.871256030505410450e+00,1.674829037788025943e+00
2.650384047881085170e+00,-6.870799140333329724e+00,1.868829542688305700e+00
2.651827849555524974e+00,-6.869948660403290219e+00,2.053907011561502571e+00
2.652984269962367581e+00,-6.869878900799148980e+00,2.222783445112513245e+00
2.653550349661498498e+00,-6.869287705610349626e+00,2.407451035954993657e+00
2.583895313464247057e+00,-6.804444777207934614e+00,2.418547471092719725e+00
2.510868061859441003e+00,-6.738605967383809237e+00,2.408420259114944617e+00
2.445625884600483246e+00,-6.677042611239439651e+00,2.450856625320568138e+00
2.379215841026683265e+00,-6.621186679927059338e+00,2.424557809132446007e+00
2.310801347638845371e+00,-6.545089868279282186e+00,2.287697689742564933e+00
2.245752759271381738e+00,-6.466514990032822929e+00,2.279622736601260691e+00
2.179694033512291629e+00,-6.385363754268603920e+00,2.280232603380033307e+00
2.151859793863786230e+00,-6.346945965193500960e+00,2.103617503594569005e+00
2.142580479201069199e+00,-6.327669615438452411e+00,1.943944389990633903e+00
2.137470604237679428e+00,-6.307905889742695393e+00,1.765583401195489177e+00
2.136692441716018021e+00,-6.289215205839984613e+00,1.589106165267993198e+00
2.139259371771111251e+00,-6.270185094894434208e+00,1.413097403279555575e+00
2.145320108202457554e+00,-6.251123061889705568e+00,1.232913871980397813e+00
2.154108390879281298e+00,-6.233259151410066146e+00,1.054030011808308132e+00
2.165649137821803460e+00,-6.217221097001296215e+00,8.756571853772899816e-01
2.238134552280657275e+00,-6.145327447614520544e+00,7.716940811659267485e-01
2.311691821300940308e+00,-6.073119644050624544e+00,7.752444016897332979e-01
2.385277939209009102e+00,-6.000276160064037967e+00,7.771744880401663114e-01
2.458219173803299906e+00,-5.927867292223374385e+00,7.792639912413908965e-01
2.530957774913365377e+00,-5.854719133198640790e+00,7.758007850558591434e-01
2.603564685657937083e+00,-5.784932163169285602e+00,5.998452020071410873e-01
2.619496713703787005e+00,-5.774764635046115480e+00,4.200699058440769407e-01
2.636915662950821027e+00,-5.767413325856726836e+00,2.388308163806834306e-01
2.655602531174304559e+00,-5.763038357063814843e+00,5.408555385511738117e-02
2.674242582540748980e+00,-5.761997431896538124e+00,-1.276658722194467244e-01
2.692155391472473180e+00,-5.764103628506070720e+00,-3.118985922220988694e-01
2.787720088223788029e+00,-5.802681327284262558e+00,-3.747010229335904219e-01
2.885006086005166726e+00,-5.838270389960799278e+00,-3.672163182790578739e-01
2.984370011548674650e+00,-5.874011744887033259e+00,-2.340367279379442500e-01
3.088497394074751767e+00,-5.888186994097008409e+00,-1.290026741375003838e-01
3.149257953162111878e+00,-5.889703090450339573e+00,3.432077193249493535e-02
3.173563932600238502e+00,-5.889081249897037296e+00,2.039203747329944583e-01
3.273261459650811833e+00,-5.858020617673442842e+00,3.314195004383279630e-01
3.337513367115965579e+00,-5.836379868280130445e+00,5.070129913374580299e-01
3.350524293105343610e+00,-5.832539495490921766e+00,6.877212021485744620e-01
3.355030120144248063e+00,-5.833646042558130240e+00,8.734476665716158772e-01
3.421498767589693735e+00,-5.755616158450962416e+00,9.273531972271786827e-01
3.487191212160971610e+00,-5.674646575415414063e+00,9.293141744169928220e-01
3.553542300018352140e+00,-5.590799909488831432e+00,9.315897499002312454e-01
3.621384758297739204e+00,-5.502553846759147937e+00,9.520998717982692705e-01
3.687006229736050411e+00,-5.416350533777684717e+00,9.303141161256789360e-01
3.692209113097468354e+00,-5.394611873062609142e+00,7.751791346947962680e-01
3.778456645820703397e+00,-5.317026332066163263e+00,7.534563069411643887e-01
3.860940053379124048e+00,-5.240027912188318204e+00,7.691865119632698145e-01
3.937886593987616202e+00,-5.165649147909675776e+00,7.457253551567546435e-01
3.991737966366626811e+00,-5.113888480720247820e+00,5.749742323255238041e-01
3.991443901674732064e+00,-5.108785155209306872e+00,4.283582819376280937e-01
3.989774888704974209e+00,-5.106402159237956262e+00,2.370789991807133179e-01
3.987578071761600729e+00,-5.104879209247711103e+00,3.765524656041564777e-02
3.985796558405980239e+00,-5.103053930444553465e+00,-1.716920319270035522e-01
3.984167949693932176e+00,-5.100547366547655059e+00,-3.831198189784312813e-01
3.982869802088249589e+00,-5.097998582152879266e+00,-5.954103977441208562e-01
3.982571359749015993e+00,-5.090700269517606458e+00,-6.968048074592186891e-01
3.943445714591882645e+00,-5.047937823613768415e+00,-7.046562887386436103e-01
3.945275125514327019e+00,-5.045962568508654655e+00,-4.481201911951396832e-01
3.946146284469988164e+00,-5.044237571271121823e+00,-2.003864925087464888e-01
3.947119083979163001e+00,-5.048593675767532929e+00,-6.192341096382757842e-02
3.948009491778420976e+00,-5.052878230422976458e+00,7.143787152949744590e-02
3.949027497577396240e+00,-5.055447880513795234e+00,2.331778341102793417e-01
3.950191323638143182e+00,-5.057703993589309555e+00,3.940385177433881059e-01
3.951437439906573701e+00,-5.060015364025764129e+00,5.577453701400145736e-01
4.032963962451715290e+00,-5.002761161927134381e+00,6.153825582671056393e-01
4.113602109499610471e+00,-4.948210318647686456e+00,7.824670218689707690e-01
4.115968274626420786e+00,-4.949045292736026447e+00,9.653456290076769530e-01
4.118182872500788960e+00,-4.949031198720724056e+00,1.148889514406164603e+00
4.117022756000979555e+00,-4.949285349780477183e+00,1.364458227493275499e+00
4.115625848890499761e+00,-4.948898919353521109e+00,1.575000996628726169e+00
4.116948832984747675e+00,-4.947663996840834244e+00,1.759961684562230344e+00
4.118006876248110792e+00,-4.946776397618953602e+00,1.942237746048826486e+00
4.118061006181655159e+00,-4.945906174812123801e+00,2.059933696991254504e+00
4.118366845914697372e+00,-4.947797494613786817e+00,1.926966136930355677e+00
4.121522576854377284e+00,-4.946144625332872913e+00,2.068670235355398290e+00
4.120788142924404873e+00,-4.943428209703808029e+00,2.256795289953416717e+00
4.056133648269144132e+00,-4.865210879535419863e+00,2.265798700010532407e+00
3.997878047678640190e+00,-4.792578726757922958e+00,2.221149737114955780e+00
3.984157387172802878e+00,-4.775533283298936560e+00,2.402183862728143549e+00
3.967750758384774201e+00,-4.762063544703379669e+00,2.306021358104526797e+00
3.967467931044194263e+00,-4.762583369990369242e+00,2.302564047150913229e+00
3.966345800741257310e+00,-4.760397244600813593e+00,2.489636321163390065e+00
3.964795967987701619e+00,-4.757908162064720337e+00,2.676917717994373724e+00
3.963743829675315578e+00,-4.757480385818114499e+00,2.637915258814454322e+00
3.934535181034910067e+00,-4.737801020686132958e+00,2.644341378691904332e+00
3.932548799924523220e+00,-4.735656513749533225e+00,2.831983659560131095e+00
3.930532540672443620e+00,-4.733541343790220068e+00,3.016368513474469992e+00
3.929186586824012117e+00,-4.731824030944133064e+00,-3.077279227097676095e+00
3.927158766103203913e+00,-4.730174652735679608e+00,-2.896023073014390992e+00
3.925096779430044869e+00,-4.728262947996060284e+00,-2.710385957332948959e+00
3.923197550633467756e+00,-4.726555994875868194e+00,-2.517124143410046422e+00
3.920810195376262186e+00,-4.725096609771335388e+00,-2.324094399758882545e+00
3.918349740801370107e+00,-4.724154520026360160e+00,-2.139359594487924010e+00
3.915510177328235919e+00,-4.723988275457999819e+00,-1.936357266455367876e+00
3.913153666198342151e+00,-4.724494369504647295e+00,-1.749515420773468222e+00
3.910845939598947218e+00,-4.725087409258454940e+00,-1.572654012090896058e+00
3.908686790495769170e+00,-4.726332475088947938e+00,-1.389325497536481935e+00
3.907110024462300490e+00,-4.727389232862482693e+00,-1.204159356137224357e+00
3.905997360102397398e+00,-4.729074146032375303e+00,-9.909279076629737837e-01
3.904960897066980241e+00,-4.730803737706610335e+00,-7.877857423842052897e-01
3.904854145733843040e+00,-4.732325293145303924e+00,-6.025541012170394506e-01
3.905086563716444026e+00,-4.733807153997887873e+00,-4.189186859643937444e-01
3.905441177498062633e+00,-4.735378508010175125e+00,-2.354561085233014273e-01
3.906156186845001876e+00,-4.737055559452453934e+00,-3.170822195504771623e-02
3.906955730823689077e+00,-4.738124581381340406e+00,1.525821175411694597e-01
3.908096173824929576e+00,-4.739151162839770670e+00,3.347733103760912043e-01
3.909125149146598144e+00,-4.739871362334471705e+00,5.181615598312216964e-01
3.910607497951049449e+00,-4.741247962454046672e+00,6.957357215878678947e-01
3.912323123743263409e+00,-4.742368657606342630e+00,8.682091149849894274e-01
3.924276338105417761e+00,-4.751419947141568123e+00,9.222987639598150267e-01
3.910590307770118290e+00,-4.741155479696545605e+00,1.255676481636907482e+00
3.912519434547576669e+00,-4.740361583862209294e+00,1.441285691801921454e+00
3.913847618428835773e+00,-4.738741985241373911e+00,1.626052701988871307e+00
3.914877062117816831e+00,-4.736960969331296845e+00,1.809003964390599961e+00
3.915432385480298372e+00,-4.734796876883827998e+00,1.995214707427752421e+00
3.915461001638639971e+00,-4.732845903382928654e+00,2.169853638193655065e+00
3.915381984146574901e+00,-4.730548185898589608e+00,2.355057876762133517e+00
3.841464992548731416e+00,-4.663091858248664678e+00,2.352891379772866554e+00
3.765392987203228348e+00,-4.586198977881561945e+00,2.351390575876988187e+00
3.693837099913323652e+00,-4.514199156094039544e+00,2.353604932164349517e+00
3.620348484945822065e+00,-4.439940477113254680e+00,2.351564499324293678e+00
3.548951735484667136e+00,-4.368141544282185151e+00,2.353219211743587724e+00
3.490017772142075980e+00,-4.315158702452496442e+00,2.313699628348339310e+00
3.491735879846183277e+00,-4.314212930019086123e+00,1.983904222628737113e+00
3.490704441551412796e+00,-4.314949385215991029e+00,1.769193392890524796e+00
3.488897755340333973e+00,-4.316312649936413948e+00,1.597743340445357152e+00
3.486610399512280800e+00,-4.317381767320671138e+00,1.421615049993006474e+00
3.483440945198969185e+00,-4.317854866070453213e+00,1.262753620975919366e+00
3.480522429029695886e+00,-4.318610768142218781e+00,1.090007447042750766e+00
3.477833404938142081e+00,-4.317993117906483214e+00,1.076888531771243995e+00
3.479509991019834825e+00,-4.317134365969171661e+00,1.268617099422325367e+00
3.480978070859074514e+00,-4.315767706845146989e+00,1.454341561571099062e+00
3.481990539091618597e+00,-4.315198914860334689e+00,1.638970516606371275e+00
3.482494302742647818e+00,-4.313669010101434331e+00,1.824544257701369965e+00
3.481730443813857434e+00,-4.312423768448911510e+00,2.051472055495900282e+00
3.474453074798206753e+00,-4.294903461855954951e+00,2.091455623720176238e+00
3.472121288346143420e+00,-4.293124788920711588e+00,2.345694725349207310e+00
3.471712083537538795e+00,-4.290613500305746619e+00,2.515141451101861492e+00
3.400360495088467161e+00,-4.245100965969852425e+00,2.509106909595845369e+00
3.400201580713457794e+00,-4.246351945424218677e+00,2.315132024470063943e+00
3.399418466860145482e+00,-4.248321906779736423e+00,2.109445702950501378e+00
3.397916637660539418e+00,-4.249712189331028789e+00,1.885312180768242918e+00
3.395678885215237308e+00,-4.251237966293794024e+00,1.669082795969861976e+00
3.393416553859169849e+00,-4.252039156324887159e+00,1.451935454226409350e+00
3.389898021391573035e+00,-4.253030721042212470e+00,1.269936354056847572e+00
3.385501164897024573e+00,-4.252168920230158022e+00,1.103643709877118795e+00
3.368350608578420502e+00,-4.285213256743523047e+00,1.265219464658620119e+00
3.369797385411163138e+00,-4.284327316269321173e+00,1.441337390823702602e+00
3.371010213906595610e+00,-4.283418027202350764e+00,1.614650781104417954e+00
3.372237026496596179e+00,-4.281935029473242338e+00,1.789983253574236821e+00
3.373118115634388126e+00,-4.279990903921524037e+00,1.956806153964494310e+00
3.373524003126783022e+00,-4.278090777348116269e+00,2.120762128062595231e+00
3.373653688306421650e+00,-4.275372222737043870e+00,2.266356897391593517e+00
3.323720662092811473e+00,-4.225539565876474946e+00,2.259749062526371866e+00
3.325007981761110010e+00,-4.225711115844581478e+00,1.974126636727683293e+00
3.323448649883256056e+00,-4.226673385024829699e+00,1.795108436258454399e+00
3.321348627422066269e+00,-4.227450247516300053e+00,1.611644000014830436e+00
3.319148847272446190e+00,-4.228105008095181638e+00,1.427163966543922635e+00
3.316779999522004196e+00,-4.228076771829877956e+00,1.241213323559944737e+00
3.314379185225031943e+00,-4.227613487230252431e+00,1.056959667201097020e+00
3.312046405930404891e+00,-4.226841098429970245e+00,8.761073134001731155e-01
3.339451256150029579e+00,-4.193184401436534259e+00,9.521953778450326089e-01
3.341357034780314983e+00,-4.192251065518930453e+00,1.139504393786338277e+00
3.343092259402328459e+00,-4.191173631969425273e+00,1.318211947006242113e+00
3.344173863207511310e+00,-4.189574147771204515e+00,1.488322740339159012e+00
3.344991621573316642e+00,-4.188072189666702805e+00,1.663463319531389262e+00
3.345635633969505918e+00,-4.186444799747256695e+00,1.836352505198983298e+00
3.342397237252336506e+00,-4.186611763502967598e+00,2.160500071478663742e+00
3.276179639047224867e+00,-4.108709837607229076e+00,2.236996098666245825e+00
3.210615260271369120e+00,-4.026580236534674562e+00,2.240146416031881582e+00
3.148572112465227057e+00,-3.942578468212858400e+00,2.242919995467993033e+00
3.084453863149227537e+00,-3.865643134767944744e+00,2.279353891453395953e+00
3.019282579584105175e+00,-3.789375364147797853e+00,2.283356322927267090e+00
2.954974576824717758e+00,-3.713531987789306488e+00,2.288066684831248754e+00
2.884972582482733472e+00,-3.646404241944332103e+00,2.271382458755422551e+00
2.887439305805736378e+00,-3.644918833433589356e+00,1.996280585702903343e+00
2.887068435156971091e+00,-3.645524387100735897e+00,1.777797166346153146e+00
2.885440670226481874e+00,-3.647223239451425236e+00,1.590309932760563649e+00
2.883299792905755332e+00,-3.649056030722259258e+00,1.402220992093478502e+00
2.881026982933123648e+00,-3.650128734739104708e+00,1.218582210252967979e+00
2.878566462152698069e+00,-3.650652044982975575e+00,1.040772499919080607e+00
2.875623423515663468e+00,-3.650578631106037975e+00,8.529022477996143214e-01
2.806660299940695769e+00,-3.721160728253066541e+00,8.146122114608190801e-01
2.814279779221346089e+00,-3.712197325265239378e+00,9.824131130214212027e-01
2.822405208584048086e+00,-3.699847941632011139e+00,1.157158652916589814e+00
2.828847786162412170e+00,-3.684752817034259387e+00,1.330177263464141113e+00
2.832999468565627232e+00,-3.665044100111539915e+00,1.505845746654340678e+00
2.833926617950631499e+00,-3.650608791621509752e+00,1.678156640195434868e+00
2.832904302876665614e+00,-3.631262369758428310e+00,1.830145410131275074e+00
2.826878187818773647e+00,-3.613290408336577109e+00,2.014595559581882966e+00
2.816747198820533704e+00,-3.601011544280318777e+00,2.257183539359775892e+00
2.747456893392806521e+00,-3.529464917883977204e+00,2.334461138264982250e+00
2.694984863426881372e+00,-3.464701423253520929e+00,2.374965877281599358e+00
2.689821027372698570e+00,-3.468554401337637039e+00,2.644916291045078971e+00
2.686556800039952453e+00,-3.468986161311863992e+00,2.861004222059853497e+00
2.684334415409391994e+00,-3.466744964614988156e+00,3.036430946419413246e+00
2.682087744296039578e+00,-3.464872160482975083e+00,-3.079967521560276644e+00
2.679166058181088772e+00,-3.467970469585950788e+00,-2.837599772427374489e+00
2.674884533370962547e+00,-3.460576638704291330e+00,-2.738416801570669801e+00
2.671850027177306686e+00,-3.459431846152903667e+00,-2.555999079245307115e+00
2.648717073386336995e+00,-3.476089868696645713e+00,-2.398996797742889875e+00
2.599418883339551734e+00,-3.516184681358224484e+00,-2.228952610899157083e+00
2.596337774521853881e+00,-3.516035977385589817e+00,-2.054968268322337810e+00
2.593094484964499902e+00,-3.516505337547471299e+00,-1.868274823678847563e+00
2.590181989018085940e+00,-3.516954728540416131e+00,-1.694348078988524353e+00
2.587314121004935963e+00,-3.518075878682700885e+00,-1.512781264123034708e+00
2.585017044687592414e+00,-3.519851165677991389e+00,-1.327344831606168896e+00
2.583013894878622096e+00,-3.521114071056063555e+00,-1.152195977021998052e+00
2.603397112648982326e+00,-3.570082256586612601e+00,-9.832783775419300376e-01
2.602362422769934902e+00,-3.572154545256514435e+00,-7.957527427558293009e-01
2.601683231997411472e+00,-3.573707974140513333e+00,-6.078601519835949984e-01
2.601299171409716227e+00,-3.575626084601106314e+00,-4.236139417166859267e-01
2.600762894623494859e+00,-3.577345013024236131e+00,-2.472907512396317065e-01
2.600868141406862843e+00,-3.578997439493758925e+00,-6.230392322939838634e-02
2.601119381652427620e+00,-3.580522536099580933e+00,1.271700782469787072e-01
2.597281108673648031e+00,-3.580341657719146475e+00,2.174014909399784867e-01
2.594012152626960166e+00,-3.578926153243057406e+00,3.478941701709126894e-02
2.591568599712445575e+00,-3.577180176608169671e+00,-1.389176243395155441e-01
2.588869984475555608e+00,-3.574886141095955594e+00,-3.217663473299294807e-01
2.586464477559655251e+00,-3.572763363142620996e+00,-4.969726756039219984e-01
2.584421927516268980e+00,-3.570310075150603613e+00,-6.772879981743046285e-01
2.582743724951636288e+00,-3.567478963343893916e+00,-8.488520242210551014e-01
2.638588479829001798e+00,-3.644417885215454511e+00,-8.070594649075079063e-01
2.690931442489668868e+00,-3.695287237340317610e+00,-7.336777956858142602e-01
2.691335402830805190e+00,-3.698535069982364920e+00,-5.483898985268269577e-01
2.692621911851533323e+00,-3.701177213017551537e+00,-3.695431395085976845e-01
2.693893988925775140e+00,-3.703728247279198804e+00,-1.896246635920326162e-01
2.695520031045049336e+00,-3.706391409534099068e+00,-4.298070281060005320e-03
2.697279117587821684e+00,-3.708810226924632580e+00,1.852810625459955784e-01
2.699359530148367714e+00,-3.710996003759936546e+00,3.758456907662668378e-01
2.701382765789695384e+00,-3.712785668877685463e+00,5.539438871094602979e-01
2.703487937983188427e+00,-3.714215522657336344e+00,7.390478959218201860e-01
2.704007741480619842e+00,-3.718054205553200209e+00,7.407333607792476737e-01
2.701845998204456034e+00,-3.718255031162454927e+00,5.571508385712642397e-01
2.699893119043704992e+00,-3.718137632429927120e+00,3.792872638545983777e-01
2.697532018042925639e+00,-3.717571707157577343e+00,1.971828635260295670e-01
2.695451760701861321e+00,-3.716662273826593754e+00,1.377275446297321002e-02
2.693729568617694081e+00,-3.715810903860473413e+00,-1.684540188180913556e-01
2.692412153767118621e+00,-3.714846548732150922e+00,-3.469017172361948398e-01
2.691363929741994898e+00,-3.713547084467372805e+00,-5.192706799935294937e-01
2.690236718849816189e+00,-3.711776439870607014e+00,-7.065888340639933096e-01
2.770054890467995801e+00,-3.781215441631518015e+00,-6.917339399597339789e-01
2.849489710458392278e+00,-3.848652382194425403e+00,-6.845753775327383384e-01
2.921503474888726082e+00,-3.911484867886247496e+00,-4.813172610776279559e-01
2.922101479611761032e+00,-3.914018474904096490e+00,-2.958677153787761527e-01
2.922962375991108086e+00,-3.916547110088701711e+00,-1.085002242158222552e-01
2.926130933651608146e+00,-3.921635982085381666e+00,4.499071412469642789e-02
2.928175143199041042e+00,-3.925192739836378841e+00,2.364643348011691015e-01
2.930650136485160040e+00,-3.928353160185910742e+00,4.303063608946448571e-01
2.932818509245048055e+00,-3.931012640205674202e+00,6.035832737635978829e-01
2.936983912356741389e+00,-3.934522500265090983e+00,7.664268119949982916e-01
2.939906733427981589e+00,-3.936942624247772304e+00,9.402159185853425916e-01
2.943184582241467950e+00,-3.938452355069777422e+00,1.112477188685452534e+00
2.947505200211024246e+00,-3.942073882398341667e+00,1.280128937328020911e+00
2.949584362135403648e+00,-3.945860246308840580e+00,1.238123313284794191e+00
2.948719897413076829e+00,-3.947558067300533491e+00,1.050305035148640931e+00
2.947086389697489928e+00,-3.948371395601255607e+00,8.593736940772414012e-01
2.945069781743286708e+00,-3.949031650762880208e+00,6.480214340035362897e-01
2.944030870299331415e+00,-3.948612903315126044e+00,4.625811314476519498e-01
2.942909573205344298e+00,-3.947642896912856081e+00,2.543723099550741495e-01
2.941965212398961693e+00,-3.946836671615614467e+00,5.944719680088077912e-02
2.941441631488260100e+00,-3.945585758017497113e+00,-1.516648618080460864e-01
2.940990456686952026e+00,-3.944100412017734314e+00,-3.623694683395935479e-01
2.941132431104925615e+00,-3.943109456407465352e+00,-5.578522451114192870e-01
3.018098757749631655e+00,-4.006584458861891740e+00,-6.926391908302259592e-01
3.099527469265721091e+00,-4.075035915565038636e+00,-6.923951184985973617e-01
3.180638908893829608e+00,-4.143748192721092849e+00,-6.915196287266004438e-01
3.260430563871457466e+00,-4.210608556443067307e+00,-6.876047187366430835e-01
3.338314365099869896e+00,-4.276059282845293907e+00,-6.825795036221109502e-01
3.422860452124212305e+00,-4.345703980068241989e+00,-6.755882608838332803e-01
3.507148118397565018e+00,-4.413240052951696413e+00,-6.760652159707213338e-01
3.592011366862302602e+00,-4.481606218847600687e+00,-6.775258207249236220e-01
3.656719756754557515e+00,-4.533102537969448953e+00,-5.548459335849034169e-01
3.658697761390417913e+00,-4.536316400430942863e+00,-3.528132962943260620e-01
3.660307025004641002e+00,-4.538967124384695850e+00,-1.760664188820243725e-01
3.662414378049702268e+00,-4.541666491150888163e+00,1.304712010503359873e-02
3.664956971201707159e+00,-4.544147869993091504e+00,1.958412951486525333e-01
3.668168217312225199e+00,-4.546904804386036503e+00,4.149624022529428968e-01
3.670993086107758874e+00,-4.549234689525570197e+00,6.235088307357499193e-01
3.674306726610302665e+00,-4.551257224933879186e+00,8.419835764459425720e-01
3.677297499150539384e+00,-4.552270073618279511e+00,1.020052543481881235e+00
3.680873401579079385e+00,-4.552906855760958216e+00,1.249998420401270183e+00
3.684426326185756384e+00,-4.553126569720120642e+00,1.509693352093235852e+00
3.686875472822482180e+00,-4.552764985661968744e+00,1.682026906127947363e+00
3.688856344815436117e+00,-4.552025595449896933e+00,1.856005419740996754e+00
3.694049052955540979e+00,-4.553290005890587189e+00,1.939102834437804290e+00
3.695407768338324850e+00,-4.556758948345859039e+00,1.750821904427021458e+00
3.695132937197166179e+00,-4.559144375848697806e+00,1.534916072286007793e+00
3.694343205057090795e+00,-4.560668879042380830e+00,1.349303024403712081e+00
3.693306551415818539e+00,-4.562124611439213773e+00,1.149215861579803821e+00
3.691755832721388408e+00,-4.562771653606043643e+00,9.503991131035480766e-01
3.690297216231425370e+00,-4.563450591860995331e+00,7.517032488030180870e-01
3.688771367592230011e+00,-4.563139750068376799e+00,5.326069036680758373e-01
3.687778173158613448e+00,-4.560237611784977219e+00,4.082220366618176111e-01
3.687081256815982311e+00,-4.559363151005594972e+00,2.271159202691809265e-01
3.685973654281128109e+00,-4.558740642673705601e+00,5.102783624375143573e-02
3.684922370435599337e+00,-4.558821484382788114e+00,-1.152198364371162381e-01
3.684624381437868301e+00,-4.560115152479403022e+00,-3.385905345418849799e-01
3.685009037645996077e+00,-4.561084555826692366e+00,-5.395911225622739282e-01
3.686005087350226361e+00,-4.562906709351450374e+00,-7.485651981959436929e-01
3.760378437156399301e+00,-4.639425060224294128e+00,-7.655648057599369061e-01
3.840994348835261807e+00,-4.717403616050609649e+00,-7.421024208756034080e-01
3.924370664358969307e+00,-4.796166245411947138e+00,-7.886639039572871379e-01
3.994897216931760031e+00,-4.873170858402763095e+00,-8.190538202449608729e-01
4.040214737393983846e+00,-4.929179049938333002e+00,-6.662132259931778933e-01
4.042810690896159187e+00,-4.924414419102420837e+00,-3.520261520411965828e-01
4.044271455824448580e+00,-4.928887439272608084e+00,-1.774023031743194312e-01
4.148160812134983999e+00,-4.950612618452786329e+00,-8.848615912682382401e-02
4.165324436314880252e+00,-4.954656170818016570e+00,-2.633072371922438593e-01
4.165482917310340483e+00,-4.955805777972660309e+00,-4.515458128534350912e-01
4.165933975976619408e+00,-4.956702055979201660e+00,-6.230135072456157719e-01
4.256334189596498341e+00,-5.031264989569180557e+00,-6.623402499457963222e-01
4.347151857216642767e+00,-5.105406267466534587e+00,-6.663164120856199801e-01
4.440828900884034702e+00,-5.182575714786761267e+00,-6.606122719889118144e-01
4.538068173677235251e+00,-5.262778822940354928e+00,-6.718761576153469139e-01
4.619756527864562479e+00,-5.467378278829480465e+00,-6.156866001995183607e-02
4.635797536132355567e+00,-5.461182150877987418e+00,5.223662910168563878e-01
4.649821242888734218e+00,-5.456126081922583637e+00,1.041715866661920176e+00
4.663474325433300649e+00,-5.451570846401678772e+00,1.558858481488058834e+00
4.677426446377558555e+00,-5.447818487120401620e+00,2.079055327922412655e+00
4.692068160809107269e+00,-5.444848161446379287e+00,2.595769036396443408e+00
4.707396104866182540e+00,-5.442437154830119361e+00,3.113280201587715457e+00
4.723639859728132606e+00,-5.439880217919631278e+00,-2.654211858212563779e+00
4.671466116327943396e+00,-5.387306182705065005e+00,-2.460316237279933205e+00
4.500562098285241674e+00,-5.400137420207316019e+00,-2.132012023546043800e+00
4.417243114617569688e+00,-5.472108916727449923e+00,-2.105453044880276625e+00
4.449061022077273719e+00,-5.506610095451359932e+00,-2.228593969608864356e+00
4.400964456785036560e+00,-5.566666857022490866e+00,-2.331383722355841570e+00
4.403651607184912997e+00,-5.563122314922242850e+00,-2.559415333974280671e+00
4.406603599738692978e+00,-5.561396472001023383e+00,-2.802552583958889620e+00
4.408974770632901219e+00,-5.560776157149917687e+00,-3.058536029025070935e+00
4.410139937737565852e+00,-5.562615807646994703e+00,2.978374953924450175e+00
4.410736825507958869e+00,-5.564173495499050048e+00,2.799135510896495482e+00
4.411143714786715186e+00,-5.566071046485502549e+00,2.607451525302666884e+00
4.411261652240463960e+00,-5.568499967438991227e+00,2.390708525338789858e+00
4.411095640654347783e+00,-5.570204509491184730e+00,2.204092905436983774e+00
4.410364743287849443e+00,-5.572015252547146247e+00,2.021149732481461125e+00
4.408484875466037956e+00,-5.573604780549129778e+00,1.804595312134021912e+00
4.406686541907814281e+00,-5.575137291907092063e+00,1.620747571928263797e+00
4.404542154900756401e+00,-5.576393333815334863e+00,1.434118068955490433e+00
4.402853569036361492e+00,-5.576668386333127003e+00,1.247599897778158162e+00
4.400157539058005440e+00,-5.577007840818290596e+00,1.028922716311476471e+00
4.397810822384904839e+00,-5.576592479072341568e+00,8.438605516007205987e-01
4.395780064421276556e+00,-5.575821922870788150e+00,6.582506884347356646e-01
4.393989250507194910e+00,-5.574113870905099688e+00,4.706392215591575501e-01
4.392061593837641276e+00,-5.572420506828492215e+00,2.877940403552184390e-01
4.390158622598940852e+00,-5.570309331398775043e+00,7.222395822792342102e-02
4.388840283571561862e+00,-5.568373662432820836e+00,-1.140888524221210509e-01
4.387588104227783781e+00,-5.566599939520362916e+00,-2.981269728914523465e-01
4.386452880264935850e+00,-5.564455590570234200e+00,-5.117238650408210132e-01
4.385982933746410239e+00,-5.562058086592781336e+00,-6.999627507820738170e-01
4.385800074940559234e+00,-5.560154759667820024e+00,-8.876749208485558151e-01
4.386407212233760511e+00,-5.558449588791443574e+00,-1.074173592682432066e+00
4.387145074443215442e+00,-5.556567926335073793e+00,-1.288220063074455135e+00
4.388519292907507641e+00,-5.554905420240094038e+00,-1.474117240965068909e+00
4.390247874228931479e+00,-5.553843132760532875e+00,-1.659806801724738268e+00
4.391985067443291868e+00,-5.553135374077122322e+00,-1.844866922148902910e+00
4.394373057183480924e+00,-5.553102893862000400e+00,-2.061770342224840125e+00
4.396653365272344516e+00,-5.553319663861449484e+00,-2.246153375460562707e+00
4.398532990615112048e+00,-5.553760049356363915e+00,-2.428687772797640143e+00
4.400444451036311655e+00,-5.554765044562401499e+00,-2.616065801622899034e+00
4.402466378910897760e+00,-5.556223711896985051e+00,-2.833592982876311783e+00
4.403620949503238791e+00,-5.558316013834000202e+00,-3.020454077215777744e+00
4.404908740854999394e+00,-5.559986658947268623e+00,3.075477747007295815e+00
4.406608269170567915e+00,-5.563128098361397100e+00,2.864746843877040483e+00
4.404798874810649245e+00,-5.576216859050228791e+00,2.779236608939816833e+00
4.406106413938386090e+00,-5.570751800470482351e+00,2.531107750908684562e+00
4.405809274637761952e+00,-5.573731420714794105e+00,2.357032107278209665e+00
4.405554515796289650e+00,-5.576849282307837719e+00,2.185299333378642128e+00
4.404717021253580000e+00,-5.579834387310352639e+00,2.013424819535296617e+00
4.403081038107255374e+00,-5.582666006781420442e+00,1.838370546197193089e+00
4.403175988799596929e+00,-5.584271311510985214e+00,1.915809617410941357e+00
4.403656967656589316e+00,-5.584001039835865043e+00,2.105851876426913627e+00
4.403375226498234873e+00,-5.583648054895383517e+00,2.294362027429816209e+00
4.403126839907084644e+00,-5.582992082871305328e+00,2.478665995498925856e+00
4.402733548178883183e+00,-5.582372724026702038e+00,2.662143868273205705e+00
4.402158417069347962e+00,-5.581376604814808573e+00,2.840859207879113946e+00
4.401333978934894198e+00,-5.580158667895206648e+00,3.027236673827461644e+00
4.398579396518202955e+00,-5.576685937851387997e+00,-3.090925803132237082e+00
4.395825004223835819e+00,-5.572728760417833271e+00,-2.917213333938192932e+00
4.392987267387978179e+00,-5.569315968693359764e+00,-2.749807253986105149e+00
4.389973684522162856e+00,-5.566191973855118214e+00,-2.578445121461599321e+00
4.386990413015630530e+00,-5.563501975527210597e+00,-2.417320754032912244e+00
4.383274040351564871e+00,-5.560957746272521263e+00,-2.216365823518271050e+00
4.379791538423806863e+00,-5.558987751913115005e+00,-2.025565675010791100e+00
4.376500770319752931e+00,-5.557457332471699374e+00,-1.845942454845419745e+00
4.372894005574051057e+00,-5.556567113179900375e+00,-1.653752371881490379e+00
4.371598278565762996e+00,-5.557961482099384121e+00,-1.456836743293022929e+00
4.370935167778396746e+00,-5.559615399816413728e+00,-1.244933944110309776e+00
4.370877862340865505e+00,-5.561356716328682559e+00,-1.049107778305242711e+00
4.371187356204335295e+00,-5.563763896488793215e+00,-8.335563010668489703e-01
4.371756988128309374e+00,-5.566226735635707357e+00,-6.357605949147892010e-01
4.373088939460890501e+00,-5.568715177413606554e+00,-4.232478257050827919e-01
4.374528903489832032e+00,-5.571037545866976970e+00,-2.272362745267243744e-01
4.376199217006681685e+00,-5.573407370107029912e+00,-1.573418246459117043e-02
4.378030561714485458e+00,-5.575543937223841340e+00,1.799353939247311795e-01
4.380373369639656289e+00,-5.577600692296239338e+00,3.929854150871444074e-01
4.382676612049685616e+00,-5.579473591063953464e+00,5.884476462885985804e-01
4.385385285670351685e+00,-5.580774280168306234e+00,8.019448148610536231e-01
4.388095574374760055e+00,-5.581548787604807771e+00,9.976734553256556559e-01
4.391309343734347337e+00,-5.581932722047330486e+00,1.210348710235115144e+00
4.394341330947849400e+00,-5.581567261745147945e+00,1.424458555529056536e+00
4.396851223451164969e+00,-5.580907889758753626e+00,1.616381112000663478e+00
4.399922407035500527e+00,-5.579509062936273800e+00,1.850294850820379366e+00
4.401943999266788587e+00,-5.577950327819489296e+00,2.070465032206562306e+00
4.402890632872827226e+00,-5.576299525491609899e+00,2.260256488822552257e+00
4.403575350203477790e+00,-5.574510237598243378e+00,2.458104760602736860e+00
4.403609455229244851e+00,-5.572503384815942873e+00,2.646284236916721433e+00
4.406177162451215601e+00,-5.555908334459650710e+00,2.702428395894527657e+00
4.404713997783084700e+00,-5.567094232928071484e+00,3.002908378932567679e+00
4.402453388801043310e+00,-5.563769386232018554e+00,-3.106791518842585642e+00
4.400348674187215536e+00,-5.560453280722348346e+00,-2.933659543203777975e+00
4.398009868519543453e+00,-5.557191185985602466e+00,-2.757237841163853176e+00
4.395613750634113970e+00,-5.554478114542003908e+00,-2.565349815792990817e+00
4.392859396565239827e+00,-5.552358181717942820e+00,-2.361466169382174574e+00
4.390194562127248012e+00,-5.550504271289065983e+00,-2.176324149626616578e+00
4.387362416154559241e+00,-5.549429467440271324e+00,-1.975459734702954551e+00
4.386796331544826621e+00,-5.549186415741002243e+00,-1.756568107311354598e+00
4.389330689977920308e+00,-5.548818453636840786e+00,-1.800510492636513193e+00
4.386245868166414930e+00,-5.547097499767033923e+00,-2.029312370933230358e+00
4.390280243024117901e+00,-5.544702349925838547e+00,-2.193429848234913493e+00
4.393862825981542208e+00,-5.542943216904101966e+00,-2.354032374588604259e+00
4.397318665910773916e+00,-5.541435322720355217e+00,-2.552758920135725251e+00
4.400053413719118289e+00,-5.539986254538182386e+00,-2.740371519408761447e+00
4.402458450885592178e+00,-5.540006774592644234e+00,-2.930485026863093090e+00
4.404183987164103087e+00,-5.540223149253701074e+00,-3.105060114493911172e+00
4.405788696150318984e+00,-5.540497895411764517e+00,3.008227590374097371e+00
4.407314615884613929e+00,-5.540759191632429470e+00,2.825172719711968927e+00
4.408540891266286899e+00,-5.544416154667859864e+00,2.762874948762496619e+00
4.408196147163724099e+00,-5.546392152672309450e+00,2.994327763153201261e+00
4.407053088635054294e+00,-5.543032641818329331e+00,-3.094821133129543878e+00
4.403224598774023946e+00,-5.527365843051444294e+00,-3.005011126509481212e+00
4.394496875380345280e+00,-5.522097884977746673e+00,-2.827718781643642654e+00
4.387244902641890043e+00,-5.517482672928394116e+00,-2.651682550405381367e+00
4.380129701115690999e+00,-5.513420888703410405e+00,-2.481484705200278196e+00
4.372587849434340868e+00,-5.508909973007629191e+00,-2.288778554861899295e+00
4.365947688378305713e+00,-5.505477838103574051e+00,-2.088492517092172207e+00
4.301827168830737236e+00,-5.570313810431020585e+00,-1.913519734877057843e+00
4.294184580532069084e+00,-5.567029631757173469e+00,-1.729021431021409594e+00
4.286743342138754187e+00,-5.563944649748228777e+00,-1.549557483932009205e+00
4.265251274145626326e+00,-5.549921189478208561e+00,-1.626982851402512198e+00
4.262068767086874210e+00,-5.546047341022005028e+00,-1.814798565090815829e+00
4.259271180599233375e+00,-5.542415518890648762e+00,-1.999362427279546495e+00
4.256755950893859719e+00,-5.539282305321668431e+00,-2.178298085924122329e+00
4.248116879624376452e+00,-5.538792849784437422e+00,-2.330046305112683847e+00
4.167037681122804926e+00,-5.610555976137691303e+00,-2.300494645142419081e+00
4.088783221260092304e+00,-5.687543566126778138e+00,-2.288770536681666190e+00
4.026711642404775304e+00,-5.727308672694610969e+00,-2.190011925004974547e+00
4.008431128176752622e+00,-5.737067219356319470e+00,-1.956361648284682397e+00
3.991817790511438258e+00,-5.744894275330969080e+00,-1.841010002495617304e+00
3.975854460656854439e+00,-5.780683357609295747e+00,-1.647959258705034236e+00
3.984420996655706482e+00,-5.871454075125644323e+00,-1.549834092061586954e+00
4.002399336010679320e+00,-5.973677269750024443e+00,-1.437614276119344225e+00
4.010106257154680165e+00,-6.051150803259008448e+00,-1.591322247282767055e+00
4.007653368433766516e+00,-6.126650603107111515e+00,-1.708452745673948892e+00
3.999274687953044527e+00,-6.199502341397918670e+00,-1.842246351337935684e+00
4.000063822289797955e+00,-6.240403847578268604e+00,-1.993252966473842092e+00
4.006224390353302134e+00,-6.245090734809673805e+00,-2.244844334621795223e+00
4.011934200782977022e+00,-6.251961646553025886e+00,-2.477767742144543206e+00
4.018594641015753588e+00,-6.260594432495266481e+00,-2.674552164543998689e+00
4.024592748117409968e+00,-6.269514115958722655e+00,-2.862418457948650907e+00
4.030657557718906325e+00,-6.278505434147956699e+00,-3.048989878584262847e+00
4.037934629733380909e+00,-6.289249310299227069e+00,3.091342653036436960e+00
4.044934540501910369e+00,-6.299358436500711811e+00,2.952952642888071466e+00
4.050805213012519168e+00,-6.307589422384226374e+00,2.921583943884096257e+00
4.049963369778039279e+00,-6.306605949978617787e+00,3.079851694888955826e+00
4.048684160007186783e+00,-6.305247706348991343e+00,-3.039144526761877518e+00
4.046959329447418874e+00,-6.304222866031985006e+00,-2.886968258081741290e+00
4.045661654534655760e+00,-6.302932372727956256e+00,-2.726399340466143517e+00
4.046536864324657756e+00,-6.306294742174889834e+00,-2.441131604856872084e+00
4.043835861682239852e+00,-6.304407911467428960e+00,-2.336766707164819934e+00
4.025317218588253532e+00,-6.323078945070689905e+00,-2.250132335556074281e+00
4.019713048054525117e+00,-6.331030726256729579e+00,-2.041997475228261472e+00
4.015439890038996928e+00,-6.340381944516106039e+00,-1.836255224914525419e+00
3.994900202515128562e+00,-6.445099041733632461e+00,-1.708074912917451060e+00
3.981867070199386571e+00,-6.541478343833409426e+00,-1.522732228614052552e+00
3.981178000539825845e+00,-6.545408842465055166e+00,-1.318101062330503170e+00
4.009175424639644270e+00,-6.649225647707965869e+00,-1.306664200932081688e+00
4.034006726700124723e+00,-6.756510991261026611e+00,-1.326391148025593880e+00
4.042328189603828115e+00,-6.826948446959958616e+00,-1.271255599130014735e+00
4.046523427210506618e+00,-6.828570370022877256e+00,-8.865037840551884818e-01
4.045468221888896210e+00,-6.833553410644873871e+00,-7.313615586516548639e-01
4.109822174519113247e+00,-6.898081196747487986e+00,-7.218141412760603615e-01
4.143341711647606118e+00,-6.932277479612089621e+00,-6.200060315276009204e-01
4.150372069351154991e+00,-6.935327299166181625e+00,-2.669640091930446935e-01
4.161038690804016227e+00,-6.953825678408817268e+00,-2.289294726710425776e-01
4.167428654475335392e+00,-6.961037334034058333e+00,-3.818157156767591764e-02
4.174163801408768748e+00,-6.967672162188242702e+00,1.522271256596723632e-01
4.176742139338560200e+00,-6.975535486059840196e+00,3.203609555343545634e-01
4.179386621154224990e+00,-6.983045687510990973e+00,4.839524851595594646e-01
4.184349908722707845e+00,-6.975228617175694978e+00,7.122752621934376194e-01
4.231679680704910851e+00,-6.931597381197701857e+00,8.783725650860126910e-01
4.288643548087664570e+00,-6.841859949153522358e+00,1.033258980415306061e+00
4.346214691599782576e+00,-6.747585231144476836e+00,1.034950204030709697e+00
4.403754121887697437e+00,-6.653701315398892646e+00,1.032998111169473265e+00
4.462625685725492453e+00,-6.557060212639393981e+00,1.032238631768942261e+00
4.529238009524720887e+00,-6.455639557349750923e+00,1.027427149132935424e+00
4.467506900995401153e+00,-6.420389247536829380e+00,8.323925158222990062e-01
4.568435539093629316e+00,-6.369813444693670945e+00,7.898913041606082652e-01
4.615609320201503607e+00,-6.358306955883263001e+00,5.247498122052585146e-01
4.641890944703972011e+00,-6.382464914049658766e+00,7.182459961096175904e-01
4.653061634461471030e+00,-6.391290549187790049e+00,5.921110565364984257e-01
4.677775982985170167e+00,-6.406983091263998453e+00,7.027809297268400313e-01
4.701134892757423245e+00,-6.420964641789606020e+00,8.447076539684059693e-01
4.725149458687395665e+00,-6.434955019888945138e+00,9.861039203620960425e-01
4.823580245455342030e+00,-6.382226984968208505e+00,1.055016382678104270e+00
4.899381639368395547e+00,-6.312819075793686174e+00,1.056881223116452162e+00
4.974610884485598739e+00,-6.237804415014167603e+00,1.145157018735936783e+00
5.042447700982978454e+00,-6.167217932718330076e+00,1.197697483921253303e+00
5.095226221997748439e+00,-6.104378562909042572e+00,1.448944524148553903e+00
5.132533817774699081e+00,-6.090912865634782847e+00,1.858058607895704872e+00
5.140815699534917904e+00,-6.113955363732946680e+00,1.862406455396959259e+00
5.148958885626181647e+00,-6.137518802043148369e+00,1.824638014031264355e+00
5.154816017062787026e+00,-6.156408814420839093e+00,1.765220411060562711e+00
5.160344776711274228e+00,-6.175482469837727528e+00,1.673261035814475939e+00
5.165853694089545201e+00,-6.194406781467817424e+00,1.594700265726848754e+00
5.171664117505950564e+00,-6.212804081511868581e+00,1.504346118659207754e+00
5.176754624692007312e+00,-6.231713028988756342e+00,1.373559744428100693e+00
5.181552604906246806e+00,-6.249535280270408499e+00,1.258926351145478018e+00
5.185921772471187907e+00,-6.267445418713382566e+00,1.151668851635340829e+00
5.245184014009862672e+00,-6.410950177305526410e+00,2.085032588927523634e+00
5.270629368432632411e+00,-6.410137935987660462e+00,1.939903630808966550e+00
5.294764528919595037e+00,-6.409305242618525966e+00,1.796719367913070631e+00
5.287476092910003089e+00,-6.417018082903179987e+00,1.905517913162849908e+00
5.280254249568660185e+00,-6.425066340842001900e+00,2.010731554109088215e+00
5.231533803094411184e+00,-6.338761145498127192e+00,2.442513557460997298e+00
5.145456342083340573e+00,-6.277280618683467317e+00,2.670974596751042096e+00
5.050055104747386281e+00,-6.237298928538876908e+00,2.867023043800881243e+00
4.943394803482261679e+00,-6.214883263183820894e+00,3.045847992062843179e+00
4.835986336903449256e+00,-6.211065595856137378e+00,-3.080961340517156533e+00
4.791319691139475978e+00,-6.221353676584053360e+00,-2.647673967898750647e+00
4.783959784987954933e+00,-6.226946870246482746e+00,-2.290121021517855571e+00
4.774614742315864468e+00,-6.234915199821651655e+00,-1.902337432259428640e+00
4.764072291185414088e+00,-6.242887174383747073e+00,-1.693148713763659829e+00
4.754261974597602247e+00,-6.255375695624374899e+00,-1.482962298054758765e+00
4.747159948970522514e+00,-6.378793241173058348e+00,-1.439547332769773869e+00
4.749905641823715108e+00,-6.459567310926738415e+00,-1.372161674171745060e+00
4.746252947251974774e+00,-6.456908651591294124e+00,-1.135606153922724681e+00
4.742782797024526431e+00,-6.454135244929418036e+00,-8.990761160655679207e-01
4.805164561734621920e+00,-6.525951807295666818e+00,-8.305461706976335901e-01
4.871037207539022695e+00,-6.601827177424489435e+00,-8.328785648752924375e-01
4.934925519842806807e+00,-6.679052476199427879e+00,-8.253129345904770542e-01
5.004501665683636524e+00,-6.762622105324584965e+00,-8.115622486763929277e-01
5.006746568116748008e+00,-6.787674015728511812e+00,-7.105216844647335162e-01
5.005827467564032851e+00,-6.790472768844264984e+00,-4.739061997571768492e-01
5.005508609089674543e+00,-6.792790547598496431e+00,-2.824140589034342397e-01
5.005218901634013839e+00,-6.795303071201670875e+00,-7.369981417019082215e-02
5.005466684495988972e+00,-6.797598301823952305e+00,1.127552936886433849e-01
5.005861505998143279e+00,-6.800444836958861039e+00,3.561662210884989355e-01
5.006460074709640828e+00,-6.802964509272411142e+00,5.777970526219264880e-01
4.972285221500163388e+00,-6.847655460656590698e+00,5.900077203810231152e-01
4.927919587301617277e+00,-6.877661370128064888e+00,6.345748682345024871e-01
4.939007545615845096e+00,-6.890844799287664912e+00,7.095214425975090444e-01
4.942756461841653959e+00,-6.869576927913370490e+00,8.715026361583042558e-01
4.962017358315125470e+00,-6.863085235622905955e+00,5.579651505817070367e-01
4.993562460035660067e+00,-6.835210022515586736e+00,5.583021386203161907e-01
5.016636710455944836e+00,-6.822356036864696271e+00,3.790941501644763956e-01
5.048574336839196874e+00,-6.813024412458478452e+00,2.134754434733240613e-01
5.150848333168628557e+00,-6.796959881098691980e+00,1.815601379483954558e-01
5.252577266613124074e+00,-6.778819392239479491e+00,1.974745366432580085e-01
5.339247864630790374e+00,-6.763571579871163308e+00,3.953257188505887032e-01
5.343224963506115088e+00,-6.765213010002065097e+00,5.717232715877625937e-01
5.347282087831147557e+00,-6.766220819555837984e+00,7.608675508141896637e-01
5.418387349404513387e+00,-6.692957721372324364e+00,8.431762377324709679e-01
5.490612301595663602e+00,-6.620091820413064987e+00,8.212516656578917607e-01
5.565346287531411029e+00,-6.548140281160995002e+00,8.136434116434808628e-01
5.642113738813408830e+00,-6.472698776557529676e+00,8.390598763687172612e-01
5.684907787112470245e+00,-6.453334881169477732e+00,9.266108310954500604e-01
5.683865491526869818e+00,-6.453463581082114153e+00,1.168685510737628164e+00
5.686999801553665357e+00,-6.455845458442222906e+00,1.348266325146022737e+00
5.689885594059701290e+00,-6.457761067114470066e+00,1.533140199631654932e+00
5.692798156004116983e+00,-6.459504748509037775e+00,1.738055653861856786e+00
5.695388885796096368e+00,-6.459654174452001740e+00,1.938320425690135407e+00
5.697370262857159418e+00,-6.459446966868423345e+00,2.139162116454606632e+00
5.699174713185223951e+00,-6.459938666391381368e+00,2.312098945937492100e+00
5.698613059362179101e+00,-6.459759254659761751e+00,2.514732512994547697e+00
5.705998007860641152e+00,-6.456378777025561178e+00,2.555809509862816409e+00
5.704971175208240375e+00,-6.455847521539136658e+00,2.755208027384815406e+00
5.703862723531310408e+00,-6.455348768278053484e+00,2.966675319144058687e+00
5.702225986681217940e+00,-6.454068869056177604e+00,-3.086845382396667947e+00
5.700481522079413388e+00,-6.453081793967953672e+00,-2.877163703194399069e+00
5.698923577949452479e+00,-6.452272915425434796e+00,-2.694509103754441526e+00
5.696984324533805655e+00,-6.451525150882740256e+00,-2.510289740278991211e+00
5.694757472008606491e+00,-6.451000152074725769e+00,-2.319357618439720436e+00
5.692093318982835548e+00,-6.450931469324164169e+00,-2.087276248254426481e+00
5.689379713816948403e+00,-6.451554625885525418e+00,-1.892132479404113221e+00
5.688827808674538744e+00,-6.453579076531923420e+00,-1.997853732037451646e+00
5.690026889127578258e+00,-6.455448257417600644e+00,-2.156658021699441097e+00
5.627415340289880774e+00,-6.537257146560647492e+00,-2.289700562874223078e+00
5.558522037298003760e+00,-6.617027546329030230e+00,-2.290560996023744078e+00
5.491148296710455234e+00,-6.693565640694632002e+00,-2.291852263527627276e+00
5.421783976775663483e+00,-6.770053386022471642e+00,-2.296156699558973724e+00
5.346029647451653766e+00,-6.852334458320705757e+00,-2.296844287232510773e+00
5.272724857451389191e+00,-6.932334429269523923e+00,-2.291428875895929362e+00
5.199062771891489021e+00,-7.012804829263738604e+00,-2.299050121901274668e+00
5.125501716380411743e+00,-7.092857733356814798e+00,-2.301035176345905597e+00
5.052237706635612113e+00,-7.172109085163922870e+00,-2.296855876204447533e+00
4.974861915288594894e+00,-7.256182700666070851e+00,-2.294080755765926849e+00
4.899552896657117351e+00,-7.337294989912433785e+00,-2.289825104300198699e+00
4.829630212800906541e+00,-7.416542232673022816e+00,-2.291622324352069473e+00
4.766577639838128100e+00,-7.487863701071165501e+00,-2.296655567291877809e+00
4.692433805482473019e+00,-7.570475451352733032e+00,-2.298137898282606617e+00
4.620244159534574457e+00,-7.650357914916471103e+00,-2.299092706986336054e+00
4.549250036457322288e+00,-7.730179157227734521e+00,-2.296022100555934919e+00
4.475329639612954935e+00,-7.813053198034512370e+00,-2.278855762837185051e+00
4.403371138276558128e+00,-7.895993989520809109e+00,-2.289591131176077266e+00
4.333030175615286694e+00,-7.975115367005714440e+00,-2.294952381404660180e+00
4.262335007292437972e+00,-8.054628875708882418e+00,-2.294886776601069656e+00
4.239944326182906842e+00,-8.062342372138715518e+00,-2.191503671933203723e+00
4.237307130625912244e+00,-8.061122310081207942e+00,-1.994621248288908966e+00
4.234671481698997653e+00,-8.060559893404333209e+00,-1.790034126271799142e+00
4.231830317176695999e+00,-8.060949577267246369e+00,-1.573065000290317483e+00
4.229561962130387265e+00,-8.061799826117280077e+00,-1.476872743720507364e+00
4.230226544906097175e+00,-8.060486948162708387e+00,-1.672268011417715972e+00
4.231136091334344762e+00,-8.059760122878563138e+00,-1.864958818429167886e+00
4.232525551174626699e+00,-8.059727488365675541e+00,-2.059285881477152635e+00
4.233968777012483642e+00,-8.060400952161330679e+00,-2.237114013645749022e+00
4.236022019386387782e+00,-8.061743052526963993e+00,-2.482446633877047670e+00
4.238180634043865247e+00,-8.063681543406099550e+00,-2.733214566926568168e+00
4.239616254130682549e+00,-8.065497583222326128e+00,-2.931715340304618334e+00
4.241360695243783674e+00,-8.067316965981047971e+00,-3.097779904677755880e+00
4.241864751423341851e+00,-8.067873397751517572e+00,3.008715085534410250e+00
4.239846962358085669e+00,-8.066957303055893647e+00,2.843157129621103785e+00
4.240639481399059108e+00,-8.067572727141227418e+00,2.666758773766074064e+00
4.240679064628625206e+00,-8.067973474610541373e+00,2.496425734564962085e+00
4.155924459122743997e+00,-8.003873288007714137e+00,2.497457172232718570e+00
4.069157435490868835e+00,-7.940120068363527572e+00,2.502845205014493590e+00
3.985594227210445428e+00,-7.878691961767501084e+00,2.512881638159662590e+00
3.901792570492665480e+00,-7.818156040911391713e+00,2.519818813326085039e+00
3.816871928773023281e+00,-7.757661717971860327e+00,2.529842978045549806e+00
3.808781753005938242e+00,-7.752741213339768400e+00,2.353869310709362228e+00
3.808100878319131688e+00,-7.753080525382174848e+00,2.171766632212325465e+00
3.806952281398225058e+00,-7.753940912832276489e+00,1.961792873805087156e+00
3.805274686468122614e+00,-7.755236125131193425e+00,1.761276571429629456e+00
3.803349627662391708e+00,-7.755437975631911840e+00,1.583299624326987454e+00
3.801001312937606347e+00,-7.755690108170399277e+00,1.383236722277248143e+00
3.796789642174209334e+00,-7.756229749851943467e+00,1.205886122341954136e+00
3.791218091909263066e+00,-7.753595934379114318e+00,1.039667768665876180e+00
3.787991352282192192e+00,-7.751527521383614783e+00,8.636652887735070117e-01
3.782649404550098904e+00,-7.747193373902947933e+00,7.045841628562941050e-01
3.779581176680999910e+00,-7.745257811121993186e+00,5.330345110268961406e-01
3.776820860824078974e+00,-7.743041977420952016e+00,3.595635760347777876e-01
3.774639538747204703e+00,-7.741928684039490527e+00,1.558214945823700182e-01
3.772108734045842571e+00,-7.740866568126770098e+00,-4.150441061361714173e-02
3.770040521037261172e+00,-7.739772495775947725e+00,-2.363614395320266237e-01
3.768207639306544454e+00,-7.737435700962972618e+00,-4.017398046376104426e-01
3.766682186546640221e+00,-7.734554368308394601e+00,-5.665805227428996060e-01
3.764996761844501272e+00,-7.732088180806877986e+00,-7.395352227018658908e-01
3.762808180365574628e+00,-7.730415618029539360e+00,-9.254826475353126192e-01
3.761443209813339905e+00,-7.728558593026300549e+00,-1.121551340523871731e+00
3.761516886850102104e+00,-7.727866653728246327e+00,-1.293393427576730037e+00
3.762310838446072392e+00,-7.726854332976177631e+00,-1.467172668331082841e+00
3.763170337385898456e+00,-7.726332798148594527e+00,-1.645364580808351684e+00
3.764911847404741163e+00,-7.725469755954714302e+00,-1.793089334256960266e+00
3.764856841319737857e+00,-7.725052371558313702e+00,-1.985876104758764749e+00
3.764212737706328582e+00,-7.724955177343826307e+00,-2.188658553045012667e+00
3.762055348825471768e+00,-7.724185691541102017e+00,-2.084483205987897048e+00
3.758361298500131564e+00,-7.724100661828519954e+00,-1.890116084973342492e+00
3.755248995834916670e+00,-7.724463006230127604e+00,-1.704799831498421847e+00
3.755059473027740680e+00,-7.723926995507671478e+00,-1.495520817642154832e+00
3.755604202544781778e+00,-7.724496091766998696e+00,-1.267607932121614933e+00
3.756295609411989922e+00,-7.725603283034417679e+00,-1.001304638994158225e+00
3.757393110170066830e+00,-7.727152776378455101e+00,-7.755706914730119417e-01
3.759510651905194845e+00,-7.728669753947891685e+00,-5.433197918212377964e-01
3.824990575779865676e+00,-7.763079604971165004e+00,-5.349054975711223792e-01
3.919001743745302413e+00,-7.806316762738137349e+00,-4.003110234642551224e-01
3.961768145623240311e+00,-7.817340143891575721e+00,-2.427237923399768460e-01
3.961260910173688199e+00,-7.817057892865228119e+00,-4.280039997033130428e-01
3.960518527873510219e+00,-7.816291139415953104e+00,-6.190385069632718951e-01
3.959881413385900828e+00,-7.815120340242330599e+00,-8.120199075114733489e-01
3.959631458410258542e+00,-7.813736241110711411e+00,-1.016151255983588797e+00
3.960583992601664161e+00,-7.811834023842417984e+00,-1.246431111575919237e+00
3.962498308478715536e+00,-7.809823841931287092e+00,-1.511444774122138845e+00
3.965254469786084535e+00,-7.809401963013566039e+00,-1.769814713515293070e+00
3.968704297635907707e+00,-7.810093064174614241e+00,-2.019623994340574935e+00
3.972302254759386475e+00,-7.811552322539982995e+00,-2.231959663754277123e+00
3.977319591449093306e+00,-7.814785360822219751e+00,-2.380737416987674937e+00
3.981097259126718413e+00,-7.817085048766546862e+00,-2.479842677530599282e+00
3.980261498735939707e+00,-7.815839683423699391e+00,-2.293994469591134067e+00
3.979230236842952628e+00,-7.813926946213507030e+00,-2.105650371670404031e+00
3.966687757193087638e+00,-7.814378378226338739e+00,-2.066132588412876725e+00
3.965864949176952869e+00,-7.814651654961028093e+00,-1.877846270360385539e+00
3.964808807389384793e+00,-7.815361384363811226e+00,-1.686606929042256064e+00
3.964587009051526501e+00,-7.816191527677086803e+00,-1.489339514153641186e+00
3.963702118036462885e+00,-7.814491643710020696e+00,-1.307807483968719930e+00
3.961791752600855254e+00,-7.813845710947259882e+00,-1.125466434628383139e+00
3.958927083292489879e+00,-7.813615246878620191e+00,-9.391050962272277092e-01
3.956783714762773574e+00,-7.814395741760407965e+00,-7.595484351613577267e-01
3.954682546704159307e+00,-7.815449185582586722e+00,-5.835905939305766621e-01
3.952966437599483740e+00,-7.817212281517264216e+00,-4.031802438389550658e-01
3.950012093642713218e+00,-7.819781550073350296e+00,-2.246011848777869357e-01
3.946789819006825351e+00,-7.823073758577021586e+00,-4.799142630810069449e-02
3.943395674105081294e+00,-7.826893866182363269e+00,1.232003749522276592e-01
3.939914803033240265e+00,-7.831140039682709997e+00,3.019796229599703841e-01
3.936391394615150308e+00,-7.836323543809251113e+00,4.754207293267483925e-01
3.933611387989857544e+00,-7.839222935847800500e+00,7.148007971555737639e-01
3.931464522741595857e+00,-7.843118988152268933e+00,9.602121249498845046e-01
3.930573360348299961e+00,-7.846267052327124070e+00,1.194463099884011781e+00
3.934602880145242398e+00,-7.843547783071167068e+00,1.198097393232917529e+00
3.933030024058537411e+00,-7.842179869303105733e+00,1.011291935733651615e+00
3.930856582157828960e+00,-7.839576205260201824e+00,7.767716081898651259e-01
3.928890580124341447e+00,-7.837004570866452191e+00,5.468273865285795399e-01
3.927371874367349136e+00,-7.834188679020685164e+00,3.582386286038137801e-01
3.925474083392741065e+00,-7.831544753185453622e+00,1.408943509058915855e-01
3.924281593420757552e+00,-7.829415568925162106e+00,-6.580397430331220987e-02
3.922458959806360834e+00,-7.826816922229437701e+00,-3.113848650541745644e-01
3.921265635074343336e+00,-7.824540472335022478e+00,-5.399478201521054066e-01
3.919926130645369877e+00,-7.821851952023451737e+00,-7.696098694677757646e-01
3.919413578060453762e+00,-7.819502088470757784e+00,-9.600661055312132985e-01
3.919868250838231205e+00,-7.816738055477393310e+00,-1.212351149165186381e+00
3.921188749574473942e+00,-7.814676637290459915e+00,-1.392516810865725985e+00
3.923311824550451465e+00,-7.813163317276822895e+00,-1.572425742846241370e+00
3.925923231793209123e+00,-7.811477860272575846e+00,-1.762677051963134511e+00
3.929879221231385333e+00,-7.809177033468125195e+00,-1.937081452359963984e+00
3.931648954379630911e+00,-7.809839468978283072e+00,-2.122381149462133187e+00
3.934118954206920815e+00,-7.810550849542021723e+00,-2.297709185285988998e+00
3.935753286827260222e+00,-7.811784853445765009e+00,-2.493474261889502497e+00
3.934152593945523968e+00,-7.809631272074906150e+00,-2.476186422987561642e+00
3.932090584316959347e+00,-7.807514547405186356e+00,-2.304795280546366953e+00
3.930282433875345927e+00,-7.805449164993895295e+00,-2.132953053562920420e+00
3.927962992580812607e+00,-7.804224546864350742e+00,-1.956335677881186008e+00
3.925750731683359529e+00,-7.803537755903989570e+00,-1.777574317884767607e+00
3.923659825486996766e+00,-7.803429419890746566e+00,-1.585563764468524317e+00
3.922119143327439605e+00,-7.803297097414188421e+00,-1.401753773837005834e+00
3.922559273985336770e+00,-7.804909506723083368e+00,-1.208759740220784806e+00
3.923423329857998354e+00,-7.806467627266541420e+00,-1.014220990159071523e+00
3.925896424884772973e+00,-7.808547665757979317e+00,-7.931519624980933880e-01
3.928615173178415354e+00,-7.810209415182228554e+00,-5.805443753704051524e-01
3.931337394071207747e+00,-7.811845202699729818e+00,-3.857170053380371000e-01
4.026077514722032014e+00,-7.846536626790750368e+00,-3.689441168864872611e-01
4.123218307625398538e+00,-7.883901803494034688e+00,-3.803444430492023409e-01
4.161868598396747387e+00,-7.888709605646916145e+00,-4.113151293779055973e-01
4.163055888836102447e+00,-7.888609484363565016e+00,-6.243542773653411038e-01
4.163536752049075140e+00,-7.887698980632359635e+00,-8.509276524239581807e-01
4.165226549835103320e+00,-7.886549615102589783e+00,-1.045425846580156692e+00
4.167557512388711416e+00,-7.885243697259275208e+00,-1.288621028686858017e+00
4.170493967786077505e+00,-7.883718209749120298e+00,-1.482114477674342679e+00
4.174023758176195642e+00,-7.885112640513225024e+00,-1.366985555480053183e+00
4.177109467631625606e+00,-7.886972527465005101e+00,-1.380183733215737174e+00
4.181387286153460892e+00,-7.887141636332359873e+00,-1.573228895132960714e+00
4.185554323435939139e+00,-7.888265712297752863e+00,-1.757653108279229714e+00
4.190109366422598569e+00,-7.889533335702417993e+00,-1.962362135734162516e+00
4.192919301576492508e+00,-7.890967113591751847e+00,-2.160543333887463557e+00
4.196678467638958132e+00,-7.893726527762837897e+00,-2.406402743219143492e+00
4.199837281555985236e+00,-7.896353089760799193e+00,-2.634554305725534729e+00
4.204014499962021034e+00,-7.899904190224204648e+00,-2.826229958857167990e+00
4.209385278627473248e+00,-7.907273836678781365e+00,-2.920010846018407324e+00
4.209145123230038976e+00,-7.907508095939398629e+00,-2.750979136677718540e+00
4.208953687071718797e+00,-7.907268056538095280e+00,-2.565796635695357431e+00
4.207718145797565867e+00,-7.907773686716493167e+00,-2.414060768715488692e+00
4.211510874472527810e+00,-7.913678589755262394e+00,-2.174004821476314575e+00
4.207618059108823694e+00,-7.914326580797905741e+00,-2.104842207649015418e+00
4.208762243576422257e+00,-7.918213768020399002e+00,-1.906525532852737737e+00
4.210770945637046125e+00,-7.923361211656150260e+00,-1.724289249969901849e+00
4.211821275488644822e+00,-7.926206575254587605e+00,-1.525950698899412927e+00
4.212368342732755622e+00,-7.929516376002823108e+00,-1.341107174460977713e+00
4.212922980175259013e+00,-7.933124473800172716e+00,-1.159665248101100277e+00
4.214229824977036465e+00,-7.937484241278767172e+00,-8.924495054374677050e-01
4.216362586830016745e+00,-7.941243686857918149e+00,-6.927572529051272410e-01
4.218844802876379418e+00,-7.945074458837424025e+00,-4.798000575489171915e-01
4.221622110289218632e+00,-7.948916616453137074e+00,-2.505692682599084398e-01
4.224246475138919266e+00,-7.952730585131189578e+00,-4.159102708025057965e-02
4.227174448388436367e+00,-7.956720614932826230e+00,1.948828175806669727e-01
4.230114229204867904e+00,-7.960969063430793469e+00,4.047239524231922569e-01
4.233476983853893927e+00,-7.965179317465469921e+00,6.139460243493278790e-01
4.237414216905006192e+00,-7.969645276347733898e+00,8.500359187714185971e-01
4.260827480428106107e+00,-7.952230055196459979e+00,1.014819811471377120e+00
4.288650470043315899e+00,-7.903112295629193262e+00,8.761013934894695820e-01
4.286738857639375233e+00,-7.902825771321298376e+00,6.845438241853083472e-01
4.351483110583457048e+00,-7.835571901117301508e+00,6.768515856109731388e-01
4.421831148452995741e+00,-7.766605710457753275e+00,6.790813499654674290e-01
4.490743538229128085e+00,-7.699317778735658813e+00,6.595333035062028726e-01
4.561214360520229327e+00,-7.633105600725914819e+00,6.457722024768928204e-01
4.602436617111301587e+00,-7.588972925008384607e+00,7.673683804605653247e-01
4.622991849986080481e+00,-7.554376005912574854e+00,1.000331280065617667e+00
4.635427010342591636e+00,-7.515905016620205714e+00,1.216054373443986814e+00
4.639465001674851763e+00,-7.475003138950675918e+00,1.414702348837286294e+00
4.635735948562596853e+00,-7.433897970671738520e+00,1.604223951696366113e+00
4.624631657739676882e+00,-7.393179085512056048e+00,1.784909522444529495e+00
4.567631164058219007e+00,-7.278565975142972100e+00,1.827607144063629452e+00
4.520031882759082187e+00,-7.179861992579398944e+00,2.126291604038893723e+00
4.475921826591725328e+00,-7.131429131571012547e+00,2.341633852959002393e+00
4.466741612836504061e+00,-7.125939091824708527e+00,2.515661125253449537e+00
4.445566451500038596e+00,-7.113119339980977784e+00,2.429141424607206279e+00
4.444003514857417514e+00,-7.109028112978860392e+00,2.108660217204566312e+00
4.440231140788634789e+00,-7.105807696737250545e+00,1.905387454268224090e+00
4.436962808305125350e+00,-7.102141413839245132e+00,1.692042088226149987e+00
4.425430972160751431e+00,-6.997964357463369645e+00,1.673609537535291736e+00
4.412258713569997326e+00,-6.890356544072198552e+00,1.694916713793544583e+00
4.398034538850749797e+00,-6.785181101124091896e+00,1.688703251304966679e+00
4.387127952353290006e+00,-6.679649361608510638e+00,1.634491928209801159e+00
4.375511690095714279e+00,-6.589363769341090915e+00,1.520902367947651657e+00
4.373846825946015926e+00,-6.586449666989011575e+00,1.460068957629989894e+00
4.372478253984128038e+00,-6.585010214204145562e+00,1.689160729532902083e+00
4.360129287250499530e+00,-6.479916261204272665e+00,1.701755422012793506e+00
4.342073712652499751e+00,-6.397848311384044528e+00,1.864652019008267159e+00
4.312094301198456492e+00,-6.296792106536459599e+00,1.838532406562414012e+00
4.308692361514204983e+00,-6.288964105782993919e+00,1.673203674953082976e+00
4.309546784389595153e+00,-6.286688564726978790e+00,1.841471549484436476e+00
4.303598196461176251e+00,-6.286093952594234757e+00,2.132169745783935699e+00
4.243864732449728727e+00,-6.209472982911032446e+00,2.186993833441343682e+00
4.182530392226043503e+00,-6.121785172802393760e+00,2.189819566021494079e+00
4.123447199191934587e+00,-6.038707098660170303e+00,2.194805644597402683e+00
4.058832056852639703e+00,-5.952066653821038500e+00,2.237600854830282149e+00
3.988765301194318713e+00,-5.868832109969071453e+00,2.294745210715694039e+00
3.919695393356231961e+00,-5.794013032570852317e+00,2.326970219697450659e+00
3.847575542125274861e+00,-5.717252076394051308e+00,2.332622469135228638e+00
3.772509394808988947e+00,-5.638310879870980230e+00,2.336757212136297834e+00
3.694586169791282071e+00,-5.558082324569879162e+00,2.344208466378885358e+00
3.618409628977703019e+00,-5.480303990538557102e+00,2.348897666860502387e+00
3.541837980940853559e+00,-5.402759103025953635e+00,2.352347306540226501e+00
3.463150838862731007e+00,-5.323115092993602637e+00,2.355818740142932466e+00
3.388911455603495160e+00,-5.248738925028389346e+00,2.359974894229997400e+00
3.316916805523016265e+00,-5.177241492662264299e+00,2.364238373326716491e+00
3.239638249369819256e+00,-5.100952830183043574e+00,2.369915948695187957e+00
3.161811241445102283e+00,-5.025008224555144842e+00,2.375892880020784137e+00
3.088362236658892535e+00,-4.954317314826313101e+00,2.364012464379833922e+00
3.009637180233693421e+00,-4.877516783065344974e+00,2.375350574829812711e+00
2.928820795475354011e+00,-4.804252295853237875e+00,2.434838872825914269e+00
2.843564744268726407e+00,-4.736208604847766956e+00,2.511991732029103197e+00
2.752504953320923597e+00,-4.675748071297045172e+00,2.598840243970043318e+00
2.660802370576302867e+00,-4.619090598076196486e+00,2.632737701426035137e+00
2.570602240694682017e+00,-4.567049736170340601e+00,2.677784713963052621e+00
2.475540748328041829e+00,-4.518129618412960014e+00,2.717909572506968630e+00
2.379697619555906307e+00,-4.470100784538544758e+00,2.726106291595645992e+00
2.280598327833354144e+00,-4.420954403041698733e+00,2.718059508737725505e+00
2.184963913496690058e+00,-4.372647823098924746e+00,2.725685680279149370e+00
2.089398185190328050e+00,-4.324302384378012398e+00,2.727467294478158610e+00
1.994392500399146284e+00,-4.276742491641222443e+00,2.743445414046810971e+00
1.892194096282062921e+00,-4.235412212199885396e+00,2.737687596000356383e+00
1.792036661866967195e+00,-4.193615629944628331e+00,2.727641928888286493e+00
1.690874310545737780e+00,-4.148689299916311413e+00,2.689610278665163001e+00
1.594813326515615692e+00,-4.100394738694761010e+00,2.628384459517254079e+00
1.503137095671539969e+00,-4.044848242093890711e+00,2.533929245258523366e+00
1.413644131294679473e+00,-3.975730797299374064e+00,2.485520571882243512e+00
1.330182879025703757e+00,-3.908858340967107825e+00,2.488970724599431250e+00
1.240872775578623077e+00,-3.838935807234283626e+00,2.521575388410850938e+00
1.149026987936686561e+00,-3.772823541378886425e+00,2.576071941016453870e+00
1.053601435561256183e+00,-3.710359884276484443e+00,2.592458612402548823e+00
9.570054389687918661e-01,-3.645472309589322002e+00,2.587473766430252731e+00
8.625904645962019224e-01,-3.582195657905189012e+00,2.594844269008411697e+00
7.681636892060415001e-01,-3.519675246941499580e+00,2.592570439827793560e+00
6.735443630080905075e-01,-3.456733769181643989e+00,2.602380971894775019e+00
5.792679697944760342e-01,-3.401148828484739095e+00,2.587782556415285207e+00
4.894147221725294039e-01,-3.344008869414520912e+00,2.527354108008415867e+00
4.079588876490773952e-01,-3.279003181307730053e+00,2.436213344468971975e+00
3.326160729230779323e-01,-3.206395099059591303e+00,2.346665992704199066e+00
2.639178271223837635e-01,-3.127013051377238284e+00,2.261475613414550612e+00
2.011019006244619545e-01,-3.038251100308761554e+00,2.134562072852752124e+00
1.515188875265146562e-01,-2.944542654466264509e+00,2.017423950459618975e+00
1.140606938862731290e-01,-2.852588324734830483e+00,1.902467963977283016e+00
9.361046909286255269e-02,-2.775339636614494232e+00,1.766629628828391363e+00
8.590853086741237488e-02,-2.695864216592465112e+00,1.620034224796249811e+00
8.951484591401656643e-02,-2.635070925392949626e+00,1.477419796989281942e+00
1.037353341329013412e-01,-2.576022382230027663e+00,1.314989671194028986e+00
1.329142374476303401e-01,-2.510539793285891719e+00,1.136334123549700870e+00
1.721052001231476725e-01,-2.453073539053726382e+00,9.887843516910788111e-01
2.231445101019161603e-01,-2.399951030038768085e+00,8.112251635660939764e-01
2.834877147938947850e-01,-2.354900768526052346e+00,7.023984219592338540e-01
3.723407675262581651e-01,-2.299590987731347624e+00,6.642802233241170695e-01
3.885837480730582882e-01,-2.308389991996773638e+00,8.316748486600118451e-01
4.726522067176980868e-01,-2.251118447010870938e+00,8.139469131753602760e-01
5.496933992551278347e-01,-2.189779904026923241e+00,8.417066949111349228e-01
6.262203005864401817e-01,-2.123296105107780551e+00,9.070693856610916317e-01
6.953553614118609394e-01,-2.095597691471984714e+00,9.865098192310096659e-01
7.067037370009350283e-01,-2.111724260897206662e+00,1.141552819076749659e+00
7.169793794567882461e-01,-2.124533818292746457e+00,1.329497032976255433e+00
7.265463538372742835e-01,-2.135005707807004161e+00,1.515870914918008072e+00
7.354126071712271395e-01,-2.145176350785544805e+00,1.694200792866312311e+00
7.440061854050358248e-01,-2.154175089063763426e+00,1.873255203309309058e+00
7.620044398382527229e-01,-2.194247889041140098e+00,1.755929849617551497e+00
7.760642126071006786e-01,-2.159630003645558904e+00,1.758241453499739038e+00
7.889031010717394432e-01,-2.134876014015405055e+00,1.854263885802120759e+00
7.869690175328278858e-01,-2.134200079464440680e+00,2.137491873643348139e+00
7.757337718960678474e-01,-2.141676965207758077e+00,2.388174374219234064e+00
7.561446198238169769e-01,-2.155690945686118631e+00,2.615785215670192621e+00
6.830308844610021302e-01,-2.179871680495993225e+00,2.661459632398481379e+00
6.147512099809709918e-01,-2.193523193000147753e+00,2.405039708756906869e+00
3.390879300330689738e-01,-1.073369342986904229e+00,-1.330056006643261401e+00
3.597729011994231230e-01,-1.142064531163836660e+00,-1.199464308879882424e+00
3.768196034663905958e-01,-1.199820663032586499e+00,-9.835766855240475337e-01
3.781654340127993397e-01,-1.220187438803592483e+00,-7.989434288761109171e-01
3.779430487989877130e-01,-1.238127393502078899e+00,-6.060789590651931569e-01
3.768495887172956804e-01,-1.253878471830047081e+00,-4.211385256519933340e-01
3.746986015931793035e-01,-1.271185198634791069e+00,-2.711109077652799626e-01
3.709214695895842184e-01,-1.286153411634856525e+00,-1.778607094497340335e-01
3.697952403288359280e-01,-1.298223711317112894e+00,-2.175265729018959274e-02
3.685082681496213430e-01,-1.310046302166185450e+00,1.174877936003046047e-01
3.688778586765031342e-01,-1.316239473725211662e+00,2.867857898319824406e-01
3.681166547239455022e-01,-1.317163045035845137e+00,4.886969781577660821e-01
3.715010777803754993e-01,-1.322689363888470693e+00,6.790353266209089300e-01
3.746302928803529886e-01,-1.324563929601518808e+00,8.914960058799987763e-01
3.790472289082256196e-01,-1.326226483167588732e+00,1.063247079122127570e+00
3.830033365693919500e-01,-1.324961776365414234e+00,1.254616368169065188e+00
3.869974317864090518e-01,-1.323382670663669769e+00,1.446421272050392837e+00
3.913572760855612009e-01,-1.321159327567156927e+00,1.664115188504746268e+00
3.945818005615735480e-01,-1.318216139987331337e+00,1.861991350922239663e+00
3.970880218365424041e-01,-1.314911994313967991e+00,2.057118017768955198e+00
3.996662803288765775e-01,-1.311429051382801525e+00,2.250545610498424054e+00
4.013204082690379204e-01,-1.307892592018071731e+00,2.463893623085148921e+00
4.030515850449342130e-01,-1.304272402694857114e+00,2.662193810542719419e+00
4.047878186301511749e-01,-1.300218605532990512e+00,2.859321498932410943e+00
4.063279264836933691e-01,-1.297033285648018675e+00,3.068425496018789111e+00
4.029752701258682568e-01,-1.284352166004682383e+00,-3.102318994797697460e+00
4.038201797067103582e-01,-1.279854373796742273e+00,-2.900677907519045640e+00
4.042013327879198092e-01,-1.277417108200475715e+00,-2.675934802269648305e+00
3.992659207190983328e-01,-1.268506664474511103e+00,-2.535442206987340352e+00
3.968557700924388865e-01,-1.261069509978028469e+00,-2.372335796813106246e+00
3.944796798583332098e-01,-1.257916650752557652e+00,-2.177310520930944460e+00
3.940472751665343165e-01,-1.255383779291876056e+00,-1.967212081982035787e+00
3.942718464666539746e-01,-1.253895112417497515e+00,-1.761063358849874305e+00
3.912825468363633208e-01,-1.254019367441497890e+00,-1.655736556802615889e+00
3.899119579089661558e-01,-1.252844453815471937e+00,-1.505562201466460470e+00
3.906910042184338350e-01,-1.252277139004609685e+00,-1.302398190384261412e+00
3.912753160270656672e-01,-1.253593500203119548e+00,-1.116080656258905179e+00
3.929082984104209086e-01,-1.254854962287139664e+00,-9.392803738404779113e-01
4.522662315061938831e-01,-1.327611774533410394e+00,-9.495294842029198268e-01
5.129505431739949106e-01,-1.407344103140162117e+00,-9.572902299988919061e-01
5.876224633855361423e-01,-1.525584403651073506e+00,-9.486023807455113976e-01
6.429527262001933918e-01,-1.586833226712279998e+00,-9.527416796338515903e-01
7.120621064445913362e-01,-1.672177831623700595e+00,-8.735245783145293430e-01
7.838509909603406101e-01,-1.757298980911320863e+00,-8.922682116127743646e-01
8.216248804866403965e-01,-1.784162656645210232e+00,-9.210876683764487316e-01
8.134387687520393539e-01,-1.792224329316507658e+00,-1.189577826643802627e+00
8.163374944322837612e-01,-1.796737303017756027e+00,-1.315969970954399049e+00
8.178417912336199969e-01,-1.798811571901808293e+00,-1.478006035659573891e+00
8.185677087999526647e-01,-1.798855601039301755e+00,-1.665505772811169738e+00
8.080124561446975218e-01,-1.797702528889309814e+00,-1.819300409811226205e+00
8.072689648521224060e-01,-1.796743859501299667e+00,-1.999819663220496313e+00
8.153019439318008876e-01,-1.794644421017936642e+00,-2.188550080242827267e+00
8.520724893586871795e-01,-1.794847491393535055e+00,-2.373371501920827242e+00
8.590824246001058651e-01,-1.778149692077300115e+00,-2.541606210257931320e+00
8.722523029133018024e-01,-1.760203847602195726e+00,-2.692783418092283387e+00
8.548819289076315942e-01,-1.764949929279237439e+00,-2.852972546900404360e+00
8.572378980761757861e-01,-1.747240703642886972e+00,-3.068989782613943618e+00
8.742724689120985326e-01,-1.718865486481913063e+00,3.097223928008854266e+00
8.519814728010386418e-01,-1.735148027731617582e+00,2.891720116064024459e+00
8.331185990746260428e-01,-1.746072505832223953e+00,2.953557607017437192e+00
8.414410230077203900e-01,-1.735402478582566577e+00,-3.115876951610983436e+00
8.525282964006188902e-01,-1.723401716066820244e+00,-2.982512473883817794e+00
8.279750168976404145e-01,-1.742453145300856043e+00,-2.806837118897064887e+00
8.024334124359105980e-01,-1.762984835922791760e+00,-2.617431028617084987e+00
7.006683941321696363e-01,-1.822129128292641287e+00,-2.529990892585886719e+00
6.073911633543119803e-01,-1.885146434493519152e+00,-2.449666842769887332e+00
5.196743213016442597e-01,-1.945883298839536923e+00,-2.391688352316412303e+00
4.533414745963716963e-01,-2.045108055304949879e+00,-2.355074034320599363e+00
3.748330360252805638e-01,-2.122967622384387631e+00,-2.353525845389265569e+00
3.106419688475628438e-01,-2.197603090015966654e+00,-2.363567681974348744e+00
2.404598990202440612e-01,-2.274039488918352614e+00,-2.364968013608303554e+00
1.699571679539706448e-01,-2.349108606729235049e+00,-2.376130132110774174e+00
9.944784056682473561e-02,-2.422127640340786758e+00,-2.377706323359154883e+00
7.169669677787418594e-02,-2.460639205973474297e+00,-2.556894537354344354e+00
7.541647409564398996e-02,-2.463413458742057305e+00,-2.752561953435235687e+00
7.924450539345852251e-02,-2.467134040475329027e+00,-2.960763825419911566e+00
8.233487045705958907e-02,-2.470931275522409543e+00,3.140090141339457741e+00
8.454331576940028736e-02,-2.474218429049474199e+00,2.966231860560049505e+00
8.491349534839830182e-02,-2.478832000624503262e+00,2.818127248249674643e+00
8.260543435010146707e-02,-2.480074962028307795e+00,2.609326178425270371e+00
7.888480212196043173e-02,-2.481962257978275410e+00,2.451572983162650488e+00
7.678336163924853741e-02,-2.481727366287999281e+00,2.198655307120678248e+00
7.158839167171000828e-02,-2.483753723161917559e+00,2.033328410117210883e+00
6.660164447645346153e-02,-2.483409481512517836e+00,1.832483644906379938e+00
6.078073075818724025e-02,-2.482875561088181637e+00,1.603726197894347560e+00
5.476959428842310268e-02,-2.482171586978087596e+00,1.396692728504207670e+00
4.616321264886319442e-02,-2.480112487456817227e+00,1.231595929505232112e+00
3.726679251167817897e-02,-2.477137210952687685e+00,1.085490606533533686e+00
3.261237117548194259e-02,-2.474422303245771726e+00,8.323061442139357835e-01
2.706260381453358052e-02,-2.464428824508850369e+00,6.941152389105240683e-01
2.461773346273635893e-02,-2.457114610649389963e+00,5.035864981803425122e-01
2.489847335287836971e-02,-2.446618997391606154e+00,3.289969227646553640e-01
2.975511013265903434e-02,-2.435530141714165264e+00,1.302491514021501262e-01
3.246277062054393758e-02,-2.479181824189973238e+00,6.552383006663080323e-02
3.648955103367044345e-02,-2.507063973841252569e+00,-3.749416887023340056e-02
3.669331476395225333e-02,-2.498977346107430719e+00,-2.307046569404369585e-01
3.999256616301707229e-02,-2.494978522044443814e+00,-5.532049200347201046e-01
4.618392941550278352e-02,-2.490479130560890209e+00,-7.205544214131214265e-01
5.233844132758502105e-02,-2.487395915129219315e+00,-9.434880787480443010e-01
5.727921236404859284e-02,-2.484176063816140090e+00,-1.131056418153551180e+00
6.292994979597606175e-02,-2.481599132391103968e+00,-1.327839182149122887e+00
6.726256268865477006e-02,-2.479854976211826045e+00,-1.549999565792413936e+00
7.277041263141971472e-02,-2.478389334660098697e+00,-1.748942253225921117e+00
7.797037059597060338e-02,-2.477538635897538200e+00,-1.916057299034180872e+00
8.464773747990315955e-02,-2.476577974930871395e+00,-2.093919936124553072e+00
9.431403923544053047e-02,-2.475131310178292576e+00,-2.210961271193399469e+00
9.784235967247875698e-02,-2.472199331648113230e+00,-2.496815774675979149e+00
1.011481600616379178e-01,-2.470730311069139873e+00,-2.735599647655750477e+00
1.044471426388349777e-01,-2.473090184926181934e+00,-2.884501767362135372e+00
1.071072061716518281e-01,-2.479035360080258599e+00,-2.979210464712962914e+00
1.083672076613755031e-01,-2.480114556486286759e+00,3.088473137140249403e+00
1.094085358851225459e-01,-2.481130319907149495e+00,2.910420946394160158e+00
1.098400641489192114e-01,-2.482327656741876609e+00,2.708520148852183507e+00
1.106175770107527268e-01,-2.483928358624835742e+00,2.487253335824972655e+00
1.103745883228734875e-01,-2.484930898359282825e+00,2.284990673220636204e+00
1.098967981582696929e-01,-2.486342106768308913e+00,2.062714224311730238e+00
1.087923768531742080e-01,-2.487292852058827997e+00,1.861050742809592373e+00
1.068294407007510105e-01,-2.488433820929301987e+00,1.634720019836326310e+00
1.045131305274901723e-01,-2.488919957522794935e+00,1.418864355596946902e+00
1.015593966302134055e-01,-2.488588448247246898e+00,1.190234053672094117e+00
9.911727812508158708e-02,-2.487138477289621008e+00,9.904768589076227148e-01
9.642555200301594631e-02,-2.485386367557984588e+00,7.786817819737159585e-01
9.471954162804489818e-02,-2.483488907678371493e+00,5.791772143591912281e-01
9.259028306320452040e-02,-2.482210107150161882e+00,3.802558111440054178e-01
9.045210836970096757e-02,-2.480033393885427095e+00,1.605047255355570024e-01
8.838798038382271460e-02,-2.477115296041004555e+00,-5.249376641810950955e-02
8.688553105257311449e-02,-2.474539345650972777e+00,-2.615149055804991685e-01
8.600031498084510784e-02,-2.471529071130276645e+00,-5.067784541566482392e-01
8.508711331368261355e-02,-2.467543853346024108e+00,-7.524489677352367289e-01
8.545605223841523657e-02,-2.464773354091350566e+00,-9.908746830933077288e-01
8.607228264212857249e-02,-2.462106974610563714e+00,-1.203102222797094445e+00
8.768083776742784108e-02,-2.458980768357716062e+00,-1.449116689548366255e+00
8.920663395917800831e-02,-2.457077985741270787e+00,-1.675730287492759985e+00
9.112662315695119197e-02,-2.455805102392465855e+00,-1.877324384679692537e+00
9.350699122493140447e-02,-2.455270186979589209e+00,-2.072571029593163860e+00
9.611797796189275322e-02,-2.455910352845608546e+00,-2.296469447304799960e+00
9.823082560425547283e-02,-2.457079923137144739e+00,-2.512399053262479143e+00
1.001586155459091854e-01,-2.458311419219210148e+00,-2.701626409361547410e+00
1.022746345872303925e-01,-2.460300522505458165e+00,-2.909047944505655625e+00
1.033121834035436726e-01,-2.462425282094939938e+00,3.126215033588517489e+00
1.043364956836615315e-01,-2.464260062405136953e+00,2.937864430856025333e+00
1.050950224799249849e-01,-2.466234902230922454e+00,2.722691238346634179e+00
1.058737454849735110e-01,-2.468072184913075784e+00,2.548101535334620138e+00
1.062900681804021391e-01,-2.470667147154189003e+00,2.327579994959311893e+00
1.062063761805686624e-01,-2.472059100853134517e+00,2.154241522496513905e+00
1.053451153601171197e-01,-2.473962368984478744e+00,1.940994961325896773e+00
1.039644920745489698e-01,-2.475390864865128826e+00,1.711159600221081822e+00
1.019629130029165026e-01,-2.476485587884971196e+00,1.506841044304094268e+00
9.926266110665311893e-02,-2.477093636910871588e+00,1.268434306115848287e+00
9.590576380416535041e-02,-2.477175823834750990e+00,1.058876701966188216e+00
9.399609845102031846e-02,-2.475809399524439680e+00,8.440400074366718464e-01
9.133026345533498680e-02,-2.474175460664454373e+00,6.235285190631760788e-01
8.849842964084121688e-02,-2.472299613274644869e+00,3.477815409754596021e-01
8.600652793962074161e-02,-2.470027404529162585e+00,1.083960679337432204e-01
8.401702273144433242e-02,-2.467639305354537349e+00,-1.295388748761018560e-01
8.310276054032293691e-02,-2.465936070868465002e+00,-3.165922787632315383e-01
8.223108510814190752e-02,-2.463057939592857348e+00,-5.583812565717580778e-01
8.161182419895905704e-02,-2.459692532973422274e+00,-8.315021287996594568e-01
8.206767863524787321e-02,-2.457079540780168436e+00,-1.083564806658636970e+00
8.367752495831810855e-02,-2.454615870121447774e+00,-1.320945492568612156e+00
8.522470837842477387e-02,-2.452584310485786290e+00,-1.558318862368484270e+00
8.721613559119910375e-02,-2.451400868022740376e+00,-1.763501226997305382e+00
9.040670943504391932e-02,-2.450866503179587763e+00,-2.000928260877491649e+00
9.358502681778682608e-02,-2.451354783096470147e+00,-2.220614062639947761e+00
9.509509126851654892e-02,-2.452484899647711991e+00,-2.398280752300371965e+00
9.711696096288428837e-02,-2.454044913186222754e+00,-2.608384285138449332e+00
9.857873667938980844e-02,-2.455305828237110077e+00,-2.787635717789973100e+00
1.003202073558195073e-01,-2.456763960721096041e+00,-2.971976330143332401e+00
1.019168876658418654e-01,-2.459437112849990115e+00,3.070297671620497493e+00
1.033971658470189403e-01,-2.461986436037891579e+00,2.833287596400380970e+00
1.041842583197433447e-01,-2.463506573615906525e+00,2.646219237664269031e+00
1.052078057465711397e-01,-2.466024855154143935e+00,2.403373773619182696e+00
1.049723050235902427e-01,-2.468820046279773806e+00,2.167143557010942967e+00
1.045409234426966649e-01,-2.470103492072037721e+00,1.980416310575380923e+00
1.029985732097796203e-01,-2.472109082389364776e+00,1.736739946522183109e+00
1.004761442902319946e-01,-2.473486314502981287e+00,1.485039926633370033e+00
9.729937118822742925e-02,-2.474599201841459539e+00,1.262247694597082859e+00
9.515891158385619830e-02,-2.474250279663241070e+00,1.089778873809870818e+00
9.268915357832825663e-02,-2.473262013406042126e+00,8.972876204556399227e-01
9.075077647074170084e-02,-2.472178557709166391e+00,7.085063029145051150e-01
8.866309697980971627e-02,-2.470975458436643901e+00,5.111064838512325847e-01
8.623808876140354185e-02,-2.468685612687195441e+00,2.618194313223022873e-01
8.449029497029005020e-02,-2.467118401143785000e+00,6.834011970089738652e-02
8.330048061177841578e-02,-2.465063547740997674e+00,-1.274159166563387235e-01
8.225622218251718576e-02,-2.462464484992526792e+00,-3.384231799769212290e-01
8.097178152038146670e-02,-2.460170066029576663e+00,-5.465318054456697050e-01
8.037954967086283209e-02,-2.457406723438612772e+00,-7.914308411433521595e-01
8.077496733078994018e-02,-2.454316296900889149e+00,-1.012364878171884364e+00
8.180874662302960176e-02,-2.452149956632955430e+00,-1.264511629397297998e+00
8.345548392675529448e-02,-2.450158629886478590e+00,-1.504655769320927261e+00
8.601802846503645017e-02,-2.448373894141766094e+00,-1.758424931652422085e+00
8.902829923338791140e-02,-2.447984901009824910e+00,-2.018908266619876102e+00
9.152824463585172710e-02,-2.448541585710966917e+00,-2.232788847907595464e+00
9.361497910358192176e-02,-2.449649899929713381e+00,-2.409153068346008730e+00
9.513220265566021960e-02,-2.450916161400124249e+00,-2.596516477229052988e+00
9.740337146892280584e-02,-2.452654274070932949e+00,-2.833589264243497219e+00
9.977413814232934108e-02,-2.455003348278172126e+00,-3.084279604826118959e+00
1.012465921959050802e-01,-2.457289924060638953e+00,2.962855445694388301e+00
1.023431365216718181e-01,-2.459229489320075235e+00,2.715947353847913970e+00
1.038609404183143681e-01,-2.461767645220865663e+00,2.498679123416812864e+00
1.063283923943941500e-01,-2.459288572965117048e+00,2.525508462451587111e+00
1.039006633255012690e-01,-2.461505836073377029e+00,2.806972976177493528e+00
9.160499898655642681e-02,-2.456176503072316830e+00,2.940686562524815084e+00
9.199759893492766294e-02,-2.455337620648467389e+00,3.109247443205505057e+00
9.127208367525101174e-02,-2.455742730073933622e+00,-2.987120959566043510e+00
9.097009624650378989e-02,-2.458597366732822032e+00,-2.751240206234406127e+00
5.434398760451252669e-02,-2.480444663783416548e+00,-2.761396206714683110e+00
-4.006730881052646825e-02,-2.523477056856795464e+00,-2.730189115636411756e+00
-1.332085382664405793e-01,-2.575209768324703941e+00,-2.623769307340570567e+00
-2.223118137559215723e-01,-2.628985971535175992e+00,-2.649274889778326258e+00
-3.143926365683812896e-01,-2.686297545754177118e+00,-2.553094157403403397e+00
-4.005367498630385548e-01,-2.752029094879900661e+00,-2.452430392979580986e+00
-4.805395816900901451e-01,-2.822154200874420482e+00,-2.414421167848915584e+00
-5.625164571219513077e-01,-2.893507572726967680e+00,-2.423139402237191931e+00
-6.452334784697334458e-01,-2.964557818669273370e+00,-2.427280541778637168e+00
-7.262454186988446247e-01,-3.034105751049422484e+00,-2.427376186178213047e+00
-8.098201364957404724e-01,-3.106029132142154925e+00,-2.427304935186351820e+00
-8.768595163333759990e-01,-3.163739383909618841e+00,-2.570877168726403816e+00
-8.777892546287139330e-01,-3.167165978969449736e+00,-2.763115968959870550e+00
-8.777379882795937061e-01,-3.169964501560585290e+00,-2.938512698651047916e+00
-8.780911972220268868e-01,-3.173405906158078160e+00,-3.135771992862601110e+00
-8.789073318896828413e-01,-3.176739639963822803e+00,2.966769396748239807e+00
-8.817255291439030085e-01,-3.181578623123703320e+00,2.815422769314156248e+00
-8.842364151131864025e-01,-3.186717965280054354e+00,2.643281753630141839e+00
-8.858150613449540245e-01,-3.190495705050525377e+00,2.430879252090977438e+00
-8.861754358964539779e-01,-3.192012731751542098e+00,2.213566419363446336e+00
-8.895722258487418488e-01,-3.197403123457635221e+00,2.063215383907485823e+00
-8.920271675989562832e-01,-3.200401587367684098e+00,1.877666610664646241e+00
-8.948277381047202717e-01,-3.203445401153118155e+00,1.684840504085374668e+00
-8.978253249190253360e-01,-3.205845628900608535e+00,1.490671120724456289e+00
-9.022444165330466559e-01,-3.208884001840278000e+00,1.312391343205782546e+00
-9.070115870560548910e-01,-3.213242166870351912e+00,1.139118730318453121e+00
-9.119254284122182419e-01,-3.216064329721476156e+00,1.027205407853071462e+00
-9.151944077992020254e-01,-3.217760547529389559e+00,8.630740327148094249e-01
-9.168691236334918226e-01,-3.218987826125420337e+00,6.165742605870125903e-01
-9.207125807546050478e-01,-3.217529817277287041e+00,5.446478537322384517e-01
-9.226072104496236825e-01,-3.216566108482350028e+00,3.467369335085457305e-01
-9.243149899332430142e-01,-3.215391012151092021e+00,1.538238244853070424e-01
-9.244345435391071453e-01,-3.213257174808989536e+00,-1.225817917314026527e-02
-9.250911950248772442e-01,-3.213656421437482535e+00,-2.215750540445458050e-01
-9.222555318629896970e-01,-3.207503060251041038e+00,-2.602793316741250917e-01
-9.212417168027305925e-01,-3.206703518555424015e+00,-4.543380381291666770e-01
-9.205330215220737244e-01,-3.205861464874716127e+00,-6.463472932223002232e-01
-9.190869440638237409e-01,-3.202939124473565435e+00,-7.996107419368911895e-01
-9.182555273506435300e-01,-3.201036820711843145e+00,-9.852335995644049271e-01
-9.169902413539213759e-01,-3.200478268541394389e+00,-1.157355494196031342e+00
-9.159648694848150363e-01,-3.199594159644111979e+00,-1.349900968148934677e+00
-9.143442132926975496e-01,-3.198216420917051828e+00,-1.531154643835481277e+00
-9.128161572122017731e-01,-3.196697011437024560e+00,-1.716280511599888703e+00
-9.105343509042520544e-01,-3.195761340422036856e+00,-1.895394680433007961e+00
-9.082894105783022587e-01,-3.195022215281691835e+00,-2.077923884870209292e+00
-9.067184283704907699e-01,-3.194290277991652438e+00,-2.169458147809395054e+00
-9.089269979020286883e-01,-3.194058856337693708e+00,-1.989367333005224392e+00
-9.115052379971585461e-01,-3.194464642571244628e+00,-1.804194099770882298e+00
-9.131577511120483326e-01,-3.194423274852682404e+00,-1.626281742280991649e+00
-9.145075301294828263e-01,-3.195419519803464059e+00,-1.455676160262387997e+00
-9.152733226852260984e-01,-3.196501113116331450e+00,-1.267946708005991185e+00
-9.161645163172901229e-01,-3.197180000540842393e+00,-1.095461265438391063e+00
-9.163592002883687027e-01,-3.198607181477754136e+00,-9.202202876296208256e-01
-9.162829472765341432e-01,-3.199769966276114097e+00,-7.479128449763755571e-01
-9.157759274408130423e-01,-3.201119529937199282e+00,-5.752713987432065412e-01
-9.150138218300580828e-01,-3.201091115619094207e+00,-3.742056100765550619e-01
-9.140916602161233140e-01,-3.199728488587920250e+00,-1.311303709696516329e-01
-9.138614320847389116e-01,-3.200616927635184794e+00,1.850050790150577912e-02
-9.141774348400872885e-01,-3.200730129036247096e+00,1.936563015431685963e-01
-9.137129862889317167e-01,-3.201652002796465002e+00,3.748437651368360934e-01
-9.127453201584321274e-01,-3.202401618239734571e+00,5.486655222149184885e-01
-9.124832041038303254e-01,-3.202065540238894226e+00,7.106517251431634374e-01
-8.432065371133374843e-01,-3.136371307843553335e+00,7.537110053741158389e-01
-7.709562608103261994e-01,-3.062593267592151225e+00,7.883010810755343156e-01
-7.010364527811502322e-01,-2.988330659945505730e+00,8.155363990743796920e-01
-6.313227819749855918e-01,-2.914077205809562532e+00,7.912654732769566213e-01
-5.595613943551126512e-01,-2.840508655148376693e+00,7.481651831321746160e-01
-5.033258353410899888e-01,-2.793739378766351145e+00,5.438259310406248215e-01
-4.569066189992291860e-01,-2.766646737105806331e+00,4.045624920691882620e-01
-3.966383872323619442e-01,-2.756450016205242104e+00,1.805399535370499631e-01
-3.351118265607153646e-01,-2.755358964853358739e+00,-2.415491689413237775e-02
-2.720447756123792749e-01,-2.766467870367617543e+00,-2.256702090025035912e-01
-2.074506039787519240e-01,-2.791878650646172577e+00,-4.360265984840441256e-01
-1.482072754070676845e-01,-2.829185778255867589e+00,-6.301320706423250151e-01
-8.883308273868720240e-02,-2.882379813796911883e+00,-8.158655670736242316e-01
-2.287238130738727948e-02,-2.962070157268104964e+00,-8.311947367285404953e-01
4.739604127496745145e-02,-3.040076572504343932e+00,-8.166390739282916034e-01
1.274522969720780774e-01,-3.129172446842015010e+00,-7.678055068413618400e-01
2.058504418854069096e-01,-3.213045486450547550e+00,-8.210401953112406170e-01
2.542303247325713444e-01,-3.262710209976853459e+00,-8.675952313203214583e-01
2.780658848695870544e-01,-3.292850652458720884e+00,-1.071815731423753970e+00
2.960254834643923361e-01,-3.323297030565460553e+00,-1.277823479682690611e+00
3.073563701397011294e-01,-3.357168668219326690e+00,-1.486844994705989853e+00
3.118187891183459848e-01,-3.389998056872089993e+00,-1.678554343027278017e+00
3.087522986951599102e-01,-3.426421886116466808e+00,-1.872716022620780407e+00
2.954630393715318437e-01,-3.467555521764615012e+00,-2.086038998166537262e+00
2.659406304470863236e-01,-3.512739645722333659e+00,-2.342380734562398370e+00
2.586032014804349188e-01,-3.507386445643721373e+00,-2.314903719548870420e+00
2.569137486275743787e-01,-3.506075831970136392e+00,-2.111464360109991389e+00
2.374988114274771689e-01,-3.537952995063655681e+00,-2.053777191304923200e+00
1.958479375784431264e-01,-3.621873954020444319e+00,-2.013785755756970719e+00
1.517249713300297675e-01,-3.712581041994972963e+00,-2.017007613061809312e+00
1.055648587407411881e-01,-3.805400443398023747e+00,-2.015348869432447287e+00
5.833561312755126960e-02,-3.899760237028961463e+00,-2.015977148251330675e+00
3.854481354646147051e-02,-3.933319706166499508e+00,-1.871766324807896398e+00
3.508615616901641920e-02,-3.937458201963012439e+00,-1.676504438233405114e+00
3.067029698133977300e-02,-3.938929269676462397e+00,-1.528062781827571381e+00
3.000450052108395715e-02,-3.940471133269466630e+00,-1.312032899916323769e+00
3.004734913382893849e-02,-3.942867564237941380e+00,-1.103873094352349371e+00
3.040559315224999892e-02,-3.945314158566957552e+00,-9.066256561298930983e-01
3.190353852597341971e-02,-3.951313399422137884e+00,-8.058287496985617748e-01
3.664827401314234290e-02,-3.956933901285824451e+00,-6.208224055073411352e-01
5.468628370985974263e-02,-3.995681662119418220e+00,-5.469848757401774009e-01
1.352615427319139030e-01,-4.055672987054755652e+00,-6.581086319249895844e-01
1.760094598546202704e-01,-4.085058954833559852e+00,-9.496965100995407028e-01
1.776098252684253920e-01,-4.082914571317065366e+00,-1.168840012766452885e+00
1.793975554912691228e-01,-4.081020094337882043e+00,-1.378863054808938671e+00
1.874061971088860079e-01,-4.075804994407685733e+00,-1.403644359210554082e+00
1.850018843301975413e-01,-4.074459501112831283e+00,-1.559521489748583623e+00
1.850496733868619570e-01,-4.073364188088457460e+00,-1.736262373104358048e+00
1.856048998698936747e-01,-4.072529222730992160e+00,-1.921147565506292620e+00
1.868682717298832952e-01,-4.072936868523287401e+00,-2.116276718151520075e+00
1.860850843352142014e-01,-4.073280773899135454e+00,-2.310294957609717592e+00
1.879091850396225338e-01,-4.077438687183152943e+00,-2.521646752407243675e+00
1.905069840237068324e-01,-4.081571234028534612e+00,-2.709634641381492237e+00
1.910896759168631553e-01,-4.083250757244273998e+00,-2.891259653250245698e+00
1.914653179373190239e-01,-4.085585564414645710e+00,-3.140120889595682474e+00
1.911360711092887632e-01,-4.087126900112560968e+00,2.964745701940697753e+00
1.909051880747180130e-01,-4.090082890770689872e+00,2.726443891205855952e+00
1.902613318935953701e-01,-4.092733585724112721e+00,2.519959639285846986e+00
1.889005565952473209e-01,-4.096492519405348531e+00,2.276318289050128563e+00
1.866726531943974643e-01,-4.099143055143259495e+00,2.037414654836657402e+00
1.845862873985330277e-01,-4.101990646216169267e+00,1.834721585991639481e+00
1.815096434260881353e-01,-4.104804725017983102e+00,1.596536411324602778e+00
1.784059484844689736e-01,-4.106711541224555617e+00,1.360920236052911347e+00
1.751834537167492878e-01,-4.107771512145234283e+00,1.156557664986008760e+00
1.707087151428449967e-01,-4.108105058421682720e+00,9.156377820440534387e-01
1.673148478581370502e-01,-4.107723368915582540e+00,6.754112304383853571e-01
1.646738564716121178e-01,-4.107160284846059994e+00,4.740462481320751320e-01
1.624216472764144770e-01,-4.105892754165108016e+00,2.402041870508695998e-01
1.599987002215813581e-01,-4.104156691177847094e+00,-2.429102528583840584e-02
1.584395491709809645e-01,-4.102392380016283369e+00,-2.270792222121623960e-01
1.576065777753397068e-01,-4.100923583519201721e+00,-4.108944535308510781e-01
1.571551486742860659e-01,-4.098520186777459884e+00,-6.680346057442834162e-01
1.571880130942973908e-01,-4.095414912243483307e+00,-9.585785407885309972e-01
1.580487318306249556e-01,-4.093523649936000375e+00,-1.224163654547734570e+00
1.601171844643305975e-01,-4.091764249717892099e+00,-1.483930838926043050e+00
1.619758460441788339e-01,-4.090711371251989803e+00,-1.685167620385542575e+00
1.640117956558777568e-01,-4.090323355904636138e+00,-1.868139932025149941e+00
1.674400280287459408e-01,-4.090885966307948429e+00,-2.133857955957093377e+00
1.707913394366833149e-01,-4.092631897100965865e+00,-2.428004614262904592e+00
1.738138482038653065e-01,-4.094677677387388748e+00,-2.690515308239817216e+00
1.755730966535475057e-01,-4.096405104109135387e+00,-2.869809015023777388e+00
1.780356310361310146e-01,-4.099212814334517674e+00,3.119689414345124590e+00
1.793379607019885136e-01,-4.101412473216457855e+00,2.941048919890132840e+00
1.806350330375991464e-01,-4.103929350107993201e+00,2.761842174150888507e+00
1.813527956353538917e-01,-4.107288915729755630e+00,2.509355329528418554e+00
1.815573449082745761e-01,-4.110265640320143632e+00,2.299128826481613874e+00
1.807869268220325953e-01,-4.114704369293649577e+00,2.116453121162426676e+00
1.798749937071874305e-01,-4.117771571523969776e+00,1.943702356380125451e+00
1.788623024505454906e-01,-4.121085107943651238e+00,1.749875167828367939e+00
1.773894055751593091e-01,-4.122978840084201124e+00,1.575948608583206179e+00
1.753462927136510419e-01,-4.125288291551824749e+00,1.402834222028601641e+00
1.737538458516554307e-01,-4.125634845790789207e+00,1.235177920336870683e+00
2.075601490563058760e-01,-4.055073794522483510e+00,1.143965809228937758e+00
2.568814920970720617e-01,-3.960062266784936114e+00,1.140177598925995905e+00
3.052738970967755483e-01,-3.864443067328203529e+00,1.138717323188079611e+00
3.564779304206064925e-01,-3.766331283457781787e+00,1.132233810262647689e+00
3.911723271341105423e-01,-3.679410182987769229e+00,1.116801402836804957e+00
4.303644381062909918e-01,-3.586814325413445470e+00,1.071330241905538161e+00
4.699603424076216895e-01,-3.498592767755171362e+00,1.007858342471255053e+00
5.366707689181050567e-01,-3.404760799750849110e+00,9.741443482478826521e-01
5.952537386139334918e-01,-3.311537012238495059e+00,9.905925141692207836e-01
6.606830004891393049e-01,-3.217062412389621873e+00,1.051620986663432733e+00
7.225954909430053474e-01,-3.117030090275573873e+00,1.034819920824066930e+00
7.744882397984297340e-01,-3.027947810654151972e+00,9.850861317600146938e-01
8.029632734462213151e-01,-2.943887837957098963e+00,9.446973433096756967e-01
8.694688241413462970e-01,-2.859156211135060133e+00,8.769640076053573097e-01
9.463441898552539255e-01,-2.771621451068870812e+00,8.229873046002752490e-01
1.024363230671910374e+00,-2.690749201461706708e+00,7.746674151173414957e-01
1.107778568855025458e+00,-2.612839445979359354e+00,7.057299715205272994e-01
1.193386649997616011e+00,-2.544570469111453903e+00,5.381023780582745442e-01
1.218969686427184396e+00,-2.510532428846172781e+00,5.275930093717593472e-01
1.217438859924066419e+00,-2.509488330112101817e+00,3.277191997156515546e-01
1.216319161324196152e+00,-2.508361612672509899e+00,1.278364925249116102e-01
1.215576051269288582e+00,-2.507156278683941864e+00,-7.193714188769695372e-02
1.215078240075812888e+00,-2.506149464236032021e+00,-2.720882607642181594e-01
1.217752119455248749e+00,-2.505842042453097829e+00,-4.639761465993404443e-01
1.224747490713839149e+00,-2.509380760586108927e+00,-6.466069889523368142e-01
1.234283354750150385e+00,-2.513716324659578394e+00,-7.322989885283162081e-01
1.233458378365765329e+00,-2.516589590784459318e+00,-7.153731197837175371e-01
1.235190726036368813e+00,-2.518580395294051311e+00,-5.222459529999582406e-01
1.236975654885883902e+00,-2.521076266506134367e+00,-3.082911037662211529e-01
1.239306985637192549e+00,-2.523429188478535590e+00,-9.348808193645685716e-02
1.241508922421583172e+00,-2.525577539326883780e+00,1.294231263175292523e-01
1.244102124127026476e+00,-2.527155265989163624e+00,3.301148562253220509e-01
1.246557766648120902e+00,-2.528813274064303673e+00,5.227710313431643829e-01
1.254369406280021026e+00,-2.532383743409871268e+00,6.573814106765470955e-01
1.257608319066246594e+00,-2.533651982872096031e+00,8.441915158610643344e-01
1.261468499289475576e+00,-2.534849314016021538e+00,1.018600901038655193e+00
1.266504189694055427e+00,-2.536487517547728832e+00,1.174281872433453833e+00
1.270682369962460090e+00,-2.536615661287793699e+00,1.377463798690084174e+00
1.277879767686041168e+00,-2.536802173001283300e+00,1.530639526298424036e+00
1.281540753372251373e+00,-2.533648961238092134e+00,1.751120899142298404e+00
1.284467252969090145e+00,-2.530020034900565928e+00,1.973314906610508235e+00
1.287186319243663446e+00,-2.526316514439808092e+00,2.194454733135336788e+00
1.289307827194917211e+00,-2.522546490995007051e+00,2.415297220698298997e+00
1.294066809293167086e+00,-2.515643025364136864e+00,2.560287574094115115e+00
1.296067523338343630e+00,-2.513018785010315170e+00,2.778810841269956811e+00
1.300171039097587133e+00,-2.507992291589717926e+00,2.973736874234220728e+00
1.305332330544605846e+00,-2.506295430203830055e+00,-3.105368258302167117e+00
1.290297178476710549e+00,-2.537359184423099379e+00,-3.030687383881924823e+00
1.293474453458695494e+00,-2.553859184019704909e+00,-2.714618979996789250e+00
1.292157574540657494e+00,-2.556520244852524382e+00,-2.664381218805197182e+00
1.291094861337126920e+00,-2.559154867291157931e+00,-2.494655731979673163e+00
1.290682849288634859e+00,-2.477587625843407082e+00,-2.243120277343940927e+00
1.310896367098489668e+00,-2.463034500694148310e+00,-2.152298361676105554e+00
1.331702288490771879e+00,-2.439395856391662676e+00,-2.093585959381218942e+00
1.330816175174691418e+00,-2.438901250780187269e+00,-1.908854776144979004e+00
1.328678721496229453e+00,-2.439515927848546539e+00,-1.680908449298393004e+00
1.326107041124197305e+00,-2.441430607360375760e+00,-1.434022741363055742e+00
1.325000451523869138e+00,-2.443636584074727391e+00,-1.236189812852281023e+00
1.323732431787243202e+00,-2.445886262871711292e+00,-1.025413336460565761e+00
1.323370867426552300e+00,-2.448697724489920180e+00,-7.879045313691442898e-01
1.323895117739213756e+00,-2.452147411270713118e+00,-5.352152546761765883e-01
1.325498768942469097e+00,-2.455699455408061116e+00,-3.464971005257442838e-01
1.429031092700003391e+00,-2.492616534056095734e+00,-3.418217361125096554e-01
1.529661823112816954e+00,-2.528866861399731381e+00,-3.412220596216866686e-01
1.622160342486420825e+00,-2.562382118756034721e+00,-3.347616751305578231e-01
1.720087695706044695e+00,-2.593340959921343281e+00,-2.878529479037022498e-01
1.787487215106940308e+00,-2.618091787203162824e+00,-4.327657443276148319e-01
1.799391113031951539e+00,-2.624834021235850745e+00,-6.354884381949880146e-01
1.876330875993307501e+00,-2.694157654078245034e+00,-7.455926370463249464e-01
1.951396910169235444e+00,-2.764031052497191165e+00,-7.466486464934595224e-01
2.030108142247586844e+00,-2.836460423404000508e+00,-7.452850667806673046e-01
2.044593440854348909e+00,-2.847674528039114250e+00,-9.227456168541752213e-01
2.045658548192242243e+00,-2.846171087573170499e+00,-1.069462039835798572e+00
2.047352652390209471e+00,-2.846037352354788830e+00,-1.247332348978570593e+00
2.048903978644978086e+00,-2.844803032098324191e+00,-1.426858533368328130e+00
2.051267867943026957e+00,-2.843795635094910512e+00,-1.636267884486485746e+00
2.053371137570632055e+00,-2.843444703999618905e+00,-1.828776050524014929e+00
2.056005750791574549e+00,-2.843800879743605403e+00,-2.038772612714033539e+00
2.058433639413866700e+00,-2.844310730241884411e+00,-2.228382946574508416e+00
2.061113982367327679e+00,-2.845024260969615248e+00,-2.427133131097620744e+00
2.063686033723008073e+00,-2.846306563151910218e+00,-2.620057038903008007e+00
2.065697163418465543e+00,-2.847497542719496622e+00,-2.825951591919521722e+00
2.067482402829083910e+00,-2.849287857754792430e+00,-3.028336069826131016e+00
2.069248321591932616e+00,-2.850921467910475293e+00,3.064195794541147322e+00
2.070756964221763585e+00,-2.853469301899627997e+00,2.855884734938541225e+00
2.071730717619120643e+00,-2.855600593215376737e+00,2.647684738673804272e+00
2.072366145668436133e+00,-2.857700039951472704e+00,2.456257066644672804e+00
2.072322701853959614e+00,-2.859990354604136975e+00,2.253447493553591752e+00
2.070222545145983251e+00,-2.866278702130683254e+00,2.241736514871893515e+00
2.069978417170687646e+00,-2.868449772096634209e+00,2.026282158126007982e+00
2.068952253651518358e+00,-2.870392816832209260e+00,1.820970818587672513e+00
2.067881438896129520e+00,-2.872407571441426999e+00,1.595495853286226229e+00
2.066034478981981337e+00,-2.873075598869561986e+00,1.400460945853163830e+00
2.063894317026079062e+00,-2.873420588794050268e+00,1.180579717834790321e+00
2.061861769074310402e+00,-2.872773573833310223e+00,9.652516728257825029e-01
2.060212953490387910e+00,-2.871796881479662389e+00,7.549505596056655943e-01
2.058599755557827926e+00,-2.870886771616026678e+00,5.649788034224263455e-01
2.057347465986358426e+00,-2.869779103065010606e+00,3.783892860317347728e-01
2.056187907731736431e+00,-2.868302510924492399e+00,1.711659943611451296e-01
2.055653192570758847e+00,-2.866333174060873290e+00,-4.920821933822053934e-02
2.054436162489103435e+00,-2.864242937200187633e+00,-2.722828472128512312e-01
2.053990660823796777e+00,-2.862204455336576636e+00,-4.592300272131811800e-01
2.053688529439527510e+00,-2.860167325342491296e+00,-6.437210895255767173e-01
2.053909586364899731e+00,-2.858249272546669051e+00,-8.334170980342350266e-01
2.054872567464898658e+00,-2.856233930603322424e+00,-1.018681526777305280e+00
2.056065669449439248e+00,-2.854546723224016258e+00,-1.209396458408576125e+00
2.058008853353525680e+00,-2.852629821559585999e+00,-1.429645137585390469e+00
2.060023871565045628e+00,-2.851351426723669036e+00,-1.626918082173008040e+00
2.062897976153742707e+00,-2.850343744385976930e+00,-1.869307509324786398e+00
2.066157614577469381e+00,-2.850283107925335901e+00,-2.092270775730868504e+00
2.068782563143668707e+00,-2.850700948242951949e+00,-2.284735944556446352e+00
2.071668870702522813e+00,-2.851077643183065558e+00,-2.507290929268344293e+00
2.074143499519406575e+00,-2.852181676396721599e+00,-2.697321189484371384e+00
2.075831585788624700e+00,-2.853415252932351098e+00,-2.879258040460522583e+00
2.077985691777617827e+00,-2.855359535006003924e+00,-3.093210441443010161e+00
2.079229691157479021e+00,-2.857035120587629873e+00,3.003274949638024882e+00
2.080449779877727945e+00,-2.858950913711371555e+00,2.785680763918686242e+00
2.081403818288165564e+00,-2.861234015985848256e+00,2.577781965314761337e+00
2.081909092282211216e+00,-2.863083561231930751e+00,2.395817773663697192e+00
2.061936935443072105e+00,-2.847366504595571168e+00,2.396933970746028209e+00
1.979740227740766301e+00,-2.771560411224159193e+00,2.387864461256733684e+00
1.893248300628912251e+00,-2.697084978831812307e+00,2.387515878768022404e+00
1.835515132090054458e+00,-2.629832822347063725e+00,2.394626992121258180e+00
1.755743689337163405e+00,-2.555812130012668160e+00,2.413103199413430655e+00
1.677440356023095047e+00,-2.488236715406407562e+00,2.379177822230385875e+00
1.676212095006977432e+00,-2.487663416512926329e+00,2.159698251054609219e+00
1.674658230575294171e+00,-2.488541484169511264e+00,1.929304318562436116e+00
1.672947750678233758e+00,-2.489144100687279870e+00,1.707929562689760816e+00
1.670645037439052016e+00,-2.489672183623850010e+00,1.510730832222016984e+00
1.667779776098858191e+00,-2.489730653230514346e+00,1.291477564678198853e+00
1.665337230487537790e+00,-2.488837307011725564e+00,1.093468805787882747e+00
1.662550211589994609e+00,-2.487490870793015674e+00,8.728213204028661965e-01
1.660333897110632950e+00,-2.485897390643556193e+00,6.745889038431590601e-01
1.657990988232107110e+00,-2.483963423832571404e+00,4.776788757351649872e-01
1.655755561828173628e+00,-2.481471300299479488e+00,2.606617093645422489e-01
1.654274326854571209e+00,-2.479230596265333375e+00,6.372688024535071161e-02
1.652651148482466192e+00,-2.476602868880721342e+00,-1.537457421479063446e-01
1.651378271021271660e+00,-2.473384592088861744e+00,-3.533659740016371065e-01
1.650333180152201207e+00,-2.469917219600841651e+00,-5.721626554628278516e-01
1.649664185550018036e+00,-2.466955198847790243e+00,-7.679540047742119402e-01
1.649759475122065000e+00,-2.463780940375790429e+00,-9.856941531542492418e-01
1.650317115601696472e+00,-2.460625133966185096e+00,-1.184652321132996233e+00
1.651468271419417544e+00,-2.458188420592387846e+00,-1.403420544383633839e+00
1.652846252877214317e+00,-2.455702336732223934e+00,-1.621994222204634406e+00
1.654332922781062809e+00,-2.454076782455558270e+00,-1.820171468835380502e+00
1.656107950818886509e+00,-2.453001277122021317e+00,-2.019464178551101607e+00
1.658141397517002957e+00,-2.452618145554962492e+00,-2.235710386649700343e+00
1.660111192308113326e+00,-2.452371826074481120e+00,-2.437389965422533944e+00
1.588695923373594665e+00,-2.497885419081923519e+00,-2.446716235670066020e+00
1.504759728147576636e+00,-2.561892094305937562e+00,-2.454281461748777815e+00
1.423933118867188874e+00,-2.625549914473737978e+00,-2.442027968925915005e+00
1.344103518993648105e+00,-2.689251190684964321e+00,-2.445713177958119822e+00
1.272352310936630149e+00,-2.749577707528843451e+00,-2.453355857718465316e+00
1.239271180659065941e+00,-2.780519936237875633e+00,-2.436636471220525291e+00
1.207406338508593802e+00,-2.794249047245629836e+00,-2.133724137095237339e+00
1.185801073808518291e+00,-2.805987220218620681e+00,-1.928801013591468827e+00
1.170915783694848056e+00,-2.819924535333177662e+00,-1.624519033878405017e+00
1.171405206288588019e+00,-2.854055594026100540e+00,-1.516038615232948361e+00
1.171402131435357097e+00,-2.862994936377546651e+00,-1.427653709745895672e+00
1.176763938929886066e+00,-2.880562567153645670e+00,-1.209932087467845641e+00
1.183212708579425732e+00,-2.895978822944747844e+00,-9.990408680261017027e-01
1.192874669857679981e+00,-2.910343819060481341e+00,-7.872883008878683864e-01
1.204514055098914627e+00,-2.921228861060025661e+00,-6.126053166920382154e-01
1.217196070917198947e+00,-2.928337286774820747e+00,-4.190989097126265328e-01
1.232392815519016471e+00,-2.933544919091034320e+00,-2.115281269767872452e-01
1.248308493589517010e+00,-2.944165795059169088e+00,-9.584698197230118177e-02
1.266750003908591271e+00,-2.938964030989879461e+00,1.625344325459123218e-01
1.273827164576350368e+00,-2.938690545100806961e+00,1.362766558365005598e-01
1.273007241508583132e+00,-2.934686635255590925e+00,-6.423934544826834236e-02
1.272934195737605911e+00,-2.932739507944645219e+00,-3.314158347167980856e-01
1.273474854617862695e+00,-2.930907724789095337e+00,-5.437584115798007600e-01
1.274294071057677558e+00,-2.928072985636960279e+00,-8.005317472273267843e-01
1.275778360279981039e+00,-2.925631425935570462e+00,-1.076994197483921223e+00
1.277544310345784195e+00,-2.924237204039182636e+00,-1.255575088595167976e+00
1.279924816959312261e+00,-2.922814158618135316e+00,-1.448264317677347091e+00
1.282851455781248928e+00,-2.922232241360905647e+00,-1.632536786315412547e+00
1.285833404106175415e+00,-2.921902616813967679e+00,-1.836891686110478705e+00
1.289278864821851833e+00,-2.921766986184342052e+00,-2.029097785095606898e+00
1.292639346067224526e+00,-2.922222469051908078e+00,-2.220561260194140019e+00
1.297302107932782667e+00,-2.923596793044943354e+00,-2.527046728932356157e+00
1.301629908524593926e+00,-2.926397296270056625e+00,-2.773223157351961454e+00
1.304003565264578723e+00,-2.928188509853224542e+00,-2.964648638164888439e+00
1.307721697678904338e+00,-2.932066528809699868e+00,3.012120735284918638e+00
1.310063990394672473e+00,-2.935140003155038091e+00,2.746788647841970743e+00
1.311748766542047306e+00,-2.938693668459064767e+00,2.496311930299571991e+00
1.312033585425051552e+00,-2.941194781159099936e+00,2.263410592057625959e+00
1.312328296968721109e+00,-2.944852353577213311e+00,1.992762097394169762e+00
1.311728541285809957e+00,-2.946685214995126145e+00,1.800664472372494496e+00
1.310213858264692277e+00,-2.949217419733248580e+00,1.493685436557517621e+00
1.308175295842249453e+00,-2.950639043589278199e+00,1.227183646156799091e+00
1.306520079197913686e+00,-2.951136779655780362e+00,1.034310659297762003e+00
1.303537422318346461e+00,-2.950872414960456158e+00,7.286892974828650393e-01
1.301446732043284316e+00,-2.949258897173158811e+00,4.599393986255082556e-01
1.300473265233766940e+00,-2.948049870434727548e+00,2.679104804311864818e-01
1.299326364305476877e+00,-2.945496473169385787e+00,-3.854112567601532258e-02
1.298990116620220681e+00,-2.942876337761684891e+00,-3.067878108672000281e-01
1.299190087258340398e+00,-2.940997727775664039e+00,-4.979105883494922558e-01
1.299474788118520685e+00,-2.937572734030876376e+00,-7.564251786240642206e-01
1.377692740618429168e+00,-3.012516643500876778e+00,-7.707466173649458741e-01
1.457926285507918696e+00,-3.088824686645463391e+00,-7.620974017511937815e-01
1.536425727778951922e+00,-3.165145606273122691e+00,-7.913295227645588126e-01
1.552450622279860193e+00,-3.175200424957170142e+00,-9.334417644096644207e-01
1.564483562484622503e+00,-3.191468290410507169e+00,-1.122842118353700958e+00
1.540807018722651467e+00,-3.230474156784497897e+00,-1.290309185869910724e+00
1.563599621097758741e+00,-3.318268353542138449e+00,-1.347569679304121859e+00
1.582145297503441794e+00,-3.433041971284680027e+00,-1.358522662843884232e+00
1.602005102047024732e+00,-3.465321971834655734e+00,-1.475398944890787378e+00
1.605321483062245536e+00,-3.467041223675072281e+00,-1.650349885729224919e+00
1.609493175391490949e+00,-3.468405856675782051e+00,-1.843482014876953512e+00
1.613637516924628423e+00,-3.470278072501298716e+00,-2.046251983982393607e+00
1.613089510934968995e+00,-3.472846630437956605e+00,-2.363823084498678284e+00
1.612220241804045440e+00,-3.477441089310009836e+00,-2.435133860924786120e+00
1.613200316830172731e+00,-3.477390760558451976e+00,-2.518044585658792300e+00
1.613053642542850774e+00,-3.476945036229972086e+00,-2.844739483567630067e+00
1.611900046947508436e+00,-3.475485763400934403e+00,3.132035180204453262e+00
1.611582873319482578e+00,-3.477799691408210325e+00,2.921394300776229525e+00
1.611097850990992564e+00,-3.479858092777183387e+00,2.731246921175308540e+00
1.610661654237220297e+00,-3.481600074312380499e+00,2.521494625802485956e+00
1.610408187144916292e+00,-3.483086741745047732e+00,2.332192799656786608e+00
1.609613838695509891e+00,-3.484643623027212644e+00,2.125447958067487875e+00
1.608218199688312700e+00,-3.485571694068211102e+00,1.937781478907513399e+00
1.606726031254900322e+00,-3.486370549265287000e+00,1.725631707329045250e+00
1.604780265598690914e+00,-3.487270192601064078e+00,1.539481367205763229e+00
1.602159988652419598e+00,-3.487590831905884148e+00,1.334426985221848216e+00
1.599227638285341868e+00,-3.487315062936100940e+00,1.159247228323407874e+00
1.597937835668095552e+00,-3.486849209307448572e+00,1.051341678610095531e+00
1.597348681346222321e+00,-3.485831503910231000e+00,8.745654443527339783e-01
1.597705391175525680e+00,-3.484208151543837673e+00,7.324294026902135046e-01
1.596454675034322701e+00,-3.481915178584268133e+00,5.338175475905888590e-01
1.596448756798641844e+00,-3.479863050488390286e+00,3.307806744921949482e-01
1.596699378227265598e+00,-3.477608712390948931e+00,1.472159701120757669e-01
1.602608499232080375e+00,-3.476948187373668731e+00,1.069205625605109122e-01
1.606210946631553949e+00,-3.478673256532989644e+00,2.636431441199950654e-01
1.607372499341073846e+00,-3.479993059006919687e+00,4.161905796404655744e-01
1.609062699758335269e+00,-3.481388016125543050e+00,6.198262441124835487e-01
1.611203944851678838e+00,-3.482564581591035324e+00,8.451959283189532934e-01
1.613847737796307857e+00,-3.482618421903828754e+00,1.051980112081793983e+00
1.615873150286200710e+00,-3.483066644161349146e+00,1.285321807010354700e+00
1.618135425494677593e+00,-3.481970633755914868e+00,1.483713649090962594e+00
1.620257297493942872e+00,-3.480849856419145016e+00,1.662853399928319709e+00
1.621746207226252734e+00,-3.479713879766317852e+00,1.840677461735096943e+00
1.622743520893231040e+00,-3.477682682261939995e+00,2.057905279075885829e+00
1.623053198731668312e+00,-3.476025937727315274e+00,2.239197805384956386e+00
1.622737640680272708e+00,-3.473939248205083707e+00,2.505402012767884656e+00
1.621487460873616726e+00,-3.472006716190992215e+00,2.721085363738668050e+00
1.620297290644162169e+00,-3.470381973645749074e+00,2.915022173327121546e+00
1.619218273788935791e+00,-3.468932217508271965e+00,3.092793084823032057e+00
1.617910489047819089e+00,-3.467489953595229935e+00,-2.995724449641882003e+00
1.616208195738726427e+00,-3.465764796096295175e+00,-2.783053886635292962e+00
1.612625377994095111e+00,-3.463698426074712344e+00,-2.517172792143730131e+00
1.617870702413953143e+00,-3.455467078168380279e+00,-2.424878247585039670e+00
1.554543101944254158e+00,-3.506365356925431609e+00,-2.329554314230207090e+00
1.479049912507245157e+00,-3.595130673503206253e+00,-2.334596055756812838e+00
1.404851299266638431e+00,-3.683875279413674431e+00,-2.314508807589743089e+00
1.329394393864501422e+00,-3.741741378465189172e+00,-2.223025570597615630e+00
1.291297063148242774e+00,-3.804916513598142203e+00,-1.959958563075393068e+00
1.276410978800728069e+00,-3.835556179000280785e+00,-1.851863236578024763e+00
1.257270826370816996e+00,-3.848912189505093728e+00,-1.711661385687281323e+00
1.238758263276240390e+00,-3.867691480518347547e+00,-1.485972792780053009e+00
1.238326275638643281e+00,-3.876720680493941806e+00,-1.309060782001698842e+00
1.239682285074419799e+00,-3.885743268051594868e+00,-1.129776975361244329e+00
1.282282604946349602e+00,-3.981964843033217072e+00,-1.128298047168716733e+00
1.304849278813956959e+00,-4.029535345730030471e+00,-1.296886458321681923e+00
1.305706346465240086e+00,-4.028502172446789764e+00,-1.470654643139618800e+00
1.306584853870508045e+00,-4.027815104839249649e+00,-1.649065892011686296e+00
1.290054772671839878e+00,-4.126101225860264954e+00,-1.699557532697990592e+00
1.288567079981681740e+00,-4.139668979402064686e+00,-1.864321662645502364e+00
1.287990545103453233e+00,-4.141845273047388254e+00,-2.013594679633849527e+00
1.285901074631455421e+00,-4.145169899830921878e+00,-2.248225751372762815e+00
1.285282225824238678e+00,-4.148744702331589984e+00,-2.394150539141621792e+00
1.209130621155080298e+00,-4.217620099137936229e+00,-2.385476536678748705e+00
1.137021064133749260e+00,-4.288252038596967353e+00,-2.350885450297812262e+00
1.121254071782567863e+00,-4.301071645192643622e+00,-2.181708539379903389e+00
1.065247328972499963e+00,-4.383620531864429459e+00,-2.146702870169824529e+00
1.006660893573067206e+00,-4.472196472548530366e+00,-2.145995950305277677e+00
9.481423007431842853e-01,-4.562697486864534469e+00,-2.116233722089154057e+00
8.961673489446091434e-01,-4.661219664655034123e+00,-1.969383391066904965e+00
8.722153776489754984e-01,-4.724996590236434812e+00,-1.819740523864311843e+00
8.637675540417656395e-01,-4.764382273499587761e+00,-1.643246075346522117e+00
8.565402543153024517e-01,-4.787322485283739049e+00,-1.533996380852100216e+00
8.599190505889448000e-01,-4.844534368473198072e+00,-1.424765686741403359e+00
8.852487393633289292e-01,-4.944280594428771991e+00,-1.210483880311413962e+00
9.204981949315136358e-01,-5.023684660486374298e+00,-1.131688203515488711e+00
9.708653161703089118e-01,-5.099093155457634197e+00,-8.933487715654080397e-01
1.035189129853840262e+00,-5.165026773672264149e+00,-7.384248821682948272e-01
1.085957296536764094e+00,-5.199753261228899248e+00,-5.521495302089751700e-01
1.115528782626934445e+00,-5.218732728681596100e+00,-5.889582450303595396e-01
1.111849792651912860e+00,-5.220939454460639340e+00,-8.647353532822363853e-01
1.174478428742670832e+00,-5.300412489367312574e+00,-9.036364219857089264e-01
1.217636841596115627e+00,-5.368622275415125600e+00,-8.375263699404463802e-01
1.224232639678628498e+00,-5.366667626614777475e+00,-5.832309879874084668e-01
1.219047235534000073e+00,-5.373552014885579098e+00,-4.463488714264083335e-01
1.220476661446751043e+00,-5.375891610797626008e+00,-1.968482040423492896e-01
1.223197784839041624e+00,-5.378604070760635736e+00,8.246373348180520424e-02
1.226775352636479743e+00,-5.380074390959999953e+00,2.655640477834657065e-01
1.227889233695951932e+00,-5.381381704867440163e+00,5.156578928861340616e-01
1.230803360286901738e+00,-5.382175740222507443e+00,7.205517188132848361e-01
1.233883477690277175e+00,-5.382453500522395018e+00,9.074011017560230652e-01
1.236418133570082567e+00,-5.382486778992062959e+00,1.091828545929970806e+00
1.238737872547225782e+00,-5.382535802179831741e+00,1.284087072537829721e+00
1.241713101716349632e+00,-5.381035031159721704e+00,1.472232181038813481e+00
1.244712316750184788e+00,-5.379459836807641615e+00,1.710684610252949822e+00
1.246599219975933925e+00,-5.377972306046626016e+00,1.888454377005152063e+00
1.248086627769059209e+00,-5.375873052611653158e+00,2.103264168995099492e+00
1.248996342296432083e+00,-5.373339664511752822e+00,2.294943426940266651e+00
1.248989310461134705e+00,-5.370357291846311831e+00,2.582476131512216888e+00
1.249149727484033301e+00,-5.368040261018130366e+00,2.764640775562366759e+00
1.248678150095747341e+00,-5.365092949401684130e+00,2.963411470579381479e+00
1.247251394850435124e+00,-5.362495272343421604e+00,-3.053311257312186999e+00
1.245646999110824105e+00,-5.360135659757453652e+00,-2.767274031062930906e+00
1.242990802523257665e+00,-5.359414805329354436e+00,-2.557725789110458781e+00
1.239574735501238534e+00,-5.358405743838449808e+00,-2.273454193020644887e+00
1.236681373535118755e+00,-5.358362758467406728e+00,-2.081674184385262194e+00
1.234477123989828229e+00,-5.358570463016143925e+00,-1.886243369236679346e+00
1.231423440307210626e+00,-5.360308117041139297e+00,-1.631537287516121815e+00
1.229432347933131719e+00,-5.361663972276884849e+00,-1.432330051754088895e+00
1.227440561553254428e+00,-5.364607333322300775e+00,-1.182760415349336736e+00
1.224849925674919016e+00,-5.367842567651004870e+00,-9.540372964076665463e-01
1.222449975657889043e+00,-5.372047567459309114e+00,-7.131973737289025728e-01
1.221316012888204794e+00,-5.374892450338034422e+00,-5.040064306958875751e-01
1.220483973569574054e+00,-5.378269285081305640e+00,-3.183471657403972310e-01
1.220249312376699313e+00,-5.382291633261273134e+00,-6.730111761705701023e-02
1.220540553045449395e+00,-5.385221387666955017e+00,1.233959731933001874e-01
1.220910574764121570e+00,-5.388530719514760925e+00,3.660324358144442791e-01
1.221716054424804465e+00,-5.391701224024817662e+00,6.271524423913014123e-01
1.222965245819126245e+00,-5.393962390956580144e+00,8.111867686911211628e-01
1.223953593871878187e+00,-5.395592474849058462e+00,1.005190061986295458e+00
1.225398880545405689e+00,-5.396442495949226981e+00,1.255033016952822544e+00
1.226651304429912104e+00,-5.396717112952881479e+00,1.457147504403209393e+00
1.226247638833818376e+00,-5.397535729933031767e+00,1.674903433536580000e+00
1.226063445131587715e+00,-5.397218446110358059e+00,1.888353690352502445e+00
1.225241651197265913e+00,-5.396809806980641611e+00,2.082569074644184948e+00
1.223968217401166791e+00,-5.395898716844403253e+00,2.302543801799522782e+00
1.143612548519113092e+00,-5.322960735047245429e+00,2.268698544358497493e+00
1.073315270476205452e+00,-5.243020864976553952e+00,2.277587749102981896e+00
1.002768183823154802e+00,-5.164973837358351361e+00,2.275872030406662194e+00
9.295165367816855539e-01,-5.089618192387475482e+00,2.251035427615809326e+00
8.842802269589159492e-01,-5.045655254103039944e+00,2.201359806240420269e+00
8.813231845623842320e-01,-5.046835717117312825e+00,2.010647893482861992e+00
8.779125903028058842e-01,-5.048269995394069731e+00,1.806095353769300083e+00
8.744467364963673939e-01,-5.049402535584153640e+00,1.622524886710034808e+00
8.705450752228381939e-01,-5.050161552054522218e+00,1.438209241333380461e+00
8.861692297662925322e-01,-4.951774229921549697e+00,1.434587754098887613e+00
9.017727527630734485e-01,-4.843179277102469094e+00,1.420571593354768458e+00
9.308916720652559151e-01,-4.725545516589985340e+00,1.363155246203433979e+00
9.645634423180731165e-01,-4.610113866009707628e+00,1.285917488649093610e+00
9.804537460557791739e-01,-4.512949587270212781e+00,1.263509508019936778e+00
1.009475804448138891e+00,-4.409402218182945532e+00,1.137243944907805560e+00
1.062641511324325716e+00,-4.320565295969927000e+00,1.048269864832382492e+00
1.124474278801793181e+00,-4.229924643939868112e+00,9.215001256934011176e-01
1.197011990376555701e+00,-4.150232621785502118e+00,7.473887683700037865e-01
1.262316656158927186e+00,-4.101521758178768629e+00,5.554533823618538202e-01
1.315329077280392278e+00,-4.074762830344728748e+00,3.959792939774277598e-01
1.343198100771417991e+00,-4.065896847142700388e+00,2.059237937863110102e-01
1.376745901792026272e+00,-4.062210778835241953e+00,-1.839564089162678065e-02
1.401506086832931208e+00,-4.064449055925126508e+00,-2.017903565974394076e-01
1.430807537835965926e+00,-4.072897063865624112e+00,-4.183296939570076423e-01
1.453426916420920367e+00,-4.084439950941005648e+00,-5.950808667646941830e-01
1.476324786502184905e+00,-4.101903269311370615e+00,-7.933414481302368815e-01
1.489711880262285071e+00,-4.112005159515383035e+00,-7.845496537384007985e-01
1.544845261444752538e+00,-4.150742460755616037e+00,-5.930858834283455616e-01
1.640135655848338203e+00,-4.201769576313365562e+00,-4.690987272140969000e-01
1.694393794089932515e+00,-4.225101225490351275e+00,-3.993710061526376531e-01
1.744774467644655713e+00,-4.241792291172614249e+00,-3.111200406738044988e-01
1.804768743378334372e+00,-4.255019810661304192e+00,-1.872977781862884550e-01
1.854154624623743031e+00,-4.260588290442703041e+00,-9.070897261403730594e-02
1.897537306647685718e+00,-4.261700279694643712e+00,-6.913190546293351314e-03
1.978246778400201356e+00,-4.256323808582167523e+00,1.321629539842099632e-01
2.081762632695197013e+00,-4.245086122016838992e+00,1.336140320779007351e-01
2.182395630692539612e+00,-4.232796879554039826e+00,1.376214876514733620e-01
2.285133356168167929e+00,-4.218243241052308079e+00,1.716085432720679538e-01
2.309259527064529749e+00,-4.221934402703663380e+00,2.777065058514548990e-01
2.307432979335529932e+00,-4.215996758982381465e+00,5.530266956528596678e-01
2.312213114592927887e+00,-4.217935203913054210e+00,7.248034876175236674e-01
2.317061961079377230e+00,-4.218293274023586115e+00,9.357746507269552039e-01
2.321125322636165222e+00,-4.216678203349114362e+00,1.156989950054317262e+00
2.327581674964983360e+00,-4.214370550719165998e+00,1.368543907460365139e+00
2.333188089895606776e+00,-4.212132099423050668e+00,1.580377177120370069e+00
2.338123795586454445e+00,-4.208889989288002731e+00,1.793608608711988017e+00
2.338395846479027984e+00,-4.207188655250525322e+00,2.067493952629914311e+00
2.301785159264205127e+00,-4.111207703570039840e+00,2.118438543039370181e+00
2.253285149282510780e+00,-4.017199900777686850e+00,2.118307691641055701e+00
2.248105613978939044e+00,-3.980077397338520395e+00,2.254016505985695140e+00
2.251769183234919147e+00,-3.975638137454703180e+00,2.501114773647510781e+00
2.255224021030811876e+00,-3.970365351516540464e+00,2.690339658742798790e+00
2.253186658448654622e+00,-3.971805491155480095e+00,2.951757212258094398e+00
2.247871483930996117e+00,-3.964134613610394542e+00,2.959431844719475624e+00
2.245744864626586512e+00,-3.962670260939538558e+00,-3.139795757218323047e+00
2.242742463219694393e+00,-3.960779162201182313e+00,-2.926039065166819331e+00
2.240464534018111742e+00,-3.958571363123779552e+00,-2.711649292212562568e+00
2.237321973836761124e+00,-3.956952750807522179e+00,-2.516789156102793079e+00
2.233648849706504791e+00,-3.954912526667615058e+00,-2.305557494190495049e+00
2.229830379878237068e+00,-3.952732045408505090e+00,-2.053420685279494506e+00
2.226463130692386994e+00,-3.952925227280787990e+00,-1.859565116037513066e+00
2.223192079006124366e+00,-3.953098897876491158e+00,-1.671131324313725797e+00
2.220579767187276232e+00,-3.954113103023231712e+00,-1.486908841385635949e+00
2.217309389930995245e+00,-3.956063194017116924e+00,-1.235305199650281960e+00
2.215088635534042893e+00,-3.957853562773195222e+00,-1.052480249693153347e+00
2.213192531541880115e+00,-3.960031845064713618e+00,-8.402952435959751831e-01
2.211919422274041036e+00,-3.962743537344551203e+00,-5.728928606117564826e-01
2.211409108198826967e+00,-3.964679165479349177e+00,-3.972238693955189026e-01
2.211177308324915547e+00,-3.966315214566563441e+00,-1.876846707766935407e-01
2.211999556919620247e+00,-3.968304901823540565e+00,-2.410274472146201486e-03
2.212138275778367635e+00,-3.974436994931276779e+00,-1.365473796981314311e-02
2.211900124720544980e+00,-3.972337868134161454e+00,-1.451305781418454344e-01
2.210218943683333048e+00,-3.974436821206662973e+00,-3.721665482012391224e-01
2.209631863107203831e+00,-3.969956758299602928e+00,-5.012524893118285307e-01
2.208372560765782922e+00,-3.968150252185006277e+00,-7.225036327896772193e-01
2.208084202636964477e+00,-3.964654023788201531e+00,-9.342048740526593953e-01
2.265302192362674827e+00,-4.046657196756915376e+00,-9.483919720770953576e-01
2.322362735885071139e+00,-4.128389101333576505e+00,-9.403464219407783320e-01
2.380163195287281486e+00,-4.208860157787766454e+00,-9.063658927270091814e-01
2.441771706090642535e+00,-4.293894078881361764e+00,-9.649693360729727498e-01
2.496845464059500141e+00,-4.378854085360607051e+00,-1.016062011899114603e+00
2.549393979040734504e+00,-4.471363009957647350e+00,-1.073571436872134299e+00
2.594324480662147270e+00,-4.561777997340036528e+00,-1.129170371112712568e+00
2.634264678257610903e+00,-4.653802870581732698e+00,-1.180940323162996242e+00
2.653927416838627540e+00,-4.703682063132166746e+00,-1.368968564044170444e+00
2.655200972597104858e+00,-4.703351116052385983e+00,-1.610819737524138429e+00
2.657830706197997994e+00,-4.701951019873249038e+00,-1.817152968219515330e+00
2.659887317477661384e+00,-4.702005911078216194e+00,-1.999500977051287265e+00
2.661999838409403907e+00,-4.702777746990984831e+00,-2.179152605940725795e+00
2.663739099301502211e+00,-4.703536448555067473e+00,-2.361333829135229045e+00
2.664509428008325020e+00,-4.704662004491787286e+00,-2.551807123644826536e+00
2.666281608218441068e+00,-4.706622779627416264e+00,-2.761955933233295912e+00
2.668361154081297482e+00,-4.709567967982997594e+00,-3.022120699292710544e+00
2.669441903624505397e+00,-4.711488694965026092e+00,3.068491166400567849e+00
2.671427106652494388e+00,-4.714509156155838987e+00,2.784721754744771349e+00
2.672504438089402967e+00,-4.716532434481778502e+00,2.542621946276672595e+00
2.673691884250333217e+00,-4.719145919909842668e+00,2.294476777789965283e+00
2.674134287283058242e+00,-4.720684558434233402e+00,2.080397165230843282e+00
2.673465070667454313e+00,-4.722466133484169326e+00,1.888258758870792198e+00
2.671428373195344541e+00,-4.724174673453680029e+00,1.618988768626214769e+00
2.669125332433794018e+00,-4.725328962212000050e+00,1.402570416713068813e+00
2.666829696030723618e+00,-4.725870579664932514e+00,1.207612421222122645e+00
2.664944212531973111e+00,-4.725105097955477618e+00,1.019266783766235696e+00
2.661615426306269239e+00,-4.723218023027276224e+00,7.130312896410285761e-01
2.658844867084346753e+00,-4.720422735628073241e+00,4.622699978367480478e-01
2.657258089680675006e+00,-4.718352176470682835e+00,2.694211553229007294e-01
2.654752663043290717e+00,-4.715784604120361934e+00,-1.754841223459954747e-02
2.653578108443896966e+00,-4.714212766503472096e+00,-2.050288512990273981e-01
2.651712548786386403e+00,-4.711761646878824372e+00,-4.423246032017205120e-01
2.650821065355705386e+00,-4.710319734242832901e+00,-6.193128778660390577e-01
2.650029352009128036e+00,-4.708764721981739676e+00,-8.215734163115410160e-01
2.649727223582287738e+00,-4.706337245825780613e+00,-1.013754490353785398e+00
2.650086167158085981e+00,-4.704729917391193617e+00,-1.235399511542825346e+00
2.651126116995691451e+00,-4.703287653162758097e+00,-1.432216320156944667e+00
2.653284011059276803e+00,-4.701733321921139463e+00,-1.695057676296972904e+00
2.655976552295113535e+00,-4.701338093994196221e+00,-1.933193869483930127e+00
2.658710913077541260e+00,-4.701738189849616667e+00,-2.164849326038322808e+00
2.663109438425762754e+00,-4.703508991795793293e+00,-2.124721742778831413e+00
2.660645443889346318e+00,-4.703468297395417608e+00,-2.029432285759683374e+00
2.659077631505116113e+00,-4.704512845651136921e+00,-1.787684085487489583e+00
2.657868128007521147e+00,-4.706381300996989481e+00,-1.542857140926679360e+00
2.654523728330291377e+00,-4.710076285339017232e+00,-1.510906024423056548e+00
2.653053468893403100e+00,-4.732499855170918757e+00,-1.608008435920993850e+00
2.645794534740494530e+00,-4.838603981073273275e+00,-1.612678238504054118e+00
2.636508331308859976e+00,-4.944328072195959045e+00,-1.583664117103339652e+00
2.631780583250341365e+00,-4.979367091706942361e+00,-1.377541018630389358e+00
2.648438659050816213e+00,-5.085702315270935969e+00,-1.372143504138136239e+00
2.665942832191993794e+00,-5.189922762893973029e+00,-1.381676662411303713e+00
2.663625454317217756e+00,-5.217483000320725317e+00,-1.361206843647471798e+00
2.662037198491548295e+00,-5.222500826524599127e+00,-1.191066918878578518e+00
2.660839769776063513e+00,-5.227229861483668749e+00,-1.000417229798131746e+00
2.661848561009513059e+00,-5.231374290096710844e+00,-6.684440025588581635e-01
2.663589370974523529e+00,-5.235092248364738410e+00,-3.765282463783438671e-01
2.664301826994708300e+00,-5.240835872652910510e+00,-4.090948061931135582e-01
2.664375850330914286e+00,-5.241637937656616231e+00,-6.260060245409667656e-01
2.738984127349930464e+00,-5.298799667366825616e+00,-6.301363077753928676e-01
2.826548537737259892e+00,-5.366267122556538816e+00,-6.352235675540439663e-01
2.851130763577005567e+00,-5.383640797512988740e+00,-6.378503968530289114e-01
2.826105222987434384e+00,-5.366661156965962576e+00,-4.300229165884571492e-01
2.926200027948559157e+00,-5.405588411512383118e+00,-3.356481991870907677e-01
3.024207639996379982e+00,-5.445015099552732885e+00,-3.415340682414067519e-01
3.128018931088376586e+00,-5.485287831334414221e+00,-3.482701133346291500e-01
3.228824060376599636e+00,-5.526888018623317578e+00,-3.501205419098358251e-01
3.327350179257039464e+00,-5.561993031501573093e+00,-3.687985079602913441e-01
3.411576288019041225e+00,-5.595783218860550967e+00,-2.376992013006885285e-01
3.414363389388618497e+00,-5.597916587338382932e+00,-6.157797854391040132e-02
3.416528796984633853e+00,-5.599798044705720734e+00,1.524612875776190646e-01
3.419134985332138665e+00,-5.601336938606538141e+00,3.405495122370594263e-01
3.421199667833340285e+00,-5.602812086230302135e+00,5.523784568707985621e-01
3.425056659860860719e+00,-5.603799248179345049e+00,7.524219480437177587e-01
3.498776573223667530e+00,-5.540039301055246668e+00,7.415469650142976210e-01
3.576036170279555559e+00,-5.470956672769481166e+00,7.440281888110186204e-01
3.653781234774464259e+00,-5.404554356463543208e+00,7.406326945010334173e-01
3.734287188206952379e+00,-5.336010148052293900e+00,7.225080251820931165e-01
3.817015773101575693e+00,-5.266770173668993138e+00,7.195269902722143396e-01
3.898507990919747535e+00,-5.196588126165923249e+00,7.222856859831739973e-01
3.968979992212720909e+00,-5.136788119592243795e+00,6.212769875748256343e-01
3.970235258840649539e+00,-5.134981275593741401e+00,4.520031390369956825e-01
3.970608372099080352e+00,-5.132724767568621616e+00,2.605698138986451418e-01
3.971099914886977000e+00,-5.130292824386027739e+00,9.133976930499621005e-02
3.970066750991905646e+00,-5.125531392629834038e+00,-5.346253121355509785e-02
3.969639738383359262e+00,-5.126807870374868514e+00,-2.838464746470997779e-01
3.968791480391886672e+00,-5.125082834987147784e+00,-4.771627127028538196e-01
3.968010325312115061e+00,-5.123023039870849615e+00,-6.755336500243889208e-01
3.967593058979089982e+00,-5.121435572021419524e+00,-8.675916236067000575e-01
3.968054743013568864e+00,-5.120069186657564053e+00,-1.057473454996982865e+00
3.968769065587173017e+00,-5.118686870013159584e+00,-1.231657408112541097e+00
3.969871941238594104e+00,-5.117186731225091378e+00,-1.390006654640172812e+00
3.969233709195482351e+00,-5.117487165403255212e+00,-1.211836952979180815e+00
3.968043153771205311e+00,-5.119266603536085647e+00,-1.033282876672834361e+00
3.967145326289485130e+00,-5.121669902094132532e+00,-8.166339171979536404e-01
3.964482552729563292e+00,-5.127689035047977129e+00,-7.625013663887666437e-01
3.964919543274041391e+00,-5.128504459114453518e+00,-4.931619650918968034e-01
3.965518688698132177e+00,-5.130469735181119262e+00,-2.962943625024604399e-01
3.966186366457431944e+00,-5.131967542391282500e+00,-9.243809184354581654e-02
3.967191354528436520e+00,-5.133575310531817593e+00,1.112627758608906031e-01
3.968946630475035597e+00,-5.134963441672232065e+00,3.363658683629601187e-01
3.971470096719524445e+00,-5.136855771227472722e+00,6.220871770921690969e-01
3.973915400508648332e+00,-5.137416479237748135e+00,8.220896696681322391e-01
3.977123321425387381e+00,-5.136944761228270373e+00,1.089987719081168205e+00
4.022660615645024862e+00,-5.051837686508054759e+00,1.110766446342759783e+00
4.073014760092621422e+00,-4.956594065677579763e+00,1.083004638322919488e+00
4.088997648613162283e+00,-4.941350879736436497e+00,1.187947095895149463e+00
4.086878435304900137e+00,-4.940160348481668073e+00,1.446375604476325183e+00
4.088257403504663934e+00,-4.939698585865910374e+00,1.675734643715423466e+00
4.092817821262185518e+00,-4.938474849886357987e+00,1.861953068694455871e+00
4.094502048204144096e+00,-4.937516780163476504e+00,2.085135460509891736e+00
4.095339724980497031e+00,-4.936697539337588481e+00,2.266806889721706852e+00
4.030882621394384024e+00,-4.867733697786934322e+00,2.337168557265269619e+00
3.956835368090460658e+00,-4.791178962698317889e+00,2.337691488477553925e+00
3.880549225392661228e+00,-4.711960788815168222e+00,2.335114999951264370e+00
3.808375906868750160e+00,-4.636093093373320428e+00,2.333932802940985152e+00
3.735782621298139095e+00,-4.560146660227559323e+00,2.332070350327195563e+00
3.668399947500653013e+00,-4.488919089762627657e+00,2.332826257710700624e+00
3.594498101905645893e+00,-4.411146551796454318e+00,2.330133202071947629e+00
3.521256170085793613e+00,-4.333751281063871197e+00,2.329616423641134304e+00
3.448313929363516994e+00,-4.256978247170983387e+00,2.329772257264991708e+00
3.375821330738256520e+00,-4.180443599113401021e+00,2.329552715231235638e+00
3.303243672807752329e+00,-4.103515489500917823e+00,2.325799960798959010e+00
3.229781766143984711e+00,-4.025009450202547079e+00,2.325543926405302386e+00
3.157466799831179838e+00,-3.948087883068985615e+00,2.324776408493524738e+00
3.085058772496487745e+00,-3.870543150090584472e+00,2.324571125679985251e+00
3.007922104713386613e+00,-3.786902245561293956e+00,2.322873739338835897e+00
2.935029505645976755e+00,-3.707676473252568439e+00,2.321898130475780864e+00
2.872372932628691533e+00,-3.636487484752865207e+00,2.342671076103211458e+00
2.820796287690712223e+00,-3.586841609587129831e+00,2.196992019853219347e+00
2.817922069108436567e+00,-3.588231804016464910e+00,2.021708470103983135e+00
2.818937432511424035e+00,-3.588650991323867334e+00,1.781452666222047787e+00
2.816666019904298324e+00,-3.589479391870661562e+00,1.598650371649842583e+00
2.814786866086424144e+00,-3.589517183571921510e+00,1.386164012564638393e+00
2.812035111286381728e+00,-3.590335809660383681e+00,1.125356183076287930e+00
2.807451937596202818e+00,-3.590985062709626696e+00,9.155061012981332569e-01
2.805847506429153704e+00,-3.590235533474916085e+00,7.165817919806509728e-01
2.803530390668854899e+00,-3.589606264550631032e+00,5.361843306909631623e-01
2.801373876984392552e+00,-3.587998236938260810e+00,3.454208837015132483e-01
2.799184290434978628e+00,-3.585965891309466524e+00,1.344193534457810979e-01
2.797096678470778475e+00,-3.584026843420811570e+00,-5.607985918400790887e-02
2.795113372540432906e+00,-3.581013252780635092e+00,-2.961045173665351471e-01
2.794252486971905203e+00,-3.578931440411362352e+00,-4.900268853563050087e-01
2.793911376831136106e+00,-3.576882750864852412e+00,-6.738014340661214741e-01
2.793674753485669626e+00,-3.574625902238939279e+00,-8.636644024216305615e-01
2.793911245371230923e+00,-3.572980943401081966e+00,-1.037513518481034680e+00
2.795173393046423094e+00,-3.570179951415138664e+00,-1.264595065388085304e+00
2.797322409627703177e+00,-3.568007731609034394e+00,-1.531976694680325490e+00
2.798782618021682378e+00,-3.567055945039314224e+00,-1.717905962636524064e+00
2.801047290517059363e+00,-3.566412839504014887e+00,-1.905190132282999826e+00
2.803684276300556721e+00,-3.566270563014497963e+00,-2.146183619095475059e+00
2.806874372847930843e+00,-3.567595722315013873e+00,-2.431640120832635255e+00
2.809832580917698941e+00,-3.568993367349113210e+00,-2.691879060837639948e+00
2.811067365327103218e+00,-3.570376351422703820e+00,-2.865688169654842632e+00
2.812874728622785092e+00,-3.573318160982116520e+00,-3.132866556432976068e+00
2.814261970809808222e+00,-3.575999045004177646e+00,2.915652894765501824e+00
2.814714248992873813e+00,-3.579242833270437796e+00,2.666752554080281001e+00
2.814382804002300897e+00,-3.581906553919623981e+00,2.440934970914311553e+00
2.813981653145200656e+00,-3.584064608427884657e+00,2.249694955642584482e+00
2.813186816721277683e+00,-3.585737897333013624e+00,2.076520840696891579e+00
2.811208023017495616e+00,-3.588895266114882077e+00,1.825924897401945302e+00
2.809005565412912020e+00,-3.590361837470815054e+00,1.619323529192383537e+00
2.806636984979220095e+00,-3.591468479495739885e+00,1.429374948833599834e+00
2.803229449682896224e+00,-3.592715041268655263e+00,1.194963371708435140e+00
2.799891954377069503e+00,-3.593082686494756040e+00,9.398310703852379433e-01
2.797055454352345816e+00,-3.592919561540519613e+00,7.536359438847677339e-01
2.793873123243264089e+00,-3.591852072990250999e+00,5.209179104735169874e-01
2.791021465499385457e+00,-3.590029944536367701e+00,2.494047556236569652e-01
2.788152523533216964e+00,-3.587751267421752654e+00,-5.409706738429836612e-03
2.785939153990768524e+00,-3.585129962215840571e+00,-2.117064570800852030e-01
2.782942280186206041e+00,-3.585764430856795304e+00,-1.210220568376818712e-01
2.780424189799730161e+00,-3.587817305429298553e+00,5.840313291606250012e-02
2.781314708638623401e+00,-3.589441945537180434e+00,2.390803679490926814e-01
2.782211380212838314e+00,-3.591222441045691660e+00,4.371372644176744204e-01
2.783482892100784145e+00,-3.592854511392449268e+00,6.692807188465783597e-01
2.785266315421043970e+00,-3.593444153350241699e+00,8.744826792521216419e-01
2.786937909229961541e+00,-3.594232362093880973e+00,1.099074240930092428e+00
2.789088968634990451e+00,-3.593584505394573192e+00,1.296611176853935454e+00
2.791326626341780415e+00,-3.592389399021370000e+00,1.552758058280832909e+00
2.793326457510354022e+00,-3.590718136910186153e+00,1.825428364293846251e+00
2.794719587369248526e+00,-3.588385810870135195e+00,2.071903944157367228e+00
2.794734048185893993e+00,-3.585783575407770041e+00,2.328963785839647471e+00
2.793931131308469151e+00,-3.582835455165312766e+00,2.541872023567337102e+00
2.751007179982782880e+00,-3.560878746193003153e+00,2.517789627444011025e+00
2.668801257292913398e+00,-3.498369013599218036e+00,2.522955790315856373e+00
2.587239882715667960e+00,-3.435746568396659928e+00,2.539600880635942026e+00
2.521194149917814098e+00,-3.384514046361661865e+00,2.464225093502867558e+00
2.519684614001404199e+00,-3.383542278792203373e+00,2.261993681410635393e+00
2.518422804913207358e+00,-3.384645758580633323e+00,2.074308959662579444e+00
2.518018454757907865e+00,-3.385970906888751131e+00,1.863896248671858435e+00
2.515551584228858939e+00,-3.388153579724730413e+00,1.643374852148139054e+00
2.513287867846621282e+00,-3.389148835156443607e+00,1.393546000252205319e+00
2.510161869337014018e+00,-3.390111463186221030e+00,1.204489267814915943e+00
2.506961056373862018e+00,-3.390119943138734104e+00,9.404217749110738156e-01
2.502933319469478946e+00,-3.389673901605666284e+00,6.892478012907953255e-01
2.500636884666396664e+00,-3.388307922976577569e+00,5.017670762792602046e-01
2.497841832325205402e+00,-3.387054866193686564e+00,2.363878905589461288e-01
2.494868804307262877e+00,-3.384441750871479027e+00,-1.394924052086093068e-02
2.493077215701231530e+00,-3.381547565575711456e+00,-2.875247443202184616e-01
2.492088767005287142e+00,-3.379251927655968046e+00,-5.189288550887524165e-01
2.491604677685503866e+00,-3.376171077013022437e+00,-7.799713618509387381e-01
2.491350969701121798e+00,-3.373807847262469739e+00,-9.412980133986912357e-01
2.491588413060402463e+00,-3.372411282541769584e+00,-1.147731695391459583e+00
2.493101117329846073e+00,-3.370389928669713431e+00,-1.338253903515598475e+00
2.494770868777305584e+00,-3.369547428149717749e+00,-1.533431010090756885e+00
2.496460831288120463e+00,-3.368879967908588124e+00,-1.732239621821225040e+00
2.498770168301756023e+00,-3.368689495201880657e+00,-1.942980164327493764e+00
2.500821425983836388e+00,-3.368792235101607524e+00,-2.144639435987090170e+00
2.503257785113795375e+00,-3.369297580598711317e+00,-2.327258949773687746e+00
2.505329415366774892e+00,-3.370326691385688189e+00,-2.539170255522563036e+00
2.506800749520081251e+00,-3.371365831619339559e+00,-2.716195948572888152e+00
2.508310729186383092e+00,-3.373141230646132360e+00,-2.927625431562406177e+00
2.509366552421080421e+00,-3.374655385918520434e+00,-3.117341670816952348e+00
2.510355203275545399e+00,-3.376580078272842123e+00,2.981272595891362176e+00
2.510648976540303057e+00,-3.378394976758120727e+00,2.798565685720635354e+00
2.511088723088376273e+00,-3.380313711928477627e+00,2.624497278927012012e+00
2.511150161613506349e+00,-3.382311744423090794e+00,2.433994318675340551e+00
2.511142872374276358e+00,-3.384645206869704381e+00,2.214739592914155342e+00
2.510048410763331184e+00,-3.386800596255670204e+00,2.016887759659557133e+00
2.507803315472139083e+00,-3.390180141419255389e+00,1.814501940972023997e+00
2.509232112833364781e+00,-3.393211204516407342e+00,1.604942911057368304e+00
2.508590909244916123e+00,-3.394431425431801319e+00,1.407004930409550436e+00
2.505937553762804360e+00,-3.394888129391886444e+00,1.224873975588766539e+00
2.497090625895130422e+00,-3.395468680643548343e+00,1.083339711116118931e+00
2.495216181305883740e+00,-3.396553622356861979e+00,8.903413634056345227e-01
2.495881231674959455e+00,-3.397687294230012256e+00,7.164088821333389756e-01
2.495946145516756420e+00,-3.398283261974153646e+00,4.921242241284998764e-01
2.495058961893570348e+00,-3.397591593430765222e+00,2.723786267042925258e-01
2.493341696592971335e+00,-3.396788829612118032e+00,9.071651706331822218e-02
2.492180453085848679e+00,-3.395881661377904592e+00,-1.047210817081535572e-01
2.491060707366624882e+00,-3.394131375768705716e+00,-3.195258943025329756e-01
2.491007980975890046e+00,-3.392913297414595242e+00,-5.078234033733459718e-01
2.570317161485689450e+00,-3.449949820338524376e+00,-6.370722577575214096e-01
2.655338534691884966e+00,-3.514415003252912229e+00,-6.430584753476771276e-01
2.742082809537284671e+00,-3.580751227095469336e+00,-6.462051779497223203e-01
2.802476261497572896e+00,-3.627932862758405985e+00,-7.278481203296242041e-01
2.876686641169586167e+00,-3.698329231706414255e+00,-7.431096863666277752e-01
2.954236535469372260e+00,-3.769619172871406132e+00,-7.253789561084398319e-01
3.042241686671307566e+00,-3.839090020040448969e+00,-6.307910169738063511e-01
3.068216644594812692e+00,-3.859624382176158885e+00,-7.578609813070168455e-01
3.077213817230814552e+00,-3.871321609966408062e+00,-7.542077396451734028e-01
3.151146509824177766e+00,-3.943172696738339145e+00,-7.476344897760877073e-01
3.232434762561194219e+00,-4.019443772852828722e+00,-7.399286715349974175e-01
3.312329205618691486e+00,-4.093305672540687112e+00,-7.332816199053067141e-01
3.388643252845391363e+00,-4.164385853382478686e+00,-7.207336778220492235e-01
3.466376325841117989e+00,-4.235601730513624652e+00,-7.197974617454099278e-01
3.542635591028676867e+00,-4.304819866758190727e+00,-7.245205863328720852e-01
3.621395492244474656e+00,-4.377056756286131112e+00,-7.286076537874662806e-01
3.639055965148461080e+00,-4.397142060522741147e+00,-5.874192453843170014e-01
3.640350167060679709e+00,-4.385244884988927616e+00,-4.968589661123928858e-01
3.639779215263174272e+00,-4.391277626709145565e+00,-3.007240374612887845e-01
3.639801651423063333e+00,-4.395921393760076512e+00,-8.037925684667043824e-02
3.640848914402111891e+00,-4.397290920277524329e+00,1.831161821737193884e-01
3.641766159572404682e+00,-4.401980771081526633e+00,3.728267519359479421e-01
3.641588483291241740e+00,-4.407126504143061396e+00,5.748818253923426713e-01
3.640432068039908042e+00,-4.411954140568476568e+00,7.630744605601398334e-01
3.641121468383115456e+00,-4.417390426825723360e+00,1.021255530456306682e+00
3.642977858092002919e+00,-4.418927321215959658e+00,1.226320150066605441e+00
3.644631133457706618e+00,-4.419895371544971141e+00,1.475667131792155029e+00
3.645739697303698179e+00,-4.420885910803440844e+00,1.663833677316751247e+00
3.647275732682324190e+00,-4.420986372890520322e+00,1.914382266106836372e+00
3.647590700596273106e+00,-4.420909454080691248e+00,2.101640082533209331e+00
3.647684181530890246e+00,-4.420498568427002617e+00,2.335759974831782326e+00
3.646845904970565044e+00,-4.420018043447626610e+00,2.552164183749733528e+00
3.645771601841534260e+00,-4.419593310908889627e+00,2.785902696399600753e+00
3.643806044832495594e+00,-4.419637111892318337e+00,3.026591495602117821e+00
3.641390197889217806e+00,-4.419245869406921656e+00,-2.991217513610250567e+00
3.638485271573709490e+00,-4.419176342342304942e+00,-2.745408510302624006e+00
3.635059904259245300e+00,-4.419819004340119761e+00,-2.527866776354721789e+00
3.632294052903931814e+00,-4.420662769705738349e+00,-2.294484259469276033e+00
3.628887822212009784e+00,-4.422176058277297095e+00,-2.091732080469325794e+00
3.625524152125675137e+00,-4.424169732292964063e+00,-1.863896298479963631e+00
3.622913639930145813e+00,-4.426854829697754568e+00,-1.673463379422459596e+00
3.620028781957174591e+00,-4.430131379544775427e+00,-1.442039028442425819e+00
3.617704059790419979e+00,-4.433978611674301185e+00,-1.222063726055639510e+00
3.616509118575556236e+00,-4.437860382019118255e+00,-1.036819338903668841e+00
3.615110551921504545e+00,-4.441796339199458821e+00,-8.414877020186206646e-01
3.613724000676786119e+00,-4.455128916702136621e+00,-8.331296089223352297e-01
3.683712678538447527e+00,-4.540730460716916994e+00,-8.302371900431547713e-01
3.758341787226718633e+00,-4.630527450049507721e+00,-8.368245383079171429e-01
3.830137366955671308e+00,-4.703683976692803803e+00,-8.382542671266932643e-01
3.904934274425230889e+00,-4.780162002386946440e+00,-8.662191825250075139e-01
3.951724205129523604e+00,-4.805702339615214314e+00,-7.926898906966278746e-01
3.950624277956050090e+00,-4.809980659632524080e+00,-6.964910837448451408e-01
3.951290081850248548e+00,-4.811824713753477312e+00,-4.940843472885735888e-01
3.952044996538251365e+00,-4.814081276764250461e+00,-2.832937865532830779e-01
3.953301018170795267e+00,-4.816011949944702053e+00,-6.593914579425981526e-02
3.954700424669438164e+00,-4.817827534583898341e+00,1.242765453638297879e-01
3.956641422188723389e+00,-4.819621708741659738e+00,3.372116101677503641e-01
3.958577792630319614e+00,-4.821410629384581092e+00,5.534675622422898789e-01
3.960955893478470546e+00,-4.822490927224436952e+00,7.428566281128655691e-01
3.961698775006028406e+00,-4.822825798388463703e+00,9.571201136529280395e-01
3.964173835157470016e+00,-4.823244079836243259e+00,1.136796982754752605e+00
3.975673793445651416e+00,-4.826848949904578134e+00,1.277716560941774437e+00
3.965576107368633973e+00,-4.822940252415039986e+00,1.609485723557027237e+00
3.966783809629071289e+00,-4.821793937236860117e+00,1.793929504313005907e+00
3.967835294390598122e+00,-4.821136469578206629e+00,2.004102264272284550e+00
3.968525918750642756e+00,-4.820068465097938848e+00,2.216104446952469775e+00
3.968307646774158037e+00,-4.818510639118254169e+00,2.394581347097094692e+00
3.967487519008670027e+00,-4.817186046865089999e+00,2.609086144876461066e+00
3.966246531355176685e+00,-4.816158096512166864e+00,2.827075725071389822e+00
3.964403510477910952e+00,-4.815018816199187590e+00,3.046775378850681726e+00
3.962850050159119064e+00,-4.814023091072854754e+00,-3.027114027934979301e+00
3.961335587656207302e+00,-4.813217861548070076e+00,-2.844224496038086691e+00
3.959015212825653052e+00,-4.812416250081923863e+00,-2.648075434057254540e+00
3.957020619353829538e+00,-4.811563902953672311e+00,-2.441251230534758232e+00
3.954112008623008823e+00,-4.811500114192757138e+00,-2.233935417410282565e+00
3.950755217610546044e+00,-4.812020332236595976e+00,-2.028240697709239537e+00
3.948115047550615930e+00,-4.813229574332559935e+00,-1.834446387659105726e+00
3.945809503366856319e+00,-4.815150095678633946e+00,-1.647658998371164030e+00
3.943643270342088059e+00,-4.817438008091114554e+00,-1.418964852334789528e+00
3.941279263041457703e+00,-4.820266441674378122e+00,-1.187352333239422464e+00
3.939886973718029317e+00,-4.822824099748007853e+00,-9.837712060905152711e-01
3.938929837816758983e+00,-4.825696406623110946e+00,-7.920424679714117566e-01
3.938074053482936154e+00,-4.832880509436983552e+00,-7.326279481468987997e-01
3.937604171757048466e+00,-4.820158006394530403e+00,-4.966116150405484597e-01
4.024223131052245606e+00,-4.872350840732010191e+00,-4.698053488913084830e-01
4.119039669602573284e+00,-4.933250835211632435e+00,-4.674167364547781589e-01
4.127563350551753274e+00,-4.934803685422797237e+00,-6.277770855832535135e-01
4.195819366726770916e+00,-4.943481751729852824e+00,-7.266096745065763196e-01
4.290384407865859728e+00,-5.031055574346539494e+00,-7.565689020909969198e-01
4.371748872304369371e+00,-5.114475771445965435e+00,-7.366220367532980706e-01
4.441543987633388646e+00,-5.184619879381873631e+00,-6.328198190003889723e-01
4.480749495547171612e+00,-5.218570601470389647e+00,-6.939479782691112542e-01
4.478765560471851259e+00,-5.217608960998640022e+00,-9.966241529837316371e-01
4.477952665294121282e+00,-5.216485143050976880e+00,-1.269707248414242651e+00
4.477779495922108666e+00,-5.216388950312636830e+00,-1.566387027413962185e+00
4.478510485769545468e+00,-5.216523372513903745e+00,-1.859539462512523000e+00
4.480285925979061723e+00,-5.217603889628577463e+00,-2.157803082947199247e+00
4.485061163882477331e+00,-5.221781974341658916e+00,-2.204209676953747810e+00
4.485377367949519467e+00,-5.223133976507270404e+00,-2.402660955229843687e+00
4.487614094104950269e+00,-5.224281565022924845e+00,-2.600678249170425449e+00
4.490448161709683639e+00,-5.226811393149983331e+00,-2.866587428604362220e+00
4.491879477823585098e+00,-5.228862070299697073e+00,-3.053716200769831524e+00
4.493916228647749200e+00,-5.231200952883576782e+00,2.995771297811285372e+00
4.494915248520242379e+00,-5.233425090100183752e+00,2.793028027030217242e+00
4.495746825361594645e+00,-5.236333168250957293e+00,2.599311475718619313e+00
4.495903338820234296e+00,-5.239022081904900929e+00,2.374121868594655460e+00
4.495447920353250026e+00,-5.241236478514962549e+00,2.181912694262099883e+00
4.494027943423978932e+00,-5.243895611181053518e+00,1.970654351075033617e+00
4.492580830523642099e+00,-5.245942596766461463e+00,1.795529958570839302e+00
4.491046627104712030e+00,-5.247639373637386306e+00,1.607864730541902931e+00
4.489010760241430198e+00,-5.248723147271567413e+00,1.421914854005180917e+00
4.485046104719901727e+00,-5.249542589958161365e+00,1.119154465070976601e+00
4.481858592460650215e+00,-5.249563660623487671e+00,8.532697403479706511e-01
4.479429691502941679e+00,-5.249112701538562575e+00,6.639312521293173619e-01
4.476924858556243336e+00,-5.248186000737255164e+00,4.548549816209048191e-01
4.474631772240228678e+00,-5.246246345867906946e+00,1.899225554181428188e-01
4.473115250549953181e+00,-5.244832305164763397e+00,8.689755962209773409e-04
4.471189582661230233e+00,-5.242018184108751200e+00,-3.032714624367777723e-01
4.470153165359254110e+00,-5.239446557500263779e+00,-5.678359737510857430e-01
4.469995615095959884e+00,-5.237519139036614035e+00,-7.566391337018913976e-01
4.470847303076738832e+00,-5.234277293300250378e+00,-1.059781481987837504e+00
4.472816941276841263e+00,-5.231868134511335811e+00,-1.329184779332932109e+00
4.474762488538699401e+00,-5.230657286224590585e+00,-1.519349777072146246e+00
4.478163773086924593e+00,-5.229463825409007782e+00,-1.768738321616244002e+00
4.480214572886153768e+00,-5.229683874924910825e+00,-1.972421801133299013e+00
4.483894725482222121e+00,-5.229832789340739474e+00,-2.162872588747357216e+00
4.449066640251976956e+00,-5.279561618284366098e+00,-2.039108665514947738e+00
4.446896487728298375e+00,-5.280653213537842561e+00,-1.841654103849861279e+00
4.445285789085809292e+00,-5.281251746236417688e+00,-1.643471539866645070e+00
4.443225226128112659e+00,-5.282743620033908627e+00,-1.452768883641838427e+00
4.441704687844878485e+00,-5.284323845097532057e+00,-1.256030628995221443e+00
4.473278433467997139e+00,-5.373896646215382766e+00,-1.267387734158539558e+00
4.474397660842246438e+00,-5.375351681706314722e+00,-1.431299194946179298e+00
4.481115263365471613e+00,-5.378001724147653206e+00,-1.527932495460048390e+00
4.465589633693727301e+00,-5.375467604460420823e+00,-1.970935660588893246e+00
4.469840138823057529e+00,-5.387363683015697013e+00,-2.004232357652647956e+00
4.431589032337832634e+00,-5.479634323448347999e+00,-2.017807639941957998e+00
4.451033666168849656e+00,-5.543246425253090415e+00,-2.195789290509614133e+00
4.385172583421652170e+00,-5.639444880886093081e+00,-2.269223123635660144e+00
4.315747257665417891e+00,-5.731539813203802680e+00,-2.270646633432884087e+00
4.254184900681930337e+00,-5.799496100014912336e+00,-2.272556516236643009e+00
4.190577055565888109e+00,-5.865010642217635350e+00,-2.273341613254249438e+00
4.184476314891728777e+00,-5.886393887027161043e+00,-2.336401517821092622e+00
4.184472476973180477e+00,-5.884689816960605668e+00,-2.551660760159533137e+00
4.183131409012985635e+00,-5.883691091338874024e+00,-2.803087031164685605e+00
4.179335127532602279e+00,-5.882779217526179494e+00,-3.068132205366414844e+00
4.178367957464442561e+00,-5.882525478482209635e+00,3.007967703999206766e+00
4.178108401102494263e+00,-5.881366265674805582e+00,2.783454988620790438e+00
4.177911349547774655e+00,-5.879387868158389097e+00,2.587354325705601532e+00
4.179127171031726817e+00,-5.876953388220191421e+00,2.380013823930493100e+00
4.179318685836507008e+00,-5.873587045051270827e+00,2.195105186753683935e+00
4.165937802399725776e+00,-5.866123441024834406e+00,2.149522310031663608e+00
4.147141303445337712e+00,-5.841924251815030722e+00,2.045493083438301163e+00
4.147565963655160282e+00,-5.837432723216917196e+00,1.850949679767468048e+00
4.149041003002351680e+00,-5.836646902844746521e+00,1.631650952050618830e+00
4.147609048513063001e+00,-5.834518524258006877e+00,1.411170410503700401e+00
4.147225565931665692e+00,-5.830733493995817973e+00,1.219366930099220481e+00
4.147723486348316335e+00,-5.825992486900582357e+00,1.024801758946129349e+00
4.159658141130021747e+00,-5.805421746466244315e+00,8.576927282825107524e-01
4.222896613956563350e+00,-5.738203444514163643e+00,7.849741385569087848e-01
4.252828150171305666e+00,-5.712797171045972178e+00,6.411098580294490867e-01
4.254696972933389887e+00,-5.709034011373257833e+00,4.450975261614633083e-01
4.253810070855666758e+00,-5.707697160484356935e+00,2.209975526545698565e-01
4.252773229585191217e+00,-5.705364337360324889e+00,-6.543626760526540485e-03
4.252593024281968503e+00,-5.704162091444056060e+00,-2.223565964321025934e-01
4.251079170872902324e+00,-5.702539595267305472e+00,-4.761724665533806355e-01
4.250319432332192449e+00,-5.701495919955859470e+00,-6.699241106446366389e-01
4.249842346985769126e+00,-5.699739298999009662e+00,-8.878096147800691451e-01
4.250037599376204511e+00,-5.697835668666567877e+00,-1.077890915102442726e+00
4.250509455868152209e+00,-5.696553327211714368e+00,-1.265506922506419496e+00
4.253626575821056299e+00,-5.694829355384000813e+00,-1.525389950707200404e+00
4.256415542964207432e+00,-5.693885487511749055e+00,-1.807129484718782653e+00
4.259274263944473837e+00,-5.694339509147559042e+00,-2.002833107714375505e+00
4.261790907665318429e+00,-5.694908329053574469e+00,-2.232614325630897678e+00
4.231573613880398987e+00,-5.734849454628987431e+00,-2.177683447844443343e+00
4.223547460761914785e+00,-5.748925337682813108e+00,-2.154330722950282162e+00
4.222501813866959886e+00,-5.753570314708959188e+00,-2.189069064107588503e+00
4.215242269951911425e+00,-5.760887302738380455e+00,-2.032604590972164615e+00
4.168072829574771099e+00,-5.844620329876496712e+00,-2.037778311784193885e+00
4.122237274367425819e+00,-5.934865178362522364e+00,-2.038284088620352374e+00
4.076529311660179289e+00,-6.024445967831170812e+00,-2.025485876102567584e+00
4.030660454800517378e+00,-6.116747716383790667e+00,-2.017491575924005964e+00
3.984995423880059118e+00,-6.211262611061410865e+00,-2.006135029358206978e+00
3.941317325357790224e+00,-6.305053220689873505e+00,-1.996006926676155979e+00
3.899531182413646491e+00,-6.396308501538072733e+00,-1.928709210458363854e+00
3.877342654061356253e+00,-6.462526105415483890e+00,-1.736177480499938142e+00
3.872985097847152947e+00,-6.496092120617456445e+00,-1.542655192580720813e+00
3.874579941216835799e+00,-6.527476636761134543e+00,-1.345281812100391994e+00
3.884047138072894256e+00,-6.558856056244700028e+00,-1.132207634296561682e+00
3.898460340970001159e+00,-6.583484923107266518e+00,-9.448209681649364367e-01
3.915176545390604446e+00,-6.608092674518334597e+00,-8.747147210108910942e-01
3.927323832152984640e+00,-6.626150105199196005e+00,-8.051180557434945984e-01
3.934526776297984529e+00,-6.628205128952228797e+00,-4.555806692777131239e-01
3.940043688373588093e+00,-6.630066468210190855e+00,-1.820750641522934365e-01
3.953036136654878518e+00,-6.638749884228061227e+00,-1.805132450456986282e-01
3.952480801620096518e+00,-6.639793178845972754e+00,3.011363713562744196e-02
3.953145393583898493e+00,-6.642610279985403210e+00,2.976067766743561993e-01
3.953396012700106876e+00,-6.645723514275565513e+00,5.467716615147473203e-01
3.962617354340897791e+00,-6.640004735997595553e+00,7.764011350282362667e-01
3.964597765329969992e+00,-6.641751793575719098e+00,1.055340267080506544e+00
3.965221909389138322e+00,-6.641438835125825335e+00,1.250025747581602564e+00
3.967071701390987304e+00,-6.640726479205263821e+00,1.491581805264931893e+00
3.967990916291565195e+00,-6.638609778482326362e+00,1.774179108046771702e+00
3.967517611883792039e+00,-6.636367112010207236e+00,1.980826219483692086e+00
3.967162684138322515e+00,-6.633788526587363954e+00,2.169926805438999740e+00
3.965198003418272332e+00,-6.632105805298490253e+00,2.382063965605383249e+00
3.961720767377825858e+00,-6.629457744519129392e+00,2.638934356639829559e+00
3.952315343924490243e+00,-6.622509810238907946e+00,2.813269096774987599e+00
3.939259233807122396e+00,-6.617618671201816127e+00,2.955788224125071917e+00
3.899920185826496688e+00,-6.604270859599530752e+00,2.823923353446266216e+00
3.880706741131659587e+00,-6.593782928970120416e+00,2.643814525175586017e+00
3.881913669302038183e+00,-6.594279614309496829e+00,2.415417915157533901e+00
3.883880144060996020e+00,-6.593424314155646115e+00,2.180079863025067510e+00
3.884712388686611728e+00,-6.592800912977831551e+00,1.994485879303328879e+00
3.882935652636460233e+00,-6.591749955678998241e+00,1.791413965675622499e+00
3.881028796377370416e+00,-6.589402477478553344e+00,1.575710061900694514e+00
3.878600245985750927e+00,-6.587550837325578890e+00,1.391779084512604125e+00
3.877710066795011290e+00,-6.580835318961731240e+00,1.210605354180582127e+00
3.884903289681546745e+00,-6.560546852693986963e+00,1.051114087292781774e+00
3.883384192648721367e+00,-6.557838393643533159e+00,8.517868593095970775e-01
3.881977018818636438e+00,-6.556261262278627377e+00,6.623031431822297144e-01
3.880503896844270439e+00,-6.555404685920814600e+00,4.788964078535803415e-01
3.877941080613248825e+00,-6.553461840038178998e+00,2.322286656705997432e-01
3.877010884503565791e+00,-6.551065071029501752e+00,2.071377937292268739e-02
3.875690463284005904e+00,-6.548933704558018931e+00,-2.230766123437471493e-01
3.873485442023972158e+00,-6.547263727996974758e+00,-4.549323393403772453e-01
3.871865937303643701e+00,-6.546094612176888816e+00,-6.552014776705056276e-01
3.869846218030082330e+00,-6.544508453820740534e+00,-8.868747852851182056e-01
3.868509850425136953e+00,-6.542856131897317518e+00,-1.121042920884790295e+00
3.869189268564103390e+00,-6.541382416817071999e+00,-1.314430343093133668e+00
3.870591181359596344e+00,-6.540279102100323705e+00,-1.539341784139276248e+00
3.873113576361314703e+00,-6.539336280447813010e+00,-1.774854642949249550e+00
3.875390692687463279e+00,-6.539663467058550950e+00,-1.974656902280949478e+00
3.877928290510034515e+00,-6.541557895149997748e+00,-2.207026351544402853e+00
3.880448656888014103e+00,-6.544001428060634673e+00,-2.443656868697781093e+00
3.882952693593314741e+00,-6.546305074596337370e+00,-2.710335627142204551e+00
3.885162191088753048e+00,-6.548367987115614852e+00,-2.958829856485033272e+00
3.886961629622172509e+00,-6.553935082682009750e+00,-3.131945920730839550e+00
3.886627283740495375e+00,-6.556026245208251169e+00,2.971989047636057535e+00
3.885575115740259822e+00,-6.559210865764048215e+00,2.727843206791868980e+00
3.884878469544922108e+00,-6.562232448669430340e+00,2.501399203182939956e+00
3.885235330281707089e+00,-6.564069791220296324e+00,2.322977636851652150e+00
3.880825262385439789e+00,-6.569156300322799957e+00,2.147181989692671600e+00
3.875080255787727967e+00,-6.573842236816429541e+00,1.971227229703438333e+00
3.873508453614965763e+00,-6.575511976908007483e+00,1.786426477732252938e+00
3.869553603862343039e+00,-6.577184847856221594e+00,1.536020813614102698e+00
3.865246102661950900e+00,-6.577814375223488774e+00,1.269362552308409775e+00
3.860750900929276419e+00,-6.575487815926519986e+00,1.032337096975234569e+00
3.857287478525762925e+00,-6.573523157597013444e+00,7.878185256910752443e-01
3.928203536276390739e+00,-6.509022427891033580e+00,6.559448497728402883e-01
4.006682596019111919e+00,-6.451096379370034661e+00,5.350828342153222117e-01
4.092791406391331321e+00,-6.404574767647694067e+00,4.023477143844200188e-01
4.164860786647683000e+00,-6.379388541749167807e+00,2.230181806776415088e-01
4.213241640696445245e+00,-6.371746215538664160e+00,8.176583736283012105e-02
4.309572476740835434e+00,-6.368581933193812716e+00,5.742886254756584402e-02
4.313224557253034774e+00,-6.368373955108888929e+00,2.487143626709373279e-01
4.403515127225480441e+00,-6.337117624019496631e+00,3.608886110878232745e-01
4.497003154756596288e+00,-6.301350008924377910e+00,3.530773720372901714e-01
4.589546695089756767e+00,-6.264592812304488945e+00,4.410846123595222323e-01
4.673069472543497582e+00,-6.211187869485923052e+00,5.921723114833898904e-01
4.754784715212075241e+00,-6.155115759422278288e+00,5.967431035487585911e-01
4.832041151262741252e+00,-6.092052767061059804e+00,7.038799812468393702e-01
4.902135901645594096e+00,-6.020588551545654532e+00,7.911190918030708286e-01
4.961156015123645346e+00,-5.959820209193734897e+00,7.127870919823993123e-01
4.949152413076603807e+00,-5.948408533231452466e+00,6.414836097147171845e-01
4.950716002364932145e+00,-5.943918978214164817e+00,3.993304647969044274e-01
4.950713688477123675e+00,-5.936953584374892401e+00,1.733121202355328017e-01
4.950318854723835926e+00,-5.931944853642666438e+00,-6.015409201363206698e-02
4.949745160114527032e+00,-5.926436786371728438e+00,-2.843317440125393003e-01
4.948529021289638230e+00,-5.921615846398382565e+00,-5.448409900264956640e-01
4.947825350458953331e+00,-5.916958405506706598e+00,-7.397888656584342693e-01
4.948729042276632129e+00,-5.911777635071464587e+00,-9.701773343092097157e-01
4.943650409674745561e+00,-5.914626504081264002e+00,-1.242085012038554703e+00
4.954432049844301744e+00,-5.929738021252966007e+00,-1.425886742810686725e+00
4.959533736459852626e+00,-5.932119987326675670e+00,-1.617570298789430261e+00
4.966641336729177070e+00,-5.935129791140933087e+00,-1.865801641566834590e+00
4.971287410045751365e+00,-5.937358625225481745e+00,-2.042891685029798676e+00
4.978124272366402536e+00,-5.942875200179996931e+00,-2.318597313467097187e+00
4.984519656386322772e+00,-5.948345527354251594e+00,-2.511932284934150328e+00
4.982697510569958688e+00,-5.971618866861000186e+00,-2.666150179238984119e+00
4.990674382672124487e+00,-5.979129904041443844e+00,-2.836652415756340861e+00
4.996980097734004644e+00,-5.987727785371096623e+00,-2.994091821609060400e+00
4.998947397721710040e+00,-5.993273208463285151e+00,3.130200282361105479e+00
4.999335641739469871e+00,-5.995727126865321388e+00,2.935516392271773967e+00
4.998193492716777264e+00,-5.999488305571983204e+00,2.767664832461699920e+00
4.997157120032352573e+00,-6.001573355242056707e+00,2.574410533293901793e+00
4.996649538560590464e+00,-6.002929296660062697e+00,2.379941547873983154e+00
4.992306828423626719e+00,-6.010498126119006912e+00,2.254347516997905032e+00
4.989600973146892215e+00,-6.010391986504384221e+00,2.051729895804875525e+00
4.986486917162216592e+00,-6.010290283076000328e+00,1.844042030840245872e+00
4.982949370814068857e+00,-6.010170915722521379e+00,1.637518269575292118e+00
4.977711673997208486e+00,-6.006831399305355923e+00,1.430140611313399646e+00
4.968731779356461153e+00,-5.999848284291759093e+00,1.281547952077555230e+00
4.964386558712921449e+00,-5.996391647021191318e+00,1.080554538847745771e+00
4.959642242047758387e+00,-5.990647478100052936e+00,8.859754109240209896e-01
4.955476754390795158e+00,-5.984619458714500517e+00,6.855357740925457355e-01
4.952301996382072247e+00,-5.975933355300516503e+00,4.939423957547152133e-01
4.948269566044737111e+00,-5.967024228037786315e+00,3.095400001646146371e-01
4.944089622140205975e+00,-5.960331551770915226e+00,1.161859266631060789e-01
4.940462542863429896e+00,-5.952982275357271646e+00,-7.561923382505823799e-02
4.952383871162272300e+00,-5.945834308938566792e+00,-2.744358209428686690e-01
4.948821096889901128e+00,-5.940109961349586243e+00,-4.716854802017289572e-01
4.945895653347036180e+00,-5.934014222411027717e+00,-6.727891219772724751e-01
4.950637949264257820e+00,-5.926702251667299137e+00,-8.333932676452066035e-01
4.945389083607782510e+00,-5.926676765064659236e+00,-1.088206067792109932e+00
4.946238375689369526e+00,-5.925226720282558368e+00,-1.278286619092034337e+00
4.946845802683683679e+00,-5.923353406629997764e+00,-1.459356772253696422e+00
4.948463357043156208e+00,-5.922286164317266177e+00,-1.636758961531285417e+00
4.950832110349006498e+00,-5.922393672891849370e+00,-1.816247213873219968e+00
4.953294086944710628e+00,-5.923875911739024502e+00,-2.002282850767652889e+00
4.943515198580268333e+00,-5.944691905514824626e+00,-2.132707867456096196e+00
4.889761483585268742e+00,-6.029879107182498643e+00,-2.123978265523403408e+00
4.835662011199032939e+00,-6.118326496302257667e+00,-2.142238970188513392e+00
4.770132053279689366e+00,-6.204858655643067600e+00,-2.309953859237062979e+00
4.738859082562584035e+00,-6.235621764515005161e+00,-2.353800047176026311e+00
4.665238359874738450e+00,-6.307274750815652808e+00,-2.392500135081663259e+00
4.603531958443512373e+00,-6.377461784347008944e+00,-2.217349217889907020e+00
4.577962386624855107e+00,-6.419499175247976197e+00,-2.023021126105306156e+00
4.560745411512663772e+00,-6.466428479611048274e+00,-1.821411662887894023e+00
4.553098308364038616e+00,-6.516649503123077558e+00,-1.620098632006110151e+00
4.555002773290533824e+00,-6.565035292755493579e+00,-1.427888654668728829e+00
4.565558698992367326e+00,-6.611239784139022468e+00,-1.236546379870971268e+00
4.586336932307094827e+00,-6.657566941570213004e+00,-1.062507045839594433e+00
4.613476715545822948e+00,-6.695519122005332946e+00,-8.611936183864534744e-01
4.650363082704584095e+00,-6.730015698113768430e+00,-6.445688594818964612e-01
4.701049232638073505e+00,-6.758935415719685480e+00,-4.135332057759442126e-01
4.736927060061232986e+00,-6.775074066828058683e+00,-3.837715055920342677e-01
4.803622697785148610e+00,-6.809092614510032782e+00,-4.930929953729062953e-01
4.828003619781314981e+00,-6.828769325799799894e+00,-4.050262489120257658e-01
4.869790390846411299e+00,-6.852071217246768597e+00,-3.225360373648667456e-01
4.878033914543538963e+00,-6.854168450311005856e+00,-1.013598385096811383e-01
4.888088157931450795e+00,-6.854796132595809333e+00,9.751324552912968291e-02
4.988865597761023452e+00,-6.841711928942129539e+00,1.241232919667019652e-01
5.091939839398334833e+00,-6.827859651472987679e+00,1.129072627513692528e-01
5.116436748885071495e+00,-6.825081864577474455e+00,2.692122364651602373e-01
5.214478401418205067e+00,-6.795747203002361125e+00,3.121606821288401834e-01
5.277429297322059121e+00,-6.773459626602535089e+00,4.337707422618345965e-01
5.361616089879449376e+00,-6.736032763347608920e+00,3.744800564980246826e-01
5.407028402366984565e+00,-6.721007691987138877e+00,4.435884947956535984e-01
5.433106721223492919e+00,-6.710164817108944746e+00,5.897799826378115062e-01
5.439874118659954405e+00,-6.697385077968538880e+00,9.145703636113494683e-01
5.479848204598373407e+00,-6.651818101960547125e+00,8.966759090427203205e-01
5.510395647743137282e+00,-6.614477435964376539e+00,7.477265422800741801e-01
5.590382386500520440e+00,-6.549489514217089692e+00,7.305436300628214141e-01
5.649545487209596040e+00,-6.492921267050607348e+00,8.784116109758839386e-01
5.718978318282100126e+00,-6.405325268078688516e+00,1.012504983480073006e+00
5.763032719272371374e+00,-6.347896327554220619e+00,1.107067359472643897e+00
5.783412324882553968e+00,-6.340345924514539711e+00,1.211485000792702271e+00
5.787495439786153995e+00,-6.341516149887983289e+00,1.421180997095745635e+00
5.790674784425353216e+00,-6.343663015607289068e+00,1.628345870675576457e+00
5.794225844532520320e+00,-6.344634407092402562e+00,1.854530213292693519e+00
5.796695270795912514e+00,-6.344853198021475293e+00,2.036277737630031393e+00
5.799316995653713391e+00,-6.344838828089857330e+00,2.254232986048499754e+00
5.801739028101153828e+00,-6.344653610946390465e+00,2.468420300235767417e+00
5.803642663689887016e+00,-6.343744160225968542e+00,2.710919140815191142e+00
5.804750601459463866e+00,-6.342478018458517219e+00,2.929962613409793359e+00
5.786800219080627805e+00,-6.333866404867427136e+00,2.934508510633044409e+00
5.785699396236905656e+00,-6.332183319549255174e+00,3.123613538965853920e+00
5.781796156507475359e+00,-6.331497940037484895e+00,-3.112675699589318334e+00
5.762905572140772925e+00,-6.331758775712441611e+00,3.017163452238961430e+00
5.764039623752146291e+00,-6.333377097342663298e+00,2.844915771899816370e+00
5.766614554923576996e+00,-6.333116584562800355e+00,2.635466330626600850e+00
5.750844187356390691e+00,-6.324880185325840287e+00,2.510830691995643793e+00
5.738882889745263505e+00,-6.312446922901885138e+00,2.666978456689652610e+00
5.736024997206439657e+00,-6.309255338804541147e+00,2.832961500026031754e+00
5.738144491497270572e+00,-6.309951512925301209e+00,3.049432463631248424e+00
5.739143700151853267e+00,-6.310636559161437731e+00,-3.051379526902840755e+00
5.739810299819045447e+00,-6.312167603953040107e+00,-2.856740375233744800e+00
5.739629556993257609e+00,-6.314206295272428271e+00,-2.647321812437682720e+00
5.739586145343153589e+00,-6.316633856520375012e+00,-2.446225229765385478e+00
5.740350145474609533e+00,-6.318291267375534481e+00,-2.247588824246107730e+00
5.740277230541906306e+00,-6.321471871806958909e+00,-2.043253926790589592e+00
5.713516505813270641e+00,-6.416381456753462054e+00,-1.958147370042774282e+00
5.628240261069833217e+00,-6.453533175631593011e+00,-2.106178367985168443e+00
5.607966774916856245e+00,-6.537401105240300048e+00,-2.159552562400148812e+00
5.553109202074345774e+00,-6.615708250527798207e+00,-2.163524682742228755e+00
5.494487459124749229e+00,-6.698754332716727156e+00,-2.162961580545486040e+00
5.441785398803113516e+00,-6.781782852267151718e+00,-2.161255081448719473e+00
5.388469206857723570e+00,-6.872468278385418294e+00,-2.185805865886773169e+00
5.339693180340067791e+00,-6.942142882572599483e+00,-2.374072689300290140e+00
5.288670026893158571e+00,-6.992472289345743164e+00,-2.551900311577833591e+00
5.216414057955303107e+00,-7.039651450999826032e+00,-2.772081456447287984e+00
5.140196604027637228e+00,-7.069902399248507940e+00,-2.853542308819593920e+00
5.066979049221759013e+00,-7.088750993372984865e+00,-3.070177439573633649e+00
5.071162243738537967e+00,-7.100731797747565466e+00,3.110019047086182375e+00
5.048140969927970012e+00,-7.100445679722469094e+00,2.956835765159421481e+00
5.032862214217967534e+00,-7.100347768018256289e+00,2.780077366444330345e+00
5.024359036751134155e+00,-7.100732653048764220e+00,2.553330134709050903e+00
5.020541080588671434e+00,-7.101889008213798427e+00,2.356404108844746492e+00
5.017550829307609206e+00,-7.104612261600436796e+00,2.173108665827481634e+00
5.013930815856994627e+00,-7.106656479251653558e+00,1.973337185623601053e+00
5.008416708307364296e+00,-7.108812479297515807e+00,1.737608202568396543e+00
5.003749997050459086e+00,-7.110199714194332721e+00,1.565379501220522052e+00
4.997688518067294972e+00,-7.111156706765606295e+00,1.341444289078126628e+00
4.992664041823995369e+00,-7.102680041036212977e+00,1.194727948182454424e+00
4.993745290231543343e+00,-7.083121623654197840e+00,9.987564125323197262e-01
5.005289688876603194e+00,-7.054096271967318366e+00,8.159606493779170133e-01
5.003007830581466919e+00,-7.051968921663579692e+00,5.904943269828002439e-01
4.999417179192515270e+00,-7.050365748213570427e+00,3.791845654356399975e-01
4.995027696126681072e+00,-7.048348246049656929e+00,1.805016684878160416e-01
4.990834381461159985e+00,-7.046314149210017419e+00,-3.634201457735636992e-02
4.986271342907579118e+00,-7.043896610558576299e+00,-2.972365724024904066e-01
4.982658402209434456e+00,-7.041864481063894843e+00,-4.962638417920268163e-01
4.979683931268621855e+00,-7.039771308536110439e+00,-6.834822583851323241e-01
4.977385717359735118e+00,-7.037479784009293304e+00,-9.171032267535276228e-01
4.975243686178608904e+00,-7.035412315475507938e+00,-1.104989529417860439e+00
4.973665753652288579e+00,-7.032085335942690030e+00,-1.309142858643461471e+00
4.973249717622059585e+00,-7.041076536582325573e+00,-1.391233348049277785e+00
4.969141232712240175e+00,-7.040713669349648818e+00,-1.606189774550663696e+00
4.965580999735108136e+00,-7.039792576382816414e+00,-1.820291450596224436e+00
4.941173643704440899e+00,-7.122422658434874876e+00,-1.938275264611929449e+00
4.897563261656304512e+00,-7.212873950884984176e+00,-2.103162312501289488e+00
4.848338251241193220e+00,-7.299485659254811409e+00,-2.206111756030334270e+00
4.777872590547680431e+00,-7.386481208561164635e+00,-2.260171731588658250e+00
4.705799689029478650e+00,-7.466463006409934877e+00,-2.326134523502742191e+00
4.627671585500936935e+00,-7.544583600387103850e+00,-2.386262774101374440e+00
4.551903674046687165e+00,-7.612300758213408791e+00,-2.423026287344831164e+00
4.475968219250599844e+00,-7.677876113929833934e+00,-2.422062163346026420e+00
4.398074184620893057e+00,-7.745042329272908255e+00,-2.425580694020144978e+00
4.316764000357284914e+00,-7.815011956550756089e+00,-2.440047481695724940e+00
4.237822286535994465e+00,-7.880874574120483089e+00,-2.442131454194637286e+00
4.230591376582697016e+00,-7.888590235962872121e+00,-2.596616700353726159e+00
4.229610676288284132e+00,-7.890040090957544550e+00,-2.771829525415195228e+00
4.161192386077484429e+00,-7.916104330325695493e+00,-2.940066142680458405e+00
4.140674044368071627e+00,-7.920388064224481717e+00,-3.117290746460309681e+00
4.118108660610065641e+00,-7.920878919979726263e+00,2.999130285888005343e+00
4.030203500636377889e+00,-7.905806666724361165e+00,2.839693590382917687e+00
4.022884814646222829e+00,-7.905363480688874844e+00,2.661779024849120212e+00
4.015965871765860840e+00,-7.903802177003666607e+00,2.485662049673131424e+00
4.009222341397911116e+00,-7.900757784759456115e+00,2.307134669432379326e+00
4.003674372754447042e+00,-7.897190343511403476e+00,2.128572694516975172e+00
3.997382483416737742e+00,-7.889715807007607218e+00,1.939248780160649055e+00
3.992824218612879950e+00,-7.883183053109516614e+00,1.762783896120241334e+00
3.990181540359705625e+00,-7.877448961781285952e+00,1.585003434392369792e+00
3.988212306488938985e+00,-7.871115576101593625e+00,1.404418877113041919e+00
3.987786027311164272e+00,-7.864619330858923618e+00,1.224185635647338621e+00
3.989603893474586549e+00,-7.856251503130850189e+00,1.039589486558920584e+00
3.995358449775945342e+00,-7.845583279619266825e+00,8.539971697192664246e-01
4.000898452384091364e+00,-7.837954855104150909e+00,6.725471804467810788e-01
4.014197552321953744e+00,-7.827366631112983697e+00,4.853831631856847517e-01
4.020371511932090414e+00,-7.821323657032088761e+00,3.431378515612716340e-01
4.029936481133014503e+00,-7.817053887024819403e+00,1.727820810165699161e-01
4.039286443676930460e+00,-7.816378023401670205e+00,-2.246553706178475163e-02
4.051426276169031837e+00,-7.817988677517871743e+00,-2.255025687470650075e-01
4.068769569322223667e+00,-7.822423942095631411e+00,-3.655940940478978329e-01
4.117828708897811829e+00,-7.836571997542691292e+00,-4.311502003451567200e-01
4.136236227426989487e+00,-7.847308116520137489e+00,-6.046633377945350718e-01
4.136886237972053237e+00,-7.847225840204013814e+00,-7.912444589156559793e-01
4.138111448010866056e+00,-7.847186075307977404e+00,-1.004028123276519135e+00
4.139535154297309560e+00,-7.848113152224859945e+00,-1.203507500052586110e+00
4.140953943963252115e+00,-7.849295118168394758e+00,-1.391827456561703924e+00
4.142705584541375607e+00,-7.851091882032866565e+00,-1.603475105623097141e+00
4.144214751051164214e+00,-7.852999712658683684e+00,-1.792926927707133133e+00
4.144817082841794509e+00,-7.856249313071017149e+00,-2.005383225507861411e+00
4.145094645556269164e+00,-7.859701120617605952e+00,-2.204200434329643077e+00
4.144905078229573547e+00,-7.862981916503263058e+00,-2.390553782990619158e+00
4.143908070682618572e+00,-7.866566118771800120e+00,-2.603737081718497048e+00
4.087083841764470371e+00,-7.896653111758118904e+00,-2.786716277624121219e+00
4.049526209860506931e+00,-7.909565785879983046e+00,-2.958279994608179919e+00
4.044416511725744456e+00,-7.911679022715872200e+00,-3.141342438703710105e+00
4.036711124779090554e+00,-7.912500801341238343e+00,2.951012678115705334e+00
4.030040509081431743e+00,-7.912586755317398968e+00,2.784682509298622488e+00
3.999702844636231269e+00,-7.902196281692851265e+00,2.618587773563152865e+00
3.996939523495150581e+00,-7.901529618023848123e+00,2.433003304744712825e+00
3.997165076072771939e+00,-7.903427352403703310e+00,2.245369047597314260e+00
3.991135611138777239e+00,-7.896370891155601868e+00,2.091776720357933161e+00
3.943001859123521857e+00,-7.811115336557632460e+00,2.095524195692052061e+00
3.937499408616315311e+00,-7.802498743290428251e+00,2.252961100284952334e+00
3.914433942516545972e+00,-7.780117995635911221e+00,2.436566170273425147e+00
3.912340289712898045e+00,-7.778493645085592156e+00,2.626057386611653222e+00
3.908740750109459761e+00,-7.777004263241320103e+00,2.818777382868394188e+00
3.904163182037229340e+00,-7.775945056096905894e+00,2.946241210320319936e+00
3.881193328458203418e+00,-7.770752170377696721e+00,2.816827174120757338e+00
3.783623706209755966e+00,-7.740717222241347173e+00,2.837802925614977934e+00
3.693716651390206884e+00,-7.716007772820703714e+00,3.053642509656349091e+00
3.690617745189745058e+00,-7.714571580576338405e+00,-3.014826722981986507e+00
3.687220888709887845e+00,-7.713183255730966081e+00,-2.824025402254735972e+00
3.683333583314729598e+00,-7.712557351311811082e+00,-2.608636106690021883e+00
3.680434741767744544e+00,-7.711884802046662379e+00,-2.362072872230849718e+00
3.677251963903697796e+00,-7.711438312694174790e+00,-2.178123295424659656e+00
3.673627128140739106e+00,-7.712108803125510725e+00,-1.955271463573064361e+00
3.670576411239036219e+00,-7.712646342036856062e+00,-1.701098523096889581e+00
3.667908746472564818e+00,-7.714542962094836476e+00,-1.452826885622215292e+00
3.665917925983756209e+00,-7.719406472564288357e+00,-1.233429802714861356e+00
3.665518458781735767e+00,-7.723759951722358075e+00,-1.032208210359780720e+00
3.666414439758087784e+00,-7.727018068005286899e+00,-7.943490436572202551e-01
3.667149801789883146e+00,-7.729042778549396253e+00,-6.150443275974802892e-01
3.669007547825795079e+00,-7.732460805580250174e+00,-4.361192095197090057e-01
3.763436067583811440e+00,-7.771929863360885982e+00,-4.266362710628435195e-01
3.859918605881672349e+00,-7.815089292884241701e+00,-4.360269752952553035e-01
3.959885720355996952e+00,-7.860116039637791374e+00,-4.498718429031242083e-01
4.059818433865990173e+00,-7.905121126640712426e+00,-4.343618986344882638e-01
4.137130268333299554e+00,-7.939497955336865864e+00,-3.380418789127070944e-01
4.138722564932264092e+00,-7.936159852052349528e+00,-4.876230171772965444e-02
4.154193319547533569e+00,-7.936939295991845889e+00,1.311529164461340546e-01
4.202374733950171581e+00,-7.933433424664176670e+00,2.209032251828083881e-01
4.295073645849575072e+00,-7.917530499293240709e+00,2.240451067433829879e-01
4.312363947200255510e+00,-7.920232277504287488e+00,3.587337001614027132e-01
4.332000329119958693e+00,-7.907467424963082969e+00,5.074797030428641609e-01
4.332825686902055828e+00,-7.941516645508551520e+00,7.816344555175280817e-01
4.373894580102485996e+00,-7.887223189436613602e+00,8.684904202916902127e-01
4.403779148249239661e+00,-7.839574014801987012e+00,1.003657617019267034e+00
4.426051636859314797e+00,-7.812558807524600191e+00,1.177742061929333728e+00
4.439219303588091137e+00,-7.792646164194400704e+00,1.346061721164565572e+00
4.448989628946568686e+00,-7.769592890387955642e+00,1.526995280773472352e+00
4.453349297572312793e+00,-7.730462278609503635e+00,1.714406276509458316e+00
4.460576702809983196e+00,-7.756096867765336356e+00,1.833488046087754286e+00
4.462100946650966904e+00,-7.750199791328634014e+00,2.023251932552156518e+00
4.459389513291696083e+00,-7.732950822561055482e+00,1.978390388260052868e+00
4.485908296905966708e+00,-7.779003285533878653e+00,1.818784642889038849e+00
4.487217465285023188e+00,-7.764671979667103763e+00,1.607975472627230173e+00
4.488696595444499060e+00,-7.762771596092398418e+00,1.432062379756565695e+00
4.497738397105477404e+00,-7.741899442659534891e+00,1.260160250624260403e+00
4.501659266346303312e+00,-7.696985023695940065e+00,1.052416277215100227e+00
4.512048237303615927e+00,-7.655244015622006515e+00,8.418346238562416373e-01
4.529023198827940355e+00,-7.613647504193853166e+00,7.716549803780065053e-01
4.539712393148040093e+00,-7.586429178280939212e+00,7.802946376286691299e-01
4.539507835783801681e+00,-7.567064879360717811e+00,6.903413268168908656e-01
4.547275513634048139e+00,-7.574295885589865662e+00,5.150035216493922263e-01
4.587752092562500827e+00,-7.553960756656771025e+00,3.180022912702307192e-01
4.599270513102013958e+00,-7.551609817707101158e+00,3.058794838236816305e-01
4.593377127810224003e+00,-7.557028274758677888e+00,5.287354325045958703e-01
4.594566744376164635e+00,-7.563021270295125831e+00,6.455417898515517505e-01
4.592402081043417184e+00,-7.559911074919332563e+00,8.294311729716223880e-01
4.591070269821825534e+00,-7.556545977746268683e+00,1.035976839287049867e+00
4.590124215293261756e+00,-7.552350427925237142e+00,1.236629454918787507e+00
4.588708755593104982e+00,-7.547684731047204387e+00,1.421632892747179966e+00
4.587386969827257133e+00,-7.542893982866792690e+00,1.606258639397974752e+00
4.585531079822353639e+00,-7.536638675399425225e+00,1.806938313790368511e+00
4.583101997376521020e+00,-7.530914043804274094e+00,1.987963159003299118e+00
4.580150252883202100e+00,-7.523536155577868811e+00,2.159181082793520279e+00
4.513993690686600502e+00,-7.424668484538646140e+00,2.142646778889778059e+00
4.451861768680213771e+00,-7.327346941529855329e+00,2.127808976440725086e+00
4.393284074798351035e+00,-7.232568957847320235e+00,2.134008153916558292e+00
4.329806062662426847e+00,-7.135433930930864754e+00,2.181817412256689792e+00
4.263655832128342205e+00,-7.056069504575882334e+00,2.338732737438357745e+00
4.193299060333165684e+00,-6.995159278964679039e+00,2.501962768260465708e+00
4.152478845328421819e+00,-6.971949792807959234e+00,2.618264829408721184e+00
4.057707566573278690e+00,-6.921505229674965065e+00,2.696075951830469997e+00
3.960299895605007503e+00,-6.871930217455003209e+00,2.690045807030668090e+00
3.916318659977367389e+00,-6.846485208348830120e+00,2.565997081312309636e+00
3.881544306389816068e+00,-6.816426280145761574e+00,2.345404203835822710e+00
3.854080524197703195e+00,-6.786975512060875459e+00,2.187416368914176790e+00
3.836060508040132877e+00,-6.755837095258824476e+00,1.972244281865618065e+00
3.828576761502349601e+00,-6.727630289273808017e+00,1.752489428297697271e+00
3.824999451098962222e+00,-6.701461369849293526e+00,1.561816215131790697e+00
3.823893662782790415e+00,-6.695020220393154808e+00,1.631199770056939835e+00
3.823233887306368040e+00,-6.694092520807585878e+00,1.825282325684494111e+00
3.819911170527915178e+00,-6.693646994078235934e+00,2.048463021332073808e+00
3.818323569787138272e+00,-6.691211986436439219e+00,2.257191796029484276e+00
3.818249332306573596e+00,-6.688192129242585438e+00,2.414598171532326809e+00
3.817484518131196047e+00,-6.683495919151356546e+00,2.577053752909850282e+00
3.800032338786150987e+00,-6.670447260901288367e+00,2.717731969471533393e+00
3.707780451920835940e+00,-6.627825200448440590e+00,2.707642449160600151e+00
3.613581198614673085e+00,-6.581177420330200256e+00,2.689312827613151935e+00
3.522810955209736417e+00,-6.534055932425657076e+00,2.658989026204516382e+00
3.472515197648665897e+00,-6.497475807325852948e+00,2.499275669632166519e+00
3.472450541198640828e+00,-6.497760111145324480e+00,2.291179325756233620e+00
3.472524364140014530e+00,-6.498235260908311162e+00,2.102641790576947667e+00
3.471436758571304182e+00,-6.499228053722347020e+00,1.908588138130897338e+00
3.469578421013780556e+00,-6.499682679872045732e+00,1.658517960307184236e+00
3.467267148950873512e+00,-6.499583625459796288e+00,1.410784769340000855e+00
3.465069459355649251e+00,-6.499225684631841915e+00,1.217533091151894675e+00
3.462248035529920553e+00,-6.498074176503646271e+00,1.007200285057510358e+00
3.459080410395037664e+00,-6.495447863580281478e+00,7.430718611457782785e-01
3.456720519116061929e+00,-6.492985318096301306e+00,5.541489334271413325e-01
3.453557431154946400e+00,-6.489495038900787272e+00,2.502319471692636133e-01
3.451928484441310285e+00,-6.486623364864883001e+00,7.693369158331735125e-02
3.450456488193784921e+00,-6.483906854539478459e+00,-1.080276169489368249e-01
3.449341427502405466e+00,-6.480752832993148083e+00,-2.983050103941572995e-01
3.448132658880235457e+00,-6.477479380892925853e+00,-5.091339793060446484e-01
3.447502121000938669e+00,-6.473685772931815130e+00,-7.760648529806801754e-01
3.447722323202248695e+00,-6.470750903642599638e+00,-9.654344547986934977e-01
3.448883990878704342e+00,-6.466484461269796924e+00,-1.268518993335914002e+00
3.451010036111189727e+00,-6.463250724074165454e+00,-1.534236048510865480e+00
3.452692314321502032e+00,-6.461489695160369529e+00,-1.712571019612524337e+00
3.454891543240588447e+00,-6.459693846534897865e+00,-1.921380763027048300e+00
3.457514969054072740e+00,-6.458780073701862356e+00,-2.115504206255478081e+00
3.459615393772283110e+00,-6.458396056871885449e+00,-2.299565283605669030e+00
3.461770753444678661e+00,-6.458632407292397737e+00,-2.476355203136585192e+00
3.464054703178797379e+00,-6.459156786062406397e+00,-2.662488445568571116e+00
3.466180006157202786e+00,-6.459999940676682151e+00,-2.879844202309560508e+00
3.467320202176849886e+00,-6.460605303964893409e+00,-3.064479185683656848e+00
3.468833051653777311e+00,-6.461396531588282421e+00,3.045171373172984364e+00
3.469958737354149836e+00,-6.462631587160375446e+00,2.858794709711231175e+00
3.470594815387188614e+00,-6.464212724892762552e+00,2.645539268643381181e+00
3.471153622778640369e+00,-6.465157494560399343e+00,2.467242028694335509e+00
3.470927859028146933e+00,-6.466788806228896291e+00,2.277475531480594562e+00
3.469757738078071085e+00,-6.469575382221147919e+00,1.971907580848872410e+00
3.468093746883911699e+00,-6.470277808753966298e+00,1.798250670990765299e+00
3.466633750405289316e+00,-6.470377741207343547e+00,1.608621223746196538e+00
3.464324801841179191e+00,-6.470588988103939343e+00,1.418405823961804035e+00
3.461760682699742020e+00,-6.470500554552922168e+00,1.207762444933382140e+00
3.458484340693784187e+00,-6.468641638329071242e+00,9.426189516197489571e-01
3.456019703697322587e+00,-6.466486945185669910e+00,7.558055305679443059e-01
3.453583730806929264e+00,-6.464210288254002457e+00,5.825594119307856422e-01
3.451025033663101649e+00,-6.461711499247139834e+00,3.585981957352852856e-01
3.449677798610920831e+00,-6.459122764369658043e+00,1.856791710301739506e-01
3.448291373412505578e+00,-6.456261197426614196e+00,-4.245036476692944441e-03
3.446602190143923661e+00,-6.452130830460267141e+00,-3.075102615801283412e-01
3.444973419188872121e+00,-6.447984027369437321e+00,-5.743387751884653225e-01
3.444652487941746166e+00,-6.445068475573538791e+00,-7.659965343838238683e-01
3.445204775309466338e+00,-6.440511678461241729e+00,-1.069795769437883903e+00
3.446741456110386626e+00,-6.436953408467867455e+00,-1.333877555735957676e+00
3.448169338280529406e+00,-6.434427006061204324e+00,-1.519624159726418400e+00
3.450373994638051833e+00,-6.432409563968604971e+00,-1.721312588599064330e+00
3.452104271935701352e+00,-6.430834156897450526e+00,-1.899843133102155024e+00
3.454750714529583711e+00,-6.429620102826410388e+00,-2.141147477571923474e+00
3.458009656738048054e+00,-6.429447900651983794e+00,-2.403361121216686769e+00
3.460510532652239402e+00,-6.429881243148281911e+00,-2.627825157428576475e+00
3.462607740823092417e+00,-6.430397068789690529e+00,-2.858153938977971542e+00
3.464883286821035746e+00,-6.431450662919549366e+00,-3.103294402946163100e+00
3.466510980991135416e+00,-6.432473514605389298e+00,2.964679436885295782e+00
3.467418278697216305e+00,-6.434015068488752931e+00,2.733132976387680380e+00
3.468060805501816724e+00,-6.435912876896252577e+00,2.486537906856818747e+00
3.467994647306633649e+00,-6.437605277201757126e+00,2.269344575593083668e+00
3.467324642913580668e+00,-6.439231138826673195e+00,2.021286973833776202e+00
3.465798878213520950e+00,-6.440169145461930533e+00,1.807084888162552305e+00
3.463585697029815780e+00,-6.440564502786567225e+00,1.577805827820837115e+00
3.460921572308093719e+00,-6.440816045640454846e+00,1.360731257050151077e+00
3.457915721551917621e+00,-6.440392576248631151e+00,1.114005301366516765e+00
3.455176884650242197e+00,-6.438218171423138791e+00,8.873886870087346335e-01
3.451780397510544773e+00,-6.435346657998657349e+00,6.414408572866705516e-01
3.449661129345633181e+00,-6.432712441546405202e+00,4.269587948510496500e-01
3.447662258050678830e+00,-6.429522809202364186e+00,1.781699646297244533e-01
3.445859892190485496e+00,-6.426007571090262438e+00,-3.700720225201001995e-02
3.444576405121022145e+00,-6.422449048628857682e+00,-2.662536493826636042e-01
3.443479229896942773e+00,-6.419228319626848922e+00,-4.808576851891797621e-01
3.442425196531936127e+00,-6.415401829171140768e+00,-7.281699844853422032e-01
3.442288932698728043e+00,-6.411798834706464945e+00,-9.559894147830784172e-01
3.443012682207716058e+00,-6.408095117178629785e+00,-1.200549733736004931e+00
3.444152492487457362e+00,-6.405311074108575475e+00,-1.413690248822423001e+00
3.446749337883781017e+00,-6.402689581607142522e+00,-1.659687852401349861e+00
3.449064217672586530e+00,-6.400468632981668904e+00,-1.877290130279405389e+00
3.451579798002260002e+00,-6.399353626655999605e+00,-2.107715477014340699e+00
3.454796238267896058e+00,-6.398819894062117264e+00,-2.343590039776551670e+00
3.458053829368916254e+00,-6.396372725724526198e+00,-2.514739815176653792e+00
3.459824400578531023e+00,-6.396101377941545429e+00,-2.662777994274878157e+00
3.460754615666671530e+00,-6.395212679969299430e+00,-2.848677858669140139e+00
3.460859983959565067e+00,-6.395738201103832843e+00,-3.004856721795422292e+00
3.460076162328247218e+00,-6.392305666761822103e+00,2.953526887908549003e+00
3.458419430274785711e+00,-6.392429932972602202e+00,2.787198896238968882e+00
3.456864313442076675e+00,-6.392651986426010957e+00,2.613234010527840212e+00
3.409946852741010836e+00,-6.357592017215142555e+00,2.479606259261948775e+00
3.373520275139595626e+00,-6.321395129362827880e+00,2.354602871812293774e+00
3.370307369669513164e+00,-6.317388644992615099e+00,2.447886790900601905e+00
3.287907660394281617e+00,-6.244783793580897857e+00,2.437191643550315145e+00
3.206649089715961409e+00,-6.174931320643310961e+00,2.444802514847467467e+00
3.123948236084229002e+00,-6.105213589496112370e+00,2.452882661426671440e+00
3.039285867621741133e+00,-6.034849979832206834e+00,2.460334972593231750e+00
2.955366135567351726e+00,-5.966356950014373162e+00,2.468644306268366062e+00
2.866160715723626851e+00,-5.894595958006327407e+00,2.476422546617854881e+00
2.781051632417672170e+00,-5.827608323062325013e+00,2.487245038870360414e+00
2.702289457696579245e+00,-5.766513973464155285e+00,2.481655729157842494e+00
2.681377296441088465e+00,-5.753107866484026722e+00,2.356488047728933388e+00
2.682913057762175146e+00,-5.752372178738212050e+00,2.083261302550271754e+00
2.658533004102900943e+00,-5.702050403651658605e+00,2.018325463082840443e+00
2.657463983410460084e+00,-5.696932875285052766e+00,2.124023164491965154e+00
2.653074630798335054e+00,-5.691722898103799722e+00,2.006528074631491076e+00
2.613182248075115677e+00,-5.602945750718535400e+00,1.927525629379461591e+00
2.595852685774482804e+00,-5.541397173680603139e+00,1.756074662117592000e+00
2.591450694090696505e+00,-5.479184200160010398e+00,1.568464136714236012e+00
2.598563854668696216e+00,-5.414465195250469876e+00,1.374846314303903583e+00
2.608220071695608766e+00,-5.376415731026493283e+00,1.317307750645781761e+00
2.608580891873944818e+00,-5.374636849658275928e+00,1.495975122290882586e+00
2.609512036722760886e+00,-5.372790549726741638e+00,1.688126082118482030e+00
2.610092035934512111e+00,-5.370683648934781118e+00,1.864489573254229926e+00
2.598204016409424444e+00,-5.343881523504031783e+00,2.009072715450884505e+00
2.579888419046068471e+00,-5.305487283494889184e+00,2.154370570169435339e+00
2.553743779986269224e+00,-5.273150773375284928e+00,2.354198570434975046e+00
2.536881745757527007e+00,-5.258487426005962639e+00,2.562192431675542448e+00
2.490708105789408044e+00,-5.232850486412867319e+00,2.715298795076889427e+00
2.448322166603371652e+00,-5.218812600034572036e+00,2.906380899174234145e+00
2.354741153217629446e+00,-5.206805563521450075e+00,2.969750868438603586e+00
2.257025655388706920e+00,-5.190509377426788085e+00,2.962110407402707590e+00
2.208014976691623055e+00,-5.181668828417141270e+00,3.117950345338845963e+00
2.206026760137179021e+00,-5.179460918485838228e+00,-2.989729790327522618e+00
2.204761913077937674e+00,-5.177843264769566467e+00,-2.797442686591876004e+00
2.203037273895545489e+00,-5.176151796171473585e+00,-2.622427467661465617e+00
2.201168406866896188e+00,-5.175143960401536347e+00,-2.447078487067581243e+00
2.182930555453296950e+00,-5.188933750522517485e+00,-2.272349863278669169e+00
2.141242504333012331e+00,-5.244242319076373171e+00,-2.123639933457382334e+00
2.111311572601477060e+00,-5.296370809629586951e+00,-1.983508828936777046e+00
2.095341013128181551e+00,-5.339016195361997674e+00,-1.785813337799169176e+00
2.088599523672101999e+00,-5.383098184577412404e+00,-1.580585653367192256e+00
2.087143446680278291e+00,-5.406009271104691649e+00,-1.402694904373914753e+00
2.084438231688165999e+00,-5.407804733095641581e+00,-1.252266837711881964e+00
2.082101746032321454e+00,-5.409252431080541434e+00,-1.103808392301049990e+00
2.081139063642285070e+00,-5.411092607081334549e+00,-9.086738371591233099e-01
2.080656877756722700e+00,-5.412650843793190170e+00,-7.065160438331148374e-01
2.080793553185969369e+00,-5.414430894864605825e+00,-4.824661932603292458e-01
2.080999599659191013e+00,-5.416332431882708853e+00,-2.701731062082196044e-01
2.081829124622179616e+00,-5.418410761875798620e+00,-4.190836535337721241e-02
2.083057263844627194e+00,-5.420197934559413788e+00,1.432678396966516610e-01
2.085081794724204407e+00,-5.422662678712331541e+00,4.066839880355463399e-01
2.087732525621051494e+00,-5.424599163068651642e+00,6.601350450557867955e-01
2.089825992660180098e+00,-5.425544760547958312e+00,8.660578249748672741e-01
2.091948777882585375e+00,-5.426103456291800242e+00,1.057636993743563902e+00
2.094011509854557751e+00,-5.426153850429744629e+00,1.241351335495268104e+00
2.095751437549133289e+00,-5.425452607651974901e+00,1.420409327363736818e+00
2.097480236212792448e+00,-5.424279020916667804e+00,1.631219824417524222e+00
2.098701731961481354e+00,-5.422794470902386976e+00,1.822312692403617040e+00
2.099335331900487489e+00,-5.421159041082412422e+00,2.007068930196500567e+00
2.099915531941327629e+00,-5.419114342192441924e+00,2.188031421644434982e+00
2.099641119103558218e+00,-5.416504574883712841e+00,2.402056141185326066e+00
2.098967448732601770e+00,-5.414460026300114137e+00,2.593005932813131409e+00
2.098073635056923347e+00,-5.411623984265353293e+00,2.789132962086044110e+00
2.096612083871677523e+00,-5.409264039714522632e+00,3.052508024702739853e+00
2.094863372125769452e+00,-5.407206681416406369e+00,-3.019711174295494072e+00
2.092636970817799202e+00,-5.405656118306882973e+00,-2.828009654840098364e+00
2.089344484137608315e+00,-5.403824586586216228e+00,-2.587444975129308933e+00
2.032983696544670593e+00,-5.443360175758560793e+00,-2.417229599349368208e+00
2.010922639764892939e+00,-5.463074630206911309e+00,-2.229424418602238944e+00
1.996738394966659946e+00,-5.480365901709735255e+00,-2.042606789577411153e+00
1.986110295439563966e+00,-5.500053538652380780e+00,-1.852976363363799450e+00
1.977664328044283382e+00,-5.520487217888837783e+00,-1.714311750786302158e+00
1.974174680150000194e+00,-5.541433005724974770e+00,-1.522199643204912523e+00
1.975146767968687378e+00,-5.562663643439651473e+00,-1.322085220060497113e+00
1.980288536746975137e+00,-5.583315690623672722e+00,-1.121744887898365350e+00
1.989637163875434211e+00,-5.602171979784142941e+00,-9.210539623567584044e-01
2.002990403837199729e+00,-5.619560928672944655e+00,-7.385247849838644241e-01
2.019151345107058404e+00,-5.633796433888782929e+00,-5.580008154684336086e-01
2.037725513189893700e+00,-5.644950143746051197e+00,-3.759461963412464858e-01
2.058186207070598073e+00,-5.652813515459889082e+00,-1.935179517965450458e-01
2.079718239982959904e+00,-5.657060807264988611e+00,-1.185563409737367194e-02
2.101648630955162744e+00,-5.657103101792464450e+00,1.710094598698968238e-01
2.123286381406585210e+00,-5.653385981896350998e+00,3.530280255524055333e-01
2.143792625309091981e+00,-5.645821682887520510e+00,5.354661649232922427e-01
2.162973282403469089e+00,-5.634774537604791966e+00,7.191539641241598835e-01
2.179530307721692317e+00,-5.620520030509378984e+00,9.008878410888107036e-01
2.193225971460556423e+00,-5.603689611480317190e+00,1.081103762733674145e+00
2.203299783139447410e+00,-5.584318766319779748e+00,1.265083560566225174e+00
2.209335848386405843e+00,-5.563544112518602702e+00,1.449117237268965352e+00
2.211680707025519332e+00,-5.542413854890733127e+00,1.630277632476624161e+00
2.210871475964966137e+00,-5.520846473999593051e+00,1.800830156781332736e+00
2.205400204452155677e+00,-5.500044434171194041e+00,1.989611523706519502e+00
2.196281151904501350e+00,-5.480778754681589149e+00,2.177429649223238783e+00
2.183136122664611101e+00,-5.463341927111364349e+00,2.367304595239923870e+00
2.167431999736023851e+00,-5.448795985804598452e+00,2.554019281609810399e+00
2.148774739548712898e+00,-5.437249201772869078e+00,2.742890337648481225e+00
2.127787618701415084e+00,-5.429104866684604680e+00,2.935585784376748997e+00
2.105881326528973307e+00,-5.424836430212243599e+00,3.125000070327270674e+00
2.083704867526563920e+00,-5.423079328283248124e+00,-2.987237049088730334e+00
2.061875445458949407e+00,-5.424902317506933969e+00,-2.814871753440373769e+00
2.041124553860657276e+00,-5.430600480700586097e+00,-2.642376371592575435e+00
2.021412255630694155e+00,-5.439833019920015111e+00,-2.467380717142271696e+00
2.004132991485522819e+00,-5.452029428641558262e+00,-2.291996819525692786e+00
1.989603577359067454e+00,-5.466940758663605848e+00,-2.116700015563398818e+00
1.978044538398259444e+00,-5.484152731401169767e+00,-1.939225317453720621e+00
1.969321496657356452e+00,-5.504180410258018519e+00,-1.784185426933368346e+00
1.964975564755532256e+00,-5.526038115947423002e+00,-1.609651247572580601e+00
1.964716380732794310e+00,-5.549721411796864956e+00,-1.429009162612309147e+00
1.968208804268509304e+00,-5.572580160963105378e+00,-1.246180909719736274e+00
1.975699278233134626e+00,-5.594050585050710289e+00,-1.058383893851909230e+00
1.986837291625636714e+00,-5.613216097111878966e+00,-8.715421425515880172e-01
2.001248341417923182e+00,-5.630058795989274500e+00,-6.859707069396059342e-01
2.018116551414008253e+00,-5.643586531004046947e+00,-5.013940927952417193e-01
2.037651747506790123e+00,-5.654353171195656280e+00,-3.146292516658897309e-01
2.058980281967424997e+00,-5.661401877807945127e+00,-1.278575650519407081e-01
2.080742275138133035e+00,-5.664399804477225686e+00,5.747007978330443551e-02
2.102802151303732714e+00,-5.663396638741038380e+00,2.440783539225667709e-01
2.124365310303975463e+00,-5.658494490833512636e+00,4.319779003584432453e-01
2.144356839531043057e+00,-5.649673381706775466e+00,6.193139763250876673e-01
2.162521097145427618e+00,-5.637272013559829098e+00,8.076501779722397023e-01
2.178172677699811377e+00,-5.622006391554082327e+00,9.951733753441310837e-01
2.190445726126221793e+00,-5.604163569218098218e+00,1.183479865163692635e+00
2.199049270915690357e+00,-5.584144693258568992e+00,1.372702110109036422e+00
2.203275007262314844e+00,-5.563286303086484530e+00,1.561221559861470931e+00
2.204229693757679520e+00,-5.541596048459005885e+00,1.729291649616568449e+00
2.201227158608923595e+00,-5.520261806821419981e+00,1.898981477425826458e+00
2.194390072948174453e+00,-5.500015281222721875e+00,2.080146064372979442e+00
2.184236301574751682e+00,-5.481766461226610154e+00,2.258018859557048064e+00
2.171478516287555838e+00,-5.465464269029507882e+00,2.425589690661010600e+00
2.156592643175443413e+00,-5.451727183362229390e+00,2.589634723028436003e+00
2.137825595976138082e+00,-5.441184828461231859e+00,2.779813000275398238e+00
2.117143733904864433e+00,-5.434048817407481913e+00,2.970830175793547578e+00
2.095727264985565608e+00,-5.431192550135434338e+00,-3.124735350715192261e+00
2.074106224488949213e+00,-5.432432932674814197e+00,-2.936954712708941706e+00
2.052976099962826151e+00,-5.437948488464781072e+00,-2.748271678300746146e+00
2.032941059849087573e+00,-5.447224644663981152e+00,-2.562354807246437272e+00
2.014726043341132922e+00,-5.460227826813739860e+00,-2.373038558140560639e+00
1.989832528796011690e+00,-5.487426631543570466e+00,-2.184195922813735091e+00
1.968791956181590974e+00,-5.521172698057922545e+00,-2.003121273668758029e+00
1.951774478032627158e+00,-5.557893626765015860e+00,-1.892253937827871324e+00
1.942017742616946263e+00,-5.593973885657377743e+00,-1.711750760192928267e+00
1.939090251689615796e+00,-5.632594855706534176e+00,-1.527156403233261184e+00
1.942946522345530225e+00,-5.670901271249110920e+00,-1.346084983956632231e+00
1.953484393418831289e+00,-5.706972636697879686e+00,-1.165556404189143525e+00
1.970899287476389095e+00,-5.741756633196009041e+00,-9.839189646778561116e-01
1.993024080848148305e+00,-5.771385720147677922e+00,-8.050106347793914985e-01
2.020749937798411722e+00,-5.796662547312481983e+00,-6.263642747286392032e-01
2.052878187478457850e+00,-5.817022182633318828e+00,-4.408262570780964729e-01
2.087641373733751138e+00,-5.830705187248726773e+00,-2.638898004222694493e-01
2.125416345335225277e+00,-5.838341946474661981e+00,-7.929268370055075899e-02
2.163647499467318713e+00,-5.838896374275153178e+00,1.024798093545591093e-01
2.200766313537219965e+00,-5.832736873453628235e+00,2.818948354579299820e-01
2.237701600217819831e+00,-5.819864192815249915e+00,4.644268958634112932e-01
2.251546859425538560e+00,-5.814773007827499285e+00,6.469278224284799039e-01
2.253290712887905389e+00,-5.816132108391978583e+00,8.300084281666142427e-01
2.255142875932824698e+00,-5.816795218132882361e+00,1.016141845632899443e+00
2.256899915893984865e+00,-5.816921074701750349e+00,1.192502688390239207e+00
2.258265550855167447e+00,-5.816379994205481019e+00,1.368204892982239018e+00
2.260177170420379245e+00,-5.815452043403954718e+00,1.570294024798977173e+00
2.261895655158869811e+00,-5.814572542103055852e+00,1.747497187875842961e+00
2.263437397381017568e+00,-5.812472873859042544e+00,1.986086114806346004e+00
2.264119906278959427e+00,-5.810521252084841493e+00,2.167127813550621340e+00
2.264162977242495156e+00,-5.808436525799504757e+00,2.342578212836597285e+00
2.264161486395819711e+00,-5.806307853515217943e+00,2.538851091270158733e+00
2.263823867909694698e+00,-5.803949356357533063e+00,2.747468948238702691e+00
2.263045070573590944e+00,-5.801973039068371030e+00,2.929651980116490861e+00
2.261825704178205054e+00,-5.799882679378260519e+00,3.138057814529537470e+00
2.260251790209188982e+00,-5.798169767517546980e+00,-2.963295181678371026e+00
2.258367116350312287e+00,-5.796133969611745762e+00,-2.754520370078606728e+00
2.249786985254735416e+00,-5.798181089802358024e+00,-2.601728995575349312e+00
2.160433061934339261e+00,-5.852536617564600085e+00,-2.601751063008127751e+00
2.068898043058258196e+00,-5.908205928959222142e+00,-2.601248742304295369e+00
2.057215550792403924e+00,-5.913615193607145493e+00,-2.426913174813264629e+00
2.055382258505967563e+00,-5.912582394849505540e+00,-2.230209032975343675e+00
2.053138595845683145e+00,-5.912205643900107610e+00,-2.020490400081392579e+00
2.050019560954866371e+00,-5.912208359375869193e+00,-1.865690205516638223e+00
2.049015212093019400e+00,-5.913242795109411531e+00,-1.626980616281520797e+00
2.047932766781174418e+00,-5.917612481811198144e+00,-1.440896217389782574e+00
2.060041636623891836e+00,-6.001935736386291964e+00,-1.371861556494377909e+00
2.075699928269077343e+00,-6.056092026813499452e+00,-1.161721469118208283e+00
2.087832140644620083e+00,-6.074562423084733709e+00,-1.160052317342437522e+00
2.100872054438288394e+00,-6.109260504827057403e+00,-1.099153523965227031e+00
2.146785055695380251e+00,-6.204572181592072688e+00,-1.095252405426466069e+00
2.192729817588799701e+00,-6.298696158567206993e+00,-1.088539528960305258e+00
2.241042650822541837e+00,-6.393937090567916925e+00,-1.077361192563516479e+00
2.250536271941445232e+00,-6.414976534930670660e+00,-1.247997446239606845e+00
2.251609618630915133e+00,-6.415888946591255859e+00,-1.416243781139658653e+00
2.253108947206797108e+00,-6.416560655541305280e+00,-1.643304512351043023e+00
2.255008645268061773e+00,-6.417381760542709479e+00,-1.829836633972807158e+00
2.260078956311895926e+00,-6.420977702932360032e+00,-1.988787897926488357e+00
2.262879538965240300e+00,-6.424513809422093047e+00,-2.161945202982566983e+00
2.262043953631543758e+00,-6.423353615111915715e+00,-2.372822701473165097e+00
2.264112306153432730e+00,-6.425124972456334405e+00,-2.599970420964338391e+00
2.266179646023485095e+00,-6.427808707870705796e+00,-2.870150062097252874e+00
2.267244661685958285e+00,-6.430747741879424773e+00,-3.119012199146986131e+00
2.268147248217399436e+00,-6.433494804148311097e+00,2.976805038789428703e+00
2.268997188762038597e+00,-6.435814396243943136e+00,2.770984273800399134e+00
2.269174287798598311e+00,-6.438215864569556857e+00,2.585385982396957161e+00
2.269487616780414552e+00,-6.441954477896458364e+00,2.317924742333087984e+00
2.268694675556371720e+00,-6.444355812209218826e+00,2.131093215594294321e+00
2.267334935058346268e+00,-6.447108901564356565e+00,1.918576244769375938e+00
2.265697503675615287e+00,-6.449327306834089946e+00,1.732148369289418399e+00
2.263743238928085599e+00,-6.451075551986105161e+00,1.558387243313043014e+00
2.261253695186537627e+00,-6.452514357277163271e+00,1.372239249370592606e+00
2.258292155316727445e+00,-6.453119177280115970e+00,1.157956210977903355e+00
2.255197844725270073e+00,-6.453272286042377459e+00,9.724683409306140724e-01
2.252640843823341399e+00,-6.452918833746799088e+00,7.981129362775198910e-01
2.249555945303886251e+00,-6.452763026634520394e+00,6.179892808329130460e-01
2.246602617370595745e+00,-6.451987673651217392e+00,4.171668213971916339e-01
2.243796984613706691e+00,-6.450350589642841470e+00,1.739041963047123218e-01
2.241235643126141763e+00,-6.448768188318463324e+00,-7.196899753260239951e-02
2.239349105957744612e+00,-6.447633430013104849e+00,-2.520771853899692605e-01
2.237578467426001971e+00,-6.445703372638973860e+00,-4.765484753569201870e-01
2.236339622943414707e+00,-6.444074179947826941e+00,-6.993225072419386734e-01
2.235618540349610051e+00,-6.442421431559220757e+00,-9.411812415051153957e-01
2.235903159700667331e+00,-6.441020667110779918e+00,-1.147554946226175820e+00
2.236530081654298563e+00,-6.440085849309949317e+00,-1.351763706500090922e+00
2.237799890347117238e+00,-6.439384262405299708e+00,-1.558598005810829745e+00
2.238908974132857832e+00,-6.439571607286450394e+00,-1.744168487305943538e+00
2.236674595793641362e+00,-6.442480876978241788e+00,-1.716214426235266099e+00
2.233901878547364994e+00,-6.444821223102006336e+00,-1.536226284649474971e+00
2.231470099640522342e+00,-6.447768042790164245e+00,-1.345490421745488163e+00
2.229194691330867784e+00,-6.450010797844001331e+00,-1.161948163798675271e+00
2.227460869160470036e+00,-6.452766247759257112e+00,-9.848931414072612522e-01
2.285512794942161197e+00,-6.533908066324721986e+00,-8.484452100222323878e-01
2.356249024330944408e+00,-6.608730018464653355e+00,-7.334381906459620515e-01
2.453484105265497650e+00,-6.664656199063978548e+00,-7.131110201960728645e-01
2.534001183562580195e+00,-6.734166915865871239e+00,-7.139621866172810583e-01
2.575737762166309341e+00,-6.763180249571850489e+00,-7.920151759364725264e-01
2.574189590737224087e+00,-6.764535439624452806e+00,-1.060417090604531598e+00
2.575317931107020453e+00,-6.763056674406887403e+00,-1.238967005689882273e+00
2.577515243328221572e+00,-6.761959935446572700e+00,-1.421120439983384331e+00
2.579850535393269695e+00,-6.760740414514564200e+00,-1.620853343181382966e+00
2.582415710041795265e+00,-6.760183351200526936e+00,-1.800569157583997271e+00
2.585346907029252073e+00,-6.760075038936830261e+00,-1.991031081687693938e+00
2.588038058770082639e+00,-6.760576301348072192e+00,-2.165810018924462454e+00
2.590665999783805962e+00,-6.760980774601336840e+00,-2.348088176992978671e+00
2.593389846012303046e+00,-6.761771510584532408e+00,-2.534810417350474410e+00
2.595870822190528227e+00,-6.763291720108900229e+00,-2.713641984449134625e+00
2.598241490721445057e+00,-6.764957206203651374e+00,-2.908325158352262463e+00
2.600038558015308698e+00,-6.766699378281069599e+00,-3.082382576188786860e+00
2.601065368747542461e+00,-6.769604759432215069e+00,3.044244339507134356e+00
2.602308551068148734e+00,-6.771111903553683753e+00,2.870084141088537155e+00
2.603788155253643932e+00,-6.771110469261754972e+00,2.673679514292598203e+00
2.604880664888712616e+00,-6.771845001429634969e+00,2.486585292299325012e+00
2.603684922678398017e+00,-6.776995161253095645e+00,2.340916941517565686e+00
2.603668686832109724e+00,-6.777904352835376400e+00,2.130003320168160297e+00
2.603546350498998407e+00,-6.778698650344066934e+00,1.917971899378991152e+00
2.602828716746612869e+00,-6.779237241849465079e+00,1.731481644106252826e+00
2.601983126752817288e+00,-6.779574250780297184e+00,1.523132515926121533e+00
2.600642799278081618e+00,-6.779537156931259467e+00,1.322083753186395372e+00
2.599387548888402844e+00,-6.779004269898076807e+00,1.132159872334219219e+00
2.598183425012644321e+00,-6.778032966592784980e+00,9.466122926258413450e-01
2.596587409122425694e+00,-6.776751535959069983e+00,7.358554488390460779e-01
2.594879283757100197e+00,-6.774733042612279377e+00,5.284035720430328986e-01
2.593631497105688855e+00,-6.772601481075340324e+00,3.418308446218556451e-01
2.592715889810266017e+00,-6.770020041489125617e+00,1.579577859100542714e-01
2.591826402144080888e+00,-6.767464834818434305e+00,-2.620395443821948653e-02
2.591285012282471101e+00,-6.765147306389741821e+00,-2.143370918161152106e-01
2.590877168124479990e+00,-6.762773982953300234e+00,-4.020951567549703176e-01
2.619847643836269224e+00,-6.772498094226295784e+00,-4.163327261654992117e-01
2.647626427204656352e+00,-6.781763203959067177e+00,-4.363747754606452922e-01
2.664514030584716586e+00,-6.789570694248293847e+00,-6.130939258491420185e-01
2.750861465206036804e+00,-6.847319292775574162e+00,-6.307522800449051337e-01
2.835132955680557565e+00,-6.903669952493537210e+00,-6.383375613262949333e-01
2.879562735837399856e+00,-6.929336560290747293e+00,-7.068287038623543017e-01
2.873924485419165897e+00,-6.931277157482846007e+00,-9.690158397788243283e-01
2.872041856858263742e+00,-6.929555811170377666e+00,-1.184318007838181863e+00
2.873259869642789344e+00,-6.926711190841015053e+00,-1.372933962316674972e+00
2.872993052480735443e+00,-6.925547744263534256e+00,-1.552959528862811078e+00
2.873511422510450330e+00,-6.924215544371093323e+00,-1.776427448850059765e+00
2.874216490589123651e+00,-6.923475576974239765e+00,-1.996191428720458072e+00
2.875077624152893030e+00,-6.923604769971418271e+00,-2.197572491813218232e+00
2.876305875100015896e+00,-6.923898091728764470e+00,-2.386223622628944607e+00
2.876935108714854916e+00,-6.924790493801122437e+00,-2.596768244240274637e+00
2.877922396943845218e+00,-6.926453395309808414e+00,-2.826033312698793321e+00
2.878157911165286187e+00,-6.928261073032846440e+00,-3.027865056217653006e+00
2.878227032650238382e+00,-6.930014254003709517e+00,3.054207467624099337e+00
2.877810419947812282e+00,-6.932150668606348098e+00,2.822427852180105390e+00
2.877639745956220185e+00,-6.934187732856912589e+00,2.606365038737046724e+00
2.876792332117716011e+00,-6.936401194881315568e+00,2.376393812805461359e+00
2.875389129718898928e+00,-6.938349032210779477e+00,2.175870763680109121e+00
2.873014850058884573e+00,-6.940544906659096291e+00,1.947231115652560129e+00
2.870092269785244454e+00,-6.942042999157728822e+00,1.730943046685405884e+00
2.867479576352833348e+00,-6.942939661958162922e+00,1.530767624594550291e+00
2.864160916568799564e+00,-6.943727490409695058e+00,1.330053731248725057e+00
2.860116474530221886e+00,-6.944286176267628008e+00,1.138230769085522898e+00
2.857777025607469046e+00,-6.944019579854699309e+00,1.287706218829078209e+00
2.856613516259539853e+00,-6.942745876399683880e+00,1.407990518300182181e+00
2.852574442551423228e+00,-6.942780381990876215e+00,1.210483598463321986e+00
2.848510564165499304e+00,-6.942420876068035263e+00,1.000766234478157601e+00
2.844503443793358954e+00,-6.941780519632811952e+00,8.104549941483720765e-01
2.840526606829809619e+00,-6.940736693702496574e+00,5.952342670013741621e-01
2.836769991957783787e+00,-6.939479245287756726e+00,3.918365136477125477e-01
2.833210768143880287e+00,-6.937734529848698983e+00,2.008529623630976590e-01
2.830166207936918532e+00,-6.936214453530319624e+00,1.619209191228707795e-02
2.827397081566680459e+00,-6.934206005832938224e+00,-1.760622784755162262e-01
2.824861943111480755e+00,-6.932372117134347533e+00,-3.641980475328239208e-01
2.844345428563562539e+00,-6.941005929094617777e+00,-2.700383626611563836e-01
2.879435821939545281e+00,-6.950454826826440780e+00,-1.508610806134292048e-01
2.884101941450718964e+00,-6.950113271060439857e+00,-3.439495597654466108e-01
2.887222344005305974e+00,-6.949970900218491288e+00,-5.372369879543259508e-01
2.889981866701042179e+00,-6.949350007347615765e+00,-7.181793153338207336e-01
2.895933053268850976e+00,-6.951480603570832528e+00,-6.724981429539858002e-01
2.904253846640469039e+00,-6.955341456973646252e+00,-5.071371097374242076e-01
2.908964383480647786e+00,-6.955969535285919214e+00,-6.105170089105895759e-01
2.909201237975318044e+00,-6.955568906825643438e+00,-8.096931721334229559e-01
2.907729561805753260e+00,-6.955067262064668299e+00,-1.017964802696752491e+00
2.957710013487329981e+00,-7.035957536932373912e+00,-1.036534460179564299e+00
2.978472931898128895e+00,-7.051578333183550207e+00,-1.158162145398722531e+00
2.979498954537701305e+00,-7.049930973189230343e+00,-1.355362303252466205e+00
2.980588962358347249e+00,-7.048224862982807259e+00,-1.552997273167699532e+00
2.983028461262717368e+00,-7.047054588618639315e+00,-1.765147917827304624e+00
2.984886158301916836e+00,-7.046616055404052226e+00,-1.952736065997801029e+00
2.987344461542948082e+00,-7.046832493630540206e+00,-2.149035391714821053e+00
2.989463905543491062e+00,-7.047860840891153167e+00,-2.377557341362493304e+00
2.992022225842666749e+00,-7.048824354274150217e+00,-2.599228421439534475e+00
2.994535236104459930e+00,-7.050019173512754200e+00,-2.831497542960016656e+00
2.996413920753373539e+00,-7.051272394372834817e+00,-3.049720053030185341e+00
2.997848054912263471e+00,-7.053048702782635182e+00,3.002299789711468048e+00
2.999242120042299398e+00,-7.054603153761503265e+00,2.782981631138019996e+00
2.923689970953467387e+00,-7.015649285649155686e+00,2.595103551542899734e+00
2.893651201973859610e+00,-6.990955936404933624e+00,2.406557020169759475e+00
2.824313247060791898e+00,-6.922311432270614517e+00,2.432034239298825451e+00
2.742677301581623261e+00,-6.858864470982799055e+00,2.492460400898302897e+00
2.664757366635562175e+00,-6.798769432851119454e+00,2.498063398491621623e+00
2.583849553035649116e+00,-6.737012044254981014e+00,2.482153628169714299e+00
2.503759106086057340e+00,-6.674194872610089035e+00,2.472071393969367481e+00
2.419372208898018961e+00,-6.607370490185619616e+00,2.466301019658058813e+00
2.339025732208798392e+00,-6.541713431449475813e+00,2.457178175173321488e+00
2.263335946109719554e+00,-6.470537180666643629e+00,2.334120172110512925e+00
2.226689050618920529e+00,-6.420844778107297479e+00,2.149703042877815662e+00
2.196253192414605149e+00,-6.356428833998827521e+00,1.968948817119568373e+00
2.159190206405436907e+00,-6.261786716566906996e+00,1.945627956606827746e+00
2.123378015519524098e+00,-6.164955108326631184e+00,1.904777895737495230e+00
2.111729929917800064e+00,-6.111127789398853594e+00,1.719803975317986122e+00
2.109893852543802684e+00,-6.036995853706843107e+00,1.535372059627415631e+00
2.118024330772873220e+00,-5.984884559666466153e+00,1.351067885381431743e+00
2.142300246483610948e+00,-5.919047892046963355e+00,1.176508030935611515e+00
2.176324159606538355e+00,-5.840268072864633453e+00,1.009260847842550435e+00
2.173924065982923093e+00,-5.840612064477697096e+00,8.406125025088683200e-01
2.172078238766927516e+00,-5.839521108890425083e+00,6.534997463318957811e-01
2.170157739263441243e+00,-5.838362540366208719e+00,4.716121450757051470e-01
2.169336666120620816e+00,-5.838072991784240884e+00,4.480439561600101372e-01
2.171032866673739292e+00,-5.839083274487222752e+00,6.478270664360874509e-01
2.172900619945393519e+00,-5.840354263852887584e+00,8.456422565519594592e-01
2.174961478519648050e+00,-5.840544882941927085e+00,1.029821059872073619e+00
2.177275595956763343e+00,-5.840622226034694719e+00,1.210814433411147695e+00
2.186391331950372052e+00,-5.813112609183668233e+00,1.322687744890845840e+00
2.193732074788345976e+00,-5.791836729941666206e+00,1.134375618951056985e+00
2.193703188273652849e+00,-5.791460425144474122e+00,1.127397750477104221e+00
