x,y,theta
2.972461749428436106e-01,-1.256521562416945681e+00,-8.482751110635644576e-01
3.419378448815511007e-01,-1.310419934953225063e+00,-6.997660994905370302e-01
3.437141010239271322e-01,-1.311212972398103416e+00,-4.921920929036713854e-01
3.450691773819348218e-01,-1.312862805231847174e+00,-2.920909185030652333e-01
3.464407601353398092e-01,-1.313782515943226148e+00,-6.223193617645445680e-02
3.475122742843131385e-01,-1.314951487984818979e+00,1.154932302157292701e-01
3.496750234166932647e-01,-1.316426543208766065e+00,3.776864700934515207e-01
3.516399758886200599e-01,-1.318240934154051525e+00,5.845696817324795846e-01
3.537900343177035611e-01,-1.318982226066753860e+00,7.689249862016175330e-01
3.637943737100626240e-01,-1.322938308676589791e+00,8.610326448609396666e-01
3.635233687759748533e-01,-1.322235669601257824e+00,6.844908180016758825e-01
3.636994586908329774e-01,-1.323498881570848162e+00,6.516921719384209943e-01
3.669771894835447412e-01,-1.325893684110732273e+00,8.398436859241384944e-01
3.699120281373738939e-01,-1.327086145988470411e+00,1.021291606307610511e+00
3.720157170736214658e-01,-1.327683657321371724e+00,1.199461689208795256e+00
3.743979420479462417e-01,-1.328053230873595059e+00,1.376655832010987623e+00
3.770719363868464957e-01,-1.327874102761027242e+00,1.576079831128982534e+00
3.796752974513949996e-01,-1.327619379480704964e+00,1.753930061133818441e+00
3.827964391023604973e-01,-1.327487882432227151e+00,1.952600729715944450e+00
3.841099026994983512e-01,-1.326576359184764353e+00,2.154845419308153431e+00
3.853801081352314917e-01,-1.325504369022697748e+00,2.357203375251688104e+00
3.859903443622654806e-01,-1.324749989457590260e+00,2.538214433636767353e+00
3.861554927952221550e-01,-1.323744422287244982e+00,2.740709532984262786e+00
3.860588280777772496e-01,-1.322471571029994575e+00,2.940597424289342676e+00
3.857861514113007928e-01,-1.321865594398542676e+00,3.131300319958027600e+00
3.855100867485908855e-01,-1.322222956483278367e+00,-2.974158300310767444e+00
3.857523787825369865e-01,-1.321181890911841572e+00,-2.798048103019103561e+00
3.852871917118697032e-01,-1.321104239856427442e+00,-2.614367258027670449e+00
3.844924994392348028e-01,-1.321614622786187132e+00,-2.413858805040278277e+00
3.836453687337770813e-01,-1.321952906489517687e+00,-2.236583769799207477e+00
3.826376096195997500e-01,-1.321738222738777058e+00,-2.060547122680469467e+00
3.817970790935159564e-01,-1.322629673955985075e+00,-1.882452450412229972e+00
3.802616367395645347e-01,-1.323708651524778457e+00,-1.679937330880100221e+00
3.798258236589308612e-01,-1.326260900928458941e+00,-1.478134688108194927e+00
3.790287969995063677e-01,-1.328342996563919964e+00,-1.276370906175711584e+00
3.795527177575322431e-01,-1.330833710063312525e+00,-1.075393625515334683e+00
3.806282444053243896e-01,-1.333473905485055289e+00,-8.716082470388227810e-01
4.530561748533127875e-01,-1.408329513505124586e+00,-7.772376659912331176e-01
5.262206941691692785e-01,-1.482046784103066450e+00,-7.767546288679053612e-01
5.989430584321954187e-01,-1.556129357920655654e+00,-7.771714064448009829e-01
6.719731677030063022e-01,-1.629721022672674380e+00,-7.790488480079328371e-01
7.455845590977623338e-01,-1.704840038602593255e+00,-7.780962585790317521e-01
7.633893742603291566e-01,-1.725433809734254975e+00,-6.044791575841936826e-01
7.647511274029612505e-01,-1.726960263149701413e+00,-6.667467899226503514e-01
7.640137219170539673e-01,-1.726970964138664799e+00,-8.492108605069379479e-01
7.639603008934990891e-01,-1.726624665187494356e+00,-1.030879612315532601e+00
7.652909935995698687e-01,-1.726215366442903187e+00,-1.213288479720376456e+00
7.662738814381458985e-01,-1.725783463574636079e+00,-1.394855601301054682e+00
7.675761267918247421e-01,-1.725630866638743433e+00,-1.583186726440104941e+00
7.683399352259125958e-01,-1.725267513822824395e+00,-1.757803675964117573e+00
7.695554696763756697e-01,-1.725448247637486832e+00,-1.939424772951017673e+00
7.708303472322762806e-01,-1.726116056735772508e+00,-2.122629476963873607e+00
7.131611735643889061e-01,-1.806766083442247872e+00,-2.234146603596094405e+00
6.504089333081591873e-01,-1.887852105247407986e+00,-2.236854008089201429e+00
5.869131110450771516e-01,-1.968453836252211930e+00,-2.240131056109271324e+00
5.646714428835291066e-01,-1.994469406051031068e+00,-2.062557232689390396e+00
5.617738870011355079e-01,-1.995271433900585034e+00,-1.879871390953299359e+00
5.598328150494268352e-01,-1.996850573880141422e+00,-1.707568446242586413e+00
5.573243812962858090e-01,-1.998652392922901866e+00,-1.527736393835137152e+00
5.558271555776994610e-01,-2.000709103771336039e+00,-1.353958958528196144e+00
5.545175371868114045e-01,-2.002314274498923741e+00,-1.300389319398782773e+00
5.544232133133291107e-01,-2.001272486340460066e+00,-1.482154415005467296e+00
5.554940241647504662e-01,-2.001189686669850420e+00,-1.661036824698377989e+00
5.556234701422568811e-01,-2.000616509194125481e+00,-1.847392756919544521e+00
5.574266624858551511e-01,-2.002022074009451647e+00,-2.029914559359252912e+00
5.584170148572037418e-01,-2.001715916099232384e+00,-2.224980324069155024e+00
4.925191666702009585e-01,-2.077659859998584491e+00,-2.299783801555880469e+00
4.843978498198805438e-01,-2.082910222616956908e+00,-2.128949525784911145e+00
4.818124195949421984e-01,-2.082166476721040382e+00,-1.948670152648024789e+00
4.792083018239947090e-01,-2.082477653153984587e+00,-1.762023825845335123e+00
4.788881153235423072e-01,-2.084342002159185192e+00,-1.584860446904000408e+00
4.779976042356610111e-01,-2.085335338263149207e+00,-1.409569964598206493e+00
4.772108408212940023e-01,-2.086746675954361141e+00,-1.227598486917604648e+00
4.767181185329298354e-01,-2.088241925457579917e+00,-1.039952625872962555e+00
4.777262757785049607e-01,-2.089864485737894739e+00,-8.648338925799029520e-01
4.789056502942760640e-01,-2.091589461902671143e+00,-6.776953417540818592e-01
4.811265222550049070e-01,-2.093059804259048473e+00,-4.893590827998305914e-01
4.829889328197998766e-01,-2.094520951283727062e+00,-3.105966036705486433e-01
4.852375575314222811e-01,-2.096006835931445877e+00,-1.224731203139819979e-01
4.874488058926021439e-01,-2.097813537225686087e+00,4.636703351635951265e-02
4.894189517298347947e-01,-2.099577390958041967e+00,2.229687096131331980e-01
4.913581012044864749e-01,-2.101649416894963540e+00,4.092544323322787614e-01
4.935280490933757203e-01,-2.102665105857015604e+00,5.858908025662907804e-01
4.961320098751019203e-01,-2.105133164779876775e+00,7.727314267544711512e-01
4.990319609483975793e-01,-2.107329661135968646e+00,9.576842677998371745e-01
5.019687044256427866e-01,-2.108496212369162848e+00,1.144868920302236415e+00
5.040360883918643120e-01,-2.108751416021986014e+00,1.322441771368650709e+00
5.062785706258123852e-01,-2.108190743540403034e+00,1.511140405775772910e+00
5.069822106894751323e-01,-2.107115262070732964e+00,1.698800345679450929e+00
5.086037785056249927e-01,-2.106069037957090551e+00,1.876072862229167804e+00
5.097900068394253248e-01,-2.105074326807133023e+00,2.057400774796419807e+00
5.095443978947153951e-01,-2.104355383125769308e+00,2.237689705258073758e+00
5.092251948160220199e-01,-2.103157396204596630e+00,2.414756266155219766e+00
5.081743616743973346e-01,-2.102301959106029461e+00,2.600836885842860546e+00
4.201092350978530288e-01,-2.058470337505188041e+00,2.669836117147999399e+00
3.589988740267004985e-01,-2.023803752098538578e+00,2.815850779940788584e+00
3.594506509229546398e-01,-2.026022808192763147e+00,2.656881510308415795e+00
3.605746062629875404e-01,-2.028352518586625131e+00,2.473202282327230161e+00
2.878144474536366015e-01,-1.964319696236098478e+00,2.415948544724073610e+00
2.117236564269940058e-01,-1.897394929475042957e+00,2.424753052155498967e+00
1.336254150351631198e-01,-1.831739572673481753e+00,2.432633473370168886e+00
5.473213809581398137e-02,-1.765813247377559181e+00,2.441341876453355209e+00
-2.447237975659854667e-02,-1.701379871780374531e+00,2.447055051345104815e+00
-2.801807382029337240e-02,-1.697856533450799565e+00,2.627585398448345266e+00
-2.821004219839996080e-02,-1.699192496228101978e+00,2.446524279595791551e+00
-2.869959776889619008e-02,-1.701093922597435970e+00,2.264408529815628679e+00
-2.943418102125373165e-02,-1.703356601327098208e+00,2.079956126167850083e+00
-3.082086852311915343e-02,-1.705188627167539384e+00,1.891888516015096666e+00
-3.271492350483288375e-02,-1.707153862503476338e+00,1.712022021843382369e+00
-3.546413920774191958e-02,-1.708665129709014741e+00,1.526662055716951683e+00
-3.795954093595289153e-02,-1.710146416277225967e+00,1.341678613644216478e+00
-4.077172515811739589e-02,-1.711236880695540696e+00,1.155131036743129558e+00
-4.372947399246958355e-02,-1.711793105137686233e+00,9.745424224665971691e-01
-4.689229098789154254e-02,-1.711539248535844493e+00,7.883598940185080339e-01
-5.022625114635916044e-02,-1.710878457932086150e+00,6.044823299717134724e-01
-5.327337867842420888e-02,-1.709878189523547753e+00,4.201194260515448975e-01
-5.630684978524880258e-02,-1.708532713349145471e+00,2.382399069162391414e-01
-5.907594371042620973e-02,-1.706955334666714341e+00,6.340212592134303327e-02
-6.167775207184824499e-02,-1.705350154297980314e+00,-1.212787414167489086e-01
-6.442099682633364854e-02,-1.704153921472021382e+00,-3.101125224846008610e-01
-6.635849601066511061e-02,-1.702058378168918473e+00,-4.981521192284224520e-01
-6.794601874090830385e-02,-1.700229278112719289e+00,-6.797834350756765120e-01
-6.899036571770572612e-02,-1.698617942587026697e+00,-8.594314483249457792e-01
-6.995835192540790504e-02,-1.696996878860657754e+00,-1.039856852161005873e+00
-7.042597410106324340e-02,-1.695806131993488286e+00,-1.217777977524595379e+00
-7.068033846466964532e-02,-1.694556163043336561e+00,-1.401725551672019732e+00
-7.036132900917627109e-02,-1.693659417471024442e+00,-1.579801941296225642e+00
-6.961052433723544097e-02,-1.692567497623104655e+00,-1.762307632354278342e+00
-6.858775803369959734e-02,-1.692090242055448668e+00,-1.939665963244808999e+00
-6.709865354712818419e-02,-1.691869826669912147e+00,-2.125548590827123885e+00
-6.457131689676957886e-02,-1.695627808022061256e+00,-2.289790536268152099e+00
-1.315233141431566832e-01,-1.774423402244279524e+00,-2.285071614563422671e+00
-1.975630688367752685e-01,-1.851756915513882440e+00,-2.280602030311538186e+00
-2.618278370101124186e-01,-1.931591857746552066e+00,-2.274167345159809450e+00
-3.271511379507719974e-01,-2.010696222667322619e+00,-2.269507491300314150e+00
-3.732121578423415187e-01,-2.072249244903773491e+00,-2.426673013949195212e+00
-3.715905002183934602e-01,-2.074599359599186066e+00,-2.610540273419654778e+00
-3.702325499442162271e-01,-2.077198952422165235e+00,-2.791063513912285021e+00
-3.690231102104699623e-01,-2.079814653271560676e+00,-2.977353027441777211e+00
-3.680443833216052729e-01,-2.082248556563497832e+00,3.123435749327689859e+00
-3.670185539083110626e-01,-2.085349886471132397e+00,2.935683516176871954e+00
-3.659014152431879219e-01,-2.088185197192243603e+00,2.737945678394806404e+00
-3.649761538975118125e-01,-2.090680509749974547e+00,2.551262332925855691e+00
-3.648873417185245493e-01,-2.093338995244103717e+00,2.369484561702918324e+00
-3.646994996953821788e-01,-2.096020724924309686e+00,2.183584722800887779e+00
-3.652331588633966897e-01,-2.098572425624862348e+00,1.985358668833739015e+00
-3.663510968542607604e-01,-2.100724613503119897e+00,1.795120091564063936e+00
-3.678917909854546586e-01,-2.102598681593935481e+00,1.614764342472650993e+00
-3.697998301790135778e-01,-2.103745318513641216e+00,1.430941326303128980e+00
-3.723308756046160295e-01,-2.104993904301372787e+00,1.215555097281434405e+00
-3.748716132216737829e-01,-2.105063354954365362e+00,1.032485274424362887e+00
-3.777215814200036714e-01,-2.104647744103547602e+00,8.332416080321464191e-01
-3.804492643592257695e-01,-2.103925206160491612e+00,6.492743459909214865e-01
-3.828449145281158650e-01,-2.102677854809192226e+00,4.689248816798458064e-01
-3.849865988156104257e-01,-2.101001122204894322e+00,2.820605402677665574e-01
-3.866426371857844546e-01,-2.099646070920207830e+00,7.087638762014417115e-02
-3.880893770161161216e-01,-2.098280029614669751e+00,-1.052865396746558019e-01
-3.894930562273291597e-01,-2.096979372998456270e+00,-2.874786080140051547e-01
-3.907813189509408702e-01,-2.095685513921750065e+00,-4.677098347958169589e-01
-3.920108795054650930e-01,-2.094277942520572644e+00,-6.536276881774067959e-01
-3.932454253894314689e-01,-2.093239311844996564e+00,-8.306215335478834838e-01
-3.940264576731459800e-01,-2.091798187547229126e+00,-1.009838678866284090e+00
-3.947608752313038205e-01,-2.090491905477269263e+00,-1.191770818164327395e+00
-3.947393441826916316e-01,-2.089387401009809242e+00,-1.376552321517134914e+00
-3.939338456070221040e-01,-2.088270758572401409e+00,-1.573101695791898846e+00
-3.926120014736889097e-01,-2.088107582453226918e+00,-1.760460047931941441e+00
-3.911778364918939155e-01,-2.087877948284092344e+00,-1.940828560669995984e+00
-3.900334581601980766e-01,-2.088331138416750665e+00,-2.117426272078418936e+00
-3.884635418505077986e-01,-2.089147384919881834e+00,-2.298115972533726570e+00
-3.868848236706772803e-01,-2.090826896828472670e+00,-2.485740310697346356e+00
-4.675693606866359042e-01,-2.149459896822837557e+00,-2.538400263629125853e+00
-5.512609410511719599e-01,-2.208817911179047577e+00,-2.536173325237101039e+00
-6.360863777417826714e-01,-2.268536087939265755e+00,-2.534613731844365780e+00
-7.207248345944490264e-01,-2.328266021243302841e+00,-2.535113338900795377e+00
-7.258878811418230104e-01,-2.329387381467568297e+00,-2.357501075819998348e+00
-7.268706477385218356e-01,-2.330458194456962673e+00,-2.173187559501525090e+00
-7.289736973015522592e-01,-2.331068633684251878e+00,-1.988739417157086686e+00
-7.311189731056771945e-01,-2.331997419736013821e+00,-1.808513920348657766e+00
-7.332578064835663101e-01,-2.335230519204034128e+00,-1.630020143094966567e+00
-7.350699954837450756e-01,-2.344510536758380947e+00,-1.448757429513606088e+00
-7.329375428118791724e-01,-2.364893245980709047e+00,-1.273645765101441230e+00
-6.996139125883332754e-01,-2.445337408353417175e+00,-1.152169201998616055e+00
-6.808489171447972277e-01,-2.517198740576402027e+00,-1.326743954730251085e+00
-6.729042995521788972e-01,-2.597555628686698093e+00,-1.501921972903012215e+00
-6.766988215843272592e-01,-2.664410694619975484e+00,-1.677833343559598234e+00
-6.856626719915618340e-01,-2.703033901289283669e+00,-1.850772073797123385e+00
-7.005026423052321816e-01,-2.739126259820054976e+00,-2.030113862596802043e+00
-7.214565826729680831e-01,-2.773524260960061660e+00,-2.206464631814263555e+00
-7.477554630238121280e-01,-2.804151698091300382e+00,-2.380977463834969665e+00
-7.895805177343380166e-01,-2.836978482089377085e+00,-2.554947150452530291e+00
-8.768990563740689526e-01,-2.891018527221045797e+00,-2.598929922320820207e+00
-9.326111586761786088e-01,-2.920264522684027142e+00,-2.775225391199793279e+00
-9.500162004676582228e-01,-2.927082791328938338e+00,-2.951538335376322486e+00
-9.669936407863306549e-01,-2.930443544538740230e+00,-3.125264090522264393e+00
-9.831648258028844456e-01,-2.930590333902668654e+00,2.988520762090653982e+00
-1.000115260146817509e+00,-2.927581278075791271e+00,2.813752250445902270e+00
-1.001177386279832104e+00,-2.927847271146536645e+00,2.871757200354010831e+00
-1.000006397841776362e+00,-2.930071697180212986e+00,2.688762911744383644e+00
-9.991309333088199685e-01,-2.932279492586854275e+00,2.502716045140760848e+00
-1.075092499667300139e+00,-2.872805720289572484e+00,2.475504681592046730e+00
-1.155093405581524069e+00,-2.809313124126467276e+00,2.476320279725031881e+00
-1.213922199451806350e+00,-2.766026866916319271e+00,2.301941202913786899e+00
-1.212770431351047673e+00,-2.762429915614898146e+00,2.433339482816744059e+00
-1.213236837970650406e+00,-2.758449795429951390e+00,2.613758632087287648e+00
-1.213917323731905862e+00,-2.754356121085658859e+00,2.800367752420550804e+00
-1.215025516113275472e+00,-2.752041819926265731e+00,2.985971688277640368e+00
-1.216874915475426144e+00,-2.751074640270645855e+00,-3.114038304302933824e+00
-1.218916398148719216e+00,-2.750607705475699216e+00,-2.927067141694030372e+00
-1.221321076535938355e+00,-2.750753848683110903e+00,-2.751075672188909138e+00
-1.223784158860636406e+00,-2.750687357571510283e+00,-2.563913175792283727e+00
-1.307749993626188934e+00,-2.811220931800693990e+00,-2.530127909680201626e+00
-1.346080293226673996e+00,-2.842142383924526339e+00,-2.688455835720444220e+00
-1.345201664490400351e+00,-2.844830600767651596e+00,-2.876117231488294568e+00
-1.343933187921444006e+00,-2.847329474967573049e+00,-3.067814529824749226e+00
-1.343192765174243020e+00,-2.849851900446092046e+00,3.035875040251510448e+00
-1.342846998326339580e+00,-2.852684045930594881e+00,2.860741773502062379e+00
-1.342468462122050399e+00,-2.855584513597409835e+00,2.682554644925040588e+00
-1.342207078772900353e+00,-2.858041414314349105e+00,2.506235775337165350e+00
-1.341466769592679853e+00,-2.860536715286174925e+00,2.308051190066776837e+00
-1.341877784439613697e+00,-2.863606815286296570e+00,2.126579837595063083e+00
-1.342001487659739256e+00,-2.865758548282808960e+00,1.940943488164530661e+00
-1.343278597966921506e+00,-2.868182155987657467e+00,1.758637357379261079e+00
-1.345004598155617792e+00,-2.870266245918173365e+00,1.576870831278712082e+00
-1.346761912401736039e+00,-2.872179131831521293e+00,1.400253648506764703e+00
-1.348749099637718940e+00,-2.873660565087549301e+00,1.224421473538852556e+00
-1.351112870895575746e+00,-2.874721938297736035e+00,1.046363178770939539e+00
-1.353518296214571093e+00,-2.875566552350480531e+00,8.640491705845759762e-01
-1.355674268264886573e+00,-2.876201372515276855e+00,6.866705137896828015e-01
-1.357762537485254217e+00,-2.876782508168445052e+00,5.085346269245994977e-01
-1.359860574935626731e+00,-2.876679237376996934e+00,3.316343528697437426e-01
-1.361299582645692841e+00,-2.876589307425738262e+00,1.495561990105999661e-01
-1.362672630926926143e+00,-2.875784765415386968e+00,-3.009484233258113983e-02
-1.363846867468917701e+00,-2.875155856503046170e+00,-2.061276784149812524e-01
-1.364790417343295204e+00,-2.874869910904776393e+00,-3.861230340484249068e-01
-1.365689295789751956e+00,-2.874472214887472177e+00,-5.681083296739543043e-01
-1.366534628690831310e+00,-2.874415966171973480e+00,-7.511571521521828165e-01
-1.365401668349825792e+00,-2.876069824809039943e+00,-9.453177641442751522e-01
-1.317524047207645710e+00,-2.964432544941281389e+00,-1.056894616032133971e+00
-1.268433443413156558e+00,-3.053247219139309188e+00,-1.056690741974241732e+00
-1.218348616364105963e+00,-3.145815179854859256e+00,-1.056844747252652983e+00
-1.180717357973582127e+00,-3.217518292946230485e+00,-8.997466600659760338e-01
-1.180603360954075365e+00,-3.217428153885757425e+00,-1.099708409156538558e+00
-1.179893665005770309e+00,-3.216877920147948711e+00,-1.278841418156851706e+00
-1.178276987015461463e+00,-3.215894123585583575e+00,-1.476973994228360176e+00
-1.176268671394016474e+00,-3.215039231699883260e+00,-1.658978316583311630e+00
-1.174043982187137569e+00,-3.214977422994221623e+00,-1.856611716001644208e+00
-1.171367616196351102e+00,-3.215369989020128827e+00,-2.071300902640063946e+00
-1.168541154920332392e+00,-3.215802316398282734e+00,-2.247434628453656380e+00
-1.165849043824175979e+00,-3.218089158294118235e+00,-2.416604352104169795e+00
-1.164222353832936818e+00,-3.220115743550157283e+00,-2.620716229636298245e+00
-1.162649724583504574e+00,-3.221815086822701790e+00,-2.800909557988811471e+00
-1.161185319403312821e+00,-3.224610283845655623e+00,-3.004591887530059680e+00
-1.160080416394671632e+00,-3.227111664449672901e+00,3.102309107618266726e+00
-1.158828296310198569e+00,-3.229669749713397930e+00,2.923446243530101185e+00
-1.158077782725799088e+00,-3.231975374450226202e+00,2.745478786231962953e+00
-1.157142813211367249e+00,-3.235064797987538654e+00,2.571765539057226935e+00
-1.156944628294787947e+00,-3.236955540515952467e+00,2.395177959045604155e+00
-1.156979787071259702e+00,-3.240138126455246681e+00,2.188750357520405032e+00
-1.157752974939234791e+00,-3.242562991641375181e+00,1.986042726795421709e+00
-1.158878717690435600e+00,-3.244889754025493733e+00,1.778234199417978889e+00
-1.161033423528011532e+00,-3.247173223747315873e+00,1.534734310109700406e+00
-1.163450975480432747e+00,-3.248626769794002556e+00,1.322404198545497955e+00
-1.166330535672123636e+00,-3.249787319397040353e+00,1.098866079970646004e+00
-1.169405471728480084e+00,-3.249700346360941960e+00,8.589010293189363043e-01
-1.172111421232334028e+00,-3.249293597464005146e+00,6.467284110895847871e-01
-1.174750843856899873e+00,-3.248601372300943257e+00,4.270495577362005135e-01
-1.177331558995722061e+00,-3.247031217646439760e+00,1.862854227931509399e-01
-1.179076491607694344e+00,-3.244956922466802229e+00,-3.112287018452338308e-02
-1.180287305645887352e+00,-3.243088961087043032e+00,-2.710410534252337134e-01
-1.181383420343341539e+00,-3.241235048631447402e+00,-4.824312037209306792e-01
-1.182098756626575264e+00,-3.238777080949905240e+00,-7.108069155222015434e-01
-1.142609821385149216e+00,-3.284638282567349687e+00,-8.630619420552209098e-01
-1.075058384224242047e+00,-3.365082741726019400e+00,-8.613072374015700028e-01
-1.006213586073417154e+00,-3.447490565005960850e+00,-8.609479492863754135e-01
-9.825582965682040371e-01,-3.478885112695101256e+00,-6.825586257799771683e-01
-9.824490440287824145e-01,-3.481776253451590808e+00,-4.980274761673496031e-01
-9.818879962227865521e-01,-3.485012739730156017e+00,-3.051585145923961795e-01
-9.809281500275366383e-01,-3.488366887786251258e+00,-1.288436477627875054e-01
-9.801277840710245215e-01,-3.491689806301880861e+00,4.637316730938382398e-02
-9.789102732115392280e-01,-3.494737696583839703e+00,2.224026282473196559e-01
-9.776421398452146416e-01,-3.497456191625545330e+00,4.013737813638398877e-01
-9.760475332725417896e-01,-3.499838813202175380e+00,5.789613119508815187e-01
-8.992267637897575216e-01,-3.440547773880779925e+00,6.984536513161433424e-01
-8.207948210217382856e-01,-3.377450197978275614e+00,6.965974330430118044e-01
-7.590570254461393995e-01,-3.326015686782382907e+00,5.373276502845989455e-01
-7.601773621538870929e-01,-3.326108080825993074e+00,3.441090604132267528e-01
-7.613128832860309725e-01,-3.325278407744476361e+00,1.526280209975638125e-01
-7.621360543491362272e-01,-3.324366443032715335e+00,-2.874857382446217510e-02
-7.629180590319190047e-01,-3.323436877228740816e+00,-2.148764963430736807e-01
-7.635521770442724732e-01,-3.323028793667147429e+00,-4.025972991565108239e-01
-7.641063130131691139e-01,-3.322542780990152878e+00,-5.793762334331663544e-01
-7.635408987028564631e-01,-3.320920775425963534e+00,-7.579236865383512933e-01
-7.626807133039873454e-01,-3.318791500611428802e+00,-9.382824428216306467e-01
-7.614230327285602673e-01,-3.317351687741429966e+00,-1.113220582341517106e+00
-7.599530685843038924e-01,-3.315667159430581545e+00,-1.297696927116144483e+00
-7.583139263277834941e-01,-3.314347224436999806e+00,-1.501096994758727377e+00
-7.565562293623245838e-01,-3.313421004707281625e+00,-1.676618848962344144e+00
-7.541807734280466802e-01,-3.312582662665959798e+00,-1.860469248528240360e+00
-7.512118884112461981e-01,-3.312262899340840505e+00,-2.064064069454955686e+00
-7.481913579836720896e-01,-3.312720540501782551e+00,-2.244006279387024794e+00
-7.457166934315517803e-01,-3.314248989130518463e+00,-2.426620369396534027e+00
-7.432543608766857268e-01,-3.315367727106611540e+00,-2.602049490146797872e+00
-7.407497633492413636e-01,-3.316994346425787832e+00,-2.819568427058592786e+00
-7.382105847576698743e-01,-3.319020494563579504e+00,-3.023632115152393496e+00
-7.363384180053174077e-01,-3.320777216985938196e+00,3.080196330894000578e+00
-7.344740338561643878e-01,-3.322495361969972638e+00,2.900656455550853163e+00
-7.328756057045729966e-01,-3.324440103350198683e+00,2.687176912474138479e+00
-7.318048230279431410e-01,-3.326531224566161793e+00,2.501824450733321381e+00
-7.309314230274215340e-01,-3.328764616518279595e+00,2.305033907571001350e+00
-7.302166382093193686e-01,-3.330650483623780023e+00,2.120336891393049594e+00
-7.303068030404488153e-01,-3.332646965007642237e+00,1.937883144198950358e+00
-7.594084681783177526e-01,-3.239265501391483060e+00,1.905893832777433294e+00
-7.910323564577149691e-01,-3.143532441620274565e+00,1.907722275915701982e+00
-8.098412607868967772e-01,-3.076957123790548643e+00,2.009178417480839585e+00
-8.102922752993594324e-01,-3.078318902408959445e+00,1.818765352896528409e+00
-8.110355220509868346e-01,-3.079564523213521809e+00,1.644869036957191888e+00
-8.127870164248895968e-01,-3.080452634923719124e+00,1.445850076705702980e+00
-8.142321627319906163e-01,-3.081105232059271781e+00,1.257058690372356402e+00
-8.155892687632008142e-01,-3.081281022429744443e+00,1.076324678648032052e+00
-8.169781138302877332e-01,-3.080878681646960437e+00,9.025647415602678914e-01
-7.488681167730490973e-01,-3.003818432735544164e+00,8.549165476386988427e-01
-6.784035694331030930e-01,-2.925693975727482243e+00,8.582459706143019673e-01
-6.109223816365592086e-01,-2.850939905360850624e+00,8.541129972555097094e-01
-5.664025854737833043e-01,-2.801151541864087768e+00,8.550607866739472485e-01
-4.958311605221497609e-01,-2.721254877705737485e+00,8.545778153292690194e-01
-4.742408437267963128e-01,-2.695200064956595032e+00,7.078135895662480692e-01
-4.748412488630451844e-01,-2.693927314718593369e+00,5.102892687439051222e-01
-4.757191534084144191e-01,-2.693045623197677152e+00,3.287950868718129693e-01
-4.764284777056871367e-01,-2.691936919889517554e+00,1.434396877063982001e-01
-4.768725832277239673e-01,-2.690878152467932161e+00,-3.721389954875047729e-02
-4.775077644747076078e-01,-2.689515124762991594e+00,-2.138199640315251171e-01
-4.775666008844506316e-01,-2.688247737843178164e+00,-3.950754044780780960e-01
-4.776509628083394632e-01,-2.687242044084166892e+00,-5.802600560281174769e-01
-4.772472320734135742e-01,-2.686097992529989931e+00,-7.641621744669896410e-01
-4.758519810457820243e-01,-2.686513660959318983e+00,-9.654689499613597903e-01
-4.160599195778281190e-01,-2.773298662694830163e+00,-9.731448843605355892e-01
-3.571076056157690415e-01,-2.858840983706854910e+00,-9.713562096734903450e-01
-2.996510337046462413e-01,-2.942526883273589799e+00,-9.727164038680086167e-01
-2.396402548585757353e-01,-3.029418350886554201e+00,-9.716407718346048439e-01
-1.927702939476267918e-01,-3.093354368213161454e+00,-1.138759297058952402e+00
-1.912789988569365551e-01,-3.093140469818874472e+00,-1.312539249225240123e+00
-1.891725833240226751e-01,-3.092662624062291865e+00,-1.510610915871040794e+00
-1.869704358694011248e-01,-3.092580123105379553e+00,-1.717414897047687905e+00
-1.845805624748036444e-01,-3.092689358388168941e+00,-1.894179013549074364e+00
-1.819301940472088375e-01,-3.093119795053944188e+00,-2.076719436409530939e+00
-1.798046503154406839e-01,-3.094126407020250991e+00,-2.258562085880174042e+00
-1.771538628687902295e-01,-3.096008078490750659e+00,-2.462916973437109025e+00
-1.747103065441661940e-01,-3.098033926525069148e+00,-2.641296705425354219e+00
-1.725231994945356229e-01,-3.100425920915122369e+00,-2.843818259699256057e+00
-1.703194724378533642e-01,-3.102860764829483031e+00,-3.037794640432792015e+00
-1.684002060411862733e-01,-3.105679855007752455e+00,3.041805892945888878e+00
-1.666735438354021437e-01,-3.108707694064851701e+00,2.875228515526787820e+00
-1.660428531160674792e-01,-3.110343709758906616e+00,2.658628606562043473e+00
-1.656421046263693853e-01,-3.113246263028889960e+00,2.466436324308731276e+00
-1.649824120251802695e-01,-3.116149399316671342e+00,2.258662018560808171e+00
-1.648872492706449366e-01,-3.118787698610994141e+00,2.064499400957247044e+00
-1.651979287485809689e-01,-3.121164176622026165e+00,1.861872646135155351e+00
-1.659492400215474561e-01,-3.123473981347492767e+00,1.653985767511942706e+00
-1.669002321505649589e-01,-3.124700786917249395e+00,1.461191931715520420e+00
-1.682434298648824156e-01,-3.126147269946428331e+00,1.259679360700572515e+00
-1.698052325751760461e-01,-3.127010167475480440e+00,1.048641041807131247e+00
-1.715209702740134734e-01,-3.126985291294684721e+00,8.538618692229767992e-01
-1.728415390737601254e-01,-3.126524261135084970e+00,6.449622053919598086e-01
-1.737735746121792102e-01,-3.125605465853007470e+00,4.503423611994675224e-01
-1.747874897196670940e-01,-3.124442470119039417e+00,2.464010936531976226e-01
-1.755898902503308656e-01,-3.123138307577770334e+00,5.130615213332907071e-02
-1.762178174336288539e-01,-3.121312526584758107e+00,-1.581397560336687824e-01
-1.761379869631111150e-01,-3.119478029997715396e+00,-3.595598335312488181e-01
-1.763257306157744730e-01,-3.117746878606930672e+00,-5.702925137143897150e-01
-1.759648516629088444e-01,-3.116185251681997226e+00,-7.606975564107590904e-01
-1.081455498037866836e-01,-3.188995584037192188e+00,-8.514250175305899671e-01
-3.916605926502266660e-02,-3.265908818699280847e+00,-8.497281107293713776e-01
2.985663596735433495e-02,-3.343725501103453013e+00,-8.530336227649309988e-01
5.532404226621388116e-02,-3.374515637647389266e+00,-6.847552113015239472e-01
5.720707261122037757e-02,-3.376526248235816929e+00,-5.013532000362627139e-01
5.883618082495280233e-02,-3.378263553432633515e+00,-3.196494365976201291e-01
6.096001592488518861e-02,-3.380428604801348325e+00,-1.165731049614974341e-01
6.322640779480695472e-02,-3.382504683909814069e+00,7.578497017820441661e-02
6.560069745497276728e-02,-3.384601490800671186e+00,2.574484780191440558e-01
6.835658027687287197e-02,-3.385907539679601452e+00,4.356633258051942903e-01
1.603101981940088516e-01,-3.340840957107744646e+00,4.844896395163174052e-01
2.539754108399318033e-01,-3.293323591667118855e+00,4.853488157314100881e-01
3.455856073136263085e-01,-3.246536601455670912e+00,4.881946319285141445e-01
4.369648467168836259e-01,-3.199029646622395529e+00,4.903597547497894893e-01
5.286444265144287780e-01,-3.150741139520252698e+00,4.947813552085373323e-01
6.194123088191766380e-01,-3.102321060599348534e+00,4.992162791856781801e-01
6.216954284475566528e-01,-3.100228990956604314e+00,3.307313610350821054e-01
6.217226816120029476e-01,-3.099319054474130475e+00,1.578668730945974041e-01
6.216847912789876807e-01,-3.098102235610700639e+00,-2.231532388736452710e-02
6.217447147773409455e-01,-3.096861916172751528e+00,-2.042002331096780809e-01
6.219781881616316399e-01,-3.095346315872129939e+00,-3.797676904194874359e-01
6.227358567552299107e-01,-3.094089015131506137e+00,-5.774761507434125196e-01
6.232139428766131362e-01,-3.093090332767226336e+00,-7.767122712811311835e-01
6.236000261968771552e-01,-3.092223967490745018e+00,-9.520239612693245368e-01
6.247908086044619003e-01,-3.091456201041007823e+00,-1.153548586475653170e+00
6.266847344550257048e-01,-3.090576181129578881e+00,-1.342003878692050733e+00
6.283852894255996802e-01,-3.090247158570816222e+00,-1.520525369567084617e+00
6.305631451345327099e-01,-3.090161194095181418e+00,-1.695514592041358126e+00
6.331527343521067275e-01,-3.090738174859159582e+00,-1.895962004860738626e+00
6.355433940049233232e-01,-3.091513512740384773e+00,-2.071191385920092554e+00
6.376749959510604748e-01,-3.092800997739789892e+00,-2.247849907770626654e+00
6.398443803668433238e-01,-3.094212785453932746e+00,-2.425598083898848678e+00
6.417320631587789537e-01,-3.096093976600326592e+00,-2.603878893855289700e+00
6.435663579855216421e-01,-3.098316145394816257e+00,-2.796889776196020971e+00
6.450546904777718638e-01,-3.100791671564908647e+00,-2.972857916939944278e+00
6.461447755937052007e-01,-3.103008690762031563e+00,3.120028706296653631e+00
6.472825404412334560e-01,-3.105173799879878516e+00,2.943670001131939884e+00
6.482298994835808958e-01,-3.107595398083354610e+00,2.751730351115036388e+00
6.492462929614787326e-01,-3.109728173999290135e+00,2.566199320679342755e+00
6.498711869412360231e-01,-3.111469392539895296e+00,2.390453420377267157e+00
6.502559140476841248e-01,-3.113531278889815290e+00,2.186505030061728583e+00
6.498815955308446801e-01,-3.115096754628492892e+00,1.983259052540382816e+00
6.496607337071927946e-01,-3.116831070282884308e+00,1.780857525918205120e+00
6.487666723939564672e-01,-3.117908590079216946e+00,1.607928045448582033e+00
6.478495290451857791e-01,-3.118692582312825312e+00,1.427396337736277054e+00
6.469930050505071639e-01,-3.119035870555507461e+00,1.251316179073477919e+00
6.457360305228163622e-01,-3.119015142642911798e+00,1.050582135686219942e+00
6.448582056170976129e-01,-3.118587272105969976e+00,8.725997996310552729e-01
6.432208700216329733e-01,-3.116882592198785051e+00,6.723334503175774080e-01
7.248243762188383288e-01,-3.058751331130006967e+00,6.040176451360945720e-01
8.089219319473361924e-01,-3.000895296732986051e+00,6.041211305139734256e-01
8.937296614891165891e-01,-2.942741741792598731e+00,6.036638901427938686e-01
9.790114926428747921e-01,-2.884520191782943055e+00,6.025991268769755882e-01
1.003036652714895949e+00,-2.870896607787303711e+00,7.753700091893376278e-01
1.005105969487455120e+00,-2.871530036859557988e+00,9.500562682894556632e-01
1.007259327973054619e+00,-2.871524909363096789e+00,1.129656661965912967e+00
1.009238518781527150e+00,-2.870886618031339932e+00,1.304114936858057128e+00
1.010903412509679411e+00,-2.869975026624221215e+00,1.491399649770387192e+00
1.012676895310895331e+00,-2.868775303590449521e+00,1.669242413877047193e+00
1.014134507482867154e+00,-2.867565186143928191e+00,1.854054478781552051e+00
1.015346889495001736e+00,-2.866058112783486767e+00,2.039048182706934664e+00
1.015736807191245816e+00,-2.863649602192414712e+00,2.250108939800273156e+00
1.016003270496045108e+00,-2.861513045233297081e+00,2.453814293842361938e+00
1.015908486409055067e+00,-2.859480744347258518e+00,2.633014486539648757e+00
1.015844558297305245e+00,-2.857530454932827535e+00,2.812249927345809031e+00
1.014816123248601709e+00,-2.855050292251512190e+00,3.028323930885103543e+00
1.014130194058631806e+00,-2.853020854440552867e+00,-3.057475203273791298e+00
1.012960321476016556e+00,-2.850986121900828341e+00,-2.871271090007352811e+00
1.011583221412587275e+00,-2.849614563440890702e+00,-2.692718181406620115e+00
1.009941934286104459e+00,-2.848271873578118285e+00,-2.511949640625125380e+00
1.008139828197471610e+00,-2.847180988769927090e+00,-2.293896224151540597e+00
1.006226544724041050e+00,-2.846437709417402928e+00,-2.115325049180279748e+00
1.004393132668915944e+00,-2.846678430417684869e+00,-1.940706859931694117e+00
1.002348544790743867e+00,-2.846917156212233291e+00,-1.760700002891893101e+00
1.000571005380338940e+00,-2.847421044783765787e+00,-1.574008976779035729e+00
9.996471385751416472e-01,-2.848604205998715333e+00,-1.395543935286442494e+00
9.990772603864415125e-01,-2.849811733622554577e+00,-1.220791962834708144e+00
9.985659970174797229e-01,-2.851679261057353809e+00,-1.041035568363037456e+00
9.983189374350908141e-01,-2.853356644822401478e+00,-8.553313699919110613e-01
9.987917402354983265e-01,-2.855061967045887439e+00,-6.754539143606844709e-01
9.991588994941390522e-01,-2.856596394550054097e+00,-5.002763787733787160e-01
9.997428641070945643e-01,-2.858369499996388452e+00,-3.196239142967354785e-01
1.000680924466027077e+00,-2.860311497138238845e+00,-1.338122580105510773e-01
1.001943452319621342e+00,-2.862417760290092872e+00,6.375866010294314878e-02
1.003465442142249753e+00,-2.864191821212783484e+00,2.493127830150619895e-01
1.005126493054118164e+00,-2.865717391174030571e+00,4.304322086608816655e-01
1.007208887981143608e+00,-2.866667431947877986e+00,6.096975092968291987e-01
1.085831331411648337e+00,-2.803126735945080217e+00,7.001173322599043569e-01
1.162898791095234197e+00,-2.740213387930509725e+00,6.917137683259541037e-01
1.242003763529990534e+00,-2.675347881345614187e+00,6.919752193548287522e-01
1.319832071984649691e+00,-2.612473465095174863e+00,6.848767557722102994e-01
1.332701946129183135e+00,-2.604125409565422267e+00,8.598534476452562858e-01
1.334597238711353828e+00,-2.603857055288325117e+00,1.040098736274145175e+00
1.336624607170524337e+00,-2.603673085383277908e+00,1.216715747158336525e+00
1.338297336964120232e+00,-2.603148164621678973e+00,1.397690146818205914e+00
1.340158125820555268e+00,-2.602314811343936274e+00,1.586005796883295904e+00
1.341746829568543520e+00,-2.601087344152612779e+00,1.784155547183624568e+00
1.342619759223081743e+00,-2.599823863111482947e+00,1.960813610848615607e+00
1.343554964754621661e+00,-2.598331671038987878e+00,2.164202297966890676e+00
1.343857803275739782e+00,-2.596505731976507469e+00,2.352728336912311313e+00
1.344208439295361046e+00,-2.594330201909209155e+00,2.569585654834840138e+00
1.343646843201220298e+00,-2.592678969749395712e+00,2.744674456975153110e+00
1.343327537361422408e+00,-2.590622965306525582e+00,2.948707026738441872e+00
1.342430926709922590e+00,-2.588893429455864315e+00,3.140607787740626211e+00
1.341649921154964620e+00,-2.587166898633558088e+00,-2.967848493054778825e+00
1.340125196561644749e+00,-2.585242030489793397e+00,-2.734633395659542110e+00
1.338509411562762486e+00,-2.584112768580929753e+00,-2.559517594907569915e+00
1.337363796362146084e+00,-2.583188508485260382e+00,-2.371517530878115121e+00
1.335274699291461031e+00,-2.582710141445790253e+00,-2.196979657435534250e+00
1.333496748006621546e+00,-2.582606421951483711e+00,-2.008180988496865549e+00
1.331137798513761128e+00,-2.583066362935473759e+00,-1.793419827437091607e+00
1.329292085542446378e+00,-2.583809843316542842e+00,-1.604939768714697124e+00
1.327623674250592911e+00,-2.585439992023544686e+00,-1.373158195021452643e+00
1.326801678815551222e+00,-2.586925862777886387e+00,-1.198316736036502572e+00
1.326628774814867517e+00,-2.588603276004245224e+00,-1.023734992631035068e+00
1.389005065540121819e+00,-2.670071219494287718e+00,-9.101158112165308456e-01
1.451607630144538197e+00,-2.750726442170437824e+00,-9.093629590727037026e-01
1.516673701477025293e+00,-2.833919270163762771e+00,-9.097722168409124732e-01
1.580905489776783357e+00,-2.915165812771830289e+00,-9.101278755002580878e-01
1.645863252733060555e+00,-2.997980662985044731e+00,-9.125874348702300853e-01
1.688239124754689291e+00,-3.053817953925543449e+00,-7.317774954121968323e-01
1.688047575955228030e+00,-3.055245740767579932e+00,-5.533594466208551221e-01
1.688629270495636714e+00,-3.057017577468764458e+00,-3.843720310857953737e-01
1.690145254751016290e+00,-3.059026173346536481e+00,-2.024404468790756140e-01
1.691206292458471205e+00,-3.060330163467471998e+00,-1.760984160364401085e-02
1.692887392337420360e+00,-3.061625480064091853e+00,1.696676312004921638e-01
1.694540125786696771e+00,-3.063019274094504585e+00,3.514037873589233585e-01
1.696234545829429230e+00,-3.064489056822491175e+00,5.339657450051762400e-01
1.698509554559709755e+00,-3.065555194928204941e+00,7.186814999478708943e-01
1.700562480831496082e+00,-3.066077701808283873e+00,8.979793946049570152e-01
1.702541276658641856e+00,-3.066290467284108257e+00,1.077010983070336492e+00
1.704846480577645096e+00,-3.066142917084243358e+00,1.256616281092115539e+00
1.706823216975771773e+00,-3.065532120605399591e+00,1.438149644613088363e+00
1.708478834822572123e+00,-3.064314678893989008e+00,1.612835004723662369e+00
1.710254945679517080e+00,-3.063209756427023756e+00,1.795054966466088198e+00
1.711600664680956285e+00,-3.061970393401974633e+00,1.953459819043911860e+00
1.712495355542817510e+00,-3.060347003322815063e+00,2.130106346425555852e+00
1.712939221370503695e+00,-3.058767557730945441e+00,2.308931294836882309e+00
1.713211803659157262e+00,-3.056831431772224938e+00,2.490592920564413060e+00
1.712849074617367906e+00,-3.055148965052762122e+00,2.671254869737037740e+00
1.712551607844302159e+00,-3.053416689366359016e+00,2.857487842838108527e+00
1.711810388973019403e+00,-3.051958196395274214e+00,3.038498506426503987e+00
1.710823001603903215e+00,-3.050534204372066682e+00,-3.064450981707070643e+00
1.709676994526195593e+00,-3.049276257295005621e+00,-2.883162842663462566e+00
1.708073688943223090e+00,-3.048383955963860359e+00,-2.705668670930592601e+00
1.706174636140211032e+00,-3.047420083808694447e+00,-2.522886086727917920e+00
1.704392963074506051e+00,-3.046980876296117025e+00,-2.343771135402943795e+00
1.702627965044618330e+00,-3.046834118821367898e+00,-2.159822277996131579e+00
1.700700183312753078e+00,-3.047107457835096067e+00,-1.979117081708420267e+00
1.698724219193505025e+00,-3.047653225513315967e+00,-1.795825107930235198e+00
1.697167631612743088e+00,-3.048766074340464538e+00,-1.614163235244882255e+00
1.695838700564933132e+00,-3.050281336501525775e+00,-1.432625256780715617e+00
1.694743323783476585e+00,-3.052082772850554626e+00,-1.253292512181221063e+00
1.693894893717944328e+00,-3.053849782007008518e+00,-1.075375321697954023e+00
1.693814400823507649e+00,-3.055907459742776666e+00,-8.945528223453448335e-01
1.694114091871826044e+00,-3.058112844124666552e+00,-7.164365586819787524e-01
1.694829994915481475e+00,-3.060975352284383888e+00,-5.605326622079050969e-01
1.695730280224483355e+00,-3.063155099078656907e+00,-3.843453884121011965e-01
1.697326227382333519e+00,-3.065331779936224965e+00,-1.995293287845411323e-01
1.698865485041346490e+00,-3.067054197967956863e+00,-1.714919628245918301e-02
1.700303481062658051e+00,-3.068624361299252534e+00,1.598756453677621925e-01
1.702120732511182455e+00,-3.070232618462857666e+00,3.458036905124837745e-01
1.701970371829803375e+00,-3.071713146701254615e+00,2.905338138984736029e-01
1.700188147469013478e+00,-3.070625439554270031e+00,1.041211003282305203e-01
1.698985639952619531e+00,-3.069498681542786933e+00,-8.009705829229649132e-02
1.697234451767462460e+00,-3.068288010485536788e+00,-2.628396364896405379e-01
1.695702881449386856e+00,-3.066342042111552146e+00,-4.484657610277422712e-01
1.695028363309227570e+00,-3.064601209792389813e+00,-6.338039483138121488e-01
1.695059462698696118e+00,-3.062563132752783801e+00,-8.156411743792212343e-01
1.724246903443102719e+00,-3.097500351097293159e+00,-7.346244670963946177e-01
1.724722336251131027e+00,-3.100065069554785335e+00,-5.487417794756445089e-01
1.725365061077651641e+00,-3.101920274056165994e+00,-3.700258166410054783e-01
1.726525726509711145e+00,-3.103926872559761296e+00,-1.803586404869183257e-01
1.727600732925396176e+00,-3.106072420609460760e+00,1.022671052904530970e-03
1.729080026951477000e+00,-3.107924140405273317e+00,1.764036115693365936e-01
1.730620995592258016e+00,-3.109343203375218856e+00,3.591720178546407571e-01
1.732837153479559245e+00,-3.110760204104603854e+00,5.285650460359827552e-01
1.735042820268585473e+00,-3.112408862573885049e+00,6.997181965423525662e-01
1.733491657625398030e+00,-3.112159687506117045e+00,5.230754543531759282e-01
1.732145667862428073e+00,-3.111242821326236196e+00,3.477772865652636325e-01
1.730604511167430193e+00,-3.110720579356926141e+00,1.713102028188681347e-01
1.729409329562524800e+00,-3.109416431350891408e+00,-6.749840177558565947e-03
1.728881718695172598e+00,-3.108076188712145971e+00,-1.844361768949952518e-01
1.728322074698226629e+00,-3.106626674384230569e+00,-3.656905598197504048e-01
1.728052718448506830e+00,-3.105076464334123099e+00,-5.448453934843840996e-01
1.728260010595729534e+00,-3.103418235119167257e+00,-7.172763074297526797e-01
1.796932902821328781e+00,-3.175366423801488924e+00,-8.116881509112058302e-01
1.866570591867844131e+00,-3.249228759857892168e+00,-8.105366134261773325e-01
1.936334033532879140e+00,-3.322775890832141421e+00,-8.113819165991991156e-01
1.946692409058699447e+00,-3.334417871020944890e+00,-9.466161865155018340e-01
1.946925626851841562e+00,-3.332414098888691445e+00,-1.131763740216088499e+00
1.947965581508851685e+00,-3.331597532435285558e+00,-1.312088809227403896e+00
1.950507557125020108e+00,-3.337409830445029257e+00,-1.478551913202020174e+00
1.952092626532574204e+00,-3.336378159333079463e+00,-1.659163622512016323e+00
1.954275834594843664e+00,-3.336112119665962883e+00,-1.849047538951822611e+00
1.956581058988157151e+00,-3.336029099452663793e+00,-2.026841596929854550e+00
1.958823261497801393e+00,-3.336683733764930881e+00,-2.202731795488878763e+00
1.960938739402468656e+00,-3.336842829243440445e+00,-2.381552786054796922e+00
1.963026658282889025e+00,-3.337952463992646557e+00,-2.558267568765767219e+00
1.965206994115273886e+00,-3.339241334872897760e+00,-2.735437035304637554e+00
1.967269221887637309e+00,-3.340790690116933970e+00,-2.915005600135454511e+00
1.969161463150881364e+00,-3.342856699661020947e+00,-3.104259249403165111e+00
1.970505727595642353e+00,-3.345205461462422480e+00,2.995603759126448828e+00
1.971757936635776698e+00,-3.346760264695977760e+00,2.819398580365450879e+00
1.972868829122070844e+00,-3.348566325022030998e+00,2.638183226392395220e+00
1.974190044171099334e+00,-3.350064154754034185e+00,2.445220369986397024e+00
1.974703517501686045e+00,-3.352471245919015796e+00,2.267029833105422387e+00
1.910676783778158638e+00,-3.274994810470015061e+00,2.266005848031583003e+00
1.842861922706112043e+00,-3.192182271632588719e+00,2.263889738833980037e+00
1.777736959618186230e+00,-3.113468201552767489e+00,2.260943559317942775e+00
1.713875654287883021e+00,-3.035153787782225887e+00,2.259958888436959246e+00
1.644607602317152750e+00,-2.949922678851485625e+00,2.259488459814322781e+00
1.578461935489351209e+00,-2.869400594562631746e+00,2.259205619103037854e+00
1.556431723883008766e+00,-2.844392372168778493e+00,2.100509208987580756e+00
1.557037950028253182e+00,-2.843734790741453189e+00,2.277196409737939131e+00
1.557009448698825516e+00,-2.841640200862572296e+00,2.479264030978030053e+00
1.556651413326491040e+00,-2.839822599518118995e+00,2.683872684483296744e+00
1.555893084946162963e+00,-2.838285832869546610e+00,2.884824637379056700e+00
1.555005867778256778e+00,-2.836350813328881060e+00,3.078897880416985977e+00
1.553714989934745327e+00,-2.834744717347874143e+00,-2.996714996728838898e+00
1.552233531635759167e+00,-2.833125038876857626e+00,-2.804548716864119218e+00
1.550193796791077272e+00,-2.832039557901531168e+00,-2.599049536176661679e+00
1.463458160964310029e+00,-2.886543642750496463e+00,-2.583335695333491167e+00
1.378260489322561400e+00,-2.939652126132464183e+00,-2.586923233535602051e+00
1.286874148601274692e+00,-2.995324879855028932e+00,-2.588770650779990135e+00
1.192734040522999805e+00,-3.053142546977996030e+00,-2.592368588073918456e+00
1.105710272650094694e+00,-3.105367726572366927e+00,-2.595795842831436939e+00
1.062510167265190431e+00,-3.127687397690887661e+00,-2.457970431136092149e+00
1.061034364052834578e+00,-3.127682258125253689e+00,-2.273855534058545569e+00
1.059247780396215477e+00,-3.127512586550292184e+00,-2.084183495696232846e+00
1.057576172888184063e+00,-3.127914241914660831e+00,-1.904877578803628069e+00
1.056106717173349141e+00,-3.128540006579402011e+00,-1.724838186661843409e+00
1.054717935502800463e+00,-3.129814838264115995e+00,-1.544448583368454919e+00
1.053714359809136747e+00,-3.131137517132406067e+00,-1.367333678508522388e+00
1.053333724143124428e+00,-3.133187839685218634e+00,-1.181447963260406686e+00
1.102558336181229892e+00,-3.223782952721976791e+00,-1.059169979578225451e+00
1.151132706444882636e+00,-3.312393234791274121e+00,-1.061214562361869618e+00
1.201120473365482333e+00,-3.403999445798935319e+00,-1.059873969440279451e+00
1.216682041549140614e+00,-3.435953588064545539e+00,-8.892100741666623120e-01
1.216976662148852473e+00,-3.438575359874715964e+00,-7.039699504042364886e-01
1.217153415111765780e+00,-3.441296687246390373e+00,-5.241773464391210613e-01
1.217926410560383976e+00,-3.444038267743521953e+00,-3.421789591799760388e-01
1.218928792124429172e+00,-3.446789590381087898e+00,-1.593714787242503095e-01
1.220167132334012861e+00,-3.449059932386123961e+00,1.831206465762881888e-02
1.221075884923948918e+00,-3.451358232565744366e+00,1.987507913731845766e-01
1.222674087234411067e+00,-3.453794535218562167e+00,3.877643433050992905e-01
1.224249119989715195e+00,-3.455798373586406402e+00,5.677657438874363915e-01
1.225969816732225492e+00,-3.457328674965551851e+00,7.510561907722398400e-01
1.227898425062324383e+00,-3.458600530940549422e+00,9.333338678311857706e-01
1.229481881779591390e+00,-3.459705386060091925e+00,1.115292666779454711e+00
1.231085172550968165e+00,-3.459796868856142016e+00,1.313545603680710050e+00
1.232200618510284729e+00,-3.459645172647587863e+00,1.496232641016970399e+00
1.234055137194774554e+00,-3.458838801419716003e+00,1.684776003170415759e+00
1.235543987711941183e+00,-3.457825082322858457e+00,1.860134469218073017e+00
1.237190133814813020e+00,-3.456390552284521078e+00,2.038423379144773229e+00
1.238212820829378558e+00,-3.454928883693705988e+00,2.218688198236350662e+00
1.238761119814735467e+00,-3.453501571166194051e+00,2.399223522191401781e+00
1.238327463995614552e+00,-3.451170939081551925e+00,2.661574710153202350e+00
1.238312026337538896e+00,-3.449444782105071994e+00,2.842409725195895742e+00
1.237908049157380397e+00,-3.447611259476678569e+00,3.023093579478487225e+00
1.237429322809252996e+00,-3.446140148276198634e+00,-3.083134400268209063e+00
1.237117582228540513e+00,-3.445111813335766993e+00,-2.909065183452495873e+00
1.235616343234358316e+00,-3.443936799996073272e+00,-2.722938745443437725e+00
1.234650220449614810e+00,-3.443612738277154861e+00,-2.540026700850862351e+00
1.233660221735430662e+00,-3.443797882462153570e+00,-2.358587418680427650e+00
1.232291871844245046e+00,-3.444206509708791497e+00,-2.176593725998412054e+00
1.231130788979663881e+00,-3.444545972024299463e+00,-2.000248941200398978e+00
1.229718904136270607e+00,-3.444981335258994637e+00,-1.822448348353082670e+00
1.228471315690704779e+00,-3.446136209701188058e+00,-1.642050799640544900e+00
1.227604437100330959e+00,-3.447727280821507811e+00,-1.462402225282089407e+00
1.227350772100006981e+00,-3.449546554042903779e+00,-1.280009676657775097e+00
1.227399565577399931e+00,-3.451562101695544005e+00,-1.095222622354135034e+00
1.241285437497185118e+00,-3.471256015650504345e+00,-9.382345405304587382e-01
1.303398817664506160e+00,-3.554894530437169298e+00,-9.391777384560361375e-01
1.365782710187635862e+00,-3.637358266814361141e+00,-9.358662481902628727e-01
1.414845408585859055e+00,-3.699825429640635654e+00,-1.099425599851231672e+00
1.414724714619542079e+00,-3.698672326702357349e+00,-1.277896047212838671e+00
1.415316506258122553e+00,-3.698056602571186069e+00,-1.478894798475050676e+00
1.416396501268874841e+00,-3.697597813296519931e+00,-1.680164111002739658e+00
1.417258299366081609e+00,-3.697459613470093220e+00,-1.858055283196707874e+00
1.418643162113666367e+00,-3.697811662980202918e+00,-2.059357158206804872e+00
1.420348142838881778e+00,-3.698365460727332188e+00,-2.236214563067420613e+00
1.421962745341418755e+00,-3.699591981079211056e+00,-2.432988907222511266e+00
1.341613286449579112e+00,-3.762952895396843189e+00,-2.488423843263062096e+00
1.274288212501500928e+00,-3.811738674434526963e+00,-2.319111978937540730e+00
1.272175281177830408e+00,-3.810967186263324979e+00,-2.116480072081712738e+00
1.270032120426335176e+00,-3.811139798922074551e+00,-1.925691354435070002e+00
1.267739862405981022e+00,-3.812029082737125929e+00,-1.751131373770682176e+00
1.266292389623424386e+00,-3.813613233853399453e+00,-1.561389713832081583e+00
1.265179566707723025e+00,-3.815331955869091463e+00,-1.384907867098214451e+00
1.265770029886461145e+00,-3.816617629261659150e+00,-1.201525374112477396e+00
1.266273899899179378e+00,-3.818103677957581432e+00,-1.013921280705249783e+00
1.266394624874929153e+00,-3.820278196765954704e+00,-8.308598931410182686e-01
1.266271062413033111e+00,-3.822668135315024696e+00,-6.463349899636110507e-01
1.266636139555090912e+00,-3.825227380649389275e+00,-4.661209396211247191e-01
1.267033696091680373e+00,-3.827969854018157481e+00,-2.838002267675056589e-01
1.267639768220734764e+00,-3.830443118474532227e+00,-8.930864698206114616e-02
1.268822484992391253e+00,-3.833253067311337858e+00,9.346419415184042956e-02
1.270292198570188713e+00,-3.835801545068200813e+00,2.769706344453505831e-01
1.272015498724195837e+00,-3.837841511361383962e+00,4.591614684211020592e-01
1.273372818260260608e+00,-3.839234436779301873e+00,6.397788455333883739e-01
1.275199444671934801e+00,-3.840624437984083706e+00,8.190976807445981001e-01
1.276659312917457489e+00,-3.841409077640030478e+00,1.002288831939790903e+00
1.278053756331228419e+00,-3.842366996640942389e+00,1.163459252367543550e+00
1.279790024355938360e+00,-3.842947955624221645e+00,1.340509545605784503e+00
1.281112418697812005e+00,-3.842899574777649097e+00,1.524880496576380251e+00
1.282196104382668844e+00,-3.842540408203763747e+00,1.706716333538672581e+00
1.282922569262296975e+00,-3.841971797238642683e+00,1.885460867709177979e+00
1.283298407884698289e+00,-3.841279229871213730e+00,2.065550640429044904e+00
1.283496470056252781e+00,-3.840370855790717020e+00,2.247442437513296642e+00
1.282930737572924196e+00,-3.839750435758289449e+00,2.428593660381112684e+00
1.281977304716573896e+00,-3.839347342589531920e+00,2.610315706627377441e+00
1.280727887671369469e+00,-3.838899364809398307e+00,2.792391346346976722e+00
1.279868591979501202e+00,-3.838314523257300603e+00,2.978124138144285116e+00
1.278884309997943447e+00,-3.837738674903520941e+00,-3.124116896631139451e+00
1.277428048368466795e+00,-3.836784443635467223e+00,-2.941612858250520546e+00
1.275913508392743090e+00,-3.835725839824362104e+00,-2.758991519660725533e+00
1.274123398081859371e+00,-3.835020555281855703e+00,-2.576724182945775432e+00
1.273944307962069811e+00,-3.835832207292359630e+00,-2.571196385946691532e+00
1.275272366772208565e+00,-3.838701489327566829e+00,-2.734881742269381188e+00
1.181926169191505949e+00,-3.882512871150341827e+00,-2.738757234988048239e+00
1.082773426393834448e+00,-3.926173196862534631e+00,-2.738820884056678562e+00
9.860029994647692142e-01,-3.969735581307176187e+00,-2.737663055841385251e+00
8.895494688621546908e-01,-4.012601436571629598e+00,-2.738854405573685646e+00
8.351590707922544876e-01,-4.035681650372744400e+00,-2.571486920187437075e+00
8.346730061096434561e-01,-4.034601488939546066e+00,-2.655749334570037590e+00
8.356350114847419519e-01,-4.034693653692500881e+00,-2.845594948732063312e+00
8.363843034432495438e-01,-4.035803719463290307e+00,-3.029195708377387497e+00
8.372076116303768245e-01,-4.036942881615825485e+00,3.074553615690954977e+00
8.378585311941435521e-01,-4.038656316093307552e+00,2.894924519089336012e+00
8.382835017775330799e-01,-4.040540542139911651e+00,2.717947657120028726e+00
8.385382508663541401e-01,-4.042656077641322732e+00,2.535240212600696097e+00
8.386911556719917060e-01,-4.044625463094678075e+00,2.360056774329964302e+00
8.387967828230358247e-01,-4.046515717751038466e+00,2.177141171116932838e+00
8.383158619102568654e-01,-4.048426568086902932e+00,1.998146150224775708e+00
8.372423894827215607e-01,-4.050400976559272337e+00,1.817033586987783389e+00
8.355739085411892919e-01,-4.052145988151219846e+00,1.617609695409880199e+00
8.341442176061062419e-01,-4.053291872146031594e+00,1.443274715812537412e+00
8.318178202478413441e-01,-4.054156140859107360e+00,1.220397627666709228e+00
8.304544740149366611e-01,-4.054795911690535881e+00,1.036829206591948438e+00
8.287083088406359543e-01,-4.054748514721486785e+00,8.258142105755569284e-01
8.270038591781566639e-01,-4.054198240198286562e+00,6.485869723990483893e-01
8.254779695588804200e-01,-4.053542433017025104e+00,4.701609705561025643e-01
8.237967510917538760e-01,-4.051564570622990580e+00,2.832696968371836155e-01
8.221424987303017629e-01,-4.049763465677886032e+00,1.056725697835853711e-01
8.209142166172440636e-01,-4.047782918321144230e+00,-6.784219569948317374e-02
8.197606367255283466e-01,-4.045527613329697125e+00,-2.451876117036199954e-01
8.188396800387190977e-01,-4.042669819542845211e+00,-4.482327876324265215e-01
8.180338536107610858e-01,-4.040605924430804130e+00,-6.463870297268988763e-01
8.176444734394263669e-01,-4.038364122557042357e+00,-8.435834531510845169e-01
8.177526367844215605e-01,-4.036436336296319816e+00,-1.020201421541653941e+00
8.179569121440842805e-01,-4.034244450418546180e+00,-1.193340758833526971e+00
8.188082814920883967e-01,-4.032290734166978474e+00,-1.367054875039921624e+00
8.199203611130837510e-01,-4.030530095337216956e+00,-1.558542690953394150e+00
8.206687284004560157e-01,-4.028763911563625122e+00,-1.764797712202684332e+00
8.217701987641234940e-01,-4.027898332758504729e+00,-1.951906055396574802e+00
8.229734647349867815e-01,-4.027405748091741344e+00,-2.129738894366805635e+00
8.243985459860713183e-01,-4.027549732789554859e+00,-2.314183926343207354e+00
8.257276869421139587e-01,-4.028313442692023294e+00,-2.516842249796582109e+00
8.267992690704548675e-01,-4.028736127438222958e+00,-2.694857089711392817e+00
8.275545602876973605e-01,-4.029511777603280720e+00,-2.879951020964763853e+00
8.283688318775290771e-01,-4.030357452888783776e+00,-3.082956976864831056e+00
8.288330207145174766e-01,-4.031456911214754690e+00,3.020827427364364937e+00
8.296355167741924497e-01,-4.032561818287663691e+00,2.839040842117932506e+00
8.299032066944850294e-01,-4.033908419548820845e+00,2.636765100760483094e+00
7.446146132543349783e-01,-3.976719422772465595e+00,2.525899052655907528e+00
6.589946645161987027e-01,-3.917631601337386638e+00,2.527178654727761931e+00
6.509175791134587108e-01,-3.911968048651764285e+00,2.704404711792619764e+00
6.503269451295479175e-01,-3.912628087979757030e+00,2.547044480118386467e+00
6.500804511940417862e-01,-3.913570076638749562e+00,2.369042978106574715e+00
5.796371364146034599e-01,-3.841176490836618385e+00,2.322176303791795515e+00
5.094192377737246646e-01,-3.767626703942011712e+00,2.322618463833911129e+00
4.381453610632465301e-01,-3.692796570584059523e+00,2.320659643861327393e+00
3.663376324409746698e-01,-3.616808116926131689e+00,2.320718672193486931e+00
3.616213877210689431e-01,-3.612826496784514951e+00,2.492905107605591475e+00
3.592124850949125481e-01,-3.612322926477407936e+00,2.670496616101675436e+00
3.564690279085290237e-01,-3.611749470520641214e+00,2.855426197888211615e+00
3.540502671421235648e-01,-3.611097171094965308e+00,3.041182056758617414e+00
3.517871617335536216e-01,-3.610591995598944504e+00,-3.062047665787724249e+00
3.495662996415286328e-01,-3.610127932651811200e+00,-2.880380396752332040e+00
3.470198693496236442e-01,-3.609727524556650913e+00,-2.702548998149120862e+00
2.581004447650424583e-01,-3.662933562831672596e+00,-2.569149445327007619e+00
1.653500962680696240e-01,-3.720596371105942435e+00,-2.573419847140434147e+00
7.654673555115149020e-02,-3.775841734386230275e+00,-2.575752345930964360e+00
-1.023185918202417465e-02,-3.829322721518469752e+00,-2.578569246199729381e+00
-9.924962332904870010e-02,-3.884215381097642972e+00,-2.583254774846327262e+00
-1.654582021220148969e-01,-3.923750447976461775e+00,-2.490345387856296444e+00
-1.664463467247798700e-01,-3.923876236649739280e+00,-2.530975295573481443e+00
-1.661289363206885361e-01,-3.925034265324394145e+00,-2.725708884816230082e+00
-1.658173612915326278e-01,-3.926397697436653456e+00,-2.908471145294573290e+00
-1.653539918681704857e-01,-3.928079672539134481e+00,-3.089214184294410526e+00
-1.648440306143874323e-01,-3.930232363397931028e+00,2.981525439206511141e+00
-1.646126725335035901e-01,-3.932076175392041240e+00,2.778457162607481212e+00
-1.648319081571479605e-01,-3.933742633798472887e+00,2.598048133532496085e+00
-1.653753756148741982e-01,-3.935547379447054794e+00,2.411614271726766123e+00
-1.659512225606865898e-01,-3.937768418432769035e+00,2.202020418296888327e+00
-1.669795507764802178e-01,-3.939613704913042636e+00,2.001455471395278796e+00
-1.684305900580782556e-01,-3.940934208994002930e+00,1.817918637047618136e+00
-1.705199126833032153e-01,-3.941697844749527224e+00,1.634311329395727430e+00
-1.728952227367011041e-01,-3.942308723352317301e+00,1.448507780426588676e+00
-1.754298464959590798e-01,-3.942730352926337556e+00,1.266195698789498669e+00
-1.783404997962016181e-01,-3.942618313101413641e+00,1.085388253333460451e+00
-1.813895278112002962e-01,-3.942018454344539347e+00,8.828081648535359705e-01
-1.839685793174489492e-01,-3.941029373622441323e+00,7.017486874395163499e-01
-1.868089140206923016e-01,-3.939640287797272489e+00,5.158893434805075229e-01
-1.894129294815594666e-01,-3.937756776169244244e+00,3.054638712391486988e-01
-1.918001793265232957e-01,-3.935551324827393227e+00,1.266280802464297695e-01
-1.942738836009356151e-01,-3.933364347472524614e+00,-7.814456653657156360e-02
-1.960659049420122313e-01,-3.931436183834569054e+00,-2.591993724620438311e-01
-1.976945421417534432e-01,-3.929307723969729604e+00,-4.467033320909692407e-01
-1.988924804714271577e-01,-3.927028305762751526e+00,-6.292335419437236066e-01
-1.999463845147510521e-01,-3.924778044949961853e+00,-8.046211791546296066e-01
-2.005518199584620798e-01,-3.922600825475690112e+00,-9.860175097634112928e-01
-2.007278491398760967e-01,-3.920412352797812972e+00,-1.170694064622095798e+00
-2.005856540200626481e-01,-3.918524183110998482e+00,-1.345464779392246735e+00
-2.005833853015335233e-01,-3.917057757709744070e+00,-1.524241402758122810e+00
-1.993364378096118827e-01,-3.915780502253104256e+00,-1.704258799644903233e+00
-1.980247103461175162e-01,-3.915055425078663554e+00,-1.890233199671581321e+00
-1.965173543674388623e-01,-3.914627570435287307e+00,-2.095153910125870489e+00
-1.948966148437697721e-01,-3.915033832178828721e+00,-2.271678389363768868e+00
-2.638587192856687302e-01,-3.985215476183662009e+00,-2.334304652794648050e+00
-3.356675389059186609e-01,-4.058022809150711119e+00,-2.329501045863370923e+00
-4.062052607997683751e-01,-4.131775773347720282e+00,-2.302017967853314140e+00
-4.401450197615174864e-01,-4.175805039188838386e+00,-2.114984984713071281e+00
-4.543374361148118101e-01,-4.199080643244514022e+00,-1.932487832142800510e+00
-4.562806574333655996e-01,-4.199634819982022371e+00,-1.749909042746660592e+00
-4.580835828762104822e-01,-4.200376676527752373e+00,-1.565826953462551518e+00
-4.595424121253806060e-01,-4.201635497746826431e+00,-1.376626548000298378e+00
-4.611756678145190191e-01,-4.203056726199586812e+00,-1.171826326140340102e+00
-4.617444008317860282e-01,-4.204780372320899851e+00,-9.892848076731451945e-01
-4.619904226853450147e-01,-4.207040913143229588e+00,-8.045373470980994313e-01
-4.616107374193270108e-01,-4.209394401045423173e+00,-6.242429233495012664e-01
-4.612655144279006469e-01,-4.211639201018416045e+00,-4.399797126912332046e-01
-4.605554800994582920e-01,-4.214014811317008835e+00,-2.615997672895099546e-01
-4.595079479643181530e-01,-4.215968635221667427e+00,-7.712887539802008863e-02
-4.588785898158568299e-01,-4.218013887162037179e+00,1.002015860882502496e-01
-4.571833175647282421e-01,-4.220404217391356738e+00,2.855395243029030250e-01
-4.553902899524578940e-01,-4.222446479088631577e+00,4.640061015796055344e-01
-4.533458511930034129e-01,-4.224455759432575341e+00,6.500998218954446850e-01
-4.509848308020560914e-01,-4.225918786723248388e+00,8.723810039401134198e-01
-3.908872544712728714e-01,-4.145911871007653460e+00,9.571108946095232550e-01
-3.250138856237816398e-01,-4.070079746021599831e+00,8.133804378786952949e-01
-2.495504264797025751e-01,-4.002176089131821435e+00,7.390064953395760750e-01
-1.742754051973586515e-01,-3.935401544169416788e+00,7.373529173749717724e-01
-9.590446440434820252e-02,-3.866468358650129389e+00,7.344831492584372734e-01
-1.815489415938379217e-02,-3.798342579311404510e+00,7.315419061300031389e-01
6.065459630373754712e-02,-3.729725973279875539e+00,7.300392844183227758e-01
1.380486201560806592e-01,-3.662273446707462909e+00,7.298918554733011543e-01
2.165435391756157235e-01,-3.594390572715509879e+00,7.296759459738083597e-01
2.938866560450081322e-01,-3.527708860574658267e+00,7.299756787374291900e-01
3.402252859071509539e-01,-3.485965264269677455e+00,5.625344020180547133e-01
3.394495161920974002e-01,-3.486003501209203215e+00,3.810460054059064960e-01
3.391661120441652466e-01,-3.485751820050471128e+00,1.989410283939777035e-01
3.387983856339880084e-01,-3.485080078517926339e+00,1.592408576622793975e-02
3.385500239522162280e-01,-3.484334622631961143e+00,-1.668536983271931562e-01
3.384267853185696784e-01,-3.483099139437241032e+00,-3.458691763009348885e-01
3.385953431162836424e-01,-3.481528838968702910e+00,-5.196259962436251545e-01
3.393405533166367061e-01,-3.480134266143300792e+00,-6.994592064716216306e-01
4.072261240860518550e-01,-3.548355024602236174e+00,-8.117165209898138389e-01
4.798733133731487022e-01,-3.622275018427735915e+00,-8.080536427245993414e-01
5.534088978302400541e-01,-3.697605861045374809e+00,-8.068718978748963266e-01
6.260235193148036004e-01,-3.772208404494416634e+00,-8.062169291992246078e-01
6.990050359284203374e-01,-3.848482689708762283e+00,-8.080422873975788844e-01
7.716027727745733422e-01,-3.924127553643753874e+00,-8.076315446495473394e-01
8.445603610170754338e-01,-4.000266433503064434e+00,-8.084109717772995918e-01
9.167487310940605205e-01,-4.075038130601075892e+00,-8.096289204243358739e-01
9.897010227748980205e-01,-4.151090024372517284e+00,-8.108540960554790900e-01
1.037474153109601449e+00,-4.197611817523775990e+00,-9.349758754865278298e-01
1.038632508509109931e+00,-4.197044370831487292e+00,-1.117442425846956633e+00
1.040158727491179880e+00,-4.196557583007508363e+00,-1.295700659076988615e+00
1.042799784299631494e+00,-4.195814444328718196e+00,-1.435051196596145884e+00
1.042752203142582434e+00,-4.198645611072355344e+00,-1.324803373983066246e+00
1.044178566069335901e+00,-4.197754933840426084e+00,-1.511092302257876385e+00
1.044059222894803574e+00,-4.299061031189029158e+00,-1.580031437910573544e+00
1.047103135078230496e+00,-4.339048810275262014e+00,-1.747989310047592282e+00
1.048196700290074945e+00,-4.339339159788282885e+00,-1.935795488953393484e+00
1.049846416187422582e+00,-4.339862041598633979e+00,-2.124132781347336518e+00
1.051565391369057245e+00,-4.341012631670027488e+00,-2.309593644708903160e+00
1.052644551602759604e+00,-4.342481751327998296e+00,-2.340577590115359818e+00
1.050351858987355724e+00,-4.343492620561814732e+00,-2.165082265278209572e+00
1.052134078870413436e+00,-4.346018470140856849e+00,-2.319160756894900199e+00
9.825619406458983018e-01,-4.418705667285350636e+00,-2.353452746556725206e+00
9.121403962391976261e-01,-4.492090235836154299e+00,-2.346341853711972014e+00
8.875583503691402143e-01,-4.521766027506307850e+00,-2.522636797375980233e+00
8.894018285540201685e-01,-4.523638591765046790e+00,-2.709042688281741995e+00
8.911079000328508970e-01,-4.525673433839316750e+00,-2.891862790962486773e+00
8.924965472687438339e-01,-4.527973990143609129e+00,-3.070326286647319769e+00
8.939655336770828686e-01,-4.530162811548520629e+00,3.026603092282179830e+00
8.949194431384971393e-01,-4.532621396967956073e+00,2.839787875746413892e+00
8.958737099626331579e-01,-4.535759932135479566e+00,2.656777158227685565e+00
8.965427279134650096e-01,-4.538465607250000922e+00,2.481198356916491932e+00
8.974235109803467836e-01,-4.541321123165340978e+00,2.305474304245042294e+00
8.971614885604071166e-01,-4.543552098660022409e+00,2.124851494519853556e+00
8.967813436451412823e-01,-4.545822469752685890e+00,1.951234561856597161e+00
8.948672091203503376e-01,-4.548019174728468172e+00,1.768589863587061384e+00
8.931925081629187302e-01,-4.550095417884547189e+00,1.590585664390085530e+00
8.916799776617272411e-01,-4.552018616216285452e+00,1.401670290889339920e+00
8.904364976851659730e-01,-4.553789588962636081e+00,1.212318069254842756e+00
8.891554113812781823e-01,-4.554518878837475526e+00,1.030325279699909613e+00
8.875230826912586801e-01,-4.554285243200425271e+00,8.512435989901210309e-01
8.854192343075978355e-01,-4.553671117918863587e+00,6.679352032945731210e-01
8.833693448691991579e-01,-4.552346676581075613e+00,4.900198740782285012e-01
8.814113423675473680e-01,-4.550656986195366294e+00,3.013568280368230101e-01
8.801806552766801017e-01,-4.549297829919025205e+00,1.213022190748280632e-01
8.789515383015824579e-01,-4.547462123860285921e+00,-5.803263801488862950e-02
8.775422449821496107e-01,-4.545979104189436626e+00,-2.380441340708742415e-01
8.762089068358515087e-01,-4.544343033487354688e+00,-4.193400420780551974e-01
8.750893393225908090e-01,-4.542745013961203782e+00,-6.021243378329441676e-01
8.741039981179324903e-01,-4.541190997305511345e+00,-7.798968435678848010e-01
8.736036744311918012e-01,-4.539522022176511129e+00,-9.621055892084542371e-01
8.737064665247047390e-01,-4.537781332567026205e+00,-1.147749670252927068e+00
8.740333515894320726e-01,-4.536151716902590003e+00,-1.322910892832953600e+00
8.742767492720004974e-01,-4.535067141070878272e+00,-1.513754073016697621e+00
8.754525729770022968e-01,-4.533966966739758853e+00,-1.689020023876833809e+00
8.770660565137045062e-01,-4.532636432453795550e+00,-1.865111685051225487e+00
8.790266405247636472e-01,-4.532010000758534218e+00,-2.047417056108234323e+00
8.807425652928243531e-01,-4.531806165382191942e+00,-2.230541174874225430e+00
8.271454541966961616e-01,-4.583897455422407674e+00,-2.372533448724253979e+00
7.545287849130061231e-01,-4.654277438771774023e+00,-2.364399325486155945e+00
6.819237795412836922e-01,-4.725042118102049216e+00,-2.353104669930305981e+00
6.111043457781135668e-01,-4.798169701461698189e+00,-2.247084437211652741e+00
5.475787768684342582e-01,-4.875376958912676528e+00,-2.239142698169950929e+00
4.848906419827244685e-01,-4.954256906454763687e+00,-2.136206599258206662e+00
4.319909581294911760e-01,-5.040574597431553450e+00,-2.085754848161896380e+00
4.222379338156119211e-01,-5.051425412281785654e+00,-1.909619988300229831e+00
4.210888582315723272e-01,-5.052719174470877483e+00,-1.717869179129178914e+00
4.186045660184623540e-01,-5.090199238472300713e+00,-1.560054522546971301e+00
4.221232494220132914e-01,-5.135365809653704261e+00,-1.384091097031921347e+00
4.232270382092008787e-01,-5.144716463733631784e+00,-1.206261727160589325e+00
4.308101037929462640e-01,-5.166147790010722218e+00,-1.026439430915400131e+00
4.618406517688901092e-01,-5.219341596792907545e+00,-1.083239541975110409e+00
5.065114872303027038e-01,-5.312725783482134645e+00,-1.092710521845382754e+00
5.099878938496772429e-01,-5.319780703227555918e+00,-1.266822974123323231e+00
5.111650257507738271e-01,-5.319318937026303651e+00,-1.442453492426131412e+00
5.129447688173888187e-01,-5.318898973974158118e+00,-1.619495561458561550e+00
5.153433064376935491e-01,-5.318999940737493937e+00,-1.806740814948856855e+00
5.175510250579592464e-01,-5.319238047132813563e+00,-1.984704399336544522e+00
5.204300560258542374e-01,-5.320196539927271928e+00,-2.171755923085140871e+00
5.228558159048767306e-01,-5.320994222985445887e+00,-2.357075634364824257e+00
5.248708554539778248e-01,-5.321904187321101709e+00,-2.532169375789214527e+00
5.267827249357247554e-01,-5.323651043290068330e+00,-2.637269094463539076e+00
5.242297676336666878e-01,-5.324226429252983728e+00,-2.458524318713952717e+00
5.223790615254058078e-01,-5.325387995636877037e+00,-2.282237641116314553e+00
5.195548978556929764e-01,-5.325480090898558672e+00,-2.097628507220626215e+00
5.166249703485259470e-01,-5.327536461399120071e+00,-1.918517578465609663e+00
5.094071780102737979e-01,-5.347422425398812074e+00,-1.738941162211823155e+00
5.056461095404995998e-01,-5.369037051489714329e+00,-1.556270767307338598e+00
5.072188476834379456e-01,-5.405168661852981060e+00,-1.393510529814351750e+00
5.142646790184223216e-01,-5.450880491655367699e+00,-1.224084034646738317e+00
5.521300232722218260e-01,-5.545298152749310816e+00,-1.138305091832163551e+00
5.906717414923940979e-01,-5.639333888920592841e+00,-1.139299579732200307e+00
6.036784948409087415e-01,-5.685778727459561921e+00,-9.724470064335637431e-01
6.031501727366772592e-01,-5.687994159901050395e+00,-7.875905060175315553e-01
6.034420612318989185e-01,-5.689902888561455541e+00,-6.022210049056786474e-01
6.043469361390629846e-01,-5.691687568983609502e+00,-4.245894140670018468e-01
6.047363257915813195e-01,-5.693622760208999267e+00,-2.524450219068613555e-01
6.058087691237389327e-01,-5.695249234748011702e+00,-7.118860889645518830e-02
6.071278290205037731e-01,-5.697239319020610537e+00,1.162692458911740723e-01
6.084689049667263427e-01,-5.699251971524628146e+00,3.032263602523269097e-01
6.104206813814729848e-01,-5.700381954226583225e+00,4.920759628229335325e-01
6.121401980076508487e-01,-5.701374525654249403e+00,6.737788326636284797e-01
6.588546124121368308e-01,-5.654795407644022553e+00,8.136058117687934299e-01
6.690207077362081423e-01,-5.645999507353812064e+00,9.878301757761464019e-01
6.708371032153099822e-01,-5.645742643276849826e+00,1.163836381021596811e+00
6.722264778921994699e-01,-5.644956955432355983e+00,1.346008425340800452e+00
6.733274124114814185e-01,-5.643992068827595965e+00,1.533560786017685196e+00
6.739268412605535774e-01,-5.642692744475969135e+00,1.710000350537229208e+00
6.742390958978734528e-01,-5.641019717507384179e+00,1.890802328150074096e+00
6.746278075755617332e-01,-5.638967381981252913e+00,2.066157682399343276e+00
6.193741496939476621e-01,-5.556803106736373898e+00,2.178622641387615744e+00
5.628086795490504501e-01,-5.473790319518229808e+00,2.179102547187415695e+00
5.044925873089749491e-01,-5.391589941018080090e+00,2.234710923458996135e+00
4.784746747770612929e-01,-5.348229355719924527e+00,2.053125841873036261e+00
4.648430467708077884e-01,-5.308618223282957516e+00,1.873861307224172768e+00
4.563859872984700750e-01,-5.259817720020856235e+00,1.689055623137183160e+00
4.573305423279844795e-01,-5.205176396533422789e+00,1.503826018573466650e+00
4.692618801185257649e-01,-5.143931704420533713e+00,1.328504207523211189e+00
4.991989359417196015e-01,-5.047529041769560187e+00,1.205090094456048311e+00
5.416884640152973551e-01,-4.958454503458786355e+00,1.075440731543339412e+00
5.899040403451452086e-01,-4.870496160256404750e+00,1.017848456155328485e+00
6.454538224553618697e-01,-4.783652630921801041e+00,1.012882864413072959e+00
7.011571553299991155e-01,-4.697032547563999572e+00,9.990616789226228756e-01
7.404648121916692638e-01,-4.645962715200417925e+00,8.221380950884311645e-01
7.836531927205374615e-01,-4.608040218203746541e+00,6.431134747116179495e-01
8.332573789912730566e-01,-4.577494444784793615e+00,4.616776270544233340e-01
8.868262909820160411e-01,-4.555812416288884670e+00,2.792506546155419378e-01
9.440991679337834563e-01,-4.544189091864782704e+00,9.849319931701806807e-02
9.877983075354422882e-01,-4.542418130224794126e+00,-7.904391979474290064e-02
1.025293440714886151e+00,-4.548371334424405887e+00,-2.698821424205847253e-01
1.075407057991195403e+00,-4.566697299342673766e+00,-4.488068651703393530e-01
1.161632653957115568e+00,-4.614987892894140131e+00,-5.600943361517183305e-01
1.209646684490166990e+00,-4.641626548670308772e+00,-3.963634533592367837e-01
1.230771282208107387e+00,-4.648568869306039630e+00,-2.176860445176929115e-01
1.243871872159474146e+00,-4.650803376621126972e+00,-3.116445073584674444e-02
1.250068978931574870e+00,-4.651573606227407787e+00,1.436752263172592636e-01
1.256475517817627008e+00,-4.651703052291615847e+00,3.268995595051721326e-01
1.273640125981809312e+00,-4.645623472193397774e+00,5.021983299206124185e-01
1.361131733459467696e+00,-4.592327362363817223e+00,5.697161246462173478e-01
1.448151714887343289e+00,-4.537155154367753518e+00,5.763109255918893448e-01
1.534720905192950013e+00,-4.481058073507916184e+00,5.799189625485898780e-01
1.620919932223414017e+00,-4.425841321060800304e+00,5.855360887538740844e-01
1.706414714220398032e+00,-4.369726653680263695e+00,5.846740350664809682e-01
1.715602736062503242e+00,-4.366846917157867658e+00,7.625786791618534011e-01
1.718927769943784822e+00,-4.366779660189751056e+00,9.448268477888714933e-01
1.721909976917739504e+00,-4.366420110628274287e+00,1.118655450223619674e+00
1.725073833102691800e+00,-4.365042620433961851e+00,1.300214684645267349e+00
1.727922825782428173e+00,-4.363688847348119459e+00,1.474136777613821003e+00
1.730694107568506057e+00,-4.362085208948062842e+00,1.661229391577290215e+00
1.737552729692114051e+00,-4.358516863341630909e+00,1.828268541645868828e+00
1.739190691476452111e+00,-4.356989755437087553e+00,2.018757314474229680e+00
1.740292519610276978e+00,-4.355075296316160305e+00,2.205600446169307727e+00
1.740601137724634206e+00,-4.353262820389423027e+00,2.388957657528609779e+00
1.740369200511947989e+00,-4.351841880467320678e+00,2.572375224774955171e+00
1.739641110302985405e+00,-4.350550113039821198e+00,2.755724291655401004e+00
1.739029253007985165e+00,-4.349170807133392103e+00,2.936467332002932640e+00
1.738487628883830016e+00,-4.347712662963949981e+00,3.118299964005429636e+00
1.737455196044986883e+00,-4.346490597342169693e+00,-2.985811856042308587e+00
1.736230682351596721e+00,-4.345370737752823231e+00,-2.808048777200881307e+00
1.734795407228834963e+00,-4.344634020233935523e+00,-2.628259998642589412e+00
1.733630173546740538e+00,-4.343708119590081296e+00,-2.446185850720937971e+00
1.731663823553216686e+00,-4.343036633376328837e+00,-2.260904203240278409e+00
1.729595021330756266e+00,-4.342726809483838935e+00,-2.079896388209962588e+00
1.727737232195966310e+00,-4.344307049943480159e+00,-1.892330487667706063e+00
1.725860721641195639e+00,-4.345638309462195537e+00,-1.712008065454734274e+00
1.724370136610384296e+00,-4.347467048059725059e+00,-1.534348965348077520e+00
1.723329147086915425e+00,-4.349530399624668142e+00,-1.353318523895042924e+00
1.722379880974957977e+00,-4.351631713970493642e+00,-1.176288231608612733e+00
1.721641158523126824e+00,-4.353960956522167969e+00,-9.951857873074537730e-01
1.720982197219392162e+00,-4.357148178812334294e+00,-8.199842423397710744e-01
1.720814026429375865e+00,-4.360564876284282576e+00,-6.396727858638592279e-01
1.721378671950090311e+00,-4.362878487774974445e+00,-4.638698091166290616e-01
1.722174353189309004e+00,-4.364849709813337419e+00,-2.820109234835619372e-01
1.723286445339543116e+00,-4.366667839520842698e+00,-1.043019180035543031e-01
1.724585925003539577e+00,-4.368962135220991527e+00,7.775280645829026061e-02
1.726007488847343563e+00,-4.371011646529807670e+00,2.670964094099105846e-01
1.727633450020028549e+00,-4.372973079451469403e+00,4.491439363734200940e-01
1.729457707298492020e+00,-4.374626867148991849e+00,6.250990392202114831e-01
1.731515658138949476e+00,-4.376108160614153419e+00,8.126374310053356975e-01
1.733632243777639248e+00,-4.377058580708587776e+00,1.001131457568821048e+00
1.735640904661425843e+00,-4.377278787928351456e+00,1.186633953059567759e+00
1.736446236845372804e+00,-4.377671374855433228e+00,1.217876665128919678e+00
1.734131140924268566e+00,-4.378697599837549248e+00,1.038573071259585756e+00
1.732214458082379505e+00,-4.379045303975097170e+00,8.637679719304404147e-01
1.730186926638630718e+00,-4.378553685150811781e+00,6.841544541252928546e-01
1.728729056344922910e+00,-4.377913895275445277e+00,5.059267792501600525e-01
1.726946791300825401e+00,-4.377010629434622935e+00,3.245607880375398491e-01
1.725395505265256757e+00,-4.376012513765203948e+00,1.495481012181290315e-01
1.724077537893333512e+00,-4.374913696006919039e+00,-3.102463951447802584e-02
1.722979246990129276e+00,-4.373312551653987690e+00,-2.050343548316644060e-01
1.722525644290881841e+00,-4.372125162296987000e+00,-3.838814419225052288e-01
1.722016988608352506e+00,-4.370853007454526207e+00,-5.579338819044592501e-01
1.721825742462547604e+00,-4.369612523386383174e+00,-7.374594687322054698e-01
1.721906483664927601e+00,-4.367757791408634738e+00,-9.188881635802026437e-01
1.722150175894279656e+00,-4.365909402626543034e+00,-1.099163917527300027e+00
1.722975537771642918e+00,-4.363845563373731196e+00,-1.235027001031696603e+00
1.722827682793944826e+00,-4.367205588498141111e+00,-1.054887459826551632e+00
1.777282379235229914e+00,-4.454317760329413289e+00,-9.961562336369639281e-01
1.832505881518121882e+00,-4.538914750569902345e+00,-9.702310638040941848e-01
1.844870309801991404e+00,-4.556655896200194178e+00,-7.878559841463278479e-01
1.859795710802146784e+00,-4.571664319431158141e+00,-6.083609279323045627e-01
1.871915790783533762e+00,-4.585328384793021961e+00,-4.381037130913024713e-01
1.873117356441768910e+00,-4.587389277686956923e+00,-2.628634050584003345e-01
1.874203872855412234e+00,-4.589008316612415150e+00,-7.424945140742811311e-02
1.875906139148382445e+00,-4.590563142065361646e+00,1.132339672454825141e-01
1.877464295349542844e+00,-4.591546140264605391e+00,1.992418622649912430e-01
1.875591626817255220e+00,-4.590295036001050377e+00,1.669660094634806136e-02
1.874446015663063569e+00,-4.589212024241494881e+00,-1.665254439194507052e-01
1.872827428376461434e+00,-4.588577250708837596e+00,-3.510305056185823447e-01
1.871566262703787453e+00,-4.587457174983840424e+00,-5.358555759300572818e-01
1.871128681645648273e+00,-4.586457922329300274e+00,-7.130062029192404394e-01
1.892420454703036103e+00,-4.608566680910727520e+00,-8.677991777892595238e-01
1.902072068366490454e+00,-4.623413552608802490e+00,-1.043848948578594449e+00
1.917288474774849094e+00,-4.659307528305169477e+00,-1.093021508294733657e+00
1.939266552312103320e+00,-4.695094649009919685e+00,-9.255831002478227543e-01
1.939770826215662991e+00,-4.698691005924314545e+00,-7.417058657861952398e-01
1.940607644198882875e+00,-4.701548394854626167e+00,-5.568185127649086796e-01
1.941810145641807761e+00,-4.704568598712111083e+00,-3.787158064552500480e-01
1.943483081880195584e+00,-4.707321933522354840e+00,-1.964838076568324599e-01
1.945137715168094861e+00,-4.710306450839407688e+00,-9.472864049708854331e-03
1.946530854743583117e+00,-4.713069474172895568e+00,1.771261818816447786e-01
1.948380703194544372e+00,-4.714706378563595202e+00,3.649335606390985420e-01
1.949754404322215029e+00,-4.715017562646769633e+00,5.547207850306454802e-01
1.951232278044020996e+00,-4.714274444809259279e+00,7.405867512730885949e-01
1.948794771600594222e+00,-4.711235353193077735e+00,6.490955854771138789e-01
1.946252427003211549e+00,-4.711378413495698858e+00,4.662601624082584606e-01
1.944228394020997452e+00,-4.711391607205237975e+00,2.913857704906384072e-01
1.942479126272216527e+00,-4.711323446080238675e+00,1.086766366773618542e-01
1.940803813461940752e+00,-4.711333098746556480e+00,-7.643781323985279763e-02
1.938857314607437266e+00,-4.710744997972408754e+00,-2.515860575289047829e-01
1.936953029833524020e+00,-4.709738256553127833e+00,-4.290645811024895173e-01
1.935835860990246626e+00,-4.708478486716506595e+00,-6.142283375319214089e-01
1.937816007999090484e+00,-4.710071253674126268e+00,-7.993838359416772787e-01
1.940747193967646167e+00,-4.712693367582697412e+00,-9.741704945647554625e-01
1.944196696575971162e+00,-4.718134326513589549e+00,-1.147547650956524334e+00
1.956617801563839354e+00,-4.761628093433156295e+00,-1.322649206368434971e+00
1.966081645381897225e+00,-4.835862980410289502e+00,-1.435972449220092928e+00
1.975103584073388374e+00,-4.897168902091038944e+00,-1.458276903771762001e+00
1.974399286952140065e+00,-4.950046641318435192e+00,-1.635213307849725961e+00
1.961905553794422330e+00,-5.051031107893278360e+00,-1.684148288202461430e+00
1.950051534721520374e+00,-5.152655375074102651e+00,-1.680720931909205795e+00
1.937639164756872256e+00,-5.254274692892699328e+00,-1.678053394113725005e+00
1.936490371579982162e+00,-5.281765086134409870e+00,-1.859898747105986017e+00
1.938677304645147759e+00,-5.282379994762536946e+00,-2.036438478389505757e+00
1.941029010481209127e+00,-5.283165455036313851e+00,-2.220961221421104081e+00
1.943563703604779702e+00,-5.284614292973413896e+00,-2.405756252454543720e+00
1.945368485337928055e+00,-5.286782470279601576e+00,-2.584337479304599672e+00
1.946915971825924574e+00,-5.289098018043363325e+00,-2.765689182182408778e+00
1.948451565878924097e+00,-5.290860530785916893e+00,-2.943096417185369074e+00
1.950108171851709704e+00,-5.292275732500408836e+00,-3.129056605207362285e+00
1.850237446963447718e+00,-5.293970874931489767e+00,-3.129609488085261404e+00
1.762149500848878780e+00,-5.294543434000472892e+00,-2.962998713144624929e+00
1.743498841994274517e+00,-5.297512509630527333e+00,-2.776810003673071403e+00
1.737978268469446919e+00,-5.298085575646844347e+00,-2.614684247043465248e+00
1.732345569185144818e+00,-5.299466825661557579e+00,-2.440891858768363676e+00
1.726964918428995244e+00,-5.301896643042653956e+00,-2.254461950794281133e+00
1.721830088947573500e+00,-5.305571556708391867e+00,-2.067070356652854990e+00
1.716073376811928730e+00,-5.315334872330300442e+00,-1.892860599435285174e+00
1.687383355328606394e+00,-5.412886028756109802e+00,-1.829217753425260717e+00
1.659569797832285643e+00,-5.511004245623452924e+00,-1.827167857739232071e+00
1.632096802763981946e+00,-5.608183219885709114e+00,-1.831833623714712589e+00
1.610337314331503178e+00,-5.678172206604759964e+00,-1.673800504276847345e+00
1.608892699448289942e+00,-5.680077556703280628e+00,-1.488099739459764814e+00
1.607917775792019333e+00,-5.682364315403179766e+00,-1.300852398729337445e+00
1.607608370171659917e+00,-5.684702363999131869e+00,-1.114903424656629394e+00
1.607819892843992182e+00,-5.686898089976082815e+00,-9.409864757770677324e-01
1.607954838477619885e+00,-5.689455852203424868e+00,-7.611166778284804701e-01
1.608869444370143009e+00,-5.691785461667209667e+00,-5.874756553116172730e-01
1.609843459594477721e+00,-5.695131543842282262e+00,-4.179444126949355409e-01
1.701340232319568768e+00,-5.735274746298163251e+00,-3.126187001955157974e-01
1.702767830970034924e+00,-5.738506140973193226e+00,-2.818694018252630995e-01
1.679656909806786613e+00,-5.735993770521252699e+00,-1.381747518552554344e-01
1.681568183362445845e+00,-5.738049679338031339e+00,3.300006393839797353e-02
1.683087761120321879e+00,-5.739472245859751354e+00,2.153241754141468067e-01
1.685030442029208597e+00,-5.741083567637044638e+00,4.039012112513545305e-01
1.686919213784204619e+00,-5.742403277365744074e+00,5.917019863439316740e-01
1.689329201600774155e+00,-5.743495394680657284e+00,7.649050484740023137e-01
1.691792138740074725e+00,-5.743805026221283860e+00,9.510060623190939033e-01
1.694460952960972211e+00,-5.743532099150749914e+00,1.121524904647526188e+00
1.697059035065891175e+00,-5.743216126977847225e+00,1.299429292643706102e+00
1.698402681738023112e+00,-5.742053261242446638e+00,1.486551596933034070e+00
1.699841978441802626e+00,-5.642221000375354123e+00,1.587320557408724131e+00
1.700220266230290767e+00,-5.540414543109318579e+00,1.589389607919200698e+00
1.698866530753289528e+00,-5.527978369395922797e+00,1.417941676795096084e+00
1.696782981551953062e+00,-5.528281494795352025e+00,1.233870330475110189e+00
1.726111802205265722e+00,-5.466977906865302828e+00,1.113710501297158650e+00
1.727608692644848398e+00,-5.465234106461072550e+00,1.301433993829516744e+00
1.752429028858197624e+00,-5.379419152484394395e+00,1.155804500450105188e+00
1.762510380037709323e+00,-5.363850492115330937e+00,9.819445824993593419e-01
1.828827808590626880e+00,-5.284840040285793350e+00,8.903968205098254929e-01
1.898060464655684010e+00,-5.209794894514463870e+00,7.326032213388929959e-01
1.939220390156119578e+00,-5.179265403039696736e+00,5.563808320404940444e-01
1.967047010515309724e+00,-5.164239392071584334e+00,3.674784871908615691e-01
1.986325914612164123e+00,-5.157730272918205294e+00,1.788611687448826149e-01
2.011563685801422974e+00,-5.155187700082543678e+00,-1.985034320289938078e-02
2.041717091478061352e+00,-5.157022649601317177e+00,-2.029757359374789183e-01
2.059787985766976526e+00,-5.161421585761274855e+00,-3.879734187425494252e-01
2.083914144925545386e+00,-5.174279034026682211e+00,-5.796243265021583380e-01
2.108632988634689731e+00,-5.194147538914542395e+00,-7.680277803882518128e-01
2.128219765628482474e+00,-5.217385770726711058e+00,-9.485574581947936457e-01
2.163521196331018803e+00,-5.283122175399816101e+00,-1.080521184120700751e+00
2.179004283949095289e+00,-5.306991229713820424e+00,-8.945437489171816914e-01
2.199133029813472806e+00,-5.327964680014757981e+00,-7.052598027130702052e-01
2.227025516667543226e+00,-5.347751528032191892e+00,-5.178017689282372604e-01
2.273923187912911370e+00,-5.368139811832593367e+00,-3.451978182098819348e-01
2.369555606259180269e+00,-5.402600694554157812e+00,-4.172883571361239441e-01
2.393590447493161744e+00,-5.415463644728411019e+00,-3.588827033472318795e-01
2.395837923862675911e+00,-5.416767919482541771e+00,-1.762044297237626844e-01
2.398224565192786706e+00,-5.418134938923465427e+00,7.736925353238562064e-03
2.400985707389132084e+00,-5.419959712191933399e+00,1.920239242658439704e-01
2.403604931342268713e+00,-5.421154016508658025e+00,3.811070035586585081e-01
2.406894790617961188e+00,-5.421991639579100131e+00,5.594599436283449467e-01
2.410014329161955349e+00,-5.424054500215898855e+00,7.434001769997541365e-01
2.413455888160508600e+00,-5.425085818937263049e+00,9.264063142759476621e-01
2.416497543119601410e+00,-5.425597975498224201e+00,1.108883828576112673e+00
2.419403439480372064e+00,-5.425351597029209216e+00,1.287344569569324859e+00
2.422078305232438389e+00,-5.425344739868363853e+00,1.471775455161815183e+00
2.423511652652711401e+00,-5.425097220267217857e+00,1.647295303524830112e+00
2.424465387584691545e+00,-5.424528333669695890e+00,1.829023210591093296e+00
2.424684667112465331e+00,-5.424062504607863211e+00,2.004499465561378369e+00
2.424138144869348199e+00,-5.423344746974271047e+00,2.180329872471682418e+00
2.423182247000929657e+00,-5.422806281679545037e+00,2.364166366539848241e+00
2.421918197791868899e+00,-5.422240013765510014e+00,2.551636436279574482e+00
2.420661558171724792e+00,-5.421640202604582903e+00,2.728325419006325969e+00
2.419390938430602045e+00,-5.420890234570837407e+00,2.916636674323289657e+00
2.418068978304651395e+00,-5.420425156884171258e+00,3.096426230952340930e+00
2.416461566401849392e+00,-5.419711706469004575e+00,-3.004161827882191549e+00
2.414503739454253672e+00,-5.419110010613633399e+00,-2.819002165054060871e+00
2.413167385077931382e+00,-5.418344068184827833e+00,-2.638764316692540746e+00
2.411515594530276640e+00,-5.417383015449517281e+00,-2.460899609187697568e+00
2.410237517663387230e+00,-5.416558094902306664e+00,-2.281292079968003872e+00
2.408829591121520508e+00,-5.416059746839927413e+00,-2.100729265540203894e+00
2.407339149667694134e+00,-5.415893835926697264e+00,-1.919817900621333839e+00
2.406022067007833609e+00,-5.416475930669675698e+00,-1.739400296478694763e+00
2.404960564037024184e+00,-5.417634016272560693e+00,-1.552387692901469274e+00
2.404224667973443808e+00,-5.419450619484038612e+00,-1.364024920270533014e+00
2.403647456228471757e+00,-5.423423714948408580e+00,-1.190616670468868321e+00
2.412439256131057252e+00,-5.443526345535083522e+00,-1.010892345574933460e+00
2.467667258267734365e+00,-5.529303784760301710e+00,-9.885144412552580029e-01
2.522092279628236788e+00,-5.614516173916483943e+00,-9.921031579317028948e-01
2.576996217218904039e+00,-5.699427403329211828e+00,-9.879311427084049857e-01
2.615747675248961013e+00,-5.751390235461149913e+00,-8.092997284614144027e-01
2.625958306977410839e+00,-5.764525277343721221e+00,-6.248659726616290211e-01
2.627179653013435701e+00,-5.767107240668352119e+00,-4.341319983267831750e-01
2.628178040220260581e+00,-5.770039699775876052e+00,-2.469859863578461878e-01
2.629748125178557494e+00,-5.772971530439849452e+00,-5.830585775391820824e-02
2.631271274844142471e+00,-5.775267322574236140e+00,1.256196827968229235e-01
2.633316838908074331e+00,-5.777421081658503432e+00,3.047418025192780155e-01
2.635418143924769918e+00,-5.779179023000128090e+00,4.830890642607339469e-01
2.634004178212555836e+00,-5.779026438370054919e+00,3.071072423543398933e-01
2.631886825171010802e+00,-5.778557534414448860e+00,1.277376751817808354e-01
2.630616212480375360e+00,-5.777807162929188500e+00,-5.271087056837650553e-02
2.629294356635285546e+00,-5.776807414530622076e+00,-2.269274295780032979e-01
2.631857954494817076e+00,-5.776926435763604317e+00,-4.003883452404227716e-01
2.635396163778888745e+00,-5.778237440195565178e+00,-5.743352084718595929e-01
2.647694807432103836e+00,-5.788350421946210744e+00,-7.495061941659986182e-01
2.653988339950362985e+00,-5.794872443104551074e+00,-9.241637009042262818e-01
2.663576014021910243e+00,-5.810130758309419718e+00,-1.099481303725171166e+00
2.681469704543579358e+00,-5.849536637346058221e+00,-1.268115720362812171e+00
2.688221131935147667e+00,-5.896359394682804123e+00,-1.445483697911533971e+00
2.687582129334786796e+00,-5.952021688116325926e+00,-1.625634471950060833e+00
2.672680082410074487e+00,-6.052098657956001659e+00,-1.793721955569144377e+00
2.650336087445160693e+00,-6.112413228644550500e+00,-1.974967555121014406e+00
2.605084507422086748e+00,-6.205052398089770271e+00,-2.015622924674022709e+00
2.559841295644737169e+00,-6.297219746320293687e+00,-2.016466068325123651e+00
2.515451375067454087e+00,-6.388018091179869629e+00,-1.969186719952987108e+00
2.507329278758722246e+00,-6.406736285597608216e+00,-1.793180970428229548e+00
2.505326610789019082e+00,-6.408215379200303374e+00,-1.607143633479195088e+00
2.503294997164809743e+00,-6.410333302821373813e+00,-1.426855096861509686e+00
2.501217570268952528e+00,-6.412514115320955277e+00,-1.243995392413963952e+00
2.500558671153227053e+00,-6.414872404871218237e+00,-1.065746767114075899e+00
2.500371649774481231e+00,-6.417339230961453644e+00,-8.820499232641960674e-01
2.500814712515473381e+00,-6.419921880521364699e+00,-6.547315203956668439e-01
2.501391937473021354e+00,-6.421956391366605565e+00,-4.769755454603523681e-01
2.501829710358158376e+00,-6.423691863174593841e+00,-2.872586232636005210e-01
2.502623473632020090e+00,-6.425382102505259319e+00,-9.551645676217324077e-02
2.503927004834872072e+00,-6.427394084121216267e+00,1.131333531176089147e-01
2.505352276139931167e+00,-6.429560891033144543e+00,3.147268342240948646e-01
2.507791600587053527e+00,-6.431464153149405227e+00,6.011137547901639344e-01
2.509922407708597536e+00,-6.432827173757148742e+00,8.290226104635438631e-01
2.511955764311075701e+00,-6.433565386975976352e+00,1.003353122239931228e+00
2.514031572572963391e+00,-6.433775610991311567e+00,1.195332659434591216e+00
2.515903032913273663e+00,-6.432789306792985329e+00,1.419439683183158163e+00
2.517324250651559847e+00,-6.431964342647161992e+00,1.593905769605525213e+00
2.518620674499544521e+00,-6.430586826614929308e+00,1.807530758637844848e+00
2.519284025795933690e+00,-6.428906337752358091e+00,1.986855322543824576e+00
2.519621819630462500e+00,-6.426426046247017076e+00,2.246004237654954494e+00
2.519226067779696265e+00,-6.424240750284963219e+00,2.466557701512319678e+00
2.518391507340827840e+00,-6.422351345455608040e+00,2.689795671243181197e+00
2.517112523033053773e+00,-6.420870297029762419e+00,2.866545911106685107e+00
2.515295914735835581e+00,-6.418368525221969101e+00,3.109990948088166896e+00
2.513716193194967641e+00,-6.416853818415006572e+00,-2.996069503671207279e+00
2.511802924317140917e+00,-6.415230996776265293e+00,-2.761362536882757013e+00
2.509984202482049565e+00,-6.413748169297567969e+00,-2.573846477370464125e+00
2.508064744478367025e+00,-6.412905034416565897e+00,-2.395416824684265755e+00
2.507028967620918980e+00,-6.413201952410583218e+00,-2.383309307157146062e+00
2.508570655299750207e+00,-6.414245508678628305e+00,-2.575337842536528310e+00
2.509256270088006335e+00,-6.415188231363042171e+00,-2.669637899082534460e+00
2.507031710389410417e+00,-6.414251477570459770e+00,-2.491703631057455404e+00
2.504688183496408982e+00,-6.414412216704624470e+00,-2.372541060617483488e+00
2.506645045951238160e+00,-6.415297495135041217e+00,-2.558087525813559360e+00
2.508235600787980690e+00,-6.416722938004063792e+00,-2.733513462407310080e+00
2.509879396125408668e+00,-6.418699932088454574e+00,-2.917970066231415860e+00
2.412246812240998128e+00,-6.433863229364565228e+00,-3.019580455031109167e+00
2.310766317591560259e+00,-6.448089923402682722e+00,-2.996407859528263273e+00
2.211744614859494362e+00,-6.470882020806196344e+00,-2.949469112823460026e+00
2.113042177644257613e+00,-6.491764333888855099e+00,-2.946662185482109564e+00
2.013744514217544967e+00,-6.513257394883809503e+00,-2.941751390790298792e+00
1.973049556704117746e+00,-6.521319382144522336e+00,-2.774332248883958130e+00
1.970458973011511405e+00,-6.520691326106238250e+00,-2.592178739016521405e+00
1.889087808190361262e+00,-6.580182134027384500e+00,-2.497520987350515753e+00
1.806932544458473400e+00,-6.641838425992742323e+00,-2.495545206587529652e+00
1.726375984390174700e+00,-6.703147859651610752e+00,-2.493255091087995812e+00
1.645959025664532449e+00,-6.765637601247718180e+00,-2.487416577024626374e+00
1.594995288056082261e+00,-6.811632856679073811e+00,-2.650090237131990545e+00
1.596475809182402728e+00,-6.813180051984473629e+00,-2.837686062748610905e+00
1.597951193048155805e+00,-6.815117086454131723e+00,-3.024319758017973481e+00
1.599371720861535451e+00,-6.816451192870659703e+00,3.077841590881395195e+00
1.600636490009694102e+00,-6.818403780589931351e+00,2.891214899137818151e+00
1.521240507391053098e+00,-6.791187899051104537e+00,2.831835633140185049e+00
1.493594665824967471e+00,-6.783162863582534285e+00,2.738656757363697736e+00
1.488562046195944344e+00,-6.781096787479288679e+00,2.818299820536656952e+00
1.487380239945032212e+00,-6.781144872637729470e+00,2.829013363455006758e+00
1.487974626124782596e+00,-6.783064100293819898e+00,2.644847232942711734e+00
1.408521401288943542e+00,-6.728753709183775911e+00,2.512913139937374751e+00
1.354135430258695427e+00,-6.692924018113864726e+00,2.296813259685062558e+00
1.353340304284749829e+00,-6.693493492492927466e+00,2.317372672307107973e+00
1.352513174304236676e+00,-6.692158114194476148e+00,2.496637720000914218e+00
1.351486333857574440e+00,-6.691249677654755423e+00,2.670727139426706920e+00
1.350731911062954538e+00,-6.690212695066474424e+00,2.852593281868562869e+00
1.349623415729708897e+00,-6.689209492970040749e+00,3.055456170023906459e+00
1.348741295427439812e+00,-6.688169702848205667e+00,-3.053801301434685200e+00
1.347259326774720822e+00,-6.686957491216893423e+00,-2.877317945463961468e+00
1.345732201754383350e+00,-6.685837854469561137e+00,-2.696753070302025712e+00
1.344023857233404229e+00,-6.684814483799385698e+00,-2.515641338692168993e+00
1.342241782664741478e+00,-6.684341716348439988e+00,-2.340953877912688608e+00
1.340337165053256063e+00,-6.684259790501345222e+00,-2.160971840102633212e+00
1.338215587710984034e+00,-6.684213985222898557e+00,-1.980521698223788984e+00
1.336665532215737473e+00,-6.684702038636278765e+00,-1.801413281653317933e+00
1.334893849092816165e+00,-6.685069414900499218e+00,-1.623228500381454165e+00
1.333682690485435529e+00,-6.686002868261350152e+00,-1.447673432599707155e+00
1.333022560609514073e+00,-6.687534587576513090e+00,-1.266346440545028651e+00
1.332226720103776296e+00,-6.688685178848987611e+00,-1.086167741478011983e+00
1.332009696794252740e+00,-6.690407005964987164e+00,-9.116583770826834909e-01
1.332658880719124639e+00,-6.692155764865804990e+00,-7.318059911738170609e-01
1.333085475379280016e+00,-6.694052043441946154e+00,-5.573700715298048891e-01
1.333151350236524202e+00,-6.696014887903191770e+00,-3.764144496892806724e-01
1.332333275171282860e+00,-6.695717200310886241e+00,-4.787871582343291577e-01
1.330950328376087732e+00,-6.693961074375974540e+00,-6.547941093121908418e-01
1.392788785901813542e+00,-6.745336020629748575e+00,-7.313501629799135095e-01
1.462667232575345366e+00,-6.800258698740220709e+00,-6.954307903162701976e-01
1.532798626770132122e+00,-6.872252848870869180e+00,-8.400854983616633520e-01
1.588190878672304240e+00,-6.937626813718927643e+00,-1.002868036889205117e+00
1.604130852345744929e+00,-6.968346723904544682e+00,-1.178625181070306338e+00
1.604638573209443031e+00,-6.966745424404273912e+00,-1.367245237225913623e+00
1.606017239938085650e+00,-6.965391577377629595e+00,-1.546465008677428088e+00
1.607762265994922446e+00,-6.964048558886847040e+00,-1.728241581496462453e+00
1.609651622657470638e+00,-6.962931713311057536e+00,-1.915119941784535929e+00
1.612329553026511375e+00,-6.962512094050100409e+00,-2.099926938986729219e+00
1.598280505608785429e+00,-6.982912623344591729e+00,-2.259985059855316614e+00
1.576924260076231654e+00,-6.999377440394218830e+00,-2.197411175191561927e+00
1.575123036526425935e+00,-7.000108677433845017e+00,-2.008516952923909749e+00
1.573558619728678609e+00,-7.000859162410580261e+00,-1.821816959918943768e+00
1.572528978890307183e+00,-7.002314410961086644e+00,-1.639918632410954036e+00
1.571664187150241698e+00,-7.004021224985859995e+00,-1.453453154178558249e+00
1.570985149041461026e+00,-7.006128246574197860e+00,-1.277299857234472702e+00
1.570586023130270403e+00,-7.008761542266777056e+00,-1.090738393313276822e+00
1.618218548264974688e+00,-7.099115363838111925e+00,-1.067198452266754138e+00
1.670536956260235906e+00,-7.187105492018222463e+00,-9.848241935894413990e-01
1.724705286198608967e+00,-7.272918768675922685e+00,-9.892488003769176474e-01
1.777815086184123983e+00,-7.358561793809733409e+00,-9.937869460116217635e-01
1.831134497819059570e+00,-7.445666034615529227e+00,-9.953756787617925594e-01
1.868956900179400638e+00,-7.510936858504447144e+00,-8.309559639621900695e-01
1.868921886731205184e+00,-7.512831236354141851e+00,-6.442064745875497600e-01
1.869832644961751722e+00,-7.515168673388996190e+00,-4.532529607832248009e-01
1.870706211569320931e+00,-7.517035102877016151e+00,-2.660257476217161021e-01
1.871383966140177435e+00,-7.519243414174302309e+00,-8.488840751297274667e-02
1.872559241930773721e+00,-7.521207980625633560e+00,9.450131800040265095e-02
1.873446409753376507e+00,-7.523340873601963352e+00,2.779298458432490349e-01
1.874986539365972815e+00,-7.525570975640745175e+00,4.544949566013843367e-01
1.876714790246797326e+00,-7.527496450901395519e+00,6.339585609457465409e-01
1.878612210008367311e+00,-7.528672856623655818e+00,8.149012956446167744e-01
1.880552735120595731e+00,-7.529589766247248406e+00,9.955943426415362341e-01
1.882325945933383871e+00,-7.530163327287230146e+00,1.175573062670677071e+00
1.883744486802483742e+00,-7.529987903733129428e+00,1.355738489832933880e+00
1.885327393174240251e+00,-7.529765668413026525e+00,1.536569790254523227e+00
1.886585939570895043e+00,-7.529201069041355332e+00,1.725011014631102846e+00
1.887454898337272091e+00,-7.528188556423731193e+00,1.904484423395901960e+00
1.887795272769665411e+00,-7.527800558789200736e+00,2.066513452554694652e+00
1.887775069602497524e+00,-7.526891349894828664e+00,2.245460044906313346e+00
1.825790468775585484e+00,-7.450229717540149288e+00,2.246415390968926840e+00
1.762570953082798209e+00,-7.374162607764188415e+00,2.253728945055082367e+00
1.698739244455034658e+00,-7.297909862295280270e+00,2.259985733177932943e+00
1.643285722323791331e+00,-7.232404185545890485e+00,2.259338094283413145e+00
1.587316092332190065e+00,-7.148347567511661893e+00,2.143242334697837759e+00
1.533352028448380366e+00,-7.063500378906392818e+00,2.148795253486798007e+00
1.478704755769963075e+00,-6.978306712982783822e+00,2.150408131099931008e+00
1.456536718934813956e+00,-6.940558666075397731e+00,1.975488371058536252e+00
1.450699468898387856e+00,-6.922674593039435997e+00,1.796077683246944279e+00
1.448409939530899360e+00,-6.904471538577038991e+00,1.618079455439084491e+00
1.449440742655507153e+00,-6.886038620861393511e+00,1.442662150841055313e+00
1.453768364639541399e+00,-6.867668018751599490e+00,1.267552706088076020e+00
1.461255224909207673e+00,-6.849596213865701166e+00,1.090603197773869271e+00
1.471156689772346038e+00,-6.832841884140601785e+00,9.158878536192540665e-01
1.483468166491594964e+00,-6.818232485406856114e+00,7.415774735145048702e-01
1.562244959794716781e+00,-6.755873219210606351e+00,6.450348271930353983e-01
1.642175936177249218e+00,-6.692929719757242601e+00,6.545503825787969410e-01
1.721812227782326676e+00,-6.628812962266319886e+00,6.628478271257434162e-01
1.800269060783787456e+00,-6.564457414368795263e+00,6.720271898504949215e-01
1.878244876688361487e+00,-6.498831042521277190e+00,6.752116983811071727e-01
1.954998164729095267e+00,-6.435962594155396843e+00,5.067825274390326262e-01
1.970609886836830915e+00,-6.427306707704002697e+00,3.287179584553495681e-01
1.987510709721161062e+00,-6.421813965785949208e+00,1.478350256103440341e-01
2.005463761399043587e+00,-6.419407183839487274e+00,-3.628100933818710627e-02
2.023068317131678118e+00,-6.420305327481203861e+00,-2.168738177812000734e-01
2.039656963562317404e+00,-6.424193572575801703e+00,-3.989786594657816488e-01
2.129011748596104425e+00,-6.470604888824907697e+00,-5.449794934706382321e-01
2.216272827762889364e+00,-6.520028533601523790e+00,-5.374158900476676548e-01
2.304832529351570347e+00,-6.569219275166187089e+00,-3.949999616494669352e-01
2.403059364985794755e+00,-6.596821095412064295e+00,-2.739914163896103871e-01
2.460930792009339285e+00,-6.604954684427705836e+00,-1.012615938332272481e-01
2.483627492221121891e+00,-6.606102444683062735e+00,7.477119557946158845e-02
2.583986804344959864e+00,-6.585580015541238730e+00,2.075403279130599299e-01
2.648274490167741746e+00,-6.569877962408330774e+00,3.843592294465488779e-01
2.660032482240536122e+00,-6.566504890862215227e+00,5.627141597685441088e-01
2.663379928930350360e+00,-6.567460365233814379e+00,7.470315584105675644e-01
2.737024079126029186e+00,-6.496848698820369528e+00,7.855069679305741737e-01
2.809975464187278504e+00,-6.426072391681897145e+00,7.851270579146101269e-01
2.883147732560026988e+00,-6.354580497586088228e+00,7.809617705202036575e-01
2.957094611983445365e+00,-6.282519367602524163e+00,7.793363665487852421e-01
3.030382959394894105e+00,-6.211936835735727414e+00,7.768712864222860892e-01
3.090933993290023274e+00,-6.150122821262918649e+00,5.996532236396888704e-01
3.176727783521380299e+00,-6.094981572217148091e+00,5.738710516132835560e-01
3.262426102427883112e+00,-6.038665217641903560e+00,5.795364127614116567e-01
3.347619973875275878e+00,-5.982372196689961008e+00,5.840130734129270751e-01
3.401564339663821990e+00,-5.944314862390132959e+00,4.120977464088355635e-01
3.400532519442626800e+00,-5.942372447062449048e+00,2.436337312626472573e-01
3.399278493605193852e+00,-5.940698538473601964e+00,6.501450840632892747e-02
3.398319249315017387e+00,-5.939307457406690638e+00,-1.109266398363747547e-01
3.397818387006281693e+00,-5.937735959573109845e+00,-2.959043166865706898e-01
3.397514719641535397e+00,-5.935537380758948878e+00,-4.829524221386750638e-01
3.397489776686121399e+00,-5.933355130936640798e+00,-6.708491293809329958e-01
3.398469667274132355e+00,-5.929926428501167024e+00,-8.411517338535415833e-01
3.366934389517052928e+00,-5.880967039618126613e+00,-7.913619881663039868e-01
3.368803318608816877e+00,-5.881315070534429701e+00,-6.005178152545709303e-01
3.370317723296457402e+00,-5.882500247158354512e+00,-4.166645970595821979e-01
3.371361094290648897e+00,-5.885316332419041174e+00,-2.384045800114249769e-01
3.372414411791254896e+00,-5.888025055279903164e+00,-6.530572599192768779e-02
3.373976134336346355e+00,-5.890394286049212447e+00,1.111297223773208970e-01
3.375744606785859858e+00,-5.892453663821851428e+00,2.866333122846732584e-01
3.377608170378681773e+00,-5.894557465962282805e+00,4.649276994889368630e-01
3.465452183800702635e+00,-5.844024751936933271e+00,5.321091365524188710e-01
3.551785748375457352e+00,-5.795219656990738599e+00,7.069262317015090336e-01
3.554587205772902880e+00,-5.795823918188572677e+00,8.925116795016941884e-01
3.557300904926178120e+00,-5.795564074595883852e+00,1.078737962967343478e+00
3.558617038187102732e+00,-5.795158970401723231e+00,1.259708818093898675e+00
3.559682775925819165e+00,-5.794179436281129192e+00,1.436967983716163744e+00
3.561128204524837138e+00,-5.792558120875065164e+00,1.622171996589487852e+00
3.562263124127037717e+00,-5.791244001537418917e+00,1.804680757936073965e+00
3.562931487835229838e+00,-5.789768031357624523e+00,1.920489230167863548e+00
3.562663656827455672e+00,-5.791675149572802717e+00,1.800059720007449293e+00
3.563946687450311401e+00,-5.790046494407323330e+00,1.974298358503634887e+00
3.563781238186029654e+00,-5.787547402806922037e+00,2.159559414106890340e+00
3.507830299382872941e+00,-5.703996455266389987e+00,2.162306890412055260e+00
3.458207239285794099e+00,-5.626121277393702158e+00,2.111952734979317459e+00
3.447044386933422189e+00,-5.607662773128865297e+00,2.288076458473768060e+00
3.433047989232349551e+00,-5.592320848754177121e+00,2.185622245501406713e+00
3.433107258015174246e+00,-5.592751993457027559e+00,2.178648033196698641e+00
3.432617383699060554e+00,-5.590400928755975940e+00,2.362642639443251813e+00
3.431747402772602928e+00,-5.587694271575202265e+00,2.546871386608357657e+00
3.431146187861950470e+00,-5.587089955164541877e+00,2.504501908779348085e+00
3.405586614951347180e+00,-5.563658750586032653e+00,2.503831544173219736e+00
3.403982959214240989e+00,-5.561322394680525250e+00,2.690479066272043251e+00
3.402347539275874855e+00,-5.559009748183257216e+00,2.873882327833169548e+00
3.401321038024658350e+00,-5.557184976412199440e+00,3.062451591958097907e+00
3.399606803515481612e+00,-5.555324473100774263e+00,-3.040368297475559256e+00
3.397892911133646443e+00,-5.553192896868333506e+00,-2.855536070626646605e+00
3.396306489011184038e+00,-5.551280364952390300e+00,-2.662987985990288298e+00
3.394199352681860571e+00,-5.549537625305029920e+00,-2.470625751702958617e+00
3.391942202945212426e+00,-5.548291192897173651e+00,-2.286514240222550676e+00
3.389200049924402602e+00,-5.547759029255887597e+00,-2.084201340486501408e+00
3.386839734119034606e+00,-5.547964743793825093e+00,-1.898118053790746496e+00
3.384508422482889411e+00,-5.548255107174892231e+00,-1.721932776768372086e+00
3.382226702065264767e+00,-5.549210976771271397e+00,-1.539305006695411704e+00
3.380548122719643001e+00,-5.550066289940159159e+00,-1.354859001248837735e+00
3.379236347045856181e+00,-5.551615037236722117e+00,-1.142429933925735774e+00
3.377991702349789627e+00,-5.553218668880682607e+00,-9.401146778523528091e-01
3.377693006120265906e+00,-5.554753244046573002e+00,-7.556638686121820436e-01
3.377734176023158952e+00,-5.556300326129790967e+00,-5.728221787514112817e-01
3.377880956071277918e+00,-5.557954855358747004e+00,-3.901663650620391666e-01
3.378368972455622732e+00,-5.559773543018324382e+00,-1.873027822161191791e-01
3.379029940456754311e+00,-5.561001530991315889e+00,-3.836740693763107668e-03
3.380033042768875173e+00,-5.562241503811546472e+00,1.775269699521158373e-01
3.380972802784988573e+00,-5.563162506514210293e+00,3.600868516646979489e-01
3.382561036464800441e+00,-5.564491696168428980e+00,5.409120643505467285e-01
3.384423089830849829e+00,-5.565599055634100623e+00,7.166100066138431091e-01
3.388777380664509398e+00,-5.567935137413731361e+00,8.866572458685726410e-01
3.388677018643021732e+00,-5.565850636095893478e+00,1.073972172800992331e+00
3.390442446575868018e+00,-5.565172598523060010e+00,1.260719469724297825e+00
3.391764793064314443e+00,-5.563571658986445456e+00,1.446643457939513766e+00
3.392820734527376203e+00,-5.561756349724335635e+00,1.630770639409035772e+00
3.393476445459777668e+00,-5.559478018362717933e+00,1.818177365245659427e+00
3.393584005100025891e+00,-5.557324201724958890e+00,1.993984269760695760e+00
3.393634353797484238e+00,-5.554800335202476624e+00,2.180419038694803024e+00
3.331612987536393788e+00,-5.475820434393828151e+00,2.246097291111615046e+00
3.264618599961545797e+00,-5.391766500732435574e+00,2.243701707511059684e+00
3.201585597894190283e+00,-5.312915103656671079e+00,2.245334160104817567e+00
3.136839123611586899e+00,-5.231542752570216948e+00,2.242119169724650529e+00
3.073985033894546692e+00,-5.152750232525684204e+00,2.242842742222128205e+00
3.023737508710180322e+00,-5.092177943688967368e+00,2.071132355879137688e+00
3.023007680711310652e+00,-5.092819066019749208e+00,1.885998808874236987e+00
3.021785644168948792e+00,-5.093754325232006330e+00,1.697919970558478431e+00
3.019956280803509863e+00,-5.094783027532673536e+00,1.522767102466446421e+00
3.017664014806239692e+00,-5.095477388875967684e+00,1.342908235828446983e+00
3.014596734375545761e+00,-5.095319956343646872e+00,1.176856208818108707e+00
3.011692348879332570e+00,-5.095620281963308962e+00,1.000173583513736419e+00
3.009271443637832721e+00,-5.094160778133490552e+00,9.751722801735821511e-01
3.011092223458042394e+00,-5.093275905142538029e+00,1.162830410046661322e+00
3.012760717317559678e+00,-5.091873463212032824e+00,1.344513277261095485e+00
3.013892400450485454e+00,-5.091222979036656326e+00,1.525114785154271013e+00
3.014628336355013261e+00,-5.089566448292614176e+00,1.706686670894106195e+00
3.014992206131403396e+00,-5.087830867601405238e+00,1.887677191474292693e+00
3.008676833883288104e+00,-5.071085583402405561e+00,2.052677324917250967e+00
3.007948739422981799e+00,-5.068610263533428473e+00,2.226686796220368247e+00
3.007487794868862530e+00,-5.066542160528758387e+00,2.408081529602557502e+00
2.942979851563443106e+00,-5.012182404343175968e+00,2.272325355659667423e+00
2.942503381013656050e+00,-5.013379557880587534e+00,2.082515194294678018e+00
2.941262337818575379e+00,-5.015132001736404277e+00,1.880664460139480632e+00
2.939460844595357614e+00,-5.016160665623477399e+00,1.660345165613349883e+00
2.936921073401187687e+00,-5.017160525550612427e+00,1.447207330722205754e+00
2.934520764458288689e+00,-5.017455370904027490e+00,1.233132955464028235e+00
2.930837465300952793e+00,-5.017681352211844192e+00,1.057412513529258247e+00
2.926573161910038134e+00,-5.016008470626187155e+00,9.223280780420034519e-01
2.903718017131333262e+00,-5.045435914630962415e+00,1.097981342743146405e+00
2.905289880741151354e+00,-5.044804220883836621e+00,1.279217764113553146e+00
2.906634112037786100e+00,-5.044101737624020032e+00,1.457673629021132511e+00
2.908080961283446619e+00,-5.042825925356124728e+00,1.638179155593480374e+00
2.909184988695148633e+00,-5.041031913354041549e+00,1.817667703849657590e+00
2.909796933654341000e+00,-5.039198426504578165e+00,1.994307580615356734e+00
2.909920579815161723e+00,-5.036520253556791005e+00,2.166777260824980011e+00
2.867383286178901702e+00,-4.980237384225010722e+00,2.063947785885214437e+00
2.866745643306919611e+00,-4.981505157460227373e+00,1.877683608813384808e+00
2.865373024971799687e+00,-4.982280144033405023e+00,1.701650313531298808e+00
2.863483437861983560e+00,-4.982823543768162722e+00,1.521134275950733583e+00
2.861508867114369359e+00,-4.983241276667102149e+00,1.339566611809500873e+00
2.859428552229763998e+00,-4.982968980112126189e+00,1.156499680825230136e+00
2.857354100651679385e+00,-4.982265887426861717e+00,9.751066921880583438e-01
2.855372394220456300e+00,-4.981265626833225824e+00,7.970970467632977341e-01
2.886502156106752093e+00,-4.949708483444871021e+00,8.880763983936452721e-01
2.888753496053065639e+00,-4.948850704618659613e+00,1.079055332796027278e+00
2.890842275055201416e+00,-4.947829762750307836e+00,1.261468012756838952e+00
2.892295775295626648e+00,-4.946243930584014237e+00,1.435182486877834007e+00
2.893487672231929597e+00,-4.944733554426405497e+00,1.614092833952558648e+00
2.894508720382299671e+00,-4.943084052785143179e+00,1.790781490837012102e+00
2.894718214479297558e+00,-4.941833440884133566e+00,1.972185763152269233e+00
2.843536967341395716e+00,-4.854730001339695455e+00,2.121903319874157479e+00
2.789459711525242636e+00,-4.767503724577458968e+00,2.125886190794992192e+00
2.738111055133711780e+00,-4.679474425918846769e+00,2.160653412166452902e+00
2.680539016085163873e+00,-4.596279636778746180e+00,2.169596597948759698e+00
2.622230271566936999e+00,-4.513734747152883919e+00,2.172722927786002067e+00
2.563067732646458374e+00,-4.431459715337822125e+00,2.178173208469984967e+00
2.506753194039552657e+00,-4.357831508241426732e+00,2.011084857215419852e+00
2.505805705799671212e+00,-4.360029549584756303e+00,1.829129991996257809e+00
2.504805586602183443e+00,-4.361851103286161546e+00,1.640965613888392571e+00
2.503488160482363778e+00,-4.363339639954003424e+00,1.454293237612941381e+00
2.501645526010968901e+00,-4.364892580379907905e+00,1.266996452381760951e+00
2.499775973720531841e+00,-4.365676245280689649e+00,1.084133402170353477e+00
2.497775584747621735e+00,-4.365890978724929816e+00,9.070594955483668453e-01
2.495395978108726265e+00,-4.365452611368517033e+00,7.199444633275260408e-01
2.420178894078734544e+00,-4.426395031198202545e+00,6.813189906341043933e-01
2.430721736685173440e+00,-4.418614612163411337e+00,8.492209058079871475e-01
2.441076389033354666e+00,-4.407486997180452448e+00,1.024169411836194366e+00
2.450139765867046293e+00,-4.393413454827027387e+00,1.197589604819360387e+00
2.457565475366477070e+00,-4.374461891556712168e+00,1.373924086663860678e+00
2.461029642019056052e+00,-4.360306117808049109e+00,1.547003626096939533e+00
2.462182243878179300e+00,-4.341380982570101743e+00,1.723038661084632661e+00
2.459237434961696778e+00,-4.323138634872769615e+00,1.900320602600436004e+00
2.454541067819725253e+00,-4.309040326680751321e+00,2.078503788975708755e+00
2.399046029633264077e+00,-4.226748034830947631e+00,2.198181587978221163e+00
2.349114546378048285e+00,-4.149840224145265211e+00,2.365145383407311730e+00
2.347956295769090485e+00,-4.147751572072966297e+00,2.553844062631387857e+00
2.346329618319446642e+00,-4.146347161421612526e+00,2.740797005030549016e+00
2.344585532954585272e+00,-4.144886834909307538e+00,2.925073571205989431e+00
2.342753436759353214e+00,-4.143764276729148932e+00,3.100382582561569844e+00
2.340584555109581633e+00,-4.142792982138029600e+00,-2.994764326239057084e+00
2.337656705498720289e+00,-4.139975561456748387e+00,-2.817350852019857577e+00
2.335542904751219506e+00,-4.138894658432304752e+00,-2.632131273275292838e+00
2.312699566768422699e+00,-4.154282305959440258e+00,-2.471198015334153286e+00
2.262780953935303430e+00,-4.191476987416399069e+00,-2.299385999259608404e+00
2.260761644587841790e+00,-4.191705323506399239e+00,-2.123042675496824128e+00
2.258577675107383609e+00,-4.192566221585647845e+00,-1.933935272475204359e+00
2.256686908236023470e+00,-4.193411844279458123e+00,-1.757712628168450975e+00
2.254838798242864595e+00,-4.194957049902581225e+00,-1.573815391164157029e+00
2.253523324367065150e+00,-4.197194181666898061e+00,-1.386117589645063042e+00
2.252496141834271715e+00,-4.198918018530415353e+00,-1.208838915159177185e+00
2.272671546610073534e+00,-4.251038323264274332e+00,-1.042224460654094020e+00
2.272540283621406143e+00,-4.253867734234614950e+00,-8.556771481573183236e-01
2.272792736690455229e+00,-4.256200485860905047e+00,-6.688141338892650278e-01
2.273315733016419316e+00,-4.258915592986542542e+00,-4.856580774628300734e-01
2.273659599133596831e+00,-4.261393135778857477e+00,-3.104388677020972764e-01
2.274819887725802570e+00,-4.263986007106432830e+00,-1.268061759402519528e-01
2.275994550988964971e+00,-4.266352102566820292e+00,6.142973536149303609e-02
2.276477537974990639e+00,-4.269410184009102771e+00,1.463965851820272224e-01
2.274337735217997647e+00,-4.268601666928312888e+00,-3.744300143748512805e-02
2.273009607496676132e+00,-4.267490182107657404e+00,-2.122949627046870624e-01
2.271506273293393718e+00,-4.265842500539479332e+00,-3.962770356096244062e-01
2.270247903962598013e+00,-4.264355313591770447e+00,-5.725259340923027906e-01
2.269415594289554416e+00,-4.262595329552674173e+00,-7.538588031815063317e-01
2.269236200914536816e+00,-4.260699175709292241e+00,-9.265990260601010275e-01
2.320284967752395566e+00,-4.344401285972824489e+00,-1.023795132768472005e+00
2.362504005452885636e+00,-4.404878477365127942e+00,-8.404714633068317564e-01
2.362651030662995755e+00,-4.407974079441967064e+00,-6.571391729986941765e-01
2.363732906796751632e+00,-4.410569893734071378e+00,-4.801967465213287101e-01
2.364806698429482434e+00,-4.413075453224066358e+00,-3.022023561301022121e-01
2.366219449115386286e+00,-4.415727659949540751e+00,-1.188998359679607209e-01
2.367788202724506075e+00,-4.418155010443178377e+00,6.862476097687629506e-02
2.369699512316761680e+00,-4.420391337210659799e+00,2.570975482985977667e-01
2.371593917790779660e+00,-4.422237801508531518e+00,4.331444406723015672e-01
2.373614200071561431e+00,-4.423734227371459049e+00,6.160805304822170037e-01
2.374149339782019474e+00,-4.426779048724309717e+00,6.075868073413692727e-01
2.372092699925120396e+00,-4.426514635814047693e+00,4.218778470188286889e-01
2.370287824084454265e+00,-4.425958509394027018e+00,2.419268749585892497e-01
2.368142453237533029e+00,-4.424898229858726495e+00,5.778147634609619165e-02
2.366326372558185565e+00,-4.423532237817575208e+00,-1.276294402084075796e-01
2.364860583950622264e+00,-4.422270381454359800e+00,-3.118238678516711548e-01
2.363815274688014334e+00,-4.420951474684282623e+00,-4.922143412275988283e-01
2.363084167681581693e+00,-4.419344174607270581e+00,-6.664371854645982918e-01
2.362352618411071248e+00,-4.417251286150370326e+00,-8.556595250437776246e-01
2.431293898599160563e+00,-4.497323459602792006e+00,-8.494576938729144766e-01
2.499291765960578893e+00,-4.576212378031948802e+00,-8.474781979837269219e-01
2.560499821004806442e+00,-4.649457528550825280e+00,-6.595216554342280268e-01
2.560758403069912870e+00,-4.651916963512549685e+00,-4.790280560905360030e-01
2.561266669610709368e+00,-4.654420289957416301e+00,-2.966266594324954986e-01
2.562136462630399514e+00,-4.657917597135837973e+00,-1.375390519301041836e-01
2.562788527623938606e+00,-4.660652272757204173e+00,5.698877596382557337e-02
2.564096004472899537e+00,-4.663316002279181305e+00,2.532117462164378829e-01
2.565231408306408056e+00,-4.665486860264900670e+00,4.287011052250680465e-01
2.567546498425968160e+00,-4.667843681981239889e+00,5.962802116215436543e-01
2.569281034504069527e+00,-4.669599546540613488e+00,7.729355466116988316e-01
2.571549096948047008e+00,-4.670556075850186950e+00,9.478492950074270951e-01
2.573484809182290167e+00,-4.672238372225019809e+00,1.121694815836016712e+00
2.573437994745257473e+00,-4.674097575891826395e+00,1.085007605217918281e+00
2.571685095122920206e+00,-4.674719924277358274e+00,8.994976271827693770e-01
2.569422732469553328e+00,-4.674525677862725104e+00,7.105174135880029107e-01
2.566848770570311800e+00,-4.674193246953252334e+00,5.010149246502264564e-01
2.565449584373468817e+00,-4.673013857265449822e+00,3.172478605367387572e-01
2.564046014583945876e+00,-4.671279496858043778e+00,1.107239080731343278e-01
2.562790457809946076e+00,-4.669734992845691934e+00,-8.250644629436917898e-02
2.562011007137767749e+00,-4.667812000342640211e+00,-2.919319122109685916e-01
2.561332049285786727e+00,-4.665668383809487452e+00,-5.009638401634598504e-01
2.561167938510831910e+00,-4.664097565053907601e+00,-6.947945850478259855e-01
2.627149911751357259e+00,-4.735292513729511654e+00,-8.268189724326574508e-01
2.697825298305022823e+00,-4.812846859054442206e+00,-8.268616494216838309e-01
2.768220478887482017e+00,-4.890761471127218485e+00,-8.278046484635834812e-01
2.837486300898927283e+00,-4.966881529121017991e+00,-8.269720890044692796e-01
2.904861525146658074e+00,-5.041602981745837653e+00,-8.261838247592437900e-01
2.977880422448190512e+00,-5.121663631830205787e+00,-8.251986869951389858e-01
3.050532647156436461e+00,-5.200843161413813753e+00,-8.231036741717944194e-01
3.123833782833588035e+00,-5.280741189397277324e+00,-8.224036805133159156e-01
3.178523888113561569e+00,-5.340842405663752679e+00,-7.273740987351032805e-01
3.178555757464242237e+00,-5.343319764787874071e+00,-5.189445307895498294e-01
3.178833171068801366e+00,-5.345555462398785984e+00,-3.381198051783112501e-01
3.179718360965703372e+00,-5.348004380776624878e+00,-1.454575816984532977e-01
3.181074562330173716e+00,-5.350303682053628940e+00,4.088632068929587415e-02
3.183055164816467997e+00,-5.352973701473073831e+00,2.635491092570300675e-01
3.184725807210895709e+00,-5.355156342380831269e+00,4.756275590672250919e-01
3.186931014739152523e+00,-5.357101186136279836e+00,6.976049484724979877e-01
3.189109708345092109e+00,-5.358092037721110756e+00,8.784951927602834276e-01
3.191778994997381158e+00,-5.358688181443581833e+00,1.111825069169649183e+00
3.194483190840468723e+00,-5.358859122070050773e+00,1.374822483801912520e+00
3.196315229407256542e+00,-5.358394656994367899e+00,1.549795718646213682e+00
3.197730528359411739e+00,-5.357489167011162401e+00,1.726358436522144268e+00
3.200000736745611363e+00,-5.356767448428371381e+00,1.817760225554423403e+00
3.199514774329851097e+00,-5.359062509934421570e+00,1.633931650824745674e+00
3.198044365136296197e+00,-5.360556948337915628e+00,1.420986105815477352e+00
3.196371302657433411e+00,-5.361331538222809279e+00,1.237723825938530364e+00
3.194461417269873760e+00,-5.362014507211907421e+00,1.040049494969900401e+00
3.192129342753228904e+00,-5.361842492061731136e+00,8.436996564727590187e-01
3.189884067266592460e+00,-5.361718053508840676e+00,6.475233229865857698e-01
3.187673560656618221e+00,-5.360608173339427296e+00,4.309755106560180238e-01
3.185363973268167115e+00,-5.359264674891565328e+00,2.654009379704874161e-01
3.184381327719457033e+00,-5.358004988897769216e+00,7.226862193996633210e-02
3.182989010372433203e+00,-5.356926996763246684e+00,-1.154044400577213941e-01
3.182298242354925755e+00,-5.356801529045976729e+00,-2.920526466499875351e-01
3.181449124238612924e+00,-5.356915190771634805e+00,-4.868450197809583435e-01
3.181367574849551794e+00,-5.357096786868217997e+00,-6.660220186705597678e-01
3.181548414907526379e+00,-5.357746402106485561e+00,-8.410210428546684991e-01
3.243786114277699806e+00,-5.438420538982930097e+00,-9.040428286415932435e-01
3.310520876488363573e+00,-5.525515166900898834e+00,-9.042900836804742548e-01
3.378139996875648254e+00,-5.612701154873961151e+00,-9.046963032195167731e-01
3.441141614337235755e+00,-5.694605359102928865e+00,-9.030954876578460855e-01
3.483053597120927325e+00,-5.751654553102397038e+00,-7.288188096055944198e-01
3.485112934120421890e+00,-5.752343015042799657e+00,-5.414617076502590276e-01
3.486408776339800397e+00,-5.753532642167078492e+00,-3.580017276620942046e-01
3.584381929994082228e+00,-5.785578130261948004e+00,-2.768675852959011086e-01
3.600988803224828505e+00,-5.788584285288388642e+00,-4.550682346119657717e-01
3.600408340965748355e+00,-5.788563006918109544e+00,-6.484066095815524955e-01
3.600193293567468533e+00,-5.788393488802045184e+00,-8.247807143209677783e-01
3.667188845950835052e+00,-5.866845743294579307e+00,-8.416230870535950093e-01
3.733966978869114328e+00,-5.943573093263892382e+00,-8.401394014920129383e-01
3.802965948624021486e+00,-6.022860268548048346e+00,-8.392851543559797234e-01
3.872571364925575299e+00,-6.101092477201733644e+00,-8.371910379473038732e-01
3.939421657789804243e+00,-6.171290503450196141e+00,-9.931375160663168389e-01
3.940010184205794630e+00,-6.170220113621015301e+00,-1.178362764291777554e+00
3.940972644346112386e+00,-6.169307157414515075e+00,-1.355152957212541365e+00
3.942580587265804404e+00,-6.168560015082904080e+00,-1.534390826719697953e+00
3.944306956648321538e+00,-6.168186428553365630e+00,-1.710437526301428868e+00
3.946144212850331456e+00,-6.167922908345515154e+00,-1.889413101222845004e+00
3.948464465887790098e+00,-6.168059166957188033e+00,-2.066714256313378240e+00
3.950792371568302652e+00,-6.168721581445756108e+00,-2.244905323912098183e+00
3.957474895258528136e+00,-6.172281160695587410e+00,-2.377814280491631127e+00
3.897135427532097296e+00,-6.250466382515663888e+00,-2.234053786662450580e+00
3.836439951988746877e+00,-6.331634458665283738e+00,-2.227704940545923051e+00
3.803772709889288617e+00,-6.387288520213256326e+00,-2.390862905425773288e+00
3.737154080463637396e+00,-6.450814441289176138e+00,-2.558661021426150040e+00
3.738213203541580487e+00,-6.452111522000285149e+00,-2.746438582713063958e+00
3.739879753887633829e+00,-6.453962237045311134e+00,-2.960912443299770214e+00
3.741043105361505638e+00,-6.456358284648568535e+00,3.091270252688727460e+00
3.741980423603325168e+00,-6.458445347302235184e+00,2.847069707196618005e+00
3.742390509569351487e+00,-6.460156647602374846e+00,2.669524679674233791e+00
3.742571109628966219e+00,-6.462179771904613901e+00,2.479536008565906169e+00
3.742400709478181042e+00,-6.464692820938294560e+00,2.264488792746683909e+00
3.742044015844260496e+00,-6.466451859957224713e+00,2.079568862028452259e+00
3.741116549806966507e+00,-6.468246785636437401e+00,1.898320336612572046e+00
3.739078862824845917e+00,-6.469683025150708033e+00,1.683457545888217055e+00
3.737131381762237581e+00,-6.471076029270813379e+00,1.501298549113857295e+00
3.734875560565107833e+00,-6.472156648840683424e+00,1.316354283636506306e+00
3.733189412924287964e+00,-6.472320491914730134e+00,1.131518504970908889e+00
3.730495367051322120e+00,-6.472434522378120114e+00,9.145191666049727885e-01
3.728234658669281387e+00,-6.471843131585989894e+00,7.311308014070041494e-01
3.726326820276901763e+00,-6.470938193240383995e+00,5.471911894575406388e-01
3.724759790129033021e+00,-6.469131380869225900e+00,3.612467242384183597e-01
3.723052069309405354e+00,-6.467326908377597050e+00,1.800650636238879110e-01
3.721410762333800193e+00,-6.465112608801977245e+00,-3.384498613373396886e-02
3.720328495132520175e+00,-6.463137516614931855e+00,-2.185002389589717209e-01
3.719291824408232916e+00,-6.461332244849205431e+00,-4.008831453557223923e-01
3.718406470404473918e+00,-6.459172081455927916e+00,-6.128270119519957371e-01
3.718204926035776570e+00,-6.456828733588738878e+00,-7.994139591958152602e-01
3.718236062419900900e+00,-6.455006025444329332e+00,-9.854747322229733264e-01
3.719031008968489704e+00,-6.453457680032392396e+00,-1.170321181654089715e+00
3.719970408385521843e+00,-6.451744960595249267e+00,-1.382714402613165694e+00
3.721519761912106983e+00,-6.450308975931914546e+00,-1.566956195618110836e+00
3.723363877177412462e+00,-6.449500978023808173e+00,-1.750987562509945583e+00
3.725182892498864362e+00,-6.449043827956307595e+00,-1.934386623577186048e+00
3.727588914166453105e+00,-6.449314477403090606e+00,-2.149624931314311649e+00
3.729866194694172243e+00,-6.449820025634841691e+00,-2.332338952713699509e+00
3.731725819074682704e+00,-6.450510132370063765e+00,-2.513201094087410326e+00
3.733570603363276952e+00,-6.451762475179992684e+00,-2.698903501525813819e+00
3.735489981147174454e+00,-6.453473047033409848e+00,-2.914751453681155624e+00
3.736496305003099927e+00,-6.455741691472571375e+00,-3.099931113015179207e+00
3.737672665996422339e+00,-6.457598957007588680e+00,2.997684529687469901e+00
3.739153990747768663e+00,-6.460972802598622167e+00,2.789019864884175970e+00
3.738756545956756216e+00,-6.466090440608660117e+00,2.615780326772411790e+00
3.739643376431784461e+00,-6.468164362354256625e+00,2.432618781521897589e+00
3.739289804114796834e+00,-6.470783099839366947e+00,2.250660438820868414e+00
3.738736584685621533e+00,-6.473573874981999765e+00,2.071771783960671964e+00
3.737606916660594081e+00,-6.476165677929461850e+00,1.892747852663569486e+00
3.735691989601708674e+00,-6.478503815292229184e+00,1.710578953902909261e+00
3.735645094100628949e+00,-6.479816685809995036e+00,1.780395866392410431e+00
3.736227582978005390e+00,-6.479344829662932348e+00,1.963293730559079187e+00
3.736068687848391967e+00,-6.478720040011947567e+00,2.145481827372269112e+00
3.735990144843157612e+00,-6.477824101240225119e+00,2.324077956765690622e+00
3.735942925972084883e+00,-6.476737452681562424e+00,2.504964353225905604e+00
3.735728349687106764e+00,-6.475334094711808319e+00,2.681627126171266084e+00
3.735306012680262633e+00,-6.473672036278014019e+00,2.865971759496902749e+00
3.734523416732093981e+00,-6.471517406704141884e+00,3.047867735908120324e+00
3.733784467848387578e+00,-6.468897985066295320e+00,-3.044705694505086768e+00
3.732732641985804900e+00,-6.466676384945707845e+00,-2.861875197457953490e+00
3.731447974687907898e+00,-6.464739495713986095e+00,-2.675111997793386820e+00
3.729983284100679253e+00,-6.463101717493355380e+00,-2.500247924953482137e+00
3.727910095515160283e+00,-6.461724240303265532e+00,-2.284014183170070211e+00
3.725865785848045064e+00,-6.460815684744511955e+00,-2.079632854911061202e+00
3.723983591220080047e+00,-6.460384988043081478e+00,-1.886520876059802898e+00
3.721760572747979001e+00,-6.460607285404107003e+00,-1.680972521897381222e+00
3.720347597865932610e+00,-6.461218486495854840e+00,-1.488919457820787828e+00
3.719553512948074570e+00,-6.462100095369857300e+00,-1.281847619583520892e+00
3.719355239393386192e+00,-6.463085148100070398e+00,-1.090825249114356854e+00
3.719488851961730180e+00,-6.464747426020360344e+00,-8.800441492182791148e-01
3.719869724089202467e+00,-6.466475634047101018e+00,-6.869870384563848686e-01
3.721000345221081584e+00,-6.468267870089692728e+00,-4.791879204660811076e-01
3.722237579824764886e+00,-6.469903293295013569e+00,-2.878685165013413205e-01
3.723692132081813266e+00,-6.471603493324757039e+00,-8.103855320875866242e-02
3.725312597744472765e+00,-6.473085892197177671e+00,1.099739805052716707e-01
3.727439903037980340e+00,-6.474529638700269984e+00,3.183760202034615072e-01
3.729532697589921231e+00,-6.475794648180062119e+00,5.091970180578301308e-01
3.732067034041955722e+00,-6.476528728866409956e+00,7.180474666764438130e-01
3.734641608986209338e+00,-6.476748067961024979e+00,9.091161734467393396e-01
3.737749152747730452e+00,-6.476632567127273532e+00,1.117107749567836539e+00
3.740743941909404402e+00,-6.475766224874642596e+00,1.326500905048799250e+00
3.743249880709545341e+00,-6.474568104291978266e+00,1.513674413813357544e+00
3.746387096384302229e+00,-6.472608274094315384e+00,1.742224402260270644e+00
3.748505944991522565e+00,-6.470390126907773265e+00,1.956985237245062903e+00
3.749582514966901314e+00,-6.468061207552187497e+00,2.141906400527959775e+00
3.750418757285858717e+00,-6.465472429599500082e+00,2.334274389572372321e+00
3.750647745945041134e+00,-6.462588961699351486e+00,2.516941826530404658e+00
3.753061668820056873e+00,-6.456635382674137169e+00,2.683738624604353529e+00
3.752679662766827740e+00,-6.456189616585355395e+00,2.870290996834311326e+00
3.752429397762582663e+00,-6.454834515008807116e+00,3.052881300424309163e+00
3.752317455052673889e+00,-6.453515844277982971e+00,-3.048065745490056155e+00
3.751894129021790203e+00,-6.452150523603041421e+00,-2.862880456513162475e+00
3.751151412291029441e+00,-6.451072200433457304e+00,-2.663333611426532244e+00
3.749675862103249546e+00,-6.450138597676486896e+00,-2.453562628352250918e+00
3.748165420402169268e+00,-6.449363816052425591e+00,-2.263089923661713687e+00
3.746415626130068066e+00,-6.449360946886386614e+00,-2.056958716746950966e+00
3.745122637149593814e+00,-6.449772502683317477e+00,-1.851603231166292218e+00
3.746423826833593651e+00,-6.450547726636095547e+00,-1.926331646259749064e+00
3.748018241121251037e+00,-6.450107904730296937e+00,-2.108968756835544855e+00
3.750264826269618545e+00,-6.450167585807160542e+00,-2.293987813614704940e+00
3.752060380621442981e+00,-6.450789947150115999e+00,-2.474640561178035547e+00
3.754075860958359989e+00,-6.452297952755964516e+00,-2.667999224481615084e+00
3.755569629514457386e+00,-6.453451114345586603e+00,-2.850783530077683370e+00
3.756909229486774304e+00,-6.455558550887602109e+00,-3.047244463529411362e+00
3.757665079295880783e+00,-6.457575070000398654e+00,3.055837895129708492e+00
3.758284612450574880e+00,-6.459638601540979685e+00,2.880479141945404997e+00
3.758818297871185266e+00,-6.461681779689451233e+00,2.692026483315184127e+00
3.758103163919654932e+00,-6.469592153910659782e+00,2.552622909778534677e+00
3.757095051429730770e+00,-6.469602220530795478e+00,2.731412875242188232e+00
3.756528729736534622e+00,-6.468147570929835055e+00,2.916828852980066777e+00
3.756440903658364583e+00,-6.464610925178781109e+00,3.091026162194764559e+00
3.755589343929230051e+00,-6.463398058161377691e+00,-3.009934170900558037e+00
3.754821590656505670e+00,-6.462080937146191140e+00,-2.829781417065257987e+00
3.753672978826605888e+00,-6.461002108158721668e+00,-2.655762586837883799e+00
3.752417571654466766e+00,-6.459928474128179943e+00,-2.479400663259723192e+00
3.750750470944557158e+00,-6.459063150882210280e+00,-2.292114239698229472e+00
3.691302287423703365e+00,-6.525335090416036543e+00,-2.127177023010482504e+00
3.690021038611028370e+00,-6.525954235331636433e+00,-1.943751181357447289e+00
3.688893941240399155e+00,-6.526808989635201286e+00,-1.765633324598381515e+00
3.692680865152209613e+00,-6.528858747394171935e+00,-1.846642894903911536e+00
3.694300475033995834e+00,-6.529159803308491661e+00,-2.035906590748663980e+00
3.696044061820944027e+00,-6.529538837166861676e+00,-2.221600743675881340e+00
3.697953338093238784e+00,-6.530468751831149277e+00,-2.401463980300678980e+00
3.695372157458275630e+00,-6.535184080386227556e+00,-2.555685605191623910e+00
3.606584182958652907e+00,-6.594821378664944334e+00,-2.557189826269794963e+00
3.515490044627258559e+00,-6.655357038248002510e+00,-2.554606962754331079e+00
3.454216906068142912e+00,-6.697070302088325100e+00,-2.436075871725745134e+00
3.438066051501473375e+00,-6.711594311716732264e+00,-2.259428643796233871e+00
3.424490464038730586e+00,-6.728385110343690023e+00,-2.084272111325427890e+00
3.403858685182595600e+00,-6.774297026167555913e+00,-1.907185852135303783e+00
3.386260189440514434e+00,-6.842280129509380693e+00,-1.728277618272059613e+00
3.379906513418616143e+00,-6.924985093851079299e+00,-1.596851921541697861e+00
3.369322090398922498e+00,-6.986596439766768363e+00,-1.773239955532729173e+00
3.347504814769048487e+00,-7.047872044589671425e+00,-1.949509354640632131e+00
3.317180071659481033e+00,-7.103959673987532142e+00,-2.122409427823932493e+00
3.302045681994678183e+00,-7.129533452444833053e+00,-2.306384265602554606e+00
3.304548473941512743e+00,-7.130481657165346654e+00,-2.489783737006887154e+00
3.306105577087896652e+00,-7.132210956127654988e+00,-2.672553642619406755e+00
3.307594405393509795e+00,-7.134010460517531627e+00,-2.860454580444848460e+00
3.308576438703208833e+00,-7.136275684939710651e+00,-3.041674389686515045e+00
3.309621809199164488e+00,-7.138615379109147341e+00,3.061447826604080102e+00
3.310461003111110578e+00,-7.141377209206504872e+00,2.880015901291539393e+00
3.311085145997389123e+00,-7.143496166666260194e+00,2.702987982029776415e+00
3.311098258579585174e+00,-7.145167535477428444e+00,2.700268329069289486e+00
3.310557985385495172e+00,-7.144164396382107540e+00,2.882325179691715977e+00
3.309626836219762946e+00,-7.142721183168331045e+00,3.070314178947048500e+00
3.308149637718208247e+00,-7.141541735928795376e+00,-3.038646956137069477e+00
3.307099017027285814e+00,-7.140197162570322220e+00,-2.856020097525803880e+00
3.305539059094588783e+00,-7.139299615747972005e+00,-2.667180148965230480e+00
3.303256073174583474e+00,-7.137751839524352881e+00,-2.498598358319954471e+00
3.281957020374683953e+00,-7.154269424069880756e+00,-2.334587947675466069e+00
3.275706809140318754e+00,-7.159403104874609625e+00,-2.154039229446323755e+00
3.270494653090343817e+00,-7.165991528288656376e+00,-1.974421201625528033e+00
3.236030183271514815e+00,-7.262432358619669515e+00,-1.893980155162688694e+00
3.205865715062735433e+00,-7.351121776743871017e+00,-1.744936534830161978e+00
3.204736922778710362e+00,-7.352420137562307723e+00,-1.564229442357561117e+00
3.210138980577540213e+00,-7.453180710911921025e+00,-1.487260551304291134e+00
3.215563171998381264e+00,-7.556887735676045992e+00,-1.490849570164210824e+00
3.217122312496733194e+00,-7.618932305917131664e+00,-1.320185475897968530e+00
3.217387840946715816e+00,-7.621095038600836702e+00,-1.132678157423890442e+00
3.217421161865795298e+00,-7.623424289758758299e+00,-9.470966315011155601e-01
3.277670801955641977e+00,-7.703962023334538500e+00,-9.150043138813485077e-01
3.294966316434760678e+00,-7.729474323306810390e+00,-7.336292586544336247e-01
3.295976988923958739e+00,-7.731791954025722724e+00,-5.504862278960035438e-01
3.296839793459786616e+00,-7.735725256358263024e+00,-3.842914839465824683e-01
3.297910313697338225e+00,-7.738295132589199987e+00,-2.104780834893980601e-01
3.299387362549526692e+00,-7.740374157290619728e+00,-3.710384014342125308e-02
3.301093840768907661e+00,-7.742499439832535302e+00,1.424650268968338240e-01
3.302923618770115421e+00,-7.744491108695925163e+00,3.167382072760842049e-01
3.305209033245929628e+00,-7.746162331655455091e+00,4.854898844848831163e-01
3.357690253076995202e+00,-7.722473592838066558e+00,6.442188130533785806e-01
3.431541756956828948e+00,-7.649716983390843161e+00,8.069401393230467567e-01
3.506005207753614350e+00,-7.573028237847459820e+00,8.085670779686753296e-01
3.580789429670570456e+00,-7.496451623829289979e+00,8.090653070885456266e-01
3.657398097469381160e+00,-7.417213861541010367e+00,8.107805768621635378e-01
3.733321992499510245e+00,-7.338035846588324418e+00,8.094374037912686060e-01
3.770893613625493579e+00,-7.295866150087682023e+00,6.932021002341621774e-01
3.852618747015627676e+00,-7.239435323199215233e+00,5.931536268566508507e-01
3.883382866482083084e+00,-7.216674984203654830e+00,4.078232600264448116e-01
3.881778845243160525e+00,-7.208763200162045415e+00,2.505365170080286474e-01
3.880159566033791307e+00,-7.205701517200410855e+00,7.680114581444361099e-02
3.881315549974630574e+00,-7.205841119450517418e+00,2.329883702370457721e-01
3.883356237027907998e+00,-7.206123810306728217e+00,4.155812490551410998e-01
3.885732326997135555e+00,-7.206664947760811124e+00,5.965006683867687398e-01
3.969018969659786400e+00,-7.145785407115334387e+00,6.586034806736086322e-01
4.049634784326770820e+00,-7.083991243092197188e+00,6.549729369411811941e-01
4.133830371423321104e+00,-7.019928195528583714e+00,6.554707277278393196e-01
4.214058244830174438e+00,-6.959337538372675880e+00,6.538179740073012391e-01
4.297363211913273418e+00,-6.895920088803094039e+00,6.552927869782949610e-01
4.359882140471285972e+00,-6.845727789438199373e+00,5.103361697448504097e-01
4.358728518927402540e+00,-6.844312943141448002e+00,3.289825944461545748e-01
4.357739573293063273e+00,-6.843171461545499490e+00,1.060107110778668454e-01
4.356639297315124892e+00,-6.841563429418109799e+00,-9.574213259524501363e-02
4.355737078552184727e+00,-6.839402664857432868e+00,-3.287208057967645480e-01
4.355331915392169684e+00,-6.837135601004250773e+00,-5.470057623954606152e-01
4.355566965851880745e+00,-6.835327748026708505e+00,-7.760393330886377061e-01
4.356170268768972953e+00,-6.832645617321704279e+00,-1.044014765812550705e+00
4.358112934010849315e+00,-6.830647345449153640e+00,-1.294431962377852185e+00
4.360655006940906908e+00,-6.828575625948800187e+00,-1.535847318792051164e+00
4.369700586502697881e+00,-6.828513435516326169e+00,-1.699504383669331320e+00
4.371238683204883735e+00,-6.828523088706669242e+00,-1.881543989524876892e+00
4.373005842844548852e+00,-6.828871766458325610e+00,-2.059465308501597480e+00
4.374657562393474031e+00,-6.829567522488646070e+00,-2.237943069203785385e+00
4.376413999007485955e+00,-6.830569413147671298e+00,-2.419946928405616760e+00
4.290686867890351586e+00,-6.895652894076037320e+00,-2.515054188258001311e+00
4.205009884609723692e+00,-6.958169401301128154e+00,-2.514942307595624538e+00
4.122607195984443251e+00,-7.018188445145300491e+00,-2.515296338352620342e+00
4.036934080656619628e+00,-7.080781820930622139e+00,-2.512250501421374516e+00
3.953527279633751945e+00,-7.141918995523331759e+00,-2.513476115655564502e+00
3.922634070468931533e+00,-7.162600415085229599e+00,-2.330542220549065124e+00
3.920429158966320937e+00,-7.162479245264909977e+00,-2.146230101797862222e+00
3.917959758188120922e+00,-7.162798805393778778e+00,-1.978039305006594972e+00
3.915799576874104293e+00,-7.164100781399035611e+00,-1.797972101072650819e+00
3.913080116557323684e+00,-7.170403588045899390e+00,-1.615349072878663694e+00
3.908536542942952163e+00,-7.276613139878722158e+00,-1.596724816290374438e+00
3.905853373757200320e+00,-7.373462146258737526e+00,-1.418308175623568257e+00
3.905265477291062659e+00,-7.375002078302672182e+00,-1.235900776781669430e+00
3.904911983262878472e+00,-7.376570831478453272e+00,-1.055540747067096108e+00
3.962452944462245608e+00,-7.461187810740521620e+00,-9.702396352073056063e-01
4.020966016118451059e+00,-7.547554968919365059e+00,-9.706609376939201450e-01
4.076943660468546504e+00,-7.630905780092111179e+00,-9.723350722239811894e-01
4.136650679150747578e+00,-7.720702514638918323e+00,-9.720551098806043955e-01
4.146074748446316960e+00,-7.739880009376972403e+00,-7.858158862118254095e-01
4.146833816048281385e+00,-7.741996763574430673e+00,-5.625670038551189300e-01
4.147860552675330048e+00,-7.743800958185132366e+00,-3.820619808183037258e-01
4.148879595275048793e+00,-7.745810575106009566e+00,-1.844157124904068634e-01
4.150227467280473093e+00,-7.747732186492804374e+00,-7.619526379308966778e-03
4.151848954315155993e+00,-7.750171730353143218e+00,2.245305445982517245e-01
4.153478863910940788e+00,-7.752385676058077379e+00,4.363218542697138158e-01
4.101705782317633719e+00,-7.795234236447683429e+00,5.391196347752401641e-01
4.064050280277517579e+00,-7.819341869539425005e+00,5.359668591423975004e-01
4.074944316094051722e+00,-7.818326687283438048e+00,7.041797981236267434e-01
4.084388440346639726e+00,-7.804065758557586996e+00,6.890376537204258023e-01
4.092856586502737315e+00,-7.796523345876552824e+00,4.869497233736227448e-01
4.134629890906452054e+00,-7.768882829607203000e+00,3.398993084399237752e-01
4.158737129322734205e+00,-7.761282916196655890e+00,1.597352503609235364e-01
4.190328164904138397e+00,-7.759054106746274826e+00,-8.564686439466156348e-03
4.291273159514161328e+00,-7.765514405355049554e+00,-4.753946502120960649e-02
4.392308987746582183e+00,-7.770566139584024867e+00,-4.262443620085457074e-02
4.477828746586470565e+00,-7.775914157176789132e+00,1.393142732641091952e-01
4.480152867842154940e+00,-7.778260031261533314e+00,3.079241502593244584e-01
4.482476446253039093e+00,-7.779543381853893713e+00,4.923132821432188999e-01
4.565736278628202527e+00,-7.724013987098087064e+00,6.302941943504853928e-01
4.648678334246622690e+00,-7.666115244822982788e+00,6.278008530369815210e-01
4.731555279137081627e+00,-7.609200997205407546e+00,6.274027636401391383e-01
4.814872408392467662e+00,-7.552708586319120343e+00,6.250693661930584177e-01
4.856439475888172375e+00,-7.530265754053389493e+00,8.021547934924740941e-01
4.857778765932725840e+00,-7.531161937536985818e+00,9.827988480272419336e-01
4.859047031932236749e+00,-7.531147343036862729e+00,1.160741162568796891e+00
4.860302587426618359e+00,-7.530941011568682342e+00,1.344022719574067715e+00
4.861617259700616422e+00,-7.530573381616101791e+00,1.547210539823218545e+00
4.863311734034089895e+00,-7.529478282248563303e+00,1.750086269066639000e+00
4.864471590227518405e+00,-7.527914386490506260e+00,1.953450399876431653e+00
4.865274339412822613e+00,-7.526896890233365944e+00,2.128999397828921669e+00
4.866089080163993330e+00,-7.524870861597995564e+00,2.305790738618194169e+00
4.869116993956890127e+00,-7.521281330389813391e+00,2.462185485088759673e+00
4.868673502160623556e+00,-7.519620516627534279e+00,2.649058798350847344e+00
4.868080919174683885e+00,-7.518136542824875868e+00,2.849969356444792545e+00
4.866933003469633867e+00,-7.516062153201649387e+00,3.072202847754236910e+00
4.865621683118349416e+00,-7.514320650262655832e+00,-3.007917401244742273e+00
4.864442868012616827e+00,-7.512844169556787577e+00,-2.830970132496873237e+00
4.862886075273986641e+00,-7.511369467012340095e+00,-2.652430919178825786e+00
4.861021084220615407e+00,-7.510065531993630472e+00,-2.467149330182190958e+00
4.858663421189423737e+00,-7.509137837423009998e+00,-2.240685730700056499e+00
4.856156076821592116e+00,-7.508872881912874497e+00,-2.051129670884126899e+00
4.856628906787958222e+00,-7.508706241741643694e+00,-2.174910209167466135e+00
4.858781443230171249e+00,-7.508806495335387687e+00,-2.350984163424181261e+00
4.782924770034859385e+00,-7.575890149209606683e+00,-2.423429619433226101e+00
4.704075884060444857e+00,-7.644954239751439395e+00,-2.425962269557032869e+00
4.627042746523088113e+00,-7.711014093910621980e+00,-2.428075685667498096e+00
4.549419381912938931e+00,-7.777682887296308856e+00,-2.428921663709408651e+00
4.464927899603585715e+00,-7.849515644021734850e+00,-2.430986376015087380e+00
4.383069579255079340e+00,-7.919299191378278202e+00,-2.431645073467291418e+00
4.300384246208334815e+00,-7.989388835094032970e+00,-2.432594198719191247e+00
4.218327287525168501e+00,-8.059627096787737699e+00,-2.433636542276642167e+00
4.136737442108493923e+00,-8.129187275778074095e+00,-2.434197301464021912e+00
4.052040647066672996e+00,-8.201474939090598326e+00,-2.431869323477636513e+00
3.969765273219430846e+00,-8.271075462347839746e+00,-2.435143373224071262e+00
3.887016823966471968e+00,-8.340580360314755026e+00,-2.435312001430050888e+00
3.811764688998644512e+00,-8.403682432326837315e+00,-2.438892356181837417e+00
3.725910365882745268e+00,-8.475285947638392159e+00,-2.438472806587292041e+00
3.642510241599777654e+00,-8.544622623386457505e+00,-2.438847128090009697e+00
3.560343119452470617e+00,-8.614113343516033083e+00,-2.436488208210868311e+00
3.477297736856027832e+00,-8.683621279084507094e+00,-2.437590600453267697e+00
3.391694303924290388e+00,-8.755187526358607641e+00,-2.439392896272526201e+00
3.308911915002814119e+00,-8.823973911970041328e+00,-2.438681920723169139e+00
3.226148064858662678e+00,-8.893594667967883893e+00,-2.435419664991203881e+00
3.203358184106540385e+00,-8.906607737610704234e+00,-2.243980572295701581e+00
3.201190240712159518e+00,-8.905605069071025781e+00,-2.048923136678387547e+00
3.198954651880386635e+00,-8.905224884116966777e+00,-1.846026049687904624e+00
3.196460869750613387e+00,-8.905780574783037196e+00,-1.630791467548360796e+00
3.194710833992835397e+00,-8.907004826617255233e+00,-1.537356880995829789e+00
3.195850444717374561e+00,-8.906094596472431846e+00,-1.734665637449738451e+00
3.197126666472433598e+00,-8.905721074726898223e+00,-1.928895920949921017e+00
3.198794554564975190e+00,-8.906033726955364216e+00,-2.124541535995946528e+00
3.200418288252649290e+00,-8.907009823481217836e+00,-2.303442162179658581e+00
3.202656231716496826e+00,-8.908742768221687314e+00,-2.550086720297076504e+00
3.204956503460545392e+00,-8.911081124578782209e+00,-2.802172529184397742e+00
3.206489793002857080e+00,-8.913203318432469047e+00,-3.001758767439218989e+00
3.208761042432187516e+00,-8.915758461341802388e+00,3.112177450325384509e+00
3.209817605355653303e+00,-8.916914848644578839e+00,2.932591251525709097e+00
3.209541948590427296e+00,-8.917446898359990826e+00,2.758836749331052829e+00
3.210820730426423797e+00,-8.918661179667063621e+00,2.579742060775468637e+00
3.211363904494768384e+00,-8.919600953997552040e+00,2.406702207718177888e+00
3.134410512084917499e+00,-8.849892890309208227e+00,2.399453708571925858e+00
3.054848427312589099e+00,-8.778526592487745361e+00,2.402219988042551879e+00
2.979651629999545470e+00,-8.710870336466745911e+00,2.403998420372472022e+00
2.903860754724449933e+00,-8.642595200417868995e+00,2.406573462113838158e+00
2.827307047085888758e+00,-8.573972139304503415e+00,2.411980536481329818e+00
2.820516841491213178e+00,-8.569141651294859940e+00,2.235208645339435751e+00
2.820150199241067579e+00,-8.569722046655751768e+00,2.051225396044291216e+00
2.819224530986646826e+00,-8.570735136007774813e+00,1.839504063446810278e+00
2.817718503150105747e+00,-8.572114236977917301e+00,1.637194394145858878e+00
2.816065888229156489e+00,-8.572344044929776530e+00,1.457587709803085385e+00
2.813986262588255904e+00,-8.572568462254903210e+00,1.255863613679805590e+00
2.810021057831554092e+00,-8.572838399851374191e+00,1.076793927763038505e+00
2.806309880232139786e+00,-8.570935078706240162e+00,9.014092882357607195e-01
2.803913732695350713e+00,-8.568957948480452558e+00,7.221454958128047386e-01
2.800702449797367599e+00,-8.565403274616070206e+00,5.537701637336240879e-01
2.798443736621586631e+00,-8.563539079545597232e+00,3.790891517878468009e-01
2.796554820194545155e+00,-8.561459148337783986e+00,2.023773299633001288e-01
2.794707666679106861e+00,-8.559939872356579826e+00,1.825169609364689707e-02
2.792451454939910427e+00,-8.558675368399915939e+00,-1.621002750690869187e-01
2.790635341668529001e+00,-8.557462970034272587e+00,-3.399611023950785960e-01
2.789084254354699866e+00,-8.556035292062905029e+00,-5.166665393468514722e-01
2.787917568261611301e+00,-8.554091065576798769e+00,-6.928222956562810619e-01
2.786636123672154852e+00,-8.552477313977879803e+00,-8.721833212402191338e-01
2.785570500160442720e+00,-8.550628165806669401e+00,-1.048571389748351956e+00
2.785325019336438945e+00,-8.548700399957555263e+00,-1.234991874483052809e+00
2.785501095071022615e+00,-8.547832618653544046e+00,-1.411650283481830970e+00
2.786433016236205873e+00,-8.546752643557951501e+00,-1.589784967670121230e+00
2.787375616292535607e+00,-8.546173769741781001e+00,-1.772336924225774268e+00
2.788353470388467592e+00,-8.545775888113643859e+00,-1.943527348824837464e+00
2.789450589644668632e+00,-8.545856097320166711e+00,-2.122337582477242357e+00
2.790453306531908151e+00,-8.546379389951884065e+00,-2.304227140169580412e+00
2.789645733291643559e+00,-8.545860493158937032e+00,-2.183995432217392452e+00
2.786718895011928154e+00,-8.545680934183106814e+00,-1.980073649889668719e+00
2.784326856158689356e+00,-8.546021430134015162e+00,-1.785204364592230197e+00
2.782736770880009480e+00,-8.546205832847325823e+00,-1.606682739460493670e+00
2.781582354130233359e+00,-8.547602583961110057e+00,-1.413123120359965901e+00
2.780629307828631269e+00,-8.549437401299670114e+00,-1.177492134174129568e+00
2.780148111281156798e+00,-8.551669445244600709e+00,-9.782530553531386674e-01
2.780618003881861533e+00,-8.554061599441949326e+00,-7.724135489681799305e-01
2.835802847374662594e+00,-8.597799630311236285e+00,-6.222087499548287770e-01
2.923273053065539973e+00,-8.647484056958361975e+00,-4.398739644905012569e-01
2.962618147590396767e+00,-8.662732850090693049e+00,-3.441760809840783697e-01
2.961416833199348453e+00,-8.662541665310410366e+00,-5.360131586379766055e-01
2.960295185645824390e+00,-8.661787820350015821e+00,-7.312852420966214906e-01
2.959433035363914666e+00,-8.660620287294559461e+00,-9.275570006010979140e-01
2.958984871636757941e+00,-8.659282883547563259e+00,-1.134990249021327946e+00
2.959797538198611466e+00,-8.657572316504802856e+00,-1.368593436281453135e+00
2.961584637890448679e+00,-8.655874709000240586e+00,-1.636957040226149074e+00
2.964014799426256452e+00,-8.655864500872423761e+00,-1.898693087337862684e+00
2.966990848068636222e+00,-8.657055584682295191e+00,-2.151877785534890730e+00
2.970009397087874703e+00,-8.659037900924925424e+00,-2.367592002767506365e+00
2.971765137691448011e+00,-8.663392337936143051e+00,-2.542795410208531948e+00
2.972974309064611020e+00,-8.666596295196884014e+00,-2.662689045355965067e+00
2.971637248825859778e+00,-8.665320827185512442e+00,-2.484143156384742923e+00
2.970248358162504765e+00,-8.663344331751273941e+00,-2.303129518940127074e+00
2.962919241804197412e+00,-8.663217771077539098e+00,-2.141065860413676081e+00
2.960836507448925570e+00,-8.662720789293848256e+00,-1.960859706825886839e+00
2.958494103555724841e+00,-8.662628413054575205e+00,-1.777655896204296537e+00
2.957588962980751468e+00,-8.662579256073488665e+00,-1.588372340543141803e+00
2.956373328841968018e+00,-8.660073700332421964e+00,-1.413583345148038406e+00
2.955151186530629026e+00,-8.657706864791128609e+00,-1.229042612983171079e+00
2.952929846711509487e+00,-8.655657504325791507e+00,-1.040296166868120542e+00
2.951259968902224529e+00,-8.654837924141116190e+00,-8.584630525412499935e-01
2.949601538514405874e+00,-8.654298122035120500e+00,-6.801140673587737773e-01
2.948254879029873710e+00,-8.654505947564569368e+00,-4.972249680757857559e-01
2.946018514957420731e+00,-8.655131243308325395e+00,-3.115821319743115048e-01
2.943452504714959339e+00,-8.656469896010978715e+00,-1.277640708856725982e-01
2.940678331216288299e+00,-8.658340192249532663e+00,5.078183045527755179e-02
2.938245927482879161e+00,-8.660420196499494239e+00,2.357150002857657523e-01
2.935720287567277431e+00,-8.663448373462573571e+00,4.153727631986804392e-01
2.933583105491619492e+00,-8.666508475132392419e+00,5.992386744849078628e-01
2.931779650245074809e+00,-8.670496975461160716e+00,7.890332520923584170e-01
2.931108239028404672e+00,-8.673844560687243188e+00,9.675965821520026156e-01
2.933215531328398740e+00,-8.674899573528348284e+00,1.043584908581908888e+00
2.931661972787279691e+00,-8.674703591868961894e+00,8.553782740501549853e-01
2.929776249790490450e+00,-8.672735611771859254e+00,6.198269023961444635e-01
2.928107586434332443e+00,-8.670730008779059972e+00,3.888889302821377791e-01
2.926938387537115993e+00,-8.668438842506756004e+00,1.993860175518803735e-01
2.925369731541803020e+00,-8.666256177008941464e+00,-1.893325073647746104e-02
2.924417556318224420e+00,-8.664692127215003481e+00,-2.266481886434675852e-01
2.922920105350547360e+00,-8.662562492568246952e+00,-4.733045425794387140e-01
2.921994036756450530e+00,-8.660850370357005445e+00,-7.029855948917209663e-01
2.920992482175900129e+00,-8.658706554627123353e+00,-9.338144199535027834e-01
2.920775339188445230e+00,-8.656897289615459457e+00,-1.125246046148641987e+00
2.921560465238154602e+00,-8.654971240187002479e+00,-1.378734864143277061e+00
2.923107158936003369e+00,-8.653749034175595156e+00,-1.559871153120378828e+00
2.925355070275838631e+00,-8.653202228155024045e+00,-1.740720823692044394e+00
2.928113729983158553e+00,-8.652569404679180565e+00,-1.931875042309458612e+00
2.932104466940788523e+00,-8.652740895489277051e+00,-2.108813942848351886e+00
2.933732260874685860e+00,-8.654034191541200016e+00,-2.287303387458020421e+00
2.936052393891034118e+00,-8.655433074848426500e+00,-2.456713203165234116e+00
2.937475279497196556e+00,-8.657374776081981693e+00,-2.643003078006520123e+00
2.936250207826630376e+00,-8.656600252891658798e+00,-2.593021288794634227e+00
2.934470921999801529e+00,-8.654569842395305912e+00,-2.415087463916119948e+00
2.932920874674231460e+00,-8.652565910956109718e+00,-2.238030465176009898e+00
2.930762673647833605e+00,-8.651333434979003201e+00,-2.056597669517590710e+00
2.928651826273957148e+00,-8.650656506843711568e+00,-1.873035242499515141e+00
2.926605724159997202e+00,-8.650594588357312986e+00,-1.675856516801976337e+00
2.925108017340486199e+00,-8.650550023896947494e+00,-1.487273429613162889e+00
2.924768564355618938e+00,-8.651880389243162384e+00,-1.305151046063429021e+00
2.924842339348701969e+00,-8.653188580863698576e+00,-1.121443190150790414e+00
2.926395714082274502e+00,-8.655156389959948626e+00,-9.120243822937696976e-01
2.928220152197722914e+00,-8.656749976744565700e+00,-7.110339435538977071e-01
2.930083268189151990e+00,-8.658362525488662698e+00,-5.269322049360315452e-01
3.022630621062345035e+00,-8.700261293601236900e+00,-4.353688958432932465e-01
3.115441891424562737e+00,-8.741312613602392645e+00,-4.332220954888219011e-01
3.149938101406356772e+00,-8.754042712843464358e+00,-6.095539158847952388e-01
3.149664473982869861e+00,-8.753374040639128495e+00,-8.220887568521344502e-01
3.149124357847907341e+00,-8.751919791149065375e+00,-1.048302250637675570e+00
3.149975424330829554e+00,-8.750556518571157127e+00,-1.242562877148094547e+00
3.151485495485870203e+00,-8.749165180776955708e+00,-1.485611298171348293e+00
3.153632069279360017e+00,-8.747676851900981987e+00,-1.679067448516511574e+00
3.154673118317076863e+00,-8.748554710136188461e+00,-1.563866098888523348e+00
3.155106553138409708e+00,-8.749757590189659595e+00,-1.576938671144280990e+00
3.157292895910717601e+00,-8.749674465003252521e+00,-1.769994562554396245e+00
3.159275859884738136e+00,-8.750556744372998352e+00,-1.954472067065616825e+00
3.162163012684976682e+00,-8.751958860347967217e+00,-2.159249586911118790e+00
3.164092033944919446e+00,-8.752732253757192993e+00,-2.349186867472755402e+00
3.166646319708259938e+00,-8.754829303073913493e+00,-2.585894514446202663e+00
3.168653553034157078e+00,-8.756663304656292723e+00,-2.804943476605230135e+00
3.171092184411594239e+00,-8.758678952481375291e+00,-2.981494282729637124e+00
3.170952337415110733e+00,-8.758305381927977251e+00,-3.016627471598205990e+00
3.169466845126525101e+00,-8.756385215263639665e+00,-2.832506248789442349e+00
3.168184462784798594e+00,-8.754254647997671057e+00,-2.633947254570909724e+00
3.165466380533594748e+00,-8.752290065566029398e+00,-2.465011373799757877e+00
3.163224921409912405e+00,-8.752299445183911786e+00,-2.290687702063209041e+00
3.158776849695977162e+00,-8.750589472375239097e+00,-2.126059462497302821e+00
3.156960873365993958e+00,-8.750495863126772633e+00,-1.944515790651813791e+00
3.155253152668865191e+00,-8.750640862721599689e+00,-1.783099886767791631e+00
3.154509023855793792e+00,-8.751091758719594438e+00,-1.594628651152242949e+00
3.153588066902982767e+00,-8.752521143208136678e+00,-1.417340453676856127e+00
3.152641651075868801e+00,-8.754242248290005080e+00,-1.243355850945791374e+00
3.152369645079446947e+00,-8.756768868863114008e+00,-9.835117244947597648e-01
3.152956579945453530e+00,-8.758771381895027019e+00,-7.911692272509783797e-01
3.153870007439015133e+00,-8.760884163700774607e+00,-5.855554505511209040e-01
3.155060606906253895e+00,-8.763046759746696779e+00,-3.636765765491631330e-01
3.156086962581970745e+00,-8.765173472579103731e+00,-1.620518474324181002e-01
3.157378374162194135e+00,-8.767519638116258562e+00,6.705743118696713689e-02
3.158631713010851438e+00,-8.770133760399506428e+00,2.695314599854644610e-01
3.160290493903581410e+00,-8.772776902477795957e+00,4.713607032457859947e-01
3.162462475337608936e+00,-8.775767677015494428e+00,7.000114208589727216e-01
3.184542594450368025e+00,-8.755227405032455223e+00,8.331489617051536234e-01
3.224418745442561907e+00,-8.709593159592529332e+00,6.758802849605745067e-01
3.223603160406035784e+00,-8.708100649188125431e+00,5.019408351642622446e-01
3.312153049159647367e+00,-8.659465147454035616e+00,4.999024794087523760e-01
3.402350562923206478e+00,-8.608998599654576367e+00,4.961903502238019792e-01
3.490946021772070473e+00,-8.560349989766022460e+00,4.937429564125949688e-01
3.579642098807795048e+00,-8.511798532394806216e+00,5.321407013894075000e-01
3.632468735634228008e+00,-8.476424197722872478e+00,7.074132627881571933e-01
3.662240786919825020e+00,-8.447396140145185583e+00,8.969970804075764192e-01
3.685554314321863423e+00,-8.415005141273649514e+00,1.078784819143370211e+00
3.702650844839566524e+00,-8.378874931321497854e+00,1.258887613505492498e+00
3.712769881374708980e+00,-8.341663623005979744e+00,1.438648180302154689e+00
3.715911956325504306e+00,-8.303719227274239501e+00,1.617683067584777090e+00
3.701539591337332347e+00,-8.197138037815996370e+00,1.778628103170891483e+00
3.670932961465441124e+00,-8.100700865689823615e+00,1.930381215024816077e+00
3.650207372888635948e+00,-8.055799989218032309e+00,2.114146132766243191e+00
3.644865265922838216e+00,-8.047756322006229368e+00,2.290020931450852171e+00
3.630095601216366763e+00,-8.029725152912947195e+00,2.207237179780045189e+00
3.628428756013273748e+00,-8.025573205562730905e+00,2.010715274634419902e+00
3.626982247856550767e+00,-8.021786494483929886e+00,1.831755106141847556e+00
3.626104899097455370e+00,-8.017620626139121853e+00,1.644044304935703193e+00
3.625828644774174325e+00,-7.914610946133424640e+00,1.570961107486660957e+00
3.626147780385392316e+00,-7.810598275677529401e+00,1.569068595484499840e+00
3.626285881447936621e+00,-7.708934615532006873e+00,1.566924144803053531e+00
3.629301634477902994e+00,-7.607111177154696868e+00,1.520996990014706673e+00
3.634094028433361157e+00,-7.520549724967152905e+00,1.387120713245264536e+00
3.633463524768572039e+00,-7.520521170921463217e+00,1.394610770056670557e+00
3.634688717099487043e+00,-7.519204263094256824e+00,1.570038499130784082e+00
3.635170438738627663e+00,-7.415324374598259993e+00,1.603105692084103362e+00
3.624927481415108232e+00,-7.332613656922664980e+00,1.778799728242330458e+00
3.603024187762437602e+00,-7.230306724776885297e+00,1.767062910762448258e+00
3.599922774151894433e+00,-7.223330435027518703e+00,1.616183539055841223e+00
3.600740997906496599e+00,-7.221840043392647956e+00,1.794359590641801949e+00
3.600032804467148573e+00,-7.219512902109390673e+00,1.961015617555975865e+00
3.549443996537782198e+00,-7.130777554449621469e+00,2.090316017660901693e+00
3.496962051274435712e+00,-7.038508737188124087e+00,2.086578765136203995e+00
3.446839954218670066e+00,-6.950630671012945072e+00,2.085938508615141629e+00
3.392103636524768095e+00,-6.858379860406563999e+00,2.123055601566331774e+00
3.332085202790376233e+00,-6.768584655109134651e+00,2.174530829057464310e+00
3.272494702042238135e+00,-6.687655217824088005e+00,2.196461399643978574e+00
3.210934872912754923e+00,-6.603147813903415653e+00,2.195750468080357898e+00
3.147281179712769550e+00,-6.515569983380293806e+00,2.194142028963525171e+00
3.081484443224889791e+00,-6.425952759048812801e+00,2.195530664200411763e+00
3.017594609687231699e+00,-6.338625601193329295e+00,2.193827654962384965e+00
2.953823239575464221e+00,-6.251070615761226357e+00,2.190633054318621209e+00
2.889210432428422237e+00,-6.161003232672388918e+00,2.187522214827062328e+00
2.828694255982445949e+00,-6.076454718092364260e+00,2.184758391164483005e+00
2.770464052065997329e+00,-5.994768626970978787e+00,2.182686764579588878e+00
2.708431433444091763e+00,-5.907120983543691750e+00,2.181283208951730224e+00
2.646418440076264034e+00,-5.819275451362651452e+00,2.179749732469980383e+00
2.588383213540710770e+00,-5.737403010601723530e+00,2.179630286023127805e+00
2.525755414711210012e+00,-5.649441391685948055e+00,2.185108684293350034e+00
2.460924262126575890e+00,-5.564194301995725844e+00,2.238616987375668721e+00
2.392160226363395203e+00,-5.483382727341925111e+00,2.313421932490731248e+00
2.316402042241426873e+00,-5.408699147503592819e+00,2.397069733673355518e+00
2.232874608013718287e+00,-5.337014912140360501e+00,2.444075528941898501e+00
2.149013343438329837e+00,-5.271249345227145611e+00,2.489473488734059714e+00
2.062205475990379622e+00,-5.209802025923257141e+00,2.529872098698711547e+00
1.974445997066075043e+00,-5.149107927554751107e+00,2.525945160469393880e+00
1.884225772705914403e+00,-5.086628886937835325e+00,2.524217334211277475e+00
1.796841663026494285e+00,-5.026212148526894019e+00,2.523597416867699117e+00
1.709105961002526985e+00,-4.965931762383691606e+00,2.527183518189225708e+00
1.621650618800617005e+00,-4.906690693748033461e+00,2.528085236979804140e+00
1.532292289029145493e+00,-4.847385178543664352e+00,2.533380794092336519e+00
1.444038940052626119e+00,-4.788493136747172585e+00,2.535420131458334669e+00
1.354525275424291353e+00,-4.727525984531564696e+00,2.494408605106719357e+00
1.270862728252245111e+00,-4.663980151266491347e+00,2.435857503775814781e+00
1.192711738058102267e+00,-4.594377072655791316e+00,2.349928300237462242e+00
1.119185452031212558e+00,-4.521667068208261142e+00,2.309354594220383916e+00
1.050502114418854216e+00,-4.452197065719108338e+00,2.313694457173401275e+00
9.755087870874178391e-01,-4.380093423615583959e+00,2.354798642030644817e+00
8.967269995217812539e-01,-4.311954788599296151e+00,2.405824586356576589e+00
8.137866737248244942e-01,-4.247883121980679633e+00,2.441260981734735047e+00
7.287258500275818340e-01,-4.182801168906653544e+00,2.441360157381519791e+00
6.452256976159401747e-01,-4.120055773185134385e+00,2.440148222607500639e+00
5.619207892704257690e-01,-4.057935213304280531e+00,2.440318587363296654e+00
4.783215376496169347e-01,-3.995569167369961150e+00,2.437380238936267762e+00
3.913069244681358083e-01,-3.932796577839813068e+00,2.440021089926145859e+00
3.076775226415580655e-01,-3.870601604503618010e+00,2.395602980955201300e+00
2.310155043309135015e-01,-3.803458798677763930e+00,2.292703528814976632e+00
1.623913345851016599e-01,-3.728802419138398161e+00,2.186889513794448181e+00
1.027742371129415216e-01,-3.647455360021897075e+00,2.080641050335699127e+00
5.130281401072876030e-02,-3.558875664978180087e+00,1.971966905513695689e+00
1.189820412644105804e-02,-3.468452321402572647e+00,1.864468146417316063e+00
-1.652438818229272355e-02,-3.376391698977533995e+00,1.733084916207675574e+00
-2.840393997521636904e-02,-3.300818802646323658e+00,1.578587097460519395e+00
-2.574727398824075073e-02,-3.225288232095269603e+00,1.407714352845902628e+00
-1.329936412706129827e-02,-3.170034278733540489e+00,1.239408140210505715e+00
1.068692071661984065e-02,-3.119382981712260694e+00,1.045691313708378534e+00
5.235624975436682649e-02,-3.067634048822128090e+00,8.251161919409755185e-01
1.036197994772013464e-01,-3.028494399939516413e+00,6.270710964497520079e-01
1.652667040381038677e-01,-2.997807692443956284e+00,4.663734741277842932e-01
2.322581380022310793e-01,-2.976784305951375220e+00,3.583467536440507195e-01
3.285419146844346105e-01,-2.955854148833716444e+00,2.947465202832108000e-01
3.338945381237616306e-01,-2.969483987930332525e+00,4.623616053749005084e-01
4.253969420432573978e-01,-2.941872510115795869e+00,4.649708923691996953e-01
5.140970016780792573e-01,-2.907969146903307323e+00,4.686756882103499389e-01
6.054575362881232659e-01,-2.871430071240753890e+00,4.761555819952910662e-01
6.694945999842686346e-01,-2.853829133267660190e+00,6.362978429731316332e-01
6.682497952911878869e-01,-2.863077459107327360e+00,8.288704449621142611e-01
6.683241274846357660e-01,-2.870560635589752607e+00,1.046698355790979695e+00
6.692150416508043653e-01,-2.876576299205577669e+00,1.258069636064782948e+00
6.695031632137532496e-01,-2.882055910045603575e+00,1.460658371769255615e+00
6.697824460238805955e-01,-2.886282948891031541e+00,1.663084205061283516e+00
6.655699162054760087e-01,-2.901327664425077391e+00,1.567319601354059122e+00
6.628924260278861169e-01,-2.825688108309894364e+00,1.550613670194233684e+00
6.666077910432053333e-01,-2.744198114585255865e+00,1.501760106062481670e+00
6.636147707346362612e-01,-2.708082541268689969e+00,1.702944333419788903e+00
6.524987834150611787e-01,-2.677393302852212553e+00,1.890671555578529617e+00
6.335294185835056435e-01,-2.648035411086455237e+00,2.081864847645616745e+00
5.686562415383537017e-01,-2.580477346226135893e+00,2.212028895609003065e+00
5.058075277165254846e-01,-2.510901326399440414e+00,2.167900970639840885e+00
4.431748784533311447e-01,-1.057902799483031453e+00,-1.403484980295781837e+00
4.387629183426713930e-01,-1.074837675886964217e+00,-1.231971965725468632e+00
4.359139099918812876e-01,-1.090072676927099637e+00,-1.066425460711178275e+00
4.337021718142368698e-01,-1.103830498214354305e+00,-8.933917938099402711e-01
4.322963212995378224e-01,-1.117546604950536038e+00,-7.130366509507765072e-01
4.314613361964838023e-01,-1.130172544269422596e+00,-5.423499583427725534e-01
4.307931641213232354e-01,-1.143549353572787197e+00,-3.797912150008318499e-01
4.298005521397246786e-01,-1.153599623399311103e+00,-2.216075012962423207e-01
4.309917067059316209e-01,-1.161483786129437146e+00,-2.309943618352749278e-02
4.319377748836167319e-01,-1.169346465597096874e+00,1.554730271865344127e-01
4.326502161827685544e-01,-1.176002352497713677e+00,3.365081917407664047e-01
4.330000069324095313e-01,-1.181446454662155254e+00,5.147811162135441654e-01
4.340857504829717106e-01,-1.187674750565705040e+00,7.185080963965218004e-01
4.353064837278015076e-01,-1.193506388066315482e+00,9.221003305010102569e-01
4.363382229513909083e-01,-1.198034382597988889e+00,1.099544550347474559e+00
4.381859169708544055e-01,-1.202532389077656250e+00,1.277478466360512543e+00
4.400596186666927423e-01,-1.206743702410814745e+00,1.455979613839629039e+00
4.421465611543492491e-01,-1.210740300247704182e+00,1.659577785944231332e+00
4.431075207697012797e-01,-1.214045518918857258e+00,1.843373939422272567e+00
4.435215894942164394e-01,-1.216593460571847363e+00,2.025285699531378825e+00
4.437433444946464745e-01,-1.219748129241519541e+00,2.203670125775731403e+00
4.432104748539201777e-01,-1.222441292831579762e+00,2.402720686022731034e+00
4.427846739759796479e-01,-1.225052362148409957e+00,2.586609446603481910e+00
4.424230752473516382e-01,-1.227229739359791516e+00,2.769188992325202214e+00
4.416739835989247354e-01,-1.230621137776884089e+00,2.962752535712215085e+00
4.398825671655893221e-01,-1.233060753517495778e+00,-3.137066368530923910e+00
4.392972324247249039e-01,-1.234495548137749754e+00,-2.950045182552951228e+00
4.380116165448930676e-01,-1.236151109370174028e+00,-2.758772372816458152e+00
4.350585954848602555e-01,-1.239077362728663534e+00,-2.609632105321743278e+00
4.334335253202370453e-01,-1.241698318810628532e+00,-2.455299081366636660e+00
4.310199380230519406e-01,-1.244038335362725789e+00,-2.268171447682884256e+00
4.284603241040727539e-01,-1.246716428486307704e+00,-2.082331733130456275e+00
4.264448636083336130e-01,-1.250449657217334476e+00,-1.900525433825496657e+00
4.240763149382732466e-01,-1.254764397726825464e+00,-1.715185350299594402e+00
4.220602845081774523e-01,-1.258661079538328398e+00,-1.537925350905411159e+00
4.206677807779837241e-01,-1.263393878195325781e+00,-1.354773637889064908e+00
4.191097518924308818e-01,-1.268693948367843438e+00,-1.169272505467225054e+00
4.184391447476162873e-01,-1.273598062262864650e+00,-9.932651322625660750e-01
4.674858018714696528e-01,-1.359800495831795741e+00,-9.899746081030170730e-01
5.195768360058494739e-01,-1.448596269986528906e+00,-9.945272025261020499e-01
5.760683941766142624e-01,-1.540544620977095658e+00,-9.932481127771043417e-01
6.295554956897492227e-01,-1.628294314527929831e+00,-9.672650186826577956e-01
6.923330627615202904e-01,-1.712107139459419169e+00,-8.691469523112896889e-01
7.598489823622603945e-01,-1.792248100971225888e+00,-8.493290714054575474e-01
7.974191456354683405e-01,-1.834004595038942975e+00,-1.013622774747928279e+00
7.979782394381306210e-01,-1.836157770766579711e+00,-1.187837919421570243e+00
7.989980909134345444e-01,-1.837720442534248155e+00,-1.359102415078261572e+00
8.003509145046431295e-01,-1.839883163021491130e+00,-1.534720831751361647e+00
8.016596616415860854e-01,-1.841587007233228768e+00,-1.715599549802502288e+00
8.029662357875667622e-01,-1.843402056672287515e+00,-1.892301555945262947e+00
8.045603020174397768e-01,-1.845877612298317150e+00,-2.067760130098156957e+00
8.056326186271304257e-01,-1.848492857749901130e+00,-2.243131968762067885e+00
8.073424182913389036e-01,-1.851829909479583369e+00,-2.425676880068777574e+00
8.078406538158527939e-01,-1.854598976946578937e+00,-2.602093957595214668e+00
8.083819741649103108e-01,-1.857534622753182596e+00,-2.784223738732613640e+00
8.081676116639324725e-01,-1.860426617730064347e+00,-2.963801777761948308e+00
8.077869720477428572e-01,-1.863466165450178291e+00,3.133066410072573582e+00
8.066736590307854726e-01,-1.867399209200544030e+00,2.955399672238753439e+00
8.045916077208564721e-01,-1.870940846360051646e+00,2.782645159605341867e+00
8.002837525305537270e-01,-1.874803954556450103e+00,2.853818091341714158e+00
7.976154652180897919e-01,-1.876957892378090298e+00,3.023548477602688855e+00
7.951704501583836127e-01,-1.877558089153929854e+00,-3.077769121942255826e+00
7.910115188362158989e-01,-1.878998756770980494e+00,-2.899972213490908057e+00
7.869281724681697066e-01,-1.880754431677406968e+00,-2.724812923163764999e+00
6.940709929256223543e-01,-1.932089088170732438e+00,-2.641139565565844283e+00
6.031698727937130355e-01,-1.991150594897878268e+00,-2.549517220548383811e+00
5.155801771754254803e-01,-2.052152850338660350e+00,-2.516764831611458142e+00
4.343787309632464178e-01,-2.119105321758914862e+00,-2.450384837483773115e+00
3.539303628899939103e-01,-2.185735581853367471e+00,-2.455016741398015956e+00
2.787461256702087331e-01,-2.248013088004825466e+00,-2.455961534198460861e+00
1.973101317262118126e-01,-2.314744274871468388e+00,-2.456798619762400993e+00
1.169334388386639723e-01,-2.381384643197906215e+00,-2.453017839145159140e+00
3.661507872087121224e-02,-2.447823969508479358e+00,-2.450849472926127870e+00
-1.889814050527452742e-03,-2.482856557879680182e+00,-2.612871256101517048e+00
-1.185126731899399048e-03,-2.484953054946329232e+00,-2.803752156647520533e+00
-3.902493432456505544e-04,-2.488029639099399670e+00,-3.007022618050435359e+00
-8.173610548427286213e-04,-2.491330734742396302e+00,3.100794290751381688e+00
-2.218487795771684548e-03,-2.494092534615536927e+00,2.934454116628504750e+00
-2.247685038173845296e-03,-2.496845922917835914e+00,2.733054734850826062e+00
-2.287034213221731793e-03,-2.499233618337551643e+00,2.537131472093669071e+00
-2.325609781927038058e-03,-2.501165983964244610e+00,2.355150424846724988e+00
-2.990488515676310161e-03,-2.503225414109140790e+00,2.158984207603951599e+00
-3.826331946499970937e-03,-2.505207407067509440e+00,1.964868524827976470e+00
-5.306490653576996855e-03,-2.506548526381786601e+00,1.782665061769997061e+00
-7.304537212946918615e-03,-2.507832874235943699e+00,1.573812113349644992e+00
-9.462294586153531528e-03,-2.508970137330283290e+00,1.386463442734577445e+00
-1.257808459490902635e-02,-2.508885018886937601e+00,1.194691253141944021e+00
-1.566512801257418513e-02,-2.508066321679207622e+00,1.014235325171219060e+00
-1.860895058475879951e-02,-2.506881774561307008e+00,8.387719984429586884e-01
-2.210639879828620036e-02,-2.504836429702742784e+00,6.475520894567169394e-01
-2.523700055623082777e-02,-2.503103511155122529e+00,4.740783578995018677e-01
-2.853521339324997103e-02,-2.501070019542443568e+00,2.955575460606956750e-01
-3.088163779569334105e-02,-2.498998380472515546e+00,1.155191570665177331e-01
-3.375518997984818664e-02,-2.496872216299666825e+00,-4.162968529983978455e-02
-3.584064910009515659e-02,-2.495788823681519109e+00,-2.161069563037266439e-01
-3.739069715676580224e-02,-2.495564031086256129e+00,-3.984757534443248983e-01
-3.918742438687033286e-02,-2.496386235058453362e+00,-5.745473165122308989e-01
-3.963041001784071982e-02,-2.496175015288962129e+00,-7.562308001196871299e-01
-4.036049166218033668e-02,-2.496226557798938650e+00,-9.901615810707974363e-01
-3.961913503494202127e-02,-2.495002217083599927e+00,-1.184776896533215051e+00
-3.818784763858271147e-02,-2.494464856101215933e+00,-1.388740139473576551e+00
-3.657042544667445799e-02,-2.494490607247538350e+00,-1.588405358181272931e+00
-3.479756984631539318e-02,-2.494466495807836637e+00,-1.790257490632244819e+00
-3.312677667145951660e-02,-2.495163663164340129e+00,-1.963982184541507747e+00
-3.051361681442709209e-02,-2.496624350888647204e+00,-2.148494227821310165e+00
-2.781193907254853742e-02,-2.497852135142152985e+00,-2.338463325842297102e+00
-2.623081385902780588e-02,-2.499719391479243935e+00,-2.553776797668783072e+00
-2.427502297399145373e-02,-2.501594774596902049e+00,-2.742463987639610856e+00
-2.266255615138715665e-02,-2.504135979966481518e+00,-2.925051105845053900e+00
-2.150721977354320968e-02,-2.507137439010807434e+00,-3.130970031773214313e+00
-2.045816080965072448e-02,-2.509663838126787727e+00,2.940648261087837501e+00
-1.960404316411877568e-02,-2.511920352477829965e+00,2.766016828298168306e+00
-1.937700073212273583e-02,-2.514435062494728257e+00,2.568066801127097065e+00
-1.885591186007129841e-02,-2.517395823436458624e+00,2.350755921562750483e+00
-1.925472886913785417e-02,-2.519622176071168340e+00,2.152437002137314259e+00
-1.993350930943242963e-02,-2.522223276182149032e+00,1.934083894174510654e+00
-2.116645007071059001e-02,-2.524289124106890103e+00,1.736313419390728585e+00
-2.326881742560002464e-02,-2.526440842493660188e+00,1.513825409883219786e+00
-2.563666447254479841e-02,-2.527907116920393271e+00,1.301759619714009553e+00
-2.853837918590576561e-02,-2.528495008306286707e+00,1.076858934637866527e+00
-3.080490072163781165e-02,-2.528039504518750924e+00,8.807907485937118697e-01
-3.328998487229809650e-02,-2.527263914598352645e+00,6.726410209724880129e-01
-3.478415872042464607e-02,-2.526456391104958676e+00,4.767604939836533329e-01
-3.676857877283948306e-02,-2.525856878680602158e+00,2.803766189280798016e-01
-3.867379347284576746e-02,-2.524567680536641934e+00,6.370859674802452355e-02
-4.043897156701702078e-02,-2.522553022431043068e+00,-1.462252851288282085e-01
-4.168446637690428891e-02,-2.520936420207850137e+00,-3.521920734248387697e-01
-4.228220270004853093e-02,-2.518946405492458407e+00,-5.943971412377248020e-01
-4.282992513591579731e-02,-2.515983998494664586e+00,-8.369991034290448217e-01
-4.221309973922219433e-02,-2.514341362072557651e+00,-1.072330361454449710e+00
-4.136471458605606860e-02,-2.512820136076272526e+00,-1.281433627516052498e+00
-3.949718937106473649e-02,-2.510914910972132486e+00,-1.524272467813734488e+00
-3.781149952164204048e-02,-2.510216921493893860e+00,-1.747668743158927285e+00
-3.578157330902864697e-02,-2.510169508086765866e+00,-1.946000649916616920e+00
-3.334458743922428386e-02,-2.510882677698791809e+00,-2.137936541586605177e+00
-3.091068736930888822e-02,-2.512305197498594378e+00,-2.363692269122855460e+00
-2.901127607910472181e-02,-2.514227452984922895e+00,-2.581467654555464897e+00
-2.727962989531965143e-02,-2.516090081968169745e+00,-2.772193930509964765e+00
-2.543996060245653709e-02,-2.518837243976755680e+00,-2.981442226655715455e+00
-2.469004962368888736e-02,-2.521645518397925390e+00,3.051995044127966850e+00
-2.391208889678786420e-02,-2.524052738975818500e+00,2.862155220575186121e+00
-2.343706734918202250e-02,-2.526693729050025539e+00,2.645157664186057467e+00
-2.291106583074005790e-02,-2.529087672219319405e+00,2.469078419817617664e+00
-2.283358129808724102e-02,-2.532322234861215549e+00,2.246727803109151100e+00
-2.313808984906243205e-02,-2.534205070547726812e+00,2.071892118175946429e+00
-2.428641097030327656e-02,-2.536646276301972591e+00,1.856800246241902430e+00
-2.591610354568828212e-02,-2.538569059472592926e+00,1.625105783325591080e+00
-2.811397194431289326e-02,-2.539990394657537287e+00,1.419255249516988560e+00
-3.099164085937001697e-02,-2.540975764633114142e+00,1.178951703038776611e+00
-3.447745084328630860e-02,-2.541373716350875611e+00,9.674737770641741452e-01
-3.638984728995544454e-02,-2.540454992339548301e+00,7.507078960171146287e-01
-3.902765382996831872e-02,-2.539196246170398741e+00,5.282538753567441736e-01
-4.180447698917217486e-02,-2.537676266991574447e+00,2.505506042680674672e-01
-4.420074511540459522e-02,-2.535789864163481511e+00,9.198698249877722624e-03
-4.608111948757773885e-02,-2.533833684578473910e+00,-2.307089241809378022e-01
-4.693102889131046951e-02,-2.532550956499592054e+00,-4.193737273763682438e-01
-4.764075875519394737e-02,-2.530216202280152871e+00,-6.631331146288076406e-01
-4.804312887345798394e-02,-2.527422341025533203e+00,-9.382179535143273519e-01
-4.745037929029963936e-02,-2.525490840297993866e+00,-1.192232933569170594e+00
-4.572209937164078281e-02,-2.523834590805035472e+00,-1.431546599336980474e+00
-4.409983322591810861e-02,-2.522604728668422336e+00,-1.670835409656711512e+00
-4.210253607025053746e-02,-2.522157555647540406e+00,-1.877567057554853980e+00
-3.901235011182732637e-02,-2.522608713294873795e+00,-2.116867135483780249e+00
-3.605274869278329852e-02,-2.524080493747473231e+00,-2.338404831803925443e+00
-3.480133717729362586e-02,-2.525885912364119079e+00,-2.517577593726757268e+00
-3.312115019844352748e-02,-2.528294956325825904e+00,-2.729516029576691150e+00
-3.193844186671878499e-02,-2.530229242006135415e+00,-2.910260275475057501e+00
-3.050466985959185418e-02,-2.532395547578424111e+00,-3.096087220503723980e+00
-2.939391925732171701e-02,-2.535865814390006356e+00,2.944369558132681863e+00
-2.838868784284031069e-02,-2.539201085824867921e+00,2.705544979392879856e+00
-2.791887604723140848e-02,-2.541315677757507885e+00,2.516995911501102245e+00
-2.737226360102738842e-02,-2.544565439400373830e+00,2.272336546848999994e+00
-2.811526709257358009e-02,-2.547926671397826581e+00,2.034282268860702736e+00
-2.883101900872636625e-02,-2.549648682808769440e+00,1.846060098764730206e+00
-3.077316849440132895e-02,-2.552050730853167693e+00,1.600535938316251183e+00
-3.360470539589510697e-02,-2.553694036726592120e+00,1.346966291920862036e+00
-3.705030571004271772e-02,-2.554980629080843446e+00,1.122278817350683910e+00
-3.953653165544337988e-02,-2.555131075215971936e+00,9.477728981849639078e-01
-4.213574015614427598e-02,-2.554365280543203554e+00,7.538271123241612193e-01
-4.419381413789934959e-02,-2.553578047740961754e+00,5.635811174539661073e-01
-4.638070130084989001e-02,-2.552648436418096800e+00,3.647057614606745712e-01
-4.874090816549780936e-02,-2.550591860006704792e+00,1.139329027634634062e-01
-5.053421596833119339e-02,-2.549346906569484261e+00,-8.103973369321208764e-02
-5.164653336398059708e-02,-2.547597421027690601e+00,-2.780170209686139704e-01
-5.258516423268649181e-02,-2.545434072835417894e+00,-4.905198464130208769e-01
-5.380362459876347758e-02,-2.543534658649999614e+00,-7.001263656996375984e-01
-5.426293627043916878e-02,-2.541276519883582274e+00,-9.465195445683852737e-01
-5.369205406637302808e-02,-2.538847697297521577e+00,-1.168936218586025699e+00
-5.263061736665588380e-02,-2.537432641226265773e+00,-1.422552161859748310e+00
-5.098883644618363437e-02,-2.536289036202962421e+00,-1.664148255773891805e+00
-4.847353738331833251e-02,-2.535497812305790521e+00,-1.919346318891031355e+00
-4.573832729837073313e-02,-2.536160203260167112e+00,-2.181236171464712381e+00
-4.366003409305006799e-02,-2.537677772741013360e+00,-2.396507004195634671e+00
-4.202608925106112586e-02,-2.539572138218544328e+00,-2.573996707575280762e+00
-4.098167948456143267e-02,-2.541531059787901281e+00,-2.762479534153910787e+00
-3.932850962692852753e-02,-2.544185031180790535e+00,-3.000911859078586374e+00
-3.768203901068584161e-02,-2.547460808220552764e+00,3.030234062082180380e+00
-3.691461021758269540e-02,-2.550526929589628455e+00,2.792839165070219565e+00
-3.646263127916353486e-02,-2.553189007743991823e+00,2.544589163760003103e+00
-3.570075833884959332e-02,-2.556513884465399400e+00,2.325983054650936133e+00
-3.911487161662256101e-02,-2.558413839269282786e+00,2.421695988807740285e+00
-4.141510507550840575e-02,-2.557809593986799523e+00,2.610220415723234044e+00
-4.326337573484875104e-02,-2.556364411995111663e+00,2.785988507914246792e+00
-4.572810380056842317e-02,-2.554694561036535472e+00,2.966332050115187968e+00
-4.869313740666168788e-02,-2.553406626242662014e+00,-3.136985612346979035e+00
-5.108980704340438522e-02,-2.552606833191604974e+00,-2.953001815381785633e+00
-9.746703943568850448e-02,-2.562190030820680420e+00,-2.911136830599670322e+00
-1.984369742573908468e-01,-2.588534602331457712e+00,-2.846537151902843288e+00
-2.964370593989546498e-01,-2.625312983905306208e+00,-2.752418523567612851e+00
-3.926652957254527787e-01,-2.665063769625584555e+00,-2.755971747126262361e+00
-4.876344356530208368e-01,-2.710262087665309849e+00,-2.648585084020667502e+00
-5.769867298687565427e-01,-2.765450711063026201e+00,-2.537646437608421124e+00
-6.598499789926810521e-01,-2.826300731539072686e+00,-2.490642772300859065e+00
-7.435303505575469041e-01,-2.888391060865067139e+00,-2.490559151538915827e+00
-8.286974494047860684e-01,-2.951931360360305234e+00,-2.490672248203261052e+00
-9.118117951194932846e-01,-3.014417364380466147e+00,-2.488136260560645852e+00
-9.974641644268805729e-01,-3.079333694817688816e+00,-2.486888298163900668e+00
-1.062509528929821645e+00,-3.128458586324404322e+00,-2.630466483659899435e+00
-1.061814924581397257e+00,-3.130279252959222713e+00,-2.822925457343136380e+00
-1.060829225909977858e+00,-3.132144880875674442e+00,-2.998586486711625199e+00
-1.060038654578852046e+00,-3.134419276477115268e+00,3.086833285038932395e+00
-1.059704737371548688e+00,-3.136559013527926432e+00,2.905523915556975201e+00
-1.060097606086682909e+00,-3.138849128580453840e+00,2.712640394120759968e+00
-1.060884751385681835e+00,-3.141787876716925165e+00,2.508308555019157282e+00
-1.061683257203535957e+00,-3.144545443069472146e+00,2.293139031182339416e+00
-1.062697172549411651e+00,-3.146534073816214416e+00,2.113435228595498039e+00
-1.064456308039090748e+00,-3.148850179089736301e+00,1.926210404483581717e+00
-1.066545711586183609e+00,-3.150237045644524780e+00,1.741335221227371832e+00
-1.068894104842696757e+00,-3.151475381905433970e+00,1.549273607615345050e+00
-1.071438340612350437e+00,-3.152198208181921313e+00,1.355826670227188169e+00
-1.075101785403494548e+00,-3.152738006586922825e+00,1.178739803067488046e+00
-1.078563320558263205e+00,-3.153178107631810168e+00,1.008092630256784528e+00
-1.082019976794543314e+00,-3.152734369297922612e+00,8.787648734415796081e-01
-1.084001518960072463e+00,-3.152056785739568490e+00,7.009923746241690790e-01
-1.085968890162857470e+00,-3.151113565486016732e+00,5.242237728889737047e-01
-1.088237366138000928e+00,-3.149723561245739933e+00,3.654783953136392927e-01
-1.090146623848584628e+00,-3.148490103712087596e+00,1.807711188578770833e-01
-1.091853592451643484e+00,-3.147096482189601918e+00,1.074181141901342463e-03
-1.092829227435897055e+00,-3.145841095607392557e+00,-1.757489140085369550e-01
-1.093626071658500454e+00,-3.144326230689554524e+00,-3.393891996767777752e-01
-1.094769762278365421e+00,-3.141812274162917529e+00,-4.488206748575913618e-01
-1.094997509399054270e+00,-3.140798349348600471e+00,-6.300766074830298491e-01
-1.094959123659843936e+00,-3.139820914383887995e+00,-8.092436371984692567e-01
-1.094751568574963585e+00,-3.139001219526706077e+00,-9.883615534481977605e-01
-1.094306370554476215e+00,-3.138386785578269667e+00,-1.171683498245810418e+00
-1.093786719989949363e+00,-3.139322222073372970e+00,-1.341165575469633442e+00
-1.093363885381059664e+00,-3.139771478355461110e+00,-1.531308879173797655e+00
-1.092178791310124186e+00,-3.139706720844547494e+00,-1.710424205584686330e+00
-1.090615071290353955e+00,-3.139400212790180333e+00,-1.890679823126444115e+00
-1.088380473633035361e+00,-3.139645226439996328e+00,-2.065673546537101224e+00
-1.086215890150411312e+00,-3.140068522905724357e+00,-2.244053672026670387e+00
-1.084807184185725193e+00,-3.140785790576904990e+00,-2.329220620131309705e+00
-1.087132817930219097e+00,-3.141041112097789689e+00,-2.144661047540688426e+00
-1.089922666600054102e+00,-3.141879229267188212e+00,-1.955056308811164545e+00
-1.091782924887939155e+00,-3.142685632079303737e+00,-1.771374339813513776e+00
-1.093548159893772187e+00,-3.144332856809839427e+00,-1.596886422773019731e+00
-1.094742288418930842e+00,-3.146153219735129181e+00,-1.405282632693705347e+00
-1.095978994732450307e+00,-3.147498074135717250e+00,-1.229220581265402901e+00
-1.096632226952496403e+00,-3.149713965305973584e+00,-1.050255349757959644e+00
-1.096975621436560910e+00,-3.151704879111669300e+00,-8.742189737060488408e-01
-1.096736430936071649e+00,-3.153502162568616818e+00,-6.907716106081326357e-01
-1.096432682134925951e+00,-3.155439338444320008e+00,-5.114343864977526355e-01
-1.095882255123011850e+00,-3.157497181569423716e+00,-3.104024427159623456e-01
-1.095747506317711784e+00,-3.160964235321837901e+00,-1.590788341072510992e-01
-1.096023143167696778e+00,-3.163292427374174931e+00,1.745932014365936952e-02
-1.095594053396387491e+00,-3.166100852180488534e+00,2.001842112258815365e-01
-1.094631127787571989e+00,-3.168900142243850304e+00,3.756197527064585318e-01
-1.093619784805777151e+00,-3.171946658857748513e+00,5.371909900019314899e-01
-1.012955951190245951e+00,-3.124244258770012106e+00,5.872601061717347415e-01
-9.289158342412984215e-01,-3.065905483725025249e+00,6.296278554647967152e-01
-8.475456853306262417e-01,-3.006133395126370900e+00,6.692822474784761999e-01
-7.672028613501409300e-01,-2.945341864985890901e+00,6.622903332110805508e-01
-6.860766866141589926e-01,-2.883920580790269028e+00,6.395023768258953911e-01
-6.245941572014755971e-01,-2.846722254951023157e+00,4.620524084180157587e-01
-5.724602453268242686e-01,-2.828845401526166370e+00,2.839007661583437536e-01
-5.160018665537012827e-01,-2.820396147014135657e+00,1.048252667104330876e-01
-4.576061325840162231e-01,-2.820685755095967195e+00,-7.990140728639105738e-02
-3.983890941918919459e-01,-2.832080768270397897e+00,-2.679943681094987817e-01
-3.383809411113652410e-01,-2.856783049163259758e+00,-4.696073842877886984e-01
-2.839211024419711626e-01,-2.892671802812531112e+00,-6.587632369467225635e-01
-2.298598591701551952e-01,-2.943943340570467360e+00,-8.414788308626305335e-01
-1.701650338808778640e-01,-3.023945370202047567e+00,-1.003890801183474624e+00
-1.159617492749364653e-01,-3.108181003366501827e+00,-9.704278704554321067e-01
-5.511025044746595963e-02,-3.192546664930790090e+00,-9.327951470643540688e-01
5.669795319052737398e-03,-3.276165006748744002e+00,-9.445841751640199346e-01
5.212164154097555235e-02,-3.346908040593841616e+00,-1.081222135607677881e+00
6.566309341909426500e-02,-3.382199784219778405e+00,-1.278058237054598312e+00
7.399956059955674348e-02,-3.416404499127309702e+00,-1.474350986824753740e+00
7.549076631271407767e-02,-3.452595638138559409e+00,-1.670374443447516066e+00
7.087969668576410420e-02,-3.486491532484569777e+00,-1.846037852321202433e+00
5.877843251328260243e-02,-3.522752848125769276e+00,-2.020936064825716638e+00
3.620295362919992432e-02,-3.562506216674108384e+00,-2.208885700925560247e+00
-2.352774104822366792e-04,-3.604275731501027646e+00,-2.399483769499019647e+00
-2.072549415013423546e-02,-3.624958130504147835e+00,-2.428018808025794950e+00
-2.644440750462015779e-02,-3.631868433567674970e+00,-2.244940128389328216e+00
-5.367063643302382586e-02,-3.671165803830305663e+00,-2.183250410751306880e+00
-1.081073421278422458e-01,-3.757498292793724826e+00,-2.142375650985148816e+00
-1.631895068526421633e-01,-3.844672445931347493e+00,-2.144759435632206834e+00
-2.189738184256650733e-01,-3.931062779790791772e+00,-2.142365400011462917e+00
-2.753566403479737468e-01,-4.017370376276171662e+00,-2.147095567520274528e+00
-2.957833908530648204e-01,-4.048127026444887200e+00,-1.978789785454461603e+00
-2.983742268174095491e-01,-4.050531162922346162e+00,-1.796740116482907101e+00
-3.005402000940334273e-01,-4.052814382974516683e+00,-1.615901298287582444e+00
-3.022287498090631130e-01,-4.054868125809359292e+00,-1.428809786891270139e+00
-3.033285430526805326e-01,-4.057799064433130098e+00,-1.249520970130639563e+00
-3.043087846984359746e-01,-4.060877165221917551e+00,-1.086054667169019217e+00
-3.046128459376968300e-01,-4.065230747712480053e+00,-9.207378786071431787e-01
-3.034158474655442306e-01,-4.070579767702851015e+00,-7.467187800991398339e-01
-2.922989076749308857e-01,-4.084409552033594792e+00,-6.238149621658308774e-01
-2.198097959258813738e-01,-4.152624302539401846e+00,-7.631526549238117907e-01
-1.847163230521164101e-01,-4.188448794719698220e+00,-9.715543074460786244e-01
-1.840400362954484892e-01,-4.187210662916700521e+00,-1.180265087293398629e+00
-1.831999600398634687e-01,-4.186216101813958090e+00,-1.379889500927039325e+00
-1.797009660038030587e-01,-4.185783962960811344e+00,-1.526923854918034396e+00
-1.761372203002757042e-01,-4.188176030812059025e+00,-1.676789823867454565e+00
-1.745664945517251543e-01,-4.188276122359155806e+00,-1.852832314529792246e+00
-1.723065084192325902e-01,-4.188875695686512302e+00,-2.036867937610384871e+00
-1.694083142320923774e-01,-4.189781785922764179e+00,-2.242997388353417332e+00
-1.672012392106771717e-01,-4.191068633090521800e+00,-2.423229057973822709e+00
-1.650561099065145920e-01,-4.193201657580070574e+00,-2.687928784212418432e+00
-1.623526997720000364e-01,-4.195829654752294857e+00,-2.922320436036686342e+00
-1.608888307154935360e-01,-4.197763035848919522e+00,-3.105671727588003694e+00
-1.594893148318741183e-01,-4.200333983389906933e+00,2.926425112293372877e+00
-1.588937970848201542e-01,-4.201942941421742184e+00,2.746229964047120387e+00
-1.582313226305605558e-01,-4.204995533611231018e+00,2.505491228935475601e+00
-1.583942079191268948e-01,-4.207327647352738786e+00,2.299597884921483537e+00
-1.592623970751912144e-01,-4.210558993904286673e+00,2.056560570773485974e+00
-1.607332643978400810e-01,-4.212520039655831106e+00,1.818190590580576860e+00
-1.625293214441803913e-01,-4.214312799285944600e+00,1.617625298888336394e+00
-1.650881223045211621e-01,-4.215743324505611511e+00,1.382041731500081694e+00
-1.674761347775558795e-01,-4.216288472106811902e+00,1.149044383583344819e+00
-1.699929010673785212e-01,-4.216108273171745857e+00,9.468521638203429847e-01
-1.733910814114278387e-01,-4.214841002605345999e+00,7.086714456358795822e-01
-1.755875461126096548e-01,-4.213105393999938109e+00,4.712601841819329951e-01
-1.778989319816985659e-01,-4.211725245048402400e+00,2.719679008959979827e-01
-1.796552262374340736e-01,-4.209671977575500712e+00,4.069566221967226005e-02
-1.814916178939886271e-01,-4.207130363375472193e+00,-2.211958168328237162e-01
-1.825177714823964792e-01,-4.204801114395380957e+00,-4.218398679222425396e-01
-1.828938846895674375e-01,-4.202904680338079402e+00,-6.035008774854508928e-01
-1.826858662491343266e-01,-4.200098756705143543e+00,-8.579947615239905678e-01
-1.818775061731521536e-01,-4.196694700435575243e+00,-1.145890549331820774e+00
-1.804912042440299791e-01,-4.194635670671833516e+00,-1.408837594448018260e+00
-1.779476961947462910e-01,-4.192924597620200977e+00,-1.665993092561715905e+00
-1.757773573400572276e-01,-4.191930331581435354e+00,-1.865117106773032107e+00
-1.735539192572839728e-01,-4.191617481522876609e+00,-2.045998634465051147e+00
-1.700955000285884200e-01,-4.192415628031368691e+00,-2.309202216039748734e+00
-1.669175788786777526e-01,-4.194357038666112203e+00,-2.600880447073080859e+00
-1.641106753962252029e-01,-4.196529621104011731e+00,-2.860964519404253004e+00
-1.625228356887229442e-01,-4.198234150038557821e+00,-3.038297034362200222e+00
-1.603868087486521321e-01,-4.201051991566189692e+00,2.953568545721423799e+00
-1.593207796305616819e-01,-4.203140096900773948e+00,2.776845429810526067e+00
-1.583079927638306184e-01,-4.205538373839284638e+00,2.599540552391066406e+00
-1.579663911794379205e-01,-4.208606118967398224e+00,2.349371241548793954e+00
-1.580957662968982269e-01,-4.211280316565593651e+00,2.141033200576738960e+00
-1.593544034685706878e-01,-4.215122032502725880e+00,1.961036827862937093e+00
-1.608784032391073482e-01,-4.217041063889075403e+00,1.797882156982514745e+00
-1.626111735258655988e-01,-4.219414605554484332e+00,1.612141610822009463e+00
-1.640733530962441289e-01,-4.220657993480243952e+00,1.430772585316938184e+00
-1.664441530799721514e-01,-4.221723912111718491e+00,1.251555126283915520e+00
-1.672318433955277128e-01,-4.221278572415602781e+00,1.073913137842228194e+00
-1.226893699797114018e-01,-4.154149759412441689e+00,9.733843842282586811e-01
-6.423170014160817232e-02,-4.069695466451467070e+00,9.742334670002225083e-01
-6.751192759800653427e-03,-3.984609535759913168e+00,9.754017715289957646e-01
5.312152312709333274e-02,-3.897366075781749206e+00,9.746477636022340407e-01
1.089495489493880892e-01,-3.815751694795382232e+00,9.602566667004442946e-01
1.750134846428590407e-01,-3.728786975451887642e+00,9.062424026149719092e-01
2.424829850026387346e-01,-3.647914971354899727e+00,8.581469894540311172e-01
3.138603412252750080e-01,-3.569900069648310748e+00,8.224502396952809713e-01
3.843211262537118422e-01,-3.493030884051995688e+00,8.519522024771356561e-01
4.506311499376173813e-01,-3.414626562692734790e+00,9.004703702561100975e-01
5.195913573333988955e-01,-3.330063350740357198e+00,8.824873121872834902e-01
5.884037557985014599e-01,-3.252687735171402306e+00,8.341912304621174057e-01
6.649177325735563526e-01,-3.173782334476313416e+00,7.853719543121330249e-01
7.360502945652469542e-01,-3.107374424928720291e+00,7.426579790313833085e-01
8.171996723598747847e-01,-3.038392962777291650e+00,6.866896941482109051e-01
8.996753422448131587e-01,-2.975470185344533558e+00,6.406324049463293369e-01
9.873741539453938509e-01,-2.914832611617766300e+00,5.912675905549577005e-01
1.072761768777761748e+00,-2.863032603076181459e+00,4.819786623992938779e-01
1.113246146803349435e+00,-2.832926756665130164e+00,3.229307316296387009e-01
1.113049344817677255e+00,-2.830566335213294593e+00,1.418522482116821026e-01
1.113094183132082637e+00,-2.828364943395824227e+00,-4.174175875258213236e-02
1.113456666382293792e+00,-2.826204052104611897e+00,-2.259134591537965697e-01
1.114082507655883347e+00,-2.824213674709913136e+00,-4.090984951323401453e-01
1.118018331209654326e+00,-2.823081808777951895e+00,-5.789541988955951846e-01
1.125614280155762925e+00,-2.826386378164546631e+00,-7.428750517297215694e-01
1.133407093416070710e+00,-2.830752859939182020e+00,-9.132497366903982172e-01
1.135458245471060224e+00,-2.831025802450306106e+00,-8.047435379254695986e-01
1.137165410988448366e+00,-2.832392398607681105e+00,-6.291853670417690836e-01
1.138839994421296131e+00,-2.834275600368952652e+00,-4.327497886630251589e-01
1.141046558302277303e+00,-2.836037219546634347e+00,-2.366317347828891804e-01
1.143113351595362426e+00,-2.837594976021680537e+00,-3.236587803831113969e-02
1.145621247660778774e+00,-2.838667055846298304e+00,1.497004152274344080e-01
1.147937762027152253e+00,-2.839875771168596685e+00,3.249558656806836310e-01
1.151456152380973652e+00,-2.841477120056515204e+00,5.211603653068300757e-01
1.154838518825223925e+00,-2.842513135093190701e+00,6.965263325809415429e-01
1.158433483751933890e+00,-2.843144608744001989e+00,8.701640868212305868e-01
1.161918619190508206e+00,-2.843774005164759533e+00,1.047335491684588948e+00
1.165698006264540121e+00,-2.843928478741072130e+00,1.245854924334756531e+00
1.169388106707127228e+00,-2.843242237174386400e+00,1.443440676562220304e+00
1.172139858791160005e+00,-2.841756691469048857e+00,1.643139138634735374e+00
1.174235212845137877e+00,-2.839753182755920147e+00,1.844496065145500907e+00
1.176167968665101426e+00,-2.837669713997601928e+00,2.044729860886500994e+00
1.177555122630622009e+00,-2.835448702305482183e+00,2.244563237662585475e+00
1.179129568394764016e+00,-2.833848859499700001e+00,2.407614299054011031e+00
1.179357030969919284e+00,-2.831514737243125079e+00,2.595812932196490674e+00
1.179916774221617448e+00,-2.829407617378091544e+00,2.796704997260603509e+00
1.180202897238519899e+00,-2.828046213166196310e+00,2.979338529690291004e+00
1.179803477009573998e+00,-2.826085543917498999e+00,-3.107616086164375790e+00
1.179123082985898296e+00,-2.824810595445058414e+00,-2.920740232930661762e+00
1.177894484995273050e+00,-2.822504206794873127e+00,-2.773476317267199232e+00
1.176431262662947175e+00,-2.820489088634658525e+00,-2.603393657175109954e+00
1.174970206209997592e+00,-2.818715673696847723e+00,-2.437801959914146721e+00
1.172351350925556535e+00,-2.816494954807502005e+00,-2.315547449572005423e+00
1.170444122836731271e+00,-2.814618881351787394e+00,-2.138172085428855507e+00
1.169402252559248012e+00,-2.814042512140155328e+00,-1.954313960185248167e+00
1.167136011422521769e+00,-2.814534561309664618e+00,-1.726862863011597415e+00
1.164352933258321343e+00,-2.816298515048629270e+00,-1.480563132158561501e+00
1.163041973459348011e+00,-2.818425548229509303e+00,-1.283194199643501232e+00
1.161566763273048197e+00,-2.820587998013506237e+00,-1.072866612713080592e+00
1.160946298098991525e+00,-2.823348216518385190e+00,-8.358884075994822416e-01
1.161178609140997242e+00,-2.826788023469643196e+00,-5.837093200535146131e-01
1.162482391486438837e+00,-2.830382450869697752e+00,-3.954837720184593564e-01
1.263623700049143705e+00,-2.872210640122007774e+00,-3.929629585267608305e-01
1.362029617276438564e+00,-2.913496787163200707e+00,-3.936700773653350471e-01
1.452234914879275030e+00,-2.951710165043198497e+00,-3.897122379024796635e-01
1.547863839429325816e+00,-2.987882722655435419e+00,-3.459911468997650674e-01
1.612940958844006012e+00,-3.016300637169241572e+00,-4.967444702788174626e-01
1.624132177243512221e+00,-3.023717524149061475e+00,-7.014211296343574320e-01
1.695720884957402363e+00,-3.097782923057652127e+00,-8.152414400809505635e-01
1.765417469061776767e+00,-3.172615062977634626e+00,-8.177217127827201004e-01
1.838551875060619345e+00,-3.250381072715843533e+00,-8.169878973495446894e-01
1.851822445298287434e+00,-3.262491900725938088e+00,-9.953771167133033115e-01
1.852633742227025371e+00,-3.260960940421119503e+00,-1.143027183700561666e+00
1.854110017764429630e+00,-3.260884217058918733e+00,-1.321488183848692266e+00
1.855590902427176614e+00,-3.259720055243423342e+00,-1.501448790764081220e+00
1.857865747469994444e+00,-3.258843317744776424e+00,-1.711310824090203964e+00
1.859831950361634956e+00,-3.258602621941261379e+00,-1.904283412393833697e+00
1.862274819351348532e+00,-3.259107944658843792e+00,-2.114752508763479533e+00
1.864499723252745822e+00,-3.259751891084788245e+00,-2.304841353955064953e+00
1.866960545604471111e+00,-3.260619199661443091e+00,-2.504075398025366272e+00
1.869269326125034159e+00,-3.262046391696459491e+00,-2.697483356837699464e+00
1.871025306813227873e+00,-3.263340193525047006e+00,-2.903860563365810776e+00
1.872508879921135572e+00,-3.265214707452895215e+00,-3.106720396150719932e+00
1.873984638619005549e+00,-3.266932119209057461e+00,2.985342195987690239e+00
1.875131166021028140e+00,-3.269541270536949096e+00,2.776576583470879100e+00
1.875776364525460149e+00,-3.271693265264406403e+00,2.567935544520529412e+00
1.876085963314321203e+00,-3.273786782906834336e+00,2.376081491012878022e+00
1.875702752338275214e+00,-3.276016253193900774e+00,2.172864614912271009e+00
1.874864599359097328e+00,-3.278120723609532661e+00,1.985756072170733244e+00
1.873904189020464628e+00,-3.280187482484949957e+00,1.777419224314558788e+00
1.872256395850314448e+00,-3.281848569627963563e+00,1.579240124799879519e+00
1.870559635079469762e+00,-3.283581467853648572e+00,1.360912658472878789e+00
1.868416416385297874e+00,-3.283840754958958552e+00,1.173709926540819293e+00
1.866046458133121311e+00,-3.283740883311346614e+00,9.622871608986438563e-01
1.863995159115960032e+00,-3.282717537975655020e+00,7.554064818432584261e-01
1.862378805983420982e+00,-3.281470679087845177e+00,5.535391253472575768e-01
1.860788470342089163e+00,-3.280307390180559057e+00,3.713636039213374374e-01
1.859580886791336374e+00,-3.279033504318753511e+00,1.925572887231062347e-01
1.858492650038218175e+00,-3.277433815625106828e+00,-5.697586390704303255e-03
1.858121028259602792e+00,-3.275461363154075656e+00,-2.183245921200968054e-01
1.857098203331858821e+00,-3.273253719478790735e+00,-4.343472949278461281e-01
1.856831033331471481e+00,-3.271223728589915059e+00,-6.150034784391279485e-01
1.856692255960657789e+00,-3.269219956047481279e+00,-7.932197314934382737e-01
1.857040259082432421e+00,-3.267413684142105978e+00,-9.766553209556033677e-01
1.858124896051512653e+00,-3.265615799450808598e+00,-1.155673210240523163e+00
1.859381170282190299e+00,-3.264168573510564553e+00,-1.340152571736583420e+00
1.861383352579112138e+00,-3.262591968601094905e+00,-1.553442483964011966e+00
1.863385015463876471e+00,-3.261637397653023740e+00,-1.744497744641016368e+00
1.866183467020317899e+00,-3.261048849422712337e+00,-1.979938813296367117e+00
1.869256050268350844e+00,-3.261425827031764424e+00,-2.195948070737608671e+00
1.871668379810015326e+00,-3.262184372539361998e+00,-2.382185730041287197e+00
1.874330937801321317e+00,-3.262921904931042061e+00,-2.597769439922340329e+00
1.876540810069407206e+00,-3.264320279112055800e+00,-2.781551722851182351e+00
1.877964458662858993e+00,-3.265768642882963757e+00,-2.957228270483240884e+00
1.879771415329871243e+00,-3.267971585056043793e+00,3.119694666218413737e+00
1.880722320338744424e+00,-3.269821320745357252e+00,2.940031477553733286e+00
1.881646840432411816e+00,-3.271903684773190157e+00,2.729492762482136126e+00
1.882299437557962918e+00,-3.274332414888114329e+00,2.528670820833593957e+00
1.882560024052809533e+00,-3.276292208417232565e+00,2.353051390730910075e+00
1.865217478082478841e+00,-3.257064808653340027e+00,2.204531888319773980e+00
1.799384842763408709e+00,-3.168090604023165557e+00,2.208672003415109053e+00
1.738570283233485503e+00,-3.086177402994137342e+00,2.210542238517011260e+00
1.677528834009198944e+00,-3.002765502001516040e+00,2.207966657666396770e+00
1.615630655080396272e+00,-2.917840527587840516e+00,2.208710210593585188e+00
1.558890255887506404e+00,-2.841901794078431465e+00,2.136045997964451715e+00
1.558169312347439162e+00,-2.842385635475023875e+00,1.928247618907745542e+00
1.556703798873739109e+00,-2.843826743633958820e+00,1.706060404016990883e+00
1.555132466535630531e+00,-2.844877867202561639e+00,1.491977372351399600e+00
1.553007297115185814e+00,-2.845741295473143140e+00,1.302007905219900730e+00
1.550436350276331865e+00,-2.846044652266452424e+00,1.089912281012787032e+00
1.548473300241121731e+00,-2.845519055476488646e+00,8.990095724285915857e-01
1.546257076091443805e+00,-2.844496871499786472e+00,6.854126081532380121e-01
1.544641370694939564e+00,-2.843354510736372021e+00,4.941917642776792463e-01
1.542955171624708521e+00,-2.841866389168634655e+00,3.042546713768161104e-01
1.541461741712169431e+00,-2.839859378556661262e+00,9.418009247885797408e-02
1.540657431365815899e+00,-2.838236259799439054e+00,-9.582641130521513118e-02
1.539764158765518642e+00,-2.836214644405277596e+00,-3.063845630827339295e-01
1.539293861757655257e+00,-2.833669382580986884e+00,-4.990895575413497598e-01
1.539068431548314297e+00,-2.830914604749577901e+00,-7.109620859326064579e-01
1.539127408737112068e+00,-2.828714530706789354e+00,-8.998161811312723746e-01
1.539957592832958744e+00,-2.826404745324181622e+00,-1.110584945878063889e+00
1.541229026611778963e+00,-2.824165684723630942e+00,-1.302526360335725553e+00
1.542990475759397517e+00,-2.822702217312102135e+00,-1.514225069356509135e+00
1.544973362718816468e+00,-2.821202910349851045e+00,-1.725670362743483510e+00
1.546965501576837321e+00,-2.820557230790388115e+00,-1.916666376388357573e+00
1.549187923053387816e+00,-2.820473105029444927e+00,-2.108723447447124144e+00
1.551606304643887269e+00,-2.821086129373659102e+00,-2.317680238296782935e+00
1.553955413384954909e+00,-2.821813229574531068e+00,-2.512019578557416200e+00
1.483071515598237244e+00,-2.865907644292938095e+00,-2.625390574381771813e+00
1.392835397608588321e+00,-2.918594272411690671e+00,-2.624773066636738150e+00
1.304395961089231504e+00,-2.969135735756053496e+00,-2.622529548651969300e+00
1.217246991251538013e+00,-3.018365589965354978e+00,-2.627511968564421707e+00
1.130212266444765579e+00,-3.066319711388498792e+00,-2.638218940442386362e+00
1.082015648364266669e+00,-3.092209867241252130e+00,-2.495676459563112903e+00
1.057273396921170949e+00,-3.112169700304009190e+00,-2.288222635482158651e+00
1.042559564953415618e+00,-3.130058991831101256e+00,-2.103243707563630771e+00
1.031324880222953544e+00,-3.150187084209982835e+00,-1.901581103769435899e+00
1.023826223085554377e+00,-3.170996992232819167e+00,-1.714954685867399853e+00
1.019785652641754803e+00,-3.185104644011838460e+00,-1.531322345290519582e+00
1.021313970859555331e+00,-3.201758432672777488e+00,-1.299659672874474259e+00
1.024796080135004228e+00,-3.216645848172153155e+00,-1.077532339602440103e+00
1.031726389095953156e+00,-3.230695793096812096e+00,-8.542633332807592073e-01
1.041019229643210586e+00,-3.241323817435423305e+00,-6.680024106885762425e-01
1.052241710972940281e+00,-3.250513559121511076e+00,-4.902481655133860139e-01
1.065800383383071370e+00,-3.258375427267680813e+00,-3.001179877389896222e-01
1.081975726650357572e+00,-3.264472001350400721e+00,-1.111731759643958123e-01
1.098386216011631111e+00,-3.265767513427569657e+00,7.918510425787558815e-02
1.105608526852046580e+00,-3.265301716922322850e+00,6.000620521981195332e-02
1.104695112312346295e+00,-3.263514344034214254e+00,-1.625523315321156792e-01
1.103515090693920175e+00,-3.261621938863290548e+00,-4.288189936776871103e-01
1.103106442369735429e+00,-3.259897833324550742e+00,-6.404342955915647284e-01
1.103070258759432098e+00,-3.257202589438126683e+00,-8.965732038222703482e-01
1.103656365087034796e+00,-3.254962468328815195e+00,-1.172487297458354893e+00
1.104628067414886505e+00,-3.253782522229298646e+00,-1.350666570927818055e+00
1.106213655262116236e+00,-3.252631820637313265e+00,-1.543004786727359523e+00
1.108262814907879479e+00,-3.252369561929434383e+00,-1.726959606086270416e+00
1.110343042996973839e+00,-3.252363017641779486e+00,-1.931024381439650162e+00
1.112866381528853088e+00,-3.252592555470891433e+00,-2.122965982876708235e+00
1.115249666377708060e+00,-3.253401956688552144e+00,-2.314175584155691467e+00
1.118637024431204940e+00,-3.255256541433192208e+00,-2.620345686952688435e+00
1.121558443305023856e+00,-3.258498805902550366e+00,-2.866156998761776542e+00
1.122835595155948329e+00,-3.260544315584330111e+00,-3.057256188738115998e+00
1.125052223979654542e+00,-3.264801030101331492e+00,2.919999487611628641e+00
1.125974694169785462e+00,-3.268128933837330052e+00,2.655226620795545500e+00
1.126200088711293734e+00,-3.271874341867011982e+00,2.405401410390819450e+00
1.125335923357031476e+00,-3.274434479299118905e+00,2.173090457424997624e+00
1.124171602372164402e+00,-3.278157620717318199e+00,1.903270927101139209e+00
1.122489203423055359e+00,-3.279974267645500152e+00,1.711897657873842737e+00
1.119627415096771994e+00,-3.282417763944547762e+00,1.405891547536227915e+00
1.116343053818382725e+00,-3.283711737089419991e+00,1.140419081872622975e+00
1.113728751459053701e+00,-3.284111244193742341e+00,9.484078318019700804e-01
1.109649975315375459e+00,-3.283650521120874188e+00,6.438547980304948348e-01
1.106573272904957550e+00,-3.281925358387067782e+00,3.761389251845099757e-01
1.104781222167348531e+00,-3.280688734519941807e+00,1.849295555331251506e-01
1.102718882115052645e+00,-3.278110729028830939e+00,-1.205879504974941147e-01
1.101467082309808054e+00,-3.275534508728497940e+00,-3.879782944679300849e-01
1.100894663311890120e+00,-3.273730207144856852e+00,-5.784502452765715175e-01
1.100321947440404013e+00,-3.270403478313039347e+00,-8.362743503208984741e-01
1.167222638228796905e+00,-3.351906952531944039e+00,-8.734923472077067430e-01
1.234968095751513228e+00,-3.434306826303155535e+00,-8.722803591750107888e-01
1.303549959982534867e+00,-3.517180777334969033e+00,-8.690812217129711970e-01
1.312242012754699427e+00,-3.527694590473467784e+00,-1.032644025437670754e+00
1.320240966378163350e+00,-3.544505817445574802e+00,-1.208682273540740537e+00
1.325605557309368576e+00,-3.563448345665630956e+00,-1.389154942462187181e+00
1.335173668912760681e+00,-3.662149182486346355e+00,-1.488220400129182330e+00
1.344628811052423156e+00,-3.769482610773914555e+00,-1.496633979364483835e+00
1.350763455052249817e+00,-3.796655644334779200e+00,-1.681205863261752365e+00
1.352349345506761447e+00,-3.797655383235092774e+00,-1.861831914848769420e+00
1.354982012193069130e+00,-3.798639631394030491e+00,-2.060153339283809171e+00
1.357477716111067600e+00,-3.800125755995586552e+00,-2.268199637409305858e+00
1.359487564796372450e+00,-3.802537059229119887e+00,-2.450340958828365778e+00
1.361214859423100609e+00,-3.806600254574902920e+00,-2.581624196763296908e+00
1.361197989018643639e+00,-3.809463788538197893e+00,-2.732445930840165182e+00
1.361741946916528834e+00,-3.812387153154027430e+00,-2.972286356171138788e+00
1.361790176675810704e+00,-3.814630877181234059e+00,3.104728502347076091e+00
1.361758733822540091e+00,-3.816978074059795389e+00,2.886740546839724697e+00
1.361555976004388713e+00,-3.819062927533661611e+00,2.689241174231605136e+00
1.361404793061951723e+00,-3.820831282678295970e+00,2.472133201042399975e+00
1.361440540977170377e+00,-3.822351629570089671e+00,2.275470860362163172e+00
1.360925938115385092e+00,-3.823910773998878021e+00,2.061368328826372220e+00
1.359844918251806201e+00,-3.824799204573054556e+00,1.866359968820606063e+00
1.358675162840509598e+00,-3.825543039921023070e+00,1.646886392462935556e+00
1.357044679658298891e+00,-3.826342224672313552e+00,1.453436497851620768e+00
1.354790941849509434e+00,-3.826493802885555073e+00,1.241120627402899856e+00
1.352331667149447858e+00,-3.826012264241552163e+00,1.057874445285523990e+00
1.351760913396483410e+00,-3.826746901580005744e+00,9.260824030275656149e-01
1.351149905332795109e+00,-3.826555968772393790e+00,7.414423032125757596e-01
1.351572804843740983e+00,-3.825856331992442350e+00,5.917050257288769544e-01
1.350579139889767299e+00,-3.823871299868488727e+00,3.890312512116143595e-01
1.350793071450729688e+00,-3.822300460340003259e+00,1.819309076000119318e-01
1.351290646459739619e+00,-3.820623232707307970e+00,-6.179440844274740850e-03
1.357101475745598362e+00,-3.821671156755059862e+00,-5.354141305910976173e-02
1.360212787565657333e+00,-3.825004967592248839e+00,9.381659688852049539e-02
1.360943002282390513e+00,-3.827720589726359979e+00,2.355458380790304007e-01
1.362276004648350192e+00,-3.829911395967197763e+00,4.346066369297957865e-01
1.364093933470558406e+00,-3.831922692093198801e+00,6.558802550193350012e-01
1.366620276738793605e+00,-3.832871916690873348e+00,8.591118755886738567e-01
1.368462618720423851e+00,-3.834098868705667407e+00,1.088897195904832360e+00
1.370847018368779757e+00,-3.833791085770835050e+00,1.284381071677794361e+00
1.373100850429121556e+00,-3.833438303904145528e+00,1.460608879110597558e+00
1.374739959982151261e+00,-3.832950199487243470e+00,1.635518049119166095e+00
1.376082845396533028e+00,-3.831490423535313550e+00,1.849828435305241658e+00
1.376681096828027195e+00,-3.830259041718922397e+00,2.028202284498453967e+00
1.376752395859729639e+00,-3.828551391442745810e+00,2.290831355209684173e+00
1.375896094264167369e+00,-3.826722647880623995e+00,2.503596813989829695e+00
1.375038584724183277e+00,-3.825205045967833062e+00,2.694616967866696911e+00
1.374256983299612545e+00,-3.823880148611530583e+00,2.869472359906450887e+00
1.373255771289222826e+00,-3.822509764158382950e+00,3.061226132494792918e+00
1.371938825920209215e+00,-3.820772435811421452e+00,-3.012200559119807775e+00
1.368864308231365845e+00,-3.818345180856198340e+00,-2.749879746680093273e+00
1.365161475800771962e+00,-3.815635763444778394e+00,-2.592019145190888718e+00
1.284981072444406180e+00,-3.876817824911405808e+00,-2.479183839329385908e+00
1.202589223316746558e+00,-3.940566819151964939e+00,-2.485948712663098803e+00
1.120319246150598858e+00,-4.004012134769013187e+00,-2.477624023420000210e+00
1.042239220040358294e+00,-4.069629980153487203e+00,-2.356008115714242290e+00
9.957724914088148527e-01,-4.123560268054283995e+00,-2.178977310881360818e+00
9.777300649935104504e-01,-4.147168105065119903e+00,-2.010272457706193450e+00
9.750091592058895973e-01,-4.148354945511266045e+00,-1.856424217128556986e+00
9.718052778376317091e-01,-4.154128004888343995e+00,-1.673642724671040583e+00
9.697440775779384570e-01,-4.163103760081592775e+00,-1.498539428100358784e+00
9.699640695823716907e-01,-4.172521521279633383e+00,-1.318990621946258823e+00
9.957282189615761503e-01,-4.275603158516331881e+00,-1.319399066519490793e+00
1.011232531718700089e+00,-4.327193622532097272e+00,-1.491166563250613031e+00
1.012225024010579011e+00,-4.326688072043919142e+00,-1.668270418070216810e+00
1.013426923710501137e+00,-4.326563391810786641e+00,-1.849481819806862326e+00
9.808028280565668222e-01,-4.420809619425527970e+00,-1.906964849641443971e+00
9.777097410302246772e-01,-4.434800457345695612e+00,-2.077321090487533439e+00
9.770391692328734834e-01,-4.438145045543567591e+00,-2.232708423826597066e+00
9.754422119292809334e-01,-4.442654688224421555e+00,-2.411853034145372554e+00
9.736866763742978437e-01,-4.446636056852335983e+00,-2.584818060034699716e+00
8.858237273318425586e-01,-4.501390471241019320e+00,-2.590912665209247567e+00
8.012340202382868259e-01,-4.556288734292204268e+00,-2.563060862357622316e+00
7.836111981387644532e-01,-4.566040054590994934e+00,-2.402233167895049704e+00
7.117969997546688132e-01,-4.635158666073883715e+00,-2.377176262582872290e+00
6.347743388990971791e-01,-4.708310418848048684e+00,-2.381558412444575445e+00
5.569086926421736861e-01,-4.782932818844894740e+00,-2.358066012416067725e+00
4.828823710387220025e-01,-4.866367818625169761e+00,-2.218576561350315224e+00
4.440227387625357847e-01,-4.922488064292471321e+00,-2.075127210273420619e+00
4.259477199251158752e-01,-4.958627065022943370e+00,-1.903592443488548058e+00
4.147104380604753060e-01,-4.983622856063484541e+00,-1.726602575997419509e+00
4.052581202765315194e-01,-5.045882795983546387e+00,-1.573688862649555098e+00
4.118486755513101061e-01,-5.149903491173443371e+00,-1.404763686894524799e+00
4.320617438394109833e-01,-5.235562957854390298e+00,-1.252606926637505946e+00
4.680969447342043233e-01,-5.315723307297203881e+00,-1.075965091624066838e+00
5.176237873687032920e-01,-5.388743638395469659e+00,-8.999408077466253264e-01
5.560886328729635064e-01,-5.430462148233424102e+00,-7.893149750169689005e-01
5.795645614331745854e-01,-5.454848870223393043e+00,-7.806737920383425289e-01
5.776836860076274283e-01,-5.454398386000872456e+00,-9.719582420864945060e-01
6.227390918206826553e-01,-5.545619471751199292e+00,-1.086823312671781006e+00
6.539162967397158521e-01,-5.614265363827683153e+00,-9.226127920278311967e-01
6.537567180610979189e-01,-5.616514318227622482e+00,-7.464332570580693993e-01
6.535349889745507568e-01,-5.619094774328655895e+00,-5.150158540778299043e-01
6.544622995123212661e-01,-5.621951520291271542e+00,-2.694054913542949792e-01
6.566857617069561392e-01,-5.625219002028821080e+00,6.608275774173448698e-03
6.594611068312957736e-01,-5.627793394826269058e+00,1.822189846800100210e-01
6.599781624896524646e-01,-5.629772022400685749e+00,4.270688899457975030e-01
6.625675400019408468e-01,-5.631109220811277183e+00,6.293719353092220858e-01
6.653660092617950106e-01,-5.631953200832185757e+00,8.136552969775833200e-01
6.676423752249530663e-01,-5.632508993461914137e+00,9.955341627175049446e-01
6.697021329931294176e-01,-5.633064702988361816e+00,1.185260309588309413e+00
6.725659297570245609e-01,-5.632147183656414313e+00,1.370871023567121316e+00
6.754085205643793888e-01,-5.631227548086751078e+00,1.606215754922809991e+00
6.771942333687447357e-01,-5.630223907492463375e+00,1.781438833077634953e+00
6.786508757836254846e-01,-5.628573033361393030e+00,1.993680989406679371e+00
6.795852554052125294e-01,-5.626430297423249627e+00,2.182761368116334477e+00
6.796091328715163637e-01,-5.623801972290040752e+00,2.467057038876613095e+00
6.797873503030945619e-01,-5.621791312294389442e+00,2.646545472955588618e+00
6.794178792010671097e-01,-5.619079847589019572e+00,2.842593247879657614e+00
6.780097665360854675e-01,-5.616658910884028799e+00,3.105661944430551991e+00
6.764045214743540368e-01,-5.614445977668909293e+00,-2.894936221880889171e+00
6.744996744923779097e-01,-5.613361328626430335e+00,-2.697377267393530342e+00
6.720446575449341431e-01,-5.611853438360048685e+00,-2.427728812901842836e+00
6.698410208758681650e-01,-5.611344774003401703e+00,-2.247854293681370130e+00
6.682862807246761072e-01,-5.611167933625344162e+00,-2.064304953898659534e+00
6.657792074065221888e-01,-5.612321932904634103e+00,-1.824126974354131292e+00
6.642292458644981634e-01,-5.613264786709197374e+00,-1.636771242319587483e+00
6.624999720369655343e-01,-5.615739834994687207e+00,-1.401722028235562245e+00
6.608276167694231429e-01,-5.618359875703183626e+00,-1.173203781656061206e+00
6.591301649689589315e-01,-5.621967651500737517e+00,-9.326811720775035619e-01
6.586773777593654122e-01,-5.624518398330175195e+00,-7.238223423818987978e-01
6.584026194414390742e-01,-5.627654049519990487e+00,-5.385942341037551762e-01
6.588549924893287724e-01,-5.631555075672867616e+00,-2.882420820008320672e-01
6.597713682558642434e-01,-5.634500600385078606e+00,-9.822061668145107283e-02
6.609660773070268336e-01,-5.637839924819641801e+00,1.434366188590649738e-01
6.626136347908517799e-01,-5.641141396171943434e+00,4.034193711358676770e-01
6.646059595772580986e-01,-5.643650665405062661e+00,5.864178018751970978e-01
6.664827122903609347e-01,-5.645488865883291574e+00,7.793064801117295382e-01
6.692652137615854313e-01,-5.646678333057124632e+00,1.027709809339595770e+00
6.719888907506512687e-01,-5.647268103501424719e+00,1.228340848061361346e+00
6.734323491276140716e-01,-5.648028898483786975e+00,1.444156316940693241e+00
6.751360153908804174e-01,-5.647731233054596345e+00,1.655898031006207249e+00
6.762423068353664579e-01,-5.647201198584244075e+00,1.848457434417263512e+00
6.770281910255636637e-01,-5.646079966410954221e+00,2.066868968291026842e+00
6.199299484754789979e-01,-5.557551400006873088e+00,2.142109623567657994e+00
5.645698140423340838e-01,-5.471636335861507661e+00,2.142377905922350667e+00
5.094616389017354585e-01,-5.387090790684388786e+00,2.140898558076438807e+00
4.565009716434886289e-01,-5.307661660477292820e+00,2.135471199250768226e+00
4.267353149008341062e-01,-5.263979037218077472e+00,2.118033685494165486e+00
4.260842922165051783e-01,-5.266055332077046458e+00,1.934824194671106223e+00
4.249716266961718336e-01,-5.268354415632818366e+00,1.737657246180661197e+00
4.235143486448433858e-01,-5.270207538569787076e+00,1.560398733525787618e+00
4.216528218712341514e-01,-5.271669401430850499e+00,1.382330575989789034e+00
4.460470313714205992e-01,-5.181580092984569674e+00,1.295386245187291507e+00
4.745500351497740077e-01,-5.086473367200953888e+00,1.272402698022890633e+00
5.099639542381337876e-01,-4.983558769762416851e+00,1.222134422236167861e+00
5.500036467231753656e-01,-4.884433945554306433e+00,1.169929708461219908e+00
5.913076669582201239e-01,-4.793340172573262947e+00,1.117041530774377067e+00
6.434271381049129213e-01,-4.703239382468028751e+00,1.016070564271162491e+00
7.025386107113937850e-01,-4.618259842405715077e+00,9.189617784786362487e-01
7.725639808716974199e-01,-4.536497714339678744e+00,8.055780133970427137e-01
8.512098203313751554e-01,-4.465981177253649292e+00,6.368689405707224083e-01
9.196007142999088613e-01,-4.425278052776931759e+00,4.445283941653793702e-01
9.725284620178650252e-01,-4.404964981858821460e+00,2.692905777018351210e-01
9.992730308271298156e-01,-4.399929179892438924e+00,6.663373567045248469e-02
1.032108871371290038e+00,-4.401612063787651685e+00,-1.652645676698546451e-01
1.055497910665086803e+00,-4.408027471695758592e+00,-3.551423031277357589e-01
1.082269220572593449e+00,-4.421512258523250694e+00,-5.788864596641591920e-01
1.101977927984774785e+00,-4.437087622515704766e+00,-7.615613282936377626e-01
1.120772477756938335e+00,-4.458749699311191250e+00,-9.661229353881923831e-01
1.129267229258044569e+00,-4.473121635536817742e+00,-9.772205152505372139e-01
1.173747150498532177e+00,-4.523242316579889177e+00,-7.977589525231145728e-01
1.255060363532071621e+00,-4.593756627435172213e+00,-6.797235432282914269e-01
1.302184834041779871e+00,-4.628684199286412060e+00,-6.129796833406889744e-01
1.346918556331489603e+00,-4.656373259924157182e+00,-5.268424795474581090e-01
1.401636054044857582e+00,-4.682897166174566195e+00,-4.047784542233352489e-01
1.447709096927219274e+00,-4.699732767648885812e+00,-3.096741949567749508e-01
1.488965500563539601e+00,-4.710821841133524757e+00,-2.269334011660645023e-01
1.568974141604792205e+00,-4.722597419808815644e+00,-6.679600990131476235e-02
1.674633803472370452e+00,-4.732544878714678660e+00,-6.873901344046967621e-02
1.776515253454201915e+00,-4.741161004396714951e+00,-6.887985606606009115e-02
1.882839120498741359e+00,-4.749993820461532401e+00,-6.819862803846400701e-02
1.894206069077656096e+00,-4.755461339539238885e+00,1.298561530807111619e-01
1.895439899629894009e+00,-4.756812606292066370e+00,3.170547662055159255e-01
1.897661901704718712e+00,-4.758092362566636702e+00,5.061514859048515946e-01
1.900223584634661789e+00,-4.759240279731092649e+00,7.214470940385099285e-01
1.902738820101719019e+00,-4.759896715668113565e+00,9.298951739422572915e-01
1.905714919619833081e+00,-4.760160382574823323e+00,1.141106049512038645e+00
1.907847265649662338e+00,-4.760300772906278510e+00,1.352672059905023483e+00
1.909552738515416737e+00,-4.759312518732024877e+00,1.565574979957192525e+00
1.910641578936286056e+00,-4.758125567693323177e+00,1.755051112995672513e+00
1.888755224280054934e+00,-4.662773630520107737e+00,1.844423914599009118e+00
1.862664162103738530e+00,-4.564542423605697508e+00,1.845487934859975088e+00
1.856566197334754698e+00,-4.534269132612512188e+00,2.005942731737615503e+00
1.856397041451967267e+00,-4.532611605803074539e+00,2.232704449094767618e+00
1.856559539096880984e+00,-4.530396901313105573e+00,2.419363751335964707e+00
1.855731087005602298e+00,-4.529656540060890357e+00,2.597892443712749966e+00
1.854905984516066697e+00,-4.525825942357156961e+00,2.781777784821682697e+00
1.854361811207390964e+00,-4.524451046342906402e+00,2.965981114344484304e+00
1.852739772726224921e+00,-4.522402056393224790e+00,-3.103222484486899191e+00
1.851886256210067749e+00,-4.520169370344216730e+00,-2.888557746449426755e+00
1.849893883725569177e+00,-4.518302016256532383e+00,-2.693452347261207080e+00
1.847452872364660381e+00,-4.515926845371622811e+00,-2.481947411976632267e+00
1.845076267334285758e+00,-4.513451356736164044e+00,-2.229438483771686741e+00
1.842543855336654657e+00,-4.513330190604735392e+00,-2.035305012714823558e+00
1.840109569313435944e+00,-4.513207323313491948e+00,-1.846618167888684381e+00
1.838177157693362096e+00,-4.514027693267057550e+00,-1.662184415676377647e+00
1.835617362802876906e+00,-4.515717652375016655e+00,-1.410406914419495950e+00
1.833935668150458387e+00,-4.517371256149028014e+00,-1.227498773075627714e+00
1.832506265627215525e+00,-4.519463513622736350e+00,-1.015297027971274968e+00
1.831781132534024303e+00,-4.522251870677780339e+00,-7.479672086704441947e-01
1.831758478689363701e+00,-4.524346484879556485e+00,-5.724092698340627061e-01
1.832062044438128146e+00,-4.526194650427936672e+00,-3.630237133555822560e-01
1.833341506158903789e+00,-4.528574956102293214e+00,-1.779478631554597678e-01
1.833764157045289833e+00,-4.531571683091478953e+00,-1.338106493954994147e-01
1.833675670408928537e+00,-4.531252950589852446e+00,-2.748727126666845599e-01
1.832498204123006014e+00,-4.529165984741844397e+00,-4.515865409230432337e-01
1.832753795684464615e+00,-4.528502498457338099e+00,-6.112479057811442962e-01
1.832587468872167724e+00,-4.527752554279293129e+00,-8.347921726033314949e-01
1.833263962020436955e+00,-4.525011598823465597e+00,-1.047914299914786351e+00
1.882640071127030357e+00,-4.615339798095898338e+00,-1.067814185140279371e+00
1.930752026026467005e+00,-4.704907292342616287e+00,-1.065035295448290009e+00
1.980281712619929468e+00,-4.795597605461723312e+00,-1.074403622983270523e+00
2.027143295547308099e+00,-4.889744381922083605e+00,-1.123847213035270132e+00
2.068439524834547960e+00,-4.982352371663854917e+00,-1.166158733243771062e+00
2.106966541847398844e+00,-5.081678021089989450e+00,-1.215213944805988211e+00
2.139176601922387899e+00,-5.177514343966864274e+00,-1.261426380466579511e+00
2.167199707307005507e+00,-5.273921665539221593e+00,-1.303400287079030218e+00
2.181362677264307326e+00,-5.325872026257966851e+00,-1.480497572718856514e+00
2.182972667043948878e+00,-5.325907006447120118e+00,-1.719007081118415270e+00
2.186018484596119471e+00,-5.325001296962186714e+00,-1.922291589161322589e+00
2.188308311278266860e+00,-5.325452191215376274e+00,-2.101918432510489154e+00
2.190610372050822541e+00,-5.326637318328567794e+00,-2.278537331468569960e+00
2.192544890310467398e+00,-5.327765732535984178e+00,-2.457694243165440273e+00
2.193452646308289289e+00,-5.329139440413698914e+00,-2.645468821168991624e+00
2.195209726338331002e+00,-5.331383856501187068e+00,-2.853718073750239448e+00
2.197226063198953749e+00,-5.334661904280508793e+00,-3.111571055504550820e+00
2.198306603013202132e+00,-5.336797579805883096e+00,2.980921106679892851e+00
2.200235016993862924e+00,-5.340134285836655614e+00,2.699439874012736329e+00
2.201350836340677741e+00,-5.342395901817691417e+00,2.459619038673227287e+00
2.202532021250128036e+00,-5.345252493845996433e+00,2.213741405352866121e+00
2.203023843780654634e+00,-5.346947040318220878e+00,2.001508251476614042e+00
2.202391097428681110e+00,-5.348795398875644480e+00,1.811212816460288311e+00
2.200442814738672315e+00,-5.350495060361007305e+00,1.544199231977569919e+00
2.198234400377008235e+00,-5.351598709810189369e+00,1.329624613032971414e+00
2.196079672576353836e+00,-5.352096072214785671e+00,1.136513392074118167e+00
2.194427449322594814e+00,-5.351322898860439992e+00,9.500203399886578692e-01
2.191450262228945789e+00,-5.349362064941427519e+00,6.460680834325086552e-01
2.189085763384673200e+00,-5.346539430250418334e+00,3.976060248900152860e-01
2.187809657379459427e+00,-5.344494367985689998e+00,2.066432775977437020e-01
2.185682609185132463e+00,-5.341925959866638429e+00,-7.800170716835501394e-02
2.184778354498692732e+00,-5.340409337784878474e+00,-2.635775116732405055e-01
2.183271327336680834e+00,-5.338004053443502706e+00,-4.985278857748946524e-01
2.182635065024138399e+00,-5.336637245500160276e+00,-6.735954511015530555e-01
2.182101532999247695e+00,-5.335164293779411260e+00,-8.739294513358684124e-01
2.182099329882989824e+00,-5.332846877295888355e+00,-1.064176736410860302e+00
2.182749857873339305e+00,-5.331409546476617578e+00,-1.283448744628130189e+00
2.184029975057372841e+00,-5.330141037741996435e+00,-1.478326007542375420e+00
2.186467780585449994e+00,-5.328837193446285703e+00,-1.738791722311186616e+00
2.189385327997399600e+00,-5.328709161023338581e+00,-1.974557187277584003e+00
2.192310847268835516e+00,-5.329370814296772174e+00,-2.203849562527223860e+00
2.195482771387245791e+00,-5.330573353555834615e+00,-2.280173707298847052e+00
2.195590525803617687e+00,-5.330603908380944667e+00,-2.091616059219711499e+00
2.193646782416668106e+00,-5.330881587911829200e+00,-1.908007974693024966e+00
2.191935784907285800e+00,-5.331775732053945838e+00,-1.730232595297485299e+00
2.191459324789697849e+00,-5.333639497193606083e+00,-1.615015049160322791e+00
2.189996085823622707e+00,-5.351762572642926763e+00,-1.752665048394846714e+00
2.170707116162978068e+00,-5.451625719862337682e+00,-1.750936309468904550e+00
2.151113739654870294e+00,-5.547461468197234957e+00,-1.760870306160932097e+00
2.144368932034183661e+00,-5.573957270686237919e+00,-1.594370934588726696e+00
2.143631065481435893e+00,-5.672029081235749004e+00,-1.566196437738889502e+00
2.142658267584088616e+00,-5.773112909460028419e+00,-1.568323398136694191e+00
2.140886443858767141e+00,-5.786500585226065141e+00,-1.433223005246146098e+00
2.140152659276068903e+00,-5.788254182595426123e+00,-1.249127133897606434e+00
2.140044758087582544e+00,-5.789212592439136884e+00,-1.042075705146265907e+00
2.140633261988579505e+00,-5.791495983861383756e+00,-8.201669729235390172e-01
2.141773768330587746e+00,-5.793460485602650145e+00,-6.383249630172721512e-01
2.142903100633110292e+00,-5.796739677572810834e+00,-6.286428024870175379e-01
2.143261832762568542e+00,-5.796493208115578000e+00,-8.058713224447378032e-01
2.206380639934739207e+00,-5.866866758083899569e+00,-8.211606618631761556e-01
2.279327127643418383e+00,-5.946148012137468797e+00,-8.235376418334496851e-01
2.298609696098595556e+00,-5.967435556589061996e+00,-8.252695262115650188e-01
2.273022080056885219e+00,-5.942089985812985198e+00,-6.536375315278161180e-01
2.358790415846881761e+00,-5.995890680056492172e+00,-5.304857456031939478e-01
2.443816976633029103e+00,-6.048364183147461048e+00,-5.464931988072343483e-01
2.535562802084116996e+00,-6.104720471132541348e+00,-5.500201398205966097e-01
2.622711412201539805e+00,-6.162084008965855730e+00,-5.639189737283059056e-01
2.708547175900406945e+00,-6.218112203727052645e+00,-5.656562024668108091e-01
2.780534964577775714e+00,-6.268872122551717219e+00,-4.174580532273773348e-01
2.781486719130009000e+00,-6.271338046731597338e+00,-2.306757396295275042e-01
2.782495375608817323e+00,-6.273992605550771984e+00,-2.468055167938036296e-02
2.783981575287346910e+00,-6.276394169334562179e+00,1.554090908367396773e-01
2.784932655475962804e+00,-6.278643719294926484e+00,3.592819677214318941e-01
2.787808113705633417e+00,-6.280720857006921953e+00,5.522395096051989638e-01
2.870853501392713003e+00,-6.232761318699776787e+00,5.453182286014089941e-01
2.958119871781932364e+00,-6.180142511982234410e+00,5.489180390674627263e-01
3.043597803949594116e+00,-6.130189413861923953e+00,5.387100668305698781e-01
3.133455711430258361e+00,-6.077904657201830929e+00,5.390273332406818607e-01
3.225642070028207797e+00,-6.023906359653267373e+00,5.415851480355171610e-01
3.316038634158742227e+00,-5.969779820130697523e+00,5.432335698826986636e-01
3.390933430727027798e+00,-5.924406455431501684e+00,4.321594025362597846e-01
3.390409120018691436e+00,-5.923359427858863491e+00,2.584070194177440771e-01
3.389312233358223292e+00,-5.921517179465931591e+00,6.306734444969241959e-02
3.389305828104515417e+00,-5.919385807105801867e+00,-1.188265888020894750e-01
3.389203375782545713e+00,-5.917035973327188891e+00,-3.172329206384917333e-01
3.388917792584008382e+00,-5.915559260876585235e+00,-4.976966499128869237e-01
3.388870149561052258e+00,-5.913876394198799069e+00,-6.920364314661917593e-01
3.388882493716621980e+00,-5.911968439205945280e+00,-8.917573360568322727e-01
3.389163401120799168e+00,-5.910513290152725752e+00,-1.084916912590181859e+00
3.390032278369777607e+00,-5.909732902967084200e+00,-1.276828754665861210e+00
3.391143247790839421e+00,-5.908954155648090456e+00,-1.452863366297669323e+00
3.392937366041426372e+00,-5.909159039382776868e+00,-1.617562107485473799e+00
3.392424633171028603e+00,-5.909952455159752205e+00,-1.442253934194549503e+00
3.390947873804493362e+00,-5.911735628844677848e+00,-1.265132128586262894e+00
3.389636591534836096e+00,-5.914285085643150808e+00,-1.050336985115089439e+00
3.388638952424153583e+00,-5.917409748704256067e+00,-8.862524180148187991e-01
3.389334224324009881e+00,-5.919176217707645016e+00,-6.336143917543891613e-01
3.389939168035352335e+00,-5.921948069330976949e+00,-4.503931920935217437e-01
3.390648465546759471e+00,-5.924276210200662085e+00,-2.601877672126008401e-01
3.391642896600669754e+00,-5.926778255121551986e+00,-7.013843863998853179e-02
3.393383444521457903e+00,-5.929212669384617662e+00,1.413251466471733553e-01
3.395807051551949396e+00,-5.932483643509049109e+00,4.103638521581625120e-01
3.398327636828730736e+00,-5.934305157446189583e+00,5.967746598928119761e-01
3.401853949350178485e+00,-5.935495872273049756e+00,8.480878423986958348e-01
3.462293135536198552e+00,-5.860609118315221799e+00,9.625101777234240652e-01
3.523738679109141181e+00,-5.778328045267995705e+00,9.615010162299975072e-01
3.536050773997915453e+00,-5.770545039981704427e+00,1.136909445685812203e+00
3.538419567944114608e+00,-5.770879082767851997e+00,1.334668002363077921e+00
3.540632259777131363e+00,-5.770805086830154806e+00,1.549223648422414001e+00
3.543656767685588793e+00,-5.769925354409907392e+00,1.752932707030531168e+00
3.545549747558489173e+00,-5.768607216473692567e+00,1.972634292381658661e+00
3.545957466702208460e+00,-5.767290350602518600e+00,2.151890130612099661e+00
3.488512922244797476e+00,-5.689165728793367904e+00,2.212457657319795601e+00
3.424243489429764420e+00,-5.603499865561634152e+00,2.212995591544821838e+00
3.358478024651230243e+00,-5.515530001640730262e+00,2.210835726093888898e+00
3.296545505436547785e+00,-5.431768640923009706e+00,2.211157261886032455e+00
3.234296219725049326e+00,-5.348264549643408472e+00,2.209251872963692076e+00
3.176854931074090338e+00,-5.270453156383133830e+00,2.210809548524152124e+00
3.113875938595182191e+00,-5.185717585944173535e+00,2.208579694692025086e+00
3.051418397348434564e+00,-5.101478532376419572e+00,2.210290200629529522e+00
2.989257148907051853e+00,-5.018316264887483946e+00,2.208437009686412544e+00
2.927855794943227341e+00,-4.935790656312792457e+00,2.209212319039739025e+00
2.866313827832846162e+00,-4.852984587212203493e+00,2.207191159677717618e+00
2.804030031104824072e+00,-4.768730087138340679e+00,2.206436998372063307e+00
2.742601533363245636e+00,-4.686009982413629871e+00,2.205406113080235375e+00
2.680926857054910073e+00,-4.602416620007378611e+00,2.206810965122944168e+00
2.616286147549877761e+00,-4.514488896146617414e+00,2.205763611868513774e+00
2.552622921516701116e+00,-4.429203976239114660e+00,2.206609052440600571e+00
2.486377053542215165e+00,-4.340118978457207177e+00,2.205713318710240678e+00
2.443551723460546832e+00,-4.285130760085357871e+00,2.048236206208950527e+00
2.442374237492402678e+00,-4.286497547694992249e+00,1.851008478120187650e+00
2.441047971743331768e+00,-4.288239593491531387e+00,1.663068220717520695e+00
2.438875800206739441e+00,-4.290085434445709112e+00,1.492239087211372883e+00
2.437597043035540256e+00,-4.290398636238369257e+00,1.275438448923294166e+00
2.435014602806854889e+00,-4.291104068301539343e+00,1.012870272024366525e+00
2.430630643448543626e+00,-4.291431417574017360e+00,8.012690891974376672e-01
2.429365438597596238e+00,-4.290701307291020505e+00,6.006079494466853852e-01
2.427335545816156515e+00,-4.289969955827234394e+00,4.188049262151066210e-01
2.425581161896034121e+00,-4.288282758888767532e+00,2.266568567656114808e-01
2.423846905328706391e+00,-4.286168106016987167e+00,1.429557439417665672e-02
2.422205932905134418e+00,-4.284156157850762092e+00,-1.775396537357046278e-01
2.420846525886275913e+00,-4.281125049392622728e+00,-4.191599202092417542e-01
2.420447181965253325e+00,-4.279117653754652473e+00,-6.143635757224976679e-01
2.420562393166791448e+00,-4.277207278892166009e+00,-7.993996748930246588e-01
2.420810076423684176e+00,-4.275103820172739155e+00,-9.905028705511343956e-01
2.421452596807901703e+00,-4.273667689439898609e+00,-1.165577775651702730e+00
2.423262089453948054e+00,-4.271216966243688518e+00,-1.393863145815686488e+00
2.425918216966786556e+00,-4.269543899932855879e+00,-1.662702251332576431e+00
2.427690225937590096e+00,-4.268957668075119116e+00,-1.849816868060856212e+00
2.430220106511156164e+00,-4.268785534217300892e+00,-2.038286801081133692e+00
2.433098090035556105e+00,-4.269200138880061779e+00,-2.280739839784425627e+00
2.436327176347705237e+00,-4.271147598502196274e+00,-2.567681388006795906e+00
2.439314255515379948e+00,-4.273140506233580993e+00,-2.829430861007916409e+00
2.440548532801059434e+00,-4.274849278150426812e+00,-3.004489124028287161e+00
2.442177544198548045e+00,-4.278221045344928086e+00,3.009949314157249756e+00
2.443422273138082801e+00,-4.281278529896152207e+00,2.773680748842432209e+00
2.443657396443982943e+00,-4.284763263815657197e+00,2.523140492032583726e+00
2.443194681885532127e+00,-4.287562435080747747e+00,2.295654955923115637e+00
2.442686781281955710e+00,-4.289811996755561907e+00,2.103034893873963362e+00
2.441857511528863434e+00,-4.291523981258689169e+00,1.928468076473974779e+00
2.439681614564147338e+00,-4.294567176897459149e+00,1.676138653634912101e+00
2.437486783699962523e+00,-4.295862598718639624e+00,1.468115131751003055e+00
2.435180466314030845e+00,-4.296774277082437976e+00,1.276741358087885914e+00
2.431870476275843629e+00,-4.297702543949073473e+00,1.040582696399094953e+00
2.428763773071235033e+00,-4.297767671934110467e+00,7.837112369944486678e-01
2.426189463282855119e+00,-4.297341712862760232e+00,5.961058959903039467e-01
2.423461941993121371e+00,-4.296004646571812025e+00,3.616840338678173339e-01
2.421183383516520848e+00,-4.293970604762941790e+00,8.849760654973104490e-02
2.418964840182229903e+00,-4.291479657511979795e+00,-1.679544364324485339e-01
2.417453270401419552e+00,-4.288753377711193693e+00,-3.758515502314861978e-01
2.416019920340283456e+00,-4.290405933663830496e+00,-2.952532351035305203e-01
2.414302013076914832e+00,-4.292668832254340039e+00,-1.186555193654608154e-01
2.415300953182168531e+00,-4.294673802930360829e+00,6.096466318594601086e-02
2.416324815283250160e+00,-4.296863857956290111e+00,2.578099665493406301e-01
2.417741801868789953e+00,-4.298976106931201357e+00,4.887125203653008287e-01
2.419744415018733275e+00,-4.300093537080776684e+00,6.929405686430127886e-01
2.421600392463180373e+00,-4.301388117802123823e+00,9.165436301299634270e-01
2.424122557206365602e+00,-4.301319447544125651e+00,1.113273510498624663e+00
2.426894912315650021e+00,-4.300770644631856321e+00,1.368438043120848269e+00
2.429521574495888459e+00,-4.299712975118733738e+00,1.640138386685356275e+00
2.431675028478876399e+00,-4.297896419113311772e+00,1.885666119973902433e+00
2.432525639657445282e+00,-4.295561469538283106e+00,2.141808235445907371e+00
2.432574847322702460e+00,-4.292695080026263099e+00,2.353997300611756494e+00
2.361456694750168506e+00,-4.227961433771134203e+00,2.441217561025227134e+00
2.286246530057278736e+00,-4.164708338193469750e+00,2.435182163307502812e+00
2.213008138870663277e+00,-4.102262839623263879e+00,2.429626806728526045e+00
2.156778330063661375e+00,-4.055541820367058570e+00,2.309174337702056601e+00
2.156037228840148146e+00,-4.056466907714311176e+00,2.098719862262092395e+00
2.155025768858090274e+00,-4.058853420933658640e+00,1.905152410109885786e+00
2.154414680550491124e+00,-4.060121686924359707e+00,1.694267539547418489e+00
2.151625364246979810e+00,-4.061886767296040368e+00,1.473272276385378277e+00
2.149236497293927517e+00,-4.062514710107604010e+00,1.222971718076107495e+00
2.146001194671874224e+00,-4.062957507077158859e+00,1.033533508827608749e+00
2.142856326935065336e+00,-4.062451730428721319e+00,7.690070223683185269e-01
2.138974469044620630e+00,-4.061355667671421976e+00,5.173860802088210420e-01
2.136954290885708208e+00,-4.059642030086157760e+00,3.295493652190480960e-01
2.134426150490808194e+00,-4.057959140638525142e+00,6.374602186578114116e-02
2.131957080221831724e+00,-4.054904830884170863e+00,-1.869979397352408979e-01
2.130701488758194539e+00,-4.051776135795641665e+00,-4.609649445896005227e-01
2.130134964108072460e+00,-4.049375176976568902e+00,-6.927495053940611047e-01
2.130201954900125649e+00,-4.046287908713603443e+00,-9.541598027131794613e-01
2.130883323021245612e+00,-4.043910146696199526e+00,-1.112838776977889799e+00
2.131496305518427725e+00,-4.042691956339957038e+00,-1.319357871609664778e+00
2.133446833901869955e+00,-4.041054474782912465e+00,-1.509944709879540437e+00
2.135364367956088749e+00,-4.040616789044398693e+00,-1.705194925056314537e+00
2.137271945231931536e+00,-4.040355168811033515e+00,-1.904078461458193150e+00
2.139708248211420916e+00,-4.040669569991523602e+00,-2.114900169820056242e+00
2.141840107021011352e+00,-4.041228915254984955e+00,-2.316647539914600706e+00
2.144268885082005749e+00,-4.042239715051145765e+00,-2.499355012220849659e+00
2.146262115479120602e+00,-4.043715626092102333e+00,-2.711376429952446543e+00
2.147648510479548190e+00,-4.045087458537032887e+00,-2.888509490403048385e+00
2.148960173048750644e+00,-4.047202756244049127e+00,-3.100072847719530067e+00
2.149855425306924417e+00,-4.048971612035858314e+00,2.993266589600688032e+00
2.150613800248341700e+00,-4.051133497665176719e+00,2.808554326968965675e+00
2.150706227345614341e+00,-4.053067918765285604e+00,2.625697082866975229e+00
2.150924329024167747e+00,-4.055129763073203719e+00,2.451468336908339207e+00
2.150755819202810670e+00,-4.057204635828120409e+00,2.260795741083821753e+00
2.150475055783448219e+00,-4.059609406992820801e+00,2.041339464182156505e+00
2.149153705016515037e+00,-4.061651163703111855e+00,1.843278557033614096e+00
2.147342512759005118e+00,-4.063559845905820644e+00,1.635502485810980788e+00
2.145859461013847280e+00,-4.064656741234911053e+00,1.457570029304281256e+00
2.144205890083679567e+00,-4.065343691646631008e+00,1.271848468767357021e+00
2.141963285275258144e+00,-4.065671392330316714e+00,1.084739592872741909e+00
2.138729767617427946e+00,-4.065547478691946992e+00,8.834015986518015673e-01
2.136314506450489148e+00,-4.065262845784801904e+00,6.994213609205801596e-01
2.136033623769361789e+00,-4.064641966125602579e+00,5.427557350287686155e-01
2.135406581416073646e+00,-4.063822710528948612e+00,3.317576764211419560e-01
2.134399928810443825e+00,-4.062446188291601423e+00,1.172330107566394580e-01
2.132581862002018713e+00,-4.060837222496304300e+00,-5.918363879992871723e-02
2.131319456136660406e+00,-4.059217929675540404e+00,-2.493633567751581681e-01
2.130209838112130605e+00,-4.056777277756277833e+00,-4.589082524146992914e-01
2.130068822708703902e+00,-4.055018097375169717e+00,-6.419587254062364412e-01
2.199836390226662441e+00,-4.119656033836365694e+00,-7.513314935663681915e-01
2.276389197806888642e+00,-4.192262237860790997e+00,-7.495274131501253878e-01
2.355068688869402571e+00,-4.266424335037180882e+00,-7.475032334064569683e-01
2.409519597775354960e+00,-4.317842244571211907e+00,-8.230297440564621203e-01
2.475679873336838366e+00,-4.393178564146396958e+00,-8.345342365032638599e-01
2.545564358131246596e+00,-4.469822931244998188e+00,-8.164998148715689741e-01
2.626444793090742191e+00,-4.546191484225180268e+00,-7.237093049448809490e-01
2.649588044448353497e+00,-4.567525513024268236e+00,-8.561458731761849572e-01
2.656148500721140504e+00,-4.578930712277234250e+00,-8.648005578726164488e-01
2.720982238890105709e+00,-4.657898892480025310e+00,-8.694032435329261954e-01
2.791986615423848850e+00,-4.743158124351071869e+00,-8.713107504739057152e-01
2.861177061150093071e+00,-4.826617408616197480e+00,-8.749452735907764511e-01
2.928440457621574566e+00,-4.909018130385780054e+00,-8.757215915503570036e-01
2.995685398887056650e+00,-4.991800350491740978e+00,-8.788868983893323161e-01
3.060486998078053578e+00,-5.071512884295195533e+00,-8.805148263042099632e-01
3.127022088206877992e+00,-5.153842492327344260e+00,-8.804028585117733563e-01
3.141385992357335066e+00,-5.175517787243687273e+00,-7.448130340549935502e-01
3.140994162904835019e+00,-5.180865987920672211e+00,-5.775051788893246218e-01
3.141047039727954626e+00,-5.184049581792341321e+00,-3.843510326400855770e-01
3.141846689657544545e+00,-5.186969727204565395e+00,-1.740183267805528178e-01
3.143854156374507713e+00,-5.189012287014427294e+00,4.353006395478578594e-02
3.146030906000649718e+00,-5.191408204570125307e+00,2.218770874510217483e-01
3.147667756677522188e+00,-5.193348823657346180e+00,4.087175757154541400e-01
3.148074494834404380e+00,-5.195181443716718306e+00,5.833716107402004969e-01
3.150755639428304722e+00,-5.197282631146063814e+00,8.244006983269479560e-01
3.153555941238184612e+00,-5.197754458799201061e+00,1.022135288263555042e+00
3.156272018413987190e+00,-5.197646822532710154e+00,1.264049130272504318e+00
3.158214664359265011e+00,-5.197718938911336295e+00,1.446085013463221935e+00
3.161010209462406628e+00,-5.196772473720657537e+00,1.689044895380508615e+00
3.162421037471181418e+00,-5.195650762615225737e+00,1.870095958519711221e+00
3.163948053716286513e+00,-5.193910908113395841e+00,2.096619772267571236e+00
3.164602459742249074e+00,-5.191892514052923069e+00,2.305483933084443215e+00
3.165032502630986233e+00,-5.189873765608693290e+00,2.531749798613048608e+00
3.164500109505433922e+00,-5.188085886697055393e+00,2.765071254200699435e+00
3.163661278342262850e+00,-5.185755686932934871e+00,3.023217671715473731e+00
3.162285189785021711e+00,-5.183598045991278269e+00,-3.021231478885945343e+00
3.160232429866843162e+00,-5.181972555961785076e+00,-2.810591891803908116e+00
3.158770860736509256e+00,-5.180708380792521162e+00,-2.583979444569436179e+00
3.156515665037571861e+00,-5.179891563977496283e+00,-2.387844453469270434e+00
3.154169034980682351e+00,-5.179530145512574180e+00,-2.166484508217840776e+00
3.152071713853600521e+00,-5.180271110021160474e+00,-1.981267425065741161e+00
3.149801677676678402e+00,-5.181247122108084469e+00,-1.756139877112395276e+00
3.147884409041439735e+00,-5.182923125407584486e+00,-1.542410710608389746e+00
3.146746664578413011e+00,-5.185204818827443773e+00,-1.362274503690370731e+00
3.145664094150616652e+00,-5.187236416976984010e+00,-1.173198988071330717e+00
3.145434203244532156e+00,-5.194162632898112975e+00,-1.015209302043834194e+00
3.200062280122760949e+00,-5.284625051543729413e+00,-1.021410998244706159e+00
3.256178564511942319e+00,-5.379154521810842304e+00,-1.027828047703329917e+00
3.311019084505903098e+00,-5.472120646282800038e+00,-1.030199345871227079e+00
3.367307182918778174e+00,-5.567845887385655779e+00,-1.034393159702203802e+00
3.404758562704267799e+00,-5.633486719794624342e+00,-9.404906209959315033e-01
3.404625260715064439e+00,-5.636253869081956580e+00,-7.626693124322420081e-01
3.405027295196404680e+00,-5.638317612947806978e+00,-5.613172580314153004e-01
3.405500956112687216e+00,-5.640783625191283512e+00,-3.514799348225761122e-01
3.406494738569801672e+00,-5.642959030319845581e+00,-1.350725108681991027e-01
3.407651248391295962e+00,-5.645013144062362542e+00,5.430035324044327205e-02
3.409334590848485114e+00,-5.647101926893567381e+00,2.662959933198589257e-01
3.411012048389793883e+00,-5.649186655926565770e+00,4.816153905871373708e-01
3.413192756599754851e+00,-5.650580607331653127e+00,6.701645156007837167e-01
3.415409108562405205e+00,-5.651354158145196926e+00,8.688385446333977136e-01
3.417731934290589635e+00,-5.651788637710883023e+00,1.049114580178809542e+00
3.420710410930287271e+00,-5.651974464149082777e+00,1.275787475118856262e+00
3.422769874768897047e+00,-5.651833890961096785e+00,1.486772680139377467e+00
3.424559835532582142e+00,-5.650460511151266019e+00,1.668172542502278644e+00
3.426240438644972297e+00,-5.649471862408403489e+00,1.874600234086120309e+00
3.427572686428385751e+00,-5.648076169523814194e+00,2.083179693962508683e+00
3.428020848841651258e+00,-5.646123641320685671e+00,2.258613229763979824e+00
3.427902277656310392e+00,-5.644277141855993385e+00,2.469746316199582736e+00
3.427333105132948532e+00,-5.642665331177611598e+00,2.684401243631745704e+00
3.426190365324139453e+00,-5.640855595840671199e+00,2.900817276200331030e+00
3.425320300362421300e+00,-5.639226030850605476e+00,3.106873015262202831e+00
3.424466876699541640e+00,-5.637787604767756200e+00,-2.996622115370739525e+00
3.422822032862277819e+00,-5.636227463695070661e+00,-2.803614359979476056e+00
3.421512880764943532e+00,-5.634662288010066966e+00,-2.599879902328080750e+00
3.419233266319566589e+00,-5.633687743415721982e+00,-2.395879006047137771e+00
3.416421657643138765e+00,-5.633209495923948040e+00,-2.193425081806482435e+00
3.414297329900595201e+00,-5.633449947799038071e+00,-2.003314983173596353e+00
3.412501806280294758e+00,-5.634350580654439611e+00,-1.820800333972728779e+00
3.410974239158229171e+00,-5.635482580411960818e+00,-1.597370579942770430e+00
3.408744469361538965e+00,-5.637404653562017920e+00,-1.368859047997304179e+00
3.407514545552824625e+00,-5.639228644366266252e+00,-1.168372355654884176e+00
3.406539366613825059e+00,-5.641518263845094694e+00,-9.791760376866768256e-01
3.406287588860898552e+00,-5.644527449289035381e+00,-8.563794006073750520e-01
3.405857434051805299e+00,-5.645875186122886191e+00,-6.987034152365980688e-01
3.485270779548218734e+00,-5.706801840949266236e+00,-6.299452633378599398e-01
3.565985325591738420e+00,-5.766871580803451636e+00,-6.312991750479876041e-01
3.571202099901666926e+00,-5.770873453643079465e+00,-7.991493089897701019e-01
3.637660983672534432e+00,-5.849312346478789060e+00,-8.519020172199046614e-01
3.707321356138162827e+00,-5.931143422820280620e+00,-8.519149769465956812e-01
3.773425724807214721e+00,-6.008500941622546776e+00,-8.523320783838230774e-01
3.839576974530223286e+00,-6.084182056281981943e+00,-8.435032275031316695e-01
3.876009581853656183e+00,-6.123990362610347127e+00,-1.009645681011802187e+00
3.876949160915022397e+00,-6.122093416937954835e+00,-1.246159460098547722e+00
3.878659520158265650e+00,-6.120312808776357194e+00,-1.459969575599772584e+00
3.880392154197383370e+00,-6.119636434098247868e+00,-1.705306778844857041e+00
3.882942680233639532e+00,-6.119216143865251034e+00,-1.947144496844177119e+00
3.886417336569639946e+00,-6.119689955464348685e+00,-2.194200860477522497e+00
3.890476227466507453e+00,-6.121459717097219588e+00,-2.370627042981680255e+00
3.891156165451236326e+00,-6.123054476967142001e+00,-2.569740999853674435e+00
3.893512853527039574e+00,-6.124678794159271078e+00,-2.768153055629626991e+00
3.896304470527571340e+00,-6.127793538967529763e+00,-3.034566631042462159e+00
3.897714921512063668e+00,-6.130175434326653239e+00,3.061068339377561731e+00
3.899749979116946097e+00,-6.132970554356886872e+00,2.826838302710737327e+00
3.900703154332048950e+00,-6.135451825881538035e+00,2.623652527708407067e+00
3.901375035334990748e+00,-6.138579319140196056e+00,2.429485273727713501e+00
3.901494313726285856e+00,-6.141404045692889113e+00,2.203738032886766618e+00
3.901012622985347456e+00,-6.143630061819819410e+00,2.011072536592843019e+00
3.899503935049674297e+00,-6.146130002341827492e+00,1.799360757042205661e+00
3.898071863749797750e+00,-6.148021313094993445e+00,1.623786884491264182e+00
3.896613126672743288e+00,-6.149551909234928893e+00,1.435677085903389161e+00
3.894764636284691495e+00,-6.150391835383743455e+00,1.249290878116014358e+00
3.891138298137680529e+00,-6.150666321429253180e+00,9.460179832682106271e-01
3.888415081363024939e+00,-6.150286211686020188e+00,6.796396216204848573e-01
3.886443854168528222e+00,-6.149543495500646273e+00,4.899105561458065861e-01
3.884480627804796082e+00,-6.148318192619679934e+00,2.804572795240226624e-01
3.882979457347600860e+00,-6.146158413309437130e+00,1.508047978484869205e-02
3.882075516579599039e+00,-6.144623269473194149e+00,-1.743263075105700166e-01
3.881090593552079859e+00,-6.141664971113097948e+00,-4.788824581409354408e-01
3.880940269880062576e+00,-6.139100241507962963e+00,-7.438514451731874644e-01
3.881466374745926373e+00,-6.137296218901683531e+00,-9.329809097978439825e-01
3.883294610373251299e+00,-6.134402524058839568e+00,-1.236521400149573902e+00
3.886078283733351402e+00,-6.132525690700347809e+00,-1.506329432994662376e+00
3.888550696280299590e+00,-6.131797899428417686e+00,-1.696832064831343301e+00
3.892530574223313611e+00,-6.131372230344033447e+00,-1.946651365842942072e+00
3.894854146034051556e+00,-6.132073054706829396e+00,-2.150696436724293115e+00
3.898871070768723968e+00,-6.133020810015698210e+00,-2.341611490187911038e+00
3.861541853209397246e+00,-6.177128384078933721e+00,-2.218137243195143160e+00
3.860209181177743254e+00,-6.178051030818500600e+00,-2.020713307835552808e+00
3.859182428863244141e+00,-6.178509754975110013e+00,-1.822541106806815359e+00
3.857464822713993158e+00,-6.179746406745860732e+00,-1.631838203997101999e+00
3.856262869810833216e+00,-6.181166183460379493e+00,-1.435093905515546719e+00
3.872269907979501546e+00,-6.275106038129682595e+00,-1.452317477079962282e+00
3.872960476367147908e+00,-6.274510797254370331e+00,-1.626638664412836999e+00
3.873014204153252482e+00,-6.274598316288397370e+00,-1.813346493692006289e+00
3.874013322658523162e+00,-6.274197262523427909e+00,-2.000370966172168696e+00
3.871135561427037963e+00,-6.283373758174655599e+00,-2.150399059195849727e+00
3.814630789995631766e+00,-6.367994787739621465e+00,-2.154967340745783222e+00
3.778553044591213883e+00,-6.422631744268337606e+00,-2.297925971401188594e+00
3.709952714607342550e+00,-6.492037749803495572e+00,-2.375222703132972235e+00
3.637174578845828954e+00,-6.563227593705328822e+00,-2.371362330219151104e+00
3.570894189120207507e+00,-6.629038388910349688e+00,-2.374133761273641063e+00
3.500252784850443444e+00,-6.699306188586787947e+00,-2.372029687873181469e+00
3.489195123836274615e+00,-6.716108783727300136e+00,-2.526196817815384854e+00
3.489914162046366286e+00,-6.718011793029082135e+00,-2.729318805629543654e+00
3.490295244233655669e+00,-6.720287608063555851e+00,-2.927078650758047296e+00
3.488574962011183445e+00,-6.722698189466626673e+00,-3.132448457295569089e+00
3.486808578335671260e+00,-6.724403457084167535e+00,2.950228323773955275e+00
3.485811332657909212e+00,-6.725255671687433434e+00,2.732264161411366743e+00
3.484923229530778599e+00,-6.725297988641504965e+00,2.542676071311241515e+00
3.485466459631367808e+00,-6.724952076594919781e+00,2.341881487724513988e+00
3.485018578649165200e+00,-6.723630884576170530e+00,2.163484889880918693e+00
3.478556040820954820e+00,-6.717386404821763080e+00,2.015603084627077379e+00
3.462032620846579700e+00,-6.691350070333685451e+00,1.863458628061005040e+00
3.459890619770429332e+00,-6.687391355483471855e+00,1.687129117178691740e+00
3.458417187304934526e+00,-6.687442290179039794e+00,1.491339237884506730e+00
3.456954118662554087e+00,-6.685291085596031913e+00,1.270524003043720374e+00
3.456571601830530138e+00,-6.681307189573560734e+00,1.083804425890387613e+00
3.457171078109100737e+00,-6.676496169034000339e+00,8.942709713855839793e-01
3.470867520632732184e+00,-6.657421661058474882e+00,7.351800666338329515e-01
3.539230661773800080e+00,-6.597141922896906152e+00,6.797698804815203166e-01
3.568266692507080506e+00,-6.571925339484293360e+00,5.551579724641227953e-01
3.569246935036633595e+00,-6.567233733912440030e+00,3.662278509290303186e-01
3.568219563329805055e+00,-6.565529985130535984e+00,1.449615826873255908e-01
3.567140115797179600e+00,-6.562856556803949637e+00,-8.005870899826394993e-02
3.566855361651127154e+00,-6.561412335927579775e+00,-2.936959616674269524e-01
3.565267342283000573e+00,-6.559454605608634914e+00,-5.453412425489050364e-01
3.564423159331916668e+00,-6.558172368324028056e+00,-7.373239678676685172e-01
3.563906854652842071e+00,-6.556199408749904478e+00,-9.534487881507457407e-01
3.564067726624041033e+00,-6.554124841103608823e+00,-1.141780591314983884e+00
3.564461458056884968e+00,-6.552687748750403607e+00,-1.327655697634757992e+00
3.567484598842702415e+00,-6.550931501466812357e+00,-1.585430367973038157e+00
3.570129830703860474e+00,-6.549927998382903738e+00,-1.865078739224998117e+00
3.572797707145390245e+00,-6.550360524676360541e+00,-2.059081408536524549e+00
3.575082489650372786e+00,-6.550842174791161376e+00,-2.286785192397667199e+00
3.541721800560040379e+00,-6.586487450207945571e+00,-2.302438601631115578e+00
3.533116883169512779e+00,-6.597511505777942098e+00,-2.285746612332228533e+00
3.533254163002407022e+00,-6.599526716384765734e+00,-2.325414128792907764e+00
3.527570944347347748e+00,-6.603202147503266062e+00,-2.160090780844251768e+00
3.470932338810966300e+00,-6.686069419139882619e+00,-2.168975597869381211e+00
3.413108714415520772e+00,-6.770017521188417042e+00,-2.171870298695401935e+00
3.355861275996261828e+00,-6.852279708906114486e+00,-2.171970321670478210e+00
3.296965411483141928e+00,-6.936528278029992833e+00,-2.175489924429109045e+00
3.236900908112440245e+00,-7.022266209834892692e+00,-2.176194835738385347e+00
3.177833396981803116e+00,-7.106881233727499136e+00,-2.177683867589554012e+00
3.120022842377821348e+00,-7.188578477346794671e+00,-2.122573136342058131e+00
3.085566118102911481e+00,-7.249638937123768834e+00,-1.941737518411178920e+00
3.074488110233647209e+00,-7.281797029270082433e+00,-1.754394875643781715e+00
3.069491193077813929e+00,-7.313004661768709447e+00,-1.563279407445150593e+00
3.071987912312615254e+00,-7.345878464933945473e+00,-1.356557123630984130e+00
3.080597811827146870e+00,-7.373270301532863336e+00,-1.175048963706142091e+00
3.094260076776880197e+00,-7.403083060357206868e+00,-1.030252227003845222e+00
3.103731658151692496e+00,-7.419286390003247078e+00,-8.258081740072488186e-01
3.106044282184056815e+00,-7.420558932716614819e+00,-5.967140957582866001e-01
3.107608991156024292e+00,-7.421991778209410029e+00,-4.164046193320192213e-01
3.120589710621170632e+00,-7.428752137624783813e+00,-2.512328563447179253e-01
3.121358461975495935e+00,-7.430262387928234347e+00,-5.658312963963910841e-02
3.123165807725881926e+00,-7.433654843839799575e+00,1.948408292172323641e-01
3.124477313596898398e+00,-7.437325331863854139e+00,4.278300235481331537e-01
3.137434070381125650e+00,-7.434410769733492685e+00,6.236319223920889776e-01
3.140550962919792521e+00,-7.437101775531641756e+00,8.861752397646666113e-01
3.142375331761638080e+00,-7.437455497479529498e+00,1.067487707580043299e+00
3.145473924001870092e+00,-7.437660736655585580e+00,1.295706330044914312e+00
3.148188442155894329e+00,-7.436477071852866771e+00,1.562052465947083357e+00
3.149333761481750926e+00,-7.434783110161209407e+00,1.755491267006511702e+00
3.150693107860269127e+00,-7.432800904856505575e+00,1.931454886902558954e+00
3.150303866684012633e+00,-7.431324458741759287e+00,2.130487576869776856e+00
3.148961350543995508e+00,-7.428671729725667916e+00,2.371367180210900205e+00
3.141981561893728792e+00,-7.420526481507295102e+00,2.551369095367436390e+00
3.130924222711843896e+00,-7.413577962905547381e+00,2.699663507645440941e+00
3.097404224539621165e+00,-7.395261765895720707e+00,2.584728767044270903e+00
3.081729286420805014e+00,-7.382097247645838856e+00,2.408676487733230509e+00
3.083032606557571942e+00,-7.383497276338020221e+00,2.181625793848721795e+00
3.083576431890545866e+00,-7.384520064029460151e+00,1.971471111190943759e+00
3.084813248489258974e+00,-7.385008961081124035e+00,1.785602690544634052e+00
3.083802374105636179e+00,-7.384661365835825997e+00,1.577512925901823682e+00
3.081750223945366240e+00,-7.382932776066077452e+00,1.368729663278778208e+00
3.079820451164933637e+00,-7.381031649025481478e+00,1.178683298915315092e+00
3.080455379167307495e+00,-7.374824206871467780e+00,9.894821767767520981e-01
3.091367353404761431e+00,-7.356822085787439569e+00,8.223249461250957681e-01
3.090507234533326208e+00,-7.353816126475559933e+00,6.313704861497629883e-01
3.089482333502702627e+00,-7.351950724532782644e+00,4.487229956597240110e-01
3.088227029106978438e+00,-7.350782980033758740e+00,2.721538005748287969e-01
3.086120252012058085e+00,-7.348333380948194105e+00,3.386208982120249289e-02
3.085682028739103355e+00,-7.345782774334986165e+00,-1.708163268695939430e-01
3.084792447416511152e+00,-7.343418041410016528e+00,-4.062353790858023728e-01
3.082928517811274194e+00,-7.341353997763602202e+00,-6.297182467040207676e-01
3.081536284183227892e+00,-7.339904916850102268e+00,-8.231499631815968332e-01
3.079808511962035311e+00,-7.337984179623879832e+00,-1.046447920667916476e+00
3.078749152101161624e+00,-7.336121845016167597e+00,-1.272241222454527643e+00
3.079640001824146101e+00,-7.334752554683546144e+00,-1.458794607975676172e+00
3.081181906858144526e+00,-7.333844884662759966e+00,-1.675341859259857014e+00
3.083803798621810976e+00,-7.333235881715249427e+00,-1.902498571270162975e+00
3.086015902084447760e+00,-7.333837026339052656e+00,-2.095481843872855965e+00
3.088300020210846153e+00,-7.336007806126266573e+00,-2.319501508766457221e+00
3.090522688653023042e+00,-7.338703743213696562e+00,-2.547782699098143588e+00
3.092765344597543375e+00,-7.341240806197813384e+00,-2.806112853168976518e+00
3.094758193169531157e+00,-7.343491863572768175e+00,-3.046259039418497405e+00
3.096422620269152048e+00,-7.345624087524480039e+00,3.013526274509354952e+00
3.097253529469980560e+00,-7.347016042972540184e+00,2.835281498996653049e+00
3.097551139072480808e+00,-7.349249945047563237e+00,2.592260902788926735e+00
3.098225443019905878e+00,-7.351370090069480057e+00,2.366832248745494027e+00
3.099779474191583617e+00,-7.352600782598964990e+00,2.189166128745558826e+00
3.101279821810729143e+00,-7.354800677876202286e+00,1.949348388429989809e+00
3.100301286002335566e+00,-7.357108730464675617e+00,1.723825389056892865e+00
3.099281326301630557e+00,-7.358136230824424473e+00,1.546923998301402481e+00
3.096157828056235406e+00,-7.358561756782919794e+00,1.306212656588366716e+00
3.092932014311102318e+00,-7.357921654702701986e+00,1.049301798381377937e+00
3.090161345670508375e+00,-7.354387613794134637e+00,8.221585307111616281e-01
3.088288569493769398e+00,-7.351450691094585821e+00,5.876306423678843149e-01
3.174083192631831807e+00,-7.300401364995915188e+00,5.006360781364375123e-01
3.262925731831068710e+00,-7.254094717501787137e+00,4.068808528435955418e-01
3.357007489265730449e+00,-7.217911005378753408e+00,2.723263723841239381e-01
3.433643197916710132e+00,-7.201636715616603901e+00,9.232010871066244351e-02
3.483625930617903155e+00,-7.201130693315323406e+00,-5.252556768197069736e-02
3.583225443761017370e+00,-7.211152194395139325e+00,-8.344700291040701989e-02
3.588727200823059071e+00,-7.211492463226218952e+00,1.050469456810312757e-01
3.686678577822337655e+00,-7.197010042965647614e+00,2.041895648023446252e-01
3.786606382566547246e+00,-7.179659051749426091e+00,1.969191924113577186e-01
3.885843178327831549e+00,-7.161886020222353544e+00,2.811304486401284830e-01
3.978860237316920401e+00,-7.127124796062118683e+00,4.333449621779719707e-01
4.071166649374142743e+00,-7.086529907280778140e+00,4.484230741154202060e-01
4.158848284550718866e+00,-7.037264368519682733e+00,5.881495964872179849e-01
4.238565016703577548e+00,-6.977252136052344511e+00,6.966423265646811691e-01
4.306685605513287385e+00,-6.926132101350857440e+00,6.191302109420023791e-01
4.299460211477600602e+00,-6.925313690557961088e+00,4.566435081073846880e-01
4.298980166135941694e+00,-6.922837511334453353e+00,2.408030581480106735e-01
4.298309197677885329e+00,-6.920520151990959157e+00,7.638795396053030956e-03
4.297188794571689563e+00,-6.919451557060882330e+00,-2.322309178822519193e-01
4.295986828481277442e+00,-6.917851176540534830e+00,-4.630626953951113012e-01
4.294043549523251180e+00,-6.916802675938174438e+00,-7.305219202121583377e-01
4.292882353697252462e+00,-6.915278406621751195e+00,-9.313362451770351713e-01
4.293106832661067074e+00,-6.914251328874673419e+00,-1.168992372334427099e+00
4.294130050363135886e+00,-6.913365428813540881e+00,-1.370002125997605846e+00
4.298469372686244405e+00,-6.923627921062537993e+00,-1.550992292769842296e+00
4.300637541742369230e+00,-6.923912588218481545e+00,-1.741969060009852743e+00
4.304134194943926239e+00,-6.924457956019852034e+00,-1.989642580004213235e+00
4.305869128151433856e+00,-6.924531915709064123e+00,-2.166419078891180572e+00
4.308788386731758457e+00,-6.927528778495859463e+00,-2.441760497622866399e+00
4.311276148047981316e+00,-6.930424540254661814e+00,-2.634717168836144818e+00
4.296867742113898103e+00,-6.940863303503096660e+00,-2.803829342592488061e+00
4.298711261611574130e+00,-6.942703090215308848e+00,-2.983095631173500628e+00
4.299506658028882100e+00,-6.944691581651576406e+00,3.112004653133421783e+00
4.300680410788673136e+00,-6.946806971775075112e+00,2.934543890705241687e+00
4.301328401012582958e+00,-6.949486867870967366e+00,2.751771755814397924e+00
4.302481818501397548e+00,-6.951912466806082769e+00,2.572012893972282388e+00
4.303180727011138629e+00,-6.954518150193754522e+00,2.387444345304584381e+00
4.304720843933328212e+00,-6.957092809340450934e+00,2.205602485647384814e+00
4.305401779513339910e+00,-6.959874854018763379e+00,2.025918820795252095e+00
4.305615247607673446e+00,-6.961651960700952380e+00,1.848526855038347572e+00
4.305469184766241852e+00,-6.963353420061564769e+00,1.665924253008022493e+00
4.304948614082326763e+00,-6.964973879128021572e+00,1.484326735598879621e+00
4.303438148041671241e+00,-6.963297531459197387e+00,1.303250231151825700e+00
4.301391564615268948e+00,-6.961381920862080186e+00,1.113038358652853388e+00
4.299596462778577433e+00,-6.960690977680834557e+00,9.310998506858166879e-01
4.297674364443591521e+00,-6.958094504708005168e+00,7.529851128393626469e-01
4.296138225932216059e+00,-6.955540633959839347e+00,5.678062963978468547e-01
4.296398547962755110e+00,-6.952244828617076600e+00,3.759258506396419564e-01
4.295514994940908160e+00,-6.949913559663371210e+00,1.791040066434489708e-01
4.293898104157647388e+00,-6.948605949960927397e+00,-2.483512656224708820e-02
4.292813663935055146e+00,-6.946273642962657924e+00,-2.264950339730676665e-01
4.308059434487666373e+00,-6.950205302328146040e+00,-4.381311992084385709e-01
4.306574140278262242e+00,-6.948458744494386607e+00,-6.417234885958663648e-01
4.305789550746460748e+00,-6.946445386555908819e+00,-8.491969385315998320e-01
4.305084775985398515e+00,-6.944050563435378187e+00,-1.074410667274163567e+00
4.304822355083111063e+00,-6.941983507416016330e+00,-1.296368821204641808e+00
4.306067002575792557e+00,-6.940408116842921693e+00,-1.488794757554810388e+00
4.307166716419656538e+00,-6.938370618495673270e+00,-1.672218224142610010e+00
4.309087716568406279e+00,-6.937336420834732564e+00,-1.851981741298737161e+00
4.311493587733051136e+00,-6.937614269424073221e+00,-2.033837436165494506e+00
4.313692497163929218e+00,-6.939259680503739425e+00,-2.222242197611801640e+00
4.300067888696992746e+00,-6.956989423104906756e+00,-2.356289086265006993e+00
4.229205920446550415e+00,-7.027509034607869687e+00,-2.351023060999698711e+00
4.155430258108864017e+00,-7.099761009731008876e+00,-2.446895283014024702e+00
4.067372457452019141e+00,-7.160628602261540188e+00,-2.603605537936947822e+00
4.028702313601975504e+00,-7.179786750384225869e+00,-2.641032652793752433e+00
3.938249954834525557e+00,-7.224049764264394824e+00,-2.656696229781474461e+00
3.860642522390278053e+00,-7.272054031125202656e+00,-2.456557676095743936e+00
3.825976244538193072e+00,-7.305772614433781342e+00,-2.248565233750874803e+00
3.798820922281466395e+00,-7.346596175157054986e+00,-2.032744099130862736e+00
3.780914930987275380e+00,-7.393025838683033868e+00,-1.816955912355229463e+00
3.773408861418656279e+00,-7.439776604289093598e+00,-1.610294255783990103e+00
3.775482744575679561e+00,-7.486053586621260969e+00,-1.404784146374566500e+00
3.788124525548207000e+00,-7.534260065525259620e+00,-1.217710456249114559e+00
3.807555081095508331e+00,-7.575360741901282502e+00,-1.039918044540111275e+00
3.836219227108850216e+00,-7.615240491254865240e+00,-8.457178207221729416e-01
3.878475695535062773e+00,-7.652984205761518943e+00,-6.384509611589531675e-01
3.910245425134418085e+00,-7.673845054087259143e+00,-5.733423817476240858e-01
3.966786925152903098e+00,-7.720675893617107377e+00,-7.439332430041445399e-01
3.986737468805870765e+00,-7.741863593014206124e+00,-5.964326387687417519e-01
4.026664436310966266e+00,-7.769855669388694430e+00,-4.456019905871832498e-01
4.033804264975519693e+00,-7.773466644789070124e+00,-2.556555717883448597e-01
4.042799992989943192e+00,-7.776137155434677872e+00,-8.914054999725255779e-02
4.142965415375424953e+00,-7.780872946650541522e+00,-7.499540273437801940e-02
4.243320940282754528e+00,-7.787594233624918871e+00,-8.603829571341516103e-02
4.265100750151069597e+00,-7.789641118761256422e+00,7.057343860884619791e-02
4.365458345127184003e+00,-7.778966743900583403e+00,1.198959683392837594e-01
4.429519134794349888e+00,-7.767327252110890257e+00,2.729215892969263924e-01
4.520376737342022722e+00,-7.744890187824815975e+00,1.309030331582319295e-01
4.565366034880631751e+00,-7.736717406344557624e+00,3.007390272793142860e-01
4.590531103728137552e+00,-7.727903490955550403e+00,4.895304848709620682e-01
4.601724672717834252e+00,-7.720702391993145675e+00,6.802532733762527428e-01
4.647630926893752346e+00,-7.682181447865375823e+00,7.126530322431188225e-01
4.682810801151561897e+00,-7.652606186946672828e+00,5.274662134674098501e-01
4.771850545034909352e+00,-7.604328281493961228e+00,5.320745956776478103e-01
4.833564346123639055e+00,-7.562780258364074193e+00,6.952928803169153849e-01
4.913525522902250309e+00,-7.492995807785488793e+00,7.963919438678498386e-01
4.968052635206520407e+00,-7.438276178958271423e+00,9.061776679941367929e-01
4.985074816613398241e+00,-7.426557053863292346e+00,1.038310802363481056e+00
4.986946221972456961e+00,-7.426402596724663852e+00,1.240766926263041636e+00
4.988617011718388561e+00,-7.427960900150693213e+00,1.443907833111926609e+00
4.990863213783494956e+00,-7.428437960331069512e+00,1.666004050151344229e+00
4.992328910752659610e+00,-7.428133560499469823e+00,1.844157193113415527e+00
4.993990258249928260e+00,-7.427634185898636332e+00,2.058452505369089192e+00
4.995491339494534166e+00,-7.426934002865372975e+00,2.268913554513267261e+00
4.996631007667971858e+00,-7.425426340579156737e+00,2.507608386750152185e+00
4.997069695592693428e+00,-7.423412537946318501e+00,2.722777894883158023e+00
4.973387010199603608e+00,-7.411762488662329673e+00,2.827834987009496537e+00
4.972834492989529842e+00,-7.409993002641220627e+00,3.005377446214254622e+00
4.969466824948729489e+00,-7.408875343469738084e+00,3.038669393017026543e+00
4.951220398657260269e+00,-7.406676375350370378e+00,2.868991840565718654e+00
4.952406375521991144e+00,-7.408457948019010253e+00,2.687137527901930500e+00
4.953378681948768403e+00,-7.410366146296752277e+00,2.506723395774308916e+00
4.939938154797098413e+00,-7.398510611440466178e+00,2.340008858372612188e+00
4.926475731021849214e+00,-7.384527315563244265e+00,2.530751756317015655e+00
4.920722196566975626e+00,-7.379762915380144506e+00,2.711726709039841143e+00
4.920020724939613288e+00,-7.378122784865813522e+00,2.922579415814273052e+00
4.918220640952352340e+00,-7.376326781665660803e+00,3.099314760518169454e+00
4.915734762065845587e+00,-7.375066400232782371e+00,-2.995329431678010135e+00
4.912349691021464793e+00,-7.374177571410187149e+00,-2.791820709455176797e+00
4.909052184362288074e+00,-7.373674281126906038e+00,-2.596422224045298766e+00
4.906924892913142600e+00,-7.372766420109878815e+00,-2.402912531435531296e+00
4.903491680882067882e+00,-7.372968603117823427e+00,-2.203913491088443699e+00
4.850318491099772977e+00,-7.453632363091551305e+00,-2.058670611292430230e+00
4.819548334448446880e+00,-7.505422353588618201e+00,-2.215353840380990480e+00
4.753148876515654209e+00,-7.582553374981485739e+00,-2.295255668098068025e+00
4.686306187791706712e+00,-7.657753836441394846e+00,-2.295477124759099485e+00
4.616698522399672378e+00,-7.736550706817494572e+00,-2.291382294470146963e+00
4.549194127416983591e+00,-7.813609388511543408e+00,-2.290013999198896144e+00
4.478046218079845708e+00,-7.892212652195007117e+00,-2.342670703562780510e+00
4.413437280617425351e+00,-7.950162869015556133e+00,-2.510992577806366199e+00
4.350725647816381603e+00,-7.990092509203172710e+00,-2.659001465511035445e+00
4.266947196229510020e+00,-8.026542437633938931e+00,-2.844180771203268954e+00
4.178670773764936008e+00,-8.047486651160548732e+00,-3.024397582420904396e+00
4.095194568207578101e+00,-8.052029183878291363e+00,3.100015108102803563e+00
4.061657256209173283e+00,-8.052790063900504336e+00,2.931890013794646421e+00
4.051988770013021046e+00,-8.051373662797503883e+00,2.744679787482162237e+00
4.043616435976302270e+00,-8.048380964602909415e+00,2.562945813675209905e+00
4.040327474181370171e+00,-8.047185467095109956e+00,2.332413925230509388e+00
4.039953219018074471e+00,-8.047675814972532038e+00,2.132775911085491582e+00
4.039376271285437525e+00,-8.049838837334032604e+00,1.947091539699782325e+00
4.038332874295829100e+00,-8.051198027453146722e+00,1.744824072233413181e+00
4.036077526827883233e+00,-8.052276688393945392e+00,1.505935904581272355e+00
4.034159260670261204e+00,-8.052751255149257048e+00,1.331093563170582472e+00
4.031644513976253563e+00,-8.052524877689654303e+00,1.103989211646098978e+00
4.033910318197660771e+00,-8.042558506648781247e+00,9.577426131744107840e-01
4.047270948518015388e+00,-8.023097408279106446e+00,7.669457241029699057e-01
4.071604984848529618e+00,-7.999152478357318685e+00,6.219181081417236578e-01
4.072475347638633281e+00,-7.997436922243907453e+00,4.077375844294936491e-01
4.071446053301439605e+00,-7.995845494378853502e+00,2.057306353381903874e-01
4.069685821114371826e+00,-7.993717432972405668e+00,1.646161205577261963e-02
4.068101028703015487e+00,-7.991621396809438949e+00,-1.908553330430899919e-01
4.066689176000993555e+00,-7.989233490528379278e+00,-4.399157619565387534e-01
4.065632239047129559e+00,-7.987255580817350875e+00,-6.291655287398439933e-01
4.065196059154500219e+00,-7.985311884699392238e+00,-8.064851462982405295e-01
4.065435250736732620e+00,-7.983258401742281407e+00,-1.030070886732978641e+00
4.065782846999544731e+00,-7.981442533256045024e+00,-1.207799077788475728e+00
4.067306390811975092e+00,-7.978530586219403808e+00,-1.399260594870115337e+00
4.069223221678068825e+00,-7.987136384537559586e+00,-1.571826649135026122e+00
4.070168342918166537e+00,-7.987484640891166165e+00,-1.750431254230171429e+00
4.071424814829292416e+00,-7.987233871800714091e+00,-1.930440772914557401e+00
4.034380006841212563e+00,-8.069410267199190301e+00,-2.090260728111832389e+00
3.972640169357651629e+00,-8.153506580357523958e+00,-2.246959753130630233e+00
3.903566616553869384e+00,-8.231558007101483554e+00,-2.332878551502416187e+00
3.824633933293927424e+00,-8.307067414324974308e+00,-2.394114611901960732e+00
3.745037057797477864e+00,-8.375145790492886988e+00,-2.450838649045407269e+00
3.659894908680669356e+00,-8.441653219799334806e+00,-2.504747909421952912e+00
3.577540369766106565e+00,-8.498950391946920035e+00,-2.552281508698642565e+00
3.494140308410695450e+00,-8.554359124718089902e+00,-2.554835623351521701e+00
3.409757977348913727e+00,-8.609877868463607697e+00,-2.556520464300950479e+00
3.323162436196776426e+00,-8.667779714206591990e+00,-2.555982707339342852e+00
3.237447394448292659e+00,-8.724638924037950716e+00,-2.564497539522559766e+00
3.230681861591147896e+00,-8.729853130536705308e+00,-2.740286273854648957e+00
3.231911478888140010e+00,-8.731385711400582395e+00,-2.904374678202606308e+00
3.163622603262811417e+00,-8.746918969682383249e+00,-3.083840821699981305e+00
3.144300691158487204e+00,-8.747571391165918087e+00,3.016473680748788411e+00
3.123565858718242438e+00,-8.744044150745368782e+00,2.844548594142603193e+00
3.042292878835280323e+00,-8.714354469704536754e+00,2.682030661744595701e+00
3.036272345794595928e+00,-8.712333225901115696e+00,2.503214737850195881e+00
3.030825000399638647e+00,-8.709266070586066277e+00,2.326405861349456039e+00
3.025788229249042782e+00,-8.704759016399536975e+00,2.147453969467374879e+00
3.022016929480025649e+00,-8.699923756134907649e+00,1.968731549188865726e+00
3.018268274938872509e+00,-8.691061435969459126e+00,1.779722337547841926e+00
3.016013472334388101e+00,-8.683430064741862964e+00,1.603944735385488540e+00
3.015449447391589377e+00,-8.676917687195579987e+00,1.427105451293781302e+00
3.015638507145090852e+00,-8.669919391609228754e+00,1.247766056073940089e+00
3.017368206135825570e+00,-8.663000050975263377e+00,1.069056386093001576e+00
3.021727729696110920e+00,-8.654523112587463984e+00,8.865091868361576477e-01
3.029473326103122144e+00,-8.644890357261948211e+00,7.051117780945960201e-01
3.036473874753170321e+00,-8.638194443341445705e+00,5.276049327492333685e-01
3.051666478865449950e+00,-8.629667575026973125e+00,3.457676704334468054e-01
3.058321871583877805e+00,-8.626096309502859327e+00,1.685797483452892709e-01
3.067001428847844657e+00,-8.623996293415196135e+00,-1.945108234773475220e-02
3.074846763315189246e+00,-8.623809779281488730e+00,-1.953901184949744796e-01
3.085436875567178827e+00,-8.625898979117929244e+00,-3.724842167439127993e-01
3.100615621705502090e+00,-8.632563036286020619e+00,-5.188486388421982287e-01
3.146624917093753915e+00,-8.658073462179856961e+00,-6.738167453135854856e-01
3.162077295612792494e+00,-8.672811383094984450e+00,-8.394162248237972968e-01
3.162794538129215294e+00,-8.672837182090056274e+00,-1.022769175854285395e+00
3.164061681613984156e+00,-8.673033522435149578e+00,-1.232330050103865204e+00
3.165303702424098198e+00,-8.674211951038302004e+00,-1.428597470174382655e+00
3.166487545303165785e+00,-8.675633242058308880e+00,-1.613717481504562956e+00
3.167865046561315623e+00,-8.677723212226434057e+00,-1.822181602030324088e+00
3.168988126566957941e+00,-8.679864099048005599e+00,-2.008465733177000612e+00
3.168944890975430528e+00,-8.683117695259371160e+00,-2.217772363421994797e+00
3.168551538406139123e+00,-8.686500120788634760e+00,-2.413457399192983743e+00
3.167747099592809867e+00,-8.689618950724922186e+00,-2.596693137767646320e+00
3.166099674365462580e+00,-8.692871498067495040e+00,-2.806771137433086150e+00
3.104651658265124681e+00,-8.710648075039451044e+00,-2.975338557839028120e+00
3.065514621523987682e+00,-8.716126005056748838e+00,-3.137089836683997213e+00
3.060185769575566095e+00,-8.717222333177607752e+00,2.967353344061701925e+00
3.052542795041254031e+00,-8.716604471645823082e+00,2.781682820825510660e+00
3.046040034478502356e+00,-8.715473897929580716e+00,2.620558193623829801e+00
3.017996788396642316e+00,-8.700061591815190454e+00,2.466566107409683184e+00
3.015455088206103085e+00,-8.698880688466921640e+00,2.286877973326384428e+00
3.015470978484044995e+00,-8.700707641504596523e+00,2.103892357021182491e+00
3.010646086211171468e+00,-8.692686015911311515e+00,1.960655949091444361e+00
2.974360546129244387e+00,-8.601487823149714274e+00,1.988489530315616927e+00
2.970408221440984597e+00,-8.591821911690258773e+00,2.160039275512249723e+00
2.950359354847047921e+00,-8.566149296548317693e+00,2.316692254479371105e+00
2.948856911386606772e+00,-8.563761063307111954e+00,2.494428628217058019e+00
2.945908564448170175e+00,-8.561247574535498117e+00,2.674365605417736269e+00
2.942073607341121555e+00,-8.558845043271206876e+00,2.785871848260645489e+00
2.921068652969315504e+00,-8.549020694128497411e+00,2.633148020916853849e+00
2.831674480513993508e+00,-8.500468749154746817e+00,2.631224806833659446e+00
2.750409402500305411e+00,-8.456060783214045529e+00,2.819099396708265370e+00
2.747965737425754007e+00,-8.453709901735363630e+00,3.029979413142771083e+00
2.745230195444528398e+00,-8.451326766023136372e+00,-3.066196597828939385e+00
2.741844651459834026e+00,-8.449556764098714368e+00,-2.854559289113462572e+00
2.739435768601568455e+00,-8.447970396447580299e+00,-2.611716022062303466e+00
2.736701736523005302e+00,-8.446524896772581670e+00,-2.431454390810250832e+00
2.733220937410967721e+00,-8.446082004928019416e+00,-2.211594305835677510e+00
2.730374741202484579e+00,-8.445605276725657973e+00,-1.961065220958554400e+00
2.727551051488994460e+00,-8.446530953370798400e+00,-1.716435112589324463e+00
2.724641849896352053e+00,-8.450454011022356937e+00,-1.501283891046187646e+00
2.723385502084900711e+00,-8.454295214212164566e+00,-1.304358601091219150e+00
2.723654758816398846e+00,-8.457425376511848114e+00,-1.070845402244628541e+00
2.724009590487651788e+00,-8.459399682803482534e+00,-8.946368386065337575e-01
2.725097630353118472e+00,-8.462985766890149364e+00,-7.195566781359263864e-01
2.805747173811359740e+00,-8.523880099784168607e+00,-6.322278487086705479e-01
2.888580340591333506e+00,-8.584376278495577495e+00,-6.336999795669314706e-01
2.973565511380847681e+00,-8.646515638637994883e+00,-6.370455904251356438e-01
3.057752888140413461e+00,-8.708587041705476040e+00,-6.294102742706518816e-01
3.124750143731282570e+00,-8.751327982380624704e+00,-4.474511834838977853e-01
3.125155695578500481e+00,-8.752950617837557346e+00,-2.559714886150298851e-01
3.137054583560499932e+00,-8.756796032162817767e+00,-9.507412629353644007e-02
3.181076678090891896e+00,-8.759535160541936705e+00,4.540031752600023202e-02
3.276507113220903378e+00,-8.757828517381168965e+00,3.538600521224874451e-02
3.288972873568984934e+00,-8.759961410124855519e+00,1.960802499034764168e-01
3.303851444184675135e+00,-8.759098763422111134e+00,3.752451708396546404e-01
3.304991791759082087e+00,-8.760248372885374835e+00,5.641841057315797325e-01
3.351726517292035190e+00,-8.725706754766955342e+00,7.000026345989761589e-01
3.385666110216327684e+00,-8.693287801345235266e+00,8.644599701640270917e-01
3.406302983068977941e+00,-8.665718733854317790e+00,1.044410032195550064e+00
3.417435179967034387e+00,-8.644206906919428945e+00,1.214093015019051647e+00
3.425658905113562192e+00,-8.619045201232967912e+00,1.392407299295432610e+00
3.430326902417878188e+00,-8.576457002459520140e+00,1.552601125053741482e+00
3.428370915965753163e+00,-8.598782719629513238e+00,1.651872292332445591e+00
3.427548843313097393e+00,-8.590328301820957080e+00,1.829421620903510570e+00
3.421854918992967232e+00,-8.566717599364938707e+00,1.762812905978665023e+00
3.430419619188601388e+00,-8.609086724495417897e+00,1.612004595968975496e+00
3.431343423920242053e+00,-8.590903258574218881e+00,1.399621517422388717e+00
3.431281851640640035e+00,-8.586791486004349494e+00,1.222612144592860606e+00
3.440883607395241128e+00,-8.563863601560461447e+00,1.049864060294392942e+00
3.455436410801032476e+00,-8.540552698846067159e+00,8.643546589769885991e-01
3.474360000677420235e+00,-8.520008054942911357e+00,6.892848014069422602e-01
3.507711185188263858e+00,-8.493001697907402558e+00,5.827501203362963622e-01
3.524374353637548030e+00,-8.480025581870618723e+00,6.625650424955007445e-01
3.553225394014836613e+00,-8.453238027049847503e+00,5.066214405067159809e-01
3.589458342261295787e+00,-8.434219468419332344e+00,3.341404356592683200e-01
3.621846257195041385e+00,-8.422858130557507650e+00,1.939935275331459708e-01
3.645073304104053502e+00,-8.413836124165369412e+00,1.622315419566502104e-01
3.645906009488944832e+00,-8.414638757967972893e+00,3.370154308275954969e-01
3.646776119642740177e+00,-8.415788670342005062e+00,5.177895751026396765e-01
3.647639261957746459e+00,-8.416829221381776804e+00,6.982280252937143050e-01
3.648898948007186949e+00,-8.417160507761266786e+00,9.032314487823139837e-01
3.650648744613979257e+00,-8.416722552057478879e+00,1.102603177502894161e+00
3.651810124799661494e+00,-8.415423541827035336e+00,1.286662598140330127e+00
3.653081455029013380e+00,-8.414014825321009639e+00,1.470590148059700564e+00
3.654492300790079806e+00,-8.411466364123423745e+00,1.667375177377426798e+00
3.655059867310562094e+00,-8.409029612152586708e+00,1.845046056564823900e+00
3.655746630934036734e+00,-8.405540458544104254e+00,2.012626265223773192e+00
3.611555891322507872e+00,-8.310901355203499818e+00,2.009249504672488751e+00
3.566578226195503909e+00,-8.212984800453293488e+00,2.003567392576887762e+00
3.522526389666233992e+00,-8.116605571267816899e+00,2.004046034330600357e+00
3.474495537167232140e+00,-8.016999005361142849e+00,2.045432011118134774e+00
3.422014112643088968e+00,-7.934110579050793532e+00,2.193128410668319095e+00
3.354417908056375186e+00,-7.859495904870249738e+00,2.372972024220807885e+00
3.302815131657223180e+00,-7.817610414801226426e+00,2.484321883985745050e+00
3.214621599566308330e+00,-7.759384784036947202e+00,2.580367149700401708e+00
3.122215769137258068e+00,-7.701601126927024588e+00,2.546316096131501006e+00
3.083111962838977149e+00,-7.669320000378314184e+00,2.348296669211763721e+00
3.054591707499053399e+00,-7.636286657450560789e+00,2.143347351527292055e+00
3.035842044646340554e+00,-7.603928319839640793e+00,1.943663642664591018e+00
3.025530929090246346e+00,-7.571099530741435935e+00,1.733376276979248010e+00
3.022579576698370296e+00,-7.543117553406066378e+00,1.553669436601919251e+00
3.023939857266511932e+00,-7.517794864173914959e+00,1.374627625324765567e+00
3.024480302415078814e+00,-7.510250294175424557e+00,1.453370422126392114e+00
3.024567763736115467e+00,-7.508362131251248073e+00,1.646800102064943205e+00
3.024665317244032980e+00,-7.506393014108030393e+00,1.827095658880315554e+00
3.024856433770388264e+00,-7.504040667624956917e+00,2.027402558988812942e+00
3.025285670713502739e+00,-7.502046179908556489e+00,2.200622327732781436e+00
3.025296425115838961e+00,-7.498725824143492424e+00,2.386526494921501040e+00
3.010359697728778094e+00,-7.484727071458574521e+00,2.560422997589978156e+00
2.925613997953730117e+00,-7.431430067890245184e+00,2.590024527799184906e+00
2.837380425594929534e+00,-7.375983955466730357e+00,2.588697311413219904e+00
2.751223802951615394e+00,-7.321757300040204974e+00,2.559205465180657058e+00
2.702588636671828137e+00,-7.286109449385917536e+00,2.393677160058223841e+00
2.701931919611535449e+00,-7.287671255444910123e+00,2.184655934878524164e+00
2.701555888081612622e+00,-7.289060718168289377e+00,1.995468447701909342e+00
2.700022121679302334e+00,-7.290718759975320928e+00,1.800820612002250076e+00
2.697778793517290996e+00,-7.291758088952859929e+00,1.550101561348148804e+00
2.695144207480703269e+00,-7.292196678672165255e+00,1.301650964304866820e+00
2.692714103273748272e+00,-7.292244144379046666e+00,1.107760123199880375e+00
2.689750750274560787e+00,-7.291433059538484862e+00,8.967191721380974867e-01
2.686542080788607567e+00,-7.289260434930711519e+00,6.316280973706248636e-01
2.684184100026936193e+00,-7.287193151308883898e+00,4.418610383865449465e-01
2.681080068187884802e+00,-7.284157149218807525e+00,1.368146059592252328e-01
2.679498178321068735e+00,-7.281761826524461689e+00,-3.744619077461385642e-02
2.678056545128085109e+00,-7.279537233557036302e+00,-2.234064899422437134e-01
2.677021789308857702e+00,-7.276917886415421144e+00,-4.147107266618387245e-01
2.675910237569250505e+00,-7.274168173443233520e+00,-6.265967355329600252e-01
2.675370853117491343e+00,-7.271112945164522223e+00,-8.948418829852299305e-01
2.675643951542399535e+00,-7.268866595526162655e+00,-1.085279609832927816e+00
2.676946923459003091e+00,-7.265555492435400886e+00,-1.389638364710899410e+00
2.679086220184224043e+00,-7.263388016969679839e+00,-1.656566239208012936e+00
2.680674228698214812e+00,-7.262486825199340856e+00,-1.835848572392442479e+00
2.682780137975333101e+00,-7.261616335502766972e+00,-2.045551738651218088e+00
2.685198261473495496e+00,-7.261675724753978933e+00,-2.240503935326778162e+00
2.687031138690754606e+00,-7.262197698187200956e+00,-2.425341734641095481e+00
2.688840074562671933e+00,-7.263343605297635008e+00,-2.602854768553800380e+00
2.690739206008536666e+00,-7.264792911981750478e+00,-2.789654255343037459e+00
2.692439393641394840e+00,-7.266539695891616191e+00,-3.007623160701614839e+00
2.693191567090715832e+00,-7.267926255702774618e+00,3.090342851553092185e+00
2.694288563849553508e+00,-7.269545408219468818e+00,2.916261842724895192e+00
2.694943518561930151e+00,-7.271555641157497085e+00,2.729367633558385631e+00
2.695067109953501294e+00,-7.273846310024772777e+00,2.515611475403735309e+00
2.695195246310960524e+00,-7.275496122951921052e+00,2.336828217396586638e+00
2.694455257039573226e+00,-7.277724776079273816e+00,2.146571401576824023e+00
2.692558541591566268e+00,-7.281119224115731647e+00,1.840369984142528503e+00
2.690511766227206003e+00,-7.282237767591419164e+00,1.666155912891946311e+00
2.688745786841495455e+00,-7.282784902772460711e+00,1.475934149706366494e+00
2.686123103784105126e+00,-7.283329129167446681e+00,1.285070485515384053e+00
2.683286823609821958e+00,-7.283540839261083200e+00,1.073716519376983092e+00
2.679911909533004621e+00,-7.282044759645231125e+00,8.076043694744166057e-01
2.677451519476752750e+00,-7.280217970878867462e+00,6.199393911741443164e-01
2.675037370694985928e+00,-7.278272297138451918e+00,4.457817186157230771e-01
2.672533454941125708e+00,-7.276087811035081288e+00,2.208458540667629644e-01
2.671243737692759357e+00,-7.273978337095075020e+00,4.691878608369685205e-02
2.669954792795478760e+00,-7.271592131337110132e+00,-1.440479261783945697e-01
2.668474793906423947e+00,-7.268049901932674750e+00,-4.486416721753950232e-01
2.667061176780971987e+00,-7.264498253202311240e+00,-7.168486220925519570e-01
2.666842512166530454e+00,-7.262205856799792691e+00,-9.096402039917110827e-01
2.667654258834128544e+00,-7.258557717461793679e+00,-1.214812620286928269e+00
2.669300314556535714e+00,-7.256041325468670422e+00,-1.480222065400963904e+00
2.670762755844493519e+00,-7.254388863467696957e+00,-1.667017954385172640e+00
2.672920246157219459e+00,-7.253355661778738472e+00,-1.869701658563125424e+00
2.674543970454798636e+00,-7.252691845539159132e+00,-2.049184946406039209e+00
2.676948050209471131e+00,-7.252666872843309243e+00,-2.291576166777069989e+00
2.679801236919921337e+00,-7.253766650444156916e+00,-2.554777782585878398e+00
2.681812269374300062e+00,-7.255353753912407555e+00,-2.780153396388205245e+00
2.683410036684624522e+00,-7.256963184210992956e+00,-3.011329458967931583e+00
2.685100351955490794e+00,-7.259132853337146862e+00,3.025938020412705320e+00
2.686153242127400365e+00,-7.261174298358818113e+00,2.809999610015359472e+00
2.686412693531249118e+00,-7.263618205053314902e+00,2.577755208295723133e+00
2.686353490474338468e+00,-7.266373448318302231e+00,2.330483407068784096e+00
2.685624045881476629e+00,-7.268815756116525861e+00,2.112613142336174477e+00
2.684306660753741802e+00,-7.271097754236563127e+00,1.863860212441376119e+00
2.682250116311579280e+00,-7.272565489890060242e+00,1.648918336819487518e+00
2.679598872187245462e+00,-7.273387731908235843e+00,1.418834088679766348e+00
2.676524203588686923e+00,-7.273994645351447019e+00,1.200875298375240430e+00
2.673218777343116415e+00,-7.273878251461867173e+00,9.531754876914545482e-01
2.670457095017264582e+00,-7.272073292014626489e+00,7.255025736027733707e-01
2.667160272216085204e+00,-7.269471675870774696e+00,4.783958766158373233e-01
2.665087835919646597e+00,-7.267307991461144923e+00,2.626909126243458514e-01
2.663227237125527669e+00,-7.264613817077669289e+00,1.261849673001654189e-02
2.661617141532611086e+00,-7.261628793974733931e+00,-2.038971899371264940e-01
2.660529450230850745e+00,-7.258685450753428192e+00,-4.345215050555843450e-01
2.659572458225526237e+00,-7.256105167262178135e+00,-6.505369914210681337e-01
2.658763446951458498e+00,-7.252934097240779643e+00,-8.992933250012387081e-01
2.658824833176758773e+00,-7.250138726674181022e+00,-1.128561651791926801e+00
2.659754314580164536e+00,-7.247392247401131193e+00,-1.374549901920052442e+00
2.660937795159807884e+00,-7.245625258031324734e+00,-1.589084412332370411e+00
2.663529583105869847e+00,-7.244274558379671269e+00,-1.836398145919623914e+00
2.665774714524470568e+00,-7.243272325745319762e+00,-2.055246975558668865e+00
2.668022430263880196e+00,-7.243397196025294527e+00,-2.286842706509363943e+00
2.670855682554551080e+00,-7.244221823578065766e+00,-2.523790100025135263e+00
2.673191516554721314e+00,-7.244770505658090443e+00,-2.697912174251035911e+00
2.674067525656463662e+00,-7.245726432465601441e+00,-2.878329052778852315e+00
2.674755862808241513e+00,-7.246308827293638011e+00,-3.066116781979859596e+00
2.674929089363149437e+00,-7.247344644927911972e+00,3.038370876180080060e+00
2.675367582606607009e+00,-7.248389806486213338e+00,2.854530022642213449e+00
2.674809142581808796e+00,-7.250368117870868545e+00,2.679530030619947212e+00
2.673984982979684233e+00,-7.252062989408520011e+00,2.498669536420059512e+00
2.632438696834899616e+00,-7.215030323798788281e+00,2.353665753392807591e+00
2.601845951861695649e+00,-7.176805393053134807e+00,2.217607347201340673e+00
2.600535044169248522e+00,-7.173748063862910307e+00,2.296924358930611643e+00
2.531777412154690321e+00,-7.091483103315574077e+00,2.266685435840866791e+00
2.464306320214733947e+00,-7.009695014967137539e+00,2.265341239594419243e+00
2.396124964369373611e+00,-6.927186567356771185e+00,2.264363970403874937e+00
2.326877920480548756e+00,-6.843053242933098801e+00,2.262600233520176030e+00
2.258777361585327714e+00,-6.760247936460999973e+00,2.261404629628986918e+00
2.186967189163769199e+00,-6.672544194024891517e+00,2.259471356357111826e+00
2.118988558341374340e+00,-6.589713985181086642e+00,2.260302909030624807e+00
2.055184054396277826e+00,-6.511824446036307279e+00,2.262656861985536061e+00
2.037715457141101805e+00,-6.492965818056807947e+00,2.100154102958431412e+00
2.036907862570909167e+00,-6.493318280667231157e+00,1.919226098840453254e+00
2.021060249517323548e+00,-6.437265613910826190e+00,1.785131260890680638e+00
2.020133781634817272e+00,-6.432216857142567079e+00,1.923703796746785377e+00
2.016405944732680755e+00,-6.425846801216577475e+00,1.802006743314783055e+00
1.995218821105144258e+00,-6.327251354065750455e+00,1.653262641952506495e+00
1.995368902168318304e+00,-6.263635513493957419e+00,1.492825350386777661e+00
2.007708477073029574e+00,-6.202684177604797178e+00,1.313987036545013254e+00
2.031617550770140390e+00,-6.142232992065692621e+00,1.131155607253113704e+00
2.051191140971260207e+00,-6.108203287872473020e+00,1.088592684625316664e+00
2.052345635082204467e+00,-6.106867340704896563e+00,1.275397586411085138e+00
2.053972437633425407e+00,-6.105504800544860444e+00,1.473825392347514640e+00
2.055258637533959210e+00,-6.103764912442353641e+00,1.655543998577157172e+00
2.051197443361418848e+00,-6.074568027403250525e+00,1.809622720255082307e+00
2.042180906039227306e+00,-6.032812442190197189e+00,1.981315803452564417e+00
2.023452772182496417e+00,-5.995065718430248936e+00,2.158906941964449544e+00
2.011149222343038279e+00,-5.976111377202187214e+00,2.338428200828211345e+00
1.972315135444793199e+00,-5.938013137719496903e+00,2.470831820127920242e+00
1.934584399312749170e+00,-5.912574366910966717e+00,2.651523497530070994e+00
1.842143548537537479e+00,-5.874655914429774306e+00,2.785806876482267658e+00
1.747785310215450805e+00,-5.839999298448194764e+00,2.796485533190866235e+00
1.701068098339993728e+00,-5.823190818555682213e+00,2.952538667344139167e+00
1.699581324934051896e+00,-5.820679817565767245e+00,3.128196605817808784e+00
1.698675124557835092e+00,-5.818872100141709858e+00,-2.962591426031186082e+00
1.697305298219851322e+00,-5.816917244128317677e+00,-2.787495620679749209e+00
1.695680733413656771e+00,-5.815613124687969204e+00,-2.612068781976109921e+00
1.675591432419201610e+00,-5.826211166340625525e+00,-2.437682058973011934e+00
1.625647432404593529e+00,-5.873889720275344395e+00,-2.292641303224950633e+00
1.588478464740479490e+00,-5.920796715312723890e+00,-2.109970836263244998e+00
1.567004989013608851e+00,-5.960873285984674474e+00,-1.926620421476229472e+00
1.553506700372162319e+00,-6.003191737468402955e+00,-1.749378271070867852e+00
1.548254993961105663e+00,-6.025468121780570563e+00,-1.569183113427664367e+00
1.545569551691036825e+00,-6.026364846182741708e+00,-1.401111292292213983e+00
1.543615505864991189e+00,-6.027437161154042045e+00,-1.224896602944699042e+00
1.542253284649820477e+00,-6.028967319200252639e+00,-1.032065647930263230e+00
1.541439936923292509e+00,-6.030315766773727937e+00,-8.317096443326792432e-01
1.541236301751931492e+00,-6.031986449853003585e+00,-6.091464849575967122e-01
1.541099025000263190e+00,-6.033801822567124162e+00,-3.981552135171570472e-01
1.541554960613597425e+00,-6.035872482803980255e+00,-1.712073910910290597e-01
1.542459409619667321e+00,-6.037724602479598524e+00,1.288331906153178733e-02
1.544044550242134939e+00,-6.040335859693978016e+00,2.749530235243869969e-01
1.546316087822590557e+00,-6.042508380361682363e+00,5.270451999784097064e-01
1.548182289105347609e+00,-6.043645902483507193e+00,7.318540535432382921e-01
1.550127877542242905e+00,-6.044406383002271177e+00,9.223173087263355496e-01
1.552081517984588599e+00,-6.044657658650542942e+00,1.104916854544113258e+00
1.553817136684447986e+00,-6.044122935352262971e+00,1.282865590075242368e+00
1.555606920456032105e+00,-6.043121107365855949e+00,1.492575286448769578e+00
1.556938181261987575e+00,-6.041743536959247152e+00,1.682577371168396896e+00
1.557709629466384360e+00,-6.040136499964535943e+00,1.866253355418355797e+00
1.558487221050528060e+00,-6.038117953263564708e+00,2.046148616412012622e+00
1.558500685840038535e+00,-6.035420363120692855e+00,2.259122007831942280e+00
1.558041128729692471e+00,-6.033225728907731344e+00,2.449032589327624798e+00
1.557479391737173424e+00,-6.030216083240674152e+00,2.644137260708314674e+00
1.556271095220290279e+00,-6.027578553671214756e+00,2.906276713828173985e+00
1.554756579707279318e+00,-6.025214223142693726e+00,3.116245365135298151e+00
1.552697406478801945e+00,-6.023279960181492143e+00,-2.976227948034747772e+00
1.549608127800892632e+00,-6.020892130798724651e+00,-2.736864306461476826e+00
1.487563256699222514e+00,-6.051226943561132110e+00,-2.573043548471334319e+00
1.462455134507232746e+00,-6.067064051955617821e+00,-2.389451878547109054e+00
1.445455532714260860e+00,-6.081674560404876750e+00,-2.206938967819063624e+00
1.431507567973121953e+00,-6.099161752328346786e+00,-2.021979941037104211e+00
1.420786972416677729e+00,-6.118358761672443080e+00,-1.839608394995427387e+00
1.414092726966655889e+00,-6.138818470960106133e+00,-1.657276652327327460e+00
1.411282258094800124e+00,-6.159954518707876581e+00,-1.475199708579182145e+00
1.412012835397321808e+00,-6.181252118483724800e+00,-1.294657367191108577e+00
1.416947264502711912e+00,-6.201566445456195176e+00,-1.113065792620923311e+00
1.425693457317128265e+00,-6.220840913654938298e+00,-9.295636779999716381e-01
1.437817134160053856e+00,-6.237564571307562034e+00,-7.481064220656554742e-01
1.452871453613713948e+00,-6.251746457613915453e+00,-5.654540473640025100e-01
1.470637349940661975e+00,-6.262970575503381099e+00,-3.810252077058107201e-01
1.490152680537025098e+00,-6.270804512082937876e+00,-1.974371746639391190e-01
1.510850842188089072e+00,-6.274539996527651375e+00,-1.274108832409688238e-02
1.531955355764424986e+00,-6.274486489824994351e+00,1.709987977200279619e-01
1.552678299424585795e+00,-6.270433143659702502e+00,3.548375944109653513e-01
1.572726627912205410e+00,-6.262670581321410523e+00,5.398289946366018333e-01
1.590781615658003467e+00,-6.251276758290070568e+00,7.225895869973343322e-01
1.606641002038817101e+00,-6.236886864378742956e+00,9.027721738423877262e-01
1.619401838037982655e+00,-6.219266490934043823e+00,1.086748218861268711e+00
1.628530420432257264e+00,-6.199530850101888646e+00,1.270102003837256577e+00
1.634800013332375679e+00,-6.178667589750116207e+00,1.448375569095377902e+00
1.637488565253026662e+00,-6.156673331366910418e+00,1.629502105039314586e+00
1.635910246059113948e+00,-6.134799559076941300e+00,1.810529113804326240e+00
1.630367044052501768e+00,-6.113659659777983535e+00,1.992362008882891278e+00
1.620853876977819574e+00,-6.093572005279354720e+00,2.175636938193119096e+00
1.608179072024891632e+00,-6.075834965260670018e+00,2.357585789611599481e+00
1.592432841398534027e+00,-6.060787287250046340e+00,2.539038874078269448e+00
1.573826484955839433e+00,-6.048484664270962874e+00,2.724391989996173713e+00
1.553597972378336634e+00,-6.039643956487752874e+00,2.906490686913428156e+00
1.532105896034501091e+00,-6.034720889904853891e+00,3.089061480661896120e+00
1.510164979263504792e+00,-6.033621600903683380e+00,-3.011219433133442980e+00
1.488517941114037235e+00,-6.036763483820059228e+00,-2.829244707267905223e+00
1.467267739944036364e+00,-6.043775100724926297e+00,-2.645805160729756800e+00
1.447947840214638182e+00,-6.054313533321569629e+00,-2.462915903535904949e+00
1.430957323375135148e+00,-6.068138864291152679e+00,-2.280937990119937808e+00
1.416615349018258696e+00,-6.084831955976986784e+00,-2.097478249130945827e+00
1.405332823758737693e+00,-6.103796530740599025e+00,-1.912706335981861683e+00
1.397916895493743761e+00,-6.123689537096724145e+00,-1.733763198165245489e+00
1.394348330531576696e+00,-6.144851387623926797e+00,-1.550983877756089813e+00
1.394322074353727015e+00,-6.166376891865311016e+00,-1.370356224157478708e+00
1.398174743560941069e+00,-6.187670236023867787e+00,-1.190850112215251722e+00
1.405770029211181438e+00,-6.207772484706484128e+00,-1.009425168033996956e+00
1.417427198012548795e+00,-6.226110471271224966e+00,-8.274573030202454493e-01
1.431927375333467367e+00,-6.241571503725423575e+00,-6.465977528301460886e-01
1.449467045549723609e+00,-6.254730014380800007e+00,-4.633689143895995399e-01
1.469285143125391269e+00,-6.264539647045261006e+00,-2.803454044387975186e-01
1.490120647382701113e+00,-6.270240811560486627e+00,-9.712656349903124597e-02
1.511854325188525028e+00,-6.272078557730765169e+00,8.708712913452036630e-02
1.533788340955299034e+00,-6.270168982399083824e+00,2.715379841943230121e-01
1.554780644545861401e+00,-6.264168746709753322e+00,4.553726291951555871e-01
1.574611335402488210e+00,-6.254449984935599893e+00,6.396625263972867126e-01
1.592663383985586156e+00,-6.241585777510840316e+00,8.219469478290875042e-01
1.607855463504268778e+00,-6.225637820408842948e+00,1.005129763550884237e+00
1.620150279321595166e+00,-6.206975129034100647e+00,1.187455158951425060e+00
1.628329123820821289e+00,-6.186753972977959037e+00,1.369561618345557674e+00
1.633159215991993651e+00,-6.165512391573196638e+00,1.550172954063175013e+00
1.634009597861122209e+00,-6.143919052588099561e+00,1.729874830320465851e+00
1.630976256122367074e+00,-6.122738722377545351e+00,1.909383020425129196e+00
1.623935039457055085e+00,-6.102722602091285253e+00,2.090549281884291233e+00
1.613056279769941037e+00,-6.084182086689158275e+00,2.274889075942828409e+00
1.599397205883616335e+00,-6.068082791496903106e+00,2.455275463674043479e+00
1.581921937337323891e+00,-6.055123815921234609e+00,2.639080143417594115e+00
1.562158458865662514e+00,-6.045159052285211665e+00,2.823879909642234232e+00
1.540986126535604406e+00,-6.038611176396994296e+00,3.004547726449087630e+00
1.519275470184743071e+00,-6.036721113158991514e+00,-3.096357865197762127e+00
1.497384911727033030e+00,-6.039010929931287741e+00,-2.912973404864128479e+00
1.475949365438024241e+00,-6.045074352668240003e+00,-2.732147392203479797e+00
1.455650325237325626e+00,-6.055009900709717563e+00,-2.547715323930721532e+00
1.426276455279944511e+00,-6.077646058644882388e+00,-2.362987413360646105e+00
1.399439055715861802e+00,-6.107289519924953503e+00,-2.185746531963112194e+00
1.378011916807224679e+00,-6.141267042641092466e+00,-2.002877612331268153e+00
1.363708629038725473e+00,-6.176677179221917058e+00,-1.829198765509080449e+00
1.355850163133158537e+00,-6.215228569777655920e+00,-1.646090955176359394e+00
1.354553476083605767e+00,-6.254401983801579412e+00,-1.467842095263000690e+00
1.360121227771877939e+00,-6.292171026588378346e+00,-1.289761199195991859e+00
1.372653942058017051e+00,-6.329525219531096702e+00,-1.110148624233703529e+00
1.390608938494382052e+00,-6.362378118853128761e+00,-9.325116936535902123e-01
1.414659109795353142e+00,-6.391646378623557112e+00,-7.549506898828318713e-01
1.443685544952577393e+00,-6.416628140214814202e+00,-5.703987726968402505e-01
1.476299203083304423e+00,-6.435306870022279746e+00,-3.935984828211821496e-01
1.512678944131021774e+00,-6.448384161438680096e+00,-2.090976173951492878e-01
1.550426575439449950e+00,-6.454501264868587107e+00,-2.737800918233277564e-02
1.587940350753761054e+00,-6.453818930612393423e+00,1.520290117012104980e-01
1.626141518909080874e+00,-6.446456480562025249e+00,3.346005178217901221e-01
1.640381498648854963e+00,-6.444215708915520757e+00,5.171956032600147912e-01
1.641864171462290800e+00,-6.446274313140181178e+00,7.003223637389756062e-01
1.643553795743835311e+00,-6.447591684408840784e+00,8.864970152579438878e-01
1.645223923541335509e+00,-6.448327320137199337e+00,1.062896721645183229e+00
1.646598040464362311e+00,-6.448310452028228390e+00,1.238634684568461264e+00
1.648563538564103093e+00,-6.447980450746344516e+00,1.440761006170006686e+00
1.650337934224744840e+00,-6.447627493619003225e+00,1.617997499643874848e+00
1.652087916788829158e+00,-6.446087677893967971e+00,1.856626379505043500e+00
1.652973366270080513e+00,-6.444537695203992556e+00,2.037703447367804621e+00
1.653241838941948982e+00,-6.442773160021258327e+00,2.213189660994653529e+00
1.653471718218955111e+00,-6.440959284927762596e+00,2.409498783251114773e+00
1.653397846514836456e+00,-6.438874136975948126e+00,2.618153175080495831e+00
1.652837107844448150e+00,-6.437111086050821385e+00,2.800372715459523487e+00
1.651854103196862322e+00,-6.435178164983263116e+00,3.008814813424645518e+00
1.650470779825825351e+00,-6.433573882097232577e+00,-3.092502433182400701e+00
1.648820821715220708e+00,-6.431609411355655226e+00,-2.883692492048492095e+00
1.639942405669015946e+00,-6.433262215286983832e+00,-2.730827519385401025e+00
1.544202014666399947e+00,-6.476569910883331893e+00,-2.730940051332722440e+00
1.446161082160145606e+00,-6.520647408659136168e+00,-2.730640620259924933e+00
1.433761028006568905e+00,-6.525308860097788433e+00,-2.556570931377378564e+00
1.432005956470575381e+00,-6.524533018888037716e+00,-2.360028403124442065e+00
1.429768718426445595e+00,-6.524289289718410600e+00,-2.150451347000523761e+00
1.427723336246941255e+00,-6.524312329362038199e+00,-1.972183065097157240e+00
1.425224206405049099e+00,-6.525102729583196037e+00,-1.759187876550262875e+00
1.422772077824922432e+00,-6.527688525028673361e+00,-1.584636215244671575e+00
1.425975608437041409e+00,-6.611041027650107260e+00,-1.436460867676649045e+00
1.436409429086661360e+00,-6.662050914339952001e+00,-1.254032822476599085e+00
1.442638369519823716e+00,-6.679048819741559839e+00,-1.323966684587732257e+00
1.455149757969810054e+00,-6.715778121940438439e+00,-1.177715095111282695e+00
1.493906914045975975e+00,-6.812368755557732136e+00,-1.177960744565498485e+00
1.532386742777007926e+00,-6.908472634603743501e+00,-1.177567888578385347e+00
1.572631792139259410e+00,-7.006129656275193796e+00,-1.175644104273345647e+00
1.581559488461547369e+00,-7.024842319633327392e+00,-1.364202283321215070e+00
1.582915603575568264e+00,-7.024885646576678688e+00,-1.539963631191664017e+00
1.584686471726941548e+00,-7.024856614486107986e+00,-1.773811000000852012e+00
1.586789308879803739e+00,-7.025157335846970774e+00,-1.966292033888947355e+00
1.589620230364540365e+00,-7.026109873728598743e+00,-2.158374155655784499e+00
1.591406943600496060e+00,-7.027246470324200800e+00,-2.354703627413331279e+00
1.593805769975639386e+00,-7.028323747353621975e+00,-2.538728100123628373e+00
1.595936474798800964e+00,-7.029934455241930280e+00,-2.766617629632937447e+00
1.597913733926177526e+00,-7.032446565281176731e+00,-3.037621200499561525e+00
1.598858166749228094e+00,-7.035045233037421575e+00,2.995810883984688644e+00
1.599601824289694108e+00,-7.037515939687253308e+00,2.807665467285753724e+00
1.600363701875957778e+00,-7.039557206649290855e+00,2.601023926254159235e+00
1.600446990171576545e+00,-7.041566215448663790e+00,2.414570788871851725e+00
1.600506471560458666e+00,-7.044829328233848997e+00,2.145996999753664536e+00
1.599630287727229927e+00,-7.046672953482206125e+00,1.958238030890372627e+00
1.598133634109948575e+00,-7.048765048219238771e+00,1.744778787371014328e+00
1.596454056116760611e+00,-7.050281344164884167e+00,1.557405030692245562e+00
1.594542870686392222e+00,-7.051278229364458028e+00,1.382705407414242860e+00
1.592157888319678527e+00,-7.051875347736595856e+00,1.195638592393515554e+00
1.589454313155511667e+00,-7.051566592732663175e+00,9.804745152978355804e-01
1.586700164304164939e+00,-7.050787643521034376e+00,7.941512930601457576e-01
1.584565391050685834e+00,-7.049603400935674280e+00,6.190044660542954880e-01
1.581876971074441141e+00,-7.048518125596495487e+00,4.381389275420721208e-01
1.579429705393809336e+00,-7.046845044269680614e+00,2.366301120134935154e-01
1.577355614238187709e+00,-7.044263521636037417e+00,-7.394308741326694953e-03
1.575514011324090857e+00,-7.041778511954993824e+00,-2.539559812052181176e-01
1.574184759655338439e+00,-7.039940399426563467e+00,-4.345826381951686801e-01
1.573186973547108236e+00,-7.037255203845365514e+00,-6.596250742154374791e-01
1.572658923924619589e+00,-7.034962285316645136e+00,-8.829212578461820282e-01
1.572645496011572774e+00,-7.032740635941688190e+00,-1.125262587853883112e+00
1.573575785788063897e+00,-7.030950957819916525e+00,-1.332102389173040136e+00
1.574757954829465234e+00,-7.029682719263281143e+00,-1.536774626111926834e+00
1.576529779191552016e+00,-7.028762700254542750e+00,-1.744085664856135587e+00
1.577980190461651722e+00,-7.028687729334741618e+00,-1.930157206956359284e+00
1.579702108841371411e+00,-7.031305878653509644e+00,-1.902131558557225599e+00
1.578171487473541301e+00,-7.033156147435326133e+00,-1.722094451270371751e+00
1.576794625791341664e+00,-7.035662862177458621e+00,-1.531321864645914577e+00
1.575552882441207947e+00,-7.037500854815334606e+00,-1.347739635993210561e+00
1.574724107791408034e+00,-7.039961012428901377e+00,-1.170787954098755357e+00
1.621243411278806779e+00,-7.130131456612619267e+00,-1.033652741756502236e+00
1.678515669989412151e+00,-7.214507592083854171e+00,-9.132173033510658788e-01
1.745116658856281200e+00,-7.294366431050247179e+00,-8.626371667966407086e-01
1.812615022166458756e+00,-7.374895491835786743e+00,-8.615632131603492283e-01
1.845298398828609576e+00,-7.412713402726226697e+00,-1.026654740182159742e+00
1.845786469670024799e+00,-7.412439883686695374e+00,-1.217058163635544421e+00
1.846607790947876193e+00,-7.411762747325705725e+00,-1.396120512249468648e+00
1.848328504687845930e+00,-7.411689952384347357e+00,-1.579091783244133351e+00
1.850155883795909562e+00,-7.411572324067673634e+00,-1.779740640076320934e+00
1.852156217265161331e+00,-7.412093480360576692e+00,-1.960322227576089205e+00
1.854350922773798427e+00,-7.413220409928088728e+00,-2.151795625654194133e+00
1.856167639301569583e+00,-7.414959284921511795e+00,-2.327645130266034368e+00
1.857936955267091683e+00,-7.416594308296149407e+00,-2.510993713553227646e+00
1.859781152778728019e+00,-7.418581431556784622e+00,-2.698716542472493263e+00
1.861311996987525141e+00,-7.421201027655124349e+00,-2.878460228892600004e+00
1.862662583626465862e+00,-7.423996479474431531e+00,-3.074089707750128131e+00
1.863428480206098081e+00,-7.426797972395132064e+00,3.034325950333016664e+00
1.864263385670842599e+00,-7.429465272723374980e+00,2.855048773382293348e+00
1.865098503071844105e+00,-7.431959686656693265e+00,2.679717846459726882e+00
1.865754826194026439e+00,-7.434169595883343362e+00,2.504562703967153414e+00
1.866118483493776958e+00,-7.436320435665233042e+00,2.328149011557200332e+00
1.865851111654473371e+00,-7.438928616028192664e+00,2.127773885281770472e+00
1.865194173775875264e+00,-7.440696572023778543e+00,1.926579641094510853e+00
1.864380865721924296e+00,-7.442357090571881884e+00,1.724664670292655577e+00
1.863049867529016801e+00,-7.443591729289541270e+00,1.547719359072898149e+00
1.861602870016516587e+00,-7.444676757807091150e+00,1.349561729199798110e+00
1.859740779161459079e+00,-7.445323302138078247e+00,1.158677350846526455e+00
1.858081472665747524e+00,-7.445454665553180362e+00,9.782312599729294789e-01
1.856538155003800261e+00,-7.445177005565848383e+00,8.021266576752716926e-01
1.854611739306718077e+00,-7.444611473158023962e+00,6.014157060722611359e-01
1.852663954059985185e+00,-7.443320620526721498e+00,4.039483756880324905e-01
1.851204296810224914e+00,-7.441933973782853151e+00,2.266648341575731307e-01
1.850110486726973313e+00,-7.440152855789281539e+00,5.203066349237023963e-02
1.849020473648583129e+00,-7.438411399980036087e+00,-1.229416998237781028e-01
1.848235039626188847e+00,-7.436950852560237912e+00,-3.019256549244411780e-01
1.847571225409700979e+00,-7.435454280210078259e+00,-4.805730562914554138e-01
1.872057149624724692e+00,-7.450176656759952110e+00,-5.427917333443914583e-01
1.895597938455381826e+00,-7.463366727783838250e+00,-5.783094103040158362e-01
1.909146641696691793e+00,-7.472596830433890780e+00,-7.434357148837328344e-01
1.984383393808121010e+00,-7.541407607641868793e+00,-7.478245942046277683e-01
2.057965773553561029e+00,-7.607470149606317733e+00,-7.430431573093982944e-01
2.095664464880280686e+00,-7.638885905663205911e+00,-9.131264663607748799e-01
2.095359574529244373e+00,-7.637680841492492156e+00,-1.107570210942204980e+00
2.095803312795004647e+00,-7.636444423680730509e+00,-1.309426022764106579e+00
2.096840583796814261e+00,-7.635263227314464274e+00,-1.518982019638142056e+00
2.097740709889483579e+00,-7.634650498486663217e+00,-1.694310538198643634e+00
2.099437639593283667e+00,-7.633975305274504741e+00,-1.913028451331580060e+00
2.101234198677667031e+00,-7.633902387892310237e+00,-2.128011079054401122e+00
2.102935619046807147e+00,-7.634626494486744797e+00,-2.325252168100660821e+00
2.104982154823301421e+00,-7.635551722787662143e+00,-2.509768507445024888e+00
2.106363125461850228e+00,-7.636987812445535262e+00,-2.716204452442693373e+00
2.108012592278109221e+00,-7.639224532612023388e+00,-2.941410994917977639e+00
2.108906604447160049e+00,-7.641510467645922233e+00,-3.139240962778612420e+00
2.109649391445009403e+00,-7.643718832163727050e+00,2.946777929353403103e+00
2.109875815904655116e+00,-7.646251887217986543e+00,2.718875642493016720e+00
2.110365922968463703e+00,-7.648709368558835209e+00,2.506624960455910323e+00
2.110173442732590665e+00,-7.651271839456953217e+00,2.280393253678688392e+00
2.109461786388757698e+00,-7.653516101349534750e+00,2.083544308229552389e+00
2.107767597224838418e+00,-7.655919201120259920e+00,1.858502883159491192e+00
2.105596800083307407e+00,-7.657583569866773132e+00,1.645758357551958317e+00
2.103790908853243824e+00,-7.658681566745108249e+00,1.449092041281850207e+00
2.101293217838347882e+00,-7.659618667090649424e+00,1.251854570409194789e+00
2.098092214416385382e+00,-7.660278156338704569e+00,1.063480946148148920e+00
2.098094893660007010e+00,-7.660933732074885150e+00,1.222097646068749599e+00
2.098977454684760158e+00,-7.660488227787166871e+00,1.350198847433922822e+00
2.096884329513083678e+00,-7.661099744635565756e+00,1.159191853354262447e+00
2.094368359727859286e+00,-7.661155230317284293e+00,9.545790172525195905e-01
2.091715870561305479e+00,-7.660861235363909394e+00,7.687060285812113980e-01
2.089213446866683643e+00,-7.660217345883564732e+00,5.583184897478715714e-01
2.086933972594085418e+00,-7.659378177278814981e+00,3.598046787055196871e-01
2.084755380302005356e+00,-7.658026823665547766e+00,1.734126590091948639e-01
2.083077220607976177e+00,-7.656922375089363797e+00,-6.595334840059372331e-03
2.081678715595066453e+00,-7.655341966624772176e+00,-1.941121183258557314e-01
2.080501792162857466e+00,-7.653945110901845261e+00,-3.774328010013420776e-01
2.108133183252611342e+00,-7.666221560708262217e+00,-5.050887752049414425e-01
2.133187589806415208e+00,-7.677548278695371486e+00,-3.638945850879617416e-01
2.134048973070827415e+00,-7.675047552245195526e+00,-5.453442306912333892e-01
2.134549378951965171e+00,-7.673036676752468921e+00,-7.295229940246505951e-01
2.134737174404667925e+00,-7.671018046869360951e+00,-9.032763534728072141e-01
2.136491875414429753e+00,-7.671468127409539761e+00,-8.473168283995959893e-01
2.138402733429029645e+00,-7.672664201204122847e+00,-6.663013471658458808e-01
2.140379101624526381e+00,-7.671380539945272581e+00,-7.900746974639480946e-01
2.141029521077462583e+00,-7.669346030869006015e+00,-9.775002497280903535e-01
2.141570717696047232e+00,-7.667203086007575941e+00,-1.156172435159207090e+00
2.180733624832040363e+00,-7.757925206208835078e+00,-1.181187482822573687e+00
2.191467990170845592e+00,-7.773981233293847382e+00,-1.352178805272350681e+00
2.192806383902955236e+00,-7.772762937026628016e+00,-1.542802134830211891e+00
2.194156031435295251e+00,-7.771477782088554775e+00,-1.734788148025671051e+00
2.196732449133318443e+00,-7.770940123895298868e+00,-1.941768051789590332e+00
2.198608562346788364e+00,-7.770989496596596879e+00,-2.124721030503138763e+00
2.200964795782928807e+00,-7.771778645090956061e+00,-2.316370105442761229e+00
2.202855577579436286e+00,-7.773301335998467287e+00,-2.540227312153432671e+00
2.205197282690035898e+00,-7.774822669330834657e+00,-2.757216640399504648e+00
2.207465206509077404e+00,-7.776554699927927139e+00,-2.984786861721557827e+00
2.209105699298641756e+00,-7.778237298677399103e+00,3.084888284823996685e+00
2.210237278040950493e+00,-7.780364048777579811e+00,2.858446878932660251e+00
2.211371302482958434e+00,-7.782260503668435803e+00,2.643863854812155800e+00
2.141867118653536739e+00,-7.733815709016504947e+00,2.472165596833481249e+00
2.115197021772139863e+00,-7.705757800324236406e+00,2.290291308571811513e+00
2.053654619453801455e+00,-7.625650416841071255e+00,2.233415264598725969e+00
1.986467141240823020e+00,-7.549193005526174005e+00,2.316673833970351648e+00
1.919332540337499227e+00,-7.475694061829538661e+00,2.313869665882547721e+00
1.851609044787760228e+00,-7.401555525066367380e+00,2.311791409731496216e+00
1.783723094297273271e+00,-7.327321968170131150e+00,2.312408149699169524e+00
1.711339395025256671e+00,-7.248921332945149842e+00,2.316465773792955485e+00
1.641996566072513764e+00,-7.173015307770715943e+00,2.315716204959735958e+00
1.577381255193295306e+00,-7.092924835460269861e+00,2.199909504096158486e+00
1.548097164628920330e+00,-7.039506765517193010e+00,2.020379500978496168e+00
1.526680327977543161e+00,-6.972444592461488178e+00,1.845248722574481803e+00
1.502004732603013704e+00,-6.874832469439993154e+00,1.830490606112061158e+00
1.478817900984841227e+00,-6.773639016316057138e+00,1.765163817101202737e+00
1.474644087542289261e+00,-6.718293014627335857e+00,1.583626161624854589e+00
1.482561540793289723e+00,-6.644033236850606983e+00,1.404436730586029025e+00
1.497352107960232548e+00,-6.592986705133323078e+00,1.223129600108108894e+00
1.529655671390815375e+00,-6.530274844270320678e+00,1.052620841017883224e+00
1.573106452878186179e+00,-6.455340332952085980e+00,8.897276886513127980e-01
1.570054205324160179e+00,-6.454148472018755633e+00,7.293237476465790348e-01
1.568140019400299012e+00,-6.452431656089792966e+00,5.451850534056786879e-01
1.566148547775462863e+00,-6.450694274281611129e+00,3.660584881938635515e-01
1.565154974780548880e+00,-6.449965271653130827e+00,3.452073376125552318e-01
1.566575045534705612e+00,-6.450890041714235856e+00,5.470785663212147654e-01
1.568175099842804343e+00,-6.452139580412617370e+00,7.465590062671982885e-01
1.570086272684866557e+00,-6.452345314525133269e+00,9.322785136063607148e-01
1.572261136166178241e+00,-6.452459844444753401e+00,1.114811389020287757e+00
1.585166974834603781e+00,-6.426473325036778483e+00,1.219649281969340970e+00
1.594986608464554534e+00,-6.406194782523010112e+00,1.029871251939584287e+00
1.596086239673899732e+00,-6.405957512222490990e+00,1.017443444825233190e+00
