x,y,theta
2.936450359477542627e-01,-1.255938807283859315e+00,-8.501232802599794081e-01
3.223480228615209775e-01,-1.292992271259292503e+00,-7.146670997166646444e-01
3.216098927749130865e-01,-1.289616195349261529e+00,-5.067572443150394346e-01
3.210025630291859500e-01,-1.288035802955984410e+00,-3.063967264366904697e-01
3.204226897988883827e-01,-1.285725275632759956e+00,-7.628378738582838881e-02
3.198952317630394115e-01,-1.284255783873235579e+00,1.016475892463502423e-01
3.200993240621978209e-01,-1.282510914791880063e+00,3.640835757028575426e-01
3.204570787697533785e-01,-1.281698491884980085e+00,5.711598564353079777e-01
3.210147129429009039e-01,-1.279815187077892658e+00,7.556963200037565276e-01
3.126013524670003818e-01,-1.242949062680103189e+00,8.280253884474458870e-01
3.103797103895867271e-01,-1.237232950300324541e+00,6.475591121677101158e-01
3.089051927991466884e-01,-1.233905871644061625e+00,6.096943770763997295e-01
3.108811240228948058e-01,-1.232575155163973646e+00,7.923092513350499244e-01
3.127662723134625455e-01,-1.230685814226077035e+00,9.691351621788641957e-01
3.142238837183616296e-01,-1.228941209669125678e+00,1.142783542909204364e+00
3.159726268797678483e-01,-1.226991447163093829e+00,1.315442399346752333e+00
3.180054219296026274e-01,-1.224350235503437245e+00,1.510000030757960632e+00
3.200181961977580092e-01,-1.221808683843404131e+00,1.683281518776991836e+00
3.225012181209274686e-01,-1.219265862440329640e+00,1.877046617551662022e+00
3.232440610607290599e-01,-1.215821032928109391e+00,2.074376564804154555e+00
3.239646089274099694e-01,-1.212216500271474207e+00,2.271810490172433195e+00
3.240497721805641884e-01,-1.209046334832601044e+00,2.448212217501714694e+00
3.236806437610926790e-01,-1.205415682302638514e+00,2.645779201783337253e+00
3.230850915265139900e-01,-1.201492386680555136e+00,2.840739743484072655e+00
3.222582408000093657e-01,-1.198212239010627345e+00,3.026519159885703303e+00
3.213929545630246909e-01,-1.197461264519242397e+00,-3.081800832973565551e+00
3.211970196453278747e-01,-1.195372623907493548e+00,-2.908555156604097469e+00
3.201992616760294119e-01,-1.194162396497459255e+00,-2.727737842725982631e+00
3.189258598818651147e-01,-1.194717664010621849e+00,-2.528759345780716927e+00
3.176487625887386979e-01,-1.195084641938601644e+00,-2.352917198929056930e+00
3.162776384669609420e-01,-1.194881456772320494e+00,-2.178315898611144164e+00
3.149447703832074508e-01,-1.195793966316141876e+00,-2.001657666852300732e+00
3.128731253190560890e-01,-1.196816283535558467e+00,-1.800679612120408724e+00
3.117162098156117112e-01,-1.199429884604603425e+00,-1.600413079071080658e+00
3.102562389058596271e-01,-1.201530478113678857e+00,-1.400185223256570355e+00
3.101487222382640074e-01,-1.204227817762749453e+00,-1.200540732663922805e+00
3.105679728215790525e-01,-1.207140921742091866e+00,-9.980868300872175469e-01
3.720764330499438666e-01,-1.290819931337632287e+00,-9.069767199481523212e-01
4.345348937137677447e-01,-1.373512419010625374e+00,-9.082713890402307477e-01
4.962766869514965151e-01,-1.456462973889824042e+00,-9.102798400939691170e-01
5.582067026522183895e-01,-1.538925212153010369e+00,-9.134714003918866787e-01
6.203035684078459511e-01,-1.622910137356176508e+00,-9.136401962547505695e-01
6.342240017951313868e-01,-1.645163958068180721e+00,-7.410464397518283786e-01
6.344170652539262711e-01,-1.646319409725384375e+00,-8.040110598978096323e-01
6.331160799335466827e-01,-1.645710002095209346e+00,-9.868350259568325900e-01
6.325964954754742520e-01,-1.644890050559515648e+00,-1.168832051101593272e+00
6.334571545607979859e-01,-1.644197988311381531e+00,-1.351573699071111356e+00
6.340996388130727413e-01,-1.643516676262420928e+00,-1.533190897945592157e+00
6.350199998858706563e-01,-1.643156098897881723e+00,-1.721575461991927680e+00
6.354362184232351662e-01,-1.642512582744399374e+00,-1.896248950781023401e+00
6.362917405696049133e-01,-1.642556642961181090e+00,-2.077665786973611262e+00
6.371387743888469180e-01,-1.643090922019613265e+00,-2.260668193015328509e+00
5.684611867582227696e-01,-1.714602981670745985e+00,-2.370893737708540616e+00
4.949459831847106694e-01,-1.786145398578022236e+00,-2.372567247391019762e+00
4.208491897496924872e-01,-1.857178063851906424e+00,-2.374818551641237896e+00
3.949271328523276114e-01,-1.879615535918935709e+00,-2.195802268073783647e+00
3.917504811447185542e-01,-1.879891818416777216e+00,-2.012269491763011953e+00
3.894268634532164763e-01,-1.881071707288576311e+00,-1.839152004524973405e+00
3.865149876370798654e-01,-1.882448955614897113e+00,-1.658352283876885380e+00
3.845732952830309692e-01,-1.884212554935600581e+00,-1.483606238398951449e+00
3.828218946954601298e-01,-1.885529989712865007e+00,-1.428785509741941739e+00
3.826556777923500463e-01,-1.884395902976000237e+00,-1.609505187760082334e+00
3.835215385866320714e-01,-1.884360153096587664e+00,-1.787343094717614100e+00
3.835146314336062012e-01,-1.883717403887797959e+00,-1.972655588424992779e+00
3.849435701580137259e-01,-1.885314502980604878e+00,-2.153826828454307396e+00
3.858066083941286140e-01,-1.885192187729173519e+00,-2.347142583470571253e+00
3.109671085560623549e-01,-1.952915098692088014e+00,-2.416680789335584834e+00
3.022775109609198152e-01,-1.957564630642592451e+00,-2.241765767114186403e+00
2.998797481773211593e-01,-1.956940997068523869e+00,-2.058135703397976801e+00
2.974519632485863596e-01,-1.957518029118038072e+00,-1.867396820909907440e+00
2.970103489114336304e-01,-1.960177654119390933e+00,-1.687740620459430962e+00
2.956983380938812966e-01,-1.962106236350067423e+00,-1.513049440112346655e+00
2.944334480368992479e-01,-1.964499501468225828e+00,-1.331702239598479665e+00
2.931836445545754621e-01,-1.967193708145321684e+00,-1.147029553438281946e+00
2.934293882747641691e-01,-1.970126154780211358e+00,-9.747705238942671047e-01
2.935331095310069194e-01,-1.973396354485878579e+00,-7.931113837648844367e-01
2.946886480988283319e-01,-1.976535491995385474e+00,-6.102428561823848296e-01
2.955102279923089159e-01,-1.979578330309825551e+00,-4.367395420071809031e-01
2.966690408214937569e-01,-1.982751401522632406e+00,-2.540619722196799102e-01
2.974412766688572241e-01,-1.985429702721021039e+00,-8.946505844832895737e-02
2.981773571527833178e-01,-1.987935539863262324e+00,8.363348851609972434e-02
2.987467704575333949e-01,-1.990086570226726304e+00,2.678701566149404023e-01
2.995762337079344584e-01,-1.990446663118437653e+00,4.440173335623933681e-01
3.005852770333049540e-01,-1.992270732382516396e+00,6.303531482047134427e-01
3.019247539260227486e-01,-1.993868862059724911e+00,8.148021931586520994e-01
3.034463289635841998e-01,-1.994453820679679579e+00,1.001479748964954508e+00
3.040518803858962560e-01,-1.994052284372963335e+00,1.179328900941807756e+00
3.048940599814149999e-01,-1.992831852465868581e+00,1.368303980943552878e+00
3.040455083840695738e-01,-1.990866056790890903e+00,1.557125714177888698e+00
3.038451065345789126e-01,-1.989092858387931928e+00,1.736441931470488642e+00
3.027946726468459526e-01,-1.987104470620314478e+00,1.920222926288586596e+00
3.006926820020685009e-01,-1.985392084054310669e+00,2.102532128150439661e+00
2.985792153273451044e-01,-1.983195322391213544e+00,2.281607251788260626e+00
2.956170664112744983e-01,-1.981204694548270195e+00,2.469763776710007797e+00
2.087735859639401614e-01,-1.923581336036756850e+00,2.543767051544415736e+00
1.428018478735598729e-01,-1.875861506632279463e+00,2.697625286943273526e+00
1.413859727546692147e-01,-1.877184771071049640e+00,2.540206240516142966e+00
1.407905106553660191e-01,-1.878849527267168806e+00,2.358183783970827729e+00
7.244168198991872420e-02,-1.804897137891122050e+00,2.304551158004843892e+00
2.016871215917280091e-03,-1.728446381229627349e+00,2.315128860005613021e+00
-6.825970346591550553e-02,-1.653109233562990443e+00,2.322640844318923037e+00
-1.392686400989367745e-01,-1.577379925291727547e+00,2.331341791630055837e+00
-2.107514237229177190e-01,-1.503110168493271948e+00,2.337410104941190170e+00
-2.137685727987927997e-01,-1.498122497421534360e+00,2.518202163783374470e+00
-2.140261873816330374e-01,-1.498717135058227790e+00,2.337309295315780577e+00
-2.146460932413580824e-01,-1.499887357942520927e+00,2.155350185633291282e+00
-2.155485631810281077e-01,-1.501389996562030760e+00,1.971054176900881139e+00
-2.170520891255670048e-01,-1.502393681482907528e+00,1.783144049626601557e+00
-2.190741398871323409e-01,-1.503474842302081171e+00,1.603437162257485005e+00
-2.218967981698162228e-01,-1.504012235849158774e+00,1.418240676696152169e+00
-2.244636503499966851e-01,-1.504547627910876040e+00,1.233424070192929545e+00
-2.273029620957545127e-01,-1.504660561809481933e+00,1.047047333804080216e+00
-2.302291822359781581e-01,-1.504227026872543727e+00,8.666338660797565652e-01
-2.332719473737566163e-01,-1.502966417437416435e+00,6.806312153567224410e-01
-2.364411710254804844e-01,-1.501283243328580541e+00,4.969386142366545300e-01
-2.392863103044361450e-01,-1.499270344854252368e+00,3.127717616294407033e-01
-2.420837068251996127e-01,-1.496939541476985935e+00,1.310861240123658011e-01
-2.446236571454536990e-01,-1.494087856131893544e+00,-4.236695340496934165e-02
-2.469950793290504321e-01,-1.491191259729579333e+00,-2.256058396057677162e-01
-2.495768754558182201e-01,-1.488261565397755115e+00,-4.116529282796561051e-01
-2.514606578375836454e-01,-1.484641798618632880e+00,-5.975415027983744798e-01
-2.530279797156882449e-01,-1.481323932207873506e+00,-7.770203438400218321e-01
-2.541991184059485542e-01,-1.478399148223295434e+00,-9.550605770055635713e-01
-2.554328490873123969e-01,-1.475489899709099273e+00,-1.134244045627299968e+00
-2.563369135385335507e-01,-1.473064354973844026e+00,-1.311276081005398941e+00
-2.571503595401761766e-01,-1.470697862018035540e+00,-1.494893652697043995e+00
-2.574018043925235810e-01,-1.468776116589294300e+00,-1.672659177587229706e+00
-2.572756842995839732e-01,-1.466674947698194842e+00,-1.855042654691462456e+00
-2.569506398570420846e-01,-1.465262301673875056e+00,-2.032486158548563182e+00
-2.562128273826660418e-01,-1.464109810834300474e+00,-2.218466330846910139e+00
-2.553535337178229891e-01,-1.466542162337890032e+00,-2.382347601890433708e+00
-3.305996295863058432e-01,-1.537486354510323006e+00,-2.375604258966833804e+00
-4.043948553807290014e-01,-1.607771511212596094e+00,-2.368071514992974524e+00
-4.778160386299116213e-01,-1.679743541981989274e+00,-2.354960983844292421e+00
-5.504671206098128433e-01,-1.752338139926342686e+00,-2.347108290367318606e+00
-6.026533496909955989e-01,-1.808800928327759072e+00,-2.500175987894700302e+00
-6.017638645146214937e-01,-1.810751260285681230e+00,-2.682649205566123740e+00
-6.011326833578056750e-01,-1.812947340513530570e+00,-2.861828342470352560e+00
-6.005125993205985280e-01,-1.815254062962936343e+00,-3.047180771757289630e+00
-6.000781765421230318e-01,-1.817390904950525909e+00,3.054476635238793314e+00
-5.996410420866458146e-01,-1.820195901568391283e+00,2.867594848421839870e+00
-5.991223038153790093e-01,-1.822711937370144364e+00,2.670798636715723262e+00
-5.987400724514000405e-01,-1.824903584109502930e+00,2.484988252180744706e+00
-5.992014940328530548e-01,-1.827201760871455249e+00,2.304085676046546904e+00
-5.995637522877013126e-01,-1.829529449625826310e+00,2.119063194007106077e+00
-6.006657706064126856e-01,-1.831651708510878995e+00,1.921787679466022691e+00
-6.022935832248500487e-01,-1.833367465795999962e+00,1.732431990588284565e+00
-6.043245313245567685e-01,-1.834780039493552950e+00,1.552962089209303231e+00
-6.066760918570907046e-01,-1.835445116984116165e+00,1.370027378973388110e+00
-6.096854588998856794e-01,-1.836146565874358760e+00,1.155604037911461823e+00
-6.125323997006678622e-01,-1.835802800977006655e+00,9.731687003754454501e-01
-6.156840486158957626e-01,-1.834936856016220696e+00,7.746114642790183913e-01
-6.186716182237546047e-01,-1.833794189089984483e+00,5.912804014097998717e-01
-6.212980016797654548e-01,-1.832148216540767871e+00,4.115670672471238856e-01
-6.236034892753429260e-01,-1.830154835892041643e+00,2.251589986858278380e-01
-6.254644667614640552e-01,-1.828495183737617991e+00,1.446687598096853961e-02
-6.270955806998984583e-01,-1.826852678569052868e+00,-1.612413468937240468e-01
-6.286881332160706437e-01,-1.825278275167013353e+00,-3.429795060824465391e-01
-6.301665668983948976e-01,-1.823717454255190606e+00,-5.227576767497258414e-01
-6.315808661976752836e-01,-1.822046663604951489e+00,-7.082234542307075387e-01
-6.330210594494678489e-01,-1.820744302748673382e+00,-8.847658920156409312e-01
-6.339872375707730212e-01,-1.819064903326833127e+00,-1.063532887702504315e+00
-6.349148889525658701e-01,-1.817522761317144964e+00,-1.245016048521707663e+00
-6.350991220471127185e-01,-1.816222432780521645e+00,-1.429349999749449651e+00
-6.345216526809205337e-01,-1.814935188865882898e+00,-1.625418033152688846e+00
-6.334578421972848483e-01,-1.814642393639068763e+00,-1.812332122151885994e+00
-6.322785741398173620e-01,-1.814288257836351503e+00,-1.992257864449923366e+00
-6.314173305182704254e-01,-1.814598074721978094e+00,-2.168417461421242809e+00
-6.301493503786861350e-01,-1.815291335839868347e+00,-2.348669700000064697e+00
-6.289153668002096520e-01,-1.816836461808313041e+00,-2.535861632076915395e+00
-7.134027451070171777e-01,-1.870521094315846122e+00,-2.586552346960093729e+00
-8.006832772093285255e-01,-1.925040711692266315e+00,-2.582301897389201351e+00
-8.887817275281651996e-01,-1.980217104332343325e+00,-2.578973838486788850e+00
-9.765693012723128952e-01,-2.035567755346793906e+00,-2.577436308476295235e+00
-9.822692232937890733e-01,-2.035952148488510804e+00,-2.397764250294128097e+00
-9.835960402445449446e-01,-2.036650053268916238e+00,-2.212079045386222020e+00
-9.859458794364879264e-01,-2.036893761044661133e+00,-2.026261416792412895e+00
-9.883123671950128086e-01,-2.037504225150288839e+00,-1.844895032166369964e+00
-9.907560670892312515e-01,-2.040419803355056239e+00,-1.665257577386334953e+00
-9.930727205799850799e-01,-2.049405846967047751e+00,-1.482910704138812763e+00
-9.918661703770799143e-01,-2.069563021963670479e+00,-1.306404965257812023e+00
-9.616034097525935076e-01,-2.150545730584924264e+00,-1.182401963558341818e+00
-9.454747619946606285e-01,-2.222705543840070685e+00,-1.356524216117115156e+00
-9.405321721143207192e-01,-2.303169717233011227e+00,-1.532873716381762508e+00
-9.469360539721835002e-01,-2.369791629438005032e+00,-1.709727046002377238e+00
-9.575288318661590026e-01,-2.408047383674995601e+00,-1.883317824466346657e+00
-9.739366253600556522e-01,-2.443575910707521004e+00,-2.063266353410809995e+00
-9.964198803277162231e-01,-2.477198770023727903e+00,-2.240179806196075152e+00
-1.024136350640077797e+00,-2.506860729717229841e+00,-2.415215173146040950e+00
-1.067539720362077116e+00,-2.538162881448203567e+00,-2.589757656183400147e+00
-1.157340373618942042e+00,-2.589030663040652325e+00,-2.634397971575916042e+00
-1.214819660073397811e+00,-2.616165195257681653e+00,-2.811384264281421963e+00
-1.232995358701436173e+00,-2.622267637347166058e+00,-2.988169199698135881e+00
-1.250610127215611822e+00,-2.624923784821907802e+00,3.120833058145640049e+00
-1.267401927555343644e+00,-2.624399507748546245e+00,2.950900801927646366e+00
-1.284732852197156383e+00,-2.620707458618391161e+00,2.775695662797134311e+00
-1.286937457974602683e+00,-2.620848409708123494e+00,2.832699330951397698e+00
-1.286192584883448564e+00,-2.623089366802748845e+00,2.649394070482653518e+00
-1.285739550553770538e+00,-2.625312945136545117e+00,2.463033240229730136e+00
-1.360913111775777784e+00,-2.562774439781995373e+00,2.433917705573312773e+00
-1.438628642355348930e+00,-2.495981884386597738e+00,2.434133849500171642e+00
-1.496142781126037713e+00,-2.450200242547130092e+00,2.258854550355913648e+00
-1.495210352583247415e+00,-2.446654800481832925e+00,2.389665949627028940e+00
-1.495810125607557106e+00,-2.442652053596858774e+00,2.569591499691085357e+00
-1.496617610514685115e+00,-2.438526012468880566e+00,2.755704745931288002e+00
-1.497922953430575355e+00,-2.436146041710653076e+00,2.940806009447982650e+00
-1.500021156018195967e+00,-2.435064882482699034e+00,3.123467333485904440e+00
-1.502323884073057947e+00,-2.434453579105462229e+00,-2.973279680832241922e+00
-1.504995401437230429e+00,-2.434410556141030746e+00,-2.797828994191202234e+00
-1.507724618481417700e+00,-2.434148451169483529e+00,-2.611228349783016434e+00
-1.595048569443818343e+00,-2.490468627135303148e+00,-2.578520800717755801e+00
-1.635345130528671476e+00,-2.519347612690562510e+00,-2.737736094849865243e+00
-1.634859170231606207e+00,-2.521999534239809382e+00,-2.925844538953417118e+00
-1.633943344236107764e+00,-2.524491646812641488e+00,-3.117933168573704172e+00
-1.633545079477114026e+00,-2.526984869595896743e+00,2.985386006536881354e+00
-1.633531866493131313e+00,-2.529775325175184886e+00,2.809927143933983906e+00
-1.633490053050279833e+00,-2.532635871129419680e+00,2.631415515379349035e+00
-1.633543242427863751e+00,-2.535047642101038168e+00,2.454772998330284395e+00
-1.633119951950486870e+00,-2.537503937610801952e+00,2.256236600401683834e+00
-1.633999503062175229e+00,-2.540418002993816149e+00,2.074176951677658032e+00
-1.634491541442820495e+00,-2.542445535213052832e+00,1.888056128825160940e+00
-1.636159936949204141e+00,-2.544692622600983611e+00,1.705287040897341733e+00
-1.638259090526370088e+00,-2.546576227148020788e+00,1.523058822414473212e+00
-1.640380746568088410e+00,-2.548286482726009883e+00,1.345981077798691805e+00
-1.642708893783475288e+00,-2.549552734117184194e+00,1.169689179487043429e+00
-1.645390238136993366e+00,-2.550378142758322753e+00,9.911717584329919895e-01
-1.648101169711501779e+00,-2.550983852750146941e+00,8.083990539983346713e-01
-1.650551218182372937e+00,-2.551392984167750733e+00,6.305618903209289083e-01
-1.652930422760872986e+00,-2.551751447918431559e+00,4.519676229203655748e-01
-1.655280425593473437e+00,-2.551425216018295750e+00,2.746085407263257339e-01
-1.656972655762185109e+00,-2.551149045667140403e+00,9.207098279617977055e-02
-1.658557426212176944e+00,-2.550162715440305483e+00,-8.804065433004515384e-02
-1.659953009360852771e+00,-2.549362767789291606e+00,-2.645351880999321503e-01
-1.661114590260560409e+00,-2.548906165477304864e+00,-4.449147308604653461e-01
-1.662203872045679987e+00,-2.548331082070062426e+00,-6.272181731778418978e-01
-1.663240805724971683e+00,-2.548092787244270241e+00,-8.105280343764849071e-01
-1.662380688102312432e+00,-2.549678622793626115e+00,-1.004891928106392829e+00
-1.620199918550479401e+00,-2.640402130685862936e+00,-1.116789737947301964e+00
-1.576692693172396798e+00,-2.731808967625233286e+00,-1.116701054117635428e+00
-1.532432524298090293e+00,-2.827022803943603613e+00,-1.116946573831689937e+00
-1.499448098502781379e+00,-2.900571956485724634e+00,-9.599545768882938868e-01
-1.499471259082717944e+00,-2.900339611852708721e+00,-1.159972586519339544e+00
-1.498805777267439243e+00,-2.899753357486347216e+00,-1.339136132855390793e+00
-1.497198611984414507e+00,-2.898799691511685150e+00,-1.537295809955006698e+00
-1.495208252839870688e+00,-2.897998352332221472e+00,-1.719327938258674804e+00
-1.493049710849120748e+00,-2.898001761145355015e+00,-1.916989722497314919e+00
-1.490467718391205620e+00,-2.898486035967372754e+00,-2.131707865492068699e+00
-1.487738304149332391e+00,-2.899019138926533401e+00,-2.307871140417363964e+00
-1.485371355436791774e+00,-2.901273166086305366e+00,-2.477123770911049849e+00
-1.483977548466681284e+00,-2.903281645167902880e+00,-2.681284700344914285e+00
-1.482595483612610066e+00,-2.904983906603328503e+00,-2.861516951822682842e+00
-1.481395953671843513e+00,-2.907765004416466681e+00,-3.065241739821654932e+00
-1.480529453944590568e+00,-2.910239602669093095e+00,3.041620691293606793e+00
-1.479519517541995510e+00,-2.912779769088416959e+00,2.862719436048550392e+00
-1.478995013700633354e+00,-2.915037542442945107e+00,2.684713819280790226e+00
-1.478374969991058663e+00,-2.918045815556785882e+00,2.510944415212509551e+00
-1.478357631023413443e+00,-2.919876057795049107e+00,2.334327745093404349e+00
-1.478651802804715087e+00,-2.922981566017765598e+00,2.127871610377968903e+00
-1.479636609983042916e+00,-2.925285849469168031e+00,1.925135988598929204e+00
-1.480967397192685997e+00,-2.927470727910733039e+00,1.717300061155463853e+00
-1.483322647421171814e+00,-2.929549700466925977e+00,1.473773557026033743e+00
-1.485889735905350006e+00,-2.930784217889399468e+00,1.261417491937971702e+00
-1.488900134762277672e+00,-2.931698060976253739e+00,1.037854110388648499e+00
-1.492029489625712912e+00,-2.931354716546555661e+00,7.978642616788856889e-01
-1.494771017986508355e+00,-2.930714624682532854e+00,5.856671696264648119e-01
-1.497428694663785143e+00,-2.929793583928533174e+00,3.659640931072460912e-01
-1.499974143367342361e+00,-2.927999773432114150e+00,1.251757882301867686e-01
-1.501654525335150092e+00,-2.925753747222236356e+00,-9.225689335556210013e-02
-1.502814325526014239e+00,-2.923746263601651574e+00,-3.321997457392630304e-01
-1.503860437458890198e+00,-2.921759787291360766e+00,-5.436148653329483382e-01
-1.504489485940732063e+00,-2.919193645596819930e+00,-7.720160495673752399e-01
-1.468109303555992007e+00,-2.967142103855210156e+00,-9.243554252904910840e-01
-1.405776639724177324e+00,-3.051399652838267862e+00,-9.226527722418681465e-01
-1.342268852263914791e+00,-3.137708820932983755e+00,-9.223343751677737234e-01
-1.320850397791783148e+00,-3.170213647576793026e+00,-7.440092716129644845e-01
-1.321049283070532043e+00,-3.172967998676082590e+00,-5.595089031992382944e-01
-1.320795618376863434e+00,-3.176135341536530099e+00,-3.666921990968264322e-01
-1.320138550022498247e+00,-3.179456183868032859e+00,-1.904230770517186810e-01
-1.319638826612909543e+00,-3.182736079502345827e+00,-1.525163576998546378e-02
-1.318705898582842151e+00,-3.185767189866883786e+00,1.607326368739143974e-01
-1.317698879865404793e+00,-3.188481079046756594e+00,3.396431354916905065e-01
-1.316345392754022958e+00,-3.190879948124291321e+00,5.171700312224042362e-01
-1.236301787931696650e+00,-3.136260520315977018e+00,6.365035354921698696e-01
-1.154391708348220691e+00,-3.077999702666028181e+00,6.345624744191228350e-01
-1.089978230409407223e+00,-3.030335147695936815e+00,4.752895150666645585e-01
-1.091297193421974621e+00,-3.030297766061118114e+00,2.821635754188855927e-01
-1.092534843435189140e+00,-3.029351444013868022e+00,9.075586656454827372e-02
-1.093444222271703570e+00,-3.028345958678920979e+00,-9.055342251321092661e-02
-1.094311537799157685e+00,-3.027325519805041942e+00,-2.766146370033479296e-01
-1.095036100433868231e+00,-3.026783007728650610e+00,-4.642160374186863891e-01
-1.095676226729541680e+00,-3.026167715924452217e+00,-6.408760084242492994e-01
-1.095153372672645453e+00,-3.024308810555097260e+00,-8.191050332464708816e-01
-1.094199228784834554e+00,-3.022027945500992185e+00,-9.992318980625649605e-01
-1.092890811417830843e+00,-3.020459378023779173e+00,-1.173938780364379042e+00
-1.091355973369085852e+00,-3.018659249674084943e+00,-1.358184669712525716e+00
-1.089677986545658062e+00,-3.017213214610633187e+00,-1.561333184678568520e+00
-1.087902368784393170e+00,-3.016186861066031621e+00,-1.736626275391090601e+00
-1.085515567867665565e+00,-3.015284991999957143e+00,-1.920249155789909512e+00
-1.082570852774970449e+00,-3.014916016916863839e+00,-2.123596391106800763e+00
-1.079617570852726249e+00,-3.015345337367407286e+00,-2.303314047151670430e+00
-1.077286891415904835e+00,-3.016724904061329315e+00,-2.485611725533233063e+00
-1.074929483760760807e+00,-3.017779955354459531e+00,-2.660818125299087455e+00
-1.072562750502478401e+00,-3.019324351922122229e+00,-2.878094107896312259e+00
-1.070184441792846775e+00,-3.021269184318539303e+00,-3.081915826730391217e+00
-1.068452487697212572e+00,-3.022925471919430063e+00,3.022132949519648726e+00
-1.066725659955463978e+00,-3.024542532526221184e+00,2.842812847448565883e+00
-1.065296113776497133e+00,-3.026256900509443515e+00,2.629673523082260989e+00
-1.064382005484322269e+00,-3.028200045662718054e+00,2.444540660517348307e+00
-1.063675950143487370e+00,-3.030254189727442427e+00,2.247990857443982193e+00
-1.063104581594064957e+00,-3.031971945424483561e+00,2.063513786228332147e+00
-1.063342728274881743e+00,-3.033754414527778387e+00,1.881280678389519512e+00
-1.087220479640248705e+00,-2.938080663422513172e+00,1.850052385928462551e+00
-1.113515298866753822e+00,-2.840148583598994136e+00,1.852421670546274157e+00
-1.128690287184280772e+00,-2.771859259249174645e+00,1.954607131666097120e+00
-1.129257451964136072e+00,-2.772839329399652275e+00,1.764545580860237051e+00
-1.130099583479246883e+00,-2.773771810976222163e+00,1.590918925585045551e+00
-1.131931117506144835e+00,-2.774274577583534018e+00,1.392190370618311857e+00
-1.133443863892515058e+00,-2.774559269228643821e+00,1.203691210264231870e+00
-1.134840836165332600e+00,-2.774391795374550718e+00,1.023232085459964358e+00
-1.136238777606090045e+00,-2.773645826980543738e+00,8.497485127896196033e-01
-1.064406858238990505e+00,-2.699516143986397054e+00,8.035051226647778044e-01
-9.904222399272503141e-01,-2.624325955362904583e+00,8.095536770537784532e-01
-9.197691521396984538e-01,-2.552187500751491367e+00,8.077861237071380929e-01
-8.732653050048394539e-01,-2.503979599536770184e+00,8.102910305133674829e-01
-7.996915746622464960e-01,-2.426554096245816972e+00,8.122403625427766505e-01
-7.781113663897264443e-01,-2.400065217469665502e+00,6.704743991416888260e-01
-7.795958799979536558e-01,-2.397790920936318848e+00,4.771123401589943969e-01
-7.811681490299667852e-01,-2.396124148814066768e+00,2.988425316483100946e-01
-7.825696953779790466e-01,-2.394240333494624728e+00,1.167109163150513440e-01
-7.837127325158860236e-01,-2.392417792337529825e+00,-6.071994985721227561e-02
-7.850447236941497930e-01,-2.390290017083286145e+00,-2.341046166706504394e-01
-7.858084911249679783e-01,-2.388273595112027969e+00,-4.121410472423021609e-01
-7.866079487199120202e-01,-2.386520601932799579e+00,-5.941084211094732614e-01
-7.869222963378718072e-01,-2.384638344887966444e+00,-7.747963943370812512e-01
-7.863259606400732071e-01,-2.384267588474380251e+00,-9.726334233646676264e-01
-7.289698267101286655e-01,-2.469448758875810945e+00,-9.720696569638045403e-01
-6.707926580419864004e-01,-2.553760482676326937e+00,-9.662121033677684157e-01
-6.132950233273487539e-01,-2.636017504098267850e+00,-9.637682911960085974e-01
-5.530135328066027034e-01,-2.721383845930123613e+00,-9.602021141256676939e-01
-5.063289701199205073e-01,-2.783559851149447706e+00,-1.125514078514116001e+00
-5.055129338856217958e-01,-2.782738548201501683e+00,-1.299339440831653203e+00
-5.039285999193073851e-01,-2.781782181014594624e+00,-1.497449761156767201e+00
-5.021727369063746504e-01,-2.781257143611619576e+00,-1.704236236002845351e+00
-5.001670295791841303e-01,-2.780976729946751380e+00,-1.880987759238928136e+00
-4.978966190894075772e-01,-2.781014030522928948e+00,-2.063518072244882706e+00
-4.961098027036510150e-01,-2.781665566955965119e+00,-2.245352615823982934e+00
-4.938198068303418231e-01,-2.783153932043280321e+00,-2.449699424926912616e+00
-4.917015267284741142e-01,-2.784820385974042800e+00,-2.628072147717254392e+00
-4.898348211360891158e-01,-2.786856331853095892e+00,-2.830586411602689534e+00
-4.879509165620948830e-01,-2.788934891162247354e+00,-3.024555192171531903e+00
-4.863463462942492210e-01,-2.791401415956701992e+00,3.055053945178334285e+00
-4.849960436341275161e-01,-2.794019316302593481e+00,2.888488418365813715e+00
-4.849336485783704020e-01,-2.795523800661960934e+00,2.672915293194501718e+00
-4.850305491877381914e-01,-2.798308596443420893e+00,2.481664260563700264e+00
-4.848662969855702110e-01,-2.801090137408867697e+00,2.274835042565135801e+00
-4.852685480839189491e-01,-2.803615864653032030e+00,2.081621124823016977e+00
-4.860790626876829723e-01,-2.805887153262152989e+00,1.879946402535363159e+00
-4.873295752527391778e-01,-2.808100528989245337e+00,1.673014942100469415e+00
-4.887986218653725401e-01,-2.809236110446187595e+00,1.481178205408444803e+00
-4.906547159303502048e-01,-2.810600584750380104e+00,1.280624919056106981e+00
-4.927406787824874512e-01,-2.811387975515751148e+00,1.070547190633624801e+00
-4.949996279427092416e-01,-2.811293196430219243e+00,8.767285087193965598e-01
-4.968739733983983387e-01,-2.810755527343541615e+00,6.687883725931567103e-01
-4.983717156578726382e-01,-2.809752781005056654e+00,4.751261957051745033e-01
-4.999587217677017303e-01,-2.808509388651541094e+00,2.721403600130063438e-01
-5.013395010258518969e-01,-2.807120964989831879e+00,7.799830277332560347e-02
-5.025615091550331703e-01,-2.805207784004443816e+00,-1.304981964869268152e-01
-5.030784814966239304e-01,-2.803267506193586112e+00,-3.309726149903924330e-01
-5.038621925135602364e-01,-2.801438684622852726e+00,-5.407631206223688647e-01
-5.040946293669483769e-01,-2.799763869984752684e+00,-7.302293945328022229e-01
-4.365483310191777822e-01,-2.870143556555392994e+00,-8.172845721701306188e-01
-3.670640137336110276e-01,-2.944468796351372930e+00,-8.125533210403594886e-01
-2.970163521986705080e-01,-3.019548234821222810e+00,-8.130226512209811629e-01
-2.719945511591697063e-01,-3.049200416593231822e+00,-6.420020227447477135e-01
-2.708470853414980950e-01,-3.051070003305075495e+00,-4.571091778421731422e-01
-2.697760847349194857e-01,-3.052671229301757272e+00,-2.740885950701993923e-01
-2.682331500818962433e-01,-3.054672361431222782e+00,-6.960079132164402604e-02
-2.665493134034288558e-01,-3.056576596426775705e+00,1.241722684050639708e-01
-2.647103788516817491e-01,-3.058498744924690094e+00,3.071626788881330339e-01
-2.625271950392253917e-01,-3.059610455767627801e+00,4.867061182188898161e-01
-1.741233267563973564e-01,-3.010156064545330690e+00,5.375775687175525785e-01
-8.374679643974294874e-02,-2.957948962303484919e+00,5.393557096587198174e-01
4.689958551288333707e-03,-2.906531289658657702e+00,5.428000642064393366e-01
9.297327454253091761e-02,-2.854412568855213994e+00,5.451605222830602226e-01
1.815033915973628675e-01,-2.801480022266499947e+00,5.497988275821314996e-01
2.691364547616026393e-01,-2.748463789240701338e+00,5.543488179828865992e-01
2.709416775760857266e-01,-2.746660763875133249e+00,3.858262172000476165e-01
2.707090407612675609e-01,-2.746049524860655122e+00,2.128134026706796911e-01
2.704227584817971430e-01,-2.745095228207860227e+00,3.250098013255365431e-02
2.702866159309301186e-01,-2.744079815518170484e+00,-1.494350906005284529e-01
2.703087841556921500e-01,-2.742779986858884023e+00,-3.250550398916636219e-01
2.708597594519592255e-01,-2.741724984487146077e+00,-5.228206088414834030e-01
2.711841152009055178e-01,-2.740907114020447732e+00,-7.219016496604822031e-01
2.714299496445963800e-01,-2.740213191322812936e+00,-8.970689833016937120e-01
2.725175268898005765e-01,-2.739551758707936546e+00,-1.098226736706756856e+00
2.743003593300739062e-01,-2.738739236543517919e+00,-1.286314939611795660e+00
2.759239923596795152e-01,-2.738476181997555159e+00,-1.464492796933330565e+00
2.780570035663372797e-01,-2.738447157131893128e+00,-1.639064191080208399e+00
2.806355693746782620e-01,-2.739068499513871213e+00,-1.839063817133335110e+00
2.830292354467411897e-01,-2.739885929698742562e+00,-2.013873343222468915e+00
2.852199594694460605e-01,-2.741248092798331815e+00,-2.190011997208331174e+00
2.874558682020768030e-01,-2.742731224324422179e+00,-2.367239155641735149e+00
2.894382768695943353e-01,-2.744698422607554367e+00,-2.544997932805072249e+00
2.913183970026116953e-01,-2.746849101885689315e+00,-2.737989675100429565e+00
2.928733782800639895e-01,-2.749270431250282698e+00,-2.913939355698677680e+00
2.940053701676315634e-01,-2.751462179485080206e+00,-3.104216621047985569e+00
2.951266967880120107e-01,-2.753433658631542880e+00,3.002129106068412767e+00
2.960623828585454698e-01,-2.755664261375887047e+00,2.809675926017744185e+00
2.970591008129875310e-01,-2.757611403393207095e+00,2.623664903329003373e+00
2.974752845390427058e-01,-2.759374858791574514e+00,2.448269415334363153e+00
2.977032858660640935e-01,-2.761465788686927159e+00,2.244636097293373656e+00
2.971453014679976135e-01,-2.763105229681641184e+00,2.041706336276953415e+00
2.967508522579210828e-01,-2.764904490693377515e+00,1.839622331591258320e+00
2.956296224515823634e-01,-2.766091154053668344e+00,1.667030335251251438e+00
2.945028502897945044e-01,-2.766979681240472999e+00,1.486796659852519298e+00
2.934106571266715813e-01,-2.767425068207618466e+00,1.311014590128989799e+00
2.919770245128075481e-01,-2.767551912003948456e+00,1.110444965045367827e+00
2.909089663667916437e-01,-2.767245307205846938e+00,9.326158272473075161e-01
2.890759018673531577e-01,-2.765735333011940522e+00,7.323765684995257041e-01
3.667771700487965081e-01,-2.703066736007812221e+00,6.641469378768463105e-01
4.470656349197167923e-01,-2.640434025839855536e+00,6.643202158024861248e-01
5.280454989324038229e-01,-2.577450312667837196e+00,6.639433325676986630e-01
6.094936494197981114e-01,-2.514357493881940186e+00,6.629701505965559516e-01
6.324608789463361802e-01,-2.499489395022948646e+00,8.358473088813477281e-01
6.344540374909083402e-01,-2.500094913892958903e+00,1.010601897259026938e+00
6.365060908387842886e-01,-2.500045742397350779e+00,1.190262721237613341e+00
6.383617943847657017e-01,-2.499360911159629772e+00,1.364771778204922237e+00
6.398871767207506833e-01,-2.498422244519495905e+00,1.552107360299715522e+00
6.415094416004522015e-01,-2.497183960602675779e+00,1.729997253033322302e+00
6.428157291463211243e-01,-2.495954407052720647e+00,1.914856417193752991e+00
6.438591373950688368e-01,-2.494443289272342046e+00,2.099897073055335017e+00
6.440206933322578653e-01,-2.492087727951283416e+00,2.311007980987528576e+00
6.441101249907982274e-01,-2.489978465992635392e+00,2.514714776214761027e+00
6.438487711190254981e-01,-2.487992319598835156e+00,2.693916011919964770e+00
6.436232056515444055e-01,-2.486086155104996198e+00,2.873152218946160463e+00
6.424282272596137933e-01,-2.483686228036827259e+00,3.089189115212197301e+00
6.416026215135713917e-01,-2.481715308030436162e+00,-2.996647262916016352e+00
6.402950129470030838e-01,-2.479767519792765551e+00,-2.810477774083123048e+00
6.388209149423269562e-01,-2.478494221181960278e+00,-2.631959605944131031e+00
6.370849105783863431e-01,-2.477265724074740660e+00,-2.451225929047957663e+00
6.352024040268903216e-01,-2.476299227963147054e+00,-2.233210294910938476e+00
6.332313384545652513e-01,-2.475685398928828107e+00,-2.054674201226485142e+00
6.313996588555381706e-01,-2.476048846107526291e+00,-1.880091141453317904e+00
6.293570536400348026e-01,-2.476423025717067183e+00,-1.700119469242654002e+00
6.275970437169943184e-01,-2.477045637339160056e+00,-1.513463660629366547e+00
6.267302179280311858e-01,-2.478294556249236891e+00,-1.335033805564467713e+00
6.262181584576390625e-01,-2.479546355218287701e+00,-1.160316975303852027e+00
6.258044478205252448e-01,-2.481453382496473292e+00,-9.805956427218627258e-01
6.256429024216659807e-01,-2.483154635641610763e+00,-7.949264268687993296e-01
6.262015296016839594e-01,-2.484840309430238037e+00,-6.150838487929078946e-01
6.266443322698447282e-01,-2.486361788751708879e+00,-4.399410981493792061e-01
6.273178808687994712e-01,-2.488108449661993404e+00,-2.593233063975038388e-01
6.283549952256909377e-01,-2.490002375042531302e+00,-7.354619002242569759e-02
6.297245080956268559e-01,-2.492041717371489717e+00,1.239875851787248795e-01
6.313342406984302491e-01,-2.493732928174515973e+00,3.095074641169102692e-01
6.330677719135957560e-01,-2.495167783203002365e+00,4.905927812683669731e-01
6.351872287816059393e-01,-2.496002872062554445e+00,6.698240931930135034e-01
7.097931451126142655e-01,-2.427888357910555239e+00,7.601324341360850001e-01
7.829067616355859238e-01,-2.360487943051045701e+00,7.516459249632830852e-01
8.579481577901478806e-01,-2.291017894013588574e+00,7.518274867016820906e-01
9.318428716952515956e-01,-2.223617669436178446e+00,7.446352883902643827e-01
9.441570951331276218e-01,-2.214533270706985135e+00,9.195156635372888632e-01
9.460142606823955802e-01,-2.214161909739892575e+00,1.099708016511884212e+00
9.480114644056780726e-01,-2.213865399955389446e+00,1.276281009808627465e+00
9.496343749276592305e-01,-2.213249732248787183e+00,1.457211395179131008e+00
9.514266914191520375e-01,-2.212315051444157188e+00,1.645483023109652221e+00
9.529249107881739844e-01,-2.211002744116094210e+00,1.843591238267441312e+00
9.537074856553355851e-01,-2.209696577303255971e+00,2.020210406115587887e+00
9.545377507093006919e-01,-2.208158905840128750e+00,2.223557455934946692e+00
9.547189996904843490e-01,-2.206324621200598468e+00,2.412047363968668812e+00
9.549273033296333812e-01,-2.204138525771396129e+00,2.628868465899712348e+00
9.542572305145835543e-01,-2.202529298651322076e+00,2.803924135025111841e+00
9.538051076778460979e-01,-2.200501633756588138e+00,3.007923488343336338e+00
9.527960804515615001e-01,-2.198834009822415059e+00,-3.083394354808674631e+00
9.519039172716210473e-01,-2.197161894364318080e+00,-2.908695180105758116e+00
9.502564325077174079e-01,-2.195336337334181209e+00,-2.675513555272264199e+00
9.485663443417318152e-01,-2.194309703268364942e+00,-2.500427755363573645e+00
9.473554047347265694e-01,-2.193461055511957802e+00,-2.312464495313645063e+00
9.452313133995287053e-01,-2.193111991655032345e+00,-2.137956719567218666e+00
9.434399366372588913e-01,-2.193118499790580600e+00,-1.949188179153285017e+00
9.411005769843109325e-01,-2.193722492943551927e+00,-1.734460726078086878e+00
9.392914773530898209e-01,-2.194578596441397966e+00,-1.546010820807431241e+00
9.377103382092707440e-01,-2.196309935297870997e+00,-1.314262929623859044e+00
9.369668248050952997e-01,-2.197846758309736082e+00,-1.139451562962919828e+00
9.368825011290888849e-01,-2.199536577687250194e+00,-9.648998624692004533e-01
1.003903765252606606e+00,-2.277214268584375922e+00,-8.513763842326773634e-01
1.071109441781372906e+00,-2.354066987015122514e+00,-8.506763846286145014e-01
1.140920323933099612e+00,-2.433311410315875278e+00,-8.511280882667515701e-01
1.209780921189787861e+00,-2.510664739075088914e+00,-8.515185321966004528e-01
1.279455420975207369e+00,-2.589543540362993390e+00,-8.540050862148877986e-01
1.324991769026164334e+00,-2.642821611885240340e+00,-6.732297928294652678e-01
1.324864630971892998e+00,-2.644267667668024124e+00,-4.948303827632770102e-01
1.325524575568297392e+00,-2.646014353518713058e+00,-3.258661936744451371e-01
1.327135950155844846e+00,-2.647940362181734564e+00,-1.439529867220033510e-01
1.328251933755529635e+00,-2.649189587121739464e+00,4.085933787339446344e-02
1.329987834206868058e+00,-2.650393230780726750e+00,2.281199901939812424e-01
1.331703563695273651e+00,-2.651695689842267889e+00,4.098416747501696933e-01
1.333465327955538404e+00,-2.653071594310235426e+00,5.923892606966332242e-01
1.335783101716527366e+00,-2.654010663730673958e+00,7.770907359112592117e-01
1.337847423394785240e+00,-2.654420022720202610e+00,9.563744117507126941e-01
1.339819658179473683e+00,-2.654524520350074468e+00,1.135391825668754295e+00
1.342096719987745379e+00,-2.654250295324368292e+00,1.314982982425634273e+00
1.344018854768848970e+00,-2.653532802110535549e+00,1.496502208680659640e+00
1.345585048567999875e+00,-2.652228447192661154e+00,1.671173399399607629e+00
1.347278109438146521e+00,-2.651029413271945412e+00,1.853379167539735972e+00
1.348524897362007646e+00,-2.649725536601446052e+00,2.011761761589942132e+00
1.349307869234822821e+00,-2.648060327729150121e+00,2.188393985008072473e+00
1.349643365566955078e+00,-2.646465258891362193e+00,2.367204555128785248e+00
1.349787118959745680e+00,-2.644524091851391479e+00,2.548851707376367237e+00
1.349312347298696091e+00,-2.642873005085564220e+00,2.729498468435614278e+00
1.348899857596709495e+00,-2.641168386185486661e+00,2.915716151857052907e+00
1.348060331545464230e+00,-2.639762902559909197e+00,3.096711427983725340e+00
1.346977087625771397e+00,-2.638406169143450164e+00,-3.006253548678432086e+00
1.345745176272668431e+00,-2.637224407347592781e+00,-2.824980994728511607e+00
1.344078025378967034e+00,-2.636434243363742880e+00,-2.647502496931361637e+00
1.342111483997599386e+00,-2.635589794747095205e+00,-2.464735684650969372e+00
1.340292634409752992e+00,-2.635262269593562134e+00,-2.285636576793109942e+00
1.338507433649570810e+00,-2.635225701245472507e+00,-2.101703620630087421e+00
1.336584131227613659e+00,-2.635617945622938496e+00,-1.921014367316534965e+00
1.334628546336320332e+00,-2.636284924705873944e+00,-1.737738366701086168e+00
1.333124546334859994e+00,-2.637493649232975912e+00,-1.556092463035778861e+00
1.331871160072243487e+00,-2.639090870462499350e+00,-1.374570426492707442e+00
1.330867518529201599e+00,-2.640960210911966310e+00,-1.195253578980362441e+00
1.330108386093504347e+00,-2.642780840178995394e+00,-1.017352237440316554e+00
1.330132730558384990e+00,-2.644847102232535274e+00,-8.365455103507668522e-01
1.330545155057569318e+00,-2.647038780285476900e+00,-6.584449279888425766e-01
1.331399080921440659e+00,-2.649868449659599001e+00,-5.025694495126985517e-01
1.332406574605902838e+00,-2.652001242433687178e+00,-3.264007644509456241e-01
1.334107689899183935e+00,-2.654091038087506682e+00,-1.416038564221543394e-01
1.335725879451749254e+00,-2.655730645029001025e+00,4.075723598966665695e-02
1.337234803480795708e+00,-2.657223807218832778e+00,2.177638276614908552e-01
1.339123869515689291e+00,-2.658733416831790652e+00,4.036730457164026675e-01
1.338983954963058443e+00,-2.660258261057848017e+00,3.483249646562864288e-01
1.337123729030784025e+00,-2.659284480891576319e+00,1.618932716900132740e-01
1.335840023768073204e+00,-2.658238204562599183e+00,-2.234398464143891316e-02
1.334003736417264108e+00,-2.657139798675064224e+00,-2.051057971316789796e-01
1.332344301599033720e+00,-2.655294610616378392e+00,-3.907513288031889132e-01
1.331552367978551032e+00,-2.653604745709072787e+00,-5.761090632155979607e-01
1.331447778393355375e+00,-2.651577424906010894e+00,-7.579659757929538832e-01
1.362561562927241177e+00,-2.684793820957351862e+00,-6.769859839290588432e-01
1.363166514442762933e+00,-2.687335710049582271e+00,-4.911195874925747828e-01
1.363898267648058438e+00,-2.689159290498980504e+00,-3.124191858634257080e-01
1.365155112348748423e+00,-2.691104548932753637e+00,-1.227680921248456847e-01
1.366335095855917281e+00,-2.693193129653823181e+00,5.859788379980791079e-02
1.367901762631019480e+00,-2.694965121303699362e+00,2.339635983714036527e-01
1.369505090358041688e+00,-2.696301646797090168e+00,4.167168671098666621e-01
1.371781016641310469e+00,-2.697597981670587508e+00,5.860936550182964666e-01
1.374034671635431026e+00,-2.699138931791938756e+00,7.572081962787340359e-01
1.372444059548674211e+00,-2.698993313171738073e+00,5.805405189185802728e-01
1.371029603372464489e+00,-2.698164392006935142e+00,4.052260005542552279e-01
1.369442980272743249e+00,-2.697740624872843274e+00,2.287424743947132355e-01
1.368156893171267319e+00,-2.696516353625390217e+00,5.066586159249159699e-02
1.367535232173736848e+00,-2.695217715945006365e+00,-1.270371579047130384e-01
1.366875350247957810e+00,-2.693811811827158564e+00,-3.083083434904271836e-01
1.366499533404708533e+00,-2.692288716411970650e+00,-4.874800981947290945e-01
1.366586893117157198e+00,-2.690633748988127127e+00,-6.599342373028046493e-01
1.439232467624131706e+00,-2.758547165935515633e+00,-7.543699823092562262e-01
1.512960384728720964e+00,-2.828312433973249274e+00,-7.532266723411018550e-01
1.586795224216394073e+00,-2.897756416622342179e+00,-7.540715527241472760e-01
1.597584383349029746e+00,-2.908896952253620771e+00,-8.892949037092640063e-01
1.597684446869027219e+00,-2.906892217095947473e+00,-1.074441693010826260e+00
1.598658590070981989e+00,-2.906026187929658278e+00,-1.254766067748904979e+00
1.601497517087084654e+00,-2.911699451316818177e+00,-1.421227280807186855e+00
1.603004231976158600e+00,-2.910587092915172924e+00,-1.601838041235650989e+00
1.605151288218845673e+00,-2.910205181393938911e+00,-1.791720955468858900e+00
1.607431325348694706e+00,-2.909998651384234858e+00,-1.969514023388634127e+00
1.609690708353147093e+00,-2.910532172864697564e+00,-2.145403167729123428e+00
1.611795182124089454e+00,-2.910578228304016690e+00,-2.324223068609713838e+00
1.613926606110830386e+00,-2.911574838287920297e+00,-2.500936677279708586e+00
1.616160566102066598e+00,-2.912745092107403178e+00,-2.678104873981860479e+00
1.618291539074104390e+00,-2.914182167290082504e+00,-2.857672062294210669e+00
1.620281732011311426e+00,-2.916145130001620789e+00,-3.046924144693746062e+00
1.621741733549260100e+00,-2.918421434157639993e+00,3.052940501241349747e+00
1.623063714476397301e+00,-2.919911301768556289e+00,2.876742153499665555e+00
1.624259021969240324e+00,-2.921660105596364687e+00,2.695533752813608963e+00
1.625645175602224546e+00,-2.923090678238398077e+00,2.502584494393757630e+00
1.626275942134577157e+00,-2.925476638546284036e+00,2.324414613017424802e+00
1.557874783538163888e+00,-2.851823718771576921e+00,2.323426758471172970e+00
1.485396017404452929e+00,-2.773055959793580438e+00,2.321333358037696915e+00
1.415837286772185566e+00,-2.698227782946574393e+00,2.318409310717878480e+00
1.347562456814654475e+00,-2.623726772729007450e+00,2.317437585064490158e+00
1.273481501502956581e+00,-2.542639074030869750e+00,2.316997332392079834e+00
1.202774702611766555e+00,-2.466082523421869954e+00,2.316761900914637184e+00
1.179261030067747518e+00,-2.442441738166781118e+00,2.158146735218902545e+00
1.179740965563931265e+00,-2.441796664411064910e+00,2.334935111740984670e+00
1.179537147734271763e+00,-2.439736119778540324e+00,2.537065477523696266e+00
1.179025456164208396e+00,-2.437975237584947052e+00,2.741747555019746319e+00
1.178130229703286735e+00,-2.436517908486919737e+00,2.942772572011752796e+00
1.177083132436719914e+00,-2.434670522101949786e+00,3.136918445267011357e+00
1.175651966489529743e+00,-2.433174986405933549e+00,-2.938622221449568528e+00
1.174029618438166445e+00,-2.431677056697563621e+00,-2.746384170663546342e+00
1.171880857877251492e+00,-2.430744988263391360e+00,-2.540813626518193313e+00
1.088272609268666757e+00,-2.490299092555264160e+00,-2.525117052851228561e+00
1.006172919523704801e+00,-2.548330651843155881e+00,-2.528841150072500987e+00
9.180460689568383792e-01,-2.609266130592521105e+00,-2.530805368145976342e+00
8.272672777665091015e-01,-2.672449527698440352e+00,-2.534748887666310679e+00
7.432583239313752532e-01,-2.729578352479109515e+00,-2.538512188988753859e+00
7.011023471816366648e-01,-2.754196732326779085e+00,-2.401544015782007158e+00
6.994842998408934420e-01,-2.754159641415243165e+00,-2.218049325092740442e+00
6.975944203540777044e-01,-2.754039158697014322e+00,-2.028629707090000789e+00
6.958669161268282721e-01,-2.754490571031995128e+00,-1.849534699726274045e+00
6.943595232868593481e-01,-2.755169718284218749e+00,-1.669661029444812872e+00
6.929684092710231003e-01,-2.756492204095986942e+00,-1.489436773013208759e+00
6.919643751679422916e-01,-2.757841012838800676e+00,-1.312486865808191849e+00
6.916220551524844273e-01,-2.759882014714889475e+00,-1.126765696184637511e+00
7.455229395943987480e-01,-2.847515024772174552e+00,-1.004864725955537663e+00
7.987153334521731596e-01,-2.933247990570660324e+00,-1.007089501699996781e+00
8.534801727305368901e-01,-3.021883208371465290e+00,-1.005871599972564701e+00
8.706501623674030022e-01,-3.052784792665669489e+00,-8.352870300755030897e-01
8.710370842370539490e-01,-3.055278325392935646e+00,-6.500644778073682017e-01
8.713141334503972102e-01,-3.057883197395337760e+00,-4.702883605442899628e-01
8.721876178175796968e-01,-3.060476182767046804e+00,-2.883064657441431478e-01
8.732906475946875524e-01,-3.063066559356780072e+00,-1.055155559501510798e-01
8.746033701611005684e-01,-3.065163969760305473e+00,7.215120358622115204e-02
8.755884624347727296e-01,-3.067307056440854218e+00,2.525730423963549187e-01
8.772694043977373735e-01,-3.069550873012218961e+00,4.415693981365653720e-01
8.789039249155635725e-01,-3.071364126528879357e+00,6.215532484108428068e-01
8.806584197699856009e-01,-3.072696725905319060e+00,8.048256858584057483e-01
8.826066231594633660e-01,-3.073760111543891949e+00,9.870847958540679423e-01
8.841992029157784705e-01,-3.074675183062445694e+00,1.169031655877336373e+00
8.857571522084665139e-01,-3.074577302759373687e+00,1.367271967763592277e+00
8.868149098100419625e-01,-3.074262815695323781e+00,1.549945819509308986e+00
8.885736200634121174e-01,-3.073252942327924231e+00,1.738483450339718406e+00
8.899560654708355001e-01,-3.072055658163004743e+00,1.913835624887927356e+00
8.914703225200143466e-01,-3.070427746378582956e+00,2.092124805288750888e+00
8.923605621251851083e-01,-3.068806199468995466e+00,2.272389539750711229e+00
8.927667339947614744e-01,-3.067258901492002199e+00,2.452972074401240210e+00
8.921524361692885208e-01,-3.064874751817984411e+00,2.715363992831502316e+00
8.919836581112574603e-01,-3.063065339526131581e+00,2.896242831393597950e+00
8.914129344654047049e-01,-3.061158063281655295e+00,3.076976301278126158e+00
8.907869896198906678e-01,-3.059616754806006700e+00,-3.029202045556198097e+00
8.903258264065039285e-01,-3.058505832129640112e+00,-2.855026852842427854e+00
8.886814873181072549e-01,-3.057326305500159602e+00,-2.668808435998912376e+00
8.876238188005540763e-01,-3.057009388448662879e+00,-2.485727300267428497e+00
8.865697820602098655e-01,-3.057202539559137566e+00,-2.304118773098978501e+00
8.851500447625650914e-01,-3.057639756988258295e+00,-2.121955575868315069e+00
8.839161972031268633e-01,-3.058007568773075224e+00,-1.945437941025129458e+00
8.824371918034181750e-01,-3.058485150189462320e+00,-1.767464253000601726e+00
8.811618089786374952e-01,-3.059672442045363372e+00,-1.586893184329667639e+00
8.802907603515988111e-01,-3.061274559970419862e+00,-1.407070589954631634e+00
8.800302222607676583e-01,-3.063045902328570325e+00,-1.224552948150417153e+00
8.800827521343729254e-01,-3.064996584808661328e+00,-1.039640094720561070e+00
8.948541446332718419e-01,-3.083743753028499235e+00,-8.823457768082610952e-01
9.613409766536594736e-01,-3.163571613449437159e+00,-8.828431850016537075e-01
1.028117169145279286e+00,-3.242200404726921281e+00,-8.791487823813290969e-01
1.080422181080791244e+00,-3.301503711762056259e+00,-1.042238367537962507e+00
1.080132107925616536e+00,-3.300222942348259192e+00,-1.220565853323259065e+00
1.080594851891931274e+00,-3.299452177955870535e+00,-1.421437520810669763e+00
1.081482926287239188e+00,-3.298779100322584590e+00,-1.622749904264734866e+00
1.082182180208865807e+00,-3.298448563961438040e+00,-1.800682348512618658e+00
1.083324516181954245e+00,-3.298535348704939807e+00,-2.002223049907157382e+00
1.084814825618341860e+00,-3.298817656976313462e+00,-2.179304933763178465e+00
1.086205330820951831e+00,-3.299740451991938883e+00,-2.376453937671455297e+00
1.008893880359462925e+00,-3.367193608846697828e+00,-2.432156198360404087e+00
9.437438266967682621e-01,-3.419486323899372682e+00,-2.262344815774809170e+00
9.412652718147810349e-01,-3.418848850028161745e+00,-2.059332200032311100e+00
9.388443487904366558e-01,-3.419154934063882934e+00,-1.868203233576456901e+00
9.363344852307324828e-01,-3.420184907560430254e+00,-1.693324603345890189e+00
9.346412536163795082e-01,-3.421839877131011232e+00,-1.503389306453415619e+00
9.332695125343476450e-01,-3.423609402128553914e+00,-1.326700738795479451e+00
9.335370875778896682e-01,-3.424790531833560525e+00,-1.143187093031569290e+00
9.337300684770634129e-01,-3.426176805479877352e+00,-9.554499328358448951e-01
9.336485891866931341e-01,-3.428200378598372122e+00,-7.721959490970210505e-01
9.333361820710790457e-01,-3.430453324349633792e+00,-5.874765091456650712e-01
9.335611474953956490e-01,-3.432792969679392403e+00,-4.070175714530100963e-01
9.338297820499285029e-01,-3.435313461994314643e+00,-2.244506521381141873e-01
9.342753575654877407e-01,-3.437542218106444558e+00,-2.969858124919107223e-02
9.353327451868969078e-01,-3.440082973001328259e+00,1.533222572984729026e-01
9.366614523902958567e-01,-3.442345205436550426e+00,3.370771630745156844e-01
9.382131520463334873e-01,-3.444084192757809415e+00,5.195163360245065309e-01
9.393607892181209396e-01,-3.445198918577786262e+00,7.003816109171141502e-01
9.409768194904094551e-01,-3.446281928629002955e+00,8.799475982633020443e-01
9.423610267973836496e-01,-3.446830650309617106e+00,1.063099146551471197e+00
9.436839333818050068e-01,-3.447548508731725470e+00,1.224226943458319727e+00
9.455033162223909216e-01,-3.447911273017445044e+00,1.400961014423932838e+00
9.468716499710039258e-01,-3.447671445239878452e+00,1.585015396145836419e+00
9.479833095641583274e-01,-3.447136191620013612e+00,1.766534451311340570e+00
9.489112248900074542e-01,-3.446452823815272737e+00,1.944663966974557789e+00
9.494826492798608131e-01,-3.445666866383030769e+00,2.124139734495178455e+00
9.498648825619000480e-01,-3.444676066366853640e+00,2.305418731887239669e+00
9.495023303953171734e-01,-3.444017061546480907e+00,2.485958286581655408e+00
9.487660116460111537e-01,-3.443596866225289599e+00,2.667069707051576088e+00
9.476987803299424806e-01,-3.443164974016823532e+00,2.848658935896438926e+00
9.470139821040938211e-01,-3.442573923274365288e+00,3.033906358363542832e+00
9.462055953362209504e-01,-3.441998435247409560e+00,-3.068818991292645570e+00
9.448944401573009522e-01,-3.441108525257166040e+00,-2.886694679569902888e+00
9.435199310414076335e-01,-3.440117088870170203e+00,-2.704452043268131600e+00
9.418901241776715949e-01,-3.439492935660767525e+00,-2.522562589380044962e+00
9.420551217355636053e-01,-3.440286454323487231e+00,-2.517611915794027766e+00
9.441905415724420880e-01,-3.443022674784748105e+00,-2.682558490006853091e+00
8.541801631534126082e-01,-3.491711987429901409e+00,-2.688070676006708126e+00
7.575764949610283017e-01,-3.540384620312481356e+00,-2.688560963425905115e+00
6.632835129281586806e-01,-3.588835595389646471e+00,-2.687794274845419995e+00
5.692421743946163293e-01,-3.636532669038856636e+00,-2.689393810987669831e+00
5.163394250848385436e-01,-3.662411531954495647e+00,-2.522802845886893852e+00
5.160499715892306050e-01,-3.661669551913766973e+00,-2.607503399563420476e+00
5.171812939121125385e-01,-3.661925241217762306e+00,-2.797641860722891671e+00
5.181250770911683956e-01,-3.663436899871463481e+00,-2.981322999086335024e+00
5.191317009474534228e-01,-3.664935950086356531e+00,3.122354088721637222e+00
5.199705714663376277e-01,-3.667201593250987379e+00,2.942886975733565169e+00
5.205986432945224340e-01,-3.669683995886845462e+00,2.766082973601235562e+00
5.210680890255086073e-01,-3.672405485549519177e+00,2.583549056949475897e+00
5.214290626016231389e-01,-3.674985795689083901e+00,2.408539658348485268e+00
5.217392663450235446e-01,-3.677489259760478912e+00,2.225798537282663858e+00
5.214648925383466027e-01,-3.680041732851726088e+00,2.046977319381031002e+00
5.206020579607264498e-01,-3.682686622850250391e+00,1.866036736280771047e+00
5.191668496412890077e-01,-3.685312176607196566e+00,1.666831399196329278e+00
5.178948057380738934e-01,-3.687074078685046441e+00,1.492643624968430061e+00
5.157202589117115821e-01,-3.688636888941840386e+00,1.269920163788884615e+00
5.146247490109874256e-01,-3.689970518233525620e+00,1.086020480961141121e+00
5.131291922762416524e-01,-3.690679448304210020e+00,8.746477879575740300e-01
5.116172678701773613e-01,-3.690793577164018568e+00,6.971080506524841569e-01
5.102788361386704219e-01,-3.690793057840310976e+00,5.183672084839854310e-01
5.088402871551130913e-01,-3.689540343319233529e+00,3.307897001488940836e-01
5.074089063713820291e-01,-3.688405851003736302e+00,1.525646009344556187e-01
5.063955260199032304e-01,-3.687071133024100167e+00,-2.157873324907731011e-02
5.054700776627316650e-01,-3.685517370080107824e+00,-1.996181972142750671e-01
5.047507298795284036e-01,-3.683350327226084797e+00,-4.033570319181583597e-01
5.042347248396796822e-01,-3.682070461249870252e+00,-6.023124330107390012e-01
5.041280629321295281e-01,-3.680593862553542372e+00,-8.003090500904255222e-01
5.044823641801017278e-01,-3.679309203010861840e+00,-9.776183994662585031e-01
5.049488038414347013e-01,-3.677808423811661509e+00,-1.151502339819589160e+00
5.060729497489451223e-01,-3.676518682026025164e+00,-1.325957717576762507e+00
5.074910717309811803e-01,-3.675459960452649000e+00,-1.518234036539926501e+00
5.083959059128143609e-01,-3.674435870983021157e+00,-1.725789564013029853e+00
5.096755871795243253e-01,-3.674250050689562563e+00,-1.914110106537882938e+00
5.110386797914340251e-01,-3.674323402745268030e+00,-2.092963958754047393e+00
5.126469234982263812e-01,-3.675026624343884052e+00,-2.278426404406019845e+00
5.141979075363890539e-01,-3.676413184239812448e+00,-2.482195720586578336e+00
5.154613443849638266e-01,-3.677411635664286305e+00,-2.661221947231648066e+00
5.164196839512050774e-01,-3.678775256286646034e+00,-2.847325222010235635e+00
5.174549217540274082e-01,-3.680267044795939135e+00,-3.051434429630942358e+00
5.181299502380861677e-01,-3.681966531928664299e+00,3.051344189674783713e+00
5.191417395571048532e-01,-3.683662307816771175e+00,2.868553799302798524e+00
5.196412888521777518e-01,-3.685675799698640454e+00,2.665179482732256577e+00
4.330566576031333881e-01,-3.632849306160722769e+00,2.552227288575096953e+00
3.459549740713721011e-01,-3.577129692278924189e+00,2.552839007680864913e+00
3.376137486140315946e-01,-3.573185526131782641e+00,2.730252999842722961e+00
3.369486050723000115e-01,-3.575002033328111839e+00,2.573037649291517681e+00
3.366408876702989272e-01,-3.577017637752383461e+00,2.395175239546555979e+00
2.642419193297056434e-01,-3.508529091647880627e+00,2.348762628908619199e+00
1.922285828462217128e-01,-3.438007127141027297e+00,2.348849706696154893e+00
1.191538110797040750e-01,-3.366228735497800439e+00,2.346307251410995054e+00
4.547624937098143638e-02,-3.292845418188047102e+00,2.345893862012238706e+00
4.065107293613184902e-02,-3.289179614615511227e+00,2.517719413463063383e+00
3.818891373977088138e-02,-3.288491731882063895e+00,2.695166278959463035e+00
3.538924631363470075e-02,-3.287732849363020460e+00,2.879946693496862942e+00
3.291249632469852443e-02,-3.286886962570018333e+00,3.065554060777738954e+00
3.059520430441151420e-02,-3.286184188132984740e+00,-3.037823581713915644e+00
2.832138032573214975e-02,-3.285521340611842422e+00,-2.856303688996368884e+00
2.572215446001422517e-02,-3.284955766529007892e+00,-2.678578073231643319e+00
-6.197661146282872763e-02,-3.339879659358598651e+00,-2.545219681510737963e+00
-1.533588461316497120e-01,-3.399555866123781467e+00,-2.549450949403871292e+00
-2.408474767238048819e-01,-3.456740739204390067e+00,-2.551696348343935217e+00
-3.263493268565013095e-01,-3.512120522969390368e+00,-2.554375983554304508e+00
-4.140478461460149195e-01,-3.568977247888495796e+00,-2.558872722604737415e+00
-4.793641190547049957e-01,-3.609770798275842019e+00,-2.465715197523367319e+00
-4.804194795246214955e-01,-3.609654221800232321e+00,-2.506152920601309564e+00
-4.801426253983815395e-01,-3.610555298871103602e+00,-2.700806144140383225e+00
-4.798507811039852688e-01,-3.611717829701730942e+00,-2.883506572495702525e+00
-4.793944726055032191e-01,-3.613211739649489385e+00,-3.064193553361675537e+00
-4.788843712805702646e-01,-3.615158182768826389e+00,3.006607059091869871e+00
-4.786603872083854960e-01,-3.616802747494701986e+00,2.803599470338127730e+00
-4.788911874109036404e-01,-3.618281276469823116e+00,2.623251067930380209e+00
-4.794425161676703073e-01,-3.619906181149751045e+00,2.436877983705256323e+00
-4.800198600543547078e-01,-3.621932580465917262e+00,2.227349989697829269e+00
-4.810588929701991590e-01,-3.623594784347373476e+00,2.026851343354005852e+00
-4.825294017111786959e-01,-3.624758589480845838e+00,1.843376507509377982e+00
-4.846520635827840096e-01,-3.625381991956502681e+00,1.659832110248337766e+00
-4.870644518214638508e-01,-3.625860064078829215e+00,1.474092530576918358e+00
-4.896408851817847796e-01,-3.626153123758123265e+00,1.291845543818812336e+00
-4.926068646482905655e-01,-3.625922445140831840e+00,1.111104463259315889e+00
-4.957279817794116306e-01,-3.625192312317780274e+00,9.085974021445303306e-01
-4.983850582445664146e-01,-3.624076626728665929e+00,7.276064797341897927e-01
-5.013137199668210586e-01,-3.622567948184802766e+00,5.418167321126610148e-01
-5.040233092250387958e-01,-3.620543519406009381e+00,3.314672896195636209e-01
-5.065204228776860607e-01,-3.618207271691463056e+00,1.527025417313922218e-01
-5.091078871743270895e-01,-3.615876344316791169e+00,-5.199264332683668083e-02
-5.110030088092147871e-01,-3.613801967547400906e+00,-2.329753923437748453e-01
-5.127401732492953279e-01,-3.611523153683069420e+00,-4.204070799334364561e-01
-5.140508908427704471e-01,-3.609082172368454522e+00,-6.028650804915330896e-01
-5.152170010068080064e-01,-3.606666573104266860e+00,-7.781806522693430761e-01
-5.159330117125685566e-01,-3.604312155112888494e+00,-9.595053171744954978e-01
-5.162202036088692214e-01,-3.601935094155688244e+00,-1.144110863102535181e+00
-5.161814401393810536e-01,-3.599849730762014755e+00,-1.318811371158907120e+00
-5.162714303138848937e-01,-3.598189627606988239e+00,-1.497518445072851812e+00
-5.151122173982759511e-01,-3.596685315537567540e+00,-1.677467663579483403e+00
-5.139040889058298367e-01,-3.595688600528766266e+00,-1.863479628387748832e+00
-5.124991348090088827e-01,-3.594964872310426607e+00,-2.068442689568760873e+00
-5.109518388207369144e-01,-3.595090992459159196e+00,-2.245007874951692184e+00
-5.784176931011604239e-01,-3.666155284605828069e+00,-2.307880802596226300e+00
-6.485245662671090816e-01,-3.740259679549169824e+00,-2.303051984958731424e+00
-7.174764604951894276e-01,-3.815145208338106109e+00,-2.275626237459365431e+00
-7.505290412705687420e-01,-3.859534374635947174e+00,-2.088544605284424982e+00
-7.644565428200355006e-01,-3.882531581467140835e+00,-1.905935281933281100e+00
-7.666479511796006063e-01,-3.882658452603323429e+00,-1.723270255493868142e+00
-7.686407581139637069e-01,-3.883066191512002607e+00,-1.539116951600647987e+00
-7.702601400377768748e-01,-3.884009971911948078e+00,-1.349848445952213982e+00
-7.720324942796886747e-01,-3.885151670176786975e+00,-1.144983809689268828e+00
-7.727137413211235817e-01,-3.886601279931511499e+00,-9.623834664703575514e-01
-7.730578568651497173e-01,-3.888578938125871964e+00,-7.775760110797552693e-01
-7.727738577860781000e-01,-3.890632650413297533e+00,-5.972209379256446793e-01
-7.725271097517046881e-01,-3.892578616225117027e+00,-4.128964426573297208e-01
-7.719162411451095940e-01,-3.894671714754137426e+00,-2.345114411926274289e-01
-7.709794117372641420e-01,-3.896334036352044006e+00,-5.003555094567747191e-02
-7.704581174355041862e-01,-3.898099075043144346e+00,1.273002344302008038e-01
-7.688619406341529183e-01,-3.900180180146401554e+00,3.126431200249016329e-01
-7.671774665214480260e-01,-3.901910686429397312e+00,4.911140232573734665e-01
-7.652425598172143406e-01,-3.903601400887443784e+00,6.772112281358240171e-01
-7.630252577343306086e-01,-3.904706499856299473e+00,8.994947695057139425e-01
-7.055223807598121066e-01,-3.822320219528238194e+00,9.819992427338820606e-01
-6.417035709107566932e-01,-3.744470720508439765e+00,8.347677019075474547e-01
-5.682697849427642556e-01,-3.674486147256147195e+00,7.609388723334268301e-01
-4.952702682009320623e-01,-3.605644818794560891e+00,7.624619963613022966e-01
-4.197360958393555053e-01,-3.534323777667194300e+00,7.653614370786882004e-01
-3.450074402202028545e-01,-3.463568277158682651e+00,7.665568146064384303e-01
-2.693757662098059114e-01,-3.392111858245896006e+00,7.679634415823669569e-01
-1.953248090570519346e-01,-3.321652557490596624e+00,7.705396352247704250e-01
-1.203116716376347456e-01,-3.250598955332996809e+00,7.723211513152899999e-01
-4.642943589380740116e-02,-3.180739514857974459e+00,7.739037526970459213e-01
-2.624749936363418232e-03,-3.137090791094150344e+00,6.077985797839755566e-01
-3.792586070782318075e-03,-3.137229318049550297e+00,4.270682115977604276e-01
-4.435821190806803031e-03,-3.137110310042643846e+00,2.454769912221156369e-01
-5.152270439868213495e-03,-3.136620368834119432e+00,6.280306205555996613e-02
-5.719002442330850706e-03,-3.136056771984940372e+00,-1.196596650905394910e-01
-6.149759661792263653e-03,-3.135001517478527511e+00,-2.983799959906455190e-01
-6.271958155272268354e-03,-3.133599401891231206e+00,-4.718541772085828034e-01
-5.810289397584416510e-03,-3.132345520207788336e+00,-6.514060083048278660e-01
6.470158536988437903e-02,-3.197527895517580543e+00,-7.624468527987716682e-01
1.405735509358873314e-01,-3.267844743822239550e+00,-7.577507768403118904e-01
2.174825835750814895e-01,-3.339312394845755261e+00,-7.551465403605986948e-01
2.935593857702170073e-01,-3.409811775970839953e+00,-7.526054876596264265e-01
3.702730851413862934e-01,-3.481567623548183388e+00,-7.519688962452878433e-01
4.468389404197580794e-01,-3.552163723581315491e+00,-7.483596860531155359e-01
5.240739316735457676e-01,-3.622914634723968685e+00,-7.459147305539293171e-01
6.006827412324104998e-01,-3.692104364325531130e+00,-7.440978213515789808e-01
6.783477138015058250e-01,-3.763059935209080553e+00,-7.454348423843902838e-01
7.280409448994000776e-01,-3.804924194351996913e+00,-8.706429916202714780e-01
7.290829781783625396e-01,-3.804171913831368101e+00,-1.053193425159038243e+00
7.304932301631907876e-01,-3.803424077926162106e+00,-1.231517404603402754e+00
7.329837606907495529e-01,-3.802316879765075708e+00,-1.370947692206817337e+00
7.330506244338155231e-01,-3.804864783432679864e+00,-1.260783965539802542e+00
7.343863226081096540e-01,-3.803611173995302241e+00,-1.447143550008882285e+00
7.405477872291093000e-01,-3.903669982492741219e+00,-1.516192836464822724e+00
7.460048121474334160e-01,-3.942621121104146198e+00,-1.684228216285277524e+00
7.471230906786474613e-01,-3.942382232650939233e+00,-1.872120557732413149e+00
7.487732088499932104e-01,-3.942291519751270013e+00,-2.060597976913435936e+00
7.505316018317085280e-01,-3.942819112917644642e+00,-2.246211229942474574e+00
7.516680952061703946e-01,-3.943681588918494629e+00,-2.277373614497157917e+00
7.494128063125456984e-01,-3.944336867978533778e+00,-2.102040963337733270e+00
7.512815223390914010e-01,-3.945772163701893653e+00,-2.256506643827653313e+00
6.862855178337257112e-01,-4.021350845198446322e+00,-2.291169226040389972e+00
6.204317808501744747e-01,-4.097705980209576104e+00,-2.284314308078672084e+00
5.975736861714002757e-01,-4.127689634494662307e+00,-2.460966108073113556e+00
5.994222879924820946e-01,-4.128848669508819569e+00,-2.647693070744347121e+00
6.011433933821223041e-01,-4.130178840048650990e+00,-2.830837834935118202e+00
6.025820120539594482e-01,-4.131768904763732486e+00,-3.009835466951053196e+00
6.041051220806619160e-01,-4.133164988077723478e+00,3.086284571386674003e+00
6.051451231914357631e-01,-4.134797991467491052e+00,2.898372507064777892e+00
6.060891390459419714e-01,-4.137264944240187425e+00,2.714272928909988281e+00
6.067283864344946709e-01,-4.139340007891553874e+00,2.537643554106714383e+00
6.072300540794014490e-01,-4.141593730545190866e+00,2.362326929708547407e+00
6.063840492717487152e-01,-4.143542078908736492e+00,2.183497029450553573e+00
6.054516899443479483e-01,-4.145546896312612972e+00,2.011611700166715089e+00
6.028737834541857410e-01,-4.147520464830759757e+00,1.831132304856933901e+00
6.005313383792191262e-01,-4.149360878496203497e+00,1.655298340273287483e+00
5.982029160807060819e-01,-4.150964679584512318e+00,1.469497161643993799e+00
5.959982115164589311e-01,-4.152349515818425374e+00,1.283951153420019198e+00
5.936868159288279934e-01,-4.152703967653597950e+00,1.105768191357575647e+00
5.908326783691429940e-01,-4.152047208890665253e+00,9.310523474002334599e-01
5.872508167418413194e-01,-4.150918963434748754e+00,7.534813015193448926e-01
5.837148745085321000e-01,-4.149115877139679220e+00,5.810764637921081999e-01
5.803647597205044972e-01,-4.147922298405256392e+00,3.938452648186756000e-01
5.777982263142151798e-01,-4.147841280917624829e+00,2.118495793152113116e-01
5.754967553363387056e-01,-4.146993720421003005e+00,3.105071698152206752e-02
5.730499301052289773e-01,-4.146511809011648175e+00,-1.504323524448356597e-01
5.706675836894531395e-01,-4.145868896338487097e+00,-3.332076782512231605e-01
5.685039456044573836e-01,-4.145243698269168497e+00,-5.174786073634195516e-01
5.664802156570603042e-01,-4.144649508025652018e+00,-6.967445048699062449e-01
5.653674489185719354e-01,-4.143570389639327445e+00,-8.797529140873830977e-01
5.648254486162374022e-01,-4.142399058190167516e+00,-1.066242616303811452e+00
5.644694963401950538e-01,-4.141374777140335084e+00,-1.242332525668951471e+00
5.644910973708652246e-01,-4.140560650398375842e+00,-1.433548163277420073e+00
5.657900389785964768e-01,-4.139354422786333920e+00,-1.608589460115602110e+00
5.675766217212367959e-01,-4.137867432026618886e+00,-1.784438422997381979e+00
5.696713096726676584e-01,-4.137058036348732593e+00,-1.966614342998953990e+00
5.715561298738434104e-01,-4.136689298213807042e+00,-2.149608921993843236e+00
5.228020240934848628e-01,-4.192866202689671695e+00,-2.291417785144620467e+00
4.565310449883984711e-01,-4.268823322579624602e+00,-2.283234832165217387e+00
3.903034912475999985e-01,-4.345161675771802123e+00,-2.271990389804208643e+00
3.260162772087368266e-01,-4.423710039269188599e+00,-2.166097596465325292e+00
2.693761995445907997e-01,-4.505714656320938261e+00,-2.158384658380421151e+00
2.136459287324631029e-01,-4.589318351329409573e+00,-2.055710415006483327e+00
1.682954285979457176e-01,-4.679534913387342954e+00,-2.005595236005714099e+00
1.597780885134431339e-01,-4.691088358029472438e+00,-1.829644720755642107e+00
1.589767417302000718e-01,-4.692450859215786529e+00,-1.637964944248913701e+00
1.599742766205270728e-01,-4.729994657452028406e+00,-1.480310323034981446e+00
1.676355210893014647e-01,-4.774754819382670767e+00,-1.304505830683701628e+00
1.697494229359545748e-01,-4.783997951365595469e+00,-1.126792443263780363e+00
1.793574676823436187e-01,-4.804772596205633128e+00,-9.471778128461234569e-01
2.150414139582761675e-01,-4.855364374544391737e+00,-1.004437424054803962e+00
2.675374989957363114e-01,-4.944971444380968251e+00,-1.014667731883567070e+00
2.719272508323949955e-01,-4.951758965297514692e+00,-1.189322587412910304e+00
2.732914051270399769e-01,-4.951229122262619242e+00,-1.365339343714065068e+00
2.752863656169734496e-01,-4.950706954961114903e+00,-1.542895547393837052e+00
2.779033923106382642e-01,-4.950652732083892893e+00,-1.730580948616585291e+00
2.803412596321726014e-01,-4.950750625551626705e+00,-1.908983612793044626e+00
2.835036154460724434e-01,-4.951516832237992105e+00,-2.096473530421493869e+00
2.862731836749022318e-01,-4.952223439885892198e+00,-2.282139288968858093e+00
2.886309801331403135e-01,-4.953070322930741121e+00,-2.457566043930486721e+00
2.912023426771011003e-01,-4.954905172493078602e+00,-2.563035424631179726e+00
2.891223937610651884e-01,-4.955900622143703416e+00,-2.384405899211328617e+00
2.878475744382993917e-01,-4.957508973754337411e+00,-2.208081272967012509e+00
2.856797984617303054e-01,-4.958274350894799731e+00,-2.023239662703756103e+00
2.835524850660294804e-01,-4.961006980152834700e+00,-1.843902950162016330e+00
2.787444899945120680e-01,-4.982031991720715425e+00,-1.664071636065111548e+00
2.775178418189944152e-01,-5.004523555605809193e+00,-1.481207632278120023e+00
2.828468525101678344e-01,-5.041192331820385064e+00,-1.318304797917017268e+00
2.944919609455587950e-01,-5.087075543619073770e+00,-1.148799115272205462e+00
3.410294193164181142e-01,-5.179517094695765600e+00,-1.063084875517599892e+00
3.881749833562542773e-01,-5.271423655250060847e+00,-1.064268826447507532e+00
4.063641227190191163e-01,-5.317741646320455651e+00,-8.975666935532700119e-01
4.068782984851954110e-01,-5.320337167340208673e+00,-7.126862889908488485e-01
4.082859114539491574e-01,-5.322501451138983875e+00,-5.271827430897482181e-01
4.103625071502872146e-01,-5.324415539640112272e+00,-3.492839175207208546e-01
4.122894023959269294e-01,-5.326459523484939673e+00,-1.765974883593436073e-01
4.146776663741522650e-01,-5.328123128774196360e+00,5.119834696528199891e-03
4.173401734415767561e-01,-5.330129789862355416e+00,1.930330806759409656e-01
4.200271357903156977e-01,-5.332156452610835373e+00,3.804400033398475101e-01
4.232556654403286100e-01,-5.333255155117263335e+00,5.697374123878776730e-01
4.262423283493816384e-01,-5.334233828443281311e+00,7.518864328634050631e-01
4.719462739451728006e-01,-5.284434887520596646e+00,8.932093881503900823e-01
4.834256757136078941e-01,-5.275067026321630159e+00,1.068607806205195576e+00
4.863667045810009526e-01,-5.274781533960157809e+00,1.245277901240477103e+00
4.889023721056588445e-01,-5.274029653427853681e+00,1.428088677066458256e+00
4.911546019904666771e-01,-5.273144897235272133e+00,1.616224938740775441e+00
4.928546401002658617e-01,-5.271983804435348198e+00,1.793168530180571763e+00
4.943037130505876231e-01,-5.270503693033071535e+00,1.974425070286281336e+00
4.957683997018008104e-01,-5.268653608437151803e+00,2.150142683723419434e+00
4.374910876970189988e-01,-5.192139647463374530e+00,2.264098871211407182e+00
3.770196347207788734e-01,-5.114879959723476865e+00,2.265970220355423947e+00
3.141755718106884476e-01,-5.038546375846681080e+00,2.323148158943016295e+00
2.861353233007135066e-01,-4.998009009588548324e+00,2.142863840397627673e+00
2.705520211648270723e-01,-4.960100742997764378e+00,1.964937070895113935e+00
2.594955537611730034e-01,-4.912662587775466605e+00,1.781386137261354419e+00
2.575086687337824198e-01,-4.858640720316601325e+00,1.597319597285444370e+00
2.661017002187844316e-01,-4.797072339735364288e+00,1.423339058250921552e+00
2.901789388567362904e-01,-4.698956194305857537e+00,1.302148192197348786e+00
3.290321497614725477e-01,-4.607149819898705090e+00,1.176148365304227061e+00
3.730793557046042652e-01,-4.515501796645045474e+00,1.123777612907089996e+00
4.236398879461482636e-01,-4.423639618301990595e+00,1.127012496166701627e+00
4.726555261563192833e-01,-4.331444327632205216e+00,1.121626157251462530e+00
5.076931363885625048e-01,-4.275943563730290720e+00,9.556802265128363505e-01
5.471488674895549353e-01,-4.232404909846184005e+00,7.901966784805108945e-01
5.931322247608693532e-01,-4.194568848918829751e+00,6.239264046391264085e-01
6.440168231255520848e-01,-4.164760507301738635e+00,4.542899415600885615e-01
7.000495866694200764e-01,-4.144134153735740789e+00,2.842749944523749184e-01
7.442161790748551553e-01,-4.135695287982798618e+00,1.131853148460990055e-01
7.837158572576767845e-01,-4.136073638598356084e+00,-7.313093768750754398e-02
8.384085289592783097e-01,-4.146389935594021026e+00,-2.460801246693878064e-01
9.364752000076648208e-01,-4.181260216167292043e+00,-3.491661405226887394e-01
9.927719308371052431e-01,-4.202037333353011661e+00,-1.769520383057376633e-01
1.017819924087863370e+00,-4.208469665488970612e+00,3.723948127939054678e-03
1.033706691753051743e+00,-4.211880570578403926e+00,1.897551574540613517e-01
1.042118257210832510e+00,-4.214902420646578385e+00,3.624752441511496226e-01
1.050701866110106630e+00,-4.217442249104860430e+00,5.435450621237449820e-01
1.069979332096311353e+00,-4.214325804396924724e+00,7.128891928966578639e-01
1.139828346474161425e+00,-4.145025845455345248e+00,7.893250506954164747e-01
1.209059597436588529e+00,-4.075762539496913028e+00,7.979729679828980737e-01
1.277499869587064518e+00,-4.005550809049778671e+00,8.035738092510064101e-01
1.345629027830686608e+00,-3.936140135921896377e+00,8.111302930018451374e-01
1.412630281229173335e+00,-3.865974091417736513e+00,8.121854914280989268e-01
1.418522012046987024e+00,-3.863430350443441963e+00,9.913323656174279908e-01
1.420126088207201542e+00,-3.864180598655049703e+00,1.174424242914870353e+00
1.421388326875058672e+00,-3.864665166974897037e+00,1.349071696533597819e+00
1.422535520665451747e+00,-3.864172775497637602e+00,1.531481294715126618e+00
1.423439101590644240e+00,-3.863716878041258074e+00,1.706222539742099809e+00
1.424149423831515104e+00,-3.863091601007449860e+00,1.894163093653060015e+00
1.424176102201461624e+00,-3.861852505488938991e+00,2.066652952792401798e+00
1.423126994712045734e+00,-3.861156761223563105e+00,2.257754892550999593e+00
1.421834475875981996e+00,-3.859319381260343906e+00,2.445031953899251320e+00
1.419662826039975068e+00,-3.857788769769667780e+00,2.628841647726083419e+00
1.418029157703811771e+00,-3.852628665016010867e+00,2.812041745610023291e+00
1.415944562899557058e+00,-3.847711655694113109e+00,2.995182326876795198e+00
1.413952438281431911e+00,-3.842681789517414792e+00,-3.107460889567301265e+00
1.412010190119964648e+00,-3.837558466015362324e+00,-2.925822558049644417e+00
1.409647327667945316e+00,-3.832780522821401803e+00,-2.746930681764514937e+00
1.407122272258871654e+00,-3.828147065711668962e+00,-2.569334157747907188e+00
1.404483232594724962e+00,-3.823935449288865751e+00,-2.389694170648981597e+00
1.402351431420484351e+00,-3.819710576250920919e+00,-2.206606360666012900e+00
1.399871745785169930e+00,-3.816149571178038435e+00,-2.019189761383198611e+00
1.397377720558004688e+00,-3.812968745621916344e+00,-1.836025517351637992e+00
1.395830671712011917e+00,-3.811145423601324467e+00,-1.644550569090215797e+00
1.394214144412416090e+00,-3.809240675846205626e+00,-1.460453933160568374e+00
1.393098986603656053e+00,-3.807727833034481257e+00,-1.279007522105093164e+00
1.392483361478371595e+00,-3.806332702730029993e+00,-1.094182176705996268e+00
1.391971835544330016e+00,-3.804953139267978734e+00,-9.133505277987843396e-01
1.391728638353066261e+00,-3.803740929587754227e+00,-7.284431790556187281e-01
1.391765684928750746e+00,-3.804137510700940084e+00,-5.507573168662363017e-01
1.392340818546568659e+00,-3.804624201457147414e+00,-3.679672670204272023e-01
1.393236048911738578e+00,-3.804397264862860339e+00,-1.906561906216217572e-01
1.394199902515059986e+00,-3.804258829142920906e+00,-8.127229660783715642e-03
1.395385650762589247e+00,-3.804326221064030289e+00,1.695042410840982561e-01
1.396852675458410964e+00,-3.805217558359165420e+00,3.507876774544241849e-01
1.398353648616213141e+00,-3.805802110954738637e+00,5.393246408066787456e-01
1.400043369195054233e+00,-3.806287734087483887e+00,7.205927884232736780e-01
1.401840835667122809e+00,-3.806425303381346215e+00,8.957633800590492079e-01
1.403816834265866342e+00,-3.806335764916423337e+00,1.082511322665816289e+00
1.405707451275052255e+00,-3.805720678491006037e+00,1.270208567385161746e+00
1.407267721286374451e+00,-3.804354559860124940e+00,1.454843654850813461e+00
1.407396147720159973e+00,-3.802710430596932589e+00,1.484579457249955547e+00
1.405049054555032928e+00,-3.803384353487288649e+00,1.304512076865025350e+00
1.402857922488823350e+00,-3.803178566869053423e+00,1.128851997961525244e+00
1.400339595725748509e+00,-3.802190153678890017e+00,9.483901987531775379e-01
1.398332803536351365e+00,-3.800908006514673865e+00,7.693189264555476692e-01
1.395993872337848662e+00,-3.799573204813791349e+00,5.872101974186718643e-01
1.393804940561087724e+00,-3.797966484778270591e+00,4.113644297437030750e-01
1.391816162917432598e+00,-3.796200486181636524e+00,2.299626038001469641e-01
1.389892854489934493e+00,-3.794145070517188412e+00,5.478663472428008108e-02
1.388683755937428543e+00,-3.792292033292686604e+00,-1.252702043937084231e-01
1.387401358356194381e+00,-3.790369968482790508e+00,-3.005317817587669360e-01
1.386435659227969630e+00,-3.788396480352912210e+00,-4.812667553774351847e-01
1.385579166232312476e+00,-3.785759005630592977e+00,-6.639062977510400421e-01
1.384884507667163644e+00,-3.783085834665543157e+00,-8.453948134412248017e-01
1.384597139731465365e+00,-3.779872503261449523e+00,-9.827477137021110032e-01
1.384829202428303097e+00,-3.782339418316652768e+00,-8.038215794567813433e-01
1.458259768288050706e+00,-3.851486254649607588e+00,-7.477814105516598087e-01
1.531543900885386167e+00,-3.918054956578588044e+00,-7.249863648126753102e-01
1.547254410649248069e+00,-3.931205608837805343e+00,-5.444195584666697840e-01
1.564717348102391936e+00,-3.941027456853197108e+00,-3.669253281472480421e-01
1.579257088165867629e+00,-3.949970351148946346e+00,-1.989521770899171371e-01
1.580725992518080769e+00,-3.951279728565467941e+00,-2.474146766343537571e-02
1.581970093494387219e+00,-3.952173089723304944e+00,1.628029967620611973e-01
1.583796274968206852e+00,-3.952860905045223472e+00,3.492150288903136390e-01
1.585182641914459234e+00,-3.952667579428469136e+00,4.332357625633525555e-01
1.582873145784496893e+00,-3.951531710151864552e+00,2.495285249145973439e-01
1.581304348788897141e+00,-3.950376609904097780e+00,6.510465594497631681e-02
1.579382675731734631e+00,-3.949850783497898199e+00,-1.206615970667262033e-01
1.577699701772812491e+00,-3.948768348069210177e+00,-3.067474362445586911e-01
1.576855672663273422e+00,-3.947624517076786077e+00,-4.851132688556294426e-01
1.602227143531645082e+00,-3.963831736261277605e+00,-6.422646552724121660e-01
1.614679160960990956e+00,-3.975746527312824519e+00,-8.201214754846545274e-01
1.637064244708361649e+00,-4.006762919939667711e+00,-8.720509952672578224e-01
1.665823176637310832e+00,-4.036078339293760031e+00,-7.081904479959125753e-01
1.667142613871343659e+00,-4.039340661973807478e+00,-5.254979709446429004e-01
1.668625466606472818e+00,-4.041810897092014798e+00,-3.417960737296328322e-01
1.670496447568629694e+00,-4.044368533060626270e+00,-1.648365681911005687e-01
1.672770508378455201e+00,-4.046561992454604351e+00,1.620806621232646905e-02
1.675073884157699089e+00,-4.048987440572502372e+00,2.020305767376977535e-01
1.677073222571867417e+00,-4.051253414423185539e+00,3.874402727833787807e-01
1.679248396488310036e+00,-4.052311460485469752e+00,5.741230183988411673e-01
1.680651453203957812e+00,-4.052168210463428899e+00,7.628379210211306827e-01
1.681911164327069885e+00,-4.050973630446202733e+00,9.476697749612994492e-01
1.678803039420069254e+00,-4.048235837382524238e+00,8.544731269764548331e-01
1.676221859990416618e+00,-4.048688322749089963e+00,6.706210430924415267e-01
1.674107834227152036e+00,-4.048924307631189379e+00,4.947498078507344688e-01
1.672231395528278819e+00,-4.049039539037857516e+00,3.109784104782788994e-01
1.670444177542942388e+00,-4.049213727947466701e+00,1.248023820584003574e-01
1.668297551299949388e+00,-4.048930940390398803e+00,-5.141816264276811987e-02
1.666105624489362169e+00,-4.048223454199778359e+00,-2.300093473267583732e-01
1.664636917126457005e+00,-4.047109739826109553e+00,-4.162860146538834294e-01
1.666729941324546882e+00,-4.048151097647168406e+00,-6.028994420213276140e-01
1.670013372522342499e+00,-4.050065750825248223e+00,-7.786276267466968326e-01
1.674328731436886208e+00,-4.054628738923837794e+00,-9.531578192631309232e-01
1.695014206270351487e+00,-4.095049213450413284e+00,-1.130418952004093924e+00
1.718614879112722038e+00,-4.166295588732424449e+00,-1.246555567921934449e+00
1.739217951223687608e+00,-4.224990559374310450e+00,-1.270712678101479254e+00
1.748567963282058102e+00,-4.277237463573333898e+00,-1.449342860331660043e+00
1.755363965598128795e+00,-4.379101028905809656e+00,-1.500398138773272327e+00
1.762778016472989373e+00,-4.481513148839729510e+00,-1.498480521746420546e+00
1.769476887513446783e+00,-4.584000473118302388e+00,-1.496660895109207745e+00
1.773846308862563337e+00,-4.611562085061959415e+00,-1.678846939903862134e+00
1.776468309865961048e+00,-4.611970914548298772e+00,-1.855290519651690895e+00
1.779346271702001658e+00,-4.612544311888134629e+00,-2.039398934416059017e+00
1.782576964475300896e+00,-4.613757095199682468e+00,-2.223448652814455251e+00
1.785220379982046524e+00,-4.615807700348734777e+00,-2.401284522476928363e+00
1.787638372021497890e+00,-4.618048558108831081e+00,-2.581891264937018260e+00
1.789925760288101131e+00,-4.619713918501091143e+00,-2.758604921039629954e+00
1.792256411348945866e+00,-4.621000788041484952e+00,-2.943890510316447884e+00
1.695538548550027835e+00,-4.641587122647964136e+00,-2.942886992871986518e+00
1.610113069715669587e+00,-4.659116502741670551e+00,-2.774892827423256492e+00
1.593032386831512826e+00,-4.666161741345727698e+00,-2.587578780282735469e+00
1.588293613939132376e+00,-4.668551221722677447e+00,-2.424259264404269310e+00
1.583452594683920189e+00,-4.671561082329755088e+00,-2.249589075635263224e+00
1.579081055387400401e+00,-4.675585716940776848e+00,-2.062251554674702891e+00
1.575191360112802030e+00,-4.680789894757567460e+00,-1.873966082843388836e+00
1.571972435644242605e+00,-4.692242281112367408e+00,-1.698670994195036199e+00
1.564153538531808163e+00,-4.795195041189165508e+00,-1.631400680067331299e+00
1.557993220373610432e+00,-4.898555413288136151e+00,-1.624380526800392355e+00
1.553024165504203191e+00,-5.001059373760618598e+00,-1.622117668305737226e+00
1.549353950600961927e+00,-5.075883695283749830e+00,-1.454574093510918154e+00
1.550062343210163007e+00,-5.078908544158538874e+00,-1.263031514173554193e+00
1.551755624651856458e+00,-5.082250148124329847e+00,-1.068002135687589060e+00
1.554617686015468125e+00,-5.085665257177865328e+00,-8.732240004847027226e-01
1.557898145849619498e+00,-5.088905389687374381e+00,-6.916780248367631057e-01
1.561569283210523684e+00,-5.092984871085973531e+00,-5.058853012016382156e-01
1.565842582932332805e+00,-5.096583324853065200e+00,-3.265427403071219370e-01
1.573458097366767561e+00,-5.103231035562816764e+00,-1.493435154360501782e-01
1.681199078163605032e+00,-5.123485989876723323e+00,-3.589459985571186174e-02
1.697288444609476699e+00,-5.136114666012832508e+00,-1.309864079155644056e-03
1.687153305290300498e+00,-5.149845200677374280e+00,1.386914662898460493e-01
1.694233977474856045e+00,-5.154885375691735661e+00,3.062412033941998013e-01
1.700619166288015016e+00,-5.159264372434988033e+00,4.858049710715591774e-01
1.707459933214728443e+00,-5.163716730663028720e+00,6.716295865910189011e-01
1.714168795335634377e+00,-5.167907887467598549e+00,8.566880984590297121e-01
1.722338999300304208e+00,-5.172516346808452070e+00,1.026556108849559390e+00
1.729407092796188650e+00,-5.175661806522605879e+00,1.209637100515828623e+00
1.736526271901178475e+00,-5.178198211608698642e+00,1.377173763703058995e+00
1.745061005884607441e+00,-5.182272474396738104e+00,1.553248529145111911e+00
1.749653183671862955e+00,-5.185288924567275082e+00,1.745227844652674110e+00
1.729797841496006239e+00,-5.095835885448032343e+00,1.865934449251497096e+00
1.704195254470385334e+00,-5.003439967436022151e+00,1.887352119640657078e+00
1.702819211283903789e+00,-4.995187599573697845e+00,1.712101241324703649e+00
1.702060258808620885e+00,-4.998098223487973613e+00,1.528859409732375996e+00
1.711658931128930750e+00,-4.936767832242344944e+00,1.423827652511166164e+00
1.712297032629367832e+00,-4.937019784228405150e+00,1.617392409269034603e+00
1.704961926652832416e+00,-4.854385208393193984e+00,1.497327085270328650e+00
1.704914552663084448e+00,-4.840065822984053412e+00,1.343690081737457520e+00
1.730807509176340853e+00,-4.748977590353254286e+00,1.287211461840144233e+00
1.760242701904310758e+00,-4.656407778844352308e+00,1.137171522253410227e+00
1.783592598996803558e+00,-4.612322211667907013e+00,9.474062951958346357e-01
1.801726682031423055e+00,-4.587947827275937307e+00,7.481936248023404179e-01
1.815408718974357960e+00,-4.574849993514352064e+00,5.496060210759485809e-01
1.836219804244555220e+00,-4.563026368554105261e+00,3.427958498826971789e-01
1.863264324354992008e+00,-4.553455304091628797e+00,1.527715614322214810e-01
1.879935014833712836e+00,-4.550689935881140791e+00,-3.916735395895963590e-02
1.905199756280508305e+00,-4.553927217712309350e+00,-2.377848699208675587e-01
1.933343667243843766e+00,-4.563754430597581013e+00,-4.331497785054643224e-01
1.957672673844182754e+00,-4.578653822218653247e+00,-6.206011418813597302e-01
2.008855706424656162e+00,-4.628354300441882785e+00,-7.652704929634960296e-01
2.029425001826189678e+00,-4.645598041052022786e+00,-5.855709793381164152e-01
2.053504739138510171e+00,-4.658837223769609182e+00,-4.022261790090853606e-01
2.084556128703924038e+00,-4.668773618318250662e+00,-2.207191044574323968e-01
2.133166885663267287e+00,-4.673600826879143355e+00,-5.708711697831717058e-02
2.231755319350293920e+00,-4.678109181916332737e+00,-1.412024692358154754e-01
2.255882854427889050e+00,-4.682494518795126126e+00,-9.147523138061380843e-02
2.257205493762713289e+00,-4.682258270619962026e+00,8.557291209131885623e-02
2.258335565505301901e+00,-4.681657043867597956e+00,2.646930144737378865e-01
2.259562758470349042e+00,-4.680955804751100402e+00,4.449473380326401384e-01
2.260488785386179700e+00,-4.679688643290587535e+00,6.299926913384935601e-01
2.261597652649401713e+00,-4.677450589376792145e+00,8.051536826415947035e-01
2.262382331658972401e+00,-4.675838536749907348e+00,9.868299867503478318e-01
2.263229344578314262e+00,-4.673153075702352055e+00,1.167547883439640000e+00
2.263564924699201786e+00,-4.670064516299087032e+00,1.347713917600782851e+00
2.263590980241281692e+00,-4.666275484400838280e+00,1.523836780521332424e+00
2.263452037578948861e+00,-4.662777180678231659e+00,1.705907247384299996e+00
2.261473488229627460e+00,-4.659657830927788069e+00,1.880987536618551559e+00
2.258829449540522560e+00,-4.656241198326907416e+00,2.062238620163389768e+00
2.255349609471195560e+00,-4.652938579966961363e+00,2.236996307473729573e+00
2.250833391146727980e+00,-4.649266559680050648e+00,2.411843288588459089e+00
2.245817336810933540e+00,-4.645745045093762293e+00,2.594655076634301061e+00
2.240233134280535499e+00,-4.641962631537620787e+00,2.780802742182373333e+00
2.234804045775992343e+00,-4.638271907612105061e+00,2.956215190927054426e+00
2.229136207699539796e+00,-4.634458813772725172e+00,-3.139528383916047272e+00
2.223343462784019842e+00,-4.631140272515292367e+00,-2.959403413433492336e+00
2.216767707594593517e+00,-4.627322120405018779e+00,-2.776436068174826577e+00
2.210260460669465132e+00,-4.624075149676037277e+00,-2.590771766844917501e+00
2.204247703549189641e+00,-4.620533160734143330e+00,-2.409945127637481921e+00
2.197883020453906155e+00,-4.616873516745778616e+00,-2.231487485623069311e+00
2.192004224078301977e+00,-4.613293899652669339e+00,-2.050672086875961142e+00
2.186072564647536520e+00,-4.610063785228454947e+00,-1.868893866687855843e+00
2.180136298531856198e+00,-4.607178143878609688e+00,-1.686754851437399116e+00
2.174619788364313688e+00,-4.605001555628744470e+00,-1.504578273941826305e+00
2.169333242028742781e+00,-4.603221186591212266e+00,-1.315722507118298967e+00
2.164672746402127146e+00,-4.602113416919237032e+00,-1.125554106971992541e+00
2.158039877165199183e+00,-4.601226210560615648e+00,-9.491797318452460663e-01
2.165572789770638273e+00,-4.614594001725389028e+00,-7.670782839727847691e-01
2.231189163185778757e+00,-4.678545127682953719e+00,-7.393137704275282163e-01
2.296907380298032653e+00,-4.742549034417211651e+00,-7.393220169697471977e-01
2.363841534954552515e+00,-4.806379807372574753e+00,-7.315226988964784738e-01
2.409876848499632462e+00,-4.844070115245330932e+00,-5.506445676046480830e-01
2.418843005410394653e+00,-4.851627421089490078e+00,-3.641227208788643255e-01
2.417974978638785633e+00,-4.852252556891435198e+00,-1.727109419456951400e-01
2.417212705012546703e+00,-4.853590877186495511e+00,1.495888096026064609e-02
2.417003439163880163e+00,-4.854779784717711877e+00,2.041682352552727786e-01
2.416584717495212420e+00,-4.855365556097049229e+00,3.886246415232033624e-01
2.416462477551764909e+00,-4.855592065893210574e+00,5.683116119172739733e-01
2.416553469693950795e+00,-4.855550926078512575e+00,7.471633365722618603e-01
2.412251964013684802e+00,-4.854333105169183149e+00,5.717935714423255655e-01
2.407598705999960842e+00,-4.853198873549546377e+00,3.929539469403139917e-01
2.403688481134011568e+00,-4.851572364102772816e+00,2.130333720015388510e-01
2.399662735921355594e+00,-4.849719586654567038e+00,3.934152993953916877e-02
2.399961842121220101e+00,-4.848065015817199175e+00,-1.336698130718024236e-01
2.401617380406603441e+00,-4.847353334871673525e+00,-3.072009622016673713e-01
2.413101265027539633e+00,-4.852320994795666032e+00,-4.817718266306830199e-01
2.418767301739717990e+00,-4.855971614032886130e+00,-6.566340038785707378e-01
2.429707544069682701e+00,-4.867026357127571146e+00,-8.322401674314302555e-01
2.454946720544705752e+00,-4.899272672317627197e+00,-1.002331920741548199e+00
2.472284942039965294e+00,-4.942443713839140607e+00,-1.181061003528421027e+00
2.484941335021071396e+00,-4.996143205319431679e+00,-1.361541937818406600e+00
2.494984932583305781e+00,-5.096599595594491383e+00,-1.530029691144034976e+00
2.488006715675696867e+00,-5.160837980148647475e+00,-1.711770892708093905e+00
2.467192025461393712e+00,-5.262233925218087194e+00,-1.752372261020161970e+00
2.446456059272617889e+00,-5.363091278074033852e+00,-1.752646331423246551e+00
2.426450235827544599e+00,-5.462307293672993502e+00,-1.704420570706202342e+00
2.423041295359725567e+00,-5.482368496641141675e+00,-1.527582389420676368e+00
2.421357545425117053e+00,-5.484245251310076341e+00,-1.340421908856760158e+00
2.419942294106511405e+00,-5.486884066467374588e+00,-1.159393860470166127e+00
2.418500883417488811e+00,-5.489596145667430704e+00,-9.757946877996521717e-01
2.418749488063979936e+00,-5.492304294149677801e+00,-7.969352273605967429e-01
2.419569534608887018e+00,-5.495039424808599193e+00,-6.130934339794097410e-01
2.421002493500098662e+00,-5.497695891053869133e+00,-3.856416838933157676e-01
2.422376533093814288e+00,-5.499749997554267189e+00,-2.077705567192447145e-01
2.423551754743340503e+00,-5.501566094095375448e+00,-1.793252566176190693e-02
2.424951075117802279e+00,-5.503148340598529309e+00,1.738862123278705762e-01
2.426927505456976331e+00,-5.504904942626360764e+00,3.826127598170394051e-01
2.429037905236009376e+00,-5.506756234587091292e+00,5.842728343286531789e-01
2.432055666440084085e+00,-5.508083323644943796e+00,8.707271328108109332e-01
2.434602926124701749e+00,-5.508945584124512962e+00,1.098691642624673337e+00
2.436919135963266925e+00,-5.509257518304388590e+00,1.273091291011752890e+00
2.439135566095218532e+00,-5.509049084933312024e+00,1.465141149138601939e+00
2.440860773667518302e+00,-5.507763708596257857e+00,1.689331121272270586e+00
2.442170224714729443e+00,-5.506731758357235940e+00,1.863870235179102552e+00
2.443182649125227979e+00,-5.505174387297169680e+00,2.077555909308721027e+00
2.443504012440103512e+00,-5.503493837960091284e+00,2.256942021375678120e+00
2.443327392442376844e+00,-5.501155394952114364e+00,2.516167501285366370e+00
2.442547054598470435e+00,-5.499319014116065496e+00,2.736810180189638508e+00
2.441397949283393931e+00,-5.497863035104430196e+00,2.960125746476067743e+00
2.439900193806253448e+00,-5.496893294186369516e+00,3.136939281753325037e+00
2.437640907261999779e+00,-5.495109680438952537e+00,-2.902723454740935960e+00
2.435957633641502085e+00,-5.494289048322322344e+00,-2.725480379673324460e+00
2.433956531121413747e+00,-5.493482640337300715e+00,-2.490639814589968193e+00
2.432112956900202683e+00,-5.492812073932684669e+00,-2.302976506990550121e+00
2.430382441868215615e+00,-5.492819948894365645e+00,-2.124381785148262036e+00
2.429808472680170084e+00,-5.493689970186030891e+00,-2.112110071870793693e+00
2.431905288694428346e+00,-5.494577825809085603e+00,-2.303978860392400740e+00
2.433393324570591876e+00,-5.495813924081830670e+00,-2.398000469138826141e+00
2.431304195138331625e+00,-5.495780049811789247e+00,-2.219919566873417072e+00
2.429820144120532710e+00,-5.497214060303717176e+00,-2.100409615255398599e+00
2.432287103242375625e+00,-5.497847130190551823e+00,-2.285790109813717663e+00
2.434534010637777524e+00,-5.499087440828532181e+00,-2.461054811715440049e+00
2.436927193348959797e+00,-5.500848549585497516e+00,-2.645441579030992862e+00
2.347976110595675348e+00,-5.542805165160741510e+00,-2.747210711581264508e+00
2.254374961898388374e+00,-5.584245798007296813e+00,-2.724335091181977475e+00
2.165581794123220050e+00,-5.633459388278705404e+00,-2.678077928483408865e+00
2.076418009609746207e+00,-5.680791616735993088e+00,-2.676167776306776158e+00
1.986600799757932245e+00,-5.728837219969134864e+00,-2.672064354390723651e+00
1.949449443993472419e+00,-5.748468526041708770e+00,-2.505099706402837079e+00
1.946761070442385666e+00,-5.748943272907124147e+00,-2.323159015365335645e+00
1.884068458813911162e+00,-5.828902535183495104e+00,-2.229203291403823783e+00
1.821148898537913396e+00,-5.910960777378726938e+00,-2.228047899385510178e+00
1.759611870047080195e+00,-5.992158227180455654e+00,-2.226745227918330183e+00
1.698442077242477755e+00,-6.074324032425415076e+00,-2.221994337524817897e+00
1.661269744643844692e+00,-6.132810384442092477e+00,-2.385911575299650256e+00
1.663167801563332659e+00,-6.134190885440467866e+00,-2.573937969854763086e+00
1.665162241243179686e+00,-6.135950014616367021e+00,-2.761000559776078056e+00
1.666946331181635044e+00,-6.137142244349327314e+00,-2.942451800802540873e+00
1.668740534895412075e+00,-6.138973058287284346e+00,-3.129504281682252476e+00
1.585161950466408953e+00,-6.133957035565835270e+00,3.093099670472561513e+00
1.556486034298670829e+00,-6.133779377153334877e+00,2.999103237054125071e+00
1.551168600570832501e+00,-6.133399069376749502e+00,3.078139331798338318e+00
1.550138207292362624e+00,-6.134158387162452541e+00,3.088076867693331007e+00
1.551271545283221531e+00,-6.136136558237730299e+00,2.903390155350639823e+00
1.460751609216953906e+00,-6.104673941396418613e+00,2.769897441931810533e+00
1.399229496274648321e+00,-6.084592346922895523e+00,2.552073404484477503e+00
1.398728594271625214e+00,-6.085845360334420029e+00,2.571480568782239740e+00
1.397653741755200851e+00,-6.085006232264234427e+00,2.750181801368717149e+00
1.396501381151427523e+00,-6.084661492138244476e+00,2.923634624371012514e+00
1.395586097979401030e+00,-6.084142710884655081e+00,3.104819934532466519e+00
1.394327207008043246e+00,-6.083704824394390087e+00,-2.976092680692687953e+00
1.393279098047684128e+00,-6.083174538246325369e+00,-2.802755435677640516e+00
1.391610481956830681e+00,-6.082636279586402850e+00,-2.626887687066445931e+00
1.389924390513491925e+00,-6.082208144813205486e+00,-2.446962617721008204e+00
1.388081951916158241e+00,-6.081896528949526370e+00,-2.266444291826443802e+00
1.386307127946022844e+00,-6.082146273519081880e+00,-2.092375620049627294e+00
1.384509953701761997e+00,-6.082804054044006037e+00,-1.913013628701180302e+00
1.382511336691317094e+00,-6.083549140712717573e+00,-1.733184975043100096e+00
1.381201362067128402e+00,-6.084672199101930801e+00,-1.554712659360224736e+00
1.379667448989324363e+00,-6.085807727955772961e+00,-1.377344873214112919e+00
1.378793900535196792e+00,-6.087278425232489631e+00,-1.202428104543038501e+00
1.378599621245905293e+00,-6.089195156459702218e+00,-1.021739841422001804e+00
1.378180558985580229e+00,-6.090774859975526034e+00,-8.422004109496352697e-01
1.378460560363892196e+00,-6.092768813444137344e+00,-6.683303733772568700e-01
1.379586877850103033e+00,-6.094580399217155886e+00,-4.891166338157909577e-01
1.380529100464521264e+00,-6.096579554747983742e+00,-3.152956676047136142e-01
1.381155251598017664e+00,-6.098717402018574596e+00,-1.348331197404528947e-01
1.380448882261199550e+00,-6.099053746426718270e+00,-2.380603470767025664e-01
1.378779424387516883e+00,-6.097926116891538406e+00,-4.145613995978328914e-01
1.451314326067559390e+00,-6.133679676268663172e+00,-4.919971042606253175e-01
1.532481105462583981e+00,-6.170992846674353771e+00,-4.566720629548409183e-01
1.617944784228398269e+00,-6.224894559008705919e+00,-6.017391624468733102e-01
1.687498540044755746e+00,-6.275830669555655383e+00,-7.647562078283750564e-01
1.710468575669962910e+00,-6.302313568730405713e+00,-9.406909165552819196e-01
1.710715080329429094e+00,-6.300841674667496228e+00,-1.129377770307263384e+00
1.711872249593081374e+00,-6.299401491598262126e+00,-1.308638958995307799e+00
1.713388098909461865e+00,-6.297885557516798904e+00,-1.490455348313397987e+00
1.715097574656609725e+00,-6.296555483819633814e+00,-1.677371883310856848e+00
1.717737720307965121e+00,-6.295717357642047318e+00,-1.862215049666091415e+00
1.709028516671166953e+00,-6.319238537050751781e+00,-2.022525929347771090e+00
1.692159677885905378e+00,-6.340588063817900633e+00,-1.960310808117030623e+00
1.690571560552729835e+00,-6.341863903567836580e+00,-1.771625765120669715e+00
1.689160104985970134e+00,-6.343078951423295031e+00,-1.585182822744100051e+00
1.688433556890224452e+00,-6.344853306909000068e+00,-1.403541666313175007e+00
1.687925857326702639e+00,-6.346833356341205601e+00,-1.217333359105956081e+00
1.687689340392531934e+00,-6.349165728035165657e+00,-1.041472463241893687e+00
1.687837939919888397e+00,-6.351963196492464547e+00,-8.552709263290289021e-01
1.755006861540177709e+00,-6.429129742500792943e+00,-8.327183201889881703e-01
1.826088494931145112e+00,-6.503005428714207170e+00,-7.513696783822523262e-01
1.898340204710698975e+00,-6.574482853614368238e+00,-7.569692245225754235e-01
1.969332099697980398e+00,-6.646285485932677872e+00,-7.630121699783067868e-01
2.040658521985592166e+00,-6.719707317895363019e+00,-7.663324773538543466e-01
2.091560151355301045e+00,-6.775896119759066138e+00,-6.043953528374406137e-01
2.091522494414519429e+00,-6.778385716448264375e+00,-4.190871687262150980e-01
2.092548828507763581e+00,-6.781029385084941019e+00,-2.294185445156329828e-01
2.093408963030769954e+00,-6.783258222257667391e+00,-4.355051212989860532e-02
2.094151892328657283e+00,-6.785865308181365130e+00,1.362315469916698940e-01
2.095324609453890652e+00,-6.788126890543081160e+00,3.142702510787154235e-01
2.096169555510003502e+00,-6.790739171882110625e+00,4.960798003718077109e-01
2.097752232986728416e+00,-6.793185428789247027e+00,6.713030724383006742e-01
2.099451173532529413e+00,-6.795296260186211690e+00,8.494298692992079403e-01
2.101153744867454431e+00,-6.796641857404418730e+00,1.029039893543638673e+00
2.102842847709241347e+00,-6.797727405938177370e+00,1.208403982697468182e+00
2.104295794989375690e+00,-6.798515344708931707e+00,1.387056699785411684e+00
2.105245051319090344e+00,-6.798647771472170476e+00,1.565897354974208788e+00
2.106346456703902970e+00,-6.798701795016508065e+00,1.745405298600537503e+00
2.107060838261217484e+00,-6.798490007010649094e+00,1.932523549644234340e+00
2.107303327882409150e+00,-6.797921535493240519e+00,2.110673072018447005e+00
2.107037653883269801e+00,-6.798202632582000859e+00,2.271277767305437845e+00
2.106401376369135825e+00,-6.797924269933486308e+00,2.449037036189668726e+00
2.028535611402896066e+00,-6.737674709951483543e+00,2.446108494720645066e+00
1.949745037794174296e+00,-6.678127324828743383e+00,2.449847715865836939e+00
1.870385613845248596e+00,-6.618714903680785966e+00,2.452689896528876812e+00
1.801336061813655576e+00,-6.569073171658218691e+00,2.448843372719096578e+00
1.728259581693028846e+00,-6.501311565241894463e+00,2.328159736925392131e+00
1.657288841623610454e+00,-6.432022640269813962e+00,2.327980540404613663e+00
1.585997999393169433e+00,-6.362004005158543585e+00,2.322770631435335353e+00
1.555814189636780753e+00,-6.331795611159487080e+00,2.142066743731414036e+00
1.545247267572568139e+00,-6.317339839514618305e+00,1.960467058952815256e+00
1.537805548487113372e+00,-6.301690907027134969e+00,1.782677988785294376e+00
1.533218408697463397e+00,-6.285017179307193835e+00,1.610093281345004845e+00
1.531331637415252800e+00,-6.267668900616907735e+00,1.440799448304565189e+00
1.531885627927274340e+00,-6.249737880040167504e+00,1.274044592276696974e+00
1.534469664245889708e+00,-6.232238024579986657e+00,1.113788652144864999e+00
1.539589915871469650e+00,-6.216264548715889404e+00,9.537667489927478259e-01
1.593182954298959286e+00,-6.140066242638713589e+00,8.961417713246659922e-01
1.647010405025873814e+00,-6.061007847782357238e+00,9.287580962063450851e-01
1.698269449997307889e+00,-5.979926564624859608e+00,9.549640168588809930e-01
1.746561227495992519e+00,-5.898029185145244213e+00,9.789005813185022165e-01
1.791688227722997739e+00,-5.814028852107617773e+00,9.976251467374086523e-01
1.831611997710052009e+00,-5.731898513421364250e+00,8.515432854123885509e-01
1.835488313789533921e+00,-5.719045043825796704e+00,6.887395677175917053e-01
1.842189621599859883e+00,-5.709090834491802546e+00,5.174716062243348569e-01
1.851501122591761916e+00,-5.702050746552733251e+00,3.378044714198040754e-01
1.861660392249322449e+00,-5.698142548677399333e+00,1.616518534223921333e-01
1.872527204621144747e+00,-5.697846556726248402e+00,-2.066447380653254479e-02
1.962307049657417757e+00,-5.711629105838508913e+00,-1.620799750121799943e-01
2.052457849987476823e+00,-5.727876816068349086e+00,-1.455218179431050085e-01
2.143463447045350634e+00,-5.742258663838195609e+00,1.246426385917926219e-02
2.235514631394935670e+00,-5.730738592781190022e+00,1.556389175325448015e-01
2.284355127241350480e+00,-5.715272884550074650e+00,3.496865097580186266e-01
2.300152871786854458e+00,-5.707323107816848484e+00,5.410063335371319004e-01
2.371880301665339807e+00,-5.645436946386795718e+00,6.985274318799684634e-01
2.413792482650130466e+00,-5.602628553618489882e+00,8.957178204164197854e-01
2.416994531560572312e+00,-5.595306810598851044e+00,1.088154664585574638e+00
2.417099512480653800e+00,-5.595296090110498888e+00,1.281024065347071250e+00
2.437548660654422772e+00,-5.499279391591424648e+00,1.333445743642260428e+00
2.458026175803883273e+00,-5.402881409454965755e+00,1.339519262679361944e+00
2.479101090423178277e+00,-5.305436799368998813e+00,1.337039854988574028e+00
2.501098263308692005e+00,-5.207192825335503983e+00,1.333523546740736920e+00
2.523644130330709334e+00,-5.110323863281632129e+00,1.328219190647840220e+00
2.539258949205445592e+00,-5.028062042779826157e+00,1.145012002856338418e+00
2.581050893986304384e+00,-4.937888786374239558e+00,1.110742765317139558e+00
2.624483429856453665e+00,-4.846251714910825292e+00,1.107026077910427064e+00
2.667513750285670060e+00,-4.754689590573696556e+00,1.103973815287833116e+00
2.692013547572807308e+00,-4.694246591413810954e+00,9.248891843687476744e-01
2.688336325798011739e+00,-4.692604464193630420e+00,7.539463383026467902e-01
2.684629575383364219e+00,-4.691199695488711185e+00,5.738206875501119519e-01
2.681048219770143071e+00,-4.689734908474096464e+00,3.969139784154961936e-01
2.677702096112965169e+00,-4.687860410963215152e+00,2.109331192092333274e-01
2.674224805895552226e+00,-4.685340096496767970e+00,2.287674069690573755e-02
2.671000726989614105e+00,-4.682697024989841417e+00,-1.660347054158430591e-01
2.666738993098804578e+00,-4.677887427821242561e+00,-3.380170576211039557e-01
2.605518621452874495e+00,-4.646162983282436265e+00,-2.931513247063248229e-01
2.604605467194462509e+00,-4.644393351643869572e+00,-1.036234717885082396e-01
2.604321272325818004e+00,-4.643720947764605533e+00,7.983565871867090435e-02
2.604092218919973778e+00,-4.644434242504264176e+00,2.583248567385384997e-01
2.603821088414095541e+00,-4.645048087633797174e+00,4.316581998854652769e-01
2.603582028263440318e+00,-4.644880558706418583e+00,6.092081953303504216e-01
2.603377579466123137e+00,-4.644340102114886015e+00,7.858226218107621230e-01
2.603278476626810445e+00,-4.643791146869522990e+00,9.652235868106308070e-01
2.648039622102956958e+00,-4.552637248338354148e+00,1.035515931756086250e+00
2.691529949736153338e+00,-4.463267537789681327e+00,1.210680956808804387e+00
2.691238545463209064e+00,-4.460687136574603251e+00,1.396371582415624646e+00
2.690453029289295195e+00,-4.457392143809206786e+00,1.582681245175427964e+00
2.688909331592719276e+00,-4.454523223066470194e+00,1.763111803447657389e+00
2.686960820245171355e+00,-4.451341131853634892e+00,1.939832316090587039e+00
2.685234856333848175e+00,-4.447295098439741245e+00,2.123987058743472822e+00
2.683386765218637837e+00,-4.443668653633555010e+00,2.305430050805918896e+00
2.680690519547918704e+00,-4.439478324237986051e+00,2.419321158439080577e+00
2.679095203694866534e+00,-4.438656435563850700e+00,2.296499927681984410e+00
2.678102246319728152e+00,-4.434732319154400138e+00,2.469052696883381248e+00
2.675697868571155436e+00,-4.430581816893404579e+00,2.652164770106838709e+00
2.584470028426357757e+00,-4.378700349951868631e+00,2.651425799427261865e+00
2.501867868177393373e+00,-4.328742130389825249e+00,2.598955473617910794e+00
2.482224824858825230e+00,-4.315184757302632512e+00,2.774199823793292108e+00
2.461432141494474202e+00,-4.305203707578660222e+00,2.671019491340578256e+00
2.461006016990756162e+00,-4.303743486188954748e+00,2.663678494949547559e+00
2.458876933812037535e+00,-4.300292411697340889e+00,2.847352393604229537e+00
2.456246328010179170e+00,-4.296703451598220980e+00,3.031265389468590588e+00
2.454771950316256834e+00,-4.294686253162685929e+00,2.988550241669491125e+00
2.419804523784028660e+00,-4.281302094093238253e+00,2.987382321202368018e+00
2.416925224893359481e+00,-4.278475801076707441e+00,-3.109367587324172177e+00
2.414029076528852347e+00,-4.275684858291636914e+00,-2.926168962646391591e+00
2.411899038658280148e+00,-4.273042678031281127e+00,-2.737800188340070218e+00
2.409171226735329796e+00,-4.270799482292985338e+00,-2.557613416555675645e+00
2.406348131346466079e+00,-4.268436939456545787e+00,-2.372937475591724077e+00
2.403773073472126764e+00,-4.266343043484333464e+00,-2.180523552291747436e+00
2.400833863249124622e+00,-4.264714270767623994e+00,-1.988279910532705141e+00
2.398011615249289186e+00,-4.263673318330520878e+00,-1.804271626462416123e+00
2.395071341281087118e+00,-4.263411063914553267e+00,-1.602062219262747167e+00
2.392793190720229557e+00,-4.263551934016414080e+00,-1.416083052621269545e+00
2.390617659563520458e+00,-4.263906364732293675e+00,-1.239982277643625785e+00
2.388794419349902665e+00,-4.264827379339881652e+00,-1.057433974736812443e+00
2.387458881388790921e+00,-4.265379674976471414e+00,-8.730641374279514144e-01
2.386749996930537243e+00,-4.266297645789486559e+00,-6.607156078297451440e-01
2.386125866159221509e+00,-4.267233151566898641e+00,-4.584794163246673215e-01
2.386327508611250536e+00,-4.267748068091276714e+00,-2.741031405891519168e-01
2.386836040942900805e+00,-4.268116718044698388e+00,-9.133834635153376125e-02
2.387487825139143371e+00,-4.268531779696451700e+00,9.123781517177015354e-02
2.388498363207365305e+00,-4.268855654159557922e+00,2.940110561567310099e-01
2.389408202299762252e+00,-4.268654813274576298e+00,4.773894694059327426e-01
2.390626791279687691e+00,-4.268306368888696412e+00,6.586605292571920955e-01
2.391641549225551611e+00,-4.267704652255202014e+00,8.411231597146445749e-01
2.393430373710402126e+00,-4.267136819035156847e+00,1.021885815733812430e+00
2.395359301436790656e+00,-4.266245761751790155e+00,1.197514929772485193e+00
2.398955766254206701e+00,-4.261224200109884563e+00,1.367588410824816858e+00
2.396643936910111794e+00,-4.257429891321321769e+00,1.555255641133404865e+00
2.396211330160754827e+00,-4.253862283690084567e+00,1.742903081871954196e+00
2.394957071806550264e+00,-4.249680639213902822e+00,1.929709770888963227e+00
2.393365673033800878e+00,-4.245431835909149854e+00,2.114704072885608355e+00
2.391202899908825508e+00,-4.240958640046033956e+00,2.302964932073206406e+00
2.388672544319450086e+00,-4.236929092325137702e+00,2.479587047794718391e+00
2.385856194333006997e+00,-4.232520802921422742e+00,2.666859433419663805e+00
2.289895739269784070e+00,-4.186013606818557165e+00,2.734956883580719644e+00
2.189556412981777722e+00,-4.140779165354365965e+00,2.733775384654534069e+00
2.095406550480669594e+00,-4.098819146718360784e+00,2.736817429420757009e+00
1.998719038422971384e+00,-4.055740713117058860e+00,2.735007461214879587e+00
1.904917804915434276e+00,-4.014261002583269899e+00,2.737439007880566155e+00
1.829944814779320916e+00,-3.981318831390436852e+00,2.569055013834226742e+00
1.828478604015444597e+00,-3.980125836462888422e+00,2.385668115878758488e+00
1.826886047109936628e+00,-3.979503388953991028e+00,2.199010597689664781e+00
1.824965978134753142e+00,-3.979330089548437588e+00,2.024989009107573068e+00
1.822481467199803307e+00,-3.979087078660576093e+00,1.846272211652118411e+00
1.818168957277210840e+00,-3.976683651697204613e+00,1.682432420821507790e+00
1.814931460118996309e+00,-3.976315846710904989e+00,1.506967713242954643e+00
1.809570681399348846e+00,-3.970074720850643946e+00,1.485654105743678732e+00
1.809854325880825732e+00,-3.966295467271470532e+00,1.674566561183627122e+00
1.809749921673520223e+00,-3.962137181878876202e+00,1.857489354979540597e+00
1.809544570237132000e+00,-3.958895689400599327e+00,2.039319475271113458e+00
1.808498707908120284e+00,-3.954971202846967682e+00,2.222112270778118681e+00
1.807177185427772503e+00,-3.951179364625671209e+00,2.404186172754786188e+00
1.792183723501518999e+00,-3.936104666356758486e+00,2.570964799517792887e+00
1.789533576737789344e+00,-3.931600184184299795e+00,2.746151919020419108e+00
1.787585692815831129e+00,-3.927978138017018228e+00,2.928331269720099606e+00
1.703379229315671317e+00,-3.907207497072906488e+00,2.795757231229971218e+00
1.703301038318014715e+00,-3.907066689135263893e+00,2.606659396719086530e+00
1.702859437303301471e+00,-3.907893888917727043e+00,2.405469102759392186e+00
1.701571695399327178e+00,-3.908375395933535223e+00,2.185814324067677283e+00
1.699676909943846681e+00,-3.909443437391968423e+00,1.973224941770143515e+00
1.697550003466536950e+00,-3.909832504443822021e+00,1.759705242474213671e+00
1.694068890899458557e+00,-3.909670509293798890e+00,1.585147461538527258e+00
1.687489928616504598e+00,-3.899313368507531408e+00,1.455938449349143182e+00
1.681756091478578297e+00,-3.930722549459437776e+00,1.634705605014340701e+00
1.682414281375259613e+00,-3.927365703906976258e+00,1.817057200089768676e+00
1.682839506286273323e+00,-3.924062860865314750e+00,1.996618542255342854e+00
1.683057417179465443e+00,-3.920213750332556923e+00,2.178220503948050002e+00
1.682773716017438304e+00,-3.916107971464700022e+00,2.358676369116531113e+00
1.682046200289673665e+00,-3.912221248902753690e+00,2.536281508905453119e+00
1.680455995407513115e+00,-3.907308299343021041e+00,2.709834075986601754e+00
1.614509491602791336e+00,-3.876193821839637899e+00,2.609696303436292997e+00
1.614495050851231461e+00,-3.875627721536852643e+00,2.424383600609422817e+00
1.613664362033010224e+00,-3.875017746969221299e+00,2.249161285975645352e+00
1.612273149733769229e+00,-3.874479386724952068e+00,2.069461704504154120e+00
1.610745407731107415e+00,-3.873878773826723965e+00,1.888716785835857115e+00
1.608768760474243331e+00,-3.872745592258777236e+00,1.706481508480391041e+00
1.606572980668052208e+00,-3.871243270208591714e+00,1.525930341434630799e+00
1.604301429651714850e+00,-3.869440583072540463e+00,1.348773091125586854e+00
1.614031307639377300e+00,-3.818104584939006951e+00,1.442917525558691239e+00
1.615435155055004568e+00,-3.814199943847403684e+00,1.634656925670968208e+00
1.616613668970954709e+00,-3.810240946136568052e+00,1.817819362907685754e+00
1.616955294638687368e+00,-3.806208843188225277e+00,1.992250979434536440e+00
1.617111438744230245e+00,-3.802306068594293098e+00,2.171901040034917685e+00
1.617047858902415758e+00,-3.798375176338534498e+00,2.349326238408882439e+00
1.616577097393615325e+00,-3.795171336111747618e+00,2.531208081834534607e+00
1.527179730742801445e+00,-3.742797444421044784e+00,2.683028641212813259e+00
1.435280880726675701e+00,-3.693159799494002193e+00,2.689233059791352076e+00
1.345295456004381052e+00,-3.641847401066830692e+00,2.726479174665607630e+00
1.252649520515948023e+00,-3.598368780985437887e+00,2.739437810275501928e+00
1.159726560577966081e+00,-3.556417288073170369e+00,2.748056648699045645e+00
1.066229542536199837e+00,-3.515904336101728589e+00,2.760580753170378099e+00
9.800703027275965429e-01,-3.481550241788576194e+00,2.603583631975186385e+00
9.811768372979760011e-01,-3.482107027473003491e+00,2.425501353730025844e+00
9.821542866065036126e-01,-3.482241868478268554e+00,2.240759860189980746e+00
9.828134765394556105e-01,-3.482142037822459013e+00,2.057081298398709013e+00
9.830832118120196306e-01,-3.482394141978308877e+00,1.872776032104978672e+00
9.829005174741115569e-01,-3.482031465763202771e+00,1.692906753483813809e+00
9.822579786336791408e-01,-3.481355863884416202e+00,1.518723509307619901e+00
9.809675723558479721e-01,-3.480292746136878446e+00,1.334619427601513753e+00
9.589672636621107138e-01,-3.563668461447256242e+00,1.309795354611776208e+00
9.660396390078413997e-01,-3.544118104099211575e+00,1.487691110909084236e+00
9.688716673900997778e-01,-3.526419920779336969e+00,1.666350788154850937e+00
9.688762025755329743e-01,-3.507072247034734414e+00,1.843634853048373934e+00
9.646232833363839188e-01,-3.484708023989349090e+00,2.024117099347026105e+00
9.599378028490037629e-01,-3.468813204651396642e+00,2.201088767539504332e+00
9.507224431095824269e-01,-3.450133448857094276e+00,2.380960463781841785e+00
9.387944307270500444e-01,-3.434319141054812174e+00,2.561672359055510384e+00
9.280616495404221400e-01,-3.422856367709592895e+00,2.742616042389650399e+00
8.373420666767393827e-01,-3.385044546601671644e+00,2.868958797569949315e+00
7.559974245926600611e-01,-3.345222307782577786e+00,3.044957133683209527e+00
7.560511278156896164e-01,-3.340365599336398983e+00,-3.048215419514002988e+00
7.566070425841953107e-01,-3.337078394116495428e+00,-2.858565741732908005e+00
7.575172986808754727e-01,-3.334567096681867682e+00,-2.670213448856967542e+00
7.584560204360474289e-01,-3.332471624089296203e+00,-2.490960498425310643e+00
7.598669756736232683e-01,-3.331434975992733971e+00,-2.297292670255359326e+00
7.661473731418717570e-01,-3.329399773755861602e+00,-2.102572596142167072e+00
7.689521483238382915e-01,-3.330436543562734997e+00,-1.907677349915813725e+00
7.713017505896317960e-01,-3.357942410392484867e+00,-1.729963045160874957e+00
7.686837434163343863e-01,-3.421938802368839294e+00,-1.555812440085096560e+00
7.692608348743302793e-01,-3.424957020057871837e+00,-1.385259788789271251e+00
7.683238722342240479e-01,-3.429404125342006004e+00,-1.210831903217663985e+00
7.675662575630886053e-01,-3.433542429466387436e+00,-1.048762437387666058e+00
7.672777811777065082e-01,-3.438254030525997429e+00,-8.795574857289727433e-01
7.678107939610447907e-01,-3.443147812939569175e+00,-7.065510548513369571e-01
7.682078891053853997e-01,-3.447379644961480416e+00,-5.434291504770264458e-01
8.170111340497956398e-01,-3.480205883991450033e+00,-3.973819690283282302e-01
8.189147858894297860e-01,-3.484229250752112428e+00,-2.189413046268566254e-01
8.208168229050449849e-01,-3.487635992890647074e+00,-4.017919825264671535e-02
8.231526928123398257e-01,-3.491203762318976445e+00,1.348837310200199091e-01
8.251818939877857417e-01,-3.494635756274942384e+00,3.023103213591642469e-01
8.279902921000926730e-01,-3.497989433012807403e+00,4.767850960364019008e-01
8.306297359489679399e-01,-3.500944089647774593e+00,6.569543405755557952e-01
8.341489784726431322e-01,-3.510240159056706499e+00,7.079949307561718141e-01
8.322588557620501648e-01,-3.512359651510915892e+00,5.160822969280786099e-01
8.308877105535797947e-01,-3.513714494588652482e+00,3.334424395162209342e-01
8.291076002455614047e-01,-3.514747556669184370e+00,1.413679377950632643e-01
8.276163371826856796e-01,-3.515713779436381969e+00,-4.268766618867586571e-02
8.263773139593280082e-01,-3.516273797434520620e+00,-2.321291671858327355e-01
8.257444133479032722e-01,-3.516795894225421382e+00,-4.150393355539335749e-01
9.124292802733086072e-01,-3.568572518551035966e+00,-5.269683752080859263e-01
9.796130328417079758e-01,-3.604653569080772613e+00,-3.523365649799558019e-01
9.817330989036529010e-01,-3.608311994023504443e+00,-1.706661473956944397e-01
9.844227012531514553e-01,-3.611057456652975617e+00,4.678082590325803938e-03
9.870610051417036956e-01,-3.613729730470869761e+00,1.810774610142592556e-01
9.900853125788715570e-01,-3.616413221440214709e+00,3.627291948671453881e-01
9.931417628682668308e-01,-3.618828658907832452e+00,5.486079737609393936e-01
9.964123455919313699e-01,-3.620920008115131150e+00,7.354410866016836135e-01
9.994677255901617263e-01,-3.622640902491299997e+00,9.099138384490260689e-01
1.002493670685386418e+00,-3.624032435623368631e+00,1.091222920643752925e+00
1.006919023282746073e+00,-3.631131738439970835e+00,1.075099578164845138e+00
1.005512903982857198e+00,-3.632808305895002920e+00,8.877567275490537702e-01
1.004200393814400183e+00,-3.634107368611445565e+00,7.061655321182950251e-01
1.002358029510703075e+00,-3.635104444235414789e+00,5.203724990381580762e-01
1.000674751134478457e+00,-3.635676450996017550e+00,3.333077341697642249e-01
9.993530653905878802e-01,-3.636181631195675834e+00,1.474544470889788128e-01
9.983846505085822720e-01,-3.636445572219173084e+00,-3.459842604912976433e-02
9.975525970291148070e-01,-3.636273125196846756e+00,-2.104254943010765433e-01
9.965290933226123027e-01,-3.635697870875550297e+00,-4.013148892006835333e-01
1.095042557155926577e+00,-3.679904975045983573e+00,-3.988248900354113835e-01
1.191207464882766409e+00,-3.722350436647964944e+00,-3.981638104393957489e-01
1.279538261055749748e+00,-3.764167099665129523e+00,-2.127881424826047196e-01
1.281282815165291078e+00,-3.767057880309016671e+00,-3.312933446649783675e-02
1.283270160674695015e+00,-3.769881425983673040e+00,1.484380575718673989e-01
1.286549227483274160e+00,-3.774258449471941557e+00,3.066283641744875776e-01
1.288850968591183532e+00,-3.777314125521324950e+00,5.006695837418140282e-01
1.291597478912716923e+00,-3.779838311958827912e+00,6.965133029579365642e-01
1.293949367260093464e+00,-3.781947950091754329e+00,8.716499523122974713e-01
1.297922321754719110e+00,-3.784485660782155758e+00,1.038462102756052552e+00
1.300780577348122469e+00,-3.786196168669897943e+00,1.214647986556876891e+00
1.303758202815297640e+00,-3.786922928766890184e+00,1.389117158410749564e+00
1.307479604132478324e+00,-3.789625474879103173e+00,1.561901749540409945e+00
1.309300135170094359e+00,-3.793040592134173217e+00,1.524307620384617090e+00
1.308428629944079713e+00,-3.795068761204670515e+00,1.338412022572203375e+00
1.306665982677577942e+00,-3.796441612382461361e+00,1.149112296923961107e+00
1.304530383184700826e+00,-3.797769756033540833e+00,9.393133197154684977e-01
1.303063479886823917e+00,-3.797775037208589666e+00,7.552789468071047230e-01
1.301357439964837548e+00,-3.797279071357841929e+00,5.484856744553907593e-01
1.299866303187641847e+00,-3.796891714658581218e+00,3.549842041618123667e-01
1.298646416004045623e+00,-3.795959260234968102e+00,1.452867225558903963e-01
1.297424638691182297e+00,-3.794783911088105643e+00,-6.401790004479381013e-02
1.296912285504224771e+00,-3.793909199280546041e+00,-2.581212579937068319e-01
1.387898929374101309e+00,-3.832245019487494186e+00,-3.907763246552710124e-01
1.485300433835238687e+00,-3.873619811681291658e+00,-3.909560429082633570e-01
1.582532976157010607e+00,-3.915354806110700192e+00,-3.918422563291723004e-01
1.677940780122202824e+00,-3.955862274262396561e+00,-3.907965504698001635e-01
1.771028008608451554e+00,-3.995841795892133952e+00,-3.896573669868736989e-01
1.871525074191001003e+00,-4.038280193216587044e+00,-3.881319833186691048e-01
1.971380928886135475e+00,-4.079678015610547881e+00,-3.846584329467128138e-01
2.072184687083358234e+00,-4.121314497264108034e+00,-3.825174892163609730e-01
2.148027104874677740e+00,-4.152932273493183502e+00,-2.848915948763005579e-01
2.149636278671729794e+00,-4.155434575634660455e+00,-7.436754385078693519e-02
2.151175753176020056e+00,-4.157509544442761218e+00,1.077809833128164640e-01
2.153313555134040325e+00,-4.159489927449781632e+00,3.015892222434711223e-01
2.155812963986330377e+00,-4.161129936444431188e+00,4.890791747447381099e-01
2.159036921676896537e+00,-4.162831217870937905e+00,7.128883370665731745e-01
2.161771227611095192e+00,-4.164225052942140515e+00,9.261135229482818643e-01
2.164884121422752106e+00,-4.165169538668054727e+00,1.149238575821057262e+00
2.167505730688251031e+00,-4.165236014646420237e+00,1.331067025585428665e+00
2.170446903542863737e+00,-4.164759266035612306e+00,1.565548028030351313e+00
2.173231821606218084e+00,-4.163882263384027560e+00,1.829698899816325053e+00
2.174901204043049763e+00,-4.162786622227841349e+00,2.005615512620848584e+00
2.176000748887622738e+00,-4.161477269352202413e+00,2.183123119677240709e+00
2.179188543440597314e+00,-4.160278663123087917e+00,2.276572734821193933e+00
2.180719849036569791e+00,-4.162680540891471992e+00,2.092514413765895309e+00
2.180676590561015704e+00,-4.164754645033553082e+00,1.879417305583775955e+00
2.179994459146787023e+00,-4.166254023957557173e+00,1.696035695860265591e+00
2.179059272784483525e+00,-4.167775844144366637e+00,1.498240023459995518e+00
2.177367121813694517e+00,-4.168717407962073018e+00,1.301767524148139676e+00
2.175773789679743775e+00,-4.169662959280963754e+00,1.105467224226633460e+00
2.173775903147115773e+00,-4.169708942659235973e+00,8.887953639664626371e-01
2.172724824590130499e+00,-4.169939291472799070e+00,7.223455476674668363e-01
2.172862758654111381e+00,-4.169961396870299097e+00,5.280586449735721333e-01
2.172656583689293264e+00,-4.170298693685910330e+00,3.392712346603576345e-01
2.174758441115380858e+00,-4.172342398111075212e+00,1.601195606801805449e-01
2.176630954905634852e+00,-4.174836982220121229e+00,-3.672855706402600173e-02
2.178614850806821934e+00,-4.176578179422073767e+00,-2.174724887808973939e-01
2.182145754475147914e+00,-4.179486549140783325e+00,-3.949043022450792750e-01
2.278086585952268983e+00,-4.229066893428691465e+00,-4.606862070316284363e-01
2.378400253781408846e+00,-4.280967009910143339e+00,-4.619007410115021361e-01
2.479426278982660214e+00,-4.332510992915539205e+00,-4.627983635421401010e-01
2.576370045734905911e+00,-4.383153031267482902e+00,-4.616982118897599574e-01
2.642741010543142366e+00,-4.419892224650388890e+00,-2.873637551618461461e-01
2.647443885532086760e+00,-4.421807494944252959e+00,-9.964756382945992585e-02
2.651533667114865711e+00,-4.424435412873262585e+00,8.437842252703788015e-02
2.762358556631005602e+00,-4.418939178500881582e+00,1.707569623777974444e-01
2.782164870454123751e+00,-4.417991624866544065e+00,-5.181977231164485928e-03
2.783692025048760676e+00,-4.420463912837409026e+00,-1.974202364383408903e-01
2.785401265495718537e+00,-4.422557179846478448e+00,-3.727351888582919326e-01
2.884108132746844078e+00,-4.469327082156491215e+00,-3.871937360683340157e-01
2.980670519444042377e+00,-4.512492703378531367e+00,-3.832514323234325060e-01
3.080655664492539803e+00,-4.556754755270307378e+00,-3.790938214534892436e-01
3.180994825075997401e+00,-4.599464291683959871e+00,-3.730826994458125156e-01
3.277331604839623935e+00,-4.637120109676674318e+00,-5.203176143245423768e-01
3.279679924699223204e+00,-4.639089284354810161e+00,-7.024250090694847959e-01
3.282207302783903380e+00,-4.640723725232413166e+00,-8.763849653798753137e-01
3.285379576968543880e+00,-4.642207933771884676e+00,-1.052775940509450558e+00
3.288824986544560236e+00,-4.643966475729622623e+00,-1.225958431267489157e+00
3.292415685045912088e+00,-4.645768104030272738e+00,-1.402051477917803934e+00
3.296616358180145756e+00,-4.647693675807778924e+00,-1.576447199634844587e+00
3.301067852225949562e+00,-4.650074921302853603e+00,-1.751710610693661296e+00
3.313332227713435607e+00,-4.658207521246652938e+00,-1.878079553320983086e+00
3.302718760254004238e+00,-4.765208111624613885e+00,-1.730125089795982340e+00
3.291651477617495214e+00,-4.871655429434581741e+00,-1.722323830926583810e+00
3.293800219472455826e+00,-4.944779751044786842e+00,-1.883599705381075573e+00
3.271266122301516699e+00,-5.041498134908573903e+00,-2.049631942751512614e+00
3.274348877501652044e+00,-5.044785690743501583e+00,-2.236261011069977211e+00
3.277785723059811307e+00,-5.047475772129791594e+00,-2.449912112041805035e+00
3.280906383623201084e+00,-5.050632700412013953e+00,-2.680195837536307746e+00
3.282995910156060848e+00,-5.052136921613099574e+00,-2.924468294199773055e+00
3.284395717567968553e+00,-5.053545439852046073e+00,-3.102072426529840055e+00
3.285748002176779980e+00,-5.055338274154235201e+00,2.991064458936583126e+00
3.287033939281811978e+00,-5.057730205487676933e+00,2.775956450076784598e+00
3.287788229707178989e+00,-5.059555865175093814e+00,2.590974846673074428e+00
3.288062232130048557e+00,-5.061692189157142252e+00,2.409663404142191379e+00
3.287192374909360115e+00,-5.064058993956751742e+00,2.194735900236480131e+00
3.286379888266615978e+00,-5.066343882522412301e+00,2.012510465687094907e+00
3.285145509309206791e+00,-5.068507104022915044e+00,1.827497963057424180e+00
3.283959388197061458e+00,-5.069591954603137829e+00,1.642592836410466495e+00
3.281869727963968142e+00,-5.071126235524644699e+00,1.425522437097208162e+00
3.279812960027436830e+00,-5.071833118377289118e+00,1.242061824826790950e+00
3.277910633449614863e+00,-5.072093780280083841e+00,1.058049112590664365e+00
3.275864643193443726e+00,-5.071400927038903106e+00,8.720312362415363339e-01
3.273697123817773225e+00,-5.070778724491256995e+00,6.907757663437548157e-01
3.271387276501613872e+00,-5.069766348269011402e+00,4.767917013051769515e-01
3.269682146959674185e+00,-5.068689253771633041e+00,2.920624832338135635e-01
3.268099873781642906e+00,-5.067737896008027931e+00,1.096056271963510298e-01
3.266476303585100993e+00,-5.066402823559391422e+00,-1.024119492625146510e-01
3.265360000717807853e+00,-5.064573708649678707e+00,-2.890718780684230493e-01
3.264701192385461859e+00,-5.063085133340291755e+00,-4.752049531668597893e-01
3.264843013512743308e+00,-5.061462849919437623e+00,-6.601226563726593222e-01
3.265030743496061483e+00,-5.059626574308667024e+00,-8.725859332101055799e-01
3.265886033412262801e+00,-5.057733961375555864e+00,-1.056896311041941372e+00
3.267305306486721239e+00,-5.056245531961886641e+00,-1.240994842207297388e+00
3.268874055744297458e+00,-5.055075635673666135e+00,-1.424459792003772707e+00
3.271310466579087084e+00,-5.054254509404242590e+00,-1.639762620652209790e+00
3.273749215735532125e+00,-5.053701379405125316e+00,-1.822539961175467127e+00
3.275913524666587584e+00,-5.053513295247085146e+00,-2.003464545032609401e+00
3.278339241245298741e+00,-5.053823332316485839e+00,-2.189228735232595202e+00
3.281053626246462240e+00,-5.054497099522140324e+00,-2.405137933964461183e+00
3.283243192746464700e+00,-5.056103601624811539e+00,-2.590379071536522915e+00
3.285380439379701922e+00,-5.057268162358897534e+00,-2.776010189447737808e+00
3.288569472040395070e+00,-5.059634367486175677e+00,-2.984750548994248742e+00
3.291476353161650881e+00,-5.065344424887408437e+00,3.123933514515045307e+00
3.293125293644411311e+00,-5.066128238897708691e+00,2.940040614203505598e+00
3.293876126320492315e+00,-5.068621334772680953e+00,2.757305023681225098e+00
3.294818712161683649e+00,-5.071460589976572564e+00,2.577110542019604988e+00
3.295158490449487054e+00,-5.074405748245076175e+00,2.396780450832638465e+00
3.294685928298694666e+00,-5.077508193011021298e+00,2.213304693274987134e+00
3.295359129706087131e+00,-5.078820252929877377e+00,2.281724705385473673e+00
3.295721178455874423e+00,-5.078256378532686632e+00,2.463316375110689904e+00
3.295352619202686295e+00,-5.077899206536099719e+00,2.644346770524490520e+00
3.294919749315919244e+00,-5.077253879444126206e+00,2.821895851125989285e+00
3.294295631926792201e+00,-5.076749706137979601e+00,3.002053088611118969e+00
3.293387110175518995e+00,-5.075959999952162072e+00,-3.105052171028551466e+00
3.292173462644095938e+00,-5.075041322665929222e+00,-2.921291657721006185e+00
3.290254187988689516e+00,-5.073761389012018341e+00,-2.739701642713093577e+00
3.288152562491943876e+00,-5.072051374970794946e+00,-2.549397843757031268e+00
3.285983129083932752e+00,-5.070818407348397727e+00,-2.366850328066455678e+00
3.283744326950548853e+00,-5.069946081565624318e+00,-2.180371696643167656e+00
3.281509160795540669e+00,-5.069398531758395166e+00,-2.005763440581863843e+00
3.278842094744057079e+00,-5.069391823624742166e+00,-1.789817091057648302e+00
3.276442709571347311e+00,-5.069760147845135734e+00,-1.585693734803425237e+00
3.274412453696514902e+00,-5.070471826002125759e+00,-1.392840248727042596e+00
3.272391255176991365e+00,-5.071919598776861271e+00,-1.187550523669360647e+00
3.271511460325657872e+00,-5.073211175411132423e+00,-9.954493098470865720e-01
3.271304894498986648e+00,-5.074447796938935440e+00,-7.883298590748812895e-01
3.271672131515926285e+00,-5.075493291141111030e+00,-5.972602227471618397e-01
3.272652566553295728e+00,-5.076977943271431037e+00,-3.864321474192349837e-01
3.273882078354517500e+00,-5.078403469554088723e+00,-1.933282744595507807e-01
3.275802254394306168e+00,-5.079530066736777094e+00,1.451763782976618622e-02
3.277742077870113402e+00,-5.080467978386590922e+00,2.058839164266766664e-01
3.279904031732419956e+00,-5.081359859258423484e+00,4.127609020878598156e-01
3.282108913599104394e+00,-5.081981231789454156e+00,6.038206789559279475e-01
3.284741808694671139e+00,-5.082328230243467360e+00,8.122703552740884181e-01
3.287259627600271017e+00,-5.082534101182427655e+00,1.003139386147189116e+00
3.289914533115846584e+00,-5.082063063340769737e+00,1.212038454948084043e+00
3.292872845115419889e+00,-5.081254703695829100e+00,1.402000395611367578e+00
3.296142700992828800e+00,-5.079901544505588618e+00,1.608888542791160559e+00
3.298959668611507023e+00,-5.077942472039538302e+00,1.817182382743018465e+00
3.301190832691061949e+00,-5.075923325202754022e+00,2.003260401883295572e+00
3.303691712290661719e+00,-5.072962390666164723e+00,2.230591778320225149e+00
3.305175133765362094e+00,-5.070253073804682487e+00,2.444138920237997059e+00
3.305619566547691957e+00,-5.067908776652521041e+00,2.627977728151333014e+00
3.305800986278299103e+00,-5.065472246774707976e+00,2.819139008778785538e+00
3.305310193229287652e+00,-5.063057144398212195e+00,3.000602595132830341e+00
3.306456038227581828e+00,-5.056581910086808129e+00,-3.120511132325129999e+00
3.306842676286330995e+00,-5.057651638971261576e+00,-2.936312502934558033e+00
3.306406944097569411e+00,-5.056838390500452363e+00,-2.756326200126808956e+00
3.306113706379151473e+00,-5.055990257405749588e+00,-2.576691782668497854e+00
3.305509893146724831e+00,-5.055228272756107089e+00,-2.394015789444562614e+00
3.304705027629227132e+00,-5.054830297515252369e+00,-2.196670340622608908e+00
3.303234406084094577e+00,-5.054836182210635798e+00,-1.988605615529648096e+00
3.301780811407654337e+00,-5.054980618579455687e+00,-1.799691543204877897e+00
3.300458161294537174e+00,-5.055919197946198373e+00,-1.595120529667717113e+00
3.299891627233367153e+00,-5.056960862279646030e+00,-1.391135690809727432e+00
3.303323391109446838e+00,-5.057187607630614146e+00,-1.469862884744969511e+00
3.305812915823318043e+00,-5.056017768629606834e+00,-1.654138539383569695e+00
3.309398575630963180e+00,-5.054940699786913960e+00,-1.840476006544580212e+00
3.312735759531968860e+00,-5.054613553744291110e+00,-2.022472313905293362e+00
3.316626856441451832e+00,-5.055028725952442237e+00,-2.217262410433016306e+00
3.319718920589439737e+00,-5.055362653694370323e+00,-2.401303051043869097e+00
3.322994503458755577e+00,-5.056657486466236584e+00,-2.599053709132206791e+00
3.325567064465937417e+00,-5.058128321803012639e+00,-2.780297912544896111e+00
3.328035648601960439e+00,-5.059702022570534474e+00,-2.956802060287901934e+00
3.330416498131371306e+00,-5.061295812832607766e+00,3.136780994755040020e+00
3.337034326537202222e+00,-5.070084902253525705e+00,2.992219569965023140e+00
3.337330982116610389e+00,-5.071286077177519225e+00,-3.113720619949015944e+00
3.337239198360434589e+00,-5.070729202598525553e+00,-2.929592344834370365e+00
3.336826970672998272e+00,-5.067891805476199885e+00,-2.756765318979847113e+00
3.336560923999527528e+00,-5.068759760568148032e+00,-2.575462288827248702e+00
3.336140985978460982e+00,-5.069201245874349837e+00,-2.396066223390767469e+00
3.335414636250640719e+00,-5.069920455261280878e+00,-2.222753290616974464e+00
3.334633303979112284e+00,-5.070897144321854455e+00,-2.047513154721682049e+00
3.333396448068382423e+00,-5.071934943150003150e+00,-1.861120678366430026e+00
3.309196484137169492e+00,-5.161238921392972578e+00,-1.701344511372733237e+00
3.308882415946975630e+00,-5.163698947660121163e+00,-1.519934515884708848e+00
3.308804046146101907e+00,-5.166307162341650105e+00,-1.343839901621177946e+00
3.319684312105775970e+00,-5.169790084345300407e+00,-1.428793414532637973e+00
3.324120312135787181e+00,-5.169521694724511285e+00,-1.617774210096083021e+00
3.328555581950352948e+00,-5.169267922861196851e+00,-1.803191447248182699e+00
3.333365806569798195e+00,-5.169449692908283822e+00,-1.982772678534441502e+00
3.337126731735760909e+00,-5.174975700485174634e+00,-2.136609982567517552e+00
3.284860825040798904e+00,-5.265809913620046245e+00,-2.139206944420335432e+00
3.229051570917109260e+00,-5.358286439902730791e+00,-2.138273439560355982e+00
3.197187071322490137e+00,-5.421749668788990562e+00,-2.025776852245466220e+00
3.192086567716646783e+00,-5.441842178859550572e+00,-1.852859364755673921e+00
3.190333906087956528e+00,-5.463017808638197970e+00,-1.682174706695017008e+00
3.193619045741392437e+00,-5.513792208171318876e+00,-1.510852478780357444e+00
3.208399694291334203e+00,-5.583630085735634907e+00,-1.338302545404277843e+00
3.239352971066193021e+00,-5.662731225375249977e+00,-1.213749597236764899e+00
3.257476577177145671e+00,-5.723858852872798053e+00,-1.396049536395830737e+00
3.264871341165373586e+00,-5.788743005457820168e+00,-1.578325074176716747e+00
3.262001852617931963e+00,-5.851888082916622658e+00,-1.758081354982735212e+00
3.262473595202977972e+00,-5.881037521347679764e+00,-1.949962043940848710e+00
3.268281437527611022e+00,-5.880866134196909734e+00,-2.138511145196841490e+00
3.273306878521768937e+00,-5.881656148087007985e+00,-2.326923019731277797e+00
3.278214743552313681e+00,-5.882398216586512518e+00,-2.521263667354094462e+00
3.282498368281126400e+00,-5.883606878751713509e+00,-2.709401535422739649e+00
3.286858537080821652e+00,-5.884876618001839255e+00,-2.896395027017799606e+00
3.290883697127626295e+00,-5.886371381778057632e+00,-3.085730721219563932e+00
3.294491437296593439e+00,-5.887334732992099084e+00,3.012512504090492538e+00
3.299927502845061866e+00,-5.888979291579268249e+00,3.003197256595722120e+00
3.299959579358709316e+00,-5.888827016355024924e+00,-3.094700647861513776e+00
3.299482213290824362e+00,-5.888376055722885916e+00,-2.903479939574670876e+00
3.298497364031456769e+00,-5.888299517271255112e+00,-2.726264601838146007e+00
3.297864378254256490e+00,-5.887940449483681782e+00,-2.540646088228121435e+00
3.296677884726373797e+00,-5.887944671942780595e+00,-2.349595211850098675e+00
3.294493879236248368e+00,-5.887418257901218865e+00,-2.179022562016497133e+00
3.280032239633315250e+00,-5.910071500852546400e+00,-2.012640338937779827e+00
3.275872096366164499e+00,-5.916872281789129495e+00,-1.831453428311705212e+00
3.273156054923012981e+00,-5.924728397663907131e+00,-1.651224970112711965e+00
3.271382131595544251e+00,-6.027032495950662039e+00,-1.569647911671213203e+00
3.271278544735725102e+00,-6.120638059234951633e+00,-1.419740299710693154e+00
3.270772156766075689e+00,-6.122181181525314209e+00,-1.238462098953964752e+00
3.308478601558104248e+00,-6.215763890415836990e+00,-1.160261977058422156e+00
3.347107623808953658e+00,-6.312123471232268912e+00,-1.163196228709606483e+00
3.368874924853719754e+00,-6.370093579337955170e+00,-9.912484627986594132e-01
3.369925573454250589e+00,-6.371944434786063205e+00,-8.032300855198910572e-01
3.370818146617101441e+00,-6.373989492317362782e+00,-6.170448417623003445e-01
3.454127086201749464e+00,-6.430346706171898852e+00,-5.839033801212736297e-01
3.478952596220903803e+00,-6.448579140750336336e+00,-4.016483820930837334e-01
3.480799440667360578e+00,-6.450220821743090305e+00,-2.177589255966718151e-01
3.483183780958340137e+00,-6.453199700546979223e+00,-5.002914441652899641e-02
3.485165121319288239e+00,-6.455061250236544979e+00,1.245082781735481203e-01
3.487370066287452719e+00,-6.456324382084686064e+00,2.986049871245781140e-01
3.489803086184426473e+00,-6.457518200513861828e+00,4.790340229635215996e-01
3.492304673594988973e+00,-6.458552512494844855e+00,6.541342571817325702e-01
3.495203795440084082e+00,-6.459065547272377472e+00,8.237336518672618846e-01
3.537588231881004575e+00,-6.418229403053038240e+00,9.847139148757020344e-01
3.583254176110241662e+00,-6.324432467702472138e+00,1.148452908369983705e+00
3.627940251171192454e+00,-6.226983151695349328e+00,1.150403438535498202e+00
3.672956589116755932e+00,-6.129556827655851414e+00,1.151049178917739058e+00
3.718775245143195907e+00,-6.029013974272886323e+00,1.152944208244151003e+00
3.763772091688171173e+00,-5.928725837195646164e+00,1.152039774722549259e+00
3.784568612724060976e+00,-5.875831652710797215e+00,1.037305908867553139e+00
3.841280648484174165e+00,-5.794669863789724928e+00,9.394237960730822401e-01
3.861837355711200459e+00,-5.762699127683965195e+00,7.549954838286658809e-01
3.856473443615374475e+00,-5.755863065339235973e+00,5.987730963570475629e-01
3.853618877456742364e+00,-5.753623570550193911e+00,4.252079444287097387e-01
3.854467749596465431e+00,-5.753525848334403392e+00,5.814902747848034181e-01
3.856223462886272380e+00,-5.753245056829574544e+00,7.641707650955699149e-01
3.858418979803962312e+00,-5.753166474990953461e+00,9.450615330399277925e-01
3.915448273215061281e+00,-5.667983725582975474e+00,1.007018508180874239e+00
3.969905812735154527e+00,-5.582624893325843551e+00,1.003273543557555048e+00
4.026985031142327642e+00,-5.493893613246037866e+00,1.003653201773817116e+00
4.081556576059960584e+00,-5.409780256142870059e+00,1.001853680080993403e+00
4.138078895534109236e+00,-5.321993646736419059e+00,1.003135120054755358e+00
4.179505488882690578e+00,-5.254011584440813287e+00,8.577294763917091558e-01
4.177858417411717262e+00,-5.253247679736551490e+00,6.762235806925396275e-01
4.176491637131236168e+00,-5.252706027251727861e+00,4.530462175909081846e-01
4.174872574076589515e+00,-5.251719158049027669e+00,2.511331482784596170e-01
4.173252067949671407e+00,-5.250144826525561470e+00,1.799312051766186610e-02
4.172063218079588687e+00,-5.248301295452973747e+00,-2.004541512426531169e-01
4.171632839966360251e+00,-5.246671968805223685e+00,-4.296506242261348696e-01
4.171252333320984107e+00,-5.244095138511405629e+00,-6.977896310690413495e-01
4.172364246641548924e+00,-5.241706952177821677e+00,-9.483703664290883406e-01
4.174015556013222827e+00,-5.239046476966664478e+00,-1.189949009672996327e+00
4.182847502153762775e+00,-5.236965498093741900e+00,-1.354250333075750934e+00
4.184503553062161707e+00,-5.236677678127052538e+00,-1.536285311809453047e+00
4.186482410734747361e+00,-5.236623210524087746e+00,-1.714200582589098687e+00
4.188611863251696654e+00,-5.236879379656935285e+00,-1.892494624436679151e+00
4.190943426210219869e+00,-5.237387788578417691e+00,-2.074313526190650681e+00
4.132982735096232041e+00,-5.327982762838358255e+00,-2.169455569096839564e+00
4.073841655958874597e+00,-5.415975285398146433e+00,-2.169540996436544855e+00
4.016905146411008154e+00,-5.500490624984004207e+00,-2.170178746108146317e+00
3.957719239222126539e+00,-5.588513999515894781e+00,-2.167586005349454670e+00
3.900134881529345954e+00,-5.674374173149388412e+00,-2.169356105444331551e+00
3.878418318980117796e+00,-5.704474603893217477e+00,-1.987508804427849052e+00
3.876571293236911409e+00,-5.705247406621045236e+00,-1.803951419920482913e+00
3.874696499157018081e+00,-5.706562097336243866e+00,-1.636721182868696500e+00
3.873365870943197731e+00,-5.708627835492831260e+00,-1.457306791923257849e+00
3.873154658133770134e+00,-5.715582809555801447e+00,-1.275284459395771952e+00
3.904833095698895473e+00,-5.817415631336737114e+00,-1.257970982164988483e+00
3.934963349905391539e+00,-5.909747084396306249e+00,-1.080678572125355563e+00
3.935219600892407854e+00,-5.911423771187982013e+00,-8.989572002920304117e-01
3.935716376600955968e+00,-5.913051021026656251e+00,-7.193083149023411504e-01
4.018489459889206472e+00,-5.973980955458916497e+00,-6.353103697874468159e-01
4.102429366550449430e+00,-6.036334837891207172e+00,-6.364815020066437734e-01
4.183081494694680380e+00,-6.096751542190672168e+00,-6.394511245803671251e-01
4.269242336434897922e+00,-6.162169757925232361e+00,-6.406020490891630725e-01
4.284858471320508677e+00,-6.177407477154599036e+00,-4.566783379128644960e-01
4.286345972444687291e+00,-6.179260495169497602e+00,-2.342398953650417781e-01
4.287969155624623774e+00,-6.180714765275434175e+00,-5.439655432982131583e-02
4.289650352301432434e+00,-6.182366843783089649e+00,1.425880419578287039e-01
4.291604401975459560e+00,-6.183820498697769175e+00,3.188113070206545774e-01
4.293992329206309577e+00,-6.185688255182931528e+00,5.502999533973250701e-01
4.296305585704910612e+00,-6.187330638282377393e+00,7.615185921576280714e-01
4.260800306734170206e+00,-6.244640768626443794e+00,8.619163219865444425e-01
4.232672480103567558e+00,-6.279467837834737054e+00,8.582486267343064634e-01
4.242221763798610823e+00,-6.275062686110173260e+00,1.024384097139078520e+00
4.246454377481465592e+00,-6.258559596159729566e+00,1.008152861300151804e+00
4.252031272672351037e+00,-6.248741213704755104e+00,8.057024576272039385e-01
4.282744761599979633e+00,-6.209454513098759065e+00,6.572859847802319244e-01
4.303164459720462354e+00,-6.194735050516142927e+00,4.765805870574351677e-01
4.332329697481524633e+00,-6.182794169901937309e+00,3.076091445083932729e-01
4.430061987088409481e+00,-6.157563742713772825e+00,2.677655151957234470e-01
4.527484034721873662e+00,-6.131048450441006104e+00,2.718681553727367306e-01
4.610250464828538952e+00,-6.109693523727432130e+00,4.529233203445008904e-01
4.613080777482756467e+00,-6.111213912183299790e+00,6.210998147787276658e-01
4.615613745652850319e+00,-6.111735879593355847e+00,8.050784178170297123e-01
4.677589288369156328e+00,-6.033364102777971638e+00,9.416768792966524471e-01
4.738768197251269854e+00,-5.952930151134213865e+00,9.381735701979648789e-01
4.800366422328977478e+00,-5.873580231079707836e+00,9.365908015923267715e-01
4.862756612459144812e+00,-5.794665005845702765e+00,9.329360152067466272e-01
4.896220996459102359e+00,-5.761242983272503615e+00,1.107787587912826277e+00
4.898355941213462295e+00,-5.762173616778659913e+00,1.286933704747170504e+00
4.900347957237475072e+00,-5.762378966052248863e+00,1.463171140855677566e+00
4.902188738279576796e+00,-5.762344361919049973e+00,1.644931796633733789e+00
4.904039352124115680e+00,-5.762140349742820966e+00,1.846603086037629238e+00
4.906061307316194942e+00,-5.761105364524476080e+00,2.047914219570840633e+00
4.907436977121188981e+00,-5.759781159215940249e+00,2.249718774115451403e+00
4.908677451302977168e+00,-5.759115860721570890e+00,2.423617143724588807e+00
4.909614832312048982e+00,-5.757355106509879583e+00,2.598797491960152417e+00
4.912984376348433102e+00,-5.754727209793324860e+00,2.761859401802441827e+00
4.912606936557139647e+00,-5.753770211864666528e+00,2.950732208594350592e+00
4.912053932877642026e+00,-5.752950998215216494e+00,-3.129852441561096654e+00
4.910659734875984839e+00,-5.751612451276484350e+00,-2.906423929157636366e+00
4.909173726969600082e+00,-5.750611059696257854e+00,-2.702290424291254212e+00
4.907854068655558066e+00,-5.749788712882313746e+00,-2.524418219971462651e+00
4.906173679820391875e+00,-5.749083588512025500e+00,-2.344954780079790968e+00
4.904250428822921393e+00,-5.748636296158777803e+00,-2.158750039837862733e+00
4.901971388846572353e+00,-5.748699054014702270e+00,-1.931365001655570790e+00
4.899751425357835366e+00,-5.749441004256358845e+00,-1.740889689425707987e+00
4.901006064461533640e+00,-5.749957192368519543e+00,-1.861838516082071404e+00
4.903898108559424429e+00,-5.750167596628459776e+00,-2.035216575095775138e+00
4.853521847191526462e+00,-5.838370978337851902e+00,-2.105243745381738751e+00
4.800704529522345609e+00,-5.929101218592649936e+00,-2.106782997210894237e+00
4.748686161734059219e+00,-6.016389832743025856e+00,-2.108224387139374656e+00
4.696571523899542022e+00,-6.104534058200384194e+00,-2.108280119147888154e+00
4.639635972877867331e+00,-6.199785127510820892e+00,-2.109809791083225416e+00
4.584602961468190685e+00,-6.292291149296955766e+00,-2.110180977367208222e+00
4.528909102218031002e+00,-6.385370226447411035e+00,-2.111072335991446280e+00
4.473863755117415408e+00,-6.478394966737782923e+00,-2.112306516149776048e+00
4.419029621322454915e+00,-6.570618185490276097e+00,-2.113306920495049646e+00
4.362071850928557204e+00,-6.666394482519544695e+00,-2.111632944424862046e+00
4.306503974070472474e+00,-6.758820593790761500e+00,-2.115812853008850247e+00
4.250347143367517511e+00,-6.851258570107911616e+00,-2.117142546199692443e+00
4.199355979214874246e+00,-6.935329258939650465e+00,-2.122474363698005462e+00
4.140632619201107367e+00,-7.030572021797969029e+00,-2.123674841394270540e+00
4.083386864960490747e+00,-7.122804259588470188e+00,-2.125917867301326147e+00
4.027189511706571245e+00,-7.214696415071637503e+00,-2.125674165752510003e+00
3.969949320913958246e+00,-7.306749043806476607e+00,-2.129174495426619185e+00
3.910642115235124283e+00,-7.401384719718202554e+00,-2.133683817263971161e+00
3.852931798326339585e+00,-7.492360715741322785e+00,-2.135908435132057637e+00
3.795220341139966092e+00,-7.583959130545013139e+00,-2.135811247762365195e+00
3.777935875545229472e+00,-7.603683899252361655e+00,-1.950086344903471103e+00
3.775746460619097356e+00,-7.603471763180911225e+00,-1.757902323298515368e+00
3.773656156541879358e+00,-7.603859203206303263e+00,-1.557629113830035994e+00
3.771583482594221604e+00,-7.605212369816314322e+00,-1.345019700757548176e+00
3.770497049426277947e+00,-7.607054010990684567e+00,-1.255653802409371744e+00
3.771513207615769581e+00,-7.605987337680677918e+00,-1.455838517559702172e+00
3.772779517430841612e+00,-7.605379579952534996e+00,-1.652416294666377850e+00
3.774592325779794422e+00,-7.605314592174294397e+00,-1.850094336400545991e+00
3.776520037535775920e+00,-7.605887668833283044e+00,-2.030654145611072270e+00
3.779264692603137021e+00,-7.607044169030142911e+00,-2.279330409919416933e+00
3.782228968762784138e+00,-7.608773260576044528e+00,-2.533447701961951015e+00
3.784370450635818894e+00,-7.610487099524918087e+00,-2.734692641642906263e+00
3.787526010275367394e+00,-7.612571774075784781e+00,-2.908777114593426916e+00
3.789108878742978970e+00,-7.613616904426513621e+00,-3.092751000171171771e+00
3.789714990364434932e+00,-7.614778532836240288e+00,3.004325253866990231e+00
3.791490419011128044e+00,-7.615842317294028163e+00,2.821168893053047189e+00
3.792481587098931239e+00,-7.616823960913806424e+00,2.644067448633590445e+00
3.702057267429018417e+00,-7.567809902627146812e+00,2.623753900757771262e+00
3.608859734825137444e+00,-7.516145030487836110e+00,2.622249854681309778e+00
3.521499001050556021e+00,-7.467242767602103370e+00,2.610147125906995935e+00
3.432724734904712971e+00,-7.416653399954749482e+00,2.618452955983418207e+00
3.342803230551161242e+00,-7.366429409907567560e+00,2.629641564774216178e+00
3.334341512724217971e+00,-7.363638903290590676e+00,2.457987704031776133e+00
3.333776395790972735e+00,-7.364332176433915578e+00,2.275838963650120395e+00
3.332793488658250869e+00,-7.365567465599600183e+00,2.065793569066765034e+00
3.331329482199139491e+00,-7.367290126595193556e+00,1.865161499208708440e+00
3.329498356356696220e+00,-7.367923403922160830e+00,1.687055821863634453e+00
3.327251358172869988e+00,-7.368650373873384396e+00,1.486833283502876135e+00
3.323180586335366282e+00,-7.369855744268754449e+00,1.309265911547528916e+00
3.317695861722070205e+00,-7.369039595929364417e+00,1.141793785449527476e+00
3.314390969996636294e+00,-7.367748870037091002e+00,9.653381060982579864e-01
3.308967975395818328e+00,-7.365236147572018055e+00,8.050023088471542909e-01
3.305831683170390445e+00,-7.364042045757004828e+00,6.330226624483498155e-01
3.302978348958451438e+00,-7.362553500331490142e+00,4.591120623861408845e-01
3.300350875280444907e+00,-7.361788220765850710e+00,2.772572555640117065e-01
3.297462033485351274e+00,-7.361511992205685750e+00,9.856690111630286855e-02
3.295010359140725598e+00,-7.361175915783741530e+00,-7.763511932576087904e-02
3.292787038035618341e+00,-7.360688896496025535e+00,-2.530569663763287958e-01
3.290798761415615115e+00,-7.359604694312792184e+00,-4.279326326012507509e-01
3.288814959250832004e+00,-7.358983697561202852e+00,-6.063480490923534028e-01
3.286987089021137898e+00,-7.358039226028351365e+00,-7.817594005615049468e-01
3.285927738967810541e+00,-7.356803535536363903e+00,-9.672054633119329115e-01
3.285565737590252056e+00,-7.356422839257771962e+00,-1.142897995367503583e+00
3.285903783600200079e+00,-7.355588578266663013e+00,-1.320159007671893647e+00
3.286384188032527298e+00,-7.355233617022454595e+00,-1.501836694511837988e+00
3.286705172759855298e+00,-7.355398922075290891e+00,-1.671295266386222611e+00
3.287481301486661511e+00,-7.355644958441431847e+00,-1.848978074384676429e+00
3.288135668222310848e+00,-7.356569562147487140e+00,-2.029180109054512737e+00
3.286869888484589275e+00,-7.356817474146720492e+00,-1.907657575375929504e+00
3.283798001578013270e+00,-7.357756286880539065e+00,-1.702971069708971941e+00
3.281382922222381371e+00,-7.359050818888024814e+00,-1.507338349260653354e+00
3.279737116660435881e+00,-7.359902741626129341e+00,-1.328152539551959999e+00
3.278824040964713138e+00,-7.361829665360049013e+00,-1.133850142660483673e+00
3.278246147779070530e+00,-7.364094601920861294e+00,-8.975541880449784404e-01
3.278255178289252392e+00,-7.366579279871631414e+00,-6.977382213356080332e-01
3.279223671965465492e+00,-7.368954435120660840e+00,-4.913202627955490231e-01
3.343828442981028104e+00,-7.396626307429884584e+00,-3.387389583474848531e-01
3.441303254574958448e+00,-7.420664748923482712e+00,-1.544513821032908185e-01
3.483013169951102661e+00,-7.424981057456920830e+00,-5.704992180504625532e-02
3.481594793063566229e+00,-7.425702904068128163e+00,-2.478039700257303746e-01
3.480167808233050053e+00,-7.425663701462569044e+00,-4.423787607099667896e-01
3.478902168020479024e+00,-7.425072727350743307e+00,-6.381117988167421817e-01
3.477984176273006156e+00,-7.424201426409743121e+00,-8.450075196606851025e-01
3.478166890976639003e+00,-7.422612475494358542e+00,-1.078073659196436163e+00
3.479285750712867831e+00,-7.420756672667783604e+00,-1.345899977536709535e+00
3.481503539464528174e+00,-7.420332118012337830e+00,-1.607097088800404583e+00
3.484588976547137840e+00,-7.420899972799972488e+00,-1.859740129707009304e+00
3.487942979153197953e+00,-7.422211580157360267e+00,-2.074909493182328202e+00
3.490036765941398667e+00,-7.428087757786904000e+00,-2.245824053484100524e+00
3.491458562095024032e+00,-7.432540628100505309e+00,-2.362329854467922541e+00
3.489566298718344228e+00,-7.432328864060262497e+00,-2.182600997886631866e+00
3.487414602254292895e+00,-7.431465126911765751e+00,-2.000409612500301026e+00
3.479595196590339778e+00,-7.435337523322713693e+00,-1.835030682562418525e+00
3.477155262110866563e+00,-7.436083815402573016e+00,-1.653747964760026612e+00
3.474589422508503223e+00,-7.437296045255431309e+00,-1.469470943733352630e+00
3.473386569689499659e+00,-7.438110063890817969e+00,-1.279132357863993485e+00
3.471190286393526225e+00,-7.436588965661349526e+00,-1.103457062840923264e+00
3.469005969100136699e+00,-7.435224385527630986e+00,-9.180006125690302055e-01
3.465965135414970089e+00,-7.434469895529665528e+00,-7.283451676199139690e-01
3.463853331126558022e+00,-7.434670030782442041e+00,-5.456936980531745807e-01
3.461837715740744059e+00,-7.435134611292505191e+00,-3.665298702894833616e-01
3.460348717593660250e+00,-7.436215865560615867e+00,-1.828281817223909311e-01
3.458138737899207449e+00,-7.437916193650520036e+00,3.756843352665776951e-03
3.455837286672124087e+00,-7.440399022579947008e+00,1.885154571274373081e-01
3.453504771246900695e+00,-7.443454035291223292e+00,3.680007201955556861e-01
3.451558816548245812e+00,-7.446537720365527413e+00,5.540345576570039343e-01
3.449823847629237328e+00,-7.450553173433577925e+00,7.347942279721173531e-01
3.448464542039118452e+00,-7.454401193023588945e+00,9.199552950692809761e-01
3.447719646167251906e+00,-7.459026584938464488e+00,1.111048688335899870e+00
3.447851818916988886e+00,-7.462686461752259248e+00,1.290914360437769970e+00
3.449605529567925544e+00,-7.463980495330251763e+00,1.368923588482321430e+00
3.448026016726334575e+00,-7.464600675336801494e+00,1.180639056914037699e+00
3.445580064239745166e+00,-7.463546990771072309e+00,9.450333163704606187e-01
3.443331024579592281e+00,-7.462366142404625258e+00,7.140451803005575249e-01
3.441467737448553610e+00,-7.460730027743236015e+00,5.244976709324923325e-01
3.439260649771935352e+00,-7.459324228691108338e+00,3.061325000023197296e-01
3.437835391469444613e+00,-7.458307649818946672e+00,9.837076584083581654e-02
3.435712848101454053e+00,-7.456929140689545932e+00,-1.483336466967350442e-01
3.434265152514633712e+00,-7.455763746224127075e+00,-3.780636728003891611e-01
3.432608167632015927e+00,-7.454213261436159144e+00,-6.089425172292456390e-01
3.431805731812864746e+00,-7.452699738571273436e+00,-8.004154745325484654e-01
3.431911636843597790e+00,-7.450785242749152992e+00,-1.053955117365946714e+00
3.432968298422480746e+00,-7.449265155681649375e+00,-1.235132649235530344e+00
3.434905085401765756e+00,-7.448161472607478295e+00,-1.416022929749430892e+00
3.437298536989802589e+00,-7.446813397229247400e+00,-1.607216956412698572e+00
3.441077961244978667e+00,-7.446098186613533620e+00,-1.784271575843210167e+00
3.442958939036141253e+00,-7.447141729413173650e+00,-1.962875558339620907e+00
3.445539655839397142e+00,-7.448019778808489200e+00,-2.132381905760214913e+00
3.447404331494155372e+00,-7.449873191499151837e+00,-2.318822367551164998e+00
3.445641506688360778e+00,-7.451139140385952153e+00,-2.269361650714552869e+00
3.443237726498004747e+00,-7.450102722191757287e+00,-2.091534578381436749e+00
3.441074236840266032e+00,-7.448953024290533520e+00,-1.914564481738539437e+00
3.438583671499115368e+00,-7.448708813429174569e+00,-1.733213858634918170e+00
3.436314581608141072e+00,-7.448976119664669326e+00,-1.549735078429816060e+00
3.434298053296135578e+00,-7.449824932645062958e+00,-1.352647984157869798e+00
3.432811189145071218e+00,-7.450496760961684117e+00,-1.164150572816488260e+00
3.432778562268857581e+00,-7.452126580992405103e+00,-9.822321670665156157e-01
3.433130466510296408e+00,-7.453604167057216401e+00,-7.987277337823336376e-01
3.435083839388416660e+00,-7.455258937466717306e+00,-5.895266263329969059e-01
3.437175371642853250e+00,-7.456473215381920205e+00,-3.887519420854973484e-01
3.439320046747464943e+00,-7.457672760308526883e+00,-2.048480901713957691e-01
3.539735661861898031e+00,-7.469309805045531547e+00,-1.137877998041739308e-01
3.640443941000131911e+00,-7.479538153389263755e+00,-1.117397401932294365e-01
3.676870663824300944e+00,-7.481390136291741655e+00,-2.881709487620799370e-01
3.676264399217683110e+00,-7.481148246334589302e+00,-5.007981764188323970e-01
3.675182129395834441e+00,-7.480188872604688122e+00,-7.270886994896023081e-01
3.675463531714531218e+00,-7.478843014400077038e+00,-9.214165789253468963e-01
3.676361507471122891e+00,-7.477262505612874754e+00,-1.164532458451817964e+00
3.677832984263847749e+00,-7.475389127398237576e+00,-1.358055980286545505e+00
3.678898666353166647e+00,-7.476343928968109509e+00,-1.242994292827723113e+00
3.679482733361642222e+00,-7.477815850319652569e+00,-1.256211611711702147e+00
3.681348286755901533e+00,-7.477461663906259659e+00,-1.449394885534119881e+00
3.683333727283442993e+00,-7.478068683535362027e+00,-1.633992255918986780e+00
3.686392204200733769e+00,-7.478768852376855847e+00,-1.838852231873699505e+00
3.688385722054485338e+00,-7.479172059165332342e+00,-2.028776551377283965e+00
3.691380027492925375e+00,-7.480667256224116102e+00,-2.265466272808312809e+00
3.693772293998681899e+00,-7.482085042328443514e+00,-2.484494463493207572e+00
3.696570330042282304e+00,-7.483747579126370120e+00,-2.661004771196039176e+00
3.695730891081953295e+00,-7.485451401263718552e+00,-2.695973942306777449e+00
3.693564545310528136e+00,-7.484614892598570712e+00,-2.511813809408118825e+00
3.691541773760360190e+00,-7.483455957429154815e+00,-2.313223183719935516e+00
3.688171331546979292e+00,-7.483035291766017671e+00,-2.144252361964967601e+00
3.686080371203689587e+00,-7.484387866194293970e+00,-1.969676584290019239e+00
3.681686153617328650e+00,-7.485946769531034661e+00,-1.803836954994898267e+00
3.680371195763217251e+00,-7.487382045971943789e+00,-1.621436496241196901e+00
3.679345713903748205e+00,-7.489251190505134659e+00,-1.458952302936685763e+00
3.679044999750464395e+00,-7.490482571652401056e+00,-1.269973032465524954e+00
3.678830264942456463e+00,-7.492570186314742031e+00,-1.092292737944959402e+00
3.678685177228613767e+00,-7.494942512620467845e+00,-9.179175451750557491e-01
3.679437362301321013e+00,-7.497862557084110868e+00,-6.576834725401989878e-01
3.680836464277629450e+00,-7.500010886593641679e+00,-4.649503325657959873e-01
3.682580809076834161e+00,-7.502158545896832287e+00,-2.589447543951610697e-01
3.684604288947091799e+00,-7.504263828404448944e+00,-3.667252078719418495e-02
3.686461321964240145e+00,-7.506387141969204535e+00,1.653468924264040740e-01
3.688640532135730954e+00,-7.508632334077877779e+00,3.948525354861981973e-01
3.690870646747998585e+00,-7.511142662264358449e+00,5.977245141027539566e-01
3.693494705341197726e+00,-7.513548939518047476e+00,7.999538832561696733e-01
3.696717442416031396e+00,-7.516117637433622711e+00,1.029007603337545484e+00
3.711666086600644121e+00,-7.491043967461110675e+00,1.163644269964492217e+00
3.735572785482454528e+00,-7.437072971870412275e+00,1.007795216842679364e+00
3.734974040340696355e+00,-7.437305394637874656e+00,8.343440119885473516e-01
3.803960568463268022e+00,-7.364746880847352628e+00,8.321987111818186511e-01
3.873617008145925578e+00,-7.289302453753761846e+00,8.283253193264172864e-01
3.942346150887271694e+00,-7.216074561802878762e+00,8.262517430975432342e-01
4.011276603955444386e+00,-7.143015812568392242e+00,8.648541607672894926e-01
4.050412139591126781e+00,-7.093769479214091511e+00,1.040576553226277845e+00
4.069747689805747193e+00,-7.057835027007471673e+00,1.230128700409441000e+00
4.081881262599741156e+00,-7.020835081955271839e+00,1.412009325054498499e+00
4.087023710475897964e+00,-6.982446897748395109e+00,1.591700465794047892e+00
4.085234645852435342e+00,-6.945318355574420899e+00,1.771133291921025865e+00
4.076624012569904032e+00,-6.909773306786765268e+00,1.949892480378575543e+00
4.031303117535927960e+00,-6.818778262568171655e+00,2.109936165694223043e+00
3.972138872442134261e+00,-6.739289582013631374e+00,2.261292080035893104e+00
3.939943638321396158e+00,-6.706706840497885125e+00,2.444340168134334412e+00
3.934020263177790078e+00,-6.704088832338364945e+00,2.620825569721386472e+00
3.916401605655265961e+00,-6.695968906255434838e+00,2.538650196679320015e+00
3.914788030011323361e+00,-6.695666507653533550e+00,2.344252358648714729e+00
3.913429143289874457e+00,-6.695668189195895792e+00,2.167950184968902683e+00
3.912538228332130608e+00,-6.695282246461546016e+00,1.983016936098648930e+00
3.881049583293087579e+00,-6.604998525956844446e+00,1.914638944022226452e+00
3.848240089009699716e+00,-6.511097085528728456e+00,1.915162644639153644e+00
3.815689146759972061e+00,-6.419140407085306421e+00,1.914836938160542790e+00
3.785532643988270607e+00,-6.325940223099377313e+00,1.870810935196663971e+00
3.763940437988743781e+00,-6.249935842688874033e+00,1.740042221450482929e+00
3.766096647645749584e+00,-6.255401047025531902e+00,1.749115572818668030e+00
3.769629006602471577e+00,-6.258860758801505497e+00,1.925457849689792278e+00
3.740378561912427013e+00,-6.172745326744267125e+00,1.959859199769947269e+00
3.706868116977301675e+00,-6.104226043991583417e+00,2.119185477658646732e+00
3.657125995416157682e+00,-6.021483816130458244e+00,2.095194141225471984e+00
3.657199414620382338e+00,-6.023163000790826338e+00,1.934329139659435537e+00
3.661098025446341886e+00,-6.026471375465042080e+00,2.105708588425809769e+00
3.664995977448345599e+00,-6.030942986964376473e+00,2.262325765645827325e+00
3.599050708604615068e+00,-5.970751646565937598e+00,2.379444081521175480e+00
3.527094351495235536e+00,-5.901659628603018071e+00,2.369232893996394029e+00
3.460074430452605654e+00,-5.834944147004004655e+00,2.359384949391568398e+00
3.388385849674990347e+00,-5.764806151456116190e+00,2.387218702339729770e+00
3.312929590067770658e+00,-5.697708111951382826e+00,2.429731295398711577e+00
3.245496196495920138e+00,-5.641630387411569636e+00,2.436761217265400514e+00
3.171849325624144900e+00,-5.578471387694161621e+00,2.427785176314106952e+00
3.095048813683983546e+00,-5.511498797343032940e+00,2.419493953583075285e+00
3.016176464365289522e+00,-5.442476559447962714e+00,2.414448047003925346e+00
2.940131175158565036e+00,-5.374741662031103040e+00,2.406567567568144828e+00
2.864418992403648279e+00,-5.306077499526852925e+00,2.397406689514227640e+00
2.785705788874148325e+00,-5.234656371157664800e+00,2.392820362475537532e+00
2.712238981126157800e+00,-5.167683411341220001e+00,2.388427860500705879e+00
2.641318982507929292e+00,-5.102520177793104850e+00,2.384653566673710756e+00
2.565736810488894903e+00,-5.032320449398670625e+00,2.381312949515745458e+00
2.490277328495105635e+00,-4.961772291071375740e+00,2.377704107578326287e+00
2.419679482745372923e+00,-4.895691969411180899e+00,2.375281303349439987e+00
2.343447665142408987e+00,-4.824188597865912698e+00,2.377901108118946283e+00
2.265787038841978518e+00,-4.755548742991291711e+00,2.428422957259074089e+00
2.184602086782861718e+00,-4.691514749737428325e+00,2.500966263805817213e+00
2.097839967849654652e+00,-4.634617985856735345e+00,2.582008776319389742e+00
2.003942293291284482e+00,-4.581409688821963755e+00,2.625507671287601763e+00
1.910980979589099737e+00,-4.533748493866432305e+00,2.667066635952252796e+00
1.815719429300034493e+00,-4.490099324248264523e+00,2.703057047601387541e+00
1.719855430201080670e+00,-4.446931209947648789e+00,2.694425113142055128e+00
1.621451599926877263e+00,-4.401840116249286616e+00,2.687180262511798645e+00
1.526446686196630598e+00,-4.357775263243964581e+00,2.680786962036114218e+00
1.431210944887141290e+00,-4.313152605337027268e+00,2.678449312170981589e+00
1.336693760965302236e+00,-4.268946119027848596e+00,2.673209261183086660e+00
1.240624515067788147e+00,-4.224167606940140374e+00,2.669946930473773961e+00
1.145954938178318949e+00,-4.178640387065802209e+00,2.664882479280177296e+00
1.050126992387385716e+00,-4.129917624420889943e+00,2.615470977655273366e+00
9.602424449569635367e-01,-4.077121605288723138e+00,2.548615474110429435e+00
8.756279245783973320e-01,-4.016938478237759291e+00,2.454504617473039385e+00
7.957844298403423666e-01,-3.951662205970250863e+00,2.405403491955145689e+00
7.216228693938858685e-01,-3.888500740242271547e+00,2.401966777691012300e+00
6.412332755405832918e-01,-3.822514739243404236e+00,2.436362125414376578e+00
5.578665471457594505e-01,-3.760253025174674413e+00,2.481017402149563900e+00
4.708994357254558949e-01,-3.701283830131048891e+00,2.509667660887135110e+00
3.821854391604930790e-01,-3.640866740147923331e+00,2.503449512907266694e+00
2.955906139316961667e-01,-3.582129257726457183e+00,2.496383718928883777e+00
2.094059068807306578e-01,-3.523431384921235754e+00,2.491912120581873058e+00
1.232129855093476167e-01,-3.464107596478828821e+00,2.484784533440704379e+00
3.421553432327512079e-02,-3.403320844746332785e+00,2.481262963826310397e+00
-5.095909604475781091e-02,-3.342432918441380352e+00,2.431437277064756763e+00
-1.302793332061314424e-01,-3.277970307913474990e+00,2.328372719575164673e+00
-2.018226519515166906e-01,-3.205699619009138690e+00,2.222342094046176442e+00
-2.645841069581492122e-01,-3.126408298164571775e+00,2.115816605748776613e+00
-3.198334766622684677e-01,-3.039320627084887594e+00,2.006894315731523104e+00
-3.630637109396488982e-01,-2.949956244826374530e+00,1.898983146504372277e+00
-3.963681904879696183e-01,-2.858168223234696992e+00,1.771018180353344906e+00
-4.126795950147156833e-01,-2.782409169900118773e+00,1.619195551322356597e+00
-4.146925848951502624e-01,-2.706135350890099822e+00,1.450576209981184306e+00
-4.060298273714946227e-01,-2.649789793332220533e+00,1.283923010564674838e+00
-3.857417932516384873e-01,-2.597508826841040452e+00,1.091553662663637514e+00
-3.480357188005110403e-01,-2.543239356831388687e+00,8.720531797255209883e-01
-3.002220700663306707e-01,-2.501070558458611259e+00,6.747365372158273811e-01
-2.416378364711348203e-01,-2.467544370230052575e+00,5.116263923400123925e-01
-1.771739172435464471e-01,-2.443580384666319105e+00,4.010479196424033832e-01
-8.364506634024879150e-02,-2.418647807054073340e+00,3.342285525137964619e-01
-8.012334957046485240e-02,-2.434221384266641586e+00,4.903333909447240568e-01
7.967605776381298660e-03,-2.409674134762548103e+00,4.698288862029080803e-01
9.528044521056956706e-02,-2.378657190690963930e+00,4.609453968845909633e-01
1.858973425078125907e-01,-2.346043658088596384e+00,4.571573003009222758e-01
2.504900655570780899e-01,-2.340489309279924601e+00,5.860070081377128925e-01
2.491571838344204537e-01,-2.354854106175070960e+00,7.638463143976170766e-01
2.491527827611972057e-01,-2.366600264716641533e+00,9.696706550039437822e-01
2.500023015428792794e-01,-2.376394185451306651e+00,1.170676330387892650e+00
2.502963626706052880e-01,-2.385628856928981634e+00,1.362923891767021889e+00
2.507079159131530566e-01,-2.393637663660980408e+00,1.555036597777526897e+00
2.456750018881009023e-01,-2.418302419260395020e+00,1.436248036832126207e+00
2.546730472023499003e-01,-2.359429138898909262e+00,1.384123211624262551e+00
2.731494872539937946e-01,-2.294457661969694140e+00,1.310278735522884652e+00
2.775012839770147899e-01,-2.267953325548075050e+00,1.498971051269480492e+00
2.733488395240706303e-01,-2.244743817122722973e+00,1.674925502888423345e+00
2.617341862004231579e-01,-2.221161592904186577e+00,1.854231301918632058e+00
2.149698660751212798e-01,-2.155443230980429004e+00,1.963968505731776837e+00
1.726267653443518679e-01,-2.087480298681742230e+00,1.898270551664783090e+00
5.096654803170229675e-01,-7.562242309946380914e-01,-1.649235551673873923e+00
5.022236781981104237e-01,-7.862047390293727123e-01,-1.474350965337922537e+00
4.962871285012622202e-01,-8.138511252032922805e-01,-1.306228040307338745e+00
4.910043366887921756e-01,-8.391940471654280032e-01,-1.131246327302339871e+00
4.862482240820970025e-01,-8.649117774801268199e-01,-9.493091536063867908e-01
4.822467181447056550e-01,-8.889125242622857304e-01,-7.768554261793128024e-01
4.781582024497780248e-01,-9.140701435340131686e-01,-6.122244494093906919e-01
4.745390458148431856e-01,-9.329462639450301076e-01,-4.523406649665465684e-01
4.735283775141581053e-01,-9.481359576601599004e-01,-2.524077890110654754e-01
4.723108841520145540e-01,-9.627804716817897068e-01,-7.249315236195097434e-02
4.705123935210521746e-01,-9.728239842247088376e-01,1.110492281882323184e-01
4.682267058187254971e-01,-9.798624214784100728e-01,2.923411899338876907e-01
4.663369829872827110e-01,-9.875038704872979300e-01,4.995276791324582688e-01
4.647690985021460386e-01,-9.947738958552623245e-01,7.065452572909063367e-01
4.637898813367681283e-01,-1.001274845152672066e+00,8.869484172704751312e-01
4.642363839837785888e-01,-1.008943893044705886e+00,1.067370425331848782e+00
4.647700555764524011e-01,-1.016332990430986571e+00,1.248378643814885169e+00
4.655281698090458220e-01,-1.023749318752892989e+00,1.454679755026843768e+00
4.653246636456247476e-01,-1.030253082194332315e+00,1.641191282216950542e+00
4.647663638393952912e-01,-1.035703001363413422e+00,1.825649792179883990e+00
4.638336561465282171e-01,-1.042090917984307197e+00,2.006927936154201841e+00
4.622777257391483263e-01,-1.047690542700208116e+00,2.208705006906612311e+00
4.608378753608334266e-01,-1.053229967805389133e+00,2.395319487942224601e+00
4.595385411273609222e-01,-1.058355213266584771e+00,2.580624535862988900e+00
4.575920319154219151e-01,-1.064784550635622828e+00,2.777074704226866864e+00
4.545238295757953462e-01,-1.070706884365081324e+00,2.962817512937205411e+00
4.528512205653525413e-01,-1.074919557985693608e+00,-3.132287257397627478e+00
4.503879861901855519e-01,-1.078771188831451955e+00,-2.940986114552352593e+00
4.453342980058265232e-01,-1.084690922923946976e+00,-2.793653423934411517e+00
4.417620630984305796e-01,-1.089321732898293593e+00,-2.642657370373318937e+00
4.381792265674031572e-01,-1.091799793095171500e+00,-2.458193060689030762e+00
4.343972945087535842e-01,-1.093881699576370048e+00,-2.275958032312698442e+00
4.309495271019707641e-01,-1.097095609924341630e+00,-2.097755494849854241e+00
4.270254709653432679e-01,-1.100820590271685440e+00,-1.916051071448321208e+00
4.235144068624910330e-01,-1.104216637575024862e+00,-1.742434706551232448e+00
4.203106544823743684e-01,-1.108566440945662146e+00,-1.563463087050637856e+00
4.166144925346643157e-01,-1.113449260346309533e+00,-1.382814961854487379e+00
4.134070131693520223e-01,-1.118186317805878849e+00,-1.213182845567892576e+00
4.411439261436306269e-01,-1.214277983493412760e+00,-1.196887371129076394e+00
4.720813147713124325e-01,-1.312865139322405117e+00,-1.193905172830350914e+00
5.078890178986668058e-01,-1.414731073494962077e+00,-1.189024362461342132e+00
5.405293991615373050e-01,-1.512104466879566234e+00,-1.157741259541124057e+00
5.843121651383563764e-01,-1.606780920129933454e+00,-1.056339719097887153e+00
6.336378463451073362e-01,-1.698482726960929057e+00,-1.032534708775453947e+00
6.598203947202756492e-01,-1.746793310125076548e+00,-1.189904325967419796e+00
6.584120745432716637e-01,-1.748327793611255121e+00,-1.358969473160713592e+00
6.576897335525765387e-01,-1.749455420885713375e+00,-1.525651038488690103e+00
6.569381699021514809e-01,-1.751175165493177976e+00,-1.696051545215061740e+00
6.563528336368952276e-01,-1.752523193172728311e+00,-1.872172204761616277e+00
6.556157854817298292e-01,-1.753958790262445167e+00,-2.044367271710044065e+00
6.549600612969628255e-01,-1.756091650099764978e+00,-2.215471179713004446e+00
6.537595970375689181e-01,-1.758326304101259785e+00,-2.386672556680303980e+00
6.531742704038110414e-01,-1.761342800344358972e+00,-2.565772385619537577e+00
6.513265386859076189e-01,-1.763543302458072004e+00,-2.739003221136122601e+00
6.497728751155047444e-01,-1.765870187978992201e+00,-2.918885617845374814e+00
6.473504790085434779e-01,-1.767881225110911059e+00,-3.096505594488653479e+00
6.449710741168487305e-01,-1.770007748957335814e+00,3.001772378596957669e+00
6.415901524178205806e-01,-1.772729192442582313e+00,2.825429816665173455e+00
6.372844100010899293e-01,-1.774858204832814312e+00,2.653827062484079402e+00
6.296348841583001565e-01,-1.776367403434240932e+00,2.727142325822483393e+00
6.248297527120707517e-01,-1.777077544350265770e+00,2.898575831761076582e+00
6.206915361158634736e-01,-1.776477843502197063e+00,3.082022822524838279e+00
6.150808680877536405e-01,-1.776754566400162272e+00,-3.021942899902692048e+00
6.096067083845250201e-01,-1.777331561491293010e+00,-2.845504980922212379e+00
5.082481027990471967e-01,-1.815410546063939812e+00,-2.757739900435804525e+00
4.094064379359382833e-01,-1.862538318309808316e+00,-2.662974070980963059e+00
3.139616913645995044e-01,-1.912409655497012251e+00,-2.626747976861423250e+00
2.241864054606872436e-01,-1.969264369574803997e+00,-2.558123797942704503e+00
1.349641088772076669e-01,-2.026069660611500289e+00,-2.561538524547656959e+00
5.099131470602752403e-02,-2.079194265684340515e+00,-2.562612559397535072e+00
-3.913692182254396162e-02,-2.136332251996590159e+00,-2.562827619223134512e+00
-1.276320345843223736e-01,-2.193752656600626239e+00,-2.558136503278527485e+00
-2.160463351934306109e-01,-2.251115108987181923e+00,-2.554648565447828812e+00
-2.608241234272071774e-01,-2.281467490996494707e+00,-2.713884915965135036e+00
-2.613287279494124760e-01,-2.283470555432164595e+00,-2.903725083630301462e+00
-2.618346889918225506e-01,-2.286483563707625954e+00,-3.105871539794886171e+00
-2.637661699023602369e-01,-2.289611328536599100e+00,3.003408580497437086e+00
-2.666658563725305964e-01,-2.292154956521982090e+00,2.838756810781676077e+00
-2.677219313182983562e-01,-2.294818695621028137e+00,2.638345989519958579e+00
-2.686308049454721458e-01,-2.297114921467409587e+00,2.443192558839915929e+00
-2.693767266438783503e-01,-2.298902823758234959e+00,2.261627560221074251e+00
-2.706526960925108027e-01,-2.300711349613056456e+00,2.065535457036629108e+00
-2.719663842407545884e-01,-2.302371063210480351e+00,1.871154194739282683e+00
-2.737476949759894418e-01,-2.303280332436544953e+00,1.688339768174198952e+00
-2.760545855270663540e-01,-2.304060631485859378e+00,1.478829047575836331e+00
-2.785072516493407035e-01,-2.304678334885634339e+00,1.290824787059697165e+00
-2.815534325249768877e-01,-2.304097721518426400e+00,1.097590181875465420e+00
-2.842255252894858031e-01,-2.302906474095548273e+00,9.147406189584768033e-01
-2.864415167826636632e-01,-2.301482471193840862e+00,7.359810807461785176e-01
-2.891595027496886572e-01,-2.299179288203943461e+00,5.414599795893808576e-01
-2.915296803769387712e-01,-2.297270657790188686e+00,3.642448339921468548e-01
-2.939839302352967865e-01,-2.295167297980859722e+00,1.811352208930732122e-01
-2.954689911568331717e-01,-2.293322460641197935e+00,-4.323223684086217530e-03
-2.965206322154156915e-01,-2.290561986084389989e+00,-1.576290452250534713e-01
-2.973016742799806655e-01,-2.288501747208398385e+00,-3.262378879770614359e-01
-2.982928096153447117e-01,-2.287189013791131043e+00,-5.028958279765272099e-01
-2.995429987138711336e-01,-2.286609047413826534e+00,-6.715854860485940270e-01
-2.997550378226715440e-01,-2.285465484075027032e+00,-8.498206244628556671e-01
-3.005964146623573141e-01,-2.284737861178865792e+00,-1.083217348532901081e+00
-2.998130244319351378e-01,-2.283146772681195813e+00,-1.277503463144803231e+00
-2.984069704427548819e-01,-2.282303211782917174e+00,-1.481140194561612722e+00
-2.968866727132914995e-01,-2.282064410304472712e+00,-1.680503620275559218e+00
-2.952202298172768025e-01,-2.281819131469874584e+00,-1.882076956828551806e+00
-2.937240283850038325e-01,-2.282348461600472778e+00,-2.055571042125789560e+00
-2.913883244284303231e-01,-2.283714057043734424e+00,-2.239845528479921910e+00
-2.889459062967734693e-01,-2.284913864607375000e+00,-2.429618884500301501e+00
-2.877507526879473088e-01,-2.286607312178959628e+00,-2.644710501551711168e+00
-2.861215153255760035e-01,-2.288433307375788317e+00,-2.833241394684242298e+00
-2.849142973058987893e-01,-2.290870000945538276e+00,-3.015607311702980020e+00
-2.842002704193873908e-01,-2.293737100758761915e+00,3.061920534406457950e+00
-2.835438939434375971e-01,-2.296138529625857849e+00,2.850655093760011471e+00
-2.830352377471377356e-01,-2.298281368265635560e+00,2.676285155794634552e+00
-2.831953254004845877e-01,-2.300596884400197606e+00,2.478637908943966295e+00
-2.831017601792920613e-01,-2.303382850192543962e+00,2.261630711524265980e+00
-2.838583191751715140e-01,-2.305355286950428795e+00,2.063616520416660993e+00
-2.849264618818792560e-01,-2.307676261394285167e+00,1.845569558051012082e+00
-2.864986530630274641e-01,-2.309415289062201726e+00,1.648106683047392051e+00
-2.889440045666935575e-01,-2.311163616580020008e+00,1.425928291114662461e+00
-2.915931832659296452e-01,-2.312206467168041790e+00,1.214173920198615253e+00
-2.946971081654384816e-01,-2.312328295212537910e+00,9.895862935925553439e-01
-2.970773604879990981e-01,-2.311466902689117919e+00,7.938318573764678865e-01
-2.996479063943385812e-01,-2.310268265289813883e+00,5.859965260824075983e-01
-3.012289586172107736e-01,-2.309124238572784815e+00,3.904304351086715363e-01
-3.032692126645242237e-01,-2.308207141463838763e+00,1.942692994983683530e-01
-3.051973324432860069e-01,-2.306576681123627015e+00,-2.212585866338138973e-02
-3.069242476849061152e-01,-2.304235862805341206e+00,-2.317872285552016187e-01
-3.081681001162686062e-01,-2.302336425708916501e+00,-4.374819361472371271e-01
-3.087353202403399499e-01,-2.300120352331805673e+00,-6.794158671837969843e-01
-3.091708002828013058e-01,-2.296939700181713562e+00,-9.217481257075934575e-01
-3.085585493295143755e-01,-2.295172676605658157e+00,-1.156811087870965871e+00
-3.077263468428951265e-01,-2.293545906816736313e+00,-1.365647528596685145e+00
-3.058468135536885901e-01,-2.291621903150122375e+00,-1.608221725786559642e+00
-3.042502748190464845e-01,-2.290885042088377510e+00,-1.831354871344037294e+00
-3.023653414527779915e-01,-2.290824737817326096e+00,-2.029425030505425109e+00
-3.001382196309316241e-01,-2.291555701247854682e+00,-2.221100405636665887e+00
-2.979878300708356242e-01,-2.293009908340464253e+00,-2.446606861187413440e+00
-2.964111701451872527e-01,-2.294917222007957225e+00,-2.664133179610433277e+00
-2.949675237610679956e-01,-2.296781167170965698e+00,-2.854656174423867654e+00
-2.935175803913103176e-01,-2.299504750269740772e+00,-3.063655253076442264e+00
-2.931581059972807046e-01,-2.302199276457467025e+00,2.970032022441029262e+00
-2.927083395237486951e-01,-2.304526637663272925e+00,2.780396837424285561e+00
-2.926080437309238613e-01,-2.307031624366482792e+00,2.563650739369511378e+00
-2.924073345983864147e-01,-2.309324868754926818e+00,2.387777410537923473e+00
-2.927504165520442569e-01,-2.312388934754864511e+00,2.165680309933101899e+00
-2.933351367063601889e-01,-2.314105254228446817e+00,1.991052319732565135e+00
-2.948346383685135907e-01,-2.316279522543398528e+00,1.776216302302858319e+00
-2.967717146206357293e-01,-2.317898572397477874e+00,1.544779130774538434e+00
-2.992055431147479516e-01,-2.319003116900649530e+00,1.339139900159443286e+00
-3.023109099999650162e-01,-2.319588585826916738e+00,1.099096679084005324e+00
-3.059755228570048557e-01,-2.319540690353220302e+00,8.878805906355370370e-01
-3.079670821757514720e-01,-2.318306232306610593e+00,6.713766388391680939e-01
-3.106552014785987081e-01,-2.316675740185761168e+00,4.491848016629167439e-01
-3.134617507663886582e-01,-2.314774439842535614e+00,1.717438976855811261e-01
-3.158606323872668042e-01,-2.312538432922257581e+00,-6.934582650208342969e-02
-3.177403762218323213e-01,-2.310273856606911203e+00,-3.089917303888128908e-01
-3.186169916620033571e-01,-2.308792268947086335e+00,-4.974432786607781432e-01
-3.193013051778989531e-01,-2.306242253352271288e+00,-7.409426933834216689e-01
-3.196442187114882927e-01,-2.303258474424559665e+00,-1.015769154615138170e+00
-3.190626379254968836e-01,-2.301211534138924097e+00,-1.269527369796609406e+00
-3.173707501196029179e-01,-2.299526443437825751e+00,-1.508586274598444410e+00
-3.158178599543817189e-01,-2.298257772743093064e+00,-1.747622056067799523e+00
-3.139222237528111470e-01,-2.297828464710292895e+00,-1.954148283070516134e+00
-3.110350015235047172e-01,-2.298347277934547073e+00,-2.193198319188738310e+00
-3.083557354059007216e-01,-2.299872951763858975e+00,-2.414486925439801368e+00
-3.073754657138857427e-01,-2.301631435717482965e+00,-2.593456234112526015e+00
-3.060423861824346781e-01,-2.303993276630521780e+00,-2.805145349815974409e+00
-3.051396405256287525e-01,-2.305874461012070942e+00,-2.985685873273489666e+00
-3.040036798477021573e-01,-2.308005666899927810e+00,3.111876366929409166e+00
-3.033167628831299201e-01,-2.311381769854548462e+00,2.869398503781757093e+00
-3.027241630400320238e-01,-2.314615070190932045e+00,2.630825536538497822e+00
-3.025442271716410336e-01,-2.316621689918535232e+00,2.442482414521232492e+00
-3.024012232806777556e-01,-2.319735102547345384e+00,2.198076399923501789e+00
-3.035518149553571021e-01,-2.322863851050089856e+00,1.960277261472384014e+00
-3.045238585381367935e-01,-2.324390920611783873e+00,1.772264209407246716e+00
-3.067982563061386059e-01,-2.326475012865460545e+00,1.526998021863884558e+00
-3.099034073589375105e-01,-2.327737541591965442e+00,1.273688230151684753e+00
-3.135945835927210212e-01,-2.328600049082681256e+00,1.049262597783048978e+00
-3.162677187503314391e-01,-2.328377918931634039e+00,8.749842722325195110e-01
-3.189335105542597804e-01,-2.327290112563391578e+00,6.811997936657969710e-01
-3.210582415999867489e-01,-2.326220532084820825e+00,4.911152651823705306e-01
-3.233013393125638846e-01,-2.324999874237800412e+00,2.924015240557756301e-01
-3.256361152116303836e-01,-2.322642948252635620e+00,4.179001904962487829e-02
-3.274643763784229056e-01,-2.321136683939151624e+00,-1.530213984463602850e-01
-3.285536490463078496e-01,-2.319201214378732612e+00,-3.498675037434296753e-01
-3.294639981651963923e-01,-2.316840654107911401e+00,-5.622105149189869921e-01
-3.306727677860077375e-01,-2.314723363111347965e+00,-7.716578513107603676e-01
-3.310990559162547142e-01,-2.312302626118038607e+00,-1.017892921687540975e+00
-3.304860107010350045e-01,-2.309785085937892557e+00,-1.240153029584361244e+00
-3.294562114466756397e-01,-2.308313466272723602e+00,-1.493613708947781227e+00
-3.278670610337436897e-01,-2.307153572359553539e+00,-1.735055949863246294e+00
-3.254317577534159289e-01,-2.306406731848372083e+00,-1.990101758328238102e+00
-3.228799986644859121e-01,-2.307124961082902992e+00,-2.251840424329749180e+00
-3.210437660025525775e-01,-2.308649426275603656e+00,-2.466960523962038021e+00
-3.196532681060949010e-01,-2.310543069345682543e+00,-2.644327210373212722e+00
-3.188551685001774771e-01,-2.312459454219701005e+00,-2.832686868338158526e+00
-3.175221926306067144e-01,-2.315086751245876595e+00,-3.070968152133931373e+00
-3.162390541935265476e-01,-2.318333574906115135e+00,2.960329267128221975e+00
-3.158177005211995070e-01,-2.321309577603554608e+00,2.723086575621689764e+00
-3.156824423061995732e-01,-2.323860385735113443e+00,2.474989437722773467e+00
-3.152837697822158947e-01,-2.327093833701465275e+00,2.256537011319089459e+00
-3.194492216382051053e-01,-2.327636058681409548e+00,2.352466308237661341e+00
-3.217709851393187326e-01,-2.326496669715668375e+00,2.540782580596160134e+00
-3.234995443462393983e-01,-2.324574858457458149e+00,2.716224419445776306e+00
-3.257311615198432708e-01,-2.322375459981077306e+00,2.896064272168688447e+00
-3.285048272028616712e-01,-2.320575581056398828e+00,3.075555383575217849e+00
-3.307545739289897146e-01,-2.319325072001128252e+00,-3.023944186486737351e+00
-3.774474208033046230e-01,-2.324727337856162368e+00,-2.982715537039889675e+00
-4.799431063767545247e-01,-2.343387397921389947e+00,-2.918247190793563650e+00
-5.802652840721143068e-01,-2.372761643978405832e+00,-2.824107373959793943e+00
-6.790527324085782190e-01,-2.405260527530125092e+00,-2.827505745702599160e+00
-7.770033700618752537e-01,-2.443366819384599875e+00,-2.719802897358629235e+00
-8.700502017464522009e-01,-2.491868212410264682e+00,-2.608496291653574772e+00
-9.570067550542944446e-01,-2.546497249328956602e+00,-2.561048943058825245e+00
-1.044839778966558885e+00,-2.602293231173332000e+00,-2.560346345402217505e+00
-1.134225379145723522e+00,-2.659581873885472181e+00,-2.560034003928195023e+00
-1.221465677323236854e+00,-2.715998459002863186e+00,-2.557031874239558800e+00
-1.311378938621887924e+00,-2.774704899929776758e+00,-2.555275625586115762e+00
-1.379617251860874250e+00,-2.818871293324851202e+00,-2.697511075180302420e+00
-1.379042177358865029e+00,-2.820595634169057675e+00,-2.889509023673594079e+00
-1.378180395188977725e+00,-2.822438699058098077e+00,-3.064892461534455492e+00
-1.377539336227931788e+00,-2.824657341206733285e+00,3.020866792483253516e+00
-1.377344290919142011e+00,-2.826711000884500891e+00,2.839896549493813982e+00
-1.377886114024174491e+00,-2.828856338186579666e+00,2.647326623301546888e+00
-1.378862423525287539e+00,-2.831609034246580059e+00,2.443287197482868045e+00
-1.379834526570307363e+00,-2.834163748016543138e+00,2.228392905289134251e+00
-1.380969396204203781e+00,-2.835935381122212551e+00,2.048927856986834328e+00
-1.382871515743048674e+00,-2.837975599222704925e+00,1.861931867546314345e+00
-1.385042700822183281e+00,-2.839072184651945108e+00,1.677254833828217384e+00
-1.387462225129532989e+00,-2.839986159906559671e+00,1.485415623925683271e+00
-1.390044400505903832e+00,-2.840391668335198627e+00,1.292168502990316270e+00
-1.393730252444581375e+00,-2.840466895681247550e+00,1.115383246197368283e+00
-1.397219025151143601e+00,-2.840328384218662627e+00,9.452079292900268381e-01
-1.400670106836705120e+00,-2.839263244191879476e+00,8.164328447245845499e-01
-1.402646118786226470e+00,-2.838177593648566699e+00,6.390822491172838404e-01
-1.404597979314109679e+00,-2.836912427803997883e+00,4.626459961997473891e-01
-1.406852376860853404e+00,-2.835148149757197533e+00,3.043493084838463925e-01
-1.408767104156879002e+00,-2.833608465136694843e+00,1.200616636931780556e-01
-1.410470771327093420e+00,-2.831921701974150718e+00,-5.921543432285476111e-02
-1.411431567085336125e+00,-2.830400855583271813e+00,-2.355754415263129065e-01
-1.412184489103512464e+00,-2.828560241981843859e+00,-3.985853375644372032e-01
-1.413218766468239629e+00,-2.824985569405162877e+00,-5.057545269001209043e-01
-1.413340785541613576e+00,-2.823442761650984512e+00,-6.858277803839272213e-01
-1.413506472723758067e+00,-2.821959909057385918e+00,-8.653666544054879894e-01
-1.413452308397328272e+00,-2.820491055624089416e+00,-1.044584029929738200e+00
-1.413091392765613907e+00,-2.819149484883062939e+00,-1.227706591976633232e+00
-1.412759417020853725e+00,-2.819255680527530394e+00,-1.396964519438830266e+00
-1.412484064855981991e+00,-2.818952627302864222e+00,-1.586907343271960702e+00
-1.411404693914708908e+00,-2.818270073202381543e+00,-1.765849508164196502e+00
-1.410312943912783279e+00,-2.817343932435561360e+00,-1.947566958664580294e+00
-1.408504189549271812e+00,-2.817121845549970693e+00,-2.123792846753463248e+00
-1.406775738266085263e+00,-2.817076418552512784e+00,-2.303408751471277771e+00
-1.406034497524012661e+00,-2.816969053416218838e+00,-2.390466643532358937e+00
-1.408810850360308509e+00,-2.816440274171410518e+00,-2.207239959519601058e+00
-1.412086627184925058e+00,-2.816461021625848105e+00,-2.018962188031769411e+00
-1.414568718118992097e+00,-2.816307398889024594e+00,-1.837012414502120716e+00
-1.417247017564074785e+00,-2.817281283356637189e+00,-1.665633757158801354e+00
-1.419371046990105523e+00,-2.818461702690973070e+00,-1.477133863198675234e+00
-1.421447811038036635e+00,-2.819202124687650191e+00,-1.303941498705588398e+00
-1.423040813905052770e+00,-2.820830331445710382e+00,-1.127957738793931686e+00
-1.424312832317450095e+00,-2.822256219783207509e+00,-9.548984459099881805e-01
-1.424979727166353127e+00,-2.823628339877004123e+00,-7.743280838668329391e-01
-1.425498472507957359e+00,-2.825297632512117296e+00,-5.974479542762635154e-01
-1.425897552002080015e+00,-2.827174425261800739e+00,-3.992658696466509505e-01
-1.426515128454868053e+00,-2.830547645213425501e+00,-2.509585236960276688e-01
-1.427526060299052713e+00,-2.832957943392258482e+00,-7.754664846334115291e-02
-1.427961709766779386e+00,-2.836105852197293498e+00,1.019592974262571033e-01
-1.427895591918824092e+00,-2.839311729162417919e+00,2.740492055662099857e-01
-1.425941419195335236e+00,-2.841257164825196302e+00,4.440900724785675768e-01
-1.339154398722344208e+00,-2.799598472730500109e+00,5.057398720906441936e-01
-1.249607720041346459e+00,-2.747508611647872634e+00,5.535728931360720528e-01
-1.162847381335593733e+00,-2.693301454355181868e+00,5.987603834698036476e-01
-1.077336725207980184e+00,-2.637530170404447816e+00,5.974181296673036767e-01
-9.914353165731166762e-01,-2.580747956782148300e+00,5.800844416273160942e-01
-9.270018960707440137e-01,-2.545784583485838137e+00,4.120491057197752105e-01
-8.736372505558136492e-01,-2.528221963517296000e+00,2.472798466598261635e-01
-8.169210985719809193e-01,-2.519973365445606017e+00,7.771894925597515325e-02
-7.585780060287965476e-01,-2.520700712533923582e+00,-1.013841698973983879e-01
-6.996515703882937309e-01,-2.532221285293319024e+00,-2.840572916853462138e-01
-6.400918471187087011e-01,-2.556649822433756380e+00,-4.800363602820248987e-01
-5.860626935607170518e-01,-2.591871334931018289e+00,-6.637549693233785186e-01
-5.323250223893237765e-01,-2.642094977875001582e+00,-8.408626728766784852e-01
-4.728629049448447863e-01,-2.720148919952339206e+00,-9.963859246528878888e-01
-4.190765818332470305e-01,-2.800633053239145021e+00,-9.539014096521928332e-01
-3.572916649039825088e-01,-2.883007158301434725e+00,-9.144030415887866026e-01
-2.955244127541556409e-01,-2.964662214847938682e+00,-9.253688458229304414e-01
-2.489354560519748683e-01,-3.033167011851456873e+00,-1.062326910334480790e+00
-2.352490293072153349e-01,-3.067830621931990631e+00,-1.260022810699707119e+00
-2.267609987253299264e-01,-3.101551720329381201e+00,-1.457046020246685725e+00
-2.251071664634959335e-01,-3.137383614664924103e+00,-1.653751623203608467e+00
-2.296170818136796243e-01,-3.171023158798280228e+00,-1.830045847802377335e+00
-2.415993688770950443e-01,-3.207144771548946061e+00,-2.005512613267184996e+00
-2.640756034945160868e-01,-3.246873954257051942e+00,-2.194010992629581214e+00
-3.003755184509586673e-01,-3.288811409106984662e+00,-2.384970832172882194e+00
-3.217043413147065989e-01,-3.309012095529554109e+00,-2.413797275566324618e+00
-3.279867891428875915e-01,-3.315578678396442491e+00,-2.230646905143200076e+00
-3.556394949615704348e-01,-3.354568483806250168e+00,-2.168537697868849090e+00
-4.099020163792832516e-01,-3.440849448967346458e+00,-2.126612926888132193e+00
-4.643254682401370959e-01,-3.528272502384064868e+00,-2.127881650087732446e+00
-5.192681656703646009e-01,-3.615004325718286449e+00,-2.124082715171695224e+00
-5.746184588511659141e-01,-3.701730226917845812e+00,-2.127043251022473491e+00
-5.950105877446137947e-01,-3.732124251676648630e+00,-1.956158427770162689e+00
-5.978198068529757547e-01,-3.734127368430413263e+00,-1.772373897819998545e+00
-6.000653785235057214e-01,-3.736107616471838533e+00,-1.589986144153532344e+00
-6.017553957245090901e-01,-3.737881791777899920e+00,-1.401263147986599344e+00
-6.028317205718117799e-01,-3.740519626399389619e+00,-1.220341376723748095e+00
-6.037922161836061230e-01,-3.743247517915515576e+00,-1.054958656075372758e+00
-6.040453836736896509e-01,-3.747238204495788594e+00,-8.877839495519010971e-01
-6.027849544406943538e-01,-3.752111998190684972e+00,-7.116099857412129248e-01
-5.913638309345314870e-01,-3.764999213789601118e+00,-5.855765874908982482e-01
-5.167158643666646123e-01,-3.829532095117067048e+00,-7.207636223803792763e-01
-4.807068799534077175e-01,-3.862721355065543261e+00,-9.242877365474325702e-01
-4.801859323626358478e-01,-3.861226050462430504e+00,-1.132056980478767239e+00
-4.794915476630031148e-01,-3.859965457272792388e+00,-1.330741005424883161e+00
-4.764131053658485215e-01,-3.858714319425921691e+00,-1.475578488014265943e+00
-4.732824728817425219e-01,-3.860190208294123515e+00,-1.623391219840365496e+00
-4.720314082416597889e-01,-3.860176983942964046e+00,-1.800379974515470272e+00
-4.701151652681850313e-01,-3.860623023616545524e+00,-1.985508656303844433e+00
-4.674820316885599514e-01,-3.861374971761613928e+00,-2.192609596149532436e+00
-4.654616044170665212e-01,-3.862569258818499218e+00,-2.373712193319422958e+00
-4.634156592350879844e-01,-3.864626358225561997e+00,-2.639200221691495596e+00
-4.607620579253699500e-01,-3.867147857174949355e+00,-2.874273310441741724e+00
-4.593046641842086220e-01,-3.869051811622890469e+00,-3.058145823920455530e+00
-4.579041342185959373e-01,-3.871606293753023564e+00,2.973313817081325361e+00
-4.573314237049479480e-01,-3.873228908448762553e+00,2.792598962090854009e+00
-4.566476191332922152e-01,-3.876300714130561875e+00,2.551224956688220580e+00
-4.568186626206952594e-01,-3.878689158857620889e+00,2.344850670217443422e+00
-4.576805812949073515e-01,-3.882019373900507109e+00,2.101225618047545485e+00
-4.592032340431483339e-01,-3.884107095009369903e+00,1.862268534018648003e+00
-4.610470420250366574e-01,-3.886033435317990392e+00,1.661252948587823575e+00
-4.636984524078834879e-01,-3.887642974061912060e+00,1.425118158469278695e+00
-4.662182900190778856e-01,-3.888359187863562827e+00,1.191569459673475162e+00
-4.688691193053205475e-01,-3.888342236636531890e+00,9.889266414393852456e-01
-4.724752598416299132e-01,-3.887287687766470601e+00,7.501928501579077091e-01
-4.748996205611591415e-01,-3.885713375590266416e+00,5.122273081482053847e-01
-4.773980063601420687e-01,-3.884438932344265627e+00,3.125399698113530689e-01
-4.793982616918541217e-01,-3.882470661869879436e+00,8.078277837224444313e-02
-4.814970994359215051e-01,-3.880016713821482277e+00,-1.815950072962447537e-01
-4.827469380551463463e-01,-3.877739703606462029e+00,-3.826371244674171002e-01
-4.833293211096120756e-01,-3.875869226126042122e+00,-5.646970145105254524e-01
-4.833922132278717365e-01,-3.873069262131791035e+00,-8.196808739979772884e-01
-4.828766758026408201e-01,-3.869648615176491724e+00,-1.108068370395007385e+00
-4.817310002588978679e-01,-3.867550470017568021e+00,-1.371508182202380466e+00
-4.794148368800901228e-01,-3.865757453374520480e+00,-1.629157312496281262e+00
-4.774145746681258129e-01,-3.864693525485076275e+00,-1.828684788611832479e+00
-4.753359537485322694e-01,-3.864309459281755288e+00,-2.009969915613101232e+00
-4.720125785107562311e-01,-3.864994190254622985e+00,-2.273667413559862016e+00
-4.689291774694847037e-01,-3.866833107634980671e+00,-2.565838612438301691e+00
-4.662093060387214050e-01,-3.868917610388832973e+00,-2.826414596895798770e+00
-4.646952860332992929e-01,-3.870575704372726022e+00,-3.004148091017724287e+00
-4.626256082475337927e-01,-3.873330490437965068e+00,2.987227752842431361e+00
-4.616215717694978071e-01,-3.875390906796000845e+00,2.810105580451450091e+00
-4.606612108921973037e-01,-3.877763518828611922e+00,2.632402581614460058e+00
-4.603801477563897460e-01,-3.880829789850045675e+00,2.381747123296031887e+00
-4.605544172756739774e-01,-3.883516052799623974e+00,2.173013172405958038e+00
-4.618755225020958477e-01,-3.887409131897729964e+00,1.992458964049729664e+00
-4.641423556077156620e-01,-3.889254318054265358e+00,1.830403025277433926e+00
-4.664494145472288800e-01,-3.891561055321103968e+00,1.645530816618271386e+00
-4.684397306273367367e-01,-3.892733318573018853e+00,1.464712600445410740e+00
-4.713520949477207900e-01,-3.893782681661030587e+00,1.285258992379730625e+00
-4.725541059432150082e-01,-3.893315756491059876e+00,1.106484153399815984e+00
-4.316658472178498407e-01,-3.824526197094013202e+00,1.007282139227074991e+00
-3.765438179508976413e-01,-3.738122134549123565e+00,1.009147600911201481e+00
-3.225782177208911250e-01,-3.651107104610531007e+00,1.012027990842408354e+00
-2.663164820836109725e-01,-3.561848862499723545e+00,1.012063085339030888e+00
-2.144460054100301161e-01,-3.478338703882122296e+00,1.001029410483178284e+00
-1.526245808991957276e-01,-3.388883657742677524e+00,9.493072879585395807e-01
-8.916067193242951938e-02,-3.305290395960100103e+00,9.027298853662872880e-01
-2.172130584599255704e-02,-3.224285087861799681e+00,8.682205164511769269e-01
4.452375532544885356e-02,-3.144504269198510560e+00,8.994351714332218251e-01
1.067225007677615189e-01,-3.063178199593576956e+00,9.487339812498067904e-01
1.712327782191757908e-01,-2.975531471955078278e+00,9.313950227294881534e-01
2.359282423867064549e-01,-2.895028342625387996e+00,8.836034488559715294e-01
3.081380449931828136e-01,-2.812653359384123419e+00,8.353547571661465998e-01
3.757472136726628387e-01,-2.742895544618562553e+00,7.928741407034912703e-01
4.532145404433519098e-01,-2.670063466284428255e+00,7.371394348322225509e-01
5.323075352544636152e-01,-2.603199593311060323e+00,6.912981286094211919e-01
6.167321730044177386e-01,-2.538339398707783356e+00,6.421368744259337014e-01
6.992323975967008609e-01,-2.482541495221890937e+00,5.332133474373326187e-01
7.375802182324471268e-01,-2.451737584810846027e+00,3.756194018849338123e-01
7.372155880621381607e-01,-2.449581994588174272e+00,1.946995358453951219e-01
7.371062479572458859e-01,-2.447547047504816220e+00,1.124215247225515864e-02
7.373176378036165879e-01,-2.445528810465779301e+00,-1.727992768230351417e-01
7.377977130160863206e-01,-2.443680808289603767e+00,-3.558431535093812825e-01
7.416168027309163469e-01,-2.442566024585919315e+00,-5.255136145114925883e-01
7.493351344831483685e-01,-2.445652223323296237e+00,-6.892721761768331179e-01
7.573136900769122937e-01,-2.449800241038191384e+00,-8.593775115974935375e-01
7.593518327854420491e-01,-2.450211283064149370e+00,-7.504014187667953362e-01
7.611298194860885991e-01,-2.451583048275514543e+00,-5.745826443960798668e-01
7.629039166970925656e-01,-2.453472267892049086e+00,-3.778862717448551178e-01
7.652030672975522751e-01,-2.455217698021571859e+00,-1.814890681068101197e-01
7.673520170539437357e-01,-2.456766984902528428e+00,2.305623792534258060e-02
7.699150278216559951e-01,-2.457806654348033693e+00,2.054024159311974018e-01
7.722949761859136952e-01,-2.458986025815645515e+00,3.809200510630405545e-01
7.759017550227828020e-01,-2.460496939448646891e+00,5.774035116966590442e-01
7.793418480873921528e-01,-2.461441340330681182e+00,7.530318515977683091e-01
7.829714233634202936e-01,-2.461966716703313018e+00,9.269360294087604091e-01
7.864898015623558170e-01,-2.462492301324283428e+00,1.104380587235487043e+00
7.902713324887111757e-01,-2.462527905563336006e+00,1.303202496568164559e+00
7.939098758789804311e-01,-2.461722482294967485e+00,1.501105021539010931e+00
7.965564001964405838e-01,-2.460163673438704457e+00,1.701138899305542962e+00
7.985172048237799691e-01,-2.458125297253505259e+00,1.902831388527287615e+00
8.003104643755823977e-01,-2.456016281906837406e+00,2.103400849913675152e+00
8.015504102623546290e-01,-2.453801714108680976e+00,2.303569850661435048e+00
8.030145523620303427e-01,-2.452210605157113754e+00,2.467046293580813288e+00
8.030941447320495419e-01,-2.449936545302723534e+00,2.655544169552612743e+00
8.035159837085601442e-01,-2.447874209097869791e+00,2.856742275312517343e+00
8.037035893507875617e-01,-2.446583444623388282e+00,3.039697259476758617e+00
8.031190131804664123e-01,-2.444698590795366222e+00,-3.047223165293040825e+00
8.022528045351652315e-01,-2.443475447668913780e+00,-2.860617923486499681e+00
8.006781158586154801e-01,-2.441239923509729959e+00,-2.713812614317304917e+00
7.989469655565523132e-01,-2.439295579296244298e+00,-2.544049849868781799e+00
7.971868014924003987e-01,-2.437592815263369683e+00,-2.378767654656939623e+00
7.941784803883661370e-01,-2.435515459657885184e+00,-2.256666938289082491e+00
7.919918630637632351e-01,-2.433708533775361005e+00,-2.079357445372213231e+00
7.908421254066531070e-01,-2.433143272587128703e+00,-1.895465087670325843e+00
7.885649872371526259e-01,-2.433738241943127711e+00,-1.667993944630773218e+00
7.858369153815034647e-01,-2.435626734099150870e+00,-1.421669057446267592e+00
7.846096619701539154e-01,-2.437797730342384561e+00,-1.224279187432256943e+00
7.832205728188497140e-01,-2.440013779810569883e+00,-1.013930245004982522e+00
7.827101642412529481e-01,-2.442769612761486631e+00,-7.769253821415719186e-01
7.830911689701134382e-01,-2.446153615434448092e+00,-5.247191296631862345e-01
7.845509871773553856e-01,-2.449628791450328080e+00,-3.364660133363197581e-01
8.877876136613837010e-01,-2.485286558948672120e+00,-3.338648054952107480e-01
9.883575747296874381e-01,-2.520619240731441391e+00,-3.345399160079489120e-01
1.080488334781888549e+00,-2.553317132004705226e+00,-3.305431798797490162e-01
1.177895600759183647e+00,-2.583641213449131335e+00,-2.867999660560701658e-01
1.244207814876056029e+00,-2.607936052321567999e+00,-4.375360202414005917e-01
1.255706665165210456e+00,-2.614602552455754569e+00,-6.422072540078745950e-01
1.331284879469345261e+00,-2.684121042786442590e+00,-7.559993948946747144e-01
1.405147905845790302e+00,-2.754599832341606547e+00,-7.584558120024685879e-01
1.482657375688013923e+00,-2.827828341892393293e+00,-7.576981542775184097e-01
1.496458381751514910e+00,-2.839021263553143104e+00,-9.360484157712801734e-01
1.497019550451647696e+00,-2.837338638956532932e+00,-1.083661963290162733e+00
1.498390726066917145e+00,-2.837108575603990879e+00,-1.262100670486606457e+00
1.499730641845577583e+00,-2.835811985954868053e+00,-1.442045983421263777e+00
1.501880160215890214e+00,-2.834755158757141569e+00,-1.651893256578501390e+00
1.503759334040814410e+00,-2.834351548369175688e+00,-1.844851442330469382e+00
1.506158636578591059e+00,-2.834664301025162203e+00,-2.055306416401358138e+00
1.508348598023693032e+00,-2.835128349418265969e+00,-2.245381357904144171e+00
1.510787339537677187e+00,-2.835801316551965545e+00,-2.444601708090135883e+00
1.513107594778002607e+00,-2.837042182208507235e+00,-2.637996046157041530e+00
1.514868113384881809e+00,-2.838182728376404729e+00,-2.844359646822966159e+00
1.516391253340302780e+00,-2.839919135156416363e+00,-3.047205729194299995e+00
1.517897271045052232e+00,-2.841499162965755332e+00,3.044870727354827000e+00
1.519127713931145429e+00,-2.843988918222859485e+00,2.836119324341913828e+00
1.519830546222959988e+00,-2.846052143646759180e+00,2.627492824825482298e+00
1.520194921886256934e+00,-2.848076962310383209e+00,2.435653680594223491e+00
1.519875839867183442e+00,-2.850278736110527511e+00,2.232452217902351599e+00
1.519024123468390330e+00,-2.852343817227458000e+00,2.045389301832868600e+00
1.518111523207994251e+00,-2.854418056090240352e+00,1.837086059962087736e+00
1.516488642526597319e+00,-2.856128368402219397e+00,1.638941210088634026e+00
1.514821224989642667e+00,-2.857913344160297520e+00,1.420648660816156150e+00
1.512612876695508479e+00,-2.858249655359409669e+00,1.233484621751840704e+00
1.510149986216776652e+00,-2.858237040840772014e+00,1.022104074600646895e+00
1.507949978510144895e+00,-2.857283662825673698e+00,8.152657343959094360e-01
1.506170726358593059e+00,-2.856081249175043801e+00,6.134406980280534549e-01
1.504429163061788310e+00,-2.854964818788710890e+00,4.313043549935947074e-01
1.503062995776362376e+00,-2.853715133394819858e+00,2.525371237668950219e-01
1.501783319047796939e+00,-2.852125334070901630e+00,5.432715657272569471e-02
1.501209597684557862e+00,-2.850128314790348227e+00,-1.582613661874903155e-01
1.499979010757786835e+00,-2.847940035839279016e+00,-3.742492660847861474e-01
1.499521447347108349e+00,-2.845888605985530173e+00,-5.548746830052841972e-01
1.499193557168297053e+00,-2.843855648171563555e+00,-7.330605439345385665e-01
1.499363379631085458e+00,-2.841990579430041741e+00,-9.164661428609034433e-01
1.500268950823121505e+00,-2.840089569380174872e+00,-1.095454542950167198e+00
1.501366895761512943e+00,-2.838528228591434832e+00,-1.279904869342401996e+00
1.503193421105912586e+00,-2.836787947388319076e+00,-1.493162969585216215e+00
1.505064985331006744e+00,-2.835673400362352936e+00,-1.684190233891747601e+00
1.507745779876588532e+00,-2.834871283753571891e+00,-1.919600551165079327e+00
1.510758405634399004e+00,-2.835016325612566668e+00,-2.135579430718674843e+00
1.513143145433452963e+00,-2.835586838306948465e+00,-2.321790086579742951e+00
1.515768264996493864e+00,-2.836116358467371867e+00,-2.537343834553790423e+00
1.517989588435362913e+00,-2.837337626930119594e+00,-2.721099328877229606e+00
1.519429177442937817e+00,-2.838656236444122793e+00,-2.896748979698185789e+00
1.521281518693171853e+00,-2.840695604428073118e+00,-3.102978150587826889e+00
1.522265442063603036e+00,-2.842438508996874891e+00,3.000574560823269898e+00
1.523237157859333557e+00,-2.844415184747270509e+00,2.790066781241066884e+00
1.523958478759712909e+00,-2.846754025410466848e+00,2.589276237794179369e+00
1.524268320285737222e+00,-2.848653362272617340e+00,2.413685262778427987e+00
1.505545625644648000e+00,-2.830395168540162487e+00,2.265312172490496323e+00
1.434263113147765445e+00,-2.745515421558479829e+00,2.269558813084017856e+00
1.368213989251298557e+00,-2.667425637654486703e+00,2.271996091593684763e+00
1.301457602088554211e+00,-2.587923099108389913e+00,2.270488378354662995e+00
1.233537579580454624e+00,-2.507112937290141286e+00,2.272490289827269194e+00
1.171329272115389619e+00,-2.435013352049122393e+00,2.200586023352405718e+00
1.170638365044682994e+00,-2.435524557325519091e+00,1.992660330155633153e+00
1.169266744812222703e+00,-2.437044182071107290e+00,1.770383157003007524e+00
1.167764508184881311e+00,-2.438182655154051748e+00,1.556219725923464026e+00
1.165697423812396050e+00,-2.439169249070438639e+00,1.366169940111786163e+00
1.163149477478072402e+00,-2.439625334699816683e+00,1.153994092052999854e+00
1.161155047252713013e+00,-2.439215029737349827e+00,9.630112305048867949e-01
1.158876221571885523e+00,-2.438325181367678507e+00,7.493341915711418944e-01
1.157189070949260712e+00,-2.437276853623372208e+00,5.580333297612425358e-01
1.155409583377028149e+00,-2.435887826250852761e+00,3.680162770376391168e-01
1.153789509680183789e+00,-2.433968533464017092e+00,1.578617879259994472e-01
1.152881730609398359e+00,-2.432388364719201057e+00,-3.222459963385587017e-02
1.151859955532214874e+00,-2.430416081335128986e+00,-2.428626069458774961e-01
1.151227207962307819e+00,-2.427894270312005442e+00,-4.356474454704880039e-01
1.150825740874840131e+00,-2.425147784259921391e+00,-6.475998159161433509e-01
1.150743441695426972e+00,-2.422936842615142972e+00,-8.365337594459401060e-01
1.151424032269665387e+00,-2.420567625837661829e+00,-1.047382406613339922e+00
1.152549635952791363e+00,-2.418241171906727605e+00,-1.239403753091708804e+00
1.154213378175934723e+00,-2.416657940418265760e+00,-1.451182458521036001e+00
1.156095975191609782e+00,-2.415025117330527937e+00,-1.662707820779950829e+00
1.158041635690041149e+00,-2.414243793223407319e+00,-1.853783973126037043e+00
1.160252462985946975e+00,-2.414008592195055591e+00,-2.045921258938794285e+00
1.162702624830760811e+00,-2.414457040023700429e+00,-2.254958345072846981e+00
1.165090752493241011e+00,-2.415023872612772848e+00,-2.449378058280608617e+00
1.097050542550626062e+00,-2.463472391171498188e+00,-2.563017606127019565e+00
1.010160794905847981e+00,-2.521685199822008894e+00,-2.562549354073640373e+00
9.249542566340698269e-01,-2.577632135368250754e+00,-2.560340165556252767e+00
8.408514504015324187e-01,-2.632197910913525618e+00,-2.565309108973373942e+00
7.566901925664003548e-01,-2.685418384162929328e+00,-2.576119822598865294e+00
7.098826416565524600e-01,-2.714113786869357892e+00,-2.433860234617805762e+00
6.862973862458708885e-01,-2.735488049641445318e+00,-2.226617104069324338e+00
6.725921448104493772e-01,-2.754194102884096385e+00,-2.041827898933857188e+00
6.624830603991784805e-01,-2.774931857515984035e+00,-1.840357783431462835e+00
6.560817712204417562e-01,-2.796102589017638529e+00,-1.653967741181399331e+00
6.526842998910787896e-01,-2.810341879813338828e+00,-1.470474313093131036e+00
6.550876941142367293e-01,-2.826814583084162003e+00,-1.238821603203649868e+00
6.593640967642733219e-01,-2.841418337456368626e+00,-1.016698064394606638e+00
6.670313509933496476e-01,-2.854976548054732000e+00,-7.934297213629158962e-01
6.768487184468584550e-01,-2.864975540431427437e+00,-6.071677539085333919e-01
6.885178907379454483e-01,-2.873412359226815926e+00,-4.294058825314236438e-01
7.024241352834353913e-01,-2.880373323456098422e+00,-2.392673842085594471e-01
7.187631241508991575e-01,-2.885385984464101661e+00,-5.031441080711229752e-02
7.351346803707099475e-01,-2.885599930578868655e+00,1.400406670028308542e-01
7.421209302346766234e-01,-2.884511070224776041e+00,1.208554164258983654e-01
7.410412081090345104e-01,-2.882706009609941056e+00,-1.016925889088646784e-01
7.397065875272710311e-01,-2.880824651451967089e+00,-3.679330365944267767e-01
7.391576758729949681e-01,-2.879072982022202076e+00,-5.795257959431205919e-01
7.389213751117935658e-01,-2.876329313464076609e+00,-8.356424836277092094e-01
7.393338528378097241e-01,-2.874002033527558897e+00,-1.111534742942269505e+00
7.402023632208315496e-01,-2.872719668350949718e+00,-1.289696464329790793e+00
7.416853717606244345e-01,-2.871429071510398501e+00,-1.482017489410463629e+00
7.436852122081741845e-01,-2.870996984759427662e+00,-1.665955473745347026e+00
7.457316401155832386e-01,-2.870818207897303687e+00,-1.870003753447387673e+00
7.482347419881747452e-01,-2.870848016861641483e+00,-2.061929243037849968e+00
7.506334168332897683e-01,-2.871465111181059626e+00,-2.253123048982222709e+00
7.540914284968190939e-01,-2.873053931206235312e+00,-2.559274277612344051e+00
7.571690864219319250e-01,-2.876056215085005530e+00,-2.805066965992494943e+00
7.585391728866015537e-01,-2.877974512494397175e+00,-2.996151006997858524e+00
7.609753926750667530e-01,-2.882032286088207496e+00,2.981123197503458666e+00
7.620632008780839906e-01,-2.885241991387526905e+00,2.716368968389367922e+00
7.624807991367820170e-01,-2.888910993403128291e+00,2.466562669590227408e+00
7.617451395798445768e-01,-2.891473738264893178e+00,2.234267450494754392e+00
7.607743730351278488e-01,-2.895205463771035603e+00,1.964467706437785566e+00
7.591766193622415670e-01,-2.897076175797263620e+00,1.773110942217685615e+00
7.564334022822675196e-01,-2.899634527988087296e+00,1.467125733532810283e+00
7.531981026496455955e-01,-2.901071426956780996e+00,1.201674816287493730e+00
7.505835294348761622e-01,-2.901584796277556944e+00,1.009681528330102607e+00
7.464478961914297050e-01,-2.901319063027201661e+00,7.051511047365248697e-01
7.432349821232107079e-01,-2.899729971569691589e+00,4.374581504630502549e-01
7.413408621671216947e-01,-2.898560058673054218e+00,2.462676099120537920e-01
7.390880397469911101e-01,-2.896057679205535695e+00,-5.922679079214686337e-02
7.376442739062039067e-01,-2.893507427351462269e+00,-3.265941274822771190e-01
7.369325654214642363e-01,-2.891696205752870341e+00,-5.170473984959031988e-01
7.361204251906658946e-01,-2.888355245224948131e+00,-7.748489184243374517e-01
8.077771150687070856e-01,-2.965353219447885547e+00,-8.119109626087771536e-01
8.803874459202929437e-01,-3.043211907293945195e+00,-8.105505461189365102e-01
9.539051008911495488e-01,-3.121528240809314791e+00,-8.072520907692634085e-01
9.630985377343266318e-01,-3.131089136810493834e+00,-9.706248211343493359e-01
9.720379428665629762e-01,-3.147118792368468920e+00,-1.146567114069559468e+00
9.784372380650909751e-01,-3.165355396400367116e+00,-1.327035122435328063e+00
9.937272272806504381e-01,-3.262526951607610748e+00,-1.426225582414117232e+00
1.009509043169659614e+00,-3.368523315273733498e+00,-1.434819052299123321e+00
1.016894558162600326e+00,-3.394610650495563764e+00,-1.619750765750609167e+00
1.018378921904539158e+00,-3.395184106073897201e+00,-1.800613505405092907e+00
1.020924002619085780e+00,-3.395712884225789541e+00,-1.999148675950962462e+00
1.023362958231164299e+00,-3.396751453363315409e+00,-2.207410450414005076e+00
1.025349181050505543e+00,-3.398724811581768535e+00,-2.389888068267744359e+00
1.026926050931642687e+00,-3.402023738449480916e+00,-2.521610566893478289e+00
1.026764888396720865e+00,-3.404413187916202510e+00,-2.672549755147934913e+00
1.027337734123197732e+00,-3.407129032570524796e+00,-2.912258097348917829e+00
1.027352879091064208e+00,-3.409169847029122735e+00,-3.118275096637831201e+00
1.027289553809749734e+00,-3.411353740842815618e+00,2.947133190361945321e+00
1.027039749874574692e+00,-3.413286119694096676e+00,2.749845631376386823e+00
1.026822562852391263e+00,-3.414899507357739061e+00,2.532950166220557797e+00
1.026777126688214414e+00,-3.416254026800594978e+00,2.336500807451550088e+00
1.026184915507627027e+00,-3.417680845182894167e+00,2.122612038153291358e+00
1.024986498866591544e+00,-3.418472998472203539e+00,1.927818181929698671e+00
1.023690698756938966e+00,-3.419126533601520190e+00,1.708559825141472199e+00
1.021938494146167109e+00,-3.419863985346972335e+00,1.515326133751714099e+00
1.019524227837745878e+00,-3.419993994537429582e+00,1.303227451768604217e+00
1.016844867564216770e+00,-3.419486425055667578e+00,1.120224926193668091e+00
1.016128338249066232e+00,-3.419833447402450766e+00,9.885950791127897652e-01
1.015568132851764060e+00,-3.419389404342410010e+00,8.037817761095813474e-01
1.016006275283320992e+00,-3.418383025711451584e+00,6.538771361435148366e-01
1.014923184493667030e+00,-3.416312968248202520e+00,4.511146473086292130e-01
1.015071286894638325e+00,-3.414581285709385128e+00,2.439257366579244135e-01
1.015499880103134300e+00,-3.412708084163913913e+00,5.571641004647544249e-02
1.021420104672827289e+00,-3.413133734629213656e+00,8.196464536473758306e-03
1.024805091354948017e+00,-3.415924195469556945e+00,1.553415535576882223e-01
1.025786591171610196e+00,-3.418191387260357317e+00,2.968234786757039667e-01
1.027287638396639169e+00,-3.420128105928108564e+00,4.957788416494197103e-01
1.029257733096455629e+00,-3.421873934965497632e+00,7.169571250140496232e-01
1.031865595375043076e+00,-3.422536791546538559e+00,9.201051256354536578e-01
1.033807635761419874e+00,-3.423518770701589276e+00,1.149806005247454577e+00
1.036192051032482242e+00,-3.422959955793621223e+00,1.345220225266108738e+00
1.038443466268003768e+00,-3.422364329970358110e+00,1.521377712563688700e+00
1.040073140527016271e+00,-3.421671122637131468e+00,1.696216106684967695e+00
1.041348266300480274e+00,-3.420026117646725705e+00,1.910455443763215300e+00
1.041894104954408151e+00,-3.418654295004369459e+00,2.088758187929827148e+00
1.041890497507761415e+00,-3.416815081321969316e+00,2.351300370273262441e+00
1.040948610815702446e+00,-3.414934976672764577e+00,2.563995348045223555e+00
1.040024455319884966e+00,-3.413365452809425271e+00,2.754945456280345262e+00
1.039187821515122234e+00,-3.411983641509259702e+00,2.929731196442733054e+00
1.038129355701258305e+00,-3.410569592824368890e+00,3.121415785306912660e+00
1.036733776132479079e+00,-3.408808183861077090e+00,-2.952079487561151350e+00
1.033547774421718746e+00,-3.406439679848596302e+00,-2.689841160690034094e+00
1.029709756049319136e+00,-3.403401416633522913e+00,-2.532290464414662434e+00
9.532377257281532401e-01,-3.468660509540284487e+00,-2.419732772839179979e+00
8.747130967382050759e-01,-3.536906290094611105e+00,-2.426702604664551011e+00
7.963100002920987519e-01,-3.604907086749277845e+00,-2.418374338049908090e+00
7.223056440823549806e-01,-3.674985775385589015e+00,-2.296405350644576959e+00
6.792722715459225125e-01,-3.731797314517528275e+00,-2.118904332332447904e+00
6.629096911150257343e-01,-3.756821276825075717e+00,-1.949501769588981581e+00
6.604036338996743805e-01,-3.758390328778086431e+00,-1.795256634466521950e+00
6.576352644278562476e-01,-3.764486444921254282e+00,-1.612216748217509821e+00
6.561830342864257704e-01,-3.773675730445172238e+00,-1.436885409532147051e+00
6.570027625710491703e-01,-3.783109485658147086e+00,-1.257175360129039632e+00
6.891154797373575391e-01,-3.884425423861828985e+00,-1.257126041236044767e+00
7.077815629311350332e-01,-3.934867926486433465e+00,-1.428465961315241284e+00
7.087789041839815951e-01,-3.934205303281814725e+00,-1.605407170995356347e+00
7.099649908403794507e-01,-3.933855994096790099e+00,-1.786514903461034365e+00
6.830875804793798967e-01,-4.029380852695617854e+00,-1.843741590841495803e+00
6.808983274457460766e-01,-4.043038891844237703e+00,-2.013789888634996306e+00
6.804453026596949394e-01,-4.045976682600167074e+00,-2.168946887095621889e+00
6.791374449366692767e-01,-4.050374954001800809e+00,-2.348002840267394475e+00
6.776341595159554032e-01,-4.054221174666819749e+00,-2.520883766930124725e+00
5.934599659506928360e-01,-4.113912889598609901e+00,-2.526683961178179505e+00
5.125963352009748064e-01,-4.173650373779719480e+00,-2.498530206044134783e+00
4.956654447112370798e-01,-4.183927363401386046e+00,-2.337344195886750686e+00
4.285077587575080171e-01,-4.256853282108935765e+00,-2.311765867829809196e+00
3.564400353689006207e-01,-4.334588766800778536e+00,-2.315880140555127920e+00
2.836498354287293466e-01,-4.413847357210609168e+00,-2.292043896646617895e+00
2.153038419507144474e-01,-4.501667048785008340e+00,-2.152143146858924272e+00
1.802746572747754850e-01,-4.559987466081794949e+00,-2.008326324570182564e+00
1.646771485271288638e-01,-4.597057993177808832e+00,-1.836488136220277845e+00
1.552410220503676885e-01,-4.622327384788948557e+00,-1.658781158957505220e+00
1.503227057850635984e-01,-4.684267111656034821e+00,-1.504387645128882678e+00
1.642805324495351660e-01,-4.787185276558549418e+00,-1.334794676500195898e+00
1.908252249231815190e-01,-4.870498443296274793e+00,-1.181445749789598709e+00
2.325993288313144003e-01,-4.947616614851927608e+00,-1.004458567938047553e+00
2.873282169296004218e-01,-5.016641656383420411e+00,-8.282057543807958000e-01
3.287490881071106208e-01,-5.055309380708735922e+00,-7.174789838897510652e-01
3.540579779355866874e-01,-5.077467292092129547e+00,-7.086957132796928294e-01
3.522198712168764789e-01,-5.076872461747072407e+00,-8.999247801878501596e-01
4.038630144311420866e-01,-5.163878716477335651e+00,-1.014845867742597996e+00
4.399975465745457059e-01,-5.229570039185383656e+00,-8.507467263775377875e-01
4.400429703276375615e-01,-5.231583251042025928e+00,-6.745925947808032452e-01
4.400656413513518439e-01,-5.233922770116090639e+00,-4.431696810046992230e-01
4.412415973400300451e-01,-5.236520686769742916e+00,-1.975282571949328048e-01
4.437337805165037508e-01,-5.239459944465179930e+00,7.851106113636191486e-02
4.467788254202889608e-01,-5.241458573200136861e+00,2.541779802696862989e-01
4.475017924078901199e-01,-5.243133507680798111e+00,4.990673205112248767e-01
4.502131477279122107e-01,-5.244150286753796131e+00,7.013890522486452284e-01
4.530975834227055077e-01,-5.244660037337451897e+00,8.856900505144094105e-01
4.554405382909351152e-01,-5.244919880955237979e+00,1.067585743395086384e+00
4.575674463429003636e-01,-5.245195202260843459e+00,1.257327992448434184e+00
4.603902313663299495e-01,-5.243943195771450405e+00,1.442953957866209835e+00
4.631989961971573200e-01,-5.242661204684777587e+00,1.678316377884933486e+00
4.649402549130579598e-01,-5.241400883699330215e+00,1.853553479353885924e+00
4.663066471073183950e-01,-5.239518702686223328e+00,2.065809450313919271e+00
4.671166627802065818e-01,-5.237183562619280863e+00,2.254903701210301037e+00
4.669908122356328795e-01,-5.234400360138513619e+00,2.539216983724961629e+00
4.670560841906985505e-01,-5.232251456312470239e+00,2.718720133212181533e+00
4.665245262922742553e-01,-5.229443071975037327e+00,2.914783261730614417e+00
4.649852443983479300e-01,-5.226970032081707629e+00,-3.105313271684751797e+00
4.632643025185593788e-01,-5.224718716657532624e+00,-2.822704719040048271e+00
4.613434174777922281e-01,-5.223458796814416161e+00,-2.625389953962203649e+00
4.588565553641784089e-01,-5.221744808233977686e+00,-2.356036750135264590e+00
4.566796095348747420e-01,-5.221079568317265718e+00,-2.176400742621380058e+00
4.551737632618988449e-01,-5.220698375185859774e+00,-1.993088049745989299e+00
4.528257500254402879e-01,-5.221640982171585676e+00,-1.753196813776394691e+00
4.514042461589072297e-01,-5.222375355040266065e+00,-1.566073618352434194e+00
4.499249449679037505e-01,-5.224579322846483187e+00,-1.331307409134859121e+00
4.485832259453290116e-01,-5.226861026129918208e+00,-1.102963575381618266e+00
4.472854552337147682e-01,-5.230129565952159609e+00,-8.626149478282574279e-01
4.471286477219773570e-01,-5.232338789809853452e+00,-6.538987339771840102e-01
4.471900238304881148e-01,-5.235119034560996809e+00,-4.688142485302518314e-01
4.480559446176888283e-01,-5.238529646175234866e+00,-2.186405941295143374e-01
4.492915421443517965e-01,-5.241037421331273372e+00,-2.876709567045888233e-02
4.508580257613066244e-01,-5.243836469803693667e+00,2.127056269961730139e-01
4.528731980266770263e-01,-5.246566711988752019e+00,4.724999901876076325e-01
4.551509034729442349e-01,-5.248565671100297259e+00,6.553413926722637672e-01
4.572668250002198120e-01,-5.249903478910405319e+00,8.480702495458219969e-01
4.602679359517080071e-01,-5.250449772729722575e+00,1.096273565244338055e+00
4.631692339629717714e-01,-5.250402420349696619e+00,1.296700713840043040e+00
4.648469024490162194e-01,-5.250483058640303291e+00,1.512250073609514356e+00
4.666926276468526535e-01,-5.249551652253183320e+00,1.723751425564123307e+00
4.679269158006736928e-01,-5.248429373538726850e+00,1.916069183625241701e+00
4.688019531962440700e-01,-5.246739208574983770e+00,2.134238645822210678e+00
4.064382081538461811e-01,-5.160560431993715724e+00,2.209079017553477353e+00
3.457850107790862437e-01,-5.077590968260328630e+00,2.209310717977210015e+00
2.854778572416579174e-01,-4.995968877771387540e+00,2.208053357765614511e+00
2.280430853570284133e-01,-4.918161108691128547e+00,2.203668121615047770e+00
1.961477282060013483e-01,-4.874368492251636376e+00,2.187663585810164069e+00
1.958249647386733627e-01,-4.875957029153104472e+00,2.004791835132760269e+00
1.950577169788329790e-01,-4.877800236504554299e+00,1.807963185671753514e+00
1.938915771890335760e-01,-4.879293843054508528e+00,1.630998816799588136e+00
1.922949726103604651e-01,-4.880426056810878599e+00,1.453226744782944557e+00
2.108378727706760603e-01,-4.786831593082296443e+00,1.367948413358950566e+00
2.328432998831339307e-01,-4.688031368705460444e+00,1.346928072748163396e+00
2.607102157001064957e-01,-4.581674523192412529e+00,1.298054695740298969e+00
2.932681300961507143e-01,-4.478613439554191444e+00,1.247606799140462241e+00
3.273533123444783977e-01,-4.382179496888178427e+00,1.199570037875369088e+00
3.715339540591474088e-01,-4.286369123120918445e+00,1.103454502500591961e+00
4.223343673332414228e-01,-4.194733327908333642e+00,1.012787946567466291e+00
4.833490156242541413e-01,-4.104616995509102750e+00,9.076579199263913322e-01
5.529503505664253860e-01,-4.024109410334615333e+00,7.486538443368423446e-01
6.147211059664653421e-01,-3.973729278141859833e+00,5.659085143280466745e-01
6.613015545118267058e-01,-3.943292333113971981e+00,4.060736381841019149e-01
6.844318542878434775e-01,-3.932293081426729842e+00,2.126508719807535253e-01
7.160842644825896608e-01,-3.928408401527704097e+00,-1.632600124447810067e-02
7.392298879321969052e-01,-3.930614301400166877e+00,-2.037160001421920996e-01
7.666455953465957096e-01,-3.939136058023387843e+00,-4.246257769142043892e-01
7.875730932474972468e-01,-3.950831929657671715e+00,-6.048564767142814436e-01
8.084301837528778956e-01,-3.968526847070079633e+00,-8.065879952610091053e-01
8.154843367467812243e-01,-3.978820870714202762e+00,-8.082625443912088148e-01
8.650137067392682511e-01,-4.018837234853628537e+00,-6.216642627701709500e-01
9.553079076891757282e-01,-4.072736513443120820e+00,-5.003760543690120022e-01
1.006519382729029966e+00,-4.097861220470569776e+00,-4.315302366620739072e-01
1.054246486991574638e+00,-4.116260796644794162e+00,-3.435166686141050141e-01
1.111490454849969778e+00,-4.131530819437082336e+00,-2.194811980939684604e-01
1.158601756862350785e+00,-4.138915353287360155e+00,-1.228712489630654353e-01
1.200052578962109262e+00,-4.141617342970713267e+00,-3.899847362870513534e-02
1.279019909167720348e+00,-4.137484559591947608e+00,1.225342663729105386e-01
1.378435602466080656e+00,-4.125754843710984332e+00,1.210605914278966438e-01
1.477881377853369704e+00,-4.114625822554358159e+00,1.199890153716420271e-01
1.581437863151688328e+00,-4.103083045501053405e+00,1.187081111875413347e-01
1.588411673808298730e+00,-4.105704476150252802e+00,3.122689344573394976e-01
1.587539549885649715e+00,-4.106602485032431638e+00,4.973413340529786453e-01
1.587004673324899251e+00,-4.106842298329948626e+00,6.846829875121128728e-01
1.586441452498270621e+00,-4.106494846364604712e+00,8.989056813149263192e-01
1.585377357696762690e+00,-4.105222062019275420e+00,1.107051859408972216e+00
1.584253415149366351e+00,-4.102932774525979376e+00,1.318846478489705598e+00
1.582277098727089326e+00,-4.100669712286491908e+00,1.530982197853868243e+00
1.579680394099282958e+00,-4.097370517052543626e+00,1.744431678087178250e+00
1.575356849877029841e+00,-4.094240649301143620e+00,1.935268849147129711e+00
1.515013980787305981e+00,-3.996910312326812598e+00,2.028833759574965701e+00
1.460664124977451017e+00,-3.903592959361272818e+00,2.030548712958365254e+00
1.432791838888271663e+00,-3.870570065591433462e+00,2.190886544905515265e+00
1.425629092511557783e+00,-3.863844198052864609e+00,2.416702685496157077e+00
1.419662826039219228e+00,-3.857788769769005199e+00,2.602251217126440253e+00
1.413184730645861364e+00,-3.851687227325367502e+00,2.779639530900797961e+00
1.393736525389997150e+00,-3.828850987571288833e+00,2.954121795190874700e+00
1.383719757750261570e+00,-3.817514151083873042e+00,3.131655539389018639e+00
1.374620091868164806e+00,-3.807956707795004725e+00,-2.942705522044343436e+00
1.366258097876354993e+00,-3.798085539354978390e+00,-2.733213856627445981e+00
1.358152001085512817e+00,-3.790177652121375917e+00,-2.542315143460893712e+00
1.349531950185443030e+00,-3.781826072725989807e+00,-2.334997719118234727e+00
1.339654094342232371e+00,-3.771922715871134812e+00,-2.087597721360467506e+00
1.331279720991966009e+00,-3.765790342841727867e+00,-1.897581729240223503e+00
1.323000902989016181e+00,-3.759632676233264803e+00,-1.712960724505049326e+00
1.315343890404216509e+00,-3.754333333464876965e+00,-1.532537941879558163e+00
1.305857347702535254e+00,-3.748538839578847703e+00,-1.285572775693393233e+00
1.298542503339244591e+00,-3.744019597439389280e+00,-1.106531750645702639e+00
1.291523471184343297e+00,-3.739899923656817560e+00,-8.981335971919341965e-01
1.283960858246154801e+00,-3.734953649834371614e+00,-6.353893158808423536e-01
1.278320177775551736e+00,-3.730668922984652802e+00,-4.635416064788368540e-01
1.272968863752582003e+00,-3.726104757647703103e+00,-2.578430262797730688e-01
1.268636855080457204e+00,-3.721969393791088265e+00,-7.644302263540293796e-02
1.243587510236513261e+00,-3.693204152617460156e+00,-4.173958746649251983e-02
1.226245383539165124e+00,-3.669396068496538099e+00,-1.839346118111868655e-01
1.213109095891788503e+00,-3.649464360283277031e+00,-3.573964193672026224e-01
1.196789536258873188e+00,-3.620189301836404638e+00,-5.078042813392619204e-01
1.182538873725414774e+00,-3.591796102496159548e+00,-7.165366067106196946e-01
1.173842449242308072e+00,-3.571137074553350388e+00,-9.201993017498399929e-01
1.207290250590603575e+00,-3.601779614094553494e+00,-9.182360450814821551e-01
1.250823564517029807e+00,-3.649612911780442559e+00,-9.047136535478209618e-01
1.287496697124191458e+00,-3.681159523205621120e+00,-9.006096891218553502e-01
1.335957523702926864e+00,-3.739723543434407382e+00,-9.426560383823939793e-01
1.378607787398125062e+00,-3.796041769376959696e+00,-9.782405088123066195e-01
1.419662826039008729e+00,-3.857788769768787596e+00,-1.020591375492298392e+00
1.470440218093536755e+00,-3.955267482310629301e+00,-1.056446296962812337e+00
1.518207184326928916e+00,-4.054673974510439649e+00,-1.084095105971551343e+00
1.543976587556875835e+00,-4.114767138657014378e+00,-1.242546640336664954e+00
1.545344807943952681e+00,-4.119467870843732449e+00,-1.476296756100968111e+00
1.547895459773283244e+00,-4.122464203749984790e+00,-1.675202024934288936e+00
1.550056522988566998e+00,-4.126463223723250806e+00,-1.850885165294317680e+00
1.552390160621155646e+00,-4.131648554840480436e+00,-2.023062119020080818e+00
1.554355091474431516e+00,-4.136861581618625827e+00,-2.197749488323381684e+00
1.555412577847686162e+00,-4.142080040434977128e+00,-2.381512804531721539e+00
1.557571412556940649e+00,-4.146705084931564755e+00,-2.586905985692744547e+00
1.560229450238816984e+00,-4.152908300757445659e+00,-2.841231079068885279e+00
1.561716968744281120e+00,-4.157595468886572831e+00,-3.029029966239802363e+00
1.564321574682776328e+00,-4.163861836229388658e+00,2.976248231837202773e+00
1.565859521897329909e+00,-4.169306821243536909e+00,2.740018928756623673e+00
1.567630845696449615e+00,-4.175299957404361884e+00,2.497753042192539130e+00
1.568451184377899876e+00,-4.179708257915086378e+00,2.288476595544115089e+00
1.568240342635135454e+00,-4.184579977742645340e+00,2.101136606991133249e+00
1.566702901799012171e+00,-4.190342241494674269e+00,1.837726769009524030e+00
1.564779943515121730e+00,-4.194958390792909775e+00,1.626078009012738468e+00
1.562735659662902732e+00,-4.198984660074593478e+00,1.435874748213135099e+00
1.560799540158761989e+00,-4.201654671216848769e+00,1.252272184634139807e+00
1.557214563659628181e+00,-4.204247575133917003e+00,9.518202679419358603e-01
1.553950256866546198e+00,-4.205846812802311874e+00,7.068217813270760708e-01
1.551981223472315818e+00,-4.207209979923474563e+00,5.186687316531068959e-01
1.549007225627465401e+00,-4.208998857162721485e+00,2.374313812110793454e-01
1.547544874459929609e+00,-4.210761359295460693e+00,5.462426392322197732e-02
1.545198463524493304e+00,-4.212529659694879136e+00,-1.769618845035252908e-01
1.544029542376005315e+00,-4.214358640021334423e+00,-3.492935727407835977e-01
1.542920701354052460e+00,-4.216057499595686764e+00,-5.469022185009939641e-01
1.542039948536820360e+00,-4.216789020567802915e+00,-7.344330380782310153e-01
1.542025025758849699e+00,-4.218801839315764468e+00,-9.503792362570818719e-01
1.542684762302966694e+00,-4.220110788403789392e+00,-1.142535915743005948e+00
1.544390498799232514e+00,-4.221660885813755648e+00,-1.399652231047679773e+00
1.546932281720478697e+00,-4.224154556362227808e+00,-1.632041309415406705e+00
1.549742381884727793e+00,-4.227380823185892034e+00,-1.857927004232769130e+00
1.552449241085037457e+00,-4.235445871827157482e+00,-1.928106881132107819e+00
1.551536153546146490e+00,-4.244348879614605607e+00,-1.734394169576859657e+00
1.549113928401990359e+00,-4.249899794557957300e+00,-1.548978474913851544e+00
1.547019285304020775e+00,-4.256663633447703710e+00,-1.369143830519732319e+00
1.545096639025125951e+00,-4.270578542492232010e+00,-1.251473856090168812e+00
1.547184950862466879e+00,-4.302130829501629172e+00,-1.388548181482250010e+00
1.562009284529890518e+00,-4.413362617357502238e+00,-1.387219477840559989e+00
1.573470679633304892e+00,-4.524964947469653609e+00,-1.399271752826236614e+00
1.571829847967999072e+00,-4.566110658780548448e+00,-1.238145457533229132e+00
1.598646635487631640e+00,-4.674577388374039799e+00,-1.215089483463764441e+00
1.629226707412098074e+00,-4.776316506583205168e+00,-1.219265872069533518e+00
1.621672658635225917e+00,-4.806247710296857711e+00,-1.094484171976749964e+00
1.618662339698258679e+00,-4.811762005564307110e+00,-9.146045151541359886e-01
1.615474992073931526e+00,-4.816941416875048176e+00,-7.124946361787700688e-01
1.614650584839885550e+00,-4.821393410745598018e+00,-4.931170925189294341e-01
1.614241371355786381e+00,-4.825367948547646613e+00,-3.137876178037077302e-01
1.607889204846213671e+00,-4.837368117031163095e+00,-3.113310548268172218e-01
1.604299032278137194e+00,-4.841189785689720360e+00,-4.918911778640301935e-01
1.672755632777415569e+00,-4.901987703560602760e+00,-5.112048711676658863e-01
1.762828943732692721e+00,-4.958578202709166050e+00,-5.130048559331982228e-01
1.783277681767811540e+00,-4.976641712358935266e+00,-5.138419719822201470e-01
1.743527031585351939e+00,-4.966040150443626899e+00,-3.422690346453656218e-01
1.829816705385178599e+00,-4.998866510533642504e+00,-2.175142041870054554e-01
1.917534993830414480e+00,-5.028393920379968129e+00,-2.300092587910874953e-01
2.017524549387566424e+00,-5.056107258097921608e+00,-2.306367389382051880e-01
2.109185065036193851e+00,-5.087952331118629878e+00,-2.370308918435004297e-01
2.198346534319994383e+00,-5.118153340961113074e+00,-2.282529022267560936e-01
2.270799990765703047e+00,-5.147081346410855573e+00,-6.461259999745352922e-02
2.267023802251820097e+00,-5.150855999150394382e+00,1.299372367472153844e-01
2.265303707534113364e+00,-5.153930070532767083e+00,3.417334181706954133e-01
2.263948364581403805e+00,-5.156588125288762647e+00,5.276429899490939768e-01
2.262046414597916222e+00,-5.159288327101370975e+00,7.373536351305295389e-01
2.262257719269267664e+00,-5.161009637047667020e+00,9.355450658731078173e-01
2.306130273230300620e+00,-5.089529724218205153e+00,9.502919042841522224e-01
2.359547638625932642e+00,-5.008271475812083651e+00,9.616816423364361599e-01
2.408025672607318590e+00,-4.930841157719773271e+00,9.598302179942891366e-01
2.462105898127211923e+00,-4.848141432112247351e+00,9.626969011796686626e-01
2.520257867140354158e+00,-4.761903904266493903e+00,9.643923618226926120e-01
2.578193666947377949e+00,-4.675785122351872936e+00,9.627039145523361707e-01
2.622219806422383837e+00,-4.603736441421405701e+00,8.455523510036477841e-01
2.618633317157901264e+00,-4.602591030574803455e+00,6.702618499110186701e-01
2.614245185454528553e+00,-4.600711475351254798e+00,4.743677599711383364e-01
2.610171092169664142e+00,-4.597860114798496767e+00,2.925149541268467490e-01
2.606014787023552159e+00,-4.594735075312907036e+00,9.478890152520327850e-02
2.602190703537567096e+00,-4.592341076854919990e+00,-8.446164361034166901e-02
2.598006562942280606e+00,-4.589305640393416041e+00,-2.767151206043224621e-01
2.593778535361226822e+00,-4.586070628075405331e+00,-4.744517940441270176e-01
2.589968680390533962e+00,-4.583151662767161127e+00,-6.656680052680736814e-01
2.587217255459959286e+00,-4.580706034914611813e+00,-8.557681841236206566e-01
2.584965770489102255e+00,-4.578282623778186178e+00,-1.030165993072834185e+00
2.576559410101341818e+00,-4.573411211424389222e+00,-1.189327543691997668e+00
2.571851021484114597e+00,-4.572398377077209197e+00,-1.011517618974619781e+00
2.568966976420070214e+00,-4.573661920071760534e+00,-8.331299008505410608e-01
2.565890794212146719e+00,-4.575269840671218446e+00,-6.166780921827756945e-01
2.559134753007430874e+00,-4.575167667365273694e+00,-4.476278333026759704e-01
2.558202338404017340e+00,-4.575276224935126201e+00,-1.929927266971534494e-01
2.558043550674511835e+00,-4.576549481187452528e+00,-8.133799332437149573e-03
2.557792573809272607e+00,-4.577374396438816717e+00,1.837141692509723923e-01
2.557876453517391457e+00,-4.578231390955967761e+00,3.754100492954663415e-01
2.558607194673344409e+00,-4.578702743348745940e+00,5.885200554014818897e-01
2.559893072475116327e+00,-4.579409718586165745e+00,8.595745060844738328e-01
2.561064957849099599e+00,-4.578981034930845517e+00,1.047624546862645056e+00
2.562443077033831784e+00,-4.577322450577812063e+00,1.300927665760086338e+00
2.574099744473588025e+00,-4.477794516531676372e+00,1.420417519600043699e+00
2.588045594524774895e+00,-4.373949211109970037e+00,1.420226951342840715e+00
2.587288078684349291e+00,-4.356314065316406747e+00,1.596638034975330411e+00
2.585201719421631239e+00,-4.353184712058925321e+00,1.795134492648099211e+00
2.583120162524449981e+00,-4.350193941028735800e+00,2.010702927805513518e+00
2.580908255669446927e+00,-4.346205119263698791e+00,2.215975112887671461e+00
2.577131607319373519e+00,-4.342600272632875402e+00,2.437825615304260563e+00
2.571497094849707565e+00,-4.339978253054872503e+00,2.619900027473857307e+00
2.467860528804942888e+00,-4.292072366216336476e+00,2.687079877929624327e+00
2.361749960298837436e+00,-4.243554621918318226e+00,2.692522880318753753e+00
2.253854436168937436e+00,-4.194283060783424055e+00,2.693800173543059451e+00
2.151185424029903093e+00,-4.147299242402603170e+00,2.696624127443382424e+00
2.048688760290451327e+00,-4.101006129980983239e+00,2.696310820038041456e+00
1.953490500958301013e+00,-4.057732751819726147e+00,2.698726649453024429e+00
1.849700225155287203e+00,-4.010958177293630911e+00,2.696708024011432503e+00
1.746600759717931828e+00,-3.964422497749327423e+00,2.697975834904160930e+00
1.644285863296018668e+00,-3.918686186255348591e+00,2.695069174266774503e+00
1.542976396246842574e+00,-3.873091213265903221e+00,2.694197199507634810e+00
1.441464272498784061e+00,-3.827197282403718592e+00,2.689938016165748014e+00
1.338691437155974162e+00,-3.780196666446547393e+00,2.686335340699351981e+00
1.237472772073724858e+00,-3.733937967208219799e+00,2.681858280635171177e+00
1.135732532844941689e+00,-3.686746332279702720e+00,2.679194538246493451e+00
1.028882407471802374e+00,-3.636924715775909700e+00,2.673749246468221763e+00
9.240083364116492559e-01,-3.588895905197766023e+00,2.669817876702774928e+00
8.145416170231767339e-01,-3.538383762017585532e+00,2.663065851993399846e+00
7.333787842412954339e-01,-3.506884428113774987e+00,2.494333283412632163e+00
7.185284465414955024e-01,-3.508273625200140078e+00,2.290086029142806012e+00
7.103408780273782197e-01,-3.510508005988190572e+00,2.099441869196827071e+00
6.994519496012648885e-01,-3.513606959390564555e+00,1.926619125276280542e+00
6.817700777506919829e-01,-3.516005380762053711e+00,1.708780696075358652e+00
6.729240971592738152e-01,-3.518373494965084447e+00,1.445813057108439104e+00
6.622836495252204525e-01,-3.521153426167281442e+00,1.233841636396476593e+00
6.540307383459390556e-01,-3.521664487744831096e+00,1.032797177654745546e+00
6.463305855765026919e-01,-3.522376084190137036e+00,8.506758921329246048e-01
6.384805925762461198e-01,-3.522103604418489464e+00,6.581873983720827326e-01
6.304704668333608319e-01,-3.521433666243263261e+00,4.454565536009976734e-01
6.225885632121381796e-01,-3.520817152137175832e+00,2.532237338826758832e-01
6.132901437797169120e-01,-3.519274203112765509e+00,1.105885770929692508e-02
6.065399817159921048e-01,-3.518141819556212191e+00,-1.846244075966943787e-01
6.002989491514729714e-01,-3.516882696496849370e+00,-3.701763811601739285e-01
5.940990920659282581e-01,-3.515392537083632085e+00,-5.618355546939709511e-01
5.885370151147056861e-01,-3.514344868182633252e+00,-7.374980386917703301e-01
5.836165256935498258e-01,-3.511889735136584090e+00,-9.664253526832459196e-01
5.785438312484840750e-01,-3.509909892302971013e+00,-1.236109086809145774e+00
5.743655651550827468e-01,-3.509168660379672122e+00,-1.423937541844884302e+00
5.710496642804310241e-01,-3.508492450325108258e+00,-1.613143033997943787e+00
5.670469920543312892e-01,-3.508326996315940249e+00,-1.856515691123368672e+00
5.639963236641670763e-01,-3.509416615994353172e+00,-2.144367756041666073e+00
5.607436040323634519e-01,-3.510650537535648041e+00,-2.407016053164607872e+00
5.570222693680185744e-01,-3.512228933132606645e+00,-2.582792466722775515e+00
5.530944661087104919e-01,-3.515282594368936309e+00,-2.852370856392518306e+00
5.486858132529226495e-01,-3.518208820388675662e+00,-3.089426494148554081e+00
5.435280690969364059e-01,-3.521938813899603726e+00,2.942491094403995699e+00
5.374518338011335938e-01,-3.525328008211785047e+00,2.714328850401583448e+00
5.323558177970424410e-01,-3.528115740308146009e+00,2.521190223310485923e+00
5.267468067134559728e-01,-3.530542967603182980e+00,2.346131891823501903e+00
5.191996229299247201e-01,-3.534851410927789761e+00,2.093267373531128239e+00
5.121717286517720735e-01,-3.537451009326100682e+00,1.884834635941748271e+00
5.048858371127009637e-01,-3.539744240237530981e+00,1.693073744550142923e+00
4.954417484616340239e-01,-3.542576112040356051e+00,1.456473567479299014e+00
4.858341009143261058e-01,-3.544535144096583767e+00,1.199174816730729898e+00
4.777612820808460059e-01,-3.545710562084240181e+00,1.011222545677204598e+00
4.679343774551368851e-01,-3.546231425492397893e+00,7.763598209961500851e-01
4.582377935876596475e-01,-3.545932184525216968e+00,5.026998584650346213e-01
4.484128837210394902e-01,-3.545189170175823801e+00,2.457321754097515631e-01
4.391416138571715977e-01,-3.543944942585881996e+00,3.726803548038118419e-02
4.825758362481539776e-01,-3.554795092571568116e+00,1.073292663004768166e-01
5.040592539723469656e-01,-3.562324980005284303e+00,2.743998621312132014e-01
5.138514477371466382e-01,-3.565537589360792570e+00,4.505227164832435460e-01
5.246895129150344061e-01,-3.569123455952284196e+00,6.434342482963779641e-01
5.358577140114971771e-01,-3.572496185187098217e+00,8.703872262873051380e-01
5.451521308504213570e-01,-3.574296525150419068e+00,1.071566785568716318e+00
5.543758439385779724e-01,-3.576322515235505595e+00,1.292127045981052103e+00
5.624301325429496012e-01,-3.576565609600484308e+00,1.486402888361604502e+00
5.718340576013394294e-01,-3.576552956636319003e+00,1.738611974220377165e+00
5.809234814099475397e-01,-3.576125580043052032e+00,2.007414426474809943e+00
5.893052764388722053e-01,-3.575165765612589475e+00,2.250109969911275432e+00
5.962929063613539027e-01,-3.574189760759928003e+00,2.503479543196286183e+00
6.010614034226051672e-01,-3.572723249654875755e+00,2.713452793047039791e+00
5.393651793556141216e-01,-3.543490095456008238e+00,2.797283565253047222e+00
4.623219927839981591e-01,-3.510888183202650836e+00,2.793532434971338407e+00
3.922021411510173694e-01,-3.478707475310058861e+00,2.792894382651010421e+00
3.556092660912363312e-01,-3.455987892391654270e+00,2.682578116243219846e+00
3.611638095034921947e-01,-3.457294079299170875e+00,2.473946422165439252e+00
3.652740090631375058e-01,-3.460008383350916095e+00,2.281636973206860652e+00
3.673753101919720043e-01,-3.461710321688034053e+00,2.073434580482045320e+00
3.676403228435473625e-01,-3.464680043714760238e+00,1.855103287266087086e+00
3.678599192985678723e-01,-3.466450184516251198e+00,1.607456202730799477e+00
3.668248397500146196e-01,-3.468316661913192434e+00,1.420174346758636519e+00
3.659230662624799457e-01,-3.469330875288257232e+00,1.158282408608188208e+00
3.641168886730346554e-01,-3.470086572952855608e+00,9.092905001408118082e-01
3.633922996469509670e-01,-3.469516355777081618e+00,7.236037596138304995e-01
3.626122474823670339e-01,-3.469229125932327129e+00,4.604359943275997957e-01
3.613548481430880477e-01,-3.467661744168576199e+00,2.123381690415358791e-01
3.611811771662459258e-01,-3.465562912442953447e+00,-5.896760478440594283e-02
3.619195734188042080e-01,-3.463870260518029376e+00,-2.880777421228641888e-01
3.629643545708570729e-01,-3.461300954814874764e+00,-5.467942784873150996e-01
3.723809562977103971e-01,-3.460463153241216006e+00,-6.967405675981757085e-01
3.753291422285215950e-01,-3.459648822022847625e+00,-9.015755924774305763e-01
3.787986023622400555e-01,-3.457807971056800600e+00,-1.090768022808076942e+00
3.830002473500558891e-01,-3.457127708821380541e+00,-1.284445571771371419e+00
3.872624979985362925e-01,-3.456609762771307715e+00,-1.481743979748198825e+00
3.922411442362809253e-01,-3.456397929898362698e+00,-1.690969457748538796e+00
3.970415473332548073e-01,-3.456530852511494167e+00,-1.891112527006569621e+00
4.020204748775741410e-01,-3.456896135601339459e+00,-2.072379442852585463e+00
4.070724369200250381e-01,-3.457914158661321125e+00,-2.282788898343602213e+00
4.112524126416907677e-01,-3.459033021139628072e+00,-2.458481030542535084e+00
4.159522888219607806e-01,-3.460908984062791571e+00,-2.668439407737707381e+00
4.198536765374217272e-01,-3.462588376199546847e+00,-2.856854982434169798e+00
4.237972265272230699e-01,-3.464679747669082488e+00,-3.040145080742358896e+00
4.270429990939302867e-01,-3.466842859383977071e+00,3.061595553302525197e+00
4.304586288424634977e-01,-3.469067160396339222e+00,2.888769580258771619e+00
4.335317494624962853e-01,-3.471465506999760198e+00,2.699488249617240765e+00
4.369228013725152127e-01,-3.474262002346877320e+00,2.481572083852319199e+00
4.392209672651221086e-01,-3.477172376893715278e+00,2.285033344195976035e+00
4.409352877009792282e-01,-3.480226292251503040e+00,2.078870388571071537e+00
4.425585188751747778e-01,-3.482448191675350468e+00,1.902583162042803089e+00
4.438853062643435821e-01,-3.484392207243252049e+00,1.718480911469555839e+00
4.446183198877839415e-01,-3.486269236059736709e+00,1.532904486723764892e+00
4.446653577988156081e-01,-3.488215547288776808e+00,1.333075573252066492e+00
4.455278856867059822e-01,-3.489639443582457812e+00,1.150345010334140827e+00
4.510573137833314150e-01,-3.490410799233574224e+00,9.960885921464072146e-01
4.547864218953054372e-01,-3.490878326705139756e+00,7.869524113771856344e-01
4.551012482587737940e-01,-3.490449376202492626e+00,5.731616840602914431e-01
4.545844733197433873e-01,-3.490170215313201041e+00,3.974808647886797774e-01
4.545612476297903881e-01,-3.489638605125257698e+00,2.080408191896378489e-01
4.543115658768984710e-01,-3.488304082370921488e+00,-7.563546751016737716e-04
4.552305875363467647e-01,-3.487154019765164481e+00,-1.830507822405933460e-01
5.547683405692156455e-01,-3.515874114864469213e+00,-2.891630218079324632e-01
6.598651686082056544e-01,-3.547579310003022179e+00,-2.860298547457334473e-01
7.673281837043708364e-01,-3.579541520428016099e+00,-2.830314544229458606e-01
8.456002193780144394e-01,-3.602463826111473200e+00,-3.572966724036062969e-01
9.461884294990891009e-01,-3.641631389050494771e+00,-3.679785722486997313e-01
1.049488018260172018e+00,-3.679961387090898484e+00,-3.497465877709661219e-01
1.159884713515265897e+00,-3.712544714425441761e+00,-2.570508928022208206e-01
1.197599239082199007e+00,-3.722513342567505656e+00,-3.892855418564223347e-01
1.216349790396219266e+00,-3.730808982087009174e+00,-3.972326060351726862e-01
1.314987607754155130e+00,-3.772596530362936296e+00,-4.012831434353046900e-01
1.420277667462408688e+00,-3.816972949066725462e+00,-4.032033602611795331e-01
1.522672656668315527e+00,-3.860499797956427059e+00,-4.071796244407205889e-01
1.622704774093461255e+00,-3.903970068122474935e+00,-4.086828000484525325e-01
1.722712156027888852e+00,-3.947829556829912878e+00,-4.129241065736339311e-01
1.818842565953360912e+00,-3.990089676857644818e+00,-4.158612755909207315e-01
1.917494210865628990e+00,-4.033952734233511528e+00,-4.172984342489380882e-01
1.943099613975693529e+00,-4.046806391798486224e+00,-2.838378642950336594e-01
1.948740408913585354e+00,-4.051295530901303898e+00,-1.189908017830655362e-01
1.951909574769294720e+00,-4.053797145109112599e+00,7.297332203465892175e-02
1.955149647277925729e+00,-4.055754108469362684e+00,2.825712186595337183e-01
1.959154595245080399e+00,-4.056285618752085931e+00,4.994861144088765248e-01
1.963602478323011935e+00,-4.056855718987326220e+00,6.773022505258842196e-01
1.967829345273228947e+00,-4.057054533470658697e+00,8.634338306164723864e-01
1.970687064226729790e+00,-4.057791324370020547e+00,1.037453387556885209e+00
1.976116266800075127e+00,-4.057594239005124948e+00,1.277686204300638062e+00
1.979721968706573021e+00,-4.056409815198265711e+00,1.475086382473572488e+00
1.982998703366620097e+00,-4.054742000545047631e+00,1.716667582398260228e+00
1.985497204774663960e+00,-4.053644943496512276e+00,1.898432631817100757e+00
1.988479703506161655e+00,-4.051189144120521668e+00,2.141065039982907425e+00
1.989978943438175385e+00,-4.049251323900699973e+00,2.321852284268916211e+00
1.991475188659630025e+00,-4.046636511366527245e+00,2.548059376235023876e+00
1.992065510045271770e+00,-4.044151821343919373e+00,2.756613912109366016e+00
1.992454486706151107e+00,-4.041764420577310446e+00,2.982577223889923079e+00
1.992078460085200842e+00,-4.040003899475159699e+00,-3.067582900927382727e+00
1.991190903506967924e+00,-4.037888121480341042e+00,-2.809724923086400761e+00
1.989895297103321914e+00,-4.036160889030727894e+00,-2.571269939106890945e+00
1.988222268337836773e+00,-4.035206423256815000e+00,-2.360905892478198709e+00
1.987238938647892361e+00,-4.034319560446764541e+00,-2.134564340253507275e+00
1.985735341100111073e+00,-4.034179805747918124e+00,-1.938696998057002130e+00
1.984347111262915853e+00,-4.034489240191027726e+00,-1.717602797284989213e+00
1.983499792439899823e+00,-4.035753416627721357e+00,-1.532603917403565941e+00
1.982760485561278818e+00,-4.037233403054806047e+00,-1.307745613689779818e+00
1.982642097067471409e+00,-4.039190710166616682e+00,-1.094289702222920102e+00
1.983326117929996801e+00,-4.041426296126611639e+00,-9.143814268485596086e-01
1.984113040687467411e+00,-4.043341946176888690e+00,-7.255900279681889442e-01
1.988814640849235760e+00,-4.048782930362813559e+00,-5.684084599082308564e-01
2.079669350184018661e+00,-4.105520574222055963e+00,-5.766522486769793954e-01
2.173117874834193941e+00,-4.165605205912460640e+00,-5.857386004993838657e-01
2.263532491751711451e+00,-4.225611095924996619e+00,-5.911101061603899476e-01
2.356173077196718868e+00,-4.287778594415428302e+00,-5.988144299971819295e-01
2.418699205546995579e+00,-4.331007068940724736e+00,-5.109669921865106490e-01
2.419972133015425797e+00,-4.333361496315384365e+00,-3.380130512509293417e-01
2.421281351357682521e+00,-4.335002168957237778e+00,-1.407551129445412663e-01
2.422806248495145809e+00,-4.336991400802808982e+00,6.534408970723536159e-02
2.424682437923850298e+00,-4.338508936875444810e+00,2.780127140605770930e-01
2.426644822635541043e+00,-4.339863374258866813e+00,4.640408910623841643e-01
2.429109718256523998e+00,-4.341037962549119555e+00,6.722963292766508392e-01
2.431564001638795602e+00,-4.342219279771463825e+00,8.838747890564858656e-01
2.434197697657134007e+00,-4.342583648769025473e+00,1.069077408136527518e+00
2.435804980455393398e+00,-4.342246491492594451e+00,1.264856118169805033e+00
2.437005873970589320e+00,-4.341513650246600520e+00,1.443002316389717876e+00
2.438058994514647804e+00,-4.340199468251788595e+00,1.667824250383396878e+00
2.435770606735102373e+00,-4.338648487725157210e+00,1.879344068467958540e+00
2.433116624061042899e+00,-4.336102300229701889e+00,2.061278845853062425e+00
2.429657717170402353e+00,-4.333819737376762404e+00,2.268333114782051574e+00
2.426123430240510359e+00,-4.331357523131337928e+00,2.477456644214670156e+00
2.422004350448904386e+00,-4.328790439751942110e+00,2.653352002483777117e+00
2.416955350119464274e+00,-4.326469524083577767e+00,2.864978380933299817e+00
2.411579886443052434e+00,-4.324539197516727995e+00,3.080109248660422683e+00
2.405598145353858630e+00,-4.322647968500002769e+00,-2.986199712381122584e+00
2.399936786270008504e+00,-4.320818630788063608e+00,-2.779699135978379587e+00
2.394363965541854711e+00,-4.319159890866850482e+00,-2.599577579572843966e+00
2.388013670072688388e+00,-4.317695606697142807e+00,-2.406147830209598659e+00
2.381970488431603084e+00,-4.316097717690396074e+00,-2.202003105927986315e+00
2.374857230073061487e+00,-4.315358037953413550e+00,-1.997551502663444278e+00
2.367445980448088072e+00,-4.315283364160674040e+00,-1.794635544663041093e+00
2.360230365366740912e+00,-4.315493450575566214e+00,-1.603975423323604765e+00
2.352651045774711847e+00,-4.316040755348613089e+00,-1.420789992715204786e+00
2.344506010346712355e+00,-4.315794890055141053e+00,-1.192603405775465975e+00
2.338946947912575958e+00,-4.317321884548629640e+00,-9.612304550358300448e-01
2.334273600420702532e+00,-4.318366775543976743e+00,-7.578561826249471389e-01
2.330808226036426678e+00,-4.319943641819860680e+00,-5.662780122512142134e-01
2.318866765587700662e+00,-4.320314782526080144e+00,-4.380473370318043735e-01
2.310101371263701076e+00,-4.319860555824073245e+00,-2.763075382619877285e-01
2.391646770595739824e+00,-4.339531323195751966e+00,-2.020413006471570572e-01
2.480308204836827457e+00,-4.358721724814657250e+00,-2.003384639156879643e-01
2.468595323057793944e+00,-4.355613813586143301e+00,-3.604900881755265241e-01
2.541656654923892145e+00,-4.392208533496440914e+00,-4.012189156655970868e-01
2.626294614125605165e+00,-4.430732645419554139e+00,-3.913197521517599586e-01
2.690675971382467058e+00,-4.460631334387524127e+00,-3.702081588453079997e-01
2.751899103246742140e+00,-4.485354677954179081e+00,-3.352062497823187215e-01
2.839552664267432913e+00,-4.509640237922464934e+00,-4.653016949131831836e-01
2.847992200771000793e+00,-4.508459982469731564e+00,-6.910485306255894633e-01
2.856212596759275080e+00,-4.506875381172061878e+00,-8.951637431929143629e-01
2.863984787520266639e+00,-4.506094796680720549e+00,-1.132067034788929893e+00
2.872568320058908053e+00,-4.505075934499494394e+00,-1.365426360814532725e+00
2.882398430241699394e+00,-4.504279580109460390e+00,-1.603961664087934613e+00
2.899069915813878850e+00,-4.505432908591605390e+00,-1.769530684693004785e+00
2.906773816347140826e+00,-4.507956544578728852e+00,-1.967338711225728787e+00
2.913239299214615219e+00,-4.508879825899176019e+00,-2.164988904797752856e+00
2.921718135192841181e+00,-4.510988856179562134e+00,-2.430468791459547084e+00
2.927835006981794663e+00,-4.513068974610946249e+00,-2.617262561327946990e+00
2.935511209791707987e+00,-4.515339292120466475e+00,-2.850570311451367633e+00
2.941310539285873826e+00,-4.517757958912352656e+00,-3.053013431529049360e+00
2.947248140683177198e+00,-4.520866606103841612e+00,3.036729705551409531e+00
2.953370394126376475e+00,-4.524247818341892824e+00,2.811845925181682748e+00
2.957849515552608999e+00,-4.527272604099637832e+00,2.619864696510997071e+00
2.961644175241639587e+00,-4.531109103874903177e+00,2.408805608248503649e+00
2.965155110743248112e+00,-4.534402839654005923e+00,2.233858009433049130e+00
2.968438953725454965e+00,-4.537416528433218410e+00,2.046350501422383061e+00
2.971008645521709290e+00,-4.540088313970651157e+00,1.860544343323413230e+00
2.972608484767153225e+00,-4.543525836128173623e+00,1.557940943767920583e+00
2.974573009560621539e+00,-4.545910977452442658e+00,1.292206557868708527e+00
2.976135445033992522e+00,-4.547361202420084680e+00,1.102991620654923732e+00
2.977426971393567712e+00,-4.548413390853892402e+00,8.940443995621206730e-01
2.979367785083046005e+00,-4.548644764240330041e+00,6.292907247824901518e-01
2.981346465621979469e+00,-4.548836344859896741e+00,4.403960200283650872e-01
2.983247337829555423e+00,-4.548121034726228196e+00,1.364829544075387979e-01
2.986055642133668808e+00,-4.547247265843459729e+00,-1.278217733068293671e-01
2.989044638507394769e+00,-4.546396833607213139e+00,-3.163912916054351654e-01
2.993274340988323345e+00,-4.544113157063481623e+00,-6.192009633901244259e-01
2.998869171440084358e+00,-4.542106115130127186e+00,-8.882321508473448590e-01
3.004064175078297705e+00,-4.541007075960227013e+00,-1.078073958243488617e+00
3.011470465362324322e+00,-4.539487366498047294e+00,-1.327038174042462604e+00
3.017370713542167682e+00,-4.539636027369205351e+00,-1.530370232861031132e+00
3.025601180584541083e+00,-4.539208437262503892e+00,-1.720378101716251606e+00
3.060719376741210418e+00,-4.608183976597609366e+00,-1.606102493383610774e+00
3.067758708326717265e+00,-4.611294750279337329e+00,-1.406360044825691213e+00
3.071961529204183527e+00,-4.613247522994703864e+00,-1.207332600344643403e+00
3.075409891199218038e+00,-4.616103227542909693e+00,-1.015917532973803938e+00
3.079386360371589859e+00,-4.618811449135447056e+00,-8.184863355731909484e-01
3.168368847013202316e+00,-4.690235048343046387e+00,-8.377676500656798808e-01
3.178184589134695148e+00,-4.690955774529397715e+00,-1.013966764816643940e+00
3.186010565470284384e+00,-4.692064802081434394e+00,-1.202763347034986552e+00
3.190652083936817540e+00,-4.692179913968863580e+00,-1.394443295164369268e+00
3.202690496942772302e+00,-4.703735967031247966e+00,-1.548860093514088376e+00
3.213655613003454814e+00,-4.807623269911844410e+00,-1.559739861503960157e+00
3.230967096046006848e+00,-4.875738496206162509e+00,-1.712497202231090254e+00
3.235426766653664465e+00,-4.976053763477298553e+00,-1.813846580285615406e+00
3.225453620175401603e+00,-5.077715910756325890e+00,-1.825743758705673736e+00
3.217883102270468587e+00,-5.170854999539717056e+00,-1.851062091186490344e+00
3.206219862853306068e+00,-5.268739118903287277e+00,-1.878381187853306100e+00
3.213181841558244933e+00,-5.288857131770774878e+00,-2.056559543735675621e+00
3.217161898815488197e+00,-5.289830064168485002e+00,-2.269868496666588964e+00
3.220491764945462521e+00,-5.291324175576987088e+00,-2.476244496977611842e+00
3.222204868472251071e+00,-5.293827646961138278e+00,-2.691268473039513776e+00
3.222812548493042772e+00,-5.295112698887161073e+00,-2.903039910311694616e+00
3.223740345844484878e+00,-5.295293579696305208e+00,-3.132270209671767169e+00
3.224427545404129791e+00,-5.294685639184133485e+00,2.950061933655646840e+00
3.226272951002102207e+00,-5.293146975039926261e+00,2.738003992505322337e+00
3.226835930873576785e+00,-5.291096913922388900e+00,2.548351998191156209e+00
3.218933053141887601e+00,-5.287371138611325350e+00,2.397807182236847190e+00
3.193986580577117262e+00,-5.268250593633857726e+00,2.264157630325929205e+00
3.189858820771005465e+00,-5.264739832929444141e+00,2.098975179623657539e+00
3.187357985791935189e+00,-5.265138122495893747e+00,1.910719804680463652e+00
3.182005294380604976e+00,-5.264088500019147965e+00,1.699110902958084868e+00
3.177218873991393799e+00,-5.261004226381017723e+00,1.520534882065655902e+00
3.172943184738799438e+00,-5.256770207618085777e+00,1.339103190104415697e+00
3.172560291091279350e+00,-5.234386146139742735e+00,1.192939203279951066e+00
3.201543390003224410e+00,-5.154611966318996430e+00,1.154377054654500245e+00
3.214817325156175354e+00,-5.125913457399320805e+00,1.035388543937514338e+00
3.215013054705665674e+00,-5.125278013508404840e+00,8.447045199099080248e-01
3.214203963147500343e+00,-5.126625275682877181e+00,6.223694794346396053e-01
3.212810384795428131e+00,-5.126881420362373376e+00,3.963832446285512345e-01
3.212582142880590741e+00,-5.127577305223428361e+00,1.819064759237603024e-01
3.210961041202987865e+00,-5.128412628336709744e+00,-7.058944151478864504e-02
3.210185009115411159e+00,-5.129167513436678760e+00,-2.632717291361508782e-01
3.209385860840908045e+00,-5.129157230634049824e+00,-4.800999312740592551e-01
3.209144125765161615e+00,-5.128746846987628949e+00,-6.691356896080820071e-01
3.209401223946825699e+00,-5.128797473874946000e+00,-8.557138185939766606e-01
3.211982196193735373e+00,-5.127707473526271542e+00,-1.114332943100629914e+00
3.214570468909661916e+00,-5.127461334767045464e+00,-1.394810923949194592e+00
3.217705300962434123e+00,-5.128147422064773586e+00,-1.589477888562907726e+00
3.220647208861837196e+00,-5.129391611471155521e+00,-1.817981546213973232e+00
3.209517454542587078e+00,-5.182954579649320159e+00,-1.837142116141461390e+00
3.208878459236434555e+00,-5.202124315667790988e+00,-1.823421081447435643e+00
3.211952668623322626e+00,-5.209084490311322035e+00,-1.865900472940012600e+00
3.210394225216663511e+00,-5.219656296066510492e+00,-1.703197264439732184e+00
3.198572664391290399e+00,-5.325973471739475329e+00,-1.718161568826332086e+00
3.184342896839801096e+00,-5.431035519182602300e+00,-1.726354335794465289e+00
3.168950878087828826e+00,-5.534060082362199928e+00,-1.733362430565871026e+00
3.152066686413970586e+00,-5.638945751729764311e+00,-1.743648800548006417e+00
3.133953031268076561e+00,-5.745570834876455812e+00,-1.752118583397050955e+00
3.115263091266445628e+00,-5.850293154802725049e+00,-1.761852059526188397e+00
3.095414348961002204e+00,-5.951562595826198176e+00,-1.716292118174417958e+00
3.087470104563585060e+00,-6.024374145942446468e+00,-1.547294485138641207e+00
3.089383172525626886e+00,-6.059940795970582883e+00,-1.366101376338837659e+00
3.096357691942125623e+00,-6.092337598460986214e+00,-1.181080067554126201e+00
3.110720574846782327e+00,-6.123528524954808816e+00,-9.803610519831381653e-01
3.128597557754808189e+00,-6.147320557803880092e+00,-8.042387907904466893e-01
3.151893839418893783e+00,-6.172793396218594353e+00,-6.680227891577661392e-01
3.166435548584773496e+00,-6.186485396524850522e+00,-4.687533834534745036e-01
3.169090809062780956e+00,-6.187587450966095304e+00,-2.410442760221456204e-01
3.171090354752737372e+00,-6.188941753066126594e+00,-6.180461986964464610e-02
3.185554035491454439e+00,-6.191399390674465764e+00,1.032611146158009668e-01
3.186747680982683573e+00,-6.192635480080116217e+00,2.988596483230798184e-01
3.189571105779441140e+00,-6.195273674714860235e+00,5.512335266802816935e-01
3.192029272173986243e+00,-6.198342865020516790e+00,7.851737253826057694e-01
3.203335868445899237e+00,-6.191209084116053418e+00,9.810659647642461234e-01
3.207487763101379841e+00,-6.192732483310641634e+00,1.242752607358177164e+00
3.209558052621919177e+00,-6.192502860909368856e+00,1.423366214848846401e+00
3.212771220434698982e+00,-6.191691233098491232e+00,1.650887271683517010e+00
3.215195235430151843e+00,-6.189729837199821283e+00,1.916381438748640642e+00
3.215918929618168942e+00,-6.187818976523576708e+00,2.109126125955109288e+00
3.216744981199701314e+00,-6.185563777799977458e+00,2.284397420073694729e+00
3.216106680444168031e+00,-6.184387839926026587e+00,2.482738457808810306e+00
3.214222024428973867e+00,-6.182452793447584583e+00,2.722772105087028383e+00
3.205384095796907307e+00,-6.177375265344856814e+00,2.901279032614851872e+00
3.193188120738671198e+00,-6.174822022565304103e+00,3.047917221832217916e+00
3.156791639424131990e+00,-6.170926606417801885e+00,2.935294673974306434e+00
3.137858017482863637e+00,-6.164873113009202932e+00,2.761846745905720990e+00
3.139604485494437380e+00,-6.166252306716392795e+00,2.536805770560836670e+00
3.140534284689598721e+00,-6.167486452479798764e+00,2.328412293892956342e+00
3.141949182944351548e+00,-6.167984903324729373e+00,2.144300560402360833e+00
3.140967291748417267e+00,-6.168506349839906200e+00,1.937990894403339492e+00
3.138505467563109441e+00,-6.168136261484106875e+00,1.731038268864501406e+00
3.136061397091457259e+00,-6.167605844464727483e+00,1.542903140288138131e+00
3.134488548202117641e+00,-6.162324219905590539e+00,1.356227990692193019e+00
3.138738888651500858e+00,-6.142812672462717671e+00,1.190945200660768144e+00
3.137233255483402150e+00,-6.140813295436352348e+00,9.999277806500750376e-01
3.135915272032697487e+00,-6.139846342293052928e+00,8.172281198137976155e-01
3.134633737960547784e+00,-6.139613117707328094e+00,6.406053423796891355e-01
3.132165930058970371e+00,-6.138581437186769740e+00,4.022453985285888156e-01
3.131148763817347191e+00,-6.136763684735835334e+00,1.975116801096155061e-01
3.129847267416161039e+00,-6.135372555688744178e+00,-3.797553736078156800e-02
3.127745126058630198e+00,-6.134612592963337718e+00,-2.615289417760106594e-01
3.126234795280869339e+00,-6.134165643215541586e+00,-4.550197427305395226e-01
3.124311431004718198e+00,-6.133490051909509688e+00,-6.783922632711218981e-01
3.123032819556279538e+00,-6.132628276698871339e+00,-9.042611406819140996e-01
3.123681624158024306e+00,-6.131434081276291082e+00,-1.090874362258237751e+00
3.125173755253300101e+00,-6.130527232405692750e+00,-1.307491682711465097e+00
3.127781130737939730e+00,-6.129510767239219504e+00,-1.534713441853783111e+00
3.130371621247783676e+00,-6.129680229943160974e+00,-1.727746853627555090e+00
3.133663325549121303e+00,-6.131379378124483637e+00,-1.951825015642854932e+00
3.137086386886244860e+00,-6.133590837248452665e+00,-2.180162187523591921e+00
3.140470908653599569e+00,-6.135647018795964414e+00,-2.438545686013067204e+00
3.143519453836669086e+00,-6.137526220979030889e+00,-2.678742881026873413e+00
3.146117518708049232e+00,-6.139286683630965413e+00,-2.902492439522880829e+00
3.147527322294192409e+00,-6.140483025882693013e+00,-3.081260916472940981e+00
3.148770861570872270e+00,-6.142701077979240587e+00,2.958262157364011546e+00
3.150324211607449687e+00,-6.144678727689101727e+00,2.732191975824958874e+00
3.152350090996881349e+00,-6.145468258060508226e+00,2.554002912927619384e+00
3.154665934814202988e+00,-6.147273162307108407e+00,2.313696949047868934e+00
3.154626477045493704e+00,-6.150150469775933715e+00,2.087832918432098506e+00
3.153992967778657341e+00,-6.151873214408646540e+00,1.910769586829980327e+00
3.151168818333327959e+00,-6.153871646863839473e+00,1.669855933981795992e+00
3.147869728906843356e+00,-6.154909954134354599e+00,1.412737916657591741e+00
3.143967195433037265e+00,-6.153080868177442042e+00,1.185381249009484828e+00
3.141116632196788938e+00,-6.151490096790370288e+00,9.506353286438522510e-01
3.203797705869555035e+00,-6.075321870146499492e+00,8.591920323012108840e-01
3.271667605934073464e+00,-6.002096298102303606e+00,7.602409099768993039e-01
3.348622813468654424e+00,-5.937289858243208762e+00,6.198598769122105612e-01
3.415789097642718986e+00,-5.896728633949505749e+00,4.373603186844570723e-01
3.462984565339187526e+00,-5.879708466972540570e+00,2.914829511198591128e-01
3.561175407700283291e+00,-5.856474759126579777e+00,2.584072731862982475e-01
3.566924731595315201e+00,-5.855254081786010367e+00,4.462497980586187518e-01
3.655239009555285801e+00,-5.809188547827308646e+00,5.449819758398991576e-01
3.744269375634595942e+00,-5.759725728908225761e+00,5.376392786835471060e-01
3.832506416351496803e+00,-5.710143876821988762e+00,6.219788352385099417e-01
3.909174106303998641e+00,-5.646693373262278826e+00,7.744789600363154447e-01
3.983214843053138665e+00,-5.578197962242726682e+00,7.899470444407713510e-01
4.049977120787616514e+00,-5.503099053877393843e+00,9.304216493813279865e-01
4.105597125767975974e+00,-5.420565312436091077e+00,1.040052851989368587e+00
4.153349323545979743e+00,-5.350459691463770540e+00,9.643040957142746672e-01
4.147113334982540422e+00,-5.353150877653385820e+00,8.035744418340475814e-01
4.146023306345258952e+00,-5.351245129707129955e+00,5.881586749799689873e-01
4.144769890731767603e+00,-5.349515174100266002e+00,3.553225523949502529e-01
4.143496413730791694e+00,-5.349083444664564091e+00,1.157363174616740098e-01
4.141964689131429012e+00,-5.348180134389757256e+00,-1.148126256727956956e-01
4.139924109214399017e+00,-5.348049144564332558e+00,-3.819902962397095925e-01
4.138429566482550115e+00,-5.347169482040725619e+00,-5.825752291588522924e-01
4.138433279751398075e+00,-5.346319161755109128e+00,-8.199501832968824067e-01
4.139200558217597248e+00,-5.345364783465019087e+00,-1.020713546323284815e+00
4.146964955532843611e+00,-5.353936632045021682e+00,-1.201331756325501932e+00
4.149148120820576047e+00,-5.353691411846187798e+00,-1.392159292190246589e+00
4.152679490820528230e+00,-5.353287259881119198e+00,-1.639647212334074844e+00
4.154383204805059293e+00,-5.352992048518655288e+00,-1.816271115286522297e+00
4.158212848076987100e+00,-5.355087660500056579e+00,-2.091423009229534724e+00
4.161602799510021988e+00,-5.357235765709882358e+00,-2.284187908294647684e+00
4.151853418547283958e+00,-5.373012716051557724e+00,-2.452563655037993229e+00
4.154316147156764671e+00,-5.374658299858563915e+00,-2.631360205586084078e+00
4.155844748757319351e+00,-5.376826786041561945e+00,-2.818873637114257757e+00
4.157763961140278575e+00,-5.378822934742560236e+00,-2.995861318259143147e+00
4.159377079936575683e+00,-5.381377365761581544e+00,3.104884109042738149e+00
4.161361718452521785e+00,-5.383418346242248020e+00,2.925349749251787479e+00
4.162966849457793828e+00,-5.385680304352492342e+00,2.740919236832683126e+00
4.165331168985777488e+00,-5.387543727857389442e+00,2.559143562015152806e+00
4.166937907510882333e+00,-5.389846802612235699e+00,2.379460577866601145e+00
4.167750962318077512e+00,-5.391217698466906683e+00,2.202008362929122498e+00
4.168200433714892128e+00,-5.392642108975146620e+00,2.019345461027030719e+00
4.168270411210361459e+00,-5.394120151841236499e+00,1.837687850585236538e+00
4.166270548631627157e+00,-5.392835587437342149e+00,1.656549690903505345e+00
4.163727648833637218e+00,-5.391551525392591415e+00,1.466222923197775918e+00
4.161865500451093602e+00,-5.391366982405201291e+00,1.284120598170617411e+00
4.159255202071645563e+00,-5.389469037663579876e+00,1.105782879410298181e+00
4.157060149260617621e+00,-5.387512246373280966e+00,9.203122213773646809e-01
4.156361659967855005e+00,-5.384272982177046529e+00,7.280194109948162628e-01
4.154972296085297501e+00,-5.382381068792050804e+00,5.306994793943961009e-01
4.153207984294420285e+00,-5.381703429031700736e+00,3.263439349011653667e-01
4.151576188819672275e+00,-5.379880253172389715e+00,1.242994657863756708e-01
4.167562225321870706e+00,-5.378322956788943898e+00,-8.798335090148602655e-02
4.165721895933637953e+00,-5.377186965295447152e+00,-2.918888313873614360e-01
4.164448688548366029e+00,-5.375559607611118729e+00,-4.996747699800349607e-01
4.163154316242727582e+00,-5.373535378090942949e+00,-7.252096013891080606e-01
4.162341781996107493e+00,-5.371698760696795638e+00,-9.474495312684939607e-01
4.163097538014739918e+00,-5.369809790926802329e+00,-1.140106572727925816e+00
4.163559567030424624e+00,-5.367536152834749608e+00,-1.323760379134635512e+00
4.165136557458579247e+00,-5.365925134077509817e+00,-1.503753665133263473e+00
4.167617334472115687e+00,-5.365382256987817122e+00,-1.685838916801528198e+00
4.170369977081375801e+00,-5.366196051259704447e+00,-1.874473523534618602e+00
4.163969687317308654e+00,-5.387580563080391904e+00,-2.009189703825921214e+00
4.121714313679224695e+00,-5.478095380630827016e+00,-2.004747797817097332e+00
4.077174540714986861e+00,-5.571166565242416269e+00,-2.101256204672849126e+00
4.015273870583387250e+00,-5.658318773481227026e+00,-2.258514246127288239e+00
3.985538664151568433e+00,-5.689462027409359024e+00,-2.296255449670792093e+00
3.915833557068314708e+00,-5.761799987382927313e+00,-2.312898409473270966e+00
3.859357595629088422e+00,-5.833264821041617587e+00,-2.113780809701331975e+00
3.838210008975066589e+00,-5.876730845699520422e+00,-1.906260062188389393e+00
3.826502015975647986e+00,-5.924358507344030578e+00,-1.690937165590985058e+00
3.825363714893311951e+00,-5.974161806204456582e+00,-1.475673028895098327e+00
3.834106954434652437e+00,-6.020786235300541023e+00,-1.269557863203605974e+00
3.851695626513616411e+00,-6.063767414337124961e+00,-1.064613253620017908e+00
3.879871513014531814e+00,-6.105039439703162429e+00,-8.780858282167210982e-01
3.912063856932995964e+00,-6.137355513892023495e+00,-7.008218771829411997e-01
3.952540814124362978e+00,-6.165465713023202454e+00,-5.071610367043383194e-01
4.005131103185357588e+00,-6.187071969521806380e+00,-3.004916437041535437e-01
4.042365906598377912e+00,-6.196276103574454908e+00,-2.363931248545149688e-01
4.111763522411170158e+00,-6.221868846836945188e+00,-4.086162370571759239e-01
4.138025471592985838e+00,-6.235405728802684955e+00,-2.625322537327530736e-01
4.185403504678035347e+00,-6.248922192262944542e+00,-1.134066235231205449e-01
4.193550418368663379e+00,-6.250129598808348952e+00,7.556559559863285092e-02
4.203154912525744358e+00,-6.249857075535979689e+00,2.410667080807001872e-01
4.299899734552952602e+00,-6.222065517878455410e+00,2.533992519782487518e-01
4.397423129292474364e+00,-6.196181375850119188e+00,2.410555229819389689e-01
4.419000623514524939e+00,-6.191219302850091921e+00,3.966197977372326600e-01
4.510992923509233421e+00,-6.149033946839806752e+00,4.448545229955905844e-01
4.568249785055477297e+00,-6.117568981039254616e+00,5.971089708009301722e-01
4.647465250752504495e+00,-6.067335142775426959e+00,4.544684560980709609e-01
4.687689563147576344e+00,-6.045240896374419748e+00,6.239027666027398000e-01
4.708844418218160577e+00,-6.028851398525323368e+00,8.124883463712900822e-01
4.717223103303640919e+00,-6.018436100032574565e+00,1.003103586853995255e+00
4.748677660737158135e+00,-5.967222218284698343e+00,1.035236550860375582e+00
4.772781404636721625e+00,-5.927903096085064050e+00,8.498576172823438801e-01
4.842097228011439825e+00,-5.853723767118386156e+00,8.542307980653023325e-01
4.887598272137283040e+00,-5.794644071364448479e+00,1.017295535867483780e+00
4.941521927804696013e+00,-5.702978043022142174e+00,1.118215127005987464e+00
4.976194300183997221e+00,-5.633637356159909793e+00,1.227785508970708150e+00
4.988957311277098405e+00,-5.616985082425117959e+00,1.359670171081106549e+00
4.990849315222412486e+00,-5.616192424313479314e+00,1.561965568619676947e+00
4.993018268944925175e+00,-5.617113010696151321e+00,1.765016913578141944e+00
4.995391887917392637e+00,-5.616826178045746687e+00,1.987023479724947528e+00
4.996766049471668580e+00,-5.616048367103031680e+00,2.165099098916236642e+00
4.998264430917919832e+00,-5.615023904373495078e+00,2.379317053185643793e+00
4.999547478525477651e+00,-5.613859524516534805e+00,2.589700961338656793e+00
5.000233036106838114e+00,-5.612042895436130330e+00,2.828319075627398149e+00
5.000093944433251281e+00,-5.609966944665699451e+00,3.043412418282497978e+00
4.974232194185747247e+00,-5.606290734822674260e+00,-3.134886838056234915e+00
4.973250317418991706e+00,-5.604780188655048789e+00,-2.957363558696757710e+00
4.969819591965642047e+00,-5.604774079053401081e+00,-2.924094145001312040e+00
4.951950548002341357e+00,-5.608426681982646045e+00,-3.093799993589381625e+00
4.953720386333166026e+00,-5.609739733844802068e+00,3.007513981850257867e+00
4.955299132157835018e+00,-5.611261321899506882e+00,2.827137279877554477e+00
4.938845428115882896e+00,-5.604318654376895914e+00,2.660579452755182039e+00
4.921647879933238379e+00,-5.595400273103884992e+00,2.851563630257727411e+00
4.914625867592468111e+00,-5.592816334037782333e+00,3.032788765374812012e+00
4.913361117270499179e+00,-5.591605143286099810e+00,-3.039307265406909320e+00
4.911004342399422740e+00,-5.590593272009440895e+00,-2.862336580057663227e+00
4.908158027713155569e+00,-5.590318641421956336e+00,-2.673539019437471520e+00
4.904575970442953903e+00,-5.590681576434883837e+00,-2.469775338666085673e+00
4.901198950874754878e+00,-5.591383399180439362e+00,-2.274123204493345263e+00
4.898811608833927522e+00,-5.591319837078464694e+00,-2.080382968529355558e+00
4.895529560607425168e+00,-5.592735351090180274e+00,-1.881132455413480065e+00
4.870343805269481408e+00,-5.686555278213422326e+00,-1.735228980158097567e+00
4.857427264967778768e+00,-5.745727795830366524e+00,-1.891536209143845682e+00
4.818769513388210690e+00,-5.840418279153644754e+00,-1.970924271733049071e+00
4.779248980333176355e+00,-5.933296389610234201e+00,-1.970816673804582253e+00
4.738347920062198071e+00,-6.030454648475695123e+00,-1.966430783587680420e+00
4.698981156319146812e+00,-6.125265213758459559e+00,-1.964826338196367761e+00
4.656750696706369652e+00,-6.222722167059729692e+00,-2.017258292593730129e+00
4.614113375579323773e+00,-6.298482528952403570e+00,-2.185494280666167466e+00
4.567514451841325318e+00,-6.356554267166560024e+00,-2.333457283658113557e+00
4.499841119042774729e+00,-6.418083941803538472e+00,-2.518701141317061243e+00
4.422933197555623863e+00,-6.466348300484092704e+00,-2.699101795544282201e+00
4.345308766449467619e+00,-6.497506229039499814e+00,-2.858163274686243760e+00
4.313827103129242779e+00,-6.509485006173767907e+00,-3.028068121554021719e+00
4.304278898637856621e+00,-6.511350091774367854e+00,3.067041004668413784e+00
4.295486547801712796e+00,-6.511247521657991477e+00,2.884298857406575323e+00
4.291831858346801809e+00,-6.511159872969118467e+00,2.654621689989774325e+00
4.291521295765368116e+00,-6.511748890397294431e+00,2.455588179096910739e+00
4.291569727712620796e+00,-6.513987532549452730e+00,2.270397954576286459e+00
4.290921514397337155e+00,-6.515612044158370253e+00,2.068625027801761274e+00
4.289015387827970649e+00,-6.517357361013861095e+00,1.830343037677234275e+00
4.287257558661369927e+00,-6.518422713935144941e+00,1.655995864355668701e+00
4.284690696011996813e+00,-6.519015863676419720e+00,1.429498059797651655e+00
4.283589993899411752e+00,-6.508906931986702560e+00,1.284049700810337091e+00
4.290081100137762782e+00,-6.486320033350914116e+00,1.094099942593886210e+00
4.305702735406626402e+00,-6.456026796484120922e+00,9.497732668666681866e-01
4.306125824429449800e+00,-6.454200401360330908e+00,7.357162252507426503e-01
4.304762451193611561e+00,-6.453089098297717818e+00,5.338102894322888092e-01
4.302534080743478206e+00,-6.451705461185127000e+00,3.446424046437893129e-01
4.300481953253223466e+00,-6.450295829844896467e+00,1.374267672222911629e-01
4.298527061932092330e+00,-6.448568698795999588e+00,-1.115091988352687608e-01
4.297012325683181366e+00,-6.447101119857420848e+00,-3.006570468909622873e-01
4.296096023825436205e+00,-6.445465815875579096e+00,-4.778742711923915643e-01
4.295783340247544935e+00,-6.443508744235685981e+00,-7.013569055299179178e-01
4.295649747101039750e+00,-6.441741613735061378e+00,-8.789813144783823473e-01
4.296302732698635829e+00,-6.438571733903360794e+00,-1.070314053097115359e+00
4.301258810821742884e+00,-6.446292294694687897e+00,-1.242698387720000186e+00
4.302441703616376678e+00,-6.446413977200712075e+00,-1.421294825437547926e+00
4.303714249715976159e+00,-6.445861838692764856e+00,-1.601295941064527328e+00
4.295600608990899794e+00,-6.535824792029204744e+00,-1.761329527546822149e+00
4.264604402704267549e+00,-6.635529504933860956e+00,-1.918420759170510692e+00
4.224542051913450003e+00,-6.731798491108874849e+00,-2.004729136369602038e+00
4.174254707295744993e+00,-6.828827678279766999e+00,-2.066518497960226242e+00
4.120873178852956009e+00,-6.918981255046172230e+00,-2.123616232269152970e+00
4.061711660657428169e+00,-7.009418111288435504e+00,-2.177897523070671415e+00
4.002244091067599818e+00,-7.090260582095207376e+00,-2.225936744204616957e+00
3.941247163235032325e+00,-7.169728203478313411e+00,-2.229337367850636742e+00
3.879212044969030604e+00,-7.249482536988710812e+00,-2.231577255737025922e+00
3.815777077506607107e+00,-7.332146139434519760e+00,-2.231517950868868283e+00
3.752870504584172817e+00,-7.413574058717536275e+00,-2.240708570537123911e+00
3.748347285180943622e+00,-7.420896141006865676e+00,-2.417119799552604142e+00
3.750193550849640456e+00,-7.422143366248263874e+00,-2.581636241329155368e+00
3.690789444964629240e+00,-7.458937010814664426e+00,-2.761996912139514926e+00
3.672897489107815439e+00,-7.465884076291127158e+00,-2.945361843074867370e+00
3.652348790942493650e+00,-7.469309752320905105e+00,-3.117811981824449852e+00
3.566330979007509505e+00,-7.467205078116001538e+00,3.001711303473042936e+00
3.560144505529156955e+00,-7.467332266641413696e+00,2.822494448008502133e+00
3.554174072631818060e+00,-7.466284135588452386e+00,2.645282715678745955e+00
3.548142695968996563e+00,-7.463737701496999222e+00,2.465926762700976216e+00
3.543211584972790096e+00,-7.460481016907776208e+00,2.286799947690473900e+00
3.537063509331634492e+00,-7.453408585854114143e+00,2.097339779450763775e+00
3.532712940831387094e+00,-7.447027494511039514e+00,1.921135981821876948e+00
3.530310723586059574e+00,-7.441171099898695296e+00,1.743897039362270585e+00
3.528475249627201382e+00,-7.434617533604024331e+00,1.564160767704100730e+00
3.528131273307396842e+00,-7.427659043480681511e+00,1.385057914961315806e+00
3.529825249666421527e+00,-7.418421188749168671e+00,1.202077666833389236e+00
3.534426029299887251e+00,-7.407067912348155758e+00,1.019901969676862974e+00
3.539215135422308478e+00,-7.398721776850528009e+00,8.416995073295554519e-01
3.551295820909382783e+00,-7.386161659587816786e+00,6.589839931186162181e-01
3.556725639105582815e+00,-7.380903134204958249e+00,4.811319184202125232e-01
3.564567697604689833e+00,-7.376472469651286445e+00,2.923140427331212821e-01
3.572203113869425462e+00,-7.374148456118142292e+00,1.155614183101819764e-01
3.583184149453215284e+00,-7.373237034376771248e+00,-6.253119995752905169e-02
3.599997735353841932e+00,-7.375447255531534907e+00,-2.102558090923597744e-01
3.652128867655703104e+00,-7.386757907569594828e+00,-3.676555833197446277e-01
3.671719580626804813e+00,-7.397023987658491784e+00,-5.352334147371524686e-01
3.672581255062935757e+00,-7.397189552414218383e+00,-7.193929752166597913e-01
3.674018923126674885e+00,-7.397354249503216295e+00,-9.297587843727580514e-01
3.675725504743174721e+00,-7.398465028820039535e+00,-1.126829662145422795e+00
3.677448214047007280e+00,-7.399826321790604844e+00,-1.312751765853567232e+00
3.679553397759592670e+00,-7.401770173787273421e+00,-1.522016499978709803e+00
3.681429421512428579e+00,-7.403839541304442662e+00,-1.709100079529813687e+00
3.682517888758414237e+00,-7.407317555112230778e+00,-1.919206578407899766e+00
3.683307228426847768e+00,-7.411022519019518917e+00,-2.115692346239870680e+00
3.683623657725136891e+00,-7.414596687997954128e+00,-2.299730126835672905e+00
3.683170648041521833e+00,-7.418545610572693683e+00,-2.510612510052090407e+00
3.630349058027789511e+00,-7.455077323387996557e+00,-2.683114855365761109e+00
3.594953178738046429e+00,-7.472649485467522723e+00,-2.847595034536849479e+00
3.590380445274699461e+00,-7.475683088640427520e+00,-3.027542000559356961e+00
3.583139425862880145e+00,-7.477810220991065293e+00,3.068533920074125287e+00
3.576844978174283707e+00,-7.479112466400041903e+00,2.905959380458120744e+00
3.546175999694316072e+00,-7.473424622734014200e+00,2.748671555578550585e+00
3.543687613481913967e+00,-7.473583463831663387e+00,2.567380725093105553e+00
3.544431524018066160e+00,-7.475797763797458195e+00,2.383127954049382158e+00
3.538071321360247268e+00,-7.470431853272273770e+00,2.237105311812476405e+00
3.478456657705094379e+00,-7.394223078036942454e+00,2.265260866124755967e+00
3.472586294331689860e+00,-7.386823308670568800e+00,2.435522370144068471e+00
3.447414656878596606e+00,-7.368110508498457278e+00,2.589176241367590947e+00
3.445429689731300815e+00,-7.366361827409753538e+00,2.769101272664317825e+00
3.442024704060308693e+00,-7.364902316913842562e+00,2.951434921693231850e+00
3.437822720543673771e+00,-7.363840378314010948e+00,3.065955239254714915e+00
3.415138915933847219e+00,-7.360506872557492919e+00,2.917800503534012435e+00
3.315971963776928710e+00,-7.339374004935324436e+00,2.921340013953289905e+00
3.225807233871929469e+00,-7.320618883975047453e+00,3.117552975210510002e+00
3.222836471187144891e+00,-7.319164751744726694e+00,-2.953596351602899350e+00
3.219575489985704753e+00,-7.317769169757950110e+00,-2.765431524934514940e+00
3.215873570887186172e+00,-7.317155316888091399e+00,-2.552639349300817262e+00
3.213157888473945345e+00,-7.316430439818289777e+00,-2.308641636456386870e+00
3.210172938556393962e+00,-7.315939974915580457e+00,-2.127226078470315418e+00
3.206764898070660674e+00,-7.316619631677065527e+00,-1.906424486784365602e+00
3.203962753699768573e+00,-7.317092745227296469e+00,-1.654742934619036987e+00
3.201605371190872518e+00,-7.318899209027299513e+00,-1.408961123158050555e+00
3.200084198241196276e+00,-7.323602015577220570e+00,-1.192481253234410232e+00
3.200118875546818842e+00,-7.327726240121793744e+00,-9.942280301040417045e-01
3.201394662530028246e+00,-7.330707422676939089e+00,-7.593870773764841431e-01
3.202382711685429317e+00,-7.332536093656972120e+00,-5.822396863631127406e-01
3.204575630652489071e+00,-7.335685130629321371e+00,-4.060096982264309040e-01
3.300381548657615127e+00,-7.369203198398091459e+00,-3.138904712463962410e-01
3.398202551468224364e+00,-7.401074561099119542e+00,-3.125178175831033744e-01
3.498669629720380758e+00,-7.433539189380489631e+00,-3.134667593751325199e-01
3.598481974696027041e+00,-7.466017123407294953e+00,-3.033064665227159229e-01
3.676084061988374341e+00,-7.485712005881890008e+00,-1.176831415686026561e-01
3.677183414079547408e+00,-7.487390472232669403e+00,7.516344263420540739e-02
3.690009970286187713e+00,-7.487608964296488701e+00,2.380065691375551351e-01
3.733176313197627216e+00,-7.476703536661507776e+00,3.820495622739392139e-01
3.823874330346940464e+00,-7.445077379620816949e+00,3.784039478857424421e-01
3.836919551730682443e+00,-7.443572923406937214e+00,5.422228695435850065e-01
3.851102742050276362e+00,-7.438176866875552129e+00,7.242976090738207917e-01
3.852864911406073567e+00,-7.439074861288148099e+00,9.153269755037163335e-01
3.885498090361912737e+00,-7.390781651916880080e+00,1.056997051328650850e+00
3.906424398335384573e+00,-7.348694835551711435e+00,1.227915853501733379e+00
3.915991342220583871e+00,-7.315642545069770186e+00,1.415669130854012359e+00
3.918348397019161045e+00,-7.291553865735307838e+00,1.594327320275511273e+00
3.915984461463979827e+00,-7.265045595342534135e+00,1.784756797111604731e+00
3.903582118185755068e+00,-7.223158344509564621e+00,1.945677508538913303e+00
3.910907621084908303e+00,-7.244327538070061578e+00,2.035807529745579103e+00
3.906958761635278332e+00,-7.236362304523734856e+00,2.207270382912383866e+00
3.892710753246590105e+00,-7.216105770742458958e+00,2.131722362185402009e+00
3.915364832184891508e+00,-7.252459220685479657e+00,1.974248955180165632e+00
3.909367505925183561e+00,-7.235156979419531176e+00,1.758816606971190577e+00
3.907622290701559198e+00,-7.231346289779196468e+00,1.580044133372690895e+00
3.908137881346565923e+00,-7.206519767840085855e+00,1.404993412569797817e+00
3.913138087482840533e+00,-7.179612129829695100e+00,1.217494336279542511e+00
3.923182336743405774e+00,-7.153793624979895682e+00,1.040845399070706057e+00
3.944142024962220550e+00,-7.116971731287056180e+00,9.322554850793159931e-01
3.954527324665990218e+00,-7.099122886662635246e+00,1.010810722302612152e+00
3.970214598745221757e+00,-7.064361751259582434e+00,8.519221797653070416e-01
3.996349576732901809e+00,-7.034523976270812717e+00,6.775474006212774958e-01
4.021276232529574557e+00,-7.013525173380783961e+00,5.351018589253575541e-01
4.035509796282773287e+00,-6.999737890882689939e+00,4.960257101504160770e-01
4.036007745142321745e+00,-7.000770397022472835e+00,6.693600196172467820e-01
4.036803349929455109e+00,-7.002328203852851374e+00,8.481152549707108301e-01
4.037773937465608753e+00,-7.003827971544339448e+00,1.026416061389317846e+00
4.038948181153100947e+00,-7.004520689816528645e+00,1.229232425371068471e+00
4.040338756329165726e+00,-7.004332532611234008e+00,1.426422834407669482e+00
4.040909038920297291e+00,-7.003451822971757501e+00,1.608493998656502999e+00
4.041550599574021518e+00,-7.002435261541381628e+00,1.790436410279162560e+00
4.041807389215006374e+00,-7.000295838885839395e+00,1.986288133215044160e+00
4.041324869357572958e+00,-6.998464883659440083e+00,2.163106364702329643e+00
4.040580599111562421e+00,-6.995718488003462632e+00,2.329675826682999329e+00
3.967437077574537341e+00,-6.921327181821951946e+00,2.329897525791976065e+00
3.893043686645512036e+00,-6.843643222526164749e+00,2.326516060555569254e+00
3.820098468277102643e+00,-6.767278131663325702e+00,2.328085132137855062e+00
3.742487220256454972e+00,-6.689245274860843971e+00,2.369375278840324395e+00
3.666227371673202562e+00,-6.628475591272151135e+00,2.515837228642814338e+00
3.578373868925268209e+00,-6.580402924640583073e+00,2.694373705648130723e+00
3.516172715234560542e+00,-6.558112239889847928e+00,2.804617692455471989e+00
3.414015022649601327e+00,-6.532335358364901090e+00,2.900812029855013741e+00
3.307675859730778711e+00,-6.508653097869487425e+00,2.868759938122882769e+00
3.259835628386054562e+00,-6.492152444200699257e+00,2.673844081676544970e+00
3.221763534465192702e+00,-6.471832049686851107e+00,2.472036781638980329e+00
3.193291634254701972e+00,-6.448915193665303747e+00,2.274687015307139681e+00
3.172712387456147365e+00,-6.422884188537515193e+00,2.066299340029725595e+00
3.160749350819159975e+00,-6.398854838671783618e+00,1.887909574392304446e+00
3.153855779289894024e+00,-6.376171637995625474e+00,1.710058570007139789e+00
3.154537168421561510e+00,-6.374152578493952781e+00,1.782240454112706596e+00
3.156596756323911457e+00,-6.375878055585817883e+00,1.968412779596077300e+00
3.158324379482331246e+00,-6.376568342561322211e+00,2.142742929278200315e+00
3.160364580896750653e+00,-6.376822338092612341e+00,2.336349249375254900e+00
3.162877828790726653e+00,-6.377055377587127261e+00,2.502640960583390584e+00
3.165915211252388506e+00,-6.377241983781445356e+00,2.678290924130964257e+00
3.152864579829215419e+00,-6.372833024929125401e+00,2.840373185876349016e+00
3.063277952839492002e+00,-6.352285237759735637e+00,2.860909222401217811e+00
2.967124598173063177e+00,-6.326924656336506025e+00,2.854790699236239515e+00
2.872777448275424916e+00,-6.301164931763985066e+00,2.820745857350290375e+00
2.824944367747500795e+00,-6.290867107043299100e+00,2.641363342768273892e+00
2.826188230266651225e+00,-6.295061903006322623e+00,2.431278650818594844e+00
2.827221450123142077e+00,-6.298283174338663137e+00,2.241335374234606714e+00
2.827053998241731314e+00,-6.301808206404421853e+00,2.046023105476072690e+00
2.826046519308741178e+00,-6.304904769115689867e+00,1.794626968159639180e+00
2.824512751524612231e+00,-6.307512095230975113e+00,1.545485521100092186e+00
2.822913965607046993e+00,-6.309405662410754623e+00,1.351020632771788188e+00
2.820590343818190959e+00,-6.310593199611384208e+00,1.139394487541906642e+00
2.817869375541800281e+00,-6.310799823446262558e+00,8.735740453450033804e-01
2.815832327095942222e+00,-6.310619007582992879e+00,6.832045277005851514e-01
2.813008035080384772e+00,-6.309957843362001384e+00,3.774095113883504382e-01
2.811648210277058801e+00,-6.309270095284428059e+00,2.025343186715972688e-01
2.810466264563039829e+00,-6.308713710642779304e+00,1.595682686173624173e-02
2.809586991694767999e+00,-6.307676330131664066e+00,-1.759651426240710359e-01
2.808603555554201936e+00,-6.306529596419688133e+00,-3.884695775992773048e-01
2.808273247836005737e+00,-6.305233783189873265e+00,-6.574693677235229350e-01
2.808757005351611546e+00,-6.304248675484255493e+00,-8.485186798329609204e-01
2.810161152859862899e+00,-6.302270720761094402e+00,-1.153613633348808065e+00
2.812648257551612296e+00,-6.301209712909040306e+00,-1.421262321358365055e+00
2.814728489048922810e+00,-6.301226128119933101e+00,-1.601124755288321877e+00
2.817320154030509283e+00,-6.301152875066304837e+00,-1.811397409326047647e+00
2.820431898031492413e+00,-6.301912881715731274e+00,-2.006908372048327838e+00
2.823081524652483409e+00,-6.303259844300436399e+00,-2.192297326469817786e+00
2.825851779519300333e+00,-6.305220592925894429e+00,-2.370354833220431612e+00
2.828779208251087418e+00,-6.307457036417677188e+00,-2.557692130285128318e+00
2.831580764167733300e+00,-6.310030034655018660e+00,-2.776193430628979719e+00
2.833376139842285202e+00,-6.312471087818789073e+00,-2.961943278331619744e+00
2.835559673796880009e+00,-6.315060338857480637e+00,-3.136551838362184874e+00
2.837401325475697345e+00,-6.318132166803069438e+00,2.959212299498332754e+00
2.838788407754336163e+00,-6.321598825628663931e+00,2.744927126857837685e+00
2.840032958688856635e+00,-6.324440845230197894e+00,2.565613669326187729e+00
2.840562327753895389e+00,-6.328043907518418720e+00,2.374820988512827302e+00
2.840394710634154496e+00,-6.333328540033316578e+00,2.067948504645351182e+00
2.839397433383657354e+00,-6.336144996436106069e+00,1.893176747593857234e+00
2.838544146824653058e+00,-6.338340675438924876e+00,1.702389498534771173e+00
2.836854723471262218e+00,-6.340725110696647349e+00,1.510948897803584545e+00
2.834881882606316683e+00,-6.342832055799926039e+00,1.299006080428322107e+00
2.832169066108171762e+00,-6.343677665438172575e+00,1.032158279030441106e+00
2.830107352060565074e+00,-6.343710326685083167e+00,8.438850839245389812e-01
2.828064936202252078e+00,-6.343615249965703029e+00,6.691119968070187163e-01
2.825882790211883044e+00,-6.343305614199155507e+00,4.435534652644368969e-01
2.824902264839364907e+00,-6.342799292270646205e+00,2.690015560185594623e-01
2.823862506184401155e+00,-6.342021945459886290e+00,7.740821187190689845e-02
2.822550558328777104e+00,-6.340442454056399058e+00,-2.279541292839021849e-01
2.821303514339719598e+00,-6.338837770930063620e+00,-4.969304320291762500e-01
2.821332661380507201e+00,-6.337915183204803071e+00,-6.903475300907383483e-01
2.822240714249514504e+00,-6.335729640507322458e+00,-9.962750111946289122e-01
2.824211210239230052e+00,-6.334468279520194756e+00,-1.262426026633871157e+00
2.826024191580412737e+00,-6.333806281994136533e+00,-1.449818453168248755e+00
2.828650354916242282e+00,-6.333600003825149649e+00,-1.653087633065419615e+00
2.830835345289819394e+00,-6.333870448207234993e+00,-1.833148115374642506e+00
2.834086642844642512e+00,-6.334883533833365554e+00,-2.076232995109293711e+00
2.838017194579471436e+00,-6.336901263261454531e+00,-2.340114578273646107e+00
2.841228224079139331e+00,-6.339576791340441275e+00,-2.566161688818067166e+00
2.844039214433581986e+00,-6.342363650871865488e+00,-2.798002975995874664e+00
2.847058257532958603e+00,-6.345679925707289115e+00,-3.044580233211465981e+00
2.849425824741386837e+00,-6.349006998678350833e+00,3.022009918488683500e+00
2.851101058070264926e+00,-6.352895641399489257e+00,2.789106628690184664e+00
2.852528317355330412e+00,-6.357156247606430277e+00,2.541171596620434681e+00
2.853232730078717694e+00,-6.361251554788693419e+00,2.322630794382518182e+00
2.853326808397958381e+00,-6.365312715275069699e+00,2.073197225919354292e+00
2.852526754254659291e+00,-6.368730649262570154e+00,1.857562153337667832e+00
2.851009708953443411e+00,-6.371639298650704220e+00,1.626770159939894711e+00
2.849032751311816103e+00,-6.374423170144432049e+00,1.408087241189212691e+00
2.846680072170041154e+00,-6.376544813825733904e+00,1.159646965375265903e+00
2.844512792603483220e+00,-6.376900097088370245e+00,9.312230002574578558e-01
2.841659612457804851e+00,-6.376582757103376409e+00,6.833532682617515785e-01
2.840095537689540706e+00,-6.376442353392267393e+00,4.668789047842841211e-01
2.838632420225020159e+00,-6.375737859607076174e+00,2.160327564100330555e-01
2.837357417249428249e+00,-6.374696311529458370e+00,-1.259177408214952072e-03
2.836604316140002080e+00,-6.373588998590914656e+00,-2.326596008302365404e-01
2.836053900456283916e+00,-6.372810118436131432e+00,-4.494510027073816971e-01
2.835532077244162341e+00,-6.371421906050517059e+00,-6.989812471433302088e-01
2.835940063241933817e+00,-6.370227824765771985e+00,-9.290176056112640079e-01
2.837210506029561152e+00,-6.368909440767521524e+00,-1.175763575032771513e+00
2.838925339661448000e+00,-6.368501605472546956e+00,-1.391045890755886472e+00
2.842104115558210076e+00,-6.368225676622752296e+00,-1.639090929884274628e+00
2.845012403547474644e+00,-6.368361293916932730e+00,-1.858656980956821636e+00
2.848144194817038954e+00,-6.369603454225968520e+00,-2.090957830883669377e+00
2.851986543691459097e+00,-6.371419808027577680e+00,-2.328596444035492041e+00
2.857141875488871108e+00,-6.376268313293211421e+00,-2.504790117001943095e+00
2.860093605275973783e+00,-6.380310291454145855e+00,-2.686479938025841729e+00
2.862404456650372353e+00,-6.383347406036029348e+00,-2.875131348396680497e+00
2.864115852430049181e+00,-6.386611055170060780e+00,-3.054444278432748572e+00
2.865996778258764088e+00,-6.389669914166118403e+00,3.044480140867058537e+00
2.868428069503806022e+00,-6.396107497058946656e+00,2.868942249509758291e+00
2.870105286849055304e+00,-6.401585983975961902e+00,2.687992385158517017e+00
2.826345418720232150e+00,-6.379942858506925774e+00,2.542541019766033639e+00
2.792215085576897238e+00,-6.353549862858835162e+00,2.406154079075692120e+00
2.792704051401546650e+00,-6.354928256787158780e+00,2.485498282707391482e+00
2.712906244042625925e+00,-6.292649573955491071e+00,2.454873124675055696e+00
2.632730045276094000e+00,-6.227407723455787192e+00,2.453151623776204548e+00
2.551788190804087808e+00,-6.161567909284213940e+00,2.451440767576567925e+00
2.469485397025406037e+00,-6.094145308909185488e+00,2.448890414245276315e+00
2.388546841648499619e+00,-6.027630424024499334e+00,2.446952488462594388e+00
2.303040449832476355e+00,-5.956808928132889314e+00,2.444414540823578896e+00
2.222288974065110168e+00,-5.890065650782908335e+00,2.444499895120075372e+00
2.147807573777599899e+00,-5.829509914532421178e+00,2.446260692676723636e+00
2.129345264997981602e+00,-5.818228431003618084e+00,2.284186503335539520e+00
2.129731491231937834e+00,-5.820980476716456131e+00,2.104241315591286909e+00
2.106164424837002613e+00,-5.773830444296685904e+00,1.973478319109235990e+00
2.105252832275338104e+00,-5.771319390964601226e+00,2.114380699710702860e+00
2.101561982478223900e+00,-5.769369837553310454e+00,1.997976274630734350e+00
2.062809426841772265e+00,-5.682517164663003051e+00,1.861004997120824234e+00
2.051001945499745016e+00,-5.624041407276224369e+00,1.703177411407306385e+00
2.050578058839877649e+00,-5.564325044419125454e+00,1.528761859540815893e+00
2.062728597442970990e+00,-5.500037487696969762e+00,1.328495072955218292e+00
2.077255636843954534e+00,-5.462824637055115673e+00,1.265175012386160036e+00
2.079283383427279031e+00,-5.461372982442926904e+00,1.440954805377453907e+00
2.081514547125293824e+00,-5.459816736130129300e+00,1.630964471772965219e+00
2.083226294208013307e+00,-5.457947373674003622e+00,1.805571366009916412e+00
2.076271105410653739e+00,-5.430219254337549373e+00,1.944101785754133616e+00
2.060264101223263200e+00,-5.391373503917178844e+00,2.115173287701847205e+00
2.036386543848164532e+00,-5.357371078483177840e+00,2.288967131565094792e+00
2.021721745924392355e+00,-5.340793882127789161e+00,2.464451328514250861e+00
1.978851316961528051e+00,-5.308729362873818580e+00,2.587427418520080735e+00
1.939171312458163099e+00,-5.287996741314825222e+00,2.759669273513888577e+00
1.844836017402824657e+00,-5.259849452985068119e+00,2.880040381587096743e+00
1.746149694185889834e+00,-5.234214604753343103e+00,2.895023057986255477e+00
1.696946189628181223e+00,-5.221018447807768581e+00,3.054479006550738784e+00
1.694504030820316975e+00,-5.217957151554171169e+00,-3.050771221056198357e+00
1.692934751941386651e+00,-5.215767348721361607e+00,-2.856827757166858994e+00
1.691027208472044130e+00,-5.213623931836989023e+00,-2.680638819965696307e+00
1.688934074813052355e+00,-5.212156196535504549e+00,-2.504118143925762485e+00
1.669051156036003292e+00,-5.223785746566321997e+00,-2.326228148746694036e+00
1.622954651353013311e+00,-5.274918239400958164e+00,-2.174767466891849743e+00
1.590706164509538834e+00,-5.325115217048231209e+00,-1.989328428125430648e+00
1.573419798108249168e+00,-5.366866786382719745e+00,-1.803660499158640240e+00
1.564369898987586049e+00,-5.409941983490996087e+00,-1.624165201039315498e+00
1.560754368126866520e+00,-5.431987554242596161e+00,-1.441122609810066457e+00
1.556694899047982750e+00,-5.432417779067809427e+00,-1.269786175280425367e+00
1.553893345648416302e+00,-5.433256269620857282e+00,-1.091537919565399584e+00
1.551854685304750348e+00,-5.434566698934922613e+00,-8.969696048025382895e-01
1.550539741548713435e+00,-5.435711350747493675e+00,-6.952644303531089198e-01
1.550001552552634942e+00,-5.437147710162037129e+00,-4.715969403385624759e-01
1.549626451578841380e+00,-5.438750803479570628e+00,-2.596467642565410405e-01
1.549875989727506065e+00,-5.440524306440223334e+00,-3.173766697977901258e-02
1.550630847523590594e+00,-5.442057323612589315e+00,1.531393080661435091e-01
1.552077764529309123e+00,-5.444206195954233607e+00,4.161741254212470431e-01
1.554144891543489893e+00,-5.445821794887931055e+00,6.692323504720838478e-01
1.555755442449823667e+00,-5.446507021683866689e+00,8.748298731047009502e-01
1.557391603677922065e+00,-5.446805874547404613e+00,1.066081206637409906e+00
1.558963232969193369e+00,-5.446597735638069260e+00,1.249467658219339805e+00
1.560205945692514362e+00,-5.445641368138649518e+00,1.428201395826898645e+00
1.561434069645600387e+00,-5.444213406271530609e+00,1.638693625597133385e+00
1.562152947243857781e+00,-5.442478913194882750e+00,1.829475678092070678e+00
1.562283316543285228e+00,-5.440598214111115105e+00,2.013929205715118353e+00
1.562357965163405638e+00,-5.438308890688978714e+00,2.194599120816687510e+00
1.561574897102500081e+00,-5.435460367315799957e+00,2.408344066573590236e+00
1.560396853083455104e+00,-5.433179554857179738e+00,2.599024005583854713e+00
1.558994447458338817e+00,-5.430108474631897053e+00,2.794895004632492963e+00
1.556917299286503020e+00,-5.427462561425244303e+00,3.057970364056442847e+00
1.554665815032353349e+00,-5.425174464938193886e+00,-3.014483742691605794e+00
1.551939769604798958e+00,-5.423395302842301646e+00,-2.823009937264140401e+00
1.548036110173111046e+00,-5.421286074203340632e+00,-2.582713891221694258e+00
1.489380606089884651e+00,-5.459875287575750136e+00,-2.414652270173506476e+00
1.465895436788571704e+00,-5.478927871537172756e+00,-2.228433804146300989e+00
1.450337522326028417e+00,-5.495556814980926852e+00,-2.043363725146383203e+00
1.438303533299308379e+00,-5.514561343111362035e+00,-1.855764341848440635e+00
1.429903119697696345e+00,-5.534768190258230192e+00,-1.670281850259818901e+00
1.425897742015274083e+00,-5.555584005566133854e+00,-1.484321906529443735e+00
1.426087340334457165e+00,-5.576422622656751926e+00,-1.298033008472273986e+00
1.430021900036586802e+00,-5.596931678301480417e+00,-1.113405057182484503e+00
1.438203758005253130e+00,-5.615813362631159933e+00,-9.276558237152826569e-01
1.450345925372920508e+00,-5.633558182116820134e+00,-7.445968640767947067e-01
1.465283583053294425e+00,-5.648287955296949825e+00,-5.641813364989131108e-01
1.482569003252616646e+00,-5.660114273550808761e+00,-3.831965666543560300e-01
1.501908279367850207e+00,-5.668679932929879151e+00,-2.011065966450786002e-01
1.522343645233239728e+00,-5.673644626735757868e+00,-1.980632936838183991e-02
1.543209246211053820e+00,-5.674415384270669271e+00,1.626520731562664801e-01
1.563813607944158690e+00,-5.671433306107300787e+00,3.442019728613066043e-01
1.583275704398879435e+00,-5.664657655457451924e+00,5.260706726623383123e-01
1.601378822093124432e+00,-5.654425480336201737e+00,7.092550848386383056e-01
1.616851835355142208e+00,-5.641034963846093930e+00,8.903120096199839129e-01
1.629710973271574659e+00,-5.625179610765545846e+00,1.068282325845469227e+00
1.639074322813994566e+00,-5.606796409222307709e+00,1.249397978480066840e+00
1.644379554746236982e+00,-5.586751412117051174e+00,1.430792091551477796e+00
1.646635884787019721e+00,-5.565826092385885993e+00,1.607531357957542317e+00
1.645153679909304500e+00,-5.544133444421918355e+00,1.787441306699759425e+00
1.639437013240895746e+00,-5.522985583202864923e+00,1.967502759466286388e+00
1.629916454605089937e+00,-5.502947834083475875e+00,2.148595539958041201e+00
1.616471191868367629e+00,-5.484254093071486480e+00,2.332246892884799472e+00
1.599972056105241069e+00,-5.468056386112979617e+00,2.515792301219086369e+00
1.580960141540385555e+00,-5.454975665496321291e+00,2.698517162436405492e+00
1.559544857253711614e+00,-5.445081926860679822e+00,2.885155257863031064e+00
1.537070963816382863e+00,-5.438891008651674852e+00,3.068566730252864971e+00
1.514138472544651837e+00,-5.437057851448825474e+00,-3.030209848655609051e+00
1.491384992505672580e+00,-5.439110625017018030e+00,-2.845430630704089303e+00
1.469626394579861772e+00,-5.445338546766453902e+00,-2.661533729656573755e+00
1.448918288986243530e+00,-5.455355399611299561e+00,-2.476115373465253899e+00
1.430729508871483313e+00,-5.468561248624400406e+00,-2.291185077979681850e+00
1.415425860857199236e+00,-5.484642473290857190e+00,-2.107099695670684891e+00
1.403262154701089282e+00,-5.503120070945869635e+00,-1.921463561678864673e+00
1.394604784192431168e+00,-5.523350280599991002e+00,-1.734256214559311893e+00
1.390043711730256204e+00,-5.543851141006553185e+00,-1.552585860391201278e+00
1.389648290259180685e+00,-5.564938064459575173e+00,-1.366741506021832864e+00
1.392917515361953074e+00,-5.585874356690170295e+00,-1.183436125886790924e+00
1.400092422536419967e+00,-5.605971576270957435e+00,-1.001521901118773705e+00
1.410875566819646876e+00,-5.624289210511280501e+00,-8.178486820541656099e-01
1.425513048271645600e+00,-5.640193498569447961e+00,-6.336825728341536346e-01
1.442375174294678652e+00,-5.652789899673726026e+00,-4.511803282080614763e-01
1.461751022623822394e+00,-5.662599998757684716e+00,-2.668226653002401805e-01
1.482717970702795984e+00,-5.668658383442499726e+00,-8.264371652876487118e-02
1.504640701604955666e+00,-5.671316276688994407e+00,9.357960258603365000e-02
1.526701509662416356e+00,-5.670161898806322931e+00,2.708773409107624319e-01
1.548122417496215153e+00,-5.665405115422764482e+00,4.491663800478281066e-01
1.567795625409793336e+00,-5.656916052108594606e+00,6.274179432420989855e-01
1.585621215425664143e+00,-5.645088293678727887e+00,8.065387805056152271e-01
1.601195345336162923e+00,-5.630620802146419912e+00,9.835765031459170471e-01
1.613540267002205653e+00,-5.613758451299656116e+00,1.161121691066071993e+00
1.622522549692653415e+00,-5.594542275181515478e+00,1.338867944719524194e+00
1.627089733554039075e+00,-5.574248576022012180e+00,1.517152318858432380e+00
1.628275501653477342e+00,-5.553229871577704202e+00,1.694161297936794597e+00
1.625659100051235262e+00,-5.532206849713843688e+00,1.870204205157570909e+00
1.619417089701954415e+00,-5.511870947659897269e+00,2.045717980408173542e+00
1.609376863354726073e+00,-5.492848831780483110e+00,2.223477926217070966e+00
1.595759869716201873e+00,-5.475378913660128077e+00,2.404860566100227359e+00
1.578110205025080814e+00,-5.460530923775976042e+00,2.590955132051057763e+00
1.557255917257474698e+00,-5.449305183168825728e+00,2.779844928061700138e+00
1.534500978476746269e+00,-5.441461467971258514e+00,2.969736472235149805e+00
1.510763900155667860e+00,-5.437153734708627617e+00,-3.127937454389658978e+00
1.487133952575800722e+00,-5.437469476935298474e+00,-2.940971308415876617e+00
1.463977107578528836e+00,-5.442044597631142899e+00,-2.752801684962079776e+00
1.441895709660112823e+00,-5.450374305929387653e+00,-2.567073676719147546e+00
1.421615065045930493e+00,-5.462435767789568963e+00,-2.377607118476481762e+00
1.394790694356537131e+00,-5.488749334356044507e+00,-2.188127964816737325e+00
1.371810519165256315e+00,-5.521641263877204331e+00,-2.005899519911650497e+00
1.355047935738783904e+00,-5.557970468009831855e+00,-1.817944989927248400e+00
1.345723356101474755e+00,-5.594497265229558813e+00,-1.639025959333934468e+00
1.343524784793376003e+00,-5.632947625298466932e+00,-1.450450578259742329e+00
1.348082745981304287e+00,-5.670834811136400866e+00,-1.267030893502968603e+00
1.359313888730122155e+00,-5.706016343336655972e+00,-1.083911360045139771e+00
1.377533655620724273e+00,-5.739355949549244329e+00,-8.992248582053121719e-01
1.400416699354328776e+00,-5.767091847071786681e+00,-7.163159311421157804e-01
1.428623554516943450e+00,-5.789924921218664089e+00,-5.335952803362100649e-01
1.460869307519401028e+00,-5.807351402036848853e+00,-3.439101655117374756e-01
1.495308875095218593e+00,-5.817662741993187225e+00,-1.619205008934430645e-01
1.532180314784877817e+00,-5.821470927723907174e+00,2.772095541458084386e-02
1.569391190410037717e+00,-5.818495860513925422e+00,2.090225030170270448e-01
1.604783740636974265e+00,-5.808981159329697164e+00,3.879759744016137990e-01
1.639287648411347220e+00,-5.792827188386703519e+00,5.700400651981206712e-01
1.651106727391972395e+00,-5.787219028279954713e+00,7.517680747655285378e-01
1.652308026396846596e+00,-5.788825246776425182e+00,9.344825027207241952e-01
1.653634504221557444e+00,-5.789670108570366125e+00,1.120300645163943454e+00
1.654861323026556974e+00,-5.789958144336064372e+00,1.296374550540631443e+00
1.655686069727726029e+00,-5.789587448342171427e+00,1.471819882316892647e+00
1.657014038201319872e+00,-5.788775822526619486e+00,1.673651608926133738e+00
1.658219156037891384e+00,-5.787991373622275226e+00,1.850631388440161285e+00
1.659059129962447976e+00,-5.786053207930297759e+00,2.088960188572772214e+00
1.659124166269536627e+00,-5.784309480052192143e+00,2.269774617547067663e+00
1.658539952317020560e+00,-5.782498979742680234e+00,2.444995403483224194e+00
1.657907397927138593e+00,-5.780649282115612131e+00,2.641036261939217589e+00
1.656917520380277731e+00,-5.778605196855299830e+00,2.849419328493546288e+00
1.655528197223259168e+00,-5.776986073889532669e+00,3.031365089923744094e+00
1.653689453869134240e+00,-5.775298002550228738e+00,-3.043654400486166089e+00
1.651536695095802809e+00,-5.774021012456746149e+00,-2.862064542618720786e+00
1.649042515598232672e+00,-5.772453774108719848e+00,-2.653535080707023042e+00
1.639699814902223052e+00,-5.776011134694298832e+00,-2.501345803076864271e+00
1.554979955725791063e+00,-5.839865386629439215e+00,-2.502019321877758440e+00
1.468518196900700845e+00,-5.904970459695597640e+00,-2.501919459116683786e+00
1.456310236984360351e+00,-5.912236475770173527e+00,-2.328065064897666403e+00
1.453708918283757701e+00,-5.911826782665640323e+00,-2.131653967209642175e+00
1.450854467378282164e+00,-5.912051205130696374e+00,-1.922190759354164280e+00
1.448345891374387184e+00,-5.912491847918191823e+00,-1.743932732381839878e+00
1.445608954659445722e+00,-5.913780299346125702e+00,-1.530865016215638308e+00
1.443004942671763269e+00,-5.916765260470897125e+00,-1.356050529807845129e+00
1.463629024313118698e+00,-5.997092884924839495e+00,-1.207063214474727531e+00
1.484624864900655039e+00,-6.044335400538304981e+00,-1.024076022259396979e+00
1.493858412704341276e+00,-6.059427974223049240e+00,-1.093463354403761079e+00
1.513311923627410627e+00,-6.092298405908770143e+00,-9.462823057427787177e-01
1.572439093157702805e+00,-6.177425086642149843e+00,-9.457649539177988007e-01
1.631451162894353546e+00,-6.262108180312428551e+00,-9.447360691956611101e-01
1.692613152345712635e+00,-6.347868619169071636e+00,-9.421177303660551727e-01
1.704585262107285892e+00,-6.364078134343681192e+00,-1.129370682897107514e+00
1.705532624877845072e+00,-6.363838377389468448e+00,-1.304684506042578684e+00
1.706906309954978385e+00,-6.363427507590635024e+00,-1.538132616336970626e+00
1.708725145560564540e+00,-6.363255097351766310e+00,-1.730268431813782204e+00
1.711422286993017794e+00,-6.363564318913847551e+00,-1.921990044320487367e+00
1.713154413683574129e+00,-6.364306075128588702e+00,-2.117946065309186832e+00
1.715516377771380219e+00,-6.364838446583267917e+00,-2.301656519126320077e+00
1.717698090146347223e+00,-6.365971246958847196e+00,-2.529150835134233777e+00
1.719943052173601883e+00,-6.368015163207653373e+00,-2.799757164678289723e+00
1.721205369953413555e+00,-6.370385444356551297e+00,-3.049111054048845748e+00
1.722292387917749190e+00,-6.372665703295115058e+00,3.046256524555618128e+00
1.723296294528986028e+00,-6.374523873310439015e+00,2.839944010227116511e+00
1.723633793529546487e+00,-6.376510808899718441e+00,2.653821212830172804e+00
1.724196738551192265e+00,-6.379733779570200269e+00,2.385654651255140202e+00
1.723564235585679949e+00,-6.381787216576497279e+00,2.198229379029437602e+00
1.722388717906572886e+00,-6.384229540089016552e+00,1.985105198655578995e+00
1.720899227103922513e+00,-6.386156390888323209e+00,1.798067476165681189e+00
1.719061578697928194e+00,-6.387634347357653120e+00,1.623704501435364600e+00
1.716668836968816114e+00,-6.388837635080065525e+00,1.436974674834558652e+00
1.713750563813035033e+00,-6.389238095659285577e+00,1.222147303851615074e+00
1.710670718211108055e+00,-6.389194956298713812e+00,1.036160183122390777e+00
1.708094981268204027e+00,-6.388610778059176099e+00,8.613485749380322964e-01
1.705005257648340544e+00,-6.388256246457626908e+00,6.808174421115267272e-01
1.702008178993709819e+00,-6.387274060676219278e+00,4.796418152449920536e-01
1.699104976772266795e+00,-6.385333243221755772e+00,2.360231901177560765e-01
1.696449775188841436e+00,-6.383431006603388802e+00,-1.013488067494612739e-02
1.694496432949088138e+00,-6.382021663121331123e+00,-1.904333295439487872e-01
1.692610045799831209e+00,-6.379722728451599600e+00,-4.150761598295053534e-01
1.691273371504311784e+00,-6.377691194126718699e+00,-6.379747747275449354e-01
1.690452327194285509e+00,-6.375604309137936632e+00,-8.799205162868646291e-01
1.690650730096702414e+00,-6.373707341940337834e+00,-1.086366352021804316e+00
1.691219443876778916e+00,-6.372254572776948400e+00,-1.290645809217400464e+00
1.692444211293914647e+00,-6.370995412015014736e+00,-1.497564966364174355e+00
1.693562903040854328e+00,-6.370633483523644891e+00,-1.683244810152113802e+00
1.693977832784548498e+00,-6.372840841987452265e+00,-1.653565625291791852e+00
1.692255694794362331e+00,-6.375044223704933621e+00,-1.472922743923515299e+00
1.690874626685306303e+00,-6.377845326044921492e+00,-1.281566922760480232e+00
1.689523703447554315e+00,-6.379962626340137888e+00,-1.097455250268133176e+00
1.688746663353896116e+00,-6.382552256458093431e+00,-9.198387805236697412e-01
1.754447055326370464e+00,-6.458255133539324788e+00,-7.798301149123640919e-01
1.830142026821315770e+00,-6.525418551946436274e+00,-6.572994407240678738e-01
1.913955990600865187e+00,-6.585958395669302412e+00,-6.072423272418149276e-01
1.998895607362784155e+00,-6.647243477189332062e+00,-6.094284908885680974e-01
2.039210023477697753e+00,-6.676087650079162827e+00,-7.779423444692001866e-01
2.039280651240304998e+00,-6.675828357177262085e+00,-9.698366356505628838e-01
2.039648680110235368e+00,-6.675050576563075211e+00,-1.150056314953507020e+00
2.041042315193619228e+00,-6.674623007876794745e+00,-1.334149179843016286e+00
2.042509576763089640e+00,-6.674132553278736779e+00,-1.536010506106870954e+00
2.044321164114118350e+00,-6.674217067888705834e+00,-1.717714980276022541e+00
2.046428602497342375e+00,-6.674854373274083486e+00,-1.910484966099507353e+00
2.048298135918286800e+00,-6.676183155231089295e+00,-2.087709165453041305e+00
2.050096754731131732e+00,-6.677424829079977364e+00,-2.272432000465568258e+00
2.052068823780832663e+00,-6.678989140754364229e+00,-2.461449689672710051e+00
2.053903012072542111e+00,-6.681239908225541591e+00,-2.642403269318275960e+00
2.055583089440291111e+00,-6.683710398082592263e+00,-2.839324659335133560e+00
2.056678150358340673e+00,-6.686391588568759481e+00,-3.015184353346459734e+00
2.057775109689860660e+00,-6.688988859292610556e+00,3.087741219458029818e+00
2.058802238927824657e+00,-6.691467502275934898e+00,2.911528600877895112e+00
2.059452378690789232e+00,-6.693817783630631624e+00,2.736099204176433819e+00
2.059668200731693766e+00,-6.696300514525169945e+00,2.560033662364721074e+00
2.059176709789400039e+00,-6.699563100962521389e+00,2.360745431928350513e+00
2.057954789318399147e+00,-6.702270408390131884e+00,2.161442436484138252e+00
2.056429180208454000e+00,-6.704990655917227649e+00,1.962075762428518999e+00
2.054247045526175874e+00,-6.707445965981958302e+00,1.788191816241511134e+00
2.051838881988162111e+00,-6.709852185102719524e+00,1.593307079209022703e+00
2.048925609000271653e+00,-6.711937305620034877e+00,1.405692965056943411e+00
2.046167076082474612e+00,-6.713414042365722700e+00,1.228301824578396317e+00
2.043420427991292421e+00,-6.714471031274756641e+00,1.055246591400609057e+00
2.040148526017566244e+00,-6.715415686096585013e+00,8.577874241610060624e-01
2.036670798081349432e+00,-6.715671180770717008e+00,6.635604535180417152e-01
2.033718638369314657e+00,-6.715651186456478960e+00,4.892979198264983398e-01
2.031013563425234647e+00,-6.715161054915621541e+00,3.176736927658284637e-01
2.028317359406042186e+00,-6.714713225014516063e+00,1.457003803999749880e-01
2.025984309496566382e+00,-6.714460368275392277e+00,-3.029367016943332672e-02
2.023754291457950938e+00,-6.714144056988211595e+00,-2.059602517396236510e-01
2.048546554908019512e+00,-6.723854221952390020e+00,-2.612832791918931474e-01
2.072441184560485095e+00,-6.731831464322008962e+00,-2.907658795676014707e-01
2.085898844723237833e+00,-6.738467683838755384e+00,-4.503160346069578490e-01
2.174393557301589563e+00,-6.785106648838363341e+00,-4.445256527349658038e-01
2.260900835596898695e+00,-6.828594346515461488e+00,-4.278478361017354348e-01
2.303509762000034655e+00,-6.849088753647702532e+00,-5.887746130725042271e-01
2.301709995351786997e+00,-6.848833688093586503e+00,-7.791754627531540800e-01
2.300836446545777125e+00,-6.848074803725043402e+00,-9.773126046036672010e-01
2.300695867587759569e+00,-6.847003320930096670e+00,-1.183250060865935760e+00
2.300773794576263853e+00,-6.846338408910307649e+00,-1.355114148035341248e+00
2.301577869393792497e+00,-6.845346333571312947e+00,-1.570369402159610850e+00
2.302672534934504966e+00,-6.844882396879025777e+00,-1.781890048573456120e+00
2.304021270124881671e+00,-6.845166038557913168e+00,-1.976132231671762662e+00
2.305762318990445259e+00,-6.845514415708379374e+00,-2.157648615651782897e+00
2.307054241415921414e+00,-6.846564476537428945e+00,-2.361082737584216940e+00
2.308877809700517592e+00,-6.848265816177226739e+00,-2.583284310493821678e+00
2.310014580049419841e+00,-6.850270405286635444e+00,-2.778106070383021375e+00
2.310986866555013286e+00,-6.852250271965764306e+00,-2.972261164110709952e+00
2.311596614485990742e+00,-6.854712342812327108e+00,3.086036838539722549e+00
2.312431128925616086e+00,-6.857005208966270082e+00,2.876804663234887371e+00
2.312672558152467417e+00,-6.859638204471893985e+00,2.653595199703131069e+00
2.312320849266161549e+00,-6.862161274139061184e+00,2.459771755264711590e+00
2.311119683764769839e+00,-6.865191948889396656e+00,2.237759432958369654e+00
2.309209822172656690e+00,-6.867714290741991690e+00,2.028046459775854959e+00
2.307433256237450880e+00,-6.869578620430170979e+00,1.834413200905350427e+00
2.304959160224075099e+00,-6.871557070426086433e+00,1.640210112904702422e+00
2.301733373927089765e+00,-6.873550222693626921e+00,1.454871837451017891e+00
2.299396317306522164e+00,-6.874360061871024108e+00,1.630798686255092944e+00
2.298449496297021888e+00,-6.875848438785221006e+00,1.773381883646900192e+00
2.297778773569830957e+00,-6.878809984514062670e+00,1.577126677896964813e+00
2.296278852576095098e+00,-6.881094636959215194e+00,1.368388092925976407e+00
2.294406948608667562e+00,-6.882943176384379136e+00,1.178933991716224039e+00
2.292586259833170992e+00,-6.884486913175516420e+00,9.646706450981391567e-01
2.290893679791567550e+00,-6.885754144931226506e+00,7.622743177109062573e-01
2.289040352151931579e+00,-6.886417666899931511e+00,5.722821709078346197e-01
2.287747252811231480e+00,-6.887106013193707632e+00,3.886701814577649405e-01
2.286532072775333102e+00,-6.887241084394819524e+00,1.975469375715907250e-01
2.285596856149435752e+00,-6.887455174363511290e+00,1.061806864580786859e-02
2.318217232094021085e+00,-6.889701112845948217e+00,-1.194188303382627409e-01
2.349304096478617154e+00,-6.892739659008259245e+00,1.001642661195502326e-02
2.351090781303174282e+00,-6.891338816113497856e+00,-1.789378504786807156e-01
2.352457869272260194e+00,-6.890002968322756161e+00,-3.684000721385423671e-01
2.353449529119516992e+00,-6.888507645067811325e+00,-5.464587552535813408e-01
2.357563439221919577e+00,-6.888789423602414530e+00,-4.962821845258644782e-01
2.363412808259900633e+00,-6.889757185987951615e+00,-3.235992913126107817e-01
2.367857588499361121e+00,-6.888457054649905764e+00,-4.557951338123748530e-01
2.370013593317715106e+00,-6.886709514067047344e+00,-6.492953752421539715e-01
2.372032432345215547e+00,-6.884907069844229177e+00,-8.340507998735789963e-01
2.443330720219023977e+00,-6.959684653649896191e+00,-8.756121509562936334e-01
2.462553875484213783e+00,-6.973087243305353233e+00,-1.061147828175466490e+00
2.465000418216974687e+00,-6.972499501837710945e+00,-1.258680311474837499e+00
2.466903331666082444e+00,-6.972082984220248747e+00,-1.457088874692308078e+00
2.470116420010753711e+00,-6.971950444939762903e+00,-1.669921166199423102e+00
2.472726028207504978e+00,-6.972469543918962565e+00,-1.858102544036196457e+00
2.475995670819978844e+00,-6.973584973317629832e+00,-2.054973357266513645e+00
2.479004086016651787e+00,-6.975541930631836252e+00,-2.284048440102327326e+00
2.482442821608716432e+00,-6.977394550448151378e+00,-2.506250255706090613e+00
2.485857412464479665e+00,-6.979483056132184338e+00,-2.739028214719727128e+00
2.488645175396936526e+00,-6.981689589435763565e+00,-2.957743506712486870e+00
2.491037666916262161e+00,-6.984458783232615708e+00,3.093795348593775696e+00
2.493369087222934155e+00,-6.987011448977799688e+00,2.874007702136512687e+00
2.417010014475171165e+00,-6.959949558041836681e+00,2.686450584404998843e+00
2.386176137014540011e+00,-6.940453838958892341e+00,2.496481395306953566e+00
2.310911089772483162e+00,-6.878280444539095484e+00,2.430460801014961536e+00
2.231444148167468278e+00,-6.820259485312631931e+00,2.504131824362117342e+00
2.153494999864575377e+00,-6.765157762628597027e+00,2.489163955063241396e+00
2.075225959208931492e+00,-6.707068770728900731e+00,2.477459482433394200e+00
1.995741392981590590e+00,-6.647523182875058723e+00,2.482586336630712154e+00
1.911066395054475064e+00,-6.585331503193866176e+00,2.489754881615918514e+00
1.829823902197059260e+00,-6.525172858359983508e+00,2.490476639506658429e+00
1.752646971653596175e+00,-6.460019639349978249e+00,2.374624044886098684e+00
1.715021408565225780e+00,-6.414286737327392629e+00,2.194085215953355039e+00
1.682917326530040336e+00,-6.353468763716874079e+00,2.018243729342037440e+00
1.642619820953965304e+00,-6.262900206868935449e+00,2.002800252453226904e+00
1.603385717392737719e+00,-6.167976601416342852e+00,1.937394542724822477e+00
1.590678165819438661e+00,-6.114270812575941072e+00,1.755905873078003054e+00
1.586556593615412458e+00,-6.039679701751850871e+00,1.578187053892760927e+00
1.592796566886085730e+00,-5.986612731256079734e+00,1.399304620923272235e+00
1.613877832050476746e+00,-5.918716286888523470e+00,1.233383541918416038e+00
1.643039236667276581e+00,-5.835939253872860277e+00,1.082897418157108937e+00
1.640674654716621994e+00,-5.834784519179038398e+00,9.275950015967843187e-01
1.639641624841281509e+00,-5.833980591313742359e+00,7.382063173314439286e-01
1.638306550690307617e+00,-5.833088346241819266e+00,5.549150668129101405e-01
1.638076325072968853e+00,-5.832996841931067600e+00,5.302364686381719761e-01
1.640292418814589981e+00,-5.834010141567146590e+00,7.292825303081795774e-01
1.642610526464608478e+00,-5.835241163152721455e+00,9.265092554728336927e-01
1.645006985539099631e+00,-5.835372281396411509e+00,1.110143900986827914e+00
1.647646784957689459e+00,-5.835371294400181874e+00,1.290593982914431281e+00
1.656517534267343272e+00,-5.807878864307284061e+00,1.392725263903371147e+00
1.662891711107329584e+00,-5.786297197166180517e+00,1.202235692426931291e+00
1.663845119096879710e+00,-5.785552334598050628e+00,1.191591065191179188e+00
