x,y,theta
2.966189980506896973e-01,-1.259113192558288574e+00,-8.483827674353876525e-01
3.432346284389495850e-01,-1.312317132949829102e+00,-6.946700109293475478e-01
3.449164032936096191e-01,-1.313475847244262695e+00,-4.884246576821782426e-01
3.462010025978087824e-01,-1.315410733222961426e+00,-2.893510662950458112e-01
3.474981188774108887e-01,-1.316616773605346902e+00,-6.051823794770389009e-02
3.485085368156433105e-01,-1.318020701408386230e+00,1.163700759034974053e-01
3.505950570106505793e-01,-1.319783806800842507e+00,3.775406441464339014e-01
3.524962067604064941e-01,-1.321835160255431907e+00,5.835906155738195267e-01
3.545818030834197998e-01,-1.322815179824829102e+00,7.671143733878815762e-01
3.565627038478850763e-01,-1.323080658912658691e+00,8.549236598807524734e-01
3.553140759468078058e-01,-1.321822404861450195e+00,6.776992016731375745e-01
3.542275726795195978e-01,-1.322109699249267578e+00,6.446802801543403127e-01
3.558351695537567139e-01,-1.322985649108886719e+00,8.334674170598389553e-01
3.573859333992003839e-01,-1.322914838790893555e+00,1.015437854935888229e+00
3.588502407073974054e-01,-1.322814583778381126e+00,1.193309231775233847e+00
3.605945110321044922e-01,-1.322488546371459961e+00,1.370200263360266790e+00
3.625903129577636164e-01,-1.321567177772521973e+00,1.569293698955523952e+00
3.645601570606231134e-01,-1.320619463920593262e+00,1.746828617055197652e+00
3.670033514499663752e-01,-1.319750189781188965e+00,1.945154749779917092e+00
3.676450252532958984e-01,-1.318088293075561523e+00,2.147049982569738003e+00
3.682452738285064142e-01,-1.316265821456909180e+00,2.349053325832468619e+00
3.682274222373961847e-01,-1.314804911613464355e+00,2.529729890742901777e+00
3.677233457565307062e-01,-1.313039898872375710e+00,2.731864925913150888e+00
3.669604659080504816e-01,-1.311005115509033203e+00,2.931390322590702091e+00
3.660161793231964111e-01,-1.309635281562805176e+00,3.121730087899390771e+00
3.648383915424346924e-01,-1.308431029319763184e+00,-2.985077167696633005e+00
3.641958236694335938e-01,-1.305832505226135254e+00,-2.810319645925168697e+00
3.628375232219696045e-01,-1.304187774658203125e+00,-2.627989495638524797e+00
3.611464500427246094e-01,-1.303523182868957520e+00,-2.428342197996568252e+00
3.594633936882019043e-01,-1.302759528160095215e+00,-2.251869046755297088e+00
3.576287925243377130e-01,-1.301439166069030762e+00,-2.076631529751656657e+00
3.559446632862091064e-01,-1.301226019859313965e+00,-1.899330929285547143e+00
3.535055220127105158e-01,-1.301111936569214089e+00,-1.697656345204533679e+00
3.521398305892943781e-01,-1.302488327026367188e+00,-1.496685670531208157e+00
3.504205644130706787e-01,-1.303386807441711426e+00,-1.295745318422181214e+00
3.495226502418518066e-01,-1.304889678955077903e+00,-1.097262840306591380e+00
3.491691946983336847e-01,-1.306551814079284890e+00,-8.959642451313875045e-01
4.184260070323944092e-01,-1.378159403800964355e+00,-7.990262528446271384e-01
4.884453713893889826e-01,-1.449884533882141113e+00,-7.987383408229926651e-01
5.582087635993957520e-01,-1.521786570549011230e+00,-7.992489733953398456e-01
6.285488009452819824e-01,-1.593479752540588379e+00,-8.015034452090296080e-01
6.995929479598999023e-01,-1.666863322257995605e+00,-8.013756963819480550e-01
7.160523533821105957e-01,-1.684421062469482422e+00,-6.289361635334317358e-01
7.160748839378356934e-01,-1.684102535247802734e+00,-6.936962045806742694e-01
7.150017619132995605e-01,-1.682433962821960449e+00,-8.767970491758181328e-01
7.146552205085754395e-01,-1.680585145950317383e+00,-1.059041904778377896e+00
7.156950831413269043e-01,-1.678712129592895508e+00,-1.242033353746334390e+00
7.166858315467834473e-01,-1.676901340484619141e+00,-1.423599011695999117e+00
7.179877758026123047e-01,-1.675378918647765891e+00,-1.611934273778415916e+00
7.187575697898864746e-01,-1.673630356788635254e+00,-1.786558682359971950e+00
7.205647826194763184e-01,-1.672712922096252441e+00,-1.966344978016407952e+00
7.224165201187133789e-01,-1.672280669212341309e+00,-2.147720494197384866e+00
6.618108153343200684e-01,-1.748237013816833496e+00,-2.261255008040726988e+00
5.981773734092712402e-01,-1.825662970542907937e+00,-2.261780641060135100e+00
5.339509248733520508e-01,-1.903023481369018333e+00,-2.261896397311824902e+00
5.129473805427551270e-01,-1.926662564277648926e+00,-2.077962314656256915e+00
5.108509659767150879e-01,-1.926561474800109641e+00,-1.892172695532337912e+00
5.096693038940429688e-01,-1.927289485931396484e+00,-1.716886487517748083e+00
5.077927708625793457e-01,-1.928338885307312012e+00,-1.534319741378523227e+00
5.069286227226257324e-01,-1.929654955863952859e+00,-1.357808280928743505e+00
5.064449906349182129e-01,-1.930309414863586426e+00,-1.300709296328495634e+00
5.070444345474243164e-01,-1.928473949432373047e+00,-1.479519101773818957e+00
5.088061094284057617e-01,-1.927592635154723899e+00,-1.655448635972344817e+00
5.096210837364196777e-01,-1.926221013069152832e+00,-1.838850795441578478e+00
5.122022032737731934e-01,-1.927057385444640891e+00,-2.017475800080054338e+00
5.138007402420043945e-01,-1.926216840744018333e+00,-2.209099087232868630e+00
4.500549435615538996e-01,-2.002019643783569336e+00,-2.277599830286588745e+00
4.429763257503508966e-01,-2.007108688354492188e+00,-2.100611824205928180e+00
4.403311908245086115e-01,-2.006019353866577148e+00,-1.919195099052246389e+00
4.376125633716583252e-01,-2.006138801574707031e+00,-1.731398746046702630e+00
4.368508756160736084e-01,-2.008063077926636186e+00,-1.556026381311778950e+00
4.357557892799376886e-01,-2.009306192398071733e+00,-1.380132322144392631e+00
4.347686469554901123e-01,-2.010973215103149414e+00,-1.197533953997387490e+00
4.339984059333801270e-01,-2.012825489044189009e+00,-1.010146698151279221e+00
4.347434341907501221e-01,-2.014747619628906250e+00,-8.352745922104628518e-01
4.354060590267180841e-01,-2.016878843307495117e+00,-6.506206352135642801e-01
4.370976090431212824e-01,-2.018728971481323242e+00,-4.647634976720457778e-01
4.384467005729674738e-01,-2.020566940307617188e+00,-2.883851491023802227e-01
4.401573240756987970e-01,-2.022440195083618164e+00,-1.027302591549485028e-01
4.416567087173461914e-01,-2.023931264877319780e+00,6.476516153463579561e-02
4.430412948131560724e-01,-2.025433063507080078e+00,2.402563890307861938e-01
4.445859491825103760e-01,-2.027918338775634766e+00,4.240095628640542791e-01
4.462027549743651789e-01,-2.028366088867187500e+00,6.001021105680751644e-01
4.482524991035460871e-01,-2.030240535736083984e+00,7.863782728920180043e-01
4.505934417247772217e-01,-2.031840562820434570e+00,9.707655517193811701e-01
4.529567956924437921e-01,-2.032411575317382812e+00,1.157381655347176075e+00
4.546963870525360107e-01,-2.032020807266235796e+00,1.333678196062297205e+00
4.565899372100830078e-01,-2.030791044235229048e+00,1.521047343392341267e+00
4.576210379600524902e-01,-2.029024839401245117e+00,1.705234357587616989e+00
4.591619968414306086e-01,-2.027180671691894531e+00,1.880464526742851916e+00
4.602565169334411066e-01,-2.025228500366210938e+00,2.059319667466326553e+00
4.599392414093017023e-01,-2.023722171783447710e+00,2.237563633696959098e+00
4.595515131950377863e-01,-2.021736145019531250e+00,2.412585745584162833e+00
4.584329426288604736e-01,-2.020060539245605025e+00,2.596547171879534766e+00
3.701298236846923828e-01,-1.974933981895446777e+00,2.664555316116008932e+00
3.081247508525847834e-01,-1.941449761390686035e+00,2.816551018294346953e+00
3.084874451160430908e-01,-1.943331003189086914e+00,2.656813441127101605e+00
3.094798028469085138e-01,-1.945610046386718750e+00,2.473216127325545965e+00
2.373743355274199884e-01,-1.881310343742370383e+00,2.414887228384692275e+00
1.612108498811720969e-01,-1.814771652221679910e+00,2.423809645060812201e+00
8.513039350509639391e-02,-1.749416470527648926e+00,2.430048353365267477e+00
8.376168087124800238e-03,-1.683665990829467773e+00,2.437409479087335740e+00
-6.861967593431470003e-02,-1.619301319122314453e+00,2.442078587270200885e+00
-7.074735313653940372e-02,-1.616033911705017090e+00,2.621872923524230181e+00
-7.003835588693610448e-02,-1.617546916007995605e+00,2.440330414948878701e+00
-6.968984752893439549e-02,-1.619612336158752441e+00,2.257759196846247818e+00
-6.958970427513119783e-02,-1.622037529945373535e+00,2.072845098335413638e+00
-7.013970613479610094e-02,-1.624027490615844727e+00,1.884310361566919889e+00
-7.119899988174430150e-02,-1.626146554946899414e+00,1.703970713709548779e+00
-7.311077415943140201e-02,-1.627804279327392578e+00,1.518132321966867648e+00
-7.476928085088729858e-02,-1.629433274269104004e+00,1.332665385146344805e+00
-7.674182206392279881e-02,-1.630667805671691895e+00,1.145630101184859084e+00
-7.885544747114180131e-02,-1.631365776062011497e+00,9.645508804559703719e-01
-8.116637915372840184e-02,-1.631250619888305664e+00,7.778768446927047941e-01
-8.364412188529959935e-02,-1.630725622177124023e+00,5.935078428255756711e-01
-8.580126613378520617e-02,-1.629869103431701660e+00,4.086373814505818158e-01
-8.797015249729149555e-02,-1.628660440444946289e+00,2.262695074156531594e-01
-8.985193073749539461e-02,-1.627065181732177512e+00,5.154549034147959397e-02
-9.153351187705989489e-02,-1.625444889068603516e+00,-1.330129514999546791e-01
-9.320076555013649677e-02,-1.623650908470153809e+00,-3.194936555147849799e-01
-9.437395632266989964e-02,-1.621260166168212891e+00,-5.064563770359610251e-01
-9.520196914672850175e-02,-1.619140028953552246e+00,-6.870053099792065021e-01
-9.538763016462320499e-02,-1.617051124572753906e+00,-8.648882015383915212e-01
-9.548852592706680298e-02,-1.614899396896362305e+00,-1.043433545758259751e+00
-9.492014348506920551e-02,-1.612922191619873047e+00,-1.218569619793824721e+00
-9.435891360044479370e-02,-1.610875129699707031e+00,-1.400677418859149093e+00
-9.325728565454480257e-02,-1.609208703041076882e+00,-1.576979561071061964e+00
-9.159422665834419941e-02,-1.607406020164489524e+00,-1.757066482352448888e+00
-8.985024690628050370e-02,-1.606267929077148438e+00,-1.932857219172295027e+00
-8.761269599199289493e-02,-1.605355978012084961e+00,-2.117115638501801289e+00
-8.508577197790140323e-02,-1.605327725410461426e+00,-2.284463428416072084e+00
-1.510132849216460904e-01,-1.681409239768981934e+00,-2.279955387076828099e+00
-2.160028368234634122e-01,-1.756200909614562988e+00,-2.275337153725138339e+00
-2.788361608982086182e-01,-1.830462455749511941e+00,-2.267785378314686184e+00
-3.434539437294005793e-01,-1.907146692276000977e+00,-2.262940577401570508e+00
-3.892255425453186035e-01,-1.965390801429748313e+00,-2.420165537301337100e+00
-3.871172666549682062e-01,-1.966993808746337891e+00,-2.602348519144108696e+00
-3.852850496768950861e-01,-1.968871712684631570e+00,-2.781255305909824393e+00
-3.838103115558624268e-01,-1.970884799957275613e+00,-2.966615418356807421e+00
-3.825840950012207031e-01,-1.972761034965515137e+00,3.135030507906215735e+00
-3.813014328479766846e-01,-1.975303053855895996e+00,2.948131575329163034e+00
-3.799109458923339844e-01,-1.977532982826232910e+00,2.751311285505795734e+00
-3.787324428558349054e-01,-1.979468107223510742e+00,2.565474161853785962e+00
-3.783863484859465998e-01,-1.981577277183532715e+00,2.384540624605280712e+00
-3.779391050338745117e-01,-1.983707904815673606e+00,2.199482851454666044e+00
-3.781960308551787775e-01,-1.985675692558288796e+00,2.002165380594953081e+00
-3.790595531463623047e-01,-1.987298011779784712e+00,1.812768352473500988e+00
-3.803493082523345947e-01,-1.988650441169738770e+00,1.633255411064179929e+00
-3.820186555385589044e-01,-1.989283442497253196e+00,1.450277574138029157e+00
-3.842910230159758966e-01,-1.989987850189208984e+00,1.235807844744478690e+00
-3.863383829593657892e-01,-1.989837765693664773e+00,1.052725338136867084e+00
-3.886653482913970947e-01,-1.989187240600585938e+00,8.534710982373963084e-01
-3.909156322479248047e-01,-1.988249063491821289e+00,6.694973089245461750e-01
-3.928445577621459961e-01,-1.986779451370239702e+00,4.891451095666755067e-01
-3.945774734020233154e-01,-1.984852194786071999e+00,3.023975289154932078e-01
-3.957830965518950861e-01,-1.983213305473328081e+00,9.134304390221130443e-02
-3.968153297901153009e-01,-1.981582880020141602e+00,-8.469671315960780600e-02
-3.978033661842346191e-01,-1.980017066001892090e+00,-2.667626165880890854e-01
-3.986760675907135010e-01,-1.978455781936645286e+00,-4.468647933183629850e-01
-3.994926512241362970e-01,-1.976779699325561301e+00,-6.326506072878339548e-01
-4.003067016601561945e-01,-1.975472688674926758e+00,-8.095099231441906795e-01
-4.006760120391845148e-01,-1.973753809928894043e+00,-9.885898934126343685e-01
-4.009960889816284180e-01,-1.972168803215026855e+00,-1.170382436671895121e+00
-4.005562961101531982e-01,-1.970769405364990456e+00,-1.355022855085313171e+00
-3.992977738380432129e-01,-1.969317317008971946e+00,-1.551418949690808846e+00
-3.975379765033721924e-01,-1.968830704689025657e+00,-1.738636317949799448e+00
-3.956674039363861084e-01,-1.968274950981139915e+00,-1.918864779181652880e+00
-3.937362730503082275e-01,-1.968719959259032759e+00,-2.094333106078918760e+00
-3.913708329200744074e-01,-1.969515919685363992e+00,-2.273895189587628707e+00
-3.893246352672576904e-01,-1.970800161361694336e+00,-2.461501655769545938e+00
-4.679407775402069092e-01,-2.029126405715942383e+00,-2.516558650878566006e+00
-5.495550036430358887e-01,-2.088563919067382812e+00,-2.515553934680264003e+00
-6.323442459106445312e-01,-2.148877859115600586e+00,-2.514353758290861940e+00
-7.147679328918457031e-01,-2.209279775619506836e+00,-2.514855935832896794e+00
-7.187220454216003418e-01,-2.209573984146118164e+00,-2.337023544619675874e+00
-7.203664183616638184e-01,-2.209055662155151811e+00,-2.154208162936668280e+00
-7.220906019210815430e-01,-2.208837270736694336e+00,-1.970055363772851509e+00
-7.239126563072204590e-01,-2.209083318710327148e+00,-1.790071825359961011e+00
-7.256858348846435547e-01,-2.211632728576660156e+00,-1.611818477350571266e+00
-7.270404696464538574e-01,-2.220263004302978516e+00,-1.430787212313956891e+00
-7.241743206977844238e-01,-2.239735841751098189e+00,-1.255999984440580697e+00
-6.887828111648559570e-01,-2.318037748336791992e+00,-1.135421710836188813e+00
-6.683906912803649902e-01,-2.388151168823242188e+00,-1.311712014322887088e+00
-6.589785814285278320e-01,-2.466935873031616211e+00,-1.490137478730847898e+00
-6.617469787597656250e-01,-2.532536029815673828e+00,-1.669000165652604784e+00
-6.701896786689758301e-01,-2.570275545120239702e+00,-1.844127005881468717e+00
-6.846077442169189453e-01,-2.605504751205444336e+00,-2.025634202631528158e+00
-7.052235603332519531e-01,-2.639035701751708984e+00,-2.204108832410582863e+00
-7.312643527984619141e-01,-2.668764829635620117e+00,-2.380686190749408127e+00
-7.728546261787414551e-01,-2.700453042984008789e+00,-2.557007107125162548e+00
-8.599726557731628418e-01,-2.752740383148193359e+00,-2.603837038311080043e+00
-9.154573082923888050e-01,-2.779871463775634766e+00,-2.783186981138257021e+00
-9.326525330543518066e-01,-2.785260915756225586e+00,-2.961578138020430018e+00
-9.494012594223022461e-01,-2.787184000015258789e+00,-3.137282848322763051e+00
-9.654197692871093750e-01,-2.786153316497802734e+00,2.975172777131046331e+00
-9.821478128433227539e-01,-2.782156705856323242e+00,2.799382528559002381e+00
-9.829774498939514160e-01,-2.781344890594482422e+00,2.856219084898275806e+00
-9.814938902854920544e-01,-2.782859325408935547e+00,2.672038545626630235e+00
-9.808126688003540039e-01,-2.785375595092772993e+00,2.486753047356356827e+00
-1.055533647537231445e+00,-2.724691390991210938e+00,2.460309607454569392e+00
-1.134548783302307129e+00,-2.660384893417358398e+00,2.461781882924848119e+00
-1.192176818847656250e+00,-2.615322828292846680e+00,2.286784713129241808e+00
-1.191842675209045410e+00,-2.614655971527100053e+00,2.421175482077300156e+00
-1.192723512649535911e+00,-2.612363576889038086e+00,2.603371875357279208e+00
-1.193821310997009277e+00,-2.609956979751586914e+00,2.791749203816449310e+00
-1.194904327392577903e+00,-2.607862234115600586e+00,2.977737880853766228e+00
-1.196506857872009277e+00,-2.606386184692382812e+00,-3.122563126678372214e+00
-1.198087334632873535e+00,-2.604747533798217773e+00,-2.936492917202152331e+00
-1.200012207031250000e+00,-2.603718757629394531e+00,-2.761405455361408023e+00
-1.201974153518676758e+00,-2.602431535720825195e+00,-2.575171986679177571e+00
-1.285527467727661133e+00,-2.659421682357788086e+00,-2.542932582620696103e+00
-1.323289990425110085e+00,-2.687570810317993164e+00,-2.702439607130436627e+00
-1.321962714195251687e+00,-2.689121007919311523e+00,-2.890703250226509091e+00
-1.320303678512573242e+00,-2.690629720687866211e+00,-3.082935813616573206e+00
-1.319195747375488503e+00,-2.692206621170043945e+00,3.020240782582522598e+00
-1.318536043167114480e+00,-2.694200515747070312e+00,2.844651244743202412e+00
-1.317845582962035911e+00,-2.696263551712036133e+00,2.666003817885656435e+00
-1.317265868186950906e+00,-2.697881460189819780e+00,2.489221391935481087e+00
-1.317046642303466797e+00,-2.700164794921875000e+00,2.291357216970422606e+00
-1.317952752113342507e+00,-2.702553510665893555e+00,2.110076453236881200e+00
-1.318729281425476074e+00,-2.704323291778564453e+00,1.924833132244714085e+00
-1.319783568382263184e+00,-2.705684423446655718e+00,1.742079239898455922e+00
-1.321281671524048074e+00,-2.706698179244995117e+00,1.559868895376402609e+00
-1.322808623313903809e+00,-2.707539558410644531e+00,1.382812064779809891e+00
-1.324558258056640625e+00,-2.707944869995117188e+00,1.206545466646629761e+00
-1.326677083969116211e+00,-2.707922697067260742e+00,1.028059486253730448e+00
-1.328833580017089844e+00,-2.707682132720947710e+00,8.453248243587019317e-01
-1.330736637115478294e+00,-2.707235574722290039e+00,6.675319076908496907e-01
-1.332570791244506836e+00,-2.706735849380493164e+00,4.889879791825205713e-01
-1.334401130676269531e+00,-2.705550909042358398e+00,3.116864233754901847e-01
-1.335572361946105957e+00,-2.704391717910766602e+00,1.292116385036538029e-01
-1.336662650108337402e+00,-2.702518939971923828e+00,-5.083106013332090029e-02
-1.337557077407836914e+00,-2.700825452804564986e+00,-2.272513440803587137e-01
-1.338177800178527832e+00,-2.699327468872070312e+00,-4.071464703195711854e-01
-1.338688731193542480e+00,-2.697564601898193359e+00,-5.885132263218103565e-01
-1.339082360267639160e+00,-2.695975303649902344e+00,-7.703695524415826723e-01
-1.337462544441223145e+00,-2.696005821228027788e+00,-9.627546163251490263e-01
-1.291184663772583008e+00,-2.783045530319213867e+00,-1.077155573628242102e+00
-1.243839979171752930e+00,-2.871271848678588867e+00,-1.077717041456699665e+00
-1.195646286010742188e+00,-2.963272571563720703e+00,-1.078906989950683126e+00
-1.159505009651184082e+00,-3.033406257629394531e+00,-9.236353453864861729e-01
-1.159333705902099609e+00,-3.032070875167846680e+00,-1.124554461780378878e+00
-1.158580422401428223e+00,-3.030871391296386719e+00,-1.304200625652145895e+00
-1.156912922859191895e+00,-3.029351234436035156e+00,-1.502780418919490435e+00
-1.154856562614440918e+00,-3.027970790863037109e+00,-1.685235464856112308e+00
-1.152604103088378906e+00,-3.027389764785766602e+00,-1.883323503670874421e+00
-1.149911999702453613e+00,-3.027276039123535156e+00,-2.098472057242614319e+00
-1.147070884704589844e+00,-3.027207374572753906e+00,-2.275070143289548152e+00
-1.144366264343261497e+00,-3.027968406677246094e+00,-2.445538976507418027e+00
-1.142752408981323242e+00,-3.029098033905029297e+00,-2.650421823698432711e+00
-1.141193628311157227e+00,-3.030097723007202148e+00,-2.831228311133855424e+00
-1.139773249626159668e+00,-3.032119274139404297e+00,-3.035586111481768157e+00
-1.138708114624023438e+00,-3.033908128738403764e+00,3.070695638367780145e+00
-1.137498736381530762e+00,-3.035758972167968750e+00,2.891210564008042105e+00
-1.136783719062805176e+00,-3.037342071533203125e+00,2.712619083594881797e+00
-1.135891914367675781e+00,-3.039354801177978516e+00,2.537976895959268120e+00
-1.135726451873779297e+00,-3.040673732757568359e+00,2.360903775964824369e+00
-1.135839104652404785e+00,-3.043275833129882812e+00,2.153990582565224798e+00
-1.136664271354675293e+00,-3.045094966888428178e+00,1.950798634955403621e+00
-1.137839198112487793e+00,-3.046803236007690430e+00,1.742507690095117967e+00
-1.140041708946228027e+00,-3.048430919647216797e+00,1.498529096418841577e+00
-1.142477631568908691e+00,-3.049218654632568359e+00,1.285724486193236649e+00
-1.145364880561828613e+00,-3.049695491790771484e+00,1.061716898810004972e+00
-1.148401260375976562e+00,-3.048917055130004883e+00,8.212877979026967923e-01
-1.151056528091430886e+00,-3.047831535339355469e+00,6.086559095630166283e-01
-1.153633952140808105e+00,-3.046462059020996094e+00,3.885224592891977080e-01
-1.156118273735046387e+00,-3.044216394424438477e+00,1.473083286179792117e-01
-1.157746791839599609e+00,-3.041498422622680664e+00,-7.054681281069280496e-02
-1.158848524093627930e+00,-3.039006948471069336e+00,-3.109096452700949587e-01
-1.159835100173950195e+00,-3.036533594131469727e+00,-5.227424480580280530e-01
-1.160415768623352051e+00,-3.033471584320068359e+00,-7.515594646338554785e-01
-1.122704148292541504e+00,-3.078876495361328125e+00,-9.056143003639356426e-01
-1.058544516563415527e+00,-3.160669326782226562e+00,-9.054559739025509479e-01
-9.933151602745056152e-01,-3.244661569595336914e+00,-9.069023478247774106e-01
-9.709707498550416149e-01,-3.274754047393798828e+00,-7.317843714657538134e-01
-9.709235429763793945e-01,-3.276493310928344727e+00,-5.488564397099543468e-01
-9.704522490501403809e-01,-3.278093099594116211e+00,-3.564005226131090054e-01
-9.695983529090880237e-01,-3.280027151107788086e+00,-1.804541323998901936e-01
-9.689028263092039905e-01,-3.281922101974487749e+00,-5.609287962691699922e-03
-9.677771329879759632e-01,-3.283564329147338867e+00,1.700428382991442944e-01
-9.665575623512268066e-01,-3.285259246826171875e+00,3.480740955079456023e-01
-9.649956822395323597e-01,-3.286637306213378906e+00,5.247161576741450340e-01
-8.853124976158142090e-01,-3.229668140411376953e+00,6.436424083470706492e-01
-8.036426305770874023e-01,-3.169456481933593750e+00,6.399578863851083099e-01
-7.389882802963256836e-01,-3.119882106781005859e+00,4.762728458268746246e-01
-7.405108213424682617e-01,-3.118962287902832031e+00,2.841571469256469751e-01
-7.419134378433227539e-01,-3.117313623428344727e+00,9.355752377367680672e-02
-7.429771423339843750e-01,-3.115658283233642578e+00,-8.700227335788120187e-02
-7.440000772476196289e-01,-3.113988637924194336e+00,-2.723127364077995161e-01
-7.446452379226684570e-01,-3.112376928329468218e+00,-4.587344139351574035e-01
-7.452082633972167969e-01,-3.110692739486694336e+00,-6.342124099596625486e-01
-7.456826567649841309e-01,-3.109041213989257812e+00,-8.124839013942813937e-01
-7.452812194824218750e-01,-3.106937170028686523e+00,-9.927083862713598217e-01
-7.445206642150878906e-01,-3.105543136596680132e+00,-1.167514747491345428e+00
-7.435350418090820312e-01,-3.103916168212890181e+00,-1.351862230838200229e+00
-7.424551844596862793e-01,-3.102659940719604492e+00,-1.555123631037335086e+00
-7.412236332893371582e-01,-3.101805448532104492e+00,-1.730520484860835095e+00
-7.393800616264343262e-01,-3.101071834564208984e+00,-1.914247303291566338e+00
-7.370266318321228027e-01,-3.100885391235352007e+00,-2.117707296331415190e+00
-7.346085906028747559e-01,-3.101480007171630859e+00,-2.297525565966449079e+00
-7.330304384231567383e-01,-3.103104352951049805e+00,-2.479960528903573103e+00
-7.312048673629760742e-01,-3.104328632354736328e+00,-2.655260982746330711e+00
-7.294186949729919434e-01,-3.106059789657592773e+00,-2.872635801972653891e+00
-7.276189327239990234e-01,-3.108191490173339844e+00,-3.076551436116482297e+00
-7.264159321784973145e-01,-3.110020875930786133e+00,3.027415273069819168e+00
-7.252184152603149414e-01,-3.111811161041260210e+00,2.848016702243353571e+00
-7.246131896972656250e-01,-3.113800525665283203e+00,2.634761384631966852e+00
-7.242270708084106445e-01,-3.115921258926392046e+00,2.449557337789959099e+00
-7.240999341011047363e-01,-3.118171453475952148e+00,2.252933672315455826e+00
-7.240579724311828613e-01,-3.120068550109863725e+00,2.068392305953191013e+00
-7.248253226280212402e-01,-3.122034311294556108e+00,1.886097698174054038e+00
-7.510207295417785645e-01,-3.027263402938842773e+00,1.853207951408751608e+00
-7.791174054145812988e-01,-2.930038452148437056e+00,1.854481097911654830e+00
-7.967962622642517090e-01,-2.862504243850708008e+00,1.956337683414967499e+00
-7.979434728622436523e-01,-2.863919973373413086e+00,1.764479128363044325e+00
-7.992305755615234375e-01,-2.865183591842651811e+00,1.589480402438399054e+00
-8.015389442443847656e-01,-2.866037130355834961e+00,1.389283795093571028e+00
-8.035291433334350586e-01,-2.866670131683349609e+00,1.199315363117323674e+00
-8.053717017173767090e-01,-2.866825819015502930e+00,1.017480224095946628e+00
-8.072121143341064453e-01,-2.866400480270385742e+00,8.426182157900231617e-01
-7.353444099426269531e-01,-2.793934106826782227e+00,7.897431983476627115e-01
-6.605288982391357422e-01,-2.720236301422119141e+00,7.928746355264538748e-01
-5.888729095458984375e-01,-2.649734497070312500e+00,7.883613540943847919e-01
-5.415769815444946289e-01,-2.602755546569824219e+00,7.889509561130559900e-01
-4.664061069488524836e-01,-2.527325153350830078e+00,7.880268278050883701e-01
-4.439427852630615234e-01,-2.502043962478637695e+00,6.406802602892402998e-01
-4.452646672725676935e-01,-2.500044107437133789e+00,4.442311052971745222e-01
-4.467090666294097900e-01,-2.498572826385498047e+00,2.635692825833205188e-01
-4.479716718196868896e-01,-2.496887207031250000e+00,7.904507298204989374e-02
-4.489742219448089044e-01,-2.495269536972045898e+00,-1.007787905465613032e-01
-4.501494765281677246e-01,-2.493336915969848633e+00,-2.765569234708571966e-01
-4.507571160793303888e-01,-2.491536855697631836e+00,-4.569868941934921436e-01
-4.514079093933104914e-01,-2.489996910095214844e+00,-6.413479731762165015e-01
-4.515643417835235041e-01,-2.488349199295043945e+00,-8.244294246440376783e-01
-4.508768022060393732e-01,-2.488275766372680664e+00,-1.024851129419883211e+00
-3.981326222419738770e-01,-2.577068328857421875e+00,-1.031025210444223683e+00
-3.455506861209868830e-01,-2.664946079254150391e+00,-1.029275414305456104e+00
-2.941549718379973810e-01,-2.750949859619140625e+00,-1.030796206809286186e+00
-2.406087815761565885e-01,-2.840389251708984375e+00,-1.030989536200028089e+00
-1.999121457338333130e-01,-2.906217575073242188e+00,-1.202961252733478759e+00
-1.993673145771026056e-01,-2.904990196228027788e+00,-1.374988037375808991e+00
-1.979707479476927878e-01,-2.903795003890991211e+00,-1.571721378860363227e+00
-1.963658332824707031e-01,-2.903148889541625977e+00,-1.776967259046851044e+00
-1.945056617259978970e-01,-2.902796268463134766e+00,-1.952385999901499192e+00
-1.924045979976654053e-01,-2.902776956558227539e+00,-2.133584938312397927e+00
-1.908149272203444879e-01,-2.903352737426757812e+00,-2.314204815484776301e+00
-1.887942105531691950e-01,-2.904777050018310547e+00,-2.517221666012551484e+00
-1.869408488273620050e-01,-2.906383752822875977e+00,-2.694380708393554258e+00
-1.853610426187514981e-01,-2.908340215682983398e+00,-2.895681366641548848e+00
-1.837644726037979126e-01,-2.910338401794433594e+00,-3.088436605353706454e+00
-1.824690103530882956e-01,-2.912703990936279741e+00,2.992386360392749189e+00
-1.814611554145812988e-01,-2.915166854858398438e+00,2.827257654161680733e+00
-1.814806163311004084e-01,-2.916216611862182617e+00,2.612045791105225945e+00
-1.817374676465987882e-01,-2.918574333190917969e+00,2.421124803085882959e+00
-1.817326694726943970e-01,-2.920944690704345703e+00,2.214625557679804402e+00
-1.822771728038787009e-01,-2.923025608062744141e+00,2.021742245564407181e+00
-1.832132935523985984e-01,-2.924828290939331055e+00,1.820399266623976775e+00
-1.845845878124237061e-01,-2.926547288894653320e+00,1.613801241748010762e+00
-1.861096769571304044e-01,-2.927177906036376953e+00,1.422299856936938944e+00
-1.880344003438949030e-01,-2.928014755249023438e+00,1.222084340231609501e+00
-1.901545524597167969e-01,-2.928262710571289062e+00,1.012347062170396939e+00
-1.923960000276564997e-01,-2.927620649337768999e+00,8.188716873135850616e-01
-1.942280977964400968e-01,-2.926559448242187500e+00,6.112772061295403958e-01
-1.956578493118286133e-01,-2.925056219100952148e+00,4.179625323062362008e-01
-1.971634924411773127e-01,-2.923308134078979492e+00,2.153261491015490969e-01
-1.984556168317793967e-01,-2.921427488327026367e+00,2.153522546443229629e-02
-1.995602697134017944e-01,-2.919032335281372070e+00,-1.866086858416546868e-01
-1.999603211879729947e-01,-2.916650056838989258e+00,-3.867299563965725939e-01
-2.006337493658064963e-01,-2.914364337921142578e+00,-5.961664107721693640e-01
-2.007660865783691129e-01,-2.912263154983520508e+00,-7.852784208592230586e-01
-1.382108479738234919e-01,-2.985237121582031250e+00,-8.787655147106514519e-01
-7.405465841293329410e-02,-3.062288999557495117e+00,-8.763465873550708718e-01
-9.218616411089800011e-03,-3.140084505081176758e+00,-8.764798818582889561e-01
1.393469329923389954e-02,-3.169471979141235796e+00,-7.027777435779444248e-01
1.460888050496570063e-02,-3.170967817306518555e+00,-5.196118793356373500e-01
1.502121798694129942e-02,-3.172502756118774414e+00,-3.397939113896116803e-01
1.583489775657649992e-02,-3.174459934234619141e+00,-1.387266516701469998e-01
1.678913645446300160e-02,-3.176332950592041016e+00,5.162883781344349693e-02
1.792869530618190071e-02,-3.178247690200805664e+00,2.314251716333146913e-01
1.946671679615969916e-02,-3.179383993148804155e+00,4.077758108497324119e-01
1.089925765991210938e-01,-3.135504484176636186e+00,4.548799427052812039e-01
2.016654759645462036e-01,-3.090033531188964844e+00,4.536995171101672053e-01
2.926404178142547052e-01,-3.045421361923217773e+00,4.542827506034797791e-01
3.839666545391082764e-01,-3.000699520111083984e+00,4.524290021261119787e-01
4.758016467094420832e-01,-2.955575466156005859e+00,4.525134019915915684e-01
5.669272541999816895e-01,-2.910795211791992188e+00,4.519662048730236914e-01
5.675138235092163086e-01,-2.908737897872924805e+00,2.765690087918297735e-01
5.662233829498291016e-01,-2.907536983489990234e+00,9.997707561111500441e-02
5.650731325149536133e-01,-2.906061172485352007e+00,-8.343759419042119652e-02
5.643416047096252441e-01,-2.904217958450317383e+00,-2.670937715695699266e-01
5.638038516044616699e-01,-2.902109622955322266e+00,-4.444370590487000117e-01
5.637165307998657227e-01,-2.900249719619750977e+00,-6.440490263979841146e-01
5.635061860084533691e-01,-2.898458242416381836e+00,-8.442465823409373016e-01
5.632454752922058105e-01,-2.896845817565917969e+00,-1.020460457759039707e+00
5.637964606285095215e-01,-2.895250797271728516e+00,-1.222561496520297553e+00
5.650575757026672363e-01,-2.893592596054077148e+00,-1.411600181687813649e+00
5.661329030990600586e-01,-2.892530202865600586e+00,-1.590672263034703438e+00
5.677966475486755371e-01,-2.891828060150146484e+00,-1.765770792031080338e+00
5.697891116142272949e-01,-2.891763210296630859e+00,-1.966340157341027073e+00
5.716047286987304688e-01,-2.891935586929321289e+00,-2.141687598242308699e+00
5.733338594436645508e-01,-2.892701387405395508e+00,-2.317772451791916044e+00
5.750924348831176758e-01,-2.893592834472655806e+00,-2.494949707176657760e+00
5.765379667282104492e-01,-2.894932031631469727e+00,-2.672661285637471185e+00
5.778977870941162109e-01,-2.896572351455688477e+00,-2.865025746903850923e+00
5.789167881011962891e-01,-2.898486375808715820e+00,-3.040389522134705924e+00
5.795171856880187988e-01,-2.900027036666870117e+00,3.053182609273186188e+00
5.802308320999145508e-01,-2.901706695556640625e+00,2.877728695560142658e+00
5.807199478149414062e-01,-2.903590679168701172e+00,2.686757124381513151e+00
5.813177227973937988e-01,-2.905228853225708008e+00,2.502132023429868735e+00
5.813376903533935547e-01,-2.906863451004028320e+00,2.327568591388128105e+00
5.811517238616943359e-01,-2.908818006515502930e+00,2.124680526876238318e+00
5.802409052848815918e-01,-2.910230398178100586e+00,1.922497122596120045e+00
5.794745087623596191e-01,-2.911821603775024414e+00,1.721160600291221421e+00
5.780502557754516602e-01,-2.912710189819335938e+00,1.549362572846000985e+00
5.766763687133789062e-01,-2.913321733474731445e+00,1.369829972629757364e+00
5.753889679908752441e-01,-2.913498163223266602e+00,1.194749602051520476e+00
5.733329653739929199e-01,-2.913174390792846680e+00,9.956796760739540231e-01
5.717291831970214844e-01,-2.912483215332031250e+00,8.192534528062352939e-01
5.698774456977844238e-01,-2.910669565200805664e+00,6.198012644126209558e-01
6.539710760116577148e-01,-2.857429265975952148e+00,5.513135852409060123e-01
7.404911518096923828e-01,-2.804290533065795898e+00,5.520526766763370619e-01
8.276732563972473145e-01,-2.750701904296875000e+00,5.525173245436297842e-01
9.152617454528807484e-01,-2.696851015090942383e+00,5.525735518450104466e-01
9.393117427825927734e-01,-2.684373140335083008e+00,7.265726422719238631e-01
9.411279559135435901e-01,-2.685181379318237305e+00,9.015754487781275639e-01
9.430863261222840466e-01,-2.685346126556396484e+00,1.081453960425489802e+00
9.449327588081359863e-01,-2.684858798980712891e+00,1.256144994731831499e+00
9.464782476425172009e-01,-2.684082984924316406e+00,1.443662344529334618e+00
9.481577277183531605e-01,-2.683020114898681641e+00,1.621720265557732299e+00
9.495219588279724121e-01,-2.681931495666503906e+00,1.806747204027665310e+00
9.506550431251525879e-01,-2.680534362792968750e+00,1.991955322251538707e+00
9.509967565536500134e-01,-2.678201913833618164e+00,2.203246585539953006e+00
9.510739445686340332e-01,-2.676264286041260210e+00,2.407359549907541751e+00
9.508060812950134277e-01,-2.674400329589844194e+00,2.586935458098098994e+00
9.505645632743835449e-01,-2.672619819641113281e+00,2.766545038030717052e+00
9.494835734367371716e-01,-2.670214176177978516e+00,2.982889405829012297e+00
9.487236142158508301e-01,-2.668274641036987749e+00,-3.102640625612600900e+00
9.474923014640808105e-01,-2.666299343109130859e+00,-2.916188714553146877e+00
9.460237026214599609e-01,-2.664977550506591797e+00,-2.737389123206832142e+00
9.442895650863647461e-01,-2.663673162460327148e+00,-2.556375095783211204e+00
9.423708915710448109e-01,-2.662622451782226562e+00,-2.338057753549059203e+00
9.403378963470460095e-01,-2.661905765533447710e+00,-2.159243251148135201e+00
9.383413195610046387e-01,-2.662176132202148438e+00,-1.984382278612330408e+00
9.361339211463928223e-01,-2.662435770034790039e+00,-1.804133258626710479e+00
9.341818690299987793e-01,-2.662972450256348100e+00,-1.617200474047480352e+00
9.330534934997559704e-01,-2.664225101470947710e+00,-1.438493465133144245e+00
9.322780370712280273e-01,-2.665517568588256836e+00,-1.263499179008873430e+00
9.315332770347596325e-01,-2.667472124099731445e+00,-1.083499803412543816e+00
9.310610294342039905e-01,-2.669248104095458984e+00,-8.975519487836169930e-01
9.313072562217712402e-01,-2.671082496643066406e+00,-7.174298923946923479e-01
9.314555525779724121e-01,-2.672741651535034180e+00,-5.420069269731411232e-01
9.318109154701231800e-01,-2.674648284912109375e+00,-3.611080176878062598e-01
9.325135350227355957e-01,-2.676738262176513672e+00,-1.750486985251364924e-01
9.335217475891112171e-01,-2.679014444351196289e+00,2.279124741518009575e-02
9.348157644271851696e-01,-2.680960178375244141e+00,2.085957915428036102e-01
9.362593293190002441e-01,-2.682662963867187500e+00,3.899669247653835824e-01
9.381476044654846191e-01,-2.683807373046875000e+00,5.694851076936869871e-01
1.018212556838989258e+00,-2.623176574707031250e+00,6.623674033975212039e-01
1.096819639205932617e+00,-2.563001632690429688e+00,6.555968259203887039e-01
1.177505135536193848e+00,-2.500834465026855469e+00,6.571759930922546067e-01
1.256894707679748313e+00,-2.440654039382934570e+00,6.510668786220525917e-01
1.269446253776550293e+00,-2.432693243026733398e+00,8.270403690075979197e-01
1.271023154258728027e+00,-2.432458639144897017e+00,1.007833368388994399e+00
1.272783994674682617e+00,-2.432316541671752930e+00,1.184905857961737530e+00
1.274201154708862305e+00,-2.431821584701538086e+00,1.366335225629055072e+00
1.275815725326538086e+00,-2.431023597717285156e+00,1.555105068927485901e+00
1.277185678482055664e+00,-2.429823875427246094e+00,1.753682009957454158e+00
1.277857303619384766e+00,-2.428567171096801758e+00,1.930738715767715163e+00
1.278581023216247559e+00,-2.427082061767578125e+00,2.134552363575837663e+00
1.278716206550597922e+00,-2.425247192382812500e+00,2.323445182676520115e+00
1.278908729553222878e+00,-2.423064231872558594e+00,2.540667795861516254e+00
1.278192758560180886e+00,-2.421380519866943803e+00,2.716089064511427953e+00
1.277729988098144309e+00,-2.419299364089965820e+00,2.920452841692506851e+00
1.276680231094360352e+00,-2.417528390884399414e+00,3.112683772134789084e+00
1.275766730308532715e+00,-2.415765762329101562e+00,-2.995478126359332194e+00
1.274093389511108398e+00,-2.413782835006713867e+00,-2.761935036978416136e+00
1.272328019142150879e+00,-2.412595033645629883e+00,-2.586526446361816056e+00
1.270986080169677512e+00,-2.411622047424316406e+00,-2.398168372453966413e+00
1.268729448318481445e+00,-2.411073446273804155e+00,-2.223338386399739797e+00
1.266773819923400879e+00,-2.410908222198486328e+00,-2.034247608500802773e+00
1.264201283454895020e+00,-2.411290168762207031e+00,-1.819159496040304802e+00
1.262156009674072488e+00,-2.411971330642700195e+00,-1.630386536682350229e+00
1.260244250297546387e+00,-2.413542270660400391e+00,-1.398276427000513689e+00
1.259204149246215820e+00,-2.414992570877075195e+00,-1.223140270850962885e+00
1.258808612823486328e+00,-2.416650772094726562e+00,-1.048262898408893751e+00
1.318515300750732422e+00,-2.499572277069091797e+00,-9.334223280072000417e-01
1.378806352615356445e+00,-2.581632137298583984e+00,-9.317955331395834095e-01
1.441595315933227539e+00,-2.666233062744140625e+00,-9.312776205985772160e-01
1.503670454025268555e+00,-2.748811960220336914e+00,-9.306125124391891879e-01
1.566523551940917969e+00,-2.832910299301147461e+00,-9.319558679867475659e-01
1.607182621955871582e+00,-2.889511346817016602e+00,-7.492693655564878208e-01
1.606627225875854492e+00,-2.890911102294921875e+00,-5.698363704939586327e-01
1.606754779815673828e+00,-2.892662048339844194e+00,-3.995743981072378825e-01
1.607901096343993919e+00,-2.894669771194458008e+00,-2.166240789502122122e-01
1.608604550361633301e+00,-2.895965337753295898e+00,-3.077345094036310416e-02
1.609954595565795898e+00,-2.897261381149291992e+00,1.574495309653871911e-01
1.611318349838256836e+00,-2.898657083511352539e+00,3.400056021853228860e-01
1.612724065780639648e+00,-2.900128126144409180e+00,5.233886161341101406e-01
1.614715814590454102e+00,-2.901200532913208008e+00,7.089262078643859821e-01
1.616491675376892090e+00,-2.901725530624389648e+00,8.890462793674593911e-01
1.618196606636047363e+00,-2.901938676834106445e+00,1.068900131426267164e+00
1.620231032371520996e+00,-2.901792764663696289e+00,1.249327466441469969e+00
1.621940255165100098e+00,-2.901179552078247070e+00,1.431682271354882907e+00
1.623331785202026367e+00,-2.899956226348876953e+00,1.607187989096297676e+00
1.624842166900634766e+00,-2.898844957351685014e+00,1.790227312493139822e+00
1.625768661499023438e+00,-2.897586822509765625e+00,1.949911513107790872e+00
1.626397132873535156e+00,-2.895950794219970703e+00,2.127374928533350307e+00
1.626573324203491211e+00,-2.894356966018676758e+00,2.307015436097439753e+00
1.626577615737915039e+00,-2.892405986785888672e+00,2.489491004276943809e+00
1.626124262809753418e+00,-2.890415668487548828e+00,2.669914527364179779e+00
1.625736713409423828e+00,-2.888375520706176758e+00,2.855908863104568152e+00
1.624905467033386230e+00,-2.886608362197875977e+00,3.036681170925527695e+00
1.623828411102294922e+00,-2.884875059127808061e+00,-3.066506151153766346e+00
1.622592806816101074e+00,-2.883307218551636186e+00,-2.885455128780497702e+00
1.620899438858032227e+00,-2.882103681564331055e+00,-2.708196824918311929e+00
1.618910789489746094e+00,-2.880827426910400391e+00,-2.525648603130723480e+00
1.617038369178771973e+00,-2.880075693130493164e+00,-2.346766470319710418e+00
1.615181922912597656e+00,-2.879616022109985352e+00,-2.163048820451465737e+00
1.613161444664001687e+00,-2.879575490951538086e+00,-1.982572949545216900e+00
1.611091852188110352e+00,-2.879806756973266602e+00,-1.799508296855503620e+00
1.609439492225646973e+00,-2.880606174468994141e+00,-1.618071973270156949e+00
1.608013033866882324e+00,-2.881808519363403764e+00,-1.436757871282858812e+00
1.606818675994873047e+00,-2.883297681808472124e+00,-1.257647468289139425e+00
1.605871081352234109e+00,-2.884753227233886719e+00,-1.079951325476773194e+00
1.605689764022827148e+00,-2.886502742767333984e+00,-8.993492166543602950e-01
1.605887532234191895e+00,-2.888401746749877930e+00,-7.214530005634699483e-01
1.606422424316406250e+00,-2.890705823898315430e+00,-5.659506002395616742e-01
1.607201337814331055e+00,-2.892520427703857422e+00,-3.900278958976589050e-01
1.608671307563781516e+00,-2.894322156906127930e+00,-2.054874889864811982e-01
1.610086798667907493e+00,-2.895669698715209961e+00,-2.338419921150739975e-02
1.611405730247497559e+00,-2.896878719329833984e+00,1.533727855937419005e-01
1.613099217414855957e+00,-2.898114681243896484e+00,3.390213076723503915e-01
1.612469315528869629e+00,-2.898000478744506836e+00,2.825945816049509896e-01
1.610583066940307617e+00,-2.896514415740966797e+00,9.590474017319768063e-02
1.609277248382568359e+00,-2.894993543624877930e+00,-8.858953947191089418e-02
1.607423901557922363e+00,-2.893383741378784180e+00,-2.716066207522060960e-01
1.605797052383422852e+00,-2.891040086746215820e+00,-4.575061461704653110e-01
1.605026006698608398e+00,-2.888908863067626953e+00,-6.431175605771636272e-01
1.604963898658752441e+00,-2.886486768722534180e+00,-8.252287687729152887e-01
1.633573532104492188e+00,-2.920873880386352539e+00,-7.448493103277762373e-01
1.633914947509765625e+00,-2.923072814941406250e+00,-5.592512725121250305e-01
1.634434700012207031e+00,-2.924578666687012163e+00,-3.808088815232983926e-01
1.635466098785400391e+00,-2.926227092742919922e+00,-1.914270721292123389e-01
1.636414051055908203e+00,-2.928028345108031782e+00,-1.032039380480670107e-02
1.637769103050231934e+00,-2.929540634155272993e+00,1.647849187997950660e-01
1.639190435409545898e+00,-2.930621385574340820e+00,3.472764945497180400e-01
1.641278386116027832e+00,-2.931679964065552202e+00,5.163684234495321546e-01
1.643198251724243164e+00,-2.932435750961304155e+00,6.867970419841400442e-01
1.641480326652526855e+00,-2.931575775146484375e+00,5.096916066869949802e-01
1.640036106109619141e+00,-2.930256128311156782e+00,3.340933172535591189e-01
1.638391733169555664e+00,-2.929327964782714844e+00,1.573277273125535947e-01
1.637104511260986328e+00,-2.927622318267822266e+00,-2.102988614974580020e-02
1.636485815048217773e+00,-2.925889730453491211e+00,-1.990136498559071099e-01
1.635837197303771973e+00,-2.924047231674194336e+00,-3.805653174199969957e-01
1.635480880737304910e+00,-2.922108173370361328e+00,-5.600176678527529761e-01
1.635563492774963379e+00,-2.919928550720214844e+00,-7.328551555524966954e-01
1.702876210212707520e+00,-2.992127418518066406e+00,-8.280101984581262897e-01
1.771136164665222168e+00,-3.066543340682983398e+00,-8.274664262425136529e-01
1.839481949806213157e+00,-3.140687704086304155e+00,-8.290021225083795686e-01
1.848305106163024902e+00,-3.147813796997070312e+00,-9.699889748389971533e-01
1.848478317260742410e+00,-3.145430088043212891e+00,-1.155609456606875529e+00
1.849434733390808105e+00,-3.144266605377197266e+00,-1.336391698164855146e+00
1.851646065711975098e+00,-3.149454593658447710e+00,-1.503697505899095566e+00
1.853158354759216309e+00,-3.148105621337890181e+00,-1.684751353299191790e+00
1.855245590209960938e+00,-3.147523403167724609e+00,-1.875098008656756798e+00
1.857454299926757590e+00,-3.147142887115478516e+00,-2.053339171046066003e+00
1.859580636024475098e+00,-3.147499084472655806e+00,-2.229678684298160185e+00
1.861593484878540039e+00,-3.147357463836669922e+00,-2.408951224620585752e+00
1.863552808761596902e+00,-3.148166179656982422e+00,-2.586119452030176014e+00
1.865599155426025169e+00,-3.149157524108886719e+00,-2.763744299603841714e+00
1.867519617080688477e+00,-3.150406837463378906e+00,-2.943769969079420790e+00
1.869250774383544922e+00,-3.152153968811035156e+00,-3.133500815100258574e+00
1.870429039001464844e+00,-3.154183149337768999e+00,2.965903031172486770e+00
1.871319174766540305e+00,-3.155841112136840820e+00,2.791232601688864889e+00
1.872063517570496050e+00,-3.157744884490966797e+00,2.611553977416929850e+00
1.872795701026916504e+00,-3.159730911254882812e+00,2.422051643999875381e+00
1.873006224632263184e+00,-3.162251234054564986e+00,2.245386265312874219e+00
1.810245394706726074e+00,-3.083652973175048828e+00,2.247092582398420912e+00
1.743757486343383789e+00,-2.999875307083129883e+00,2.246998111535228215e+00
1.679762244224548340e+00,-2.920302152633666992e+00,2.245602164939118239e+00
1.616910815238952637e+00,-2.841236591339111772e+00,2.246005653783253120e+00
1.548982501029968484e+00,-2.755351543426513672e+00,2.246595202061471230e+00
1.484037876129150391e+00,-2.674121141433715820e+00,2.247002071736925011e+00
1.462617397308349609e+00,-2.649110794067382812e+00,2.089638141784664782e+00
1.463003993034362793e+00,-2.648657560348510742e+00,2.267885123716539830e+00
1.462853789329528809e+00,-2.646686315536499023e+00,2.470924534992514854e+00
1.462524056434631126e+00,-2.644531250000000000e+00,2.675251912155885758e+00
1.461792230606079102e+00,-2.642653465270996094e+00,2.875923410140603487e+00
1.460935592651367188e+00,-2.640376091003417969e+00,3.069717163630089285e+00
1.459672927856445090e+00,-2.638423681259155718e+00,-3.006173836584185022e+00
1.458220362663269043e+00,-2.636455535888671875e+00,-2.814284118607996987e+00
1.456204891204833984e+00,-2.635015726089477095e+00,-2.609059386367804656e+00
1.369429826736450195e+00,-2.688307285308837891e+00,-2.590372544444333958e+00
1.284292817115783691e+00,-2.740785598754882812e+00,-2.591392026039952778e+00
1.193058729171752930e+00,-2.796021223068237305e+00,-2.590921375629396284e+00
1.099395036697387695e+00,-2.853687763214111772e+00,-2.591589972211449933e+00
1.013218402862548828e+00,-2.906259298324584961e+00,-2.590819139852789110e+00
9.719567298889160156e-01,-2.930272102355957031e+00,-2.440305249225192874e+00
9.703139066696168102e-01,-2.929774522781372070e+00,-2.257633568078952990e+00
9.685381650924683727e-01,-2.929373979568481001e+00,-2.067849130182523698e+00
9.668844938278198242e-01,-2.929585456848144531e+00,-1.888448085012160105e+00
9.651105999946594238e-01,-2.929926872253417969e+00,-1.709748351966509761e+00
9.634267091751099743e-01,-2.930913686752319780e+00,-1.530695878260208698e+00
9.621273279190063477e-01,-2.931940793991088867e+00,-1.354915896230715067e+00
9.614585041999815784e-01,-2.933686017990112305e+00,-1.170362805323445166e+00
1.011308550834655762e+00,-3.022296190261840820e+00,-1.050539749538907275e+00
1.060503602027893066e+00,-3.109416246414185014e+00,-1.053956299013550924e+00
1.111284613609313965e+00,-3.199436187744140625e+00,-1.053450817978655030e+00
1.127609133720397949e+00,-3.229830503463745117e+00,-8.827931599649844197e-01
1.127935886383056641e+00,-3.231685400009155718e+00,-6.982727229545124814e-01
1.128143191337585449e+00,-3.233680009841918945e+00,-5.191634234880271315e-01
1.128945469856262207e+00,-3.235692024230957031e+00,-3.378502094289201896e-01
1.129975795745849609e+00,-3.237713336944580078e+00,-1.557302784352616043e-01
1.131238937377929688e+00,-3.239253520965576172e+00,2.126284581340569940e-02
1.132171511650085449e+00,-3.240823507308959961e+00,2.010090105482722767e-01
1.133792757987976074e+00,-3.242530584335327148e+00,3.893263257590040549e-01
1.135388970375061035e+00,-3.243806362152100053e+00,5.686278913627322851e-01
1.137129545211791992e+00,-3.244609594345092773e+00,7.512146107374508830e-01
1.139077425003051758e+00,-3.245155572891235796e+00,9.327842233304739494e-01
1.140976905822753906e+00,-3.245635271072388139e+00,1.112962005983003433e+00
1.142897725105285645e+00,-3.245105028152465820e+00,1.309430780142717188e+00
1.144332647323608398e+00,-3.244333028793334961e+00,1.490331673159027925e+00
1.145872473716735840e+00,-3.243229866027832031e+00,1.679135674063747752e+00
1.147047519683837891e+00,-3.241916894912720171e+00,1.854752399758870407e+00
1.148059606552124023e+00,-3.240346431732177734e+00,2.034332794630381080e+00
1.148446321487426758e+00,-3.238744974136352539e+00,2.215885797452157746e+00
1.148407578468322754e+00,-3.237113952636718750e+00,2.397432144033920132e+00
1.147466063499450906e+00,-3.234605312347412109e+00,2.660655498742504399e+00
1.146898984909057617e+00,-3.232688188552856445e+00,2.842429660606902608e+00
1.145867466926574707e+00,-3.230638742446899414e+00,3.024175168296495020e+00
1.144759416580200195e+00,-3.228952884674072266e+00,-3.080993655126517794e+00
1.143836975097656250e+00,-3.227487564086914062e+00,-2.906384459919172603e+00
1.141805410385131836e+00,-3.225937843322753906e+00,-2.719790531772097619e+00
1.139982819557189941e+00,-3.224876642227172852e+00,-2.537921442952069562e+00
1.138138532638549805e+00,-3.224322795867919922e+00,-2.357522395125924319e+00
1.135916709899902344e+00,-3.223990917205810547e+00,-2.176564778406608003e+00
1.134335875511169434e+00,-3.223983764648437056e+00,-1.999083350044546847e+00
1.132504343986511230e+00,-3.224074602127075195e+00,-1.820144066027831187e+00
1.130838871002197266e+00,-3.224886655807495117e+00,-1.638605032043012555e+00
1.129556536674499512e+00,-3.226135492324829102e+00,-1.457812022598077961e+00
1.128421902656555176e+00,-3.227641105651855469e+00,-1.275821655526434784e+00
1.127589941024780495e+00,-3.229341268539428711e+00,-1.091431378920232786e+00
1.139941692352294922e+00,-3.248297929763793945e+00,-9.348925056803759626e-01
1.200334191322326882e+00,-3.330888748168945312e+00,-9.361696145158031612e-01
1.261123061180114746e+00,-3.412510871887207031e+00,-9.332560277128292281e-01
1.308184862136840820e+00,-3.473968982696533203e+00,-1.096676480373625528e+00
1.308859348297119141e+00,-3.472310066223144531e+00,-1.272798892207175125e+00
1.310160994529723899e+00,-3.471236944198608398e+00,-1.471696967580662596e+00
1.312024593353271706e+00,-3.470322608947753906e+00,-1.670501251509426188e+00
1.313620090484619141e+00,-3.469755411148071733e+00,-1.846087375096270744e+00
1.315401077270507812e+00,-3.469651460647583008e+00,-2.045428201353086450e+00
1.317479491233825684e+00,-3.469769716262817383e+00,-2.220453951693512451e+00
1.319455027580261230e+00,-3.470504760742187500e+00,-2.415473136509793672e+00
1.240717649459838867e+00,-3.534236907958984375e+00,-2.468092894046569619e+00
1.175351142883300781e+00,-3.585081577301025391e+00,-2.289157003827390735e+00
1.173781633377075195e+00,-3.583793401718140093e+00,-2.084893215860923465e+00
1.172150015830993652e+00,-3.583513736724853072e+00,-1.892641885260190726e+00
1.170360088348388894e+00,-3.583991289138793945e+00,-1.716711786352725033e+00
1.169155359268188477e+00,-3.585075616836547852e+00,-1.526744306520872785e+00
1.168301343917846902e+00,-3.586249828338623047e+00,-1.350022137876424333e+00
1.167808771133422852e+00,-3.587525606155395508e+00,-1.168548303904038299e+00
1.167233824729919434e+00,-3.589003562927246094e+00,-9.828478095397652492e-01
1.167185425758361816e+00,-3.590608596801757812e+00,-8.005625716586013407e-01
1.166898131370544434e+00,-3.592436313629150391e+00,-6.168120088432392789e-01
1.167429208755493164e+00,-3.594181537628173828e+00,-4.369510530434080886e-01
1.167997479438781516e+00,-3.596109151840209961e+00,-2.549853569377134033e-01
1.168770670890808105e+00,-3.597718477249145064e+00,-6.087046011078910829e-02
1.170124292373657227e+00,-3.599691629409790039e+00,1.215411712552078166e-01
1.171756744384765625e+00,-3.601395845413208008e+00,3.046819372330626385e-01
1.173627972602844238e+00,-3.602585315704345703e+00,4.865021920396828126e-01
1.175115227699279785e+00,-3.603138685226439986e+00,6.667452011950799617e-01
1.177071332931518555e+00,-3.603677034378052202e+00,8.456847382862429097e-01
1.179116606712341309e+00,-3.603780031204224077e+00,1.027697430419877378e+00
1.181131362915039062e+00,-3.604025602340697798e+00,1.187621047200917435e+00
1.183019399642944336e+00,-3.603809833526611328e+00,1.364192073293663432e+00
1.184478878974914551e+00,-3.602975606918334961e+00,1.548080754757009903e+00
1.185692906379699707e+00,-3.601836919784545898e+00,1.729432014069469892e+00
1.186399817466735840e+00,-3.600471258163452148e+00,1.907925056376044814e+00
1.186753749847412109e+00,-3.598989725112915039e+00,2.087762467302461289e+00
1.186925530433654785e+00,-3.597296476364136186e+00,2.269401462828276372e+00
1.186340451240539551e+00,-3.595907926559447798e+00,2.450301250756948157e+00
1.185372829437256081e+00,-3.594744920730590820e+00,2.631774143153916778e+00
1.184243202209472878e+00,-3.593417406082153320e+00,2.812893826049077006e+00
1.183502078056335449e+00,-3.591943979263305664e+00,2.997673290529105916e+00
1.182637572288513184e+00,-3.590481281280517578e+00,-3.105518102147586834e+00
1.181349396705627441e+00,-3.588943719863892046e+00,-2.923164640113205870e+00
1.180001258850097656e+00,-3.587302684783935547e+00,-2.740690442390094184e+00
1.178384304046630859e+00,-3.586019754409790039e+00,-2.558566513429402001e+00
1.178503870964050293e+00,-3.585901975631713867e+00,-2.553258013195040199e+00
1.180503129959106445e+00,-3.586712121963500977e+00,-2.717435836658828929e+00
1.088848710060119629e+00,-3.629648208618164062e+00,-2.719499765950765369e+00
9.909902811050416149e-01,-3.674415588378905806e+00,-2.719381607442389992e+00
8.955740928649902344e-01,-3.719079494476318359e+00,-2.718047457008817336e+00
8.004351854324340820e-01,-3.763110876083374023e+00,-2.718927613201036042e+00
7.473334074020385742e-01,-3.785979270935058594e+00,-2.550848929177275792e+00
7.477936148643493652e-01,-3.786489486694335938e+00,-2.629863872951681003e+00
7.494116425514221191e-01,-3.787611246109008789e+00,-2.816193163886625772e+00
7.506957650184631348e-01,-3.788874626159667969e+00,-2.999140287921401082e+00
7.520117759704589844e-01,-3.790148735046386275e+00,3.105204582475930231e+00
7.530252933502197266e-01,-3.791555404663085938e+00,2.924484488607146382e+00
7.538353204727172852e-01,-3.793123245239257812e+00,2.746348127720891430e+00
7.544799447059631348e-01,-3.794928073883056641e+00,2.562478776296897021e+00
7.550166845321655273e-01,-3.796590328216552734e+00,2.386131264712139100e+00
7.555021643638610840e-01,-3.798175334930419922e+00,2.202049545552426491e+00
7.553999423980712891e-01,-3.799796104431151900e+00,2.021886868595222708e+00
7.547049522399902344e-01,-3.801494359970092773e+00,1.839605572767639696e+00
7.535044550895690918e-01,-3.802888393402100053e+00,1.638672455262999428e+00
7.523921132087707520e-01,-3.803799390792847124e+00,1.463306562325307647e+00
7.503969073295593262e-01,-3.804427385330200195e+00,1.239328500084438067e+00
7.489236593246459961e-01,-3.804689884185791016e+00,1.056518961873048168e+00
7.470458745956420898e-01,-3.804246187210083008e+00,8.463175322364471231e-01
7.452167272567749023e-01,-3.803358078002929688e+00,6.697966331478967250e-01
7.435632348060607910e-01,-3.802361965179443359e+00,4.920785021656304270e-01
7.419672608375549316e-01,-3.800723075866699219e+00,3.039038577977113964e-01
7.403928637504577637e-01,-3.799232006072998047e+00,1.251343875222520885e-01
7.392426133155822754e-01,-3.797551393508911133e+00,-4.955309144166090279e-02
7.381083369255065918e-01,-3.795841693878173828e+00,-2.286153084342610886e-01
7.371996045112609863e-01,-3.793523788452148882e+00,-4.333783167117518098e-01
7.364308238029479980e-01,-3.792077541351318359e+00,-6.335172607387492549e-01
7.360790371894836426e-01,-3.790446519851685014e+00,-8.326987050811711644e-01
7.362226843833923340e-01,-3.789042234420775923e+00,-1.011035280902467415e+00
7.364668846130371094e-01,-3.787415266036987305e+00,-1.186030207345806886e+00
7.373629212379455566e-01,-3.786022186279296875e+00,-1.361598115355757699e+00
7.385272979736328125e-01,-3.784861564636231357e+00,-1.555065349520608153e+00
7.400882244110107422e-01,-3.783699512481689453e+00,-1.760440213710791069e+00
7.419522404670715332e-01,-3.783396005630493164e+00,-1.946721318150568480e+00
7.438009977340698242e-01,-3.783375740051269531e+00,-2.123852277735961191e+00
7.458752989768981934e-01,-3.783989429473876953e+00,-2.307593621506717874e+00
7.479200959205627441e-01,-3.785267591476439986e+00,-2.509480600991466304e+00
7.496438622474670410e-01,-3.786159515380859375e+00,-2.686790561594763815e+00
7.510548233985900879e-01,-3.787405729293823242e+00,-2.871180030129320215e+00
7.525882720947265625e-01,-3.788765907287597656e+00,-3.073414798144292970e+00
7.537130713462829590e-01,-3.790336608886719194e+00,3.031072120388900615e+00
7.551773190498352051e-01,-3.791908502578735796e+00,2.849987054657464380e+00
7.561726570129394531e-01,-3.793772220611571822e+00,2.648477319018287091e+00
6.728983521461486816e-01,-3.737669706344604936e+00,2.531658387732621751e+00
5.883888602256774902e-01,-3.679430484771728960e+00,2.531178106875543232e+00
5.819969177246093750e-01,-3.674323320388793945e+00,2.707320516367308194e+00
5.826987028121948242e-01,-3.675382614135742188e+00,2.549137809808675215e+00
5.836610198020935059e-01,-3.676697969436645508e+00,2.370363210402950394e+00
5.156883597373962402e-01,-3.604915142059326172e+00,2.321037390657653798e+00
4.471039175987243097e-01,-3.531782150268554688e+00,2.321291060821956798e+00
3.775074183940886896e-01,-3.457363605499268022e+00,2.319390707003988972e+00
3.071684539318084162e-01,-3.381706476211547852e+00,2.320642663739005851e+00
3.038094639778137207e-01,-3.377675771713256836e+00,2.494322132311805884e+00
3.026381433010100763e-01,-3.376065254211425781e+00,2.670104246819826610e+00
3.011820316314697266e-01,-3.374340772628784180e+00,2.853167993741013042e+00
3.000540137290954035e-01,-3.372535467147827148e+00,3.037069050887997612e+00
2.990843951702117920e-01,-3.370875835418701172e+00,-3.068005562371676209e+00
2.981598377227783203e-01,-3.369255781173706055e+00,-2.888173582217805624e+00
2.969668507575988770e-01,-3.368003368377685103e+00,-2.711145898041082525e+00
2.111896872520445945e-01,-3.421719789505004883e+00,-2.570088608284169851e+00
1.201010942459106029e-01,-3.479889869689941406e+00,-2.571184197954562212e+00
3.298954665660849828e-02,-3.535871267318725586e+00,-2.571028572992672512e+00
-5.196603387594220247e-02,-3.590295314788818359e+00,-2.571755660478535432e+00
-1.390371918678283136e-01,-3.646323680877685547e+00,-2.574760116280360389e+00
-2.034875005483627042e-01,-3.686692714691162109e+00,-2.482550299007182382e+00
-2.033748179674148004e-01,-3.687038421630859375e+00,-2.523723176451207806e+00
-2.020092457532882135e-01,-3.688513040542602539e+00,-2.718421499065929670e+00
-2.008823305368422907e-01,-3.690121173858642578e+00,-2.901159539645944641e+00
-1.996714323759078979e-01,-3.692025184631348100e+00,-3.081883901713003748e+00
-1.983402818441390991e-01,-3.694421052932739258e+00,2.988871304633052173e+00
-1.972899585962294977e-01,-3.696510076522827148e+00,2.785814275662876316e+00
-1.966914981603621881e-01,-3.698425054550170898e+00,2.605412246053582237e+00
-1.964162290096282959e-01,-3.700480699539185014e+00,2.418980547287988170e+00
-1.961057335138320923e-01,-3.702972650527954102e+00,2.209382678647505927e+00
-1.962504833936691007e-01,-3.705092191696166992e+00,2.008807982000988090e+00
-1.968863457441329956e-01,-3.706670284271239790e+00,1.825257770990886375e+00
-1.981645822525024137e-01,-3.707696199417113814e+00,1.641633608008087775e+00
-1.997299343347548883e-01,-3.708571434020996094e+00,1.455809878677865710e+00
-2.014559954404830933e-01,-3.709258556365966797e+00,1.273474632190778610e+00
-2.035619765520094993e-01,-3.709414720535278320e+00,1.092642054102842097e+00
-2.057453393936156949e-01,-3.709103822708129883e+00,8.900338685007215256e-01
-2.075260728597640991e-01,-3.708380460739136186e+00,7.089488127432870268e-01
-2.095709443092345914e-01,-3.707258939743041992e+00,5.230651028786635903e-01
-2.113184928894042969e-01,-3.705661058425903320e+00,3.126161259204118803e-01
-2.129160761833190918e-01,-3.703719854354857510e+00,1.337621335960942071e-01
-2.145354151725769043e-01,-3.701817512512207031e+00,-7.102644861623240435e-02
-2.155357450246810913e-01,-3.700149297714233398e+00,-2.520926683439991822e-01
-2.163740992546080988e-01,-3.698279619216918945e+00,-4.396040860829386610e-01
-2.167828232049942017e-01,-3.696255922317504883e+00,-6.221370970634143571e-01
-2.170473039150238037e-01,-3.694260358810424805e+00,-7.975228388456128137e-01
-2.168628126382826926e-01,-3.692334651947021484e+00,-9.789124108155523585e-01
-2.162490189075469971e-01,-3.690394639968872070e+00,-1.163576985512206452e+00
-2.153148949146269919e-01,-3.688752651214600053e+00,-1.338330988578110059e+00
-2.145177125930786133e-01,-3.687533378601074219e+00,-1.517087308860166850e+00
-2.124745547771453025e-01,-3.686494350433349609e+00,-1.697080315587335297e+00
-2.105491459369658869e-01,-3.685908555984497070e+00,-1.883528165541203503e+00
-2.083762586116789939e-01,-3.685631513595581055e+00,-2.088958631201236926e+00
-2.061342597007750910e-01,-3.686177015304564986e+00,-2.265955060696883017e+00
-2.738725244998931885e-01,-3.756536483764647993e+00,-2.333524626426464188e+00
-3.451171219348906916e-01,-3.829269170761108843e+00,-2.331856160373430242e+00
-4.157201945781707764e-01,-3.902583837509155273e+00,-2.308223085132830477e+00
-4.498521387577056885e-01,-3.946201801300048828e+00,-2.124013526069640001e+00
-4.641537368297576904e-01,-3.969100713729857510e+00,-1.945014615017421900e+00
-4.660286605358123779e-01,-3.969447135925292969e+00,-1.765029222917456897e+00
-4.677823185920714777e-01,-3.970015525817871094e+00,-1.583015272777462901e+00
-4.692064821720122736e-01,-3.971113920211791992e+00,-1.395729193373042021e+00
-4.708151519298552912e-01,-3.972380399703979936e+00,-1.192676098387601025e+00
-4.713734984397888184e-01,-3.973981618881225586e+00,-1.011697295615414438e+00
-4.716237485408782959e-01,-3.976125955581665039e+00,-8.285127696784486684e-01
-4.712540507316588800e-01,-3.978377819061279297e+00,-6.497817237614734731e-01
-4.709195494651793878e-01,-3.980520725250244141e+00,-4.670823079303220160e-01
-4.702180624008178156e-01,-3.982717990875244141e+00,-2.900863831985925900e-01
-4.691702425479888916e-01,-3.984504222869873047e+00,-1.070004462885272151e-01
-4.685456156730651855e-01,-3.986370801925659180e+00,6.894436419778729452e-02
-4.668689668178557794e-01,-3.988616466522216797e+00,2.528952586360598831e-01
-4.650863707065582275e-01,-3.990519762039185014e+00,4.299733941493416034e-01
-4.630540311336516779e-01,-3.992401123046875000e+00,6.146771280519879310e-01
-4.606817662715911865e-01,-3.993727445602416992e+00,8.354024118111593733e-01
-3.980536162853240967e-01,-3.914496421813964844e+00,9.214697947605448025e-01
-3.298622667789459229e-01,-3.840247869491577148e+00,7.768041330872407224e-01
-2.525966465473175049e-01,-3.774168729782104936e+00,7.038387930313009244e-01
-1.757432371377944946e-01,-3.709243059158325195e+00,7.038331899731911090e-01
-9.583527594804759631e-02,-3.642016649246215820e+00,7.030341611990910122e-01
-1.670417189598080027e-02,-3.575441360473632812e+00,7.015073587854717685e-01
6.348437815904610371e-02,-3.508299350738525391e+00,7.007468686975668604e-01
1.421741247177124023e-01,-3.442219972610473633e+00,7.009902785465508268e-01
2.216484695672988892e-01,-3.375732660293579102e+00,7.010499960449079193e-01
2.998877167701721191e-01,-3.310415983200072798e+00,7.011815276615260828e-01
3.463140130043029785e-01,-3.268910408020019531e+00,5.325378123134102415e-01
3.444269895553588867e-01,-3.267715215682983398e+00,3.535238149123802187e-01
3.432191908359527033e-01,-3.266302585601806197e+00,1.732531095141544020e-01
3.419771492481231134e-01,-3.264566898345947710e+00,-8.271250345627300174e-03
3.408319652080535889e-01,-3.263020753860473633e+00,-1.905956843471993956e-01
3.398313820362091064e-01,-3.261167526245117188e+00,-3.699062555069407843e-01
3.391017913818358820e-01,-3.259274482727050781e+00,-5.451511644663364908e-01
3.389469981193541925e-01,-3.257570743560791016e+00,-7.264771631267994412e-01
4.014536440372467041e-01,-3.327537775039672852e+00,-8.479943310012637570e-01
4.695101976394652765e-01,-3.403567075729370117e+00,-8.478428466610469227e-01
5.382468700408935547e-01,-3.480998277664185014e+00,-8.489953986991000123e-01
6.059999465942382812e-01,-3.557595014572143999e+00,-8.498362084779511605e-01
6.739236116409301758e-01,-3.635698318481444868e+00,-8.526120189157675444e-01
7.414704561233520508e-01,-3.713167428970336914e+00,-8.528509463782263378e-01
8.094840049743652344e-01,-3.791186332702636719e+00,-8.537025022752032788e-01
8.767853975296020508e-01,-3.867809534072875977e+00,-8.549341324460926206e-01
9.447908997535705566e-01,-3.945747137069702148e+00,-8.561117094266582628e-01
9.772815108299256481e-01,-3.982058048248291016e+00,-9.795633760474555807e-01
9.774538874626159668e-01,-3.980595827102661133e+00,-1.161983397542363239e+00
9.777858853340147816e-01,-3.979231119155883789e+00,-1.340606685502963025e+00
9.790065884590147816e-01,-3.977475643157958984e+00,-1.480405514353349217e+00
9.780654907226562500e-01,-3.979147434234619141e+00,-1.369051451720107115e+00
9.794316887855529785e-01,-3.977456808090209961e+00,-1.553486871597731689e+00
9.718625545501707874e-01,-4.075156211853027344e+00,-1.624863614082382890e+00
9.710810184478759766e-01,-4.112659931182861328e+00,-1.795774755790073396e+00
9.730324149131776013e-01,-4.112141132354736328e+00,-1.980451354819693144e+00
9.753517508506776013e-01,-4.111917972564697266e+00,-2.166136199013623198e+00
9.774186015129088245e-01,-4.112123966217041016e+00,-2.350515570708617386e+00
9.785203337669371448e-01,-4.112346649169921875e+00,-2.382177484695775949e+00
9.762662053108216442e-01,-4.112061023712158203e+00,-2.207305004225521117e+00
9.778620600700378418e-01,-4.112264156341552734e+00,-2.363644305262142087e+00
9.051339030265808105e-01,-4.178822040557861328e+00,-2.399316991444243818e+00
8.314343094825744629e-01,-4.246210098266601562e+00,-2.392702068170596608e+00
8.054524064064025879e-01,-4.272379875183105469e+00,-2.569377406468211777e+00
8.076387047767639160e-01,-4.273550033569335938e+00,-2.753802540279645772e+00
8.096827864646911621e-01,-4.274871826171875000e+00,-2.934648522846877050e+00
8.113717436790466309e-01,-4.276556015014648438e+00,-3.110817193167934480e+00
8.131593465805053711e-01,-4.278113842010498047e+00,2.988540911497080899e+00
8.144478797912597656e-01,-4.279737949371337891e+00,2.803316638927069615e+00
8.158038258552551270e-01,-4.281774520874023438e+00,2.620563538933177394e+00
8.168721199035644531e-01,-4.283409118652343750e+00,2.445226947457668665e+00
8.175572752952575684e-01,-4.285972595214843750e+00,2.271298005007992060e+00
8.176630139350891113e-01,-4.287865638732910156e+00,2.089110425115169090e+00
8.176301717758178711e-01,-4.289805889129638672e+00,1.913983142973276319e+00
8.165110349655151367e-01,-4.291563034057617188e+00,1.727404216500113776e+00
8.156291842460632324e-01,-4.293205261230468750e+00,1.545462378237139500e+00
8.138663768768310547e-01,-4.294565677642822266e+00,1.358306949089181703e+00
8.121575713157653809e-01,-4.295792579650878906e+00,1.171739162306435045e+00
8.104568719863891602e-01,-4.295981884002685547e+00,9.925335582339204210e-01
8.086003065109252930e-01,-4.295286655426025391e+00,8.155106519317847358e-01
8.068391084671020508e-01,-4.294459819793701172e+00,6.311600199446585346e-01
8.051462769508361816e-01,-4.292928695678710938e+00,4.522454560114901323e-01
8.035731315612792969e-01,-4.291028976440429688e+00,2.625448811692668860e-01
8.027508854866027832e-01,-4.289471149444580078e+00,8.134130147374679654e-02
8.018622994422912598e-01,-4.287474155426025391e+00,-9.885335661702360222e-02
8.007810115814208984e-01,-4.285821437835693359e+00,-2.797229393588970825e-01
7.997834086418151855e-01,-4.284018039703369141e+00,-4.618751265741665168e-01
7.989993095397949219e-01,-4.282260894775390625e+00,-6.455140052385401894e-01
7.983489036560058594e-01,-4.280552864074707031e+00,-8.241394834107580447e-01
7.979640960693359375e-01,-4.278843879699707031e+00,-1.007458344308751252e+00
7.981891632080078125e-01,-4.277089118957520419e+00,-1.194272371327119941e+00
7.986391186714172363e-01,-4.275454044342041016e+00,-1.370714998976543919e+00
7.995476126670837402e-01,-4.274107456207275391e+00,-1.562282160093648953e+00
8.011612892150878906e-01,-4.272894382476806641e+00,-1.738539740058116401e+00
8.033342957496643066e-01,-4.271402359008789062e+00,-1.916184296639696027e+00
8.058080077171325684e-01,-4.270822048187255859e+00,-2.098943261977241903e+00
8.080158829689025879e-01,-4.270652294158936435e+00,-2.282521091868916940e+00
7.522983551025390625e-01,-4.319274902343750000e+00,-2.428672816329798589e+00
6.765636205673217773e-01,-4.385107040405273438e+00,-2.423297978540167819e+00
6.007894277572631836e-01,-4.451315879821777344e+00,-2.414173594304106274e+00
5.265758633613586426e-01,-4.520010948181152344e+00,-2.309823579982546615e+00
4.593437910079956055e-01,-4.593200206756591797e+00,-2.304050870447609700e+00
3.928075432777404785e-01,-4.668128967285156250e+00,-2.202642970383141829e+00
3.356683254241942804e-01,-4.751126289367675781e+00,-2.153835000650726528e+00
3.265340626239776056e-01,-4.761660575866699219e+00,-1.978229449932576323e+00
3.241805136203765869e-01,-4.762074470520020419e+00,-1.790407513117125982e+00
3.187943696975708008e-01,-4.797391414642333984e+00,-1.634153600382612481e+00
3.185778558254241943e-01,-4.840147972106933594e+00,-1.459312508093179028e+00
3.187839388847351074e-01,-4.848252296447753906e+00,-1.282028664697688836e+00
3.251743614673613947e-01,-4.868151664733886719e+00,-1.100714441614278893e+00
3.531371057033538818e-01,-4.920061111450195312e+00,-1.154732141086754815e+00
3.923829495906829834e-01,-5.012200355529785156e+00,-1.161080271150968901e+00
3.960178494453430176e-01,-5.016837596893311435e+00,-1.333754789564829624e+00
3.972713053226470947e-01,-5.014897823333740234e+00,-1.509398673121730150e+00
3.987903296947479248e-01,-5.012856483459472656e+00,-1.687339272792578004e+00
4.009333550930023193e-01,-5.011624813079833984e+00,-1.875366492267380725e+00
4.028775691986083984e-01,-5.010518550872802734e+00,-2.054121713249634773e+00
4.054423868656157892e-01,-5.010179042816162109e+00,-2.241976805902662573e+00
4.082036614418029785e-01,-5.010669708251953125e+00,-2.426741584588460121e+00
4.105332195758819025e-01,-5.011259555816650391e+00,-2.601304518623630990e+00
4.125360846519470215e-01,-5.011676311492919922e+00,-2.706510971651030495e+00
4.100754261016845148e-01,-5.011054992675781250e+00,-2.527904616010661965e+00
4.078643023967742920e-01,-5.010365009307861328e+00,-2.352697346103285181e+00
4.055601358413695734e-01,-5.009805202484130859e+00,-2.167441934310371909e+00
4.030130803585051935e-01,-5.011198997497558594e+00,-1.987683415811666743e+00
3.951720297336577814e-01,-5.029897212982177734e+00,-1.807217646758793927e+00
3.906783461570739746e-01,-5.050562858581542969e+00,-1.623695269340896585e+00
3.912122547626494806e-01,-5.085656166076660156e+00,-1.458674836111004902e+00
3.967815041542053223e-01,-5.130516529083251953e+00,-1.286992211392871788e+00
4.324939250946044922e-01,-5.224468231201171875e+00,-1.195443430502396431e+00
4.698151350021361750e-01,-5.317579746246337891e+00,-1.191260527955571691e+00
4.857385158538817804e-01,-5.360805988311767578e+00,-1.018114377584883989e+00
4.856922626495360773e-01,-5.362679481506347656e+00,-8.333176960930431809e-01
4.859680235385894775e-01,-5.364688396453857422e+00,-6.488313372950504920e-01
4.867626130580902100e-01,-5.366667270660400391e+00,-4.721970881384467966e-01
4.874504804611206055e-01,-5.368450164794921875e+00,-3.005702008065155861e-01
4.887791574001312256e-01,-5.369981765747070312e+00,-1.197601628777431176e-01
4.903358221054077148e-01,-5.371889114379882812e+00,6.724868100552379435e-02
4.919125139713286798e-01,-5.373820781707763672e+00,2.537541152965926972e-01
4.941419363021850031e-01,-5.374901771545410156e+00,4.421499528569137749e-01
4.961457550525664728e-01,-5.375834941864013672e+00,6.233972237984038989e-01
5.459244251251220703e-01,-5.331334590911865234e+00,7.622246533277285963e-01
5.571041703224182129e-01,-5.322826862335205078e+00,9.357165289146428533e-01
5.592555403709411621e-01,-5.322526931762695312e+00,1.111309666913007366e+00
5.612080693244934082e-01,-5.321734428405761719e+00,1.292286305887912601e+00
5.629550814628601074e-01,-5.320806503295898438e+00,1.478353205491736322e+00
5.642889738082885742e-01,-5.319568157196044922e+00,1.652999466208843193e+00
5.653591156005859375e-01,-5.318017482757568359e+00,1.832054915127210748e+00
5.662341117858886719e-01,-5.316149234771728516e+00,2.006853029451279191e+00
5.152205824851989746e-01,-5.231516361236572266e+00,2.124776310801280488e+00
4.630968570709227961e-01,-5.146291732788085938e+00,2.127608628461799878e+00
4.090038239955902100e-01,-5.061769485473632812e+00,2.184985582385415182e+00
3.851130902767180841e-01,-5.017577648162841797e+00,2.004627707348181076e+00
3.733637928962706964e-01,-4.977721691131591797e+00,1.826453442706656105e+00
3.671833872795104980e-01,-4.929011821746826172e+00,1.642754737181225666e+00
3.709996640682219904e-01,-4.875028610229492188e+00,1.457585024372503923e+00
3.863872587680816095e-01,-4.815096378326416016e+00,1.281249413327429920e+00
4.217040240764617920e-01,-4.721090793609619141e+00,1.156697981524546615e+00
4.715952575206756037e-01,-4.635702133178710938e+00,1.020096010728314573e+00
5.270099639892578125e-01,-4.551890850067138672e+00,9.581705268810364329e-01
5.870382189750671387e-01,-4.469696521759033203e+00,9.540050803820281367e-01
6.472792029380798340e-01,-4.387439727783203125e+00,9.408475318660556308e-01
6.891611218452453613e-01,-4.339451789855957031e+00,7.643309682225781776e-01
7.339850068092346191e-01,-4.304601192474365234e+00,5.869914587665092665e-01
7.845113277435302734e-01,-4.277218341827392578e+00,4.084969158615259777e-01
8.383967280387878418e-01,-4.259091854095458984e+00,2.276083481236599038e-01
8.953964114189147949e-01,-4.251294136047363281e+00,4.779017537820850342e-02
9.383578896522521973e-01,-4.252316951751708984e+00,-1.280993079747592966e-01
9.747774600982666016e-01,-4.260504722595214844e+00,-3.168586230896666134e-01
1.023046970367431641e+00,-4.281672954559326172e+00,-4.930327193811089859e-01
1.105354666709899902e+00,-4.334709644317626953e+00,-5.989671702396508479e-01
1.150658488273620605e+00,-4.364152431488037109e+00,-4.297767751954861826e-01
1.170200347900390625e+00,-4.372929573059082031e+00,-2.517052823806067985e-01
1.182160735130310059e+00,-4.376634597778320312e+00,-6.598328386974360027e-02
1.187549233436584473e+00,-4.378243923187255859e+00,1.086973984433838025e-01
1.193131208419799805e+00,-4.379251480102539062e+00,2.917686042978216987e-01
1.209298729896545410e+00,-4.374097347259521484e+00,4.687111520618761351e-01
1.296401619911193848e+00,-4.323355674743652344e+00,5.416070270063211289e-01
1.382720232009887695e+00,-4.270965576171875000e+00,5.513614765370162818e-01
1.468445301055908203e+00,-4.217367172241210938e+00,5.578512311282669556e-01
1.553626060485839844e+00,-4.164393901824951172e+00,5.660776399729198216e-01
1.637920975685119629e+00,-4.110296249389648438e+00,5.676094339774310216e-01
1.645704030990600586e+00,-4.107796192169189453e+00,7.470371590054495359e-01
1.648053646087646484e+00,-4.107931613922119141e+00,9.303103541502295570e-01
1.650100350379943848e+00,-4.107761859893798828e+00,1.105127123739357398e+00
1.652306795120239258e+00,-4.106580257415772373e+00,1.287709343660146111e+00
1.654232382774353027e+00,-4.105410575866699219e+00,1.462614730680450892e+00
1.656046509742736816e+00,-4.103993892669677734e+00,1.650724403699470377e+00
1.657337546348571777e+00,-4.102591037750244141e+00,1.823685050836749255e+00
1.658231019973754883e+00,-4.101119041442871094e+00,2.014909712780476703e+00
1.658732414245605691e+00,-4.099168300628662109e+00,2.202318649456790123e+00
1.658397197723388894e+00,-4.097313880920410156e+00,2.386277105118890240e+00
1.658100128173827903e+00,-4.095430374145507812e+00,2.569632027305186917e+00
1.657306671142577903e+00,-4.093674659729003906e+00,2.752919197111580285e+00
1.656629800796508789e+00,-4.091831684112548828e+00,2.933600906162292521e+00
1.656023502349853516e+00,-4.089910030364990234e+00,3.115372657000210932e+00
1.654925823211669922e+00,-4.088222980499267578e+00,-2.988798853232929265e+00
1.653635859489440918e+00,-4.086637496948242188e+00,-2.811093981564632305e+00
1.652134060859680176e+00,-4.085434436798095703e+00,-2.631361548799026728e+00
1.650656819343566895e+00,-4.083579540252685547e+00,-2.450713848005434237e+00
1.648772001266479492e+00,-4.082414627075195312e+00,-2.265307585450096806e+00
1.646782994270324707e+00,-4.081611156463623047e+00,-2.084172027672466676e+00
1.644976854324340820e+00,-4.082385063171386719e+00,-1.896964174700301653e+00
1.643150568008422852e+00,-4.082940578460693359e+00,-1.716981581701740645e+00
1.641707539558410645e+00,-4.083994865417480469e+00,-1.539659121107097572e+00
1.640712499618530495e+00,-4.085285663604736328e+00,-1.358963218047261501e+00
1.639808535575866699e+00,-4.086614608764648438e+00,-1.182265583527563280e+00
1.639113306999206321e+00,-4.088172435760498047e+00,-1.001494445140693523e+00
1.638899087905883789e+00,-4.089759349822998047e+00,-8.250363596320740012e-01
1.639176487922668457e+00,-4.091578483581542969e+00,-6.434722765419075285e-01
1.639764189720153809e+00,-4.093263149261474609e+00,-4.682298784759825194e-01
1.640349030494689941e+00,-4.095089912414550781e+00,-2.878486251143252406e-01
1.641232013702392578e+00,-4.096810340881347656e+00,-1.116963560854597054e-01
1.642463803291320801e+00,-4.098657608032226562e+00,6.946287495824579605e-02
1.643815994262695090e+00,-4.100243568420410156e+00,2.578727140191531819e-01
1.645373940467834473e+00,-4.101763248443604404e+00,4.390211732044231874e-01
1.647131919860839844e+00,-4.102978706359863281e+00,6.140749455987996042e-01
1.649124383926391602e+00,-4.104025840759277344e+00,8.007093911026567090e-01
1.651180863380431907e+00,-4.104544639587402344e+00,9.882966866463044342e-01
1.653134465217590332e+00,-4.104297161102294922e+00,1.172816824936167235e+00
1.653844952583312988e+00,-4.103846073150634766e+00,1.202356071716395913e+00
1.651469230651855691e+00,-4.104398727416992188e+00,1.022183943661250760e+00
1.649496793746948242e+00,-4.104221343994140625e+00,8.464019443539492205e-01
1.647428274154663086e+00,-4.103200912475585938e+00,6.658144823784725164e-01
1.645933032035827637e+00,-4.102040767669677734e+00,4.866149377403845011e-01
1.644125223159790039e+00,-4.100665569305419922e+00,3.043897048747327139e-01
1.642545938491821289e+00,-4.099142551422119141e+00,1.284098136180137906e-01
1.641203522682189941e+00,-4.097522258758544922e+00,-5.312834878847869785e-02
1.640018939971923828e+00,-4.095569133758544922e+00,-2.283482464693636083e-01
1.639467000961303711e+00,-4.094030857086181641e+00,-4.084512175117521182e-01
1.638864040374756081e+00,-4.092405796051025391e+00,-5.837595378024879045e-01
1.638579607009887695e+00,-4.090819835662841797e+00,-7.645413147869761783e-01
1.638585686683654785e+00,-4.088626861572265625e+00,-9.472270401652910232e-01
1.638757228851318359e+00,-4.086444854736328125e+00,-1.128760830004412297e+00
1.639491438865661621e+00,-4.083988189697265625e+00,-1.266166758199913644e+00
1.639115571975708008e+00,-4.087000370025634766e+00,-1.087285420362974708e+00
1.690465211868285911e+00,-4.175123214721679688e+00,-1.031201218052650415e+00
1.742415666580200195e+00,-4.260832786560058594e+00,-1.008205613391813360e+00
1.753942370414734109e+00,-4.278591632843017578e+00,-8.275049392884743504e-01
1.768093705177307129e+00,-4.293704032897949219e+00,-6.498368610346844099e-01
1.779818773269653098e+00,-4.303373813629150391e+00,-4.761013343662734432e-01
1.780896067619323508e+00,-4.305428981781005859e+00,-3.013885129385002193e-01
1.781872630119323508e+00,-4.307036876678466797e+00,-1.133218829011291978e-01
1.783466100692749023e+00,-4.308605194091796875e+00,7.361418401854430416e-02
1.784897565841674805e+00,-4.309553146362304688e+00,1.586084118654098041e-01
1.783042430877685547e+00,-4.307780265808105469e+00,-2.405456136821990110e-02
1.781905889511108398e+00,-4.306189060211181641e+00,-2.073970232031001615e-01
1.780311226844787598e+00,-4.304483413696289062e+00,-3.914030229406008643e-01
1.779092431068420410e+00,-4.302308082580566406e+00,-5.757253246934642688e-01
1.778690814971923828e+00,-4.300323486328125000e+00,-7.523903121457979903e-01
1.799086570739746094e+00,-4.321392059326171875e+00,-9.063651806487359464e-01
1.808150529861450417e+00,-4.335178375244140625e+00,-1.081829027198903281e+00
1.821979522705077903e+00,-4.369458198547363281e+00,-1.130198693961393497e+00
1.842592597007751687e+00,-4.403245449066162109e+00,-9.618986429623902490e-01
1.842818498611450417e+00,-4.405795097351074219e+00,-7.783358892548770669e-01
1.843402981758117676e+00,-4.407618522644042969e+00,-5.937640918125218770e-01
1.844351649284362793e+00,-4.409657001495361328e+00,-4.159675434864654187e-01
1.845774412155151589e+00,-4.411407947540283203e+00,-2.340570847059902926e-01
1.847169637680053711e+00,-4.413389682769775391e+00,-4.737131612104869549e-02
1.848311305046081099e+00,-4.415140628814697266e+00,1.388996359556542992e-01
1.850297212600708008e+00,-4.416694164276123047e+00,3.254584082557012148e-01
1.852167367935180886e+00,-4.417708873748779297e+00,5.131904681614902763e-01
1.854418992996216042e+00,-4.418286800384521484e+00,6.963972042847655919e-01
1.853623867034912109e+00,-4.417915821075440341e+00,5.997634965324768475e-01
1.851192593574523926e+00,-4.417397499084472656e+00,4.160520668767240804e-01
1.849111318588256836e+00,-4.416285991668701172e+00,2.408438190726706896e-01
1.847183823585510476e+00,-4.414679050445556641e+00,5.818232359617730304e-02
1.845326185226440430e+00,-4.413153648376464844e+00,-1.268771350008630616e-01
1.843416690826416016e+00,-4.411572933197021484e+00,-3.024791087528510558e-01
1.841571569442749023e+00,-4.409541606903076172e+00,-4.804232341227771541e-01
1.840526461601257102e+00,-4.407297134399414062e+00,-6.660495943117668016e-01
1.842429757118225098e+00,-4.407773971557617188e+00,-8.518178474608459894e-01
1.845225334167480469e+00,-4.409760951995849609e+00,-1.027006759161480431e+00
1.848390221595763938e+00,-4.414414882659912109e+00,-1.200885950590172557e+00
1.858297944068908691e+00,-4.457239151000976562e+00,-1.377746951688848975e+00
1.863432884216308816e+00,-4.530236244201660156e+00,-1.493326097471215919e+00
1.868762731552124023e+00,-4.590518951416015625e+00,-1.517375704623453059e+00
1.864791750907897949e+00,-4.641964912414550781e+00,-1.695846788946880235e+00
1.845707774162292480e+00,-4.739835739135742188e+00,-1.748865176724603288e+00
1.826793193817138894e+00,-4.838366031646728516e+00,-1.749435708458817684e+00
1.806939363479614480e+00,-4.937160968780517578e+00,-1.750296020255954099e+00
1.803242802619934082e+00,-4.962844848632812500e+00,-1.936067887879569183e+00
1.805422306060791016e+00,-4.962811946868896484e+00,-2.112452971687803771e+00
1.807792305946350098e+00,-4.962950229644775391e+00,-2.296566087095507136e+00
1.810253500938415527e+00,-4.963768005371093750e+00,-2.481181164567289876e+00
1.811932802200317161e+00,-4.965247631072998047e+00,-2.659586818197895219e+00
1.813344717025756836e+00,-4.966854572296142578e+00,-2.840766677637617921e+00
1.814789891242980957e+00,-4.968588352203369141e+00,-3.016781804154160529e+00
1.816386342048645020e+00,-4.970553398132324219e+00,3.082865480929130264e+00
1.716756463050842507e+00,-4.967266082763671875e+00,3.089800130011862933e+00
1.628973245620727539e+00,-4.964828014373779297e+00,-3.019751786343088273e+00
1.610368609428405762e+00,-4.967175960540772373e+00,-2.830639156874744433e+00
1.605013489723205566e+00,-4.966923713684082031e+00,-2.667265596086410895e+00
1.599455833435058594e+00,-4.967613697052001953e+00,-2.492536784715702947e+00
1.594103217124938965e+00,-4.969349861145020419e+00,-2.305118793282642908e+00
1.588934779167175293e+00,-4.972347259521484375e+00,-2.116733948616873029e+00
1.582881331443786621e+00,-4.981299400329589844e+00,-1.941284884478233108e+00
1.550190687179565430e+00,-5.076328754425048828e+00,-1.873252708781447895e+00
1.518815636634826882e+00,-5.172197818756104404e+00,-1.866647200038889176e+00
1.488412022590637207e+00,-5.267346858978272373e+00,-1.866027556318193614e+00
1.465417742729187012e+00,-5.335797786712647373e+00,-1.701498949931640636e+00
1.463966131210327148e+00,-5.337303638458251953e+00,-1.515084017245087011e+00
1.462869405746459961e+00,-5.339184284210205078e+00,-1.327623096855358176e+00
1.462472796440124290e+00,-5.341097354888916016e+00,-1.140833614205180480e+00
1.462616205215454102e+00,-5.342852115631104404e+00,-9.656990036226044127e-01
1.462748885154723899e+00,-5.344831943511962891e+00,-7.835631027073152177e-01
1.463668465614318848e+00,-5.346621990203857422e+00,-6.077402895075464384e-01
1.464691042900085449e+00,-5.348777770996093750e+00,-4.331133514217135883e-01
1.555410623550415039e+00,-5.389080047607421875e+00,-3.250484555685336785e-01
1.556869983673095703e+00,-5.389880657196044922e+00,-2.836900376067839069e-01
1.534124612808227539e+00,-5.384637355804443359e+00,-1.248326833853030948e-01
1.535778403282165527e+00,-5.386285781860351562e+00,4.574811693246470801e-02
1.537122011184692383e+00,-5.387607574462890625e+00,2.263202938731946057e-01
1.538888454437256081e+00,-5.389115810394287109e+00,4.131458465097601063e-01
1.540595650672912598e+00,-5.390336036682128906e+00,5.991954321108615700e-01
1.542776703834533691e+00,-5.391309261322021484e+00,7.702537669332627512e-01
1.545037865638732910e+00,-5.391539096832275391e+00,9.546121231371903493e-01
1.547502398490905762e+00,-5.391189575195312500e+00,1.123387588602889675e+00
1.549251317977905273e+00,-5.390657424926757812e+00,1.301176990494829822e+00
1.550898194313049094e+00,-5.389836788177490234e+00,1.483802075230344242e+00
1.552802324295043945e+00,-5.290665149688720703e+00,1.577186762473244075e+00
1.553904175758361816e+00,-5.189495563507080078e+00,1.575352510717330956e+00
1.552271962165832297e+00,-5.177592277526856357e+00,1.401021190101257252e+00
1.550325274467468484e+00,-5.178246974945068359e+00,1.213455891869944070e+00
1.582723140716552734e+00,-5.119507789611816406e+00,1.079120490400186094e+00
1.584825992584228294e+00,-5.118525505065917969e+00,1.261824471603317788e+00
1.614649891853332297e+00,-5.035284996032714844e+00,1.102664237060032804e+00
1.624200463294982910e+00,-5.020532131195068359e+00,9.299441890249704468e-01
1.692947387695312500e+00,-4.945901393890380859e+00,8.380166783342055670e-01
1.764718294143676758e+00,-4.875393867492675781e+00,6.794454638743148145e-01
1.805971145629882812e+00,-4.847261428833007812e+00,5.041362952262673502e-01
1.833438634872436301e+00,-4.833835601806640625e+00,3.158858814298634021e-01
1.851965188980102317e+00,-4.828451633453369141e+00,1.278843956611820931e-01
1.876472353935241699e+00,-4.826915264129638672e+00,-6.918379019917719752e-02
1.905686855316162109e+00,-4.830220699310302734e+00,-2.513853161934201941e-01
1.922711968421936035e+00,-4.835475444793701172e+00,-4.354468389183216437e-01
1.945389032363892046e+00,-4.849450588226318359e+00,-6.261279096379248621e-01
1.968345761299133301e+00,-4.870434761047363281e+00,-8.135104729864329753e-01
1.986043930053710938e+00,-4.894528388977050781e+00,-9.929602807329768188e-01
2.016861915588378906e+00,-4.961747646331787109e+00,-1.122576163910979696e+00
2.030414581298828125e+00,-4.986193180084228516e+00,-9.352962460465960026e-01
2.048805713653564453e+00,-5.007919788360595703e+00,-7.447220871777983087e-01
2.075029373168945312e+00,-5.028743267059326172e+00,-5.559227428828952267e-01
2.119824171066284180e+00,-5.050833702087402344e+00,-3.812419643936277858e-01
2.212367296218872070e+00,-5.090188503265380859e+00,-4.520439754901089957e-01
2.234763383865356445e+00,-5.104253768920898438e+00,-3.889650180388493084e-01
2.235864877700805664e+00,-5.106146335601806641e+00,-2.056532669840107075e-01
2.237191677093505859e+00,-5.108136653900146484e+00,-2.112585698776750162e-02
2.238911867141724077e+00,-5.110187530517578125e+00,1.642872898346849908e-01
2.240509986877441406e+00,-5.111602306365966797e+00,3.545014924646189836e-01
2.242838859558105025e+00,-5.112471580505371094e+00,5.342466259837964637e-01
2.244928121566772461e+00,-5.113762855529785156e+00,7.206151086345111700e-01
2.247365951538085938e+00,-5.114025115966796875e+00,9.060439862218544471e-01
2.249415159225463867e+00,-5.113754272460937500e+00,1.090938157549490084e+00
2.251341581344604492e+00,-5.112717628479003906e+00,1.271807506421031686e+00
2.253030776977539062e+00,-5.111912250518798828e+00,1.458640259556935437e+00
2.254275798797607422e+00,-5.110718250274658203e+00,1.634454586103812446e+00
2.255037784576416016e+00,-5.109159946441650391e+00,1.816484818003505586e+00
2.255246162414550781e+00,-5.107632637023925781e+00,1.991284107777203216e+00
2.254731893539428711e+00,-5.105822563171386719e+00,2.166228211983616703e+00
2.253808259963989258e+00,-5.104144573211669922e+00,2.349148240223180917e+00
2.252686262130737305e+00,-5.102371215820312500e+00,2.535109432892364012e+00
2.251569986343383789e+00,-5.100605964660644531e+00,2.710349018428973356e+00
2.250468254089355469e+00,-5.098679065704345703e+00,2.897262103939839850e+00
2.249324798583984375e+00,-5.097388744354248047e+00,3.076832301464938801e+00
2.247918367385864258e+00,-5.095762729644775391e+00,-3.023992779311256207e+00
2.246164560317993164e+00,-5.094334125518798828e+00,-2.839015250566351956e+00
2.245004892349243164e+00,-5.093242168426513672e+00,-2.657374092958709966e+00
2.243531942367553711e+00,-5.091950893402099609e+00,-2.478104099725302323e+00
2.242233514785766602e+00,-5.090684413909912109e+00,-2.298525164118421671e+00
2.240799665451049805e+00,-5.089742183685302734e+00,-2.117989209832797926e+00
2.239277601242064986e+00,-5.089130878448486328e+00,-1.937102823781583494e+00
2.237827062606811523e+00,-5.089210987091064453e+00,-1.757377727827264646e+00
2.236617326736450195e+00,-5.089853763580322266e+00,-1.571079860570771425e+00
2.235724687576293945e+00,-5.091176986694335938e+00,-1.383405790071891017e+00
2.234874010086060014e+00,-5.094369411468505859e+00,-1.211098016904069263e+00
2.242887735366821289e+00,-5.114112854003906250e+00,-1.033710442569447441e+00
2.296038627624512163e+00,-5.200105667114257812e+00,-1.012011117660294390e+00
2.348382472991943803e+00,-5.285392284393311435e+00,-1.015333200359148424e+00
2.401281833648681641e+00,-5.370267868041992188e+00,-1.010546700851110202e+00
2.438961744308472124e+00,-5.422109127044677734e+00,-8.308035014510974925e-01
2.448991060256958008e+00,-5.434553623199462891e+00,-6.453772785398574907e-01
2.449786186218261719e+00,-5.436645984649658203e+00,-4.577575725629500214e-01
2.450653314590454102e+00,-5.438838958740234375e+00,-2.719368899425230190e-01
2.452089071273804155e+00,-5.441046714782714844e+00,-8.458501661129459726e-02
2.453491687774658203e+00,-5.442619323730468750e+00,9.800929707671549029e-02
2.455414295196533203e+00,-5.444013595581054688e+00,2.757037678634104982e-01
2.457408189773560014e+00,-5.445096969604492188e+00,4.527598841451129785e-01
2.455933570861816406e+00,-5.444013118743896484e+00,2.752209167231526865e-01
2.453776836395264116e+00,-5.442714214324951172e+00,9.451949529318690035e-02
2.452477455139160156e+00,-5.441159248352050781e+00,-8.725814304251998388e-02
2.451137542724609375e+00,-5.439351558685302734e+00,-2.628009747826632880e-01
2.453648805618286133e+00,-5.438886165618896484e+00,-4.374427447683666981e-01
2.457092523574829102e+00,-5.439682483673095703e+00,-6.125221676287995187e-01
2.468796014785766602e+00,-5.449361801147460938e+00,-7.905145596750152714e-01
2.474606990814208984e+00,-5.455385684967041016e+00,-9.676666138031011499e-01
2.483028411865234375e+00,-5.470329761505126953e+00,-1.147758955396137814e+00
2.498093366622924805e+00,-5.509886264801025391e+00,-1.324593274201524062e+00
2.502314805984497070e+00,-5.556092262268066406e+00,-1.502710084666724510e+00
2.498799800872802734e+00,-5.610782146453857422e+00,-1.682708253378869090e+00
2.477876663208007812e+00,-5.708704471588134766e+00,-1.855502455450517285e+00
2.452337026596069336e+00,-5.766587257385253906e+00,-2.034957790398919997e+00
2.401856422424316406e+00,-5.855273723602294922e+00,-2.074690014341007860e+00
2.351464986801147461e+00,-5.943681716918945312e+00,-2.074455239288054198e+00
2.302053451538085938e+00,-6.030999660491943359e+00,-2.025997702497449815e+00
2.292609453201293945e+00,-6.048433780670166016e+00,-1.851245292247791996e+00
2.290811777114868164e+00,-6.049379825592041016e+00,-1.664498705188306893e+00
2.289561033248901367e+00,-6.050962924957275391e+00,-1.480594007115417110e+00
2.288266897201538086e+00,-6.052610874176025391e+00,-1.294120997920138239e+00
2.287662744522094727e+00,-6.054521560668945312e+00,-1.116042645224268437e+00
2.287702083587646484e+00,-6.056762695312500000e+00,-9.314589781866839946e-01
2.288341045379638672e+00,-6.059166431427001953e+00,-7.033222936275737025e-01
2.289099216461181641e+00,-6.061055183410644531e+00,-5.248596753421373995e-01
2.289748907089233398e+00,-6.062628746032714844e+00,-3.343996599977595019e-01
2.290648937225341797e+00,-6.064239978790283203e+00,-1.421887509621286017e-01
2.292043924331665039e+00,-6.066195964813232422e+00,6.692820170443179728e-02
2.293529272079468218e+00,-6.068326950073242188e+00,2.689247413331833925e-01
2.296040534973144531e+00,-6.070240497589111328e+00,5.557130177965615703e-01
2.298239231109619141e+00,-6.071617603302001953e+00,7.839484817264881222e-01
2.300398826599121094e+00,-6.072347164154052734e+00,9.586779915134767682e-01
2.302624702453613281e+00,-6.072550296783447266e+00,1.151055751523602177e+00
2.304724454879760742e+00,-6.071532726287841797e+00,1.375622445370609848e+00
2.306341886520385742e+00,-6.070671081542968750e+00,1.550486550165979915e+00
2.307828664779663086e+00,-6.069269657135009766e+00,1.764436713408511270e+00
2.308695554733276367e+00,-6.067537784576416016e+00,1.944086931350905267e+00
2.309300422668457031e+00,-6.064974308013916016e+00,2.203635765361705801e+00
2.309183835983276367e+00,-6.062658786773681641e+00,2.424652370491168885e+00
2.308590412139892578e+00,-6.060636043548583984e+00,2.648292606727901788e+00
2.307505607604980469e+00,-6.059021472930908203e+00,2.825372213279734090e+00
2.305954694747924805e+00,-6.056346893310546875e+00,3.069222426733290376e+00
2.304684162139892578e+00,-6.054615974426269531e+00,-3.036217217436923743e+00
2.303116559982299805e+00,-6.052743911743164062e+00,-2.800803900314929873e+00
2.301666021347045898e+00,-6.050998210906982422e+00,-2.612504451931862093e+00
2.300128221511840820e+00,-6.049864292144775391e+00,-2.433188799031448468e+00
2.299429416656494141e+00,-6.049904346466064453e+00,-2.420194860614051091e+00
2.301266193389892578e+00,-6.050794124603272373e+00,-2.611371300954133279e+00
2.302496671676636186e+00,-6.051396846771240234e+00,-2.704197913832787403e+00
2.300613164901733398e+00,-6.050189971923828125e+00,-2.525478880008472427e+00
2.299000740051269087e+00,-6.049807071685791016e+00,-2.404435091379913736e+00
2.301274538040161133e+00,-6.050534725189208984e+00,-2.589097029974088304e+00
2.303153514862060547e+00,-6.051796913146972656e+00,-2.763673109966843011e+00
2.305187463760375977e+00,-6.053447246551513672e+00,-2.948024052653054561e+00
2.208758592605590820e+00,-6.064323902130126953e+00,-3.048913722094549694e+00
2.107653617858886719e+00,-6.075004577636718750e+00,-3.025382506107889391e+00
2.009122371673583984e+00,-6.094083309173583984e+00,-2.977726438730219805e+00
1.911097884178161621e+00,-6.111309528350830078e+00,-2.973682620484125572e+00
1.812661290168762429e+00,-6.129015445709228516e+00,-2.968609329376894479e+00
1.773187279701232910e+00,-6.134979248046875000e+00,-2.800290116890682413e+00
1.771314024925231934e+00,-6.134016513824462891e+00,-2.617259544749722888e+00
1.690231323242187500e+00,-6.190775394439697266e+00,-2.520540159621763809e+00
1.608107924461364746e+00,-6.249801635742188388e+00,-2.517242919491469166e+00
1.527141809463500977e+00,-6.308322429656982422e+00,-2.514823188645894714e+00
1.445454239845276101e+00,-6.367572307586669922e+00,-2.510253578820564879e+00
1.391397356986999512e+00,-6.409502983093261719e+00,-2.677402478041426281e+00
1.393274664878845215e+00,-6.410766601562500000e+00,-2.864754252121808786e+00
1.395136594772338867e+00,-6.412419319152832031e+00,-3.051147943596584700e+00
1.396960258483886719e+00,-6.413467407226562500e+00,3.051250208227536120e+00
1.398612022399902344e+00,-6.415129184722900391e+00,2.864856466394280154e+00
1.321030497550964355e+00,-6.385041713714599609e+00,2.806328783469235866e+00
1.294292449951172097e+00,-6.375801563262940341e+00,2.713764195629336129e+00
1.289824008941650391e+00,-6.373232841491699219e+00,2.793869004539905276e+00
1.289294123649597168e+00,-6.372768878936767578e+00,2.805174052824110920e+00
1.290281057357788086e+00,-6.374376773834228516e+00,2.621402302129166362e+00
1.213282585144042969e+00,-6.317358493804931641e+00,2.490914833736576739e+00
1.160885572433471680e+00,-6.279457569122314453e+00,2.276576174392304530e+00
1.160871744155883789e+00,-6.279418945312500000e+00,2.298312698900761841e+00
1.160457491874694824e+00,-6.277778148651123047e+00,2.478155667146966223e+00
1.159884333610534890e+00,-6.276523590087890625e+00,2.652899309295832619e+00
1.159615159034729004e+00,-6.275123119354248047e+00,2.835467123129921330e+00
1.158927917480468750e+00,-6.273797512054443359e+00,3.038939943050091852e+00
1.158466815948486328e+00,-6.272439479827880859e+00,-3.069705499771953949e+00
1.157424330711364746e+00,-6.270887374877929688e+00,-2.892582133358897689e+00
1.156350135803222878e+00,-6.269415855407714844e+00,-2.711350059534038071e+00
1.155060052871704102e+00,-6.268063068389892578e+00,-2.529617763732566971e+00
1.153704166412353516e+00,-6.267248153686523438e+00,-2.354282047659892019e+00
1.152220010757446289e+00,-6.266823291778564453e+00,-2.173649776342140072e+00
1.150518178939819114e+00,-6.266432762145996094e+00,-1.992547254848151983e+00
1.149150252342223899e+00,-6.266564846038818359e+00,-1.813146843266463693e+00
1.147615075111389160e+00,-6.266479015350341797e+00,-1.634585715355820756e+00
1.146581053733825684e+00,-6.267061233520507812e+00,-1.458736295893436008e+00
1.146091580390930176e+00,-6.268248081207275391e+00,-1.277115127073268797e+00
1.145470857620239258e+00,-6.269052505493164062e+00,-1.096642072387749911e+00
1.145423173904418945e+00,-6.270434379577636719e+00,-9.218390920271796185e-01
1.146241784095764160e+00,-6.271852016448974609e+00,-7.416947407748084586e-01
1.146829962730407493e+00,-6.273427009582520419e+00,-5.669789246196983434e-01
1.147081971168518066e+00,-6.274970054626464844e+00,-3.854115209303121126e-01
1.146621227264404297e+00,-6.273936748504638672e+00,-4.867224538859866723e-01
1.145456552505493164e+00,-6.271749019622802734e+00,-6.621135345851282272e-01
1.207270383834838867e+00,-6.322504043579101562e+00,-7.378620287231447694e-01
1.277788877487182617e+00,-6.376243114471436435e+00,-6.973448001414085384e-01
1.348342776298522949e+00,-6.446991920471191406e+00,-8.403816401514557777e-01
1.404342770576477051e+00,-6.510960102081298828e+00,-1.001339571795951011e+00
1.420827865600585938e+00,-6.540520191192626953e+00,-1.175743059292329695e+00
1.421659231185913086e+00,-6.538274765014648438e+00,-1.363353088757113030e+00
1.422962307929992898e+00,-6.536556243896484375e+00,-1.543509664859545216e+00
1.424633383750915527e+00,-6.534848690032958984e+00,-1.726225235701813965e+00
1.426450848579406738e+00,-6.533368587493896484e+00,-1.914044898003942397e+00
1.429059028625488503e+00,-6.532586574554443359e+00,-2.099796218633857681e+00
1.416819453239440918e+00,-6.554165840148925781e+00,-2.259348416971656004e+00
1.398195624351501687e+00,-6.572848320007324219e+00,-2.195209471420351388e+00
1.395904660224914551e+00,-6.572904586791992188e+00,-2.007657300318409277e+00
1.394044280052185059e+00,-6.573196411132812500e+00,-1.822047896104228792e+00
1.392718195915222168e+00,-6.574191093444824219e+00,-1.641237400700312987e+00
1.391555547714233398e+00,-6.575436115264892578e+00,-1.455857002016947233e+00
1.390736103057861106e+00,-6.577000141143798828e+00,-1.280046154080455301e+00
1.390460491180419922e+00,-6.578887939453125000e+00,-1.092552930168188441e+00
1.438508868217468484e+00,-6.667198657989501953e+00,-1.065862730383431378e+00
1.491716146469116211e+00,-6.752951145172119141e+00,-9.799795277497688195e-01
1.547133088111877441e+00,-6.836362361907958984e+00,-9.812211009788256444e-01
1.602009057998657227e+00,-6.919245243072509766e+00,-9.823590506206788531e-01
1.657587289810180886e+00,-7.003396511077880859e+00,-9.805671734105827486e-01
1.698206663131714089e+00,-7.065231800079345703e+00,-8.117375228970814538e-01
1.698195934295654297e+00,-7.066682338714599609e+00,-6.253852702675218866e-01
1.699139833450317383e+00,-7.068604946136474609e+00,-4.347881354882730531e-01
1.700036525726318359e+00,-7.070033550262451172e+00,-2.479400216680219260e-01
1.700743079185485840e+00,-7.071807861328125000e+00,-6.718262823536620687e-02
1.701942086219787598e+00,-7.073329925537109375e+00,1.118256619215965142e-01
1.702853202819824219e+00,-7.074940681457520419e+00,2.947944190477217452e-01
1.704420208930969238e+00,-7.076723098754882812e+00,4.709750230466718257e-01
1.706169605255126953e+00,-7.078198432922363281e+00,6.500519215256942429e-01
1.708075523376464844e+00,-7.078922748565673828e+00,8.306055262714624465e-01
1.710020184516906738e+00,-7.079387664794921875e+00,1.010906961188967390e+00
1.711792111396789551e+00,-7.079512596130371094e+00,1.190491798283173752e+00
1.713198184967041016e+00,-7.078894615173339844e+00,1.370261519283676233e+00
1.714768171310424805e+00,-7.078227996826171875e+00,1.550695078785780057e+00
1.716009259223937988e+00,-7.077224254608154297e+00,1.738736940412906717e+00
1.716855049133300781e+00,-7.075778484344482422e+00,1.917809860183748105e+00
1.717179298400878906e+00,-7.074912071228027344e+00,2.079441503963173066e+00
1.717138409614562988e+00,-7.073608875274658203e+00,2.258057465344513126e+00
1.654323816299438477e+00,-6.996440887451171875e+00,2.257911068935055443e+00
1.590352058410644309e+00,-6.920351028442382812e+00,2.264799193697411450e+00
1.526083111763000488e+00,-6.843836784362792969e+00,2.270215102131077689e+00
1.469895720481872559e+00,-6.780325889587402344e+00,2.270781565762610033e+00
1.413098096847534180e+00,-6.698224067687988281e+00,2.154786518977572118e+00
1.358274340629577637e+00,-6.615269184112548828e+00,2.160247090599930253e+00
1.302807569503784180e+00,-6.531926631927490234e+00,2.161480970626798115e+00
1.280405998229980469e+00,-6.495326995849609375e+00,1.985993651497948820e+00
1.274673819541931152e+00,-6.478161811828613281e+00,1.805276586446571185e+00
1.272325873374938965e+00,-6.460733413696289062e+00,1.626544293834084831e+00
1.273049712181091309e+00,-6.443129062652587891e+00,1.451441387640489022e+00
1.277069568634033203e+00,-6.425683498382568359e+00,1.276430399886302913e+00
1.284577369689941406e+00,-6.408641338348388672e+00,1.096907937129579569e+00
1.294720172882080078e+00,-6.393052101135253906e+00,9.184545180301232348e-01
1.307336688041687012e+00,-6.379639625549316406e+00,7.404672723888177099e-01
1.386697053909301758e+00,-6.320178985595703125e+00,6.382040501272036037e-01
1.467442393302917703e+00,-6.260057449340820312e+00,6.438992283476810963e-01
1.548145771026611106e+00,-6.199159622192382812e+00,6.487360805857766977e-01
1.627988815307617188e+00,-6.138364315032958984e+00,6.544242613026823863e-01
1.707503557205200195e+00,-6.076523303985595703e+00,6.552298655534396499e-01
1.785915017127990723e+00,-6.017955780029296875e+00,4.852244271175882862e-01
1.801814913749694824e+00,-6.010736465454101562e+00,3.088594659400049069e-01
1.818855285644531250e+00,-6.006426811218261719e+00,1.313989338256510986e-01
1.836820721626281516e+00,-6.005147933959960938e+00,-4.908012323731460180e-02
1.854390621185302734e+00,-6.007103919982910156e+00,-2.259912628558725101e-01
1.870937108993530495e+00,-6.012035369873046875e+00,-4.047500712518620203e-01
1.958892822265625000e+00,-6.061255931854248047e+00,-5.556182741965725036e-01
2.044607877731323242e+00,-6.113306999206542969e+00,-5.495060122531019164e-01
2.131575345993041992e+00,-6.165054321289063388e+00,-4.056124895248506834e-01
2.227518558502197266e+00,-6.195446968078613281e+00,-2.900205136483103852e-01
2.283822774887084961e+00,-6.205629825592041016e+00,-1.188526740635548057e-01
2.305465221405029297e+00,-6.207983493804931641e+00,5.611594050259789690e-02
2.404435634613037109e+00,-6.190707206726074219e+00,1.873959257217573948e-01
2.467527627944946289e+00,-6.177470684051513672e+00,3.631078213305738989e-01
2.478065013885498047e+00,-6.174700260162353516e+00,5.434501643507237967e-01
2.480611085891724077e+00,-6.175935268402099609e+00,7.289784892576989250e-01
2.553274393081665039e+00,-6.107028007507324219e+00,7.716723844835989832e-01
2.625388860702514204e+00,-6.037693023681640625e+00,7.740420242120716887e-01
2.697844505310058594e+00,-5.967496871948242188e+00,7.716155887740124841e-01
2.770954370498656782e+00,-5.896722316741943359e+00,7.713070595083211245e-01
2.843424797058105025e+00,-5.827259540557861328e+00,7.700743914795903367e-01
2.902662038803100586e+00,-5.766724109649658203e+00,5.937340918542234336e-01
2.986166477203369141e+00,-5.712871551513671875e+00,5.704824417820398841e-01
3.069946050643920898e+00,-5.657645702362060547e+00,5.777785008836082703e-01
3.153210401535034180e+00,-5.602042675018311435e+00,5.842663472198831309e-01
3.204852819442749023e+00,-5.565022468566895419e+00,4.137221083929662480e-01
3.202866554260253906e+00,-5.563611507415772373e+00,2.457371560095390206e-01
3.200874090194702148e+00,-5.562066555023193359e+00,6.810229048004538821e-02
3.199225187301636186e+00,-5.560640811920166016e+00,-1.065442284536029099e-01
3.198006153106689009e+00,-5.559033393859863281e+00,-2.901817461970552792e-01
3.196978569030761719e+00,-5.556799411773681641e+00,-4.758944169113004108e-01
3.196226835250854492e+00,-5.554581165313720703e+00,-6.624604134335553285e-01
3.195476293563842773e+00,-5.552194118499755859e+00,-8.340906753398501516e-01
3.158365488052368164e+00,-5.506893634796142578e+00,-7.903861496051706181e-01
3.158417701721191406e+00,-5.508902072906494141e+00,-6.036470633536058505e-01
3.158832073211669922e+00,-5.510971546173095703e+00,-4.217156255910912699e-01
3.159347057342529297e+00,-5.512957572937011719e+00,-2.407886729317796903e-01
3.159877538681030273e+00,-5.514834880828857422e+00,-6.502127791466179307e-02
3.160982131958007812e+00,-5.516465187072753906e+00,1.139810798223405003e-01
3.162296772003173828e+00,-5.517782211303710938e+00,2.920504707312073789e-01
3.163710117340087891e+00,-5.519139766693115234e+00,4.729093985452553772e-01
3.249844312667846680e+00,-5.467911720275878906e+00,5.428439953783096295e-01
3.334262371063232422e+00,-5.418190956115722656e+00,7.203815528332413454e-01
3.336581468582153320e+00,-5.418761730194091797e+00,9.069297117697715516e-01
3.338800907135009766e+00,-5.418467521667480469e+00,1.094118299018728591e+00
3.340827226638793945e+00,-5.418133258819580078e+00,1.274433898470729520e+00
3.342568874359130859e+00,-5.417226314544677734e+00,1.451064019241917302e+00
3.344374418258666992e+00,-5.415668010711669922e+00,1.636061865878588595e+00
3.345874071121215820e+00,-5.414421558380126953e+00,1.818366296114404035e+00
3.346608161926269087e+00,-5.413040637969970703e+00,1.934457524831054043e+00
3.345956802368164062e+00,-5.415051460266113281e+00,1.814967027171183078e+00
3.346857786178588867e+00,-5.413486957550048828e+00,1.989686693095396697e+00
3.346904993057250977e+00,-5.411126136779785156e+00,2.174625366239927526e+00
3.290269374847412109e+00,-5.328862667083740234e+00,2.177390526760230482e+00
3.240036964416503906e+00,-5.252381801605224609e+00,2.127973057658902878e+00
3.228752613067626953e+00,-5.234717845916748047e+00,2.306472595885359134e+00
3.214697837829589844e+00,-5.220476627349853516e+00,2.207236036192320672e+00
3.214996576309204102e+00,-5.221437931060791016e+00,2.201799776176450063e+00
3.214656114578247070e+00,-5.219567298889160156e+00,2.387151403788216886e+00
3.213924407958984375e+00,-5.217350959777832031e+00,2.572737508371456094e+00
3.213533639907836914e+00,-5.217278003692626953e+00,2.531863202012063496e+00
3.188200473785400391e+00,-5.195852756500244141e+00,2.533393842628268722e+00
3.187015533447265625e+00,-5.193924427032470703e+00,2.719386354844851805e+00
3.185800790786743164e+00,-5.192019939422607422e+00,2.902136099028560956e+00
3.185209751129150391e+00,-5.190585136413574219e+00,3.090053323963891430e+00
3.183895111083984375e+00,-5.189106464385986328e+00,-3.013369545022179796e+00
3.182535171508789062e+00,-5.187326908111572266e+00,-2.829086796808328863e+00
3.181266069412231445e+00,-5.185729980468750000e+00,-2.637029449167292761e+00
3.179457902908325195e+00,-5.184298038482666016e+00,-2.445126166398148282e+00
3.177487611770629883e+00,-5.183346271514892578e+00,-2.261440060471462399e+00
3.175076246261596680e+00,-5.183138847351074219e+00,-2.059588313482084043e+00
3.173088550567626953e+00,-5.183676242828369141e+00,-1.874000277272944492e+00
3.171082496643066406e+00,-5.184259891510009766e+00,-1.698245913541338581e+00
3.169141530990600586e+00,-5.185506820678710938e+00,-1.516051665603483922e+00
3.167800664901733398e+00,-5.186638355255126953e+00,-1.332041245986772982e+00
3.166867256164550781e+00,-5.188473224639892578e+00,-1.120085310124885547e+00
3.166001319885253906e+00,-5.190361022949218750e+00,-9.182458327471404447e-01
3.166053295135498047e+00,-5.192139625549316406e+00,-7.342371890463714745e-01
3.166444540023804155e+00,-5.193923473358154297e+00,-5.518391032868082968e-01
3.166942834854125977e+00,-5.195812702178955078e+00,-3.696283555682385868e-01
3.167810201644897017e+00,-5.197878360748291016e+00,-1.672469715246633903e-01
3.168812274932861328e+00,-5.199331283569335938e+00,1.577196720419899931e-02
3.170156002044677734e+00,-5.200789928436279297e+00,1.966881452912903616e-01
3.171429634094238281e+00,-5.201931476593017578e+00,3.788003203810759723e-01
3.172975063323974609e+00,-5.203095912933349609e+00,5.596582163811804067e-01
3.174790143966674805e+00,-5.204033374786376953e+00,7.353882891304917013e-01
3.177359580993652344e+00,-5.204239368438720703e+00,9.074157679068569626e-01
3.179380416870117188e+00,-5.204075336456298828e+00,1.092021667368178628e+00
3.181751251220703125e+00,-5.203863620758056641e+00,1.277925964399135417e+00
3.183663368225097656e+00,-5.202738761901856357e+00,1.463011972775069447e+00
3.185306549072265625e+00,-5.201405525207520419e+00,1.646306178855880376e+00
3.186543464660644531e+00,-5.199616909027099609e+00,1.832885171755262776e+00
3.187213182449340820e+00,-5.197943687438964844e+00,2.007898462847895527e+00
3.187844276428222656e+00,-5.195919990539550781e+00,2.193514419156457063e+00
3.126032590866088867e+00,-5.119390964508056641e+00,2.260363647659132447e+00
3.058480978012084961e+00,-5.037004470825195312e+00,2.257960374154246885e+00
2.994855403900146484e+00,-4.959641456604003906e+00,2.259597529669724381e+00
2.929492712020874023e+00,-4.879691600799560547e+00,2.256012395032372719e+00
2.866062641143798828e+00,-4.802248001098632812e+00,2.256413529079045688e+00
2.816082000732421875e+00,-4.743144035339356357e+00,2.083393087127662024e+00
2.815496444702148438e+00,-4.744581699371337891e+00,1.900501494940457059e+00
2.814556121826171875e+00,-4.746208667755126953e+00,1.713786230825622425e+00
2.813228845596313032e+00,-4.747749328613281250e+00,1.538546677748696467e+00
2.811433315277100053e+00,-4.748962879180908203e+00,1.358596689058231499e+00
2.809293508529663086e+00,-4.749778747558593750e+00,1.192361835955123350e+00
2.806899309158325195e+00,-4.750627040863037109e+00,1.015574860537002300e+00
2.805978059768676758e+00,-4.750720500946044922e+00,9.902544856700659093e-01
2.808309316635131836e+00,-4.750330448150634766e+00,1.177807043010478560e+00
2.810480594635009766e+00,-4.749425411224365234e+00,1.359389236348359953e+00
2.812126398086547852e+00,-4.749280452728272373e+00,1.539892920153039357e+00
2.813361644744873047e+00,-4.748135566711425781e+00,1.721370774260645442e+00
2.814271450042724609e+00,-4.746891975402832031e+00,1.902003699035601070e+00
2.808421611785888672e+00,-4.731286525726318359e+00,2.068101128273041045e+00
2.808713912963867188e+00,-4.729268074035644531e+00,2.239853765559240095e+00
2.809061765670776367e+00,-4.727513313293457031e+00,2.419322578257140144e+00
2.746499061584472656e+00,-4.674515724182128906e+00,2.276972072578892003e+00
2.746298074722290039e+00,-4.676092147827148438e+00,2.087498222812982807e+00
2.745315790176392046e+00,-4.678199768066406250e+00,1.885956203258904784e+00
2.743769884109497070e+00,-4.679586887359619141e+00,1.665942923303229684e+00
2.741440057754516602e+00,-4.680885791778564453e+00,1.453052118330467435e+00
2.739245891571044922e+00,-4.681479454040527344e+00,1.239222499891759810e+00
2.735985517501831055e+00,-4.682314872741699219e+00,1.063999734460570501e+00
2.733821630477905273e+00,-4.683607578277587891e+00,9.313789307181380428e-01
2.712295532226562500e+00,-4.714710235595703125e+00,1.108069940442165446e+00
2.714245557785034180e+00,-4.714593887329101562e+00,1.289685026134419710e+00
2.715967178344726562e+00,-4.714408397674560547e+00,1.468522557683521690e+00
2.717785120010375977e+00,-4.713647842407226562e+00,1.649413582782758958e+00
2.719132661819458008e+00,-4.712427616119384766e+00,1.829914411337524083e+00
2.719986438751220703e+00,-4.711172580718994141e+00,2.007569102498248714e+00
2.720415830612182617e+00,-4.709225654602050781e+00,2.181295592470744893e+00
2.678061962127685103e+00,-4.654762268066406250e+00,2.079034852042378034e+00
2.677492380142211914e+00,-4.656716823577880859e+00,1.894800418823136878e+00
2.676351547241210938e+00,-4.658094882965087891e+00,1.719928389931534074e+00
2.674691200256348100e+00,-4.659252166748046875e+00,1.540569916098183167e+00
2.672944784164428711e+00,-4.660287380218505859e+00,1.360156041810655081e+00
2.671079635620117188e+00,-4.660636901855468750e+00,1.178239376856855092e+00
2.669211387634277344e+00,-4.660557746887207031e+00,9.979934142800181984e-01
2.667428970336914062e+00,-4.660181522369384766e+00,8.211279083686057190e-01
2.698702335357666016e+00,-4.630254268646240234e+00,9.171035396906768167e-01
2.701153039932250977e+00,-4.629908561706542969e+00,1.109306505130161824e+00
2.703435897827148438e+00,-4.629401683807373047e+00,1.292947575833872875e+00
2.705057144165039062e+00,-4.628326416015625000e+00,1.467849215707731414e+00
2.706426382064819780e+00,-4.627354145050048828e+00,1.647994619533919680e+00
2.707618951797485352e+00,-4.626246929168701172e+00,1.825921194509508849e+00
2.708443164825439453e+00,-4.625331878662109375e+00,2.006418374309023811e+00
2.655184507369995117e+00,-4.541467666625976562e+00,2.158275540526403802e+00
2.598742008209228516e+00,-4.457369804382324219e+00,2.163606550165737108e+00
2.544882059097290039e+00,-4.372286319732666016e+00,2.199313878920480025e+00
2.485723495483398438e+00,-4.291537761688232422e+00,2.205687484690864952e+00
2.426318645477294922e+00,-4.211002826690673828e+00,2.205387832609024823e+00
2.366729259490966797e+00,-4.130154609680175781e+00,2.206440643459635087e+00
2.311652183532714844e+00,-4.056790828704833984e+00,2.032624149449060891e+00
2.310823202133178711e+00,-4.059075355529785156e+00,1.851166215707495510e+00
2.309612751007080078e+00,-4.061103343963623047e+00,1.664274488210530478e+00
2.308081150054932085e+00,-4.062767028808593750e+00,1.478832726275036036e+00
2.306028127670288086e+00,-4.064509868621826172e+00,1.292766969799540755e+00
2.303930521011352539e+00,-4.065486907958984375e+00,1.111134759587467213e+00
2.301697015762329102e+00,-4.065896034240722656e+00,9.352462630556483969e-01
2.299057483673096147e+00,-4.065670967102050781e+00,7.493600442365287995e-01
2.224491119384765625e+00,-4.129491329193115234e+00,7.166158905289142789e-01
2.233908414840698242e+00,-4.121848106384277344e+00,8.887568203960681812e-01
2.243505716323852539e+00,-4.110506534576416016e+00,1.065257428375672166e+00
2.251667261123656782e+00,-4.096263885498046875e+00,1.240255648720532067e+00
2.257948637008666992e+00,-4.077212810516357422e+00,1.418220057757398900e+00
2.260481119155883789e+00,-4.063101291656494141e+00,1.592781909715438315e+00
2.260325193405151811e+00,-4.044346809387207031e+00,1.770639549983666905e+00
2.256329536437988281e+00,-4.026309490203857422e+00,1.949086547351384313e+00
2.250912427902221680e+00,-4.012390136718750000e+00,2.128005479862591809e+00
2.189518213272094727e+00,-3.933549165725708008e+00,2.252682394077428985e+00
2.131669044494628906e+00,-3.860660314559936968e+00,2.427527902441400709e+00
2.130872488021850586e+00,-3.858321905136108843e+00,2.615942604972993024e+00
2.129626274108886719e+00,-3.856405019760131836e+00,2.802184860303718050e+00
2.128209590911864790e+00,-3.854712486267089844e+00,2.986166474645638669e+00
2.126711130142211914e+00,-3.853374481201171875e+00,-3.121990915063708627e+00
2.124879598617553711e+00,-3.852079153060913086e+00,-2.934409865272757933e+00
2.122519493103027788e+00,-3.850737571716308594e+00,-2.754574810150073105e+00
2.120648384094238281e+00,-3.849755287170410156e+00,-2.569181245048141271e+00
2.099373579025268999e+00,-3.866483926773071289e+00,-2.407956656588563060e+00
2.052703380584716797e+00,-3.906664609909057617e+00,-2.235810211203480335e+00
2.050728082656860352e+00,-3.906688213348388672e+00,-2.061059387462901960e+00
2.048628568649291992e+00,-3.907337665557860884e+00,-1.873602446175357983e+00
2.046818733215332031e+00,-3.907963275909423828e+00,-1.698968444112770371e+00
2.045092582702636719e+00,-3.909269332885742188e+00,-1.516718116688842821e+00
2.043935537338256836e+00,-3.911232948303223100e+00,-1.330666180179630897e+00
2.043033599853516069e+00,-3.912678718566895419e+00,-1.154972711662367590e+00
2.066189527511596680e+00,-3.962200403213500977e+00,-9.882556914361000366e-01
2.066291332244873047e+00,-3.964466094970703125e+00,-8.016686560763568448e-01
2.066749572753906250e+00,-3.966215133666992188e+00,-6.147671374147433143e-01
2.067498683929443803e+00,-3.968331336975097656e+00,-4.315743867676090084e-01
2.068053245544433594e+00,-3.970240592956542969e+00,-2.563211894425295179e-01
2.069442987442016602e+00,-3.972124338150023970e+00,-7.265174647517110007e-02
2.070824146270751953e+00,-3.973856687545775923e+00,1.156137691826395059e-01
2.071809291839600053e+00,-3.974498987197875977e+00,2.006974013680776769e-01
2.069708824157714844e+00,-3.973241090774536133e+00,1.688949450543380040e-02
2.068399429321289062e+00,-3.971657276153564897e+00,-1.579293890710916637e-01
2.066888809204101562e+00,-3.969527006149291992e+00,-3.418740085418751073e-01
2.065628528594970703e+00,-3.967564344406127930e+00,-5.180842585759486418e-01
2.064781665802001953e+00,-3.965285539627075195e+00,-6.993750031040670834e-01
2.064599514007568359e+00,-3.962691545486450195e+00,-8.720612338366486860e-01
2.119898080825805664e+00,-4.042281150817871094e+00,-9.739456048199502947e-01
2.165082216262817383e+00,-4.098874092102050781e+00,-7.906512454208310947e-01
2.165261745452880859e+00,-4.101340770721436435e+00,-6.083398703052695922e-01
2.166352510452270508e+00,-4.103285312652587891e+00,-4.323825109000020150e-01
2.167428970336914062e+00,-4.105141162872314453e+00,-2.553744853637399115e-01
2.168844699859619141e+00,-4.107106208801269531e+00,-7.309751401563119311e-02
2.170403957366943803e+00,-4.108840942382812500e+00,1.133992263798295069e-01
2.172295093536376953e+00,-4.110371112823486328e+00,3.008411465849304967e-01
2.174154996871947798e+00,-4.111536979675292969e+00,4.758916967751615767e-01
2.176120281219482422e+00,-4.112327098846436435e+00,6.577904119443137576e-01
2.176235675811768022e+00,-4.112444877624511719e+00,6.444301463012742648e-01
2.174057245254516602e+00,-4.111637115478515625e+00,4.576874659861649985e-01
2.172120809555053711e+00,-4.110526561737060547e+00,2.767060459945813178e-01
2.169827699661254883e+00,-4.108922004699707031e+00,9.153397866315778064e-02
2.167855024337768999e+00,-4.106998443603515625e+00,-9.490053669025000360e-02
2.166237831115722656e+00,-4.105165481567382812e+00,-2.801161293049109213e-01
2.165040969848632812e+00,-4.103260517120361328e+00,-4.615261475898795873e-01
2.164155244827270508e+00,-4.101078987121582031e+00,-6.367305400467219156e-01
2.163252830505371094e+00,-4.098388671875000000e+00,-8.269706692825320449e-01
2.234184741973876953e+00,-4.174860477447509766e+00,-8.236567129569870582e-01
2.304081201553344727e+00,-4.251305580139160156e+00,-8.229962431002879608e-01
2.366801738739013672e+00,-4.321492195129394531e+00,-6.383355752800115024e-01
2.367029190063477007e+00,-4.323447704315185547e+00,-4.589080353869632867e-01
2.367505073547363725e+00,-4.325442314147949219e+00,-2.775729179318949802e-01
2.368285894393920898e+00,-4.327478885650634766e+00,-1.189285629716800019e-01
2.368904590606689009e+00,-4.329416275024414062e+00,7.535734951719830210e-02
2.370194911956787109e+00,-4.331439971923828125e+00,2.713885321982699161e-01
2.371308088302612305e+00,-4.333014011383056641e+00,4.466968326514126342e-01
2.373529911041260210e+00,-4.334059715270996094e+00,6.138687472336021855e-01
2.375211715698242188e+00,-4.335000038146972656e+00,7.902685147422814360e-01
2.377416133880615234e+00,-4.335163116455078125e+00,9.649316984052258572e-01
2.379187822341918945e+00,-4.334990978240966797e+00,1.138162118608751161e+00
2.379008293151855469e+00,-4.335296154022216797e+00,1.100950882253312502e+00
2.377197265625000000e+00,-4.335293292999267578e+00,9.152243716104654370e-01
2.374876499176025391e+00,-4.334601402282714844e+00,7.260710124013325384e-01
2.372246980667114258e+00,-4.333822250366210938e+00,5.164142427440450156e-01
2.370784521102905273e+00,-4.332229137420654297e+00,3.325109057348307751e-01
2.369309425354003906e+00,-4.330080986022949219e+00,1.258523409722739905e-01
2.367985486984252930e+00,-4.328120231628417969e+00,-6.751113939743259851e-02
2.367132186889648438e+00,-4.325773715972900391e+00,-2.770689218968044876e-01
2.366376399993896484e+00,-4.323204994201660156e+00,-4.862325164170395730e-01
2.366144180297852007e+00,-4.321201324462890625e+00,-6.801948944290158172e-01
2.432996511459350586e+00,-4.389855384826660156e+00,-8.129797375529013159e-01
2.504652023315429688e+00,-4.465580940246582031e+00,-8.135949943374791715e-01
2.575997829437255859e+00,-4.541800498962402344e+00,-8.151962261603783455e-01
2.646148204803466797e+00,-4.616352558135986328e+00,-8.150958818489031366e-01
2.714340448379516602e+00,-4.689615249633789062e+00,-8.151233314144504805e-01
2.788171768188477007e+00,-4.768174648284912109e+00,-8.151365153701142230e-01
2.861548900604248047e+00,-4.845744609832763672e+00,-8.139241112672052081e-01
2.935513019561768022e+00,-4.924091815948486328e+00,-8.142877056957756876e-01
2.990532398223876953e+00,-4.982463836669921875e+00,-7.212631363023336295e-01
2.990525960922241211e+00,-4.983981609344482422e+00,-5.137220630046801517e-01
2.990781784057617188e+00,-4.985609054565429688e+00,-3.334595786977693765e-01
2.991649866104125977e+00,-4.987528324127197266e+00,-1.412854933718218076e-01
2.992987394332885742e+00,-4.989296436309815341e+00,4.456828192626589857e-02
2.994949817657470703e+00,-4.991433620452880859e+00,2.667379841436505750e-01
2.996599674224853072e+00,-4.993085384368896484e+00,4.783208459413084701e-01
2.998782634735107422e+00,-4.994498729705810547e+00,6.997992708784890326e-01
3.000941276550292969e+00,-4.995055675506591797e+00,8.802793283444008132e-01
3.003584623336791992e+00,-4.995121479034423828e+00,1.113102603964488013e+00
3.006262302398681641e+00,-4.994763374328613281e+00,1.375589101574057560e+00
3.008072376251220703e+00,-4.993868350982666016e+00,1.550142749234835193e+00
3.009465932846069336e+00,-4.992533206939697266e+00,1.726283970973960802e+00
3.011173009872436523e+00,-4.990239620208740234e+00,1.819572844611520690e+00
3.010447740554809570e+00,-4.991753101348876953e+00,1.636498159827720400e+00
3.008823633193969727e+00,-4.992746353149414062e+00,1.424042223510662897e+00
3.007030725479125977e+00,-4.993134975433349609e+00,1.241161473452593755e+00
3.005000829696655718e+00,-4.993433475494384766e+00,1.043871201474999788e+00
3.002545595169067383e+00,-4.992879390716552734e+00,8.479081393682535994e-01
3.000177145004272461e+00,-4.992373466491699219e+00,6.521212137105176776e-01
2.997838735580444336e+00,-4.990882873535156250e+00,4.359650358925873381e-01
2.995174169540405273e+00,-4.989364624023437500e+00,2.703653833483535829e-01
2.993914365768432617e+00,-4.987708091735839844e+00,7.753569366560079945e-02
2.992255210876464844e+00,-4.986250400543212891e+00,-1.098449538544191001e-01
2.991194963455200195e+00,-4.984636783599853516e+00,-2.848936421874592728e-01
2.990164041519165039e+00,-4.982736587524414062e+00,-4.768216231979526820e-01
2.989940404891968218e+00,-4.981376647949218750e+00,-6.538104519381491286e-01
2.989899635314941406e+00,-4.979620933532714844e+00,-8.254003883619607240e-01
3.052555084228516069e+00,-5.055871486663818359e+00,-8.860942923591612619e-01
3.120374202728271484e+00,-5.139812469482421875e+00,-8.850725138574281337e-01
3.189222097396850586e+00,-5.223772048950195312e+00,-8.843617616836154660e-01
3.252873659133911133e+00,-5.301266670227050781e+00,-8.823710120273945412e-01
3.295090436935424805e+00,-5.354884624481201172e+00,-7.081245478760402889e-01
3.295507907867432085e+00,-5.356379508972167969e+00,-5.267146195757732574e-01
3.295476675033569336e+00,-5.357965946197509766e+00,-3.478887775171666252e-01
3.391508340835571733e+00,-5.385400772094726562e+00,-2.716295264948540567e-01
3.406579971313477007e+00,-5.387566566467285156e+00,-4.537965635198475955e-01
3.405897617340087891e+00,-5.385754585266113281e+00,-6.464247504499287533e-01
3.405583143234252930e+00,-5.383864402770996094e+00,-8.221154504344303504e-01
3.472839832305908203e+00,-5.458633899688720703e+00,-8.377166964301586694e-01
3.539911031723022461e+00,-5.532855510711669922e+00,-8.360514791329507478e-01
3.609123706817626953e+00,-5.609919548034667969e+00,-8.360703590599348756e-01
3.678599119186401811e+00,-5.686589241027832031e+00,-8.361365588311112651e-01
3.743542909622191939e+00,-5.757294178009033203e+00,-9.981983470931131697e-01
3.743877887725830078e+00,-5.755715370178222656e+00,-1.185038494407546050e+00
3.744612932205200195e+00,-5.754345893859863281e+00,-1.363291429165967905e+00
3.745994091033935991e+00,-5.753148555755615234e+00,-1.543994838890547117e+00
3.747491836547852007e+00,-5.752327919006347656e+00,-1.721509774315560737e+00
3.749100446701049805e+00,-5.751620769500732422e+00,-1.901956357238009598e+00
3.751188039779663086e+00,-5.751321792602539062e+00,-2.080731683237433849e+00
3.753276348114013672e+00,-5.751552104949951172e+00,-2.260399716236360490e+00
3.755373239517211914e+00,-5.752325057983398438e+00,-2.406150040283352887e+00
3.689578294754027876e+00,-5.826364994049072266e+00,-2.269146838505516683e+00
3.623875617980957031e+00,-5.903546810150146484e+00,-2.267322682662344047e+00
3.582894563674926758e+00,-5.954432010650634766e+00,-2.441119327339041689e+00
3.512218952178955078e+00,-6.012655258178710938e+00,-2.610688223769851213e+00
3.513159751892089844e+00,-6.013752460479736328e+00,-2.797142681557069022e+00
3.514695167541503906e+00,-6.015506267547607422e+00,-3.010681615846726888e+00
3.515707254409790039e+00,-6.017802238464356357e+00,3.042310486430330307e+00
3.516495704650878906e+00,-6.019891738891601562e+00,2.799022434570265006e+00
3.516785860061645064e+00,-6.021587371826171875e+00,2.622222617951895707e+00
3.516833305358886719e+00,-6.023583412170410156e+00,2.432979379662940644e+00
3.516508817672729048e+00,-6.026052474975585938e+00,2.218677910266755759e+00
3.516034603118896484e+00,-6.027760028839111328e+00,2.034503968307155741e+00
3.514989852905272993e+00,-6.029478073120117188e+00,1.854001733102396354e+00
3.512853145599364790e+00,-6.030789375305175781e+00,1.639885598352998963e+00
3.510809421539306197e+00,-6.032063007354736328e+00,1.458473609531767634e+00
3.508471965789794922e+00,-6.033012866973876953e+00,1.274276696682548726e+00
3.506742954254150391e+00,-6.033072471618652344e+00,1.090188452124749796e+00
3.504009008407592773e+00,-6.033041954040527344e+00,8.739369203515059414e-01
3.501736640930175781e+00,-6.032326221466064453e+00,6.912965091400518070e-01
3.499828815460205078e+00,-6.031312942504882812e+00,5.081049275632389950e-01
3.498296022415161133e+00,-6.029413223266601562e+00,3.229084296726001946e-01
3.496621131896972656e+00,-6.027511596679688388e+00,1.424746871447510055e-01
3.495026588439941406e+00,-6.025204181671142578e+00,-7.068754862366770364e-02
3.493980169296264648e+00,-6.023157596588134766e+00,-2.545951170103710748e-01
3.492971658706665039e+00,-6.021283149719238281e+00,-4.362304528178784779e-01
3.492125511169433594e+00,-6.019060134887695312e+00,-6.474269191949167945e-01
3.491967439651489258e+00,-6.016678333282470703e+00,-8.332667239946209836e-01
3.492022514343261719e+00,-6.014824867248535156e+00,-1.018580573145293711e+00
3.492830514907836914e+00,-6.013270854949951172e+00,-1.202680358248949810e+00
3.493787050247192383e+00,-6.011556625366210938e+00,-1.414327207757649418e+00
3.495343208312988281e+00,-6.010137557983398438e+00,-1.597822948098844398e+00
3.497173547744750977e+00,-6.009354114532470703e+00,-1.781108535178279384e+00
3.498967647552490234e+00,-6.008919239044189453e+00,-1.963762045376161280e+00
3.501326799392700195e+00,-6.009227752685546875e+00,-2.178255001542311220e+00
3.503550767898560014e+00,-6.009765625000000000e+00,-2.360223830510468357e+00
3.505352497100830078e+00,-6.010474681854248047e+00,-2.540340876612356524e+00
3.507124662399291992e+00,-6.011744022369384766e+00,-2.725298218015204998e+00
3.508960247039794922e+00,-6.013472080230712891e+00,-2.940401086347084192e+00
3.509870052337646484e+00,-6.015733242034912109e+00,-3.124835490287147799e+00
3.510961771011352539e+00,-6.017586708068847656e+00,2.973525514378680512e+00
3.512314558029174805e+00,-6.020955562591552734e+00,2.765774042109780062e+00
3.512454509735107422e+00,-6.022953510284423828e+00,2.593417232376464820e+00
3.513226270675659180e+00,-6.024953365325927734e+00,2.412215707605718684e+00
3.513037443161010742e+00,-6.026556968688964844e+00,2.231347129049678912e+00
3.512862443923950195e+00,-6.028301715850830078e+00,2.052805322754350126e+00
3.512115478515625000e+00,-6.029836654663085938e+00,1.874128576707131622e+00
3.510588645935058594e+00,-6.031103610992431641e+00,1.692310013027794380e+00
3.510978460311889648e+00,-6.031308650970458984e+00,1.762499847526941110e+00
3.511999845504760742e+00,-6.029811859130859375e+00,1.945745289793330501e+00
3.512233257293701172e+00,-6.028266429901123047e+00,2.128242624104694780e+00
3.512514829635620117e+00,-6.026538848876953125e+00,2.307119570845257872e+00
3.512659549713134766e+00,-6.025246620178222656e+00,2.488989256386052062e+00
3.512605667114257812e+00,-6.023676395416259766e+00,2.666437110787259090e+00
3.512346744537353072e+00,-6.021844387054443359e+00,2.851567725498410866e+00
3.511518001556396484e+00,-6.020269393920898438e+00,3.034882298862621841e+00
3.510736703872680664e+00,-6.018231391906738281e+00,-3.056274415120618038e+00
3.509641647338867188e+00,-6.016537189483642578e+00,-2.872152794286575883e+00
3.508308649063110352e+00,-6.015126705169677734e+00,-2.684100955000320088e+00
3.506798267364501953e+00,-6.013958454132080078e+00,-2.508086723556009812e+00
3.504668951034545898e+00,-6.013104438781738281e+00,-2.290570740079964196e+00
3.502571344375610352e+00,-6.012665271759033203e+00,-2.085045704072903128e+00
3.500632762908935547e+00,-6.012707233428955078e+00,-1.890792861259063651e+00
3.498350620269775391e+00,-6.013402938842773438e+00,-1.684106876878429304e+00
3.496437311172485352e+00,-6.014445304870605469e+00,-1.491373086109494484e+00
3.495142936706542969e+00,-6.015760898590087891e+00,-1.283620243762242819e+00
3.494445085525512695e+00,-6.017181873321533203e+00,-1.091915641722968511e+00
3.494079351425170898e+00,-6.019280910491943359e+00,-8.804496154354924942e-01
3.493962287902832031e+00,-6.021446228027343750e+00,-6.867044543699237780e-01
3.494596481323242188e+00,-6.023675441741943359e+00,-4.782130668097219761e-01
3.495338678359985352e+00,-6.025747299194335938e+00,-2.861972694705404163e-01
3.496299743652344194e+00,-6.027883052825927734e+00,-7.866640152650700157e-02
3.497427701950072798e+00,-6.029799938201904297e+00,1.130514392775054944e-01
3.499063730239868164e+00,-6.031675815582275391e+00,3.221638049156281824e-01
3.500665903091430664e+00,-6.033371925354003906e+00,5.136998309733878942e-01
3.502708435058593750e+00,-6.034533977508544922e+00,7.232697941484897974e-01
3.504789352416992188e+00,-6.035179615020751953e+00,9.150617760294528225e-01
3.507401704788208008e+00,-6.035485744476318359e+00,1.123780590557126091e+00
3.509896516799926758e+00,-6.035039901733398438e+00,1.333903660723045670e+00
3.511899709701538086e+00,-6.034264087677001953e+00,1.521808607116923895e+00
3.514469146728516069e+00,-6.032772064208984375e+00,1.751177720811281091e+00
3.516016721725463867e+00,-6.031028747558593750e+00,1.966757080688829706e+00
3.516577720642089844e+00,-6.029131412506104404e+00,2.152408262239596137e+00
3.516836166381835938e+00,-6.027028560638427734e+00,2.345589299154812846e+00
3.516482353210449219e+00,-6.024637699127197266e+00,2.529065243653582318e+00
3.516170740127563477e+00,-6.022707462310791016e+00,2.701061466386612597e+00
3.515297174453735796e+00,-6.020870685577392578e+00,2.886821278043564032e+00
3.514338016510009766e+00,-6.019200801849365234e+00,3.069646587419550876e+00
3.513517379760742188e+00,-6.017565250396728516e+00,-3.031068076190674976e+00
3.512409210205078125e+00,-6.015900135040283203e+00,-2.845661177345792048e+00
3.511067628860473633e+00,-6.014565467834472656e+00,-2.645921226755183930e+00
3.509126424789428711e+00,-6.013449192047119141e+00,-2.436000960734708176e+00
3.507192134857177734e+00,-6.012510776519775391e+00,-2.245392032205590915e+00
3.505032062530517578e+00,-6.012348651885986328e+00,-2.039123552530067496e+00
3.503232955932617188e+00,-6.012567520141601562e+00,-1.833741759507991897e+00
3.503237485885620117e+00,-6.012573719024658203e+00,-1.907931754908759991e+00
3.505213499069213867e+00,-6.011809349060058594e+00,-2.089191432242671009e+00
3.507591009140014204e+00,-6.011668682098388672e+00,-2.272018260793044142e+00
3.509536981582641602e+00,-6.012099266052246094e+00,-2.450527223251276698e+00
3.511616230010986328e+00,-6.013283252716064453e+00,-2.642549538864456871e+00
3.513163089752197266e+00,-6.014156818389892578e+00,-2.824162991065802153e+00
3.514478921890258789e+00,-6.015842914581298828e+00,-3.020423885916036166e+00
3.515218496322631836e+00,-6.017498970031738281e+00,3.082834478962080293e+00
3.515823364257812500e+00,-6.019205570220947266e+00,2.907651471172660873e+00
3.516342163085937056e+00,-6.020894050598144531e+00,2.719374382567159021e+00
3.516431093215942383e+00,-6.023025989532470703e+00,2.576318180451245610e+00
3.515595436096191406e+00,-6.021185398101806641e+00,2.753973055273371440e+00
3.514786005020141602e+00,-6.019463539123535156e+00,2.939853431204447087e+00
3.513760089874268022e+00,-6.017979145050048828e+00,3.117100238279055802e+00
3.512554407119750977e+00,-6.016613483428955078e+00,-2.983125890382511081e+00
3.511487960815429688e+00,-6.015174388885498047e+00,-2.802374352333993013e+00
3.510066032409667969e+00,-6.013995170593261719e+00,-2.627801459858996491e+00
3.508493185043334961e+00,-6.012788772583007812e+00,-2.450877151017785138e+00
3.506574392318725586e+00,-6.011838436126708984e+00,-2.263146005151847717e+00
3.448467493057250977e+00,-6.079522132873535156e+00,-2.094800345616518289e+00
3.446685075759888139e+00,-6.079700946807861328e+00,-1.912664382609332803e+00
3.445063829421997070e+00,-6.080108165740966797e+00,-1.735833376724906341e+00
3.445497274398804155e+00,-6.080169677734375000e+00,-1.822829441973080833e+00
3.447416543960571733e+00,-6.079859256744384766e+00,-2.012576683930895172e+00
3.449446678161621094e+00,-6.079654216766357422e+00,-2.198732755055679444e+00
3.451655149459838867e+00,-6.079997062683105469e+00,-2.379061854765138762e+00
3.449615955352783203e+00,-6.083920001983642578e+00,-2.534011776350466150e+00
3.362670898437500000e+00,-6.144580841064453125e+00,-2.535859124658690789e+00
3.273236513137817383e+00,-6.206493854522705078e+00,-2.533337828980871897e+00
3.213766336441040039e+00,-6.248209476470947266e+00,-2.414424557555399531e+00
3.198269367218017578e+00,-6.262167453765869141e+00,-2.238509980902009922e+00
3.185514211654663086e+00,-6.278421401977539062e+00,-2.063435587112697256e+00
3.165989160537720171e+00,-6.323462963104248047e+00,-1.888342105127388093e+00
3.149916172027587891e+00,-6.389634132385253906e+00,-1.710766357010043093e+00
3.145203590393066406e+00,-6.470038890838623047e+00,-1.581176968521944781e+00
3.135574579238892046e+00,-6.529675483703613281e+00,-1.760158859797503528e+00
3.114544868469238281e+00,-6.589095592498779297e+00,-1.939010436808207061e+00
3.084800481796264648e+00,-6.643394470214843750e+00,-2.114262111099210362e+00
3.069869279861450195e+00,-6.666803359985351562e+00,-2.300688969168965592e+00
3.072686672210693359e+00,-6.667150020599365234e+00,-2.483334964294538594e+00
3.074639081954956055e+00,-6.668496131896972656e+00,-2.664753752429522837e+00
3.076439380645751953e+00,-6.669727802276611328e+00,-2.851778555984106234e+00
3.077637910842895508e+00,-6.671297550201416016e+00,-3.032614690920902856e+00
3.078901052474976030e+00,-6.672940731048583984e+00,3.070887572324099146e+00
3.079888582229614258e+00,-6.674914360046386719e+00,2.889527590626354225e+00
3.080655097961425781e+00,-6.676247119903564453e+00,2.712569297041448113e+00
3.080565929412841797e+00,-6.676408290863037109e+00,2.711284378856028354e+00
3.080010652542114258e+00,-6.674912929534912109e+00,2.893750395395670250e+00
3.079058885574340820e+00,-6.672982215881347656e+00,3.082149980427104641e+00
3.077563762664794922e+00,-6.671359062194824219e+00,-3.026428945387523051e+00
3.076492547988892046e+00,-6.669566154479980469e+00,-2.843418395513732211e+00
3.074814081192016602e+00,-6.668021678924560547e+00,-2.654737741544440865e+00
3.072769641876220703e+00,-6.666576385498046875e+00,-2.483439073416466414e+00
3.052037239074707031e+00,-6.683504104614257812e+00,-2.316143598003101101e+00
3.045819044113159180e+00,-6.688234329223632812e+00,-2.135294253028722888e+00
3.040669918060302734e+00,-6.694421768188476562e+00,-1.955378431799178918e+00
3.007925033569335938e+00,-6.790506362915039062e+00,-1.874206533287305687e+00
2.979418992996215820e+00,-6.878962516784667969e+00,-1.724468402497706832e+00
2.978249788284301758e+00,-6.879746437072753906e+00,-1.543299860467774565e+00
2.986605405807495117e+00,-6.978593349456787109e+00,-1.460379979065789202e+00
2.995371341705322266e+00,-7.080956459045410156e+00,-1.460220008001212877e+00
2.999897241592407227e+00,-7.140905857086181641e+00,-1.282937205441804895e+00
2.999832153320312500e+00,-7.142803668975830078e+00,-1.096590403049947593e+00
2.999994039535522461e+00,-7.144695758819580078e+00,-9.102883793457647865e-01
3.063899040222167969e+00,-7.221539497375488281e+00,-8.734976503217692922e-01
3.082877397537231445e+00,-7.244944095611572266e+00,-6.875176550721896485e-01
3.083818435668945312e+00,-7.246980190277099609e+00,-5.046871133424284395e-01
3.085064888000488281e+00,-7.248897552490234375e+00,-3.334157998783541244e-01
3.086254596710205078e+00,-7.250745773315429688e+00,-1.582109837963238952e-01
3.087827205657958984e+00,-7.252080917358398438e+00,1.655153980998269950e-02
3.089581251144409180e+00,-7.253458976745604581e+00,1.974225685969872024e-01
3.091455221176147461e+00,-7.254718303680419922e+00,3.729471933776780102e-01
3.093944311141968218e+00,-7.255980968475341797e+00,5.409804498468602230e-01
3.144871711730957031e+00,-7.226815700531005859e+00,7.033581821794222533e-01
3.215128421783447710e+00,-7.151020526885986328e+00,8.585989547212594664e-01
3.285789728164672852e+00,-7.071135520935058594e+00,8.573874013486945111e-01
3.356916427612304688e+00,-6.991379261016845703e+00,8.560099964924907656e-01
3.429883003234863725e+00,-6.908996582031250000e+00,8.560504671110298336e-01
3.502114295959472656e+00,-6.826711654663085938e+00,8.538411542891972683e-01
3.538154602050780806e+00,-6.783105373382568359e+00,7.363182948909092751e-01
3.616279602050780806e+00,-6.724294185638427734e+00,6.348223277293173483e-01
3.645012617111206055e+00,-6.700989723205566406e+00,4.491505622731080116e-01
3.642752408981323242e+00,-6.700237274169921875e+00,2.782482278525424957e-01
3.640796661376953125e+00,-6.698737621307373047e+00,1.016353574569025947e-01
3.641630411148071289e+00,-6.699805259704589844e+00,2.557202656515761841e-01
3.643379926681518999e+00,-6.700909137725830078e+00,4.364109464734327037e-01
3.645274400711060014e+00,-6.701473236083984375e+00,6.170245453708785854e-01
3.725709438323975053e+00,-6.638328552246093750e+00,6.806701984649187187e-01
3.804158926010131836e+00,-6.574564456939697266e+00,6.774578837651925589e-01
3.886186838150023970e+00,-6.508439064025878906e+00,6.781440725103292655e-01
3.964347124099731001e+00,-6.445879936218261719e+00,6.765188664992290990e-01
4.045521259307861328e+00,-6.380384445190429688e+00,6.778415597113924829e-01
4.106950283050537109e+00,-6.329513549804688388e+00,5.304600552101199629e-01
4.105787277221679688e+00,-6.328364372253417969e+00,3.482882586401176428e-01
4.104329586029052734e+00,-6.326910495758056641e+00,1.252977409951541998e-01
4.102852344512940341e+00,-6.325067043304443359e+00,-7.647032435920170235e-02
4.101562500000000000e+00,-6.322667121887207031e+00,-3.094657402702161164e-01
4.100767612457275391e+00,-6.320151329040527344e+00,-5.277694701413110367e-01
4.100621700286865234e+00,-6.318082332611083984e+00,-7.568238814827190630e-01
4.100827217102050781e+00,-6.315132141113281250e+00,-1.024823426410455651e+00
4.102385044097900391e+00,-6.312839984893798828e+00,-1.275268371428302849e+00
4.104540824890136719e+00,-6.310462951660156250e+00,-1.516715670115684311e+00
4.106884479522705078e+00,-6.308448314666748047e+00,-1.685018400794255911e+00
4.108518123626708984e+00,-6.307906150817871094e+00,-1.866201311284535924e+00
4.110382080078125000e+00,-6.307717323303222656e+00,-2.043299942978534567e+00
4.112333297729492188e+00,-6.307905197143554688e+00,-2.220765070991566059e+00
4.114394664764404297e+00,-6.308395385742188388e+00,-2.401759750260120452e+00
4.030367851257324219e+00,-6.373498439788818359e+00,-2.497910480649045972e+00
3.946090459823607954e+00,-6.436728954315185547e+00,-2.498105967763518453e+00
3.865010738372802290e+00,-6.497416019439697266e+00,-2.498633128390411962e+00
3.780745744705200195e+00,-6.560715675354003906e+00,-2.495577730573150799e+00
3.698723077774047852e+00,-6.622522354125976562e+00,-2.496682258014918609e+00
3.668776750564575195e+00,-6.642787456512451172e+00,-2.312435058260033038e+00
3.666982173919677734e+00,-6.642058849334716797e+00,-2.127207198545420397e+00
3.665042400360107422e+00,-6.641602039337158203e+00,-1.957846922697018766e+00
3.663231372833251953e+00,-6.642299175262451172e+00,-1.777257403050551687e+00
3.660937070846557617e+00,-6.648065090179443359e+00,-1.594158595775042153e+00
3.659580469131469727e+00,-6.752888202667236328e+00,-1.573520118498926479e+00
3.660682678222655806e+00,-6.848556518554688388e+00,-1.390801445272711767e+00
3.660113573074340820e+00,-6.849593639373779297e+00,-1.209448960806617679e+00
3.659777641296386275e+00,-6.850634574890136719e+00,-1.030180245816320506e+00
3.719819307327271396e+00,-6.932554721832275391e+00,-9.456025945748155470e-01
3.780643463134765625e+00,-7.016803741455078125e+00,-9.465849099281612444e-01
3.839024543762207031e+00,-7.097604274749755859e+00,-9.490732907815764285e-01
3.901452302932739258e+00,-7.184686660766601562e+00,-9.494459877328241815e-01
3.912957906723023349e+00,-7.201426982879638672e+00,-7.629698274423750703e-01
3.913486480712890181e+00,-7.203248500823974609e+00,-5.410881037759821544e-01
3.914324522018432617e+00,-7.204803466796875000e+00,-3.616988638016239155e-01
3.915157318115233487e+00,-7.206564903259277344e+00,-1.651677366792690949e-01
3.916345596313477007e+00,-7.208263397216796875e+00,1.066301217999819986e-02
3.917784929275512695e+00,-7.210445404052734375e+00,2.416988002118868883e-01
3.919256687164306197e+00,-7.212433815002441406e+00,4.525254150222995375e-01
3.863334655761719194e+00,-7.250945568084716797e+00,5.620971754316893554e-01
3.825836420059204102e+00,-7.275140762329101562e+00,5.599285805039321273e-01
3.834478855133056641e+00,-7.269999980926513672e+00,7.341074389466041294e-01
3.847496986389160156e+00,-7.258855342864990234e+00,7.081443441398583838e-01
3.855904102325439897e+00,-7.250977516174316406e+00,5.060484477275255522e-01
3.901727199554443359e+00,-7.225537776947020596e+00,3.526737686006475858e-01
3.924888372421264648e+00,-7.216533660888671875e+00,1.744857050608530913e-01
3.955318927764892578e+00,-7.212378978729248047e+00,8.657978883779499438e-03
4.055080890655517578e+00,-7.215445518493652344e+00,-2.871594371792930006e-02
4.155014038085937500e+00,-7.217073917388916016e+00,-2.278462454024820019e-02
4.239354610443115234e+00,-7.219092845916748047e+00,1.598339051260022903e-01
4.241103172302246094e+00,-7.220590114593505859e+00,3.287760717246133724e-01
4.243352890014648438e+00,-7.221674442291259766e+00,5.116720557561923455e-01
4.323796272277832031e+00,-7.162046909332275391e+00,6.510299329958835202e-01
4.404408931732177734e+00,-7.100784301757812500e+00,6.490891866899426432e-01
4.484787464141845703e+00,-7.040166854858398438e+00,6.492816003664648727e-01
4.565615653991699219e+00,-6.979900360107421875e+00,6.470614871619122521e-01
4.604416370391845703e+00,-6.952831745147705078e+00,8.255031160362574782e-01
4.605901718139648438e+00,-6.953267097473144531e+00,1.004491898892880819e+00
4.607539653778076172e+00,-6.953092575073242188e+00,1.180592781970452476e+00
4.609122276306152344e+00,-6.952743530273437500e+00,1.362227096920509695e+00
4.610761642456054688e+00,-6.952234745025634766e+00,1.563767603354180302e+00
4.612444877624511719e+00,-6.951150417327880859e+00,1.765624263707412211e+00
4.613587379455566406e+00,-6.949607372283936435e+00,1.967969493553803240e+00
4.614382743835449219e+00,-6.948619365692138672e+00,2.142437905750378402e+00
4.614957809448242188e+00,-6.946732044219970703e+00,2.318703556241508146e+00
4.614707469940185547e+00,-6.944871902465820312e+00,2.477121007074790437e+00
4.614169120788574219e+00,-6.943349838256835938e+00,2.662830599794280051e+00
4.613496780395507812e+00,-6.941985607147216797e+00,2.862757159528015904e+00
4.612280368804931641e+00,-6.940004825592041016e+00,3.084294313285091071e+00
4.610910415649414062e+00,-6.938349723815917969e+00,-2.996449242750485631e+00
4.609682083129882812e+00,-6.936947822570800781e+00,-2.820042141324247797e+00
4.608076572418212891e+00,-6.935551166534423828e+00,-2.642043532497700742e+00
4.606165409088134766e+00,-6.934327602386474609e+00,-2.457303024688084481e+00
4.603765964508056641e+00,-6.933484077453613281e+00,-2.231381035779254507e+00
4.601223468780517578e+00,-6.933303356170654297e+00,-2.042367076199767428e+00
4.601701259613037109e+00,-6.933444976806640625e+00,-2.167019831183770062e+00
4.603860378265380859e+00,-6.933825016021728516e+00,-2.343920418205307055e+00
4.528691768646240234e+00,-7.002121448516845703e+00,-2.414511373229820901e+00
4.450562953948974609e+00,-7.072273254394531250e+00,-2.416083070537668132e+00
4.374271869659423828e+00,-7.139418125152587891e+00,-2.417477905336440802e+00
4.297524929046630859e+00,-7.207342624664306641e+00,-2.417379918955265161e+00
4.214034080505371094e+00,-7.280582427978515625e+00,-2.418648748483136046e+00
4.133209228515625000e+00,-7.351807117462158203e+00,-2.418655122716716122e+00
4.051622390747070312e+00,-7.423438549041748047e+00,-2.418888561575904372e+00
3.970717191696166992e+00,-7.495268344879150391e+00,-2.419371615591310754e+00
3.890309572219848633e+00,-7.566458702087402344e+00,-2.419528443533195183e+00
3.806958436965942383e+00,-7.640414237976074219e+00,-2.416851647837717110e+00
3.726013898849487305e+00,-7.711675643920898438e+00,-2.419943683286548630e+00
3.644728422164916992e+00,-7.782983779907226562e+00,-2.419727360002668082e+00
3.570971250534057617e+00,-7.847950935363769531e+00,-2.423077496882842130e+00
3.486731767654418945e+00,-7.921488761901854581e+00,-2.422490645219925298e+00
3.404922246932983398e+00,-7.992734909057617188e+00,-2.422945971737425097e+00
3.324342250823974609e+00,-8.064108848571777344e+00,-2.420914353922604789e+00
3.242976665496826172e+00,-8.135552406311035156e+00,-2.422340406330429019e+00
3.159208774566650391e+00,-8.209403038024902344e+00,-2.424099523710734783e+00
3.078222274780272993e+00,-8.280434608459472656e+00,-2.423747802951514707e+00
2.997241258621215820e+00,-8.352271080017089844e+00,-2.421249006524325953e+00
2.976355552673339844e+00,-8.368296623229980469e+00,-2.229985340329270205e+00
2.974531173706054688e+00,-8.367554664611816406e+00,-2.036229187469578150e+00
2.972616910934447798e+00,-8.367413520812988281e+00,-1.834521091765549228e+00
2.970455408096313032e+00,-8.368208885192871094e+00,-1.620477679499496393e+00
2.969222307205200195e+00,-8.369778633117675781e+00,-1.528892086613196089e+00
2.970710277557373047e+00,-8.369091033935546875e+00,-1.727506480470933914e+00
2.972274303436279741e+00,-8.368898391723632812e+00,-1.922801736721825527e+00
2.974195480346680132e+00,-8.369365692138671875e+00,-2.119369038550901863e+00
2.976029396057128906e+00,-8.370468139648437500e+00,-2.299022154960257858e+00
2.978526115417480469e+00,-8.372356414794921875e+00,-2.546588509456883198e+00
2.981085538864136186e+00,-8.374852180480957031e+00,-2.799596732769643381e+00
2.982829093933105025e+00,-8.377105712890625000e+00,-2.999936806583945348e+00
2.985701799392700195e+00,-8.380051612854003906e+00,3.111799721850693867e+00
2.987298727035522461e+00,-8.381567955017089844e+00,2.930216588591997073e+00
2.988542556762695757e+00,-8.383114814758300781e+00,2.750835856194292273e+00
2.990309715270996094e+00,-8.384675979614257812e+00,2.569890718065455548e+00
2.991341114044189009e+00,-8.385958671569824219e+00,2.394999532233873740e+00
2.916799545288085938e+00,-8.316438674926757812e+00,2.381914657926768264e+00
2.839016437530517578e+00,-8.244043350219726562e+00,2.382812917021195798e+00
2.766810655593872070e+00,-8.176093101501464844e+00,2.378640282005338502e+00
2.693662643432617188e+00,-8.106540679931640625e+00,2.378077803977932891e+00
2.620035648345947710e+00,-8.036428451538085938e+00,2.380204201587107438e+00
2.614608287811279741e+00,-8.032102584838867188e+00,2.196472673876063819e+00
2.614572525024414062e+00,-8.032996177673339844e+00,2.011420246602458217e+00
2.613929271697998047e+00,-8.034271240234375000e+00,1.798721054774088168e+00
2.612689971923828125e+00,-8.035887718200683594e+00,1.595430809886197121e+00
2.611316680908203125e+00,-8.036316871643066406e+00,1.414945572863267165e+00
2.609516620635986328e+00,-8.036721229553222656e+00,1.212341096355471493e+00
2.605830430984497070e+00,-8.037087440490722656e+00,1.032387688783992896e+00
2.603718042373656782e+00,-8.036439895629882812e+00,8.523416077981160743e-01
2.601955890655517578e+00,-8.034853935241699219e+00,6.714222025182725595e-01
2.600457429885864258e+00,-8.032594680786132812e+00,4.983056724200181087e-01
2.598817110061645064e+00,-8.031099319458007812e+00,3.220304537803397871e-01
2.597579956054687500e+00,-8.029425621032714844e+00,1.436650238827651971e-01
2.596438407897949219e+00,-8.027934074401855469e+00,-4.095920235923960345e-02
2.594873666763305664e+00,-8.026471138000488281e+00,-2.211839223709365920e-01
2.593744993209838867e+00,-8.025086402893066406e+00,-3.989146830909965913e-01
2.592865705490112305e+00,-8.023575782775878906e+00,-5.757215981963746954e-01
2.592400789260864258e+00,-8.021572113037109375e+00,-7.519752707136675429e-01
2.591827154159545898e+00,-8.019771575927734375e+00,-9.310624922911898693e-01
2.591612100601196289e+00,-8.017673492431640625e+00,-1.106960969838042930e+00
2.592219352722167969e+00,-8.015544891357421875e+00,-1.292887417653185933e+00
2.592943906784057617e+00,-8.014473915100097656e+00,-1.469388916219296792e+00
2.594387531280517578e+00,-8.013255119323730469e+00,-1.647380850284833942e+00
2.595812797546386719e+00,-8.012537002563476562e+00,-1.829789914636003934e+00
2.597646236419677734e+00,-8.011739730834960938e+00,-2.000738260946705704e+00
2.599647283554077148e+00,-8.011503219604492188e+00,-2.178784387188192895e+00
2.601978063583374023e+00,-8.011514663696289062e+00,-2.359536769615063090e+00
2.602240562438964844e+00,-8.010516166687011719e+00,-2.238431577806005102e+00
2.599945545196533203e+00,-8.009918212890625000e+00,-2.033987930022781221e+00
2.598156213760375977e+00,-8.009869575500488281e+00,-1.838595272049331930e+00
2.596573114395141602e+00,-8.009779930114746094e+00,-1.660407240040769894e+00
2.595361709594726562e+00,-8.010901451110839844e+00,-1.467219865798558232e+00
2.594325542449951172e+00,-8.012493133544921875e+00,-1.231921300486800597e+00
2.593736410140991211e+00,-8.014532089233398438e+00,-1.032969892359153929e+00
2.594087600708007812e+00,-8.016782760620117188e+00,-8.274183196269905283e-01
2.647409439086914062e+00,-8.060837745666503906e+00,-6.726737890022251865e-01
2.732679605484008789e+00,-8.112969398498535156e+00,-4.878616206138182143e-01
2.771443367004394531e+00,-8.129228591918945312e+00,-3.922657101990102979e-01
2.770405054092407227e+00,-8.128395080566406250e+00,-5.841890498942787779e-01
2.769419431686401367e+00,-8.127210617065429688e+00,-7.795153268207527519e-01
2.768690824508666992e+00,-8.125710487365722656e+00,-9.758280660120798311e-01
2.768383979797363725e+00,-8.124060630798339844e+00,-1.183301638540929179e+00
2.769354581832885742e+00,-8.122098922729492188e+00,-1.416945558572404895e+00
2.771297931671142578e+00,-8.120197296142578125e+00,-1.685351184200051700e+00
2.773802042007446289e+00,-8.120012283325195312e+00,-1.947131440227242827e+00
2.776793241500854492e+00,-8.121053695678710938e+00,-2.200363253448414991e+00
2.779788494110107422e+00,-8.122887611389160156e+00,-2.416127679695379005e+00
2.781928777694702148e+00,-8.125032424926757812e+00,-2.591743136200096220e+00
2.783451080322265625e+00,-8.126489639282226562e+00,-2.711971554130836903e+00
2.782343864440917969e+00,-8.124518394470214844e+00,-2.533539862995608072e+00
2.781219720840454102e+00,-8.121844291687011719e+00,-2.352636913321783041e+00
2.779362201690673828e+00,-8.120780944824218750e+00,-2.184645411241072033e+00
2.778046607971191406e+00,-8.119607925415039062e+00,-2.003837330641919934e+00
2.776453495025634766e+00,-8.118828773498535156e+00,-1.820026984299364825e+00
2.775696754455566406e+00,-8.117919921875000000e+00,-1.630906568218306374e+00
2.774711847305297852e+00,-8.114670753479003906e+00,-1.456252149965263198e+00
2.773535251617432085e+00,-8.111410140991210938e+00,-1.272104482135743675e+00
2.771347999572753906e+00,-8.108423233032226562e+00,-1.083745989465952464e+00
2.769664764404296875e+00,-8.106768608093261719e+00,-9.022601332434587729e-01
2.767981290817260742e+00,-8.105393409729003906e+00,-7.242547024079306617e-01
2.766576766967772993e+00,-8.104778289794921875e+00,-5.417059853637624656e-01
2.764253616333007812e+00,-8.104677200317382812e+00,-3.567377719711475326e-01
2.761569023132324219e+00,-8.105272293090820312e+00,-1.735891011790308136e-01
2.758651733398437056e+00,-8.106387138366699219e+00,4.293181419678800473e-03
2.756010293960571733e+00,-8.108090400695800781e+00,1.876440640312140029e-01
2.753227472305297852e+00,-8.110732078552246094e+00,3.657226797103981797e-01
2.750731706619262695e+00,-8.113925933837890625e+00,5.467185979427306997e-01
2.748511314392089844e+00,-8.118057250976562500e+00,7.336441823199488788e-01
2.747444868087768999e+00,-8.121604919433593750e+00,9.093400091634792348e-01
2.747530221939086914e+00,-8.122926712036132812e+00,9.849440279054592073e-01
2.745429039001464844e+00,-8.122685432434082031e+00,7.962079926455872814e-01
2.743284225463867188e+00,-8.120639801025390625e+00,5.602971401164659193e-01
2.741399049758911133e+00,-8.118565559387207031e+00,3.290353423448695858e-01
2.740075588226318359e+00,-8.116231918334960938e+00,1.392498084376835865e-01
2.738347530364990234e+00,-8.113982200622558594e+00,-7.935421435101970566e-02
2.737198114395141602e+00,-8.112386703491210938e+00,-2.873554140506655030e-01
2.735539197921752930e+00,-8.110193252563476562e+00,-5.343001071507161859e-01
2.734425783157348633e+00,-8.108450889587402344e+00,-7.642711341452287366e-01
2.733263969421386719e+00,-8.106272697448730469e+00,-9.953919621135821627e-01
2.732918977737426758e+00,-8.104472160339355469e+00,-1.187063341440732778e+00
2.733528137207031250e+00,-8.102621078491210938e+00,-1.440847408279674058e+00
2.734908103942871094e+00,-8.101515769958496094e+00,-1.622225495779233695e+00
2.736946105957031250e+00,-8.101128578186035156e+00,-1.803317132790319910e+00
2.739499330520629883e+00,-8.100687980651855469e+00,-1.994713496205992032e+00
2.742752552032470703e+00,-8.101164817810058594e+00,-2.172377241143180537e+00
2.744495153427124023e+00,-8.102705955505371094e+00,-2.350490040355881938e+00
2.746895790100097656e+00,-8.104375839233398438e+00,-2.519573623131551976e+00
2.748471260070800781e+00,-8.106606483459472656e+00,-2.705342887175469002e+00
2.748254537582397017e+00,-8.106458663940429688e+00,-2.653564227255599484e+00
2.746793508529663086e+00,-8.104464530944824219e+00,-2.475269829893932183e+00
2.745520114898681641e+00,-8.102482795715332031e+00,-2.297924701935648795e+00
2.743581533432006836e+00,-8.101226806640625000e+00,-2.116225218240955108e+00
2.741656780242919922e+00,-8.100528717041015625e+00,-1.932396407614574985e+00
2.739771366119384766e+00,-8.100457191467285156e+00,-1.734930562673189902e+00
2.738420963287353072e+00,-8.100427627563476562e+00,-1.546082067048087705e+00
2.737531661987304688e+00,-8.101665496826171875e+00,-1.364473818952894879e+00
2.737055540084838867e+00,-8.102905273437500000e+00,-1.181278212937165950e+00
2.737978458404541016e+00,-8.104886054992675781e+00,-9.724098357272555893e-01
2.739193439483642578e+00,-8.106510162353515625e+00,-7.719675884852693626e-01
2.740482807159423828e+00,-8.108161926269531250e+00,-5.883712810482728539e-01
2.828462839126586914e+00,-8.153988838195800781e+00,-4.958310110308928875e-01
2.917585372924804688e+00,-8.200313568115234375e+00,-4.944336875263545261e-01
2.950040102005004883e+00,-8.216027259826660156e+00,-6.736557383410333166e-01
2.949384212493896484e+00,-8.214835166931152344e+00,-8.857834449443073854e-01
2.948590040206909180e+00,-8.212935447692871094e+00,-1.111665525468419125e+00
2.949224472045898438e+00,-8.211270332336425781e+00,-1.305641360460139788e+00
2.950517892837524414e+00,-8.209618568420410156e+00,-1.548407918261598182e+00
2.952452182769775391e+00,-8.207909584045410156e+00,-1.741585885868921268e+00
2.952808618545531782e+00,-8.208105087280273438e+00,-1.625805888492013684e+00
2.952514886856079102e+00,-8.208559036254882812e+00,-1.638276376125529676e+00
2.954123973846435547e+00,-8.207924842834472656e+00,-1.830803052412143694e+00
2.955497980117797852e+00,-8.208272933959960938e+00,-2.014778118510409222e+00
2.957905054092407227e+00,-8.209384918212890625e+00,-2.219202423146271919e+00
2.959943294525146484e+00,-8.210366249084472656e+00,-2.407913704384899045e+00
2.962548017501831055e+00,-8.212714195251464844e+00,-2.643251085107080733e+00
2.964624881744384766e+00,-8.214764595031738281e+00,-2.860930233029028713e+00
2.967245101928710938e+00,-8.217087745666503906e+00,-3.035189621389676962e+00
2.968287467956542969e+00,-8.217382431030273438e+00,-3.061404926517050207e+00
2.967189550399780273e+00,-8.215568542480468750e+00,-2.874990916051070933e+00
2.966265201568603516e+00,-8.213536262512207031e+00,-2.674398358371025797e+00
2.963969945907592773e+00,-8.211655616760253906e+00,-2.502860524234730377e+00
2.961633205413818359e+00,-8.211262702941894531e+00,-2.327108084606985816e+00
2.958910942077636719e+00,-8.210456848144531250e+00,-2.155625109720348931e+00
2.957305669784545898e+00,-8.210176467895507812e+00,-1.972142717619165930e+00
2.955853939056396484e+00,-8.210106849670410156e+00,-1.808295704045443930e+00
2.955222129821777344e+00,-8.210458755493164062e+00,-1.618665460526025113e+00
2.954362630844116211e+00,-8.211803436279296875e+00,-1.440479728023648320e+00
2.953472137451171875e+00,-8.213439941406250000e+00,-1.265597897457113374e+00
2.953239440917968750e+00,-8.215897560119628906e+00,-1.004857213447365893e+00
2.953878879547119141e+00,-8.217849731445312500e+00,-8.116188474004385478e-01
2.954844236373901367e+00,-8.219918251037597656e+00,-6.051099863193671879e-01
2.956087589263916016e+00,-8.222041130065917969e+00,-3.823368810287191000e-01
2.957169294357299805e+00,-8.224123954772949219e+00,-1.798187312006953864e-01
2.958513975143432617e+00,-8.226429939270019531e+00,5.018304267284180026e-02
2.959818124771118164e+00,-8.229001998901367188e+00,2.535485719940063221e-01
2.961529493331909180e+00,-8.231608390808105469e+00,4.562682331541002556e-01
2.963751077651977095e+00,-8.234568595886230469e+00,6.858080857461336111e-01
2.986444950103760210e+00,-8.214128494262695312e+00,8.219878922824648271e-01
3.027136325836181641e+00,-8.168702125549316406e+00,6.690072966449571723e-01
3.026367425918579102e+00,-8.166965484619140625e+00,4.985656778556126767e-01
3.115121126174926758e+00,-8.118336677551269531e+00,5.012737131481286301e-01
3.205102443695068359e+00,-8.067502021789550781e+00,5.015361102447206676e-01
3.293291807174682617e+00,-8.018141746520996094e+00,5.028936533905625783e-01
3.381163120269775391e+00,-7.968428134918212891e+00,5.461678288972534601e-01
3.433182716369628906e+00,-7.932033061981201172e+00,7.252996941312631618e-01
3.462664604187012163e+00,-7.902749061584472656e+00,9.147958714526688295e-01
3.485631704330444336e+00,-7.870220184326171875e+00,1.096538156549317522e+00
3.502186059951782227e+00,-7.833959579467773438e+00,1.277335200056956888e+00
3.511718988418579102e+00,-7.796735286712646484e+00,1.457806445291310427e+00
3.514235734939575195e+00,-7.758904933929443359e+00,1.637565065233099304e+00
3.498052358627319780e+00,-7.653127670288085938e+00,1.801237675413021044e+00
3.466960430145264116e+00,-7.557455539703369141e+00,1.946428061236424423e+00
3.447411775588989258e+00,-7.513037681579589844e+00,2.123674876960957025e+00
3.442192077636718750e+00,-7.505963802337646484e+00,2.301535199002223919e+00
3.427470445632934570e+00,-7.489269256591796875e+00,2.221232353460751430e+00
3.425294876098632812e+00,-7.486491680145263672e+00,2.029743526813016175e+00
3.423592567443848100e+00,-7.483845233917236328e+00,1.854452939163351521e+00
3.422432184219360352e+00,-7.480867385864257812e+00,1.670584989842817114e+00
3.420500755310058594e+00,-7.380307197570800781e+00,1.599016674961747153e+00
3.418584823608398438e+00,-7.277826309204101562e+00,1.598024065888692835e+00
3.416277885437012163e+00,-7.177390575408936435e+00,1.597148260591787494e+00
3.416691780090332031e+00,-7.076655864715576172e+00,1.552578379936014885e+00
3.419871568679809570e+00,-6.991542816162109375e+00,1.420649549414468860e+00
3.419294595718383789e+00,-6.992302417755126953e+00,1.431828437993329262e+00
3.420925378799438477e+00,-6.991531372070312500e+00,1.609352962966228207e+00
3.417151689529418945e+00,-6.888391017913818359e+00,1.650294835229873414e+00
3.403473854064941406e+00,-6.806990623474121094e+00,1.829160680517576854e+00
3.377273797988892046e+00,-6.706594944000244141e+00,1.820182981849740811e+00
3.374238491058349609e+00,-6.700521469116210938e+00,1.673518225184883690e+00
3.375267267227172852e+00,-6.699482917785644531e+00,1.854575902756464778e+00
3.375395059585571733e+00,-6.697567462921142578e+00,2.023289359482521199e+00
3.321019172668457031e+00,-6.612527370452880859e+00,2.153764374438551510e+00
3.263628244400024414e+00,-6.524020195007324219e+00,2.150643899021970729e+00
3.208739042282104492e+00,-6.439755439758300781e+00,2.150718150267090678e+00
3.148942947387695757e+00,-6.351477146148681641e+00,2.188759845981822494e+00
3.083955764770507812e+00,-6.266051292419433594e+00,2.241320670074745891e+00
3.020714282989501953e+00,-6.189773082733154297e+00,2.264918297572660943e+00
2.954539299011230469e+00,-6.109990119934082031e+00,2.265237267881384131e+00
2.885870218276977095e+00,-6.027320861816406250e+00,2.264599806121956771e+00
2.814839601516724077e+00,-5.942834854125976562e+00,2.267134205208821029e+00
2.745778083801269087e+00,-5.860578060150146484e+00,2.266747513654447488e+00
2.676722049713134766e+00,-5.778172016143798828e+00,2.264944176312414292e+00
2.606175661087036133e+00,-5.693128585815429688e+00,2.262979485552658154e+00
2.540032863616943803e+00,-5.613360404968261719e+00,2.261506004732213082e+00
2.476246118545531782e+00,-5.536246299743652344e+00,2.260234553891176112e+00
2.408173799514770508e+00,-5.453526973724365234e+00,2.259845747243415026e+00
2.340021610260009766e+00,-5.370677947998046875e+00,2.259498649149108918e+00
2.276163578033447710e+00,-5.293438911437988281e+00,2.260144882146328360e+00
2.207176208496093750e+00,-5.210346221923828125e+00,2.265831717124556999e+00
2.136194229125977007e+00,-5.130151271820068359e+00,2.319771510052705210e+00
2.061037778854370117e+00,-5.054532527923583984e+00,2.396052871802336171e+00
1.979305267333984375e+00,-4.985709190368652344e+00,2.481323885912493754e+00
1.889885902404784712e+00,-4.920452594757080078e+00,2.529562042971134961e+00
1.800558924674987793e+00,-4.861231803894042969e+00,2.576396921370234683e+00
1.708662986755371094e+00,-4.806364059448242188e+00,2.617073518450852454e+00
1.615869402885437012e+00,-4.752355098724365234e+00,2.613747091267100142e+00
1.520483493804931641e+00,-4.696585655212402344e+00,2.611788281151539159e+00
1.428116083145141602e+00,-4.642600536346436435e+00,2.611337613691252724e+00
1.335463047027587891e+00,-4.588249683380126953e+00,2.613131333485606778e+00
1.243276119232177512e+00,-4.534744262695312500e+00,2.612804648989398348e+00
1.149481892585754395e+00,-4.479859352111816406e+00,2.613704902494037974e+00
1.057013630867004395e+00,-4.425501346588134766e+00,2.612963865639535754e+00
9.636071324348449707e-01,-4.367822170257568359e+00,2.566794045834662086e+00
8.761487007141113281e-01,-4.306666851043701172e+00,2.504212295972024993e+00
7.940224409103393555e-01,-4.238739967346191406e+00,2.415332512626532147e+00
7.169856429100036621e-01,-4.165937423706054688e+00,2.369528322265093578e+00
6.453027129173278809e-01,-4.095934867858886719e+00,2.370176493767785164e+00
5.674269795417785645e-01,-4.022786140441895419e+00,2.408179212399292446e+00
4.862069785594940186e-01,-3.953557729721068892e+00,2.457666126713188071e+00
4.013186395168303888e-01,-3.887349843978881836e+00,2.489037204694712457e+00
3.145338296890258789e-01,-3.819889545440673828e+00,2.487057867256508903e+00
2.295552045106886985e-01,-3.754511833190917969e+00,2.485712213315641073e+00
1.447999775409697931e-01,-3.689519405364990234e+00,2.486895002740603822e+00
5.967354029417030331e-02,-3.624381303787231889e+00,2.486969911741840900e+00
-2.810280583798880141e-02,-3.557227611541748047e+00,2.488480135781240943e+00
-1.123939529061317028e-01,-3.490387678146362305e+00,2.445641659232660192e+00
-1.900028437376022061e-01,-3.418039083480834961e+00,2.345457714559363804e+00
-2.601774334907531738e-01,-3.337974548339844194e+00,2.244869675229021144e+00
-3.221652507781981867e-01,-3.251076459884643999e+00,2.146167237040756515e+00
-3.767228722572326105e-01,-3.155733823776245117e+00,2.042669707133476731e+00
-4.198668897151947021e-01,-3.057983398437500000e+00,1.942465355325350362e+00
-4.530451893806456964e-01,-2.957130193710327148e+00,1.819939672111837936e+00
-4.694401025772094727e-01,-2.872759103775024414e+00,1.674382228479715184e+00
-4.721150398254393976e-01,-2.787189722061156782e+00,1.513028959518001537e+00
-4.639782309532164972e-01,-2.722144365310668945e+00,1.353059327912843113e+00
-4.443980455398559015e-01,-2.660297870635986328e+00,1.167435348281455676e+00
-4.077862501144409180e-01,-2.594351768493652344e+00,9.548482524762955670e-01
-3.605575561523436945e-01,-2.539377450942993164e+00,7.636642770215620324e-01
-3.022694885730742853e-01,-2.491040706634521040e+00,6.083388782524300487e-01
-2.375839203596115112e-01,-2.451201438903808594e+00,5.039657882085549767e-01
-1.437931805849075040e-01,-2.405102729797363725e+00,4.416895824779351054e-01
-1.342594325542449951e-01,-2.401251554489136186e+00,6.107690332006081579e-01
-4.494026303291320107e-02,-2.338739871978760210e+00,6.099517914538020724e-01
3.965131938457479993e-02,-2.279869794845581055e+00,6.087638029725654931e-01
1.267204731702804010e-01,-2.218965053558349609e+00,6.087016855565038354e-01
1.906831860542297086e-01,-2.174327611923217773e+00,7.537614759660302699e-01
1.919900774955748957e-01,-2.174850702285766602e+00,9.391867455274317544e-01
1.941306591033934992e-01,-2.175097703933715820e+00,1.151131114610239425e+00
1.967567354440689087e-01,-2.174773931503295898e+00,1.357358488783973360e+00
1.987314820289610984e-01,-2.173990011215209961e+00,1.554768708659947540e+00
2.005837559700011929e-01,-2.171970129013061079e+00,1.751988274453130101e+00
2.006857544183731079e-01,-2.172152996063232422e+00,1.643464606487311519e+00
1.973064392805098932e-01,-2.072737455368041992e+00,1.608138642982893440e+00
2.007674276828765869e-01,-1.971705555915832297e+00,1.545408353047830641e+00
1.989187002182006003e-01,-1.924554586410522461e+00,1.739034213849669497e+00
1.893607378005980890e-01,-1.883680582046508789e+00,1.920230691552504920e+00
1.722593158483504971e-01,-1.844307899475097656e+00,2.105771927045729797e+00
1.102452427148818970e-01,-1.761418342590332031e+00,2.231218344936975129e+00
5.060826987028119867e-02,-1.676180720329284890e+00,2.186616917727388643e+00
-1.336651574820280075e-02,-1.286136955022811890e-01,-1.246942971811745515e+00
-1.452819257974619950e-02,-1.297373473644256037e-01,-1.059257584799870644e+00
-1.500942558050149915e-02,-1.308587044477461936e-01,-8.823901524228334736e-01
-1.539631560444829940e-02,-1.320461481809616089e-01,-7.013364838881148700e-01
-1.524049043655389957e-02,-1.332800984382629117e-01,-5.149227645163441114e-01
-1.479319389909499946e-02,-1.343581676483154019e-01,-3.398593949433169614e-01
-1.416402589529749956e-02,-1.359590888023375910e-01,-1.738654329572529023e-01
-1.434331014752380021e-02,-1.374608427286148071e-01,-1.437434909911219742e-02
-1.294933632016180038e-02,-1.388929933309555054e-01,1.826488638211075377e-01
-1.171235088258979970e-02,-1.407463699579238892e-01,3.598183986980604820e-01
-1.024663262069219934e-02,-1.423831582069396973e-01,5.387272439367095656e-01
-8.591209538280899713e-03,-1.438618898391723078e-01,7.140868124020367524e-01
-6.203199271112599771e-03,-1.456608623266220093e-01,9.147582709878575580e-01
-3.669528523460000198e-03,-1.472514420747756958e-01,1.115131698942452232e+00
-1.965933246538000088e-03,-1.475986689329147061e-01,1.289835714655076293e+00
1.834105351007999946e-04,-1.475326716899870994e-01,1.465272278951308405e+00
2.304939553141499824e-03,-1.471855342388153076e-01,1.641248820156498311e+00
4.563198890537000126e-03,-1.463078707456587912e-01,1.842116244609325104e+00
5.591067019850000028e-03,-1.449608802795409879e-01,2.023165680390877075e+00
5.981748923659300360e-03,-1.432551890611648004e-01,2.202500741936972428e+00
6.232665851712199979e-03,-1.416273564100264948e-01,2.377957282991680188e+00
5.694280844181699719e-03,-1.399451494216918945e-01,2.574252204178375969e+00
5.252018105238599743e-03,-1.381622999906539917e-01,2.755388747711354558e+00
4.805102478712700020e-03,-1.359399259090423029e-01,2.935219018289268789e+00
4.155838396400200231e-03,-1.347089260816574097e-01,3.125874043653919188e+00
3.335740650072600150e-03,-1.333144605159758966e-01,-2.974384313439728533e+00
3.443254157900799833e-03,-1.312619894742964866e-01,-2.787512986891290012e+00
2.886464120820100062e-03,-1.296099871397017878e-01,-2.596055998553244759e+00
1.717045204713900071e-03,-1.279344409704208096e-01,-2.444616499051357916e+00
1.386679010465699958e-03,-1.260592043399809958e-01,-2.288257396160779944e+00
-5.212619435041999753e-04,-1.260011494159697931e-01,-2.100568719157410502e+00
-2.942859893664699893e-03,-1.259606033563613892e-01,-1.914841658285889148e+00
-4.652014933526500348e-03,-1.268694400787352961e-01,-1.733130877400957948e+00
-6.151402834802800063e-03,-1.282801926136016013e-01,-1.546239809617188099e+00
-7.474482059478699918e-03,-1.294498592615127008e-01,-1.367932100619769109e+00
-8.343355730175900861e-03,-1.312816590070723932e-01,-1.184818768216383100e+00
-9.107905440032400615e-03,-1.334429681301116943e-01,-9.982755217075761633e-01
-9.193098172545400085e-03,-1.349892914295195978e-01,-8.218147135931415104e-01
5.273608118295659841e-02,-2.017378807067871094e-01,-8.204676414229247206e-01
1.182182878255843977e-01,-2.733201980590819757e-01,-8.275801928253647688e-01
1.886741369962691983e-01,-3.505544364452362061e-01,-8.283862662841371405e-01
2.553870081901549738e-01,-4.221794009208679199e-01,-8.064084079175669606e-01
3.302922248840332031e-01,-4.911646842956542969e-01,-7.119889776988892471e-01
4.089891016483306885e-01,-5.563921332359313965e-01,-6.970735125630350693e-01
4.510261416435241144e-01,-5.897390246391296387e-01,-8.719700018838293376e-01
4.517426788806914728e-01,-5.880764126777648926e-01,-1.050319345576962160e+00
4.522880315780639093e-01,-5.861581563949584961e-01,-1.226217367228713551e+00
4.534258544445037842e-01,-5.844141244888305664e-01,-1.406708153323055432e+00
4.549829065799713135e-01,-5.826748609542846680e-01,-1.591265415926597093e+00
4.568138122558593750e-01,-5.811137557029724121e-01,-1.771539114395221048e+00
4.592902660369873047e-01,-5.802926421165466309e-01,-1.950029878029668096e+00
4.613069593906402033e-01,-5.798595547676086426e-01,-2.128287395094205614e+00
4.638684391975402832e-01,-5.802499651908874512e-01,-2.314379725457302417e+00
4.664424955844879150e-01,-5.803464651107788086e-01,-2.492923392104272384e+00
4.687978029251098078e-01,-5.809897184371948242e-01,-2.677005271763783778e+00
4.707983732223510742e-01,-5.817885398864746094e-01,-2.856527311307330397e+00
4.725916385650634766e-01,-5.833339691162109375e-01,-3.040786748545888152e+00
4.740720987319945734e-01,-5.849987864494323730e-01,3.065281162264545056e+00
4.749352931976317804e-01,-5.863033533096313477e-01,2.895002082655241615e+00
4.754541218280792236e-01,-5.859104394912719727e-01,2.969043257476729814e+00
4.759710729122161865e-01,-5.848426818847656250e-01,3.139825820795036915e+00
4.762624502182006836e-01,-5.830294489860534668e-01,-2.957958926983585979e+00
4.746229648590087891e-01,-5.819031596183776855e-01,-2.780169933088988632e+00
4.730924665927886963e-01,-5.809879302978515625e-01,-2.605460189911791513e+00
3.933133482933043878e-01,-6.355227828025817871e-01,-2.518852637406487460e+00
3.142729997634887140e-01,-7.011556029319763184e-01,-2.423330769801228080e+00
2.385075390338896872e-01,-7.690142989158630371e-01,-2.387607555544101867e+00
1.699434965848921897e-01,-8.425047397613525391e-01,-2.318152903551943922e+00
1.022018790245056014e-01,-9.157035350799560547e-01,-2.321679054475847437e+00
3.915753588080399944e-02,-9.837805628776550293e-01,-2.323158089482473265e+00
-3.034987114369859865e-02,-1.057940840721130371e+00,-2.324791076946489010e+00
-9.962710738182059544e-02,-1.132552385330200195e+00,-2.322070962181483456e+00
-1.692061722278594971e-01,-1.206868648529052734e+00,-2.321743382171885361e+00
-2.004778385162352961e-01,-1.242477536201477051e+00,-2.488095768294798837e+00
-1.985995769500731867e-01,-1.243475317955017090e+00,-2.679287639247601938e+00
-1.965396255254744928e-01,-1.245400547981262207e+00,-2.882991811648840219e+00
-1.955981850624083918e-01,-1.247158169746398926e+00,-3.059876207895118494e+00
-1.956877559423446100e-01,-1.248389005661010742e+00,3.055254699263469043e+00
-1.945020556449890137e-01,-1.250158786773681641e+00,2.853242152598566062e+00
-1.934805661439895075e-01,-1.251926302909851074e+00,2.657700341163870661e+00
-1.925772130489349088e-01,-1.253375530242919922e+00,2.476469034966673810e+00
-1.924645900726318082e-01,-1.255306839942931907e+00,2.281904629707489196e+00
-1.924702972173689963e-01,-1.257146477699279785e+00,2.089227903370357353e+00
-1.932708472013472956e-01,-1.258574247360229492e+00,1.908876437482833532e+00
-1.945494711399078092e-01,-1.260005354881286621e+00,1.702021880638945106e+00
-1.960024386644363126e-01,-1.261313557624816895e+00,1.516669866224014562e+00
-1.980260461568832120e-01,-1.261574983596801758e+00,1.325603854437983564e+00
-1.997615247964859009e-01,-1.261150002479553223e+00,1.145066198599874907e+00
-2.014144659042358121e-01,-1.260375738143920898e+00,9.695561619612805826e-01
-2.035469710826872947e-01,-1.259346008300781250e+00,7.770729335954469352e-01
-2.051557004451750876e-01,-1.258557796478271706e+00,6.023984955501374694e-01
-2.067019641399382990e-01,-1.257614016532897949e+00,4.224231011219212739e-01
-2.071946710348128995e-01,-1.256419777870178223e+00,2.411728313034234017e-01
-2.078034132719039917e-01,-1.255236387252807617e+00,8.229003732685240269e-02
-2.078693807125090998e-01,-1.254171729087829590e+00,-9.133333437565380186e-02
-2.083964645862579068e-01,-1.252945780754089355e+00,-2.696724015086878756e-01
-2.089715003967284879e-01,-1.251656770706176758e+00,-4.386701618674554992e-01
-2.089192271232604980e-01,-1.249688625335693359e+00,-6.179873115678174988e-01
-2.094933539628981989e-01,-1.248225092887878418e+00,-8.528982406810130534e-01
-2.088375240564346036e-01,-1.245909214019775391e+00,-1.048122791533129039e+00
-2.074031978845596036e-01,-1.244180321693420410e+00,-1.252699174069588750e+00
-2.057556807994841974e-01,-1.243045210838318093e+00,-1.453084579270642163e+00
-2.041260153055191040e-01,-1.241889119148254395e+00,-1.656076503476866080e+00
-2.025963366031645896e-01,-1.241610288619995117e+00,-1.831089016426246774e+00
-2.001181691884993952e-01,-1.241949200630187988e+00,-2.017175306856256789e+00
-1.975555121898651123e-01,-1.242211222648620605e+00,-2.208531575750832143e+00
-1.955533921718597135e-01,-1.243281602859497070e+00,-2.424088263665672649e+00
-1.932353526353836060e-01,-1.244480848312377930e+00,-2.612950807815138887e+00
-1.912265419960021973e-01,-1.245991587638854980e+00,-2.796658549956635209e+00
-1.896430552005766990e-01,-1.247859716415405273e+00,-3.004141090449379714e+00
-1.881296783685683927e-01,-1.249704599380493164e+00,3.067106484361865615e+00
-1.868649572134017944e-01,-1.251377701759338379e+00,2.892151560148212841e+00
-1.861698180437088013e-01,-1.253315448760986328e+00,2.693825971958481613e+00
-1.851277351379393976e-01,-1.255659103393554910e+00,2.476136756522772320e+00
-1.850910633802413940e-01,-1.257389545440673828e+00,2.277438630720167723e+00
-1.852861046791076105e-01,-1.259526729583740234e+00,2.058705626693518198e+00
-1.860983520746231079e-01,-1.261201620101928711e+00,1.860555775234177700e+00
-1.877633184194563987e-01,-1.263069152832031250e+00,1.637690188417388448e+00
-1.897771209478378018e-01,-1.264288663864135520e+00,1.425249485483417899e+00
-1.924293786287306907e-01,-1.264701485633850098e+00,1.199977958753669638e+00
-1.945795416831969937e-01,-1.263999819755554199e+00,1.003542720655781650e+00
-1.969855576753616055e-01,-1.263006448745727539e+00,7.950302800814157411e-01
-1.984116137027739923e-01,-1.261859536170959695e+00,5.987898764654862038e-01
-2.003441452980040949e-01,-1.261132836341857910e+00,4.021539709276569785e-01
-2.022568881511687955e-01,-1.259627580642700195e+00,1.851805575685968874e-01
-2.041180729866026999e-01,-1.257384657859802246e+00,-2.505520140127279888e-02
-2.054145932197569968e-01,-1.255473494529723899e+00,-2.313212746786449114e-01
-2.061125338077544888e-01,-1.253113150596618874e+00,-4.738236826217844810e-01
-2.068770825862883966e-01,-1.249781250953674316e+00,-7.167205454248406493e-01
-2.063261568546294888e-01,-1.247619628906250000e+00,-9.523465774978944198e-01
-2.055301666259765070e-01,-1.245550990104675293e+00,-1.161744869556855297e+00
-2.037675678730010986e-01,-1.242979645729064941e+00,-1.404880123624522970e+00
-2.020409554243086936e-01,-1.241629123687743919e+00,-1.628574655152478901e+00
-1.998948454856872003e-01,-1.240884184837341309e+00,-1.827207494547963940e+00
-1.972541809082030972e-01,-1.240846872329711914e+00,-2.019447976530754474e+00
-1.944649219512938898e-01,-1.241549849510192871e+00,-2.245321559409285683e+00
-1.921474784612655085e-01,-1.242812514305114746e+00,-2.463218563879701062e+00
-1.900413185358046930e-01,-1.244113445281982422e+00,-2.654047012216447232e+00
-1.876862496137619019e-01,-1.246202826499938965e+00,-2.863424770312089418e+00
-1.864064335823059082e-01,-1.248481512069701926e+00,-3.113305332142794590e+00
-1.851837635040282926e-01,-1.250436186790466309e+00,2.979929668124386755e+00
-1.841971427202223899e-01,-1.252581357955932617e+00,2.762794193640910834e+00
-1.832267343997955045e-01,-1.254552721977234109e+00,2.586600318547509936e+00
-1.825658529996871948e-01,-1.257334232330322488e+00,2.364106725391765806e+00
-1.824806034564971924e-01,-1.258895516395568848e+00,2.189153416254146833e+00
-1.831306517124176025e-01,-1.261032700538635254e+00,1.973916986329592893e+00
-1.843196600675582886e-01,-1.262711167335510476e+00,1.742078444978389928e+00
-1.861693263053894043e-01,-1.264035105705261230e+00,1.536111536189046944e+00
-1.887075304985046109e-01,-1.264927744865417703e+00,1.295668161861466050e+00
-1.919182687997817993e-01,-1.265307426452636719e+00,1.084054293302255889e+00
-1.937194764614104947e-01,-1.264195919036865234e+00,8.671554764882228872e-01
-1.962805390357970914e-01,-1.262830734252929688e+00,6.445726609057921275e-01
-1.990098208189010065e-01,-1.261221885681152344e+00,3.667451039942362101e-01
-2.014033943414688110e-01,-1.259204626083374023e+00,1.252732457079629991e-01
-2.032923847436904907e-01,-1.257058024406433105e+00,-1.147505620728938858e-01
-2.041173428297042014e-01,-1.255538225173950195e+00,-3.035085895371774090e-01
-2.048868536949156882e-01,-1.252879858016967773e+00,-5.473795020700483738e-01
-2.054037898778915128e-01,-1.249729871749877930e+00,-8.225732317549406813e-01
-2.048324048519133966e-01,-1.247321605682373047e+00,-1.076696328556697502e+00
-2.031010687351225974e-01,-1.245055913925170898e+00,-1.316118914346405600e+00
-2.014256864786148071e-01,-1.243226170539855957e+00,-1.555517648705985190e+00
-1.993252336978912076e-01,-1.242208242416381836e+00,-1.762340729129566075e+00
-1.959980279207229059e-01,-1.241879940032958984e+00,-2.001756851734179499e+00
-1.926832795143126886e-01,-1.242580890655517578e+00,-2.223415284513225121e+00
-1.910649985074996948e-01,-1.243886947631835938e+00,-2.402688990735690755e+00
-1.889139413833617887e-01,-1.245666384696960449e+00,-2.614754932399803167e+00
-1.873494535684585016e-01,-1.247108697891235352e+00,-2.795605663294566057e+00
-1.855091601610182883e-01,-1.248752951622009277e+00,-2.981541862581715829e+00
-1.838031262159346979e-01,-1.251652479171752930e+00,3.058777100492177770e+00
-1.822177320718764981e-01,-1.254430174827575684e+00,2.819810930020143047e+00
-1.813416481018066129e-01,-1.256133675575256348e+00,2.631144462635810921e+00
-1.802223473787306907e-01,-1.258879065513610840e+00,2.386338154688382840e+00
-1.803720146417616965e-01,-1.261882066726684570e+00,2.148135239459139090e+00
-1.807191222906112116e-01,-1.263330578804015891e+00,1.959791327986418086e+00
-1.821698546409606934e-01,-1.265516638755798340e+00,1.714118551762657816e+00
-1.845905631780624112e-01,-1.267049431800842507e+00,1.460402429469042751e+00
-1.876619905233382901e-01,-1.268296957015991211e+00,1.235571631862004027e+00
-1.896066069602966031e-01,-1.268193006515502930e+00,1.060204276184369965e+00
-1.919153183698653897e-01,-1.267346024513244629e+00,8.656529473960669074e-01
-1.936881542205809992e-01,-1.266415953636169434e+00,6.748044684105292124e-01
-1.956042498350142878e-01,-1.265357613563537598e+00,4.753299920383011745e-01
-1.978163868188858032e-01,-1.263197183609008789e+00,2.239629270125076954e-01
-1.993746459484100064e-01,-1.261779904365539551e+00,2.839943082190980045e-02
-2.003765255212782981e-01,-1.259854912757873535e+00,-1.690576240279484388e-01
-2.011835277080535889e-01,-1.257430076599121094e+00,-3.821444482551518140e-01
-2.022387534379959106e-01,-1.255297422409057617e+00,-5.923314084656504663e-01
-2.025765925645827970e-01,-1.252725839614868164e+00,-8.393018075689577806e-01
-2.019069343805313110e-01,-1.249874114990234375e+00,-1.062293323962391511e+00
-2.006399631500243863e-01,-1.247978568077087402e+00,-1.316483467700775289e+00
-1.987660825252532959e-01,-1.246292233467102051e+00,-1.558654042990352817e+00
-1.959854662418364923e-01,-1.244865417480468750e+00,-1.814428188905194750e+00
-1.928330957889556885e-01,-1.244862794876098633e+00,-2.076897721651481898e+00
-1.902450025081633966e-01,-1.245780944824218750e+00,-2.292752204108726932e+00
-1.881270408630371094e-01,-1.247190117835998313e+00,-2.470721701495512956e+00
-1.865894943475722989e-01,-1.248725295066833496e+00,-2.659687141316283032e+00
-1.843090951442717951e-01,-1.250821471214294434e+00,-2.898715465257481583e+00
-1.819731742143630981e-01,-1.253538250923156738e+00,3.131828784955185352e+00
-1.805346608161925992e-01,-1.256137013435363770e+00,2.893827697259142351e+00
-1.794523000717163086e-01,-1.258366465568542480e+00,2.644967799743716874e+00
-1.779965460300445002e-01,-1.261224985122680886e+00,2.425746964995913135e+00
-1.788765788078308105e-01,-1.261111259460449219e+00,2.518274897589198869e+00
-1.801054775714873990e-01,-1.259559988975524902e+00,2.704206868023569132e+00
-1.811261326074599942e-01,-1.257916212081909180e+00,2.879640570368661390e+00
-1.827093660831451138e-01,-1.256069660186767578e+00,3.059576031094317639e+00
-1.847815811634062888e-01,-1.254594683647155762e+00,-3.044305324750049557e+00
-1.861823052167891901e-01,-1.253547191619873047e+00,-2.860860837910125021e+00
-2.276844531297682883e-01,-1.267713904380798340e+00,-2.815928673121524728e+00
-3.237773180007934015e-01,-1.303936839103698730e+00,-2.749588216195126389e+00
-4.162277877330780029e-01,-1.350103497505187988e+00,-2.654842291463399118e+00
-5.065801739692687988e-01,-1.399109482765197754e+00,-2.658025484586292730e+00
-5.950319766998291016e-01,-1.453006625175476074e+00,-2.551144586599830788e+00
-6.769489049911499023e-01,-1.516255497932434082e+00,-2.440935637695976990e+00
-7.517981529235839844e-01,-1.584428548812866211e+00,-2.394983666711689274e+00
-8.269778490066528320e-01,-1.653737902641296387e+00,-2.396563341574225792e+00
-9.044480323791503906e-01,-1.724689841270446777e+00,-2.397930174584328444e+00
-9.800608158111572266e-01,-1.794304728507995605e+00,-2.396866777071068100e+00
-1.058081984519958496e+00,-1.866459727287292480e+00,-2.397319136140815932e+00
-1.115089654922485352e+00,-1.920470356941223145e+00,-2.545559896071592387e+00
-1.113078594207763672e+00,-1.921977996826172097e+00,-2.739629277735565083e+00
-1.111238598823547363e+00,-1.923606991767883523e+00,-2.916265735972214390e+00
-1.109403133392333984e+00,-1.925628066062927246e+00,-3.115232230765945687e+00
-1.108036160469055176e+00,-1.927554130554199219e+00,2.985436949552621844e+00
-1.107031345367431641e+00,-1.929316997528075950e+00,2.790339465676655806e+00
-1.106304883956909180e+00,-1.931693434715270996e+00,2.583598105117479449e+00
-1.105756878852844238e+00,-1.934063673019408736e+00,2.366453250947509801e+00
-1.105748534202575684e+00,-1.935905456542968750e+00,2.185424654457366778e+00
-1.106412529945373535e+00,-1.938075304031372070e+00,1.996727809920727958e+00
-1.107736110687256081e+00,-1.939548850059509277e+00,1.811011885669889132e+00
-1.109251379966735840e+00,-1.940884470939636008e+00,1.618007571149202350e+00
-1.111076951026916504e+00,-1.941724419593811035e+00,1.423716070937228739e+00
-1.113700747489929199e+00,-1.942428469657897949e+00,1.245360890047807922e+00
-1.115434408187866211e+00,-1.943071365356445090e+00,1.072065124398814406e+00
-1.117028474807739258e+00,-1.942828893661499023e+00,9.402697390005911871e-01
-1.117785334587097168e+00,-1.942252993583679199e+00,7.614020658800174646e-01
-1.119042754173278809e+00,-1.941339850425719993e+00,5.849464785471463202e-01
-1.120398521423339844e+00,-1.940111160278320312e+00,4.259192928185092097e-01
-1.121787190437316895e+00,-1.938902974128723145e+00,2.425661131039449081e-01
-1.122985482215881126e+00,-1.937524318695068359e+00,6.422609600142359376e-02
-1.123527288436889648e+00,-1.936329364776611550e+00,-1.115004585649234936e-01
-1.123811006546020508e+00,-1.934803962707519531e+00,-2.737360938750429962e-01
-1.124003648757934570e+00,-1.933798551559448020e+00,-3.825329777040267221e-01
-1.123629450798034890e+00,-1.932864665985107644e+00,-5.623810951820867876e-01
-1.123464465141296387e+00,-1.931885957717895508e+00,-7.421910241046373313e-01
-1.123055696487426758e+00,-1.930933117866515891e+00,-9.217196880062321629e-01
-1.122189044952392578e+00,-1.929679512977600098e+00,-1.104319621161890197e+00
-1.121080994606018066e+00,-1.929882526397705078e+00,-1.272983015650204219e+00
-1.120152711868285911e+00,-1.929672598838806374e+00,-1.462387268250021410e+00
-1.118555665016174316e+00,-1.928971052169800027e+00,-1.640852618561837506e+00
-1.117054104804992898e+00,-1.928163647651672363e+00,-1.822887918762055914e+00
-1.114838600158691406e+00,-1.927926540374756081e+00,-1.999379125119950418e+00
-1.112680792808532715e+00,-1.927875280380249023e+00,-2.179258908884099899e+00
-1.111273765563964844e+00,-1.927995324134826882e+00,-2.266718768663612327e+00
-1.113610029220581055e+00,-1.928038597106933594e+00,-2.083777986054558884e+00
-1.116374254226684570e+00,-1.928688049316406472e+00,-1.895788971999476047e+00
-1.118222713470458984e+00,-1.929135918617248313e+00,-1.714219798383858961e+00
-1.119810819625854492e+00,-1.930499315261840820e+00,-1.540836758344381607e+00
-1.120820522308349609e+00,-1.932001829147338867e+00,-1.350337039465674405e+00
-1.121906518936157227e+00,-1.933059096336364746e+00,-1.175296231507031441e+00
-1.122360944747924805e+00,-1.934939146041869895e+00,-9.973938838658894523e-01
-1.122519850730895996e+00,-1.936577677726745605e+00,-8.224206070580517558e-01
-1.122116565704345703e+00,-1.938015460968017578e+00,-6.399409428447856429e-01
-1.121693015098571777e+00,-1.939744591712952104e+00,-4.615625738229153230e-01
-1.120959281921386719e+00,-1.941440463066101074e+00,-2.612708261987193858e-01
-1.120151519775390625e+00,-1.943455338478088379e+00,-1.091785529962719936e-01
-1.119870543479919434e+00,-1.944489598274230957e+00,6.811587082642149571e-02
-1.118996143341064453e+00,-1.946294546127319558e+00,2.511492129203576895e-01
-1.117576122283935547e+00,-1.948022961616515891e+00,4.268997336997452097e-01
-1.116366267204284890e+00,-1.949138998985290305e+00,5.920699192263809696e-01
-1.038397669792175293e+00,-1.894280672073364480e+00,6.468051510836786422e-01
-9.579673409461976208e-01,-1.829720735549926758e+00,6.909413281378840033e-01
-8.803952932357788086e-01,-1.763737440109252930e+00,7.319553796013110736e-01
-8.039291501045227051e-01,-1.696707606315612793e+00,7.256231181830397059e-01
-7.267320752143859863e-01,-1.629061698913574219e+00,7.029577304843910301e-01
-6.674854755401611328e-01,-1.586146593093872070e+00,5.266247610837079263e-01
-6.170743107795715332e-01,-1.562118291854858398e+00,3.546296726775282071e-01
-5.618849396705627441e-01,-1.547177791595458984e+00,1.814978230297140116e-01
-5.039727687835693359e-01,-1.541450858116149902e+00,1.328932261683000201e-04
-4.443736374378203791e-01,-1.546533465385437012e+00,-1.848729444551129864e-01
-3.828934431076049805e-01,-1.564504265785217285e+00,-3.834427665441823008e-01
-3.259238898754119873e-01,-1.593910336494445801e+00,-5.698102430082038206e-01
-2.679293751716613770e-01,-1.638400077819824219e+00,-7.498035216592715546e-01
-2.025927603244780939e-01,-1.710738658905029297e+00,-9.163534811313246431e-01
-1.437559574842453003e-01,-1.785961270332336426e+00,-8.883288985952725314e-01
-7.712844014167780093e-02,-1.863716363906860352e+00,-8.530779507969852293e-01
-1.078740786761040078e-02,-1.940942049026489258e+00,-8.672265041901160432e-01
3.876261413097380204e-02,-2.006300926208496094e+00,-1.013681856951438975e+00
5.413721501827239990e-02,-2.039798736572265625e+00,-1.211822968816182788e+00
6.425712257623669710e-02,-2.072660923004150391e+00,-1.409258753917985052e+00
6.763790547847739476e-02,-2.107962131500244141e+00,-1.606383010436258196e+00
6.474326550960539384e-02,-2.141366720199584961e+00,-1.783094032446858490e+00
5.448706075549120120e-02,-2.177600145339965820e+00,-1.958966696458344092e+00
3.390351310372349825e-02,-2.217872858047485352e+00,-2.147892515918375711e+00
-3.684232942758999731e-04,-2.260986089706420898e+00,-2.339111593829759972e+00
-2.120414562523360164e-02,-2.280435562133789062e+00,-2.371233829145572791e+00
-2.742372453212730057e-02,-2.286082506179809570e+00,-2.190258823825959489e+00
-5.357511341571800229e-02,-2.324299335479736328e+00,-2.130647553361432855e+00
-1.043965667486189963e-01,-2.410377502441406250e+00,-2.090675024245685076e+00
-1.553744524717330933e-01,-2.498138427734375000e+00,-2.092723122510943501e+00
-2.068305611610412043e-01,-2.585271596908569336e+00,-2.089193715942550433e+00
-2.585925459861754816e-01,-2.672414779663085938e+00,-2.092055979092979801e+00
-2.770192325115203857e-01,-2.701732635498046875e+00,-1.920537778623734093e+00
-2.794167697429656982e-01,-2.702623128890991211e+00,-1.736835684899995291e+00
-2.813785672187805176e-01,-2.703685283660888672e+00,-1.554634456889395500e+00
-2.832028269767761230e-01,-2.704360723495483398e+00,-1.366962977396006362e+00
-2.843848466873168945e-01,-2.705876350402832031e+00,-1.187087646237346084e+00
-2.854834496974945068e-01,-2.707277059555053711e+00,-1.022926463506843353e+00
-2.857452929019927979e-01,-2.709675550460815430e+00,-8.557564874213696715e-01
-2.845401763916015070e-01,-2.712717533111572266e+00,-6.800301242847335281e-01
-2.729169726371765137e-01,-2.721676826477050781e+00,-5.536540172082979883e-01
-1.976685225963591974e-01,-2.782336711883544922e+00,-6.993128246947090121e-01
-1.631560623645781916e-01,-2.814052820205688477e+00,-9.199799323455956079e-01
-1.624379903078078946e-01,-2.812032461166381836e+00,-1.127399594625821289e+00
-1.615460962057113092e-01,-2.810245752334594727e+00,-1.325734351581230319e+00
-1.595584005117416104e-01,-2.808130264282226562e+00,-1.479032616477326201e+00
-1.578174233436583918e-01,-2.808550119400024414e+00,-1.637277976128633128e+00
-1.565516591072081964e-01,-2.808010339736938477e+00,-1.814648473055876066e+00
-1.546248346567153931e-01,-2.807855606079101562e+00,-2.000221631148127788e+00
-1.520025283098219993e-01,-2.807992219924926758e+00,-2.207830538772514117e+00
-1.499660313129425049e-01,-2.808597087860107422e+00,-2.389354005596396213e+00
-1.479749977588653009e-01,-2.810002326965332031e+00,-2.655430312641298585e+00
-1.453817933797836026e-01,-2.811974525451660156e+00,-2.891017427446384680e+00
-1.436622887849806907e-01,-2.813798189163208008e+00,-3.074376820790024833e+00
-1.419431567192077082e-01,-2.816246986389160156e+00,2.957707903498149715e+00
-1.411017626523971003e-01,-2.817773580551147461e+00,2.777501790843845075e+00
-1.401043087244032981e-01,-2.820726871490478516e+00,2.536747235054741978e+00
-1.401186287403106134e-01,-2.823088407516479492e+00,2.331111459082361392e+00
-1.407919675111770075e-01,-2.826376676559447798e+00,2.088388608545994174e+00
-1.421070694923400879e-01,-2.828414678573608398e+00,1.850332392244598445e+00
-1.439036875963211060e-01,-2.830383777618408203e+00,1.650324168631934096e+00
-1.464866548776626032e-01,-2.832043647766113281e+00,1.415422080767031909e+00
-1.489273458719252985e-01,-2.832814693450928178e+00,1.183105292736209790e+00
-1.515076607465744019e-01,-2.832839965820312500e+00,9.814678117870615504e-01
-1.550196856260299128e-01,-2.831837654113769087e+00,7.439647189356163315e-01
-1.573479473590849997e-01,-2.830327272415161133e+00,5.072297118827165940e-01
-1.597777605056761863e-01,-2.828927755355834961e+00,3.087609328293935418e-01
-1.616945862770080011e-01,-2.826813936233520508e+00,7.849746064844960458e-02
-1.637120395898818970e-01,-2.824217081069946289e+00,-1.823851575757420851e-01
-1.648983806371688010e-01,-2.821826219558715820e+00,-3.822056184241161003e-01
-1.654200106859206876e-01,-2.819843053817749023e+00,-5.630433007957280633e-01
-1.654123067855834961e-01,-2.816904783248901367e+00,-8.165295976401134581e-01
-1.648325324058531882e-01,-2.813344001770019531e+00,-1.103418962331194964e+00
-1.636218130588530939e-01,-2.811101913452148438e+00,-1.365360642794564816e+00
-1.612421125173567893e-01,-2.809155941009521040e+00,-1.621512205313683008e+00
-1.591892987489700040e-01,-2.807963371276855469e+00,-1.819817410787822443e+00
-1.570535600185394010e-01,-2.807447433471680132e+00,-1.999880910016228697e+00
-1.536493897438049039e-01,-2.807959556579589844e+00,-2.262083782984026570e+00
-1.504710465669631958e-01,-2.809623479843140093e+00,-2.552762078452695427e+00
-1.476505100727081021e-01,-2.811532974243164062e+00,-2.811846784378607467e+00
-1.460525393486022949e-01,-2.813055038452148438e+00,-2.988363486605080777e+00
-1.438663750886917114e-01,-2.815637350082397017e+00,3.004501111843521866e+00
-1.427672505378722867e-01,-2.817566156387329102e+00,2.828593770463208479e+00
-1.417036801576614102e-01,-2.819806575775146484e+00,2.652104827048494595e+00
-1.412895470857619962e-01,-2.822726964950561079e+00,2.402935453705100866e+00
-1.413476616144180020e-01,-2.825302124023437056e+00,2.195414441924224747e+00
-1.424977034330368042e-01,-2.829062223434447798e+00,2.016575197875309922e+00
-1.435094624757765891e-01,-2.830447673797607422e+00,1.854367064839980817e+00
-1.446628123521803977e-01,-2.832369565963745117e+00,1.669180675669220904e+00
-1.459479779005050104e-01,-2.833559274673461914e+00,1.488819977351502066e+00
-1.477508991956709983e-01,-2.834945201873779741e+00,1.307507013860945255e+00
-1.489440798759459894e-01,-2.834429264068603516e+00,1.131950230238754296e+00
-1.069920286536216042e-01,-2.765998125076293945e+00,1.021375941120416853e+00
-5.266888439655299792e-02,-2.679272651672363725e+00,1.021305215470720951e+00
5.815417971462000495e-04,-2.592067003250122070e+00,1.022313148059746490e+00
5.608205869793889825e-02,-2.502785205841064453e+00,1.020909465648239367e+00
1.077571809291839044e-01,-2.419698476791381836e+00,1.006213707362333620e+00
1.695485413074493131e-01,-2.330687522888184038e+00,9.517668784672540516e-01
2.328725457191467008e-01,-2.247545957565308061e+00,9.039527927890034231e-01
2.998266518115996759e-01,-2.167090177536010742e+00,8.691565885243311973e-01
3.652441799640654962e-01,-2.088377952575684038e+00,9.001568468877022555e-01
4.269681572914122980e-01,-2.007805585861206055e+00,9.489695200289676169e-01
4.910822212696074884e-01,-1.921011328697204812e+00,9.310042683560240118e-01
5.556000471115112305e-01,-1.841430425643920898e+00,8.823405746876000766e-01
6.278392672538757324e-01,-1.760500669479369895e+00,8.326724820782785974e-01
6.946640610694885254e-01,-1.691542625427246094e+00,7.911292998325506476e-01
7.711900472640991211e-01,-1.619491577148437500e+00,7.364226533000460817e-01
8.492493033409118652e-01,-1.553270936012268066e+00,6.916814246310325487e-01
9.325571656227111816e-01,-1.488903284072875977e+00,6.436710596314856314e-01
1.013173222541809082e+00,-1.434065103530883789e+00,5.362978789903646293e-01
1.049943685531616211e+00,-1.412691831588745117e+00,3.706174140375528836e-01
1.048441290855407493e+00,-1.411007523536681907e+00,1.908895984293270953e-01
1.047345519065856934e+00,-1.409383058547973633e+00,8.458269902297499768e-03
1.046611070632934570e+00,-1.407759785652160645e+00,-1.746063736910541953e-01
1.046060562133789062e+00,-1.406342387199402078e+00,-3.565935570972055269e-01
1.048536062240600586e+00,-1.405790925025939941e+00,-5.248874113820510834e-01
1.055110454559326172e+00,-1.409351825714111106e+00,-6.874499659343167313e-01
1.061354875564575195e+00,-1.414104938507080078e+00,-8.579125618807925679e-01
1.061379671096801758e+00,-1.415197253227234109e+00,-7.480817199713490906e-01
1.061995387077331543e+00,-1.416922569274902344e+00,-5.730836243318615519e-01
1.062606573104858398e+00,-1.419165849685668945e+00,-3.771993002579312471e-01
1.063660383224487305e+00,-1.421290040016174316e+00,-1.816609262017696846e-01
1.064562201499938965e+00,-1.423218965530395508e+00,2.203391853732170058e-02
1.065876960754394309e+00,-1.424639463424682617e+00,2.035365466706164916e-01
1.067087769508361816e+00,-1.426176071166992188e+00,3.782718765584872078e-01
1.068828225135803223e+00,-1.427628159523010476e+00,5.752931925598182561e-01
1.070556163787841797e+00,-1.428514838218688965e+00,7.513837767638065213e-01
1.072403550148010476e+00,-1.428915023803710938e+00,9.259249718761127790e-01
1.074071168899535911e+00,-1.429254412651062012e+00,1.104169479351493788e+00
1.076035737991333008e+00,-1.429185509681701660e+00,1.303510964442856856e+00
1.077980160713195801e+00,-1.428347826004028320e+00,1.501673855826665127e+00
1.079544544219970703e+00,-1.427153110504150391e+00,1.700673303687467275e+00
1.080424666404723899e+00,-1.425480127334594727e+00,1.901326827990512447e+00
1.081139087677001953e+00,-1.423737168312072754e+00,2.100852370460062346e+00
1.081302285194396973e+00,-1.421887993812561035e+00,2.299971535393456001e+00
1.081288456916809082e+00,-1.420874834060668945e+00,2.462197456186757005e+00
1.080494999885559082e+00,-1.418659210205077903e+00,2.649296730712663805e+00
1.080039501190185547e+00,-1.416667699813842773e+00,2.849107769663660861e+00
1.079434633255004883e+00,-1.415255188941955566e+00,3.030395517498258862e+00
1.078200101852416992e+00,-1.413435220718383789e+00,-3.056967005197295695e+00
1.076854825019836426e+00,-1.411607503890991211e+00,-2.872446298853017943e+00
1.075382947921752930e+00,-1.410454988479614480e+00,-2.719113141717650617e+00
1.073691964149475098e+00,-1.409064531326293945e+00,-2.545812424800308449e+00
1.072137594223022461e+00,-1.408231377601623535e+00,-2.376034598779201090e+00
1.070499300956726074e+00,-1.407847523689270020e+00,-2.239426862578771882e+00
1.069386601448059082e+00,-1.407311081886291504e+00,-2.051318633882324605e+00
1.068123102188110352e+00,-1.406686425209045410e+00,-1.867821627397101558e+00
1.065806508064270020e+00,-1.407291054725646973e+00,-1.640578261549757499e+00
1.063061714172363281e+00,-1.409188628196716309e+00,-1.394531398090096408e+00
1.061837077140808105e+00,-1.411339044570922852e+00,-1.197367963775435085e+00
1.060451388359069824e+00,-1.413538575172424316e+00,-9.872448528217235841e-01
1.059945225715637207e+00,-1.416242003440856934e+00,-7.505159035379755927e-01
1.060346007347106934e+00,-1.419549703598022461e+00,-4.985849443071604936e-01
1.061826705932617188e+00,-1.422920465469360352e+00,-3.106067018522182255e-01
1.165697336196899414e+00,-1.455659270286560059e+00,-3.090591275855901765e-01
1.266979932785034180e+00,-1.488361835479736328e+00,-3.103120431308638016e-01
1.359649419784545898e+00,-1.518605232238769531e+00,-3.073400838301592053e-01
1.457484364509582297e+00,-1.546425819396972878e+00,-2.647771857787205030e-01
1.523887276649475098e+00,-1.568849802017211914e+00,-4.175926692073804181e-01
1.535373091697692871e+00,-1.575149297714233398e+00,-6.229650612722529290e-01
1.611930012702941895e+00,-1.642872929573059082e+00,-7.384466182329693096e-01
1.686836481094360352e+00,-1.711870670318603516e+00,-7.417983401862463522e-01
1.765423178672790305e+00,-1.783672094345092773e+00,-7.416899699090429010e-01
1.779191493988037109e+00,-1.794441699981689675e+00,-9.210776719677218338e-01
1.779525160789489524e+00,-1.792557001113891602e+00,-1.069692280411835839e+00
1.780767679214477539e+00,-1.792187452316284180e+00,-1.248752415830779006e+00
1.782001614570617676e+00,-1.790787935256958008e+00,-1.429137842487967935e+00
1.784048795700073242e+00,-1.789618253707885520e+00,-1.639426076051653025e+00
1.785834312438964844e+00,-1.789106011390686035e+00,-1.832825823868798443e+00
1.788148760795593262e+00,-1.789304614067077637e+00,-2.043722907706046588e+00
1.790255546569824219e+00,-1.789657950401306152e+00,-2.234240411338324961e+00
1.792613267898559570e+00,-1.790218353271484375e+00,-2.433903785814111931e+00
1.794858336448669434e+00,-1.791348934173583984e+00,-2.627741427959439768e+00
1.796542167663574219e+00,-1.792385935783386230e+00,-2.834548492002618048e+00
1.797994017601013184e+00,-1.794021844863891602e+00,-3.037837975966308335e+00
1.799426555633544922e+00,-1.795502185821533203e+00,3.053795103639908692e+00
1.800590991973876953e+00,-1.797895312309265137e+00,2.844600663034111410e+00
1.801223158836364746e+00,-1.799866914749145508e+00,2.635531490457458048e+00
1.801515698432922363e+00,-1.801803112030029297e+00,2.443250116480701006e+00
1.801125288009643555e+00,-1.803921580314636008e+00,2.239607094213079019e+00
1.800445556640625000e+00,-1.805299878120422363e+00,2.049337289758309755e+00
1.799452543258666992e+00,-1.807386040687561035e+00,1.840914497297336361e+00
1.797747611999511497e+00,-1.809110879898071511e+00,1.642650519163079137e+00
1.795998215675354004e+00,-1.810910344123840332e+00,1.424239283036041970e+00
1.793694019317626953e+00,-1.811263680458068848e+00,1.236945269656522628e+00
1.791126251220703125e+00,-1.811269402503967507e+00,1.025424259268458371e+00
1.788818240165710449e+00,-1.810333132743835671e+00,8.184450878998885681e-01
1.786930322647094727e+00,-1.809146165847778320e+00,6.164787849896347094e-01
1.785088300704956055e+00,-1.808044075965881126e+00,4.342112779060102179e-01
1.783621430397033691e+00,-1.806807398796081099e+00,2.553124765750504066e-01
1.782225251197814941e+00,-1.805231571197509544e+00,5.695000293508299671e-02
1.781549215316772461e+00,-1.803245067596435547e+00,-1.557712002695416931e-01
1.780224561691284180e+00,-1.801068067550659180e+00,-3.718808411012725079e-01
1.779682874679565430e+00,-1.799025058746337891e+00,-5.526156518239617732e-01
1.779271125793457031e+00,-1.797000169754028320e+00,-7.309114046725150304e-01
1.779357671737670898e+00,-1.795142054557800293e+00,-9.144273422573268029e-01
1.780180096626281516e+00,-1.793246507644653098e+00,-1.093526520413507175e+00
1.781195759773254395e+00,-1.791690349578857422e+00,-1.278087978060961083e+00
1.782930493354797363e+00,-1.789954900741577148e+00,-1.491470752291585100e+00
1.784720897674560325e+00,-1.788844466209411621e+00,-1.682609756850520499e+00
1.787311792373657227e+00,-1.788046240806579590e+00,-1.918145154886059967e+00
1.790235996246337891e+00,-1.788195013999938965e+00,-2.134249002741205103e+00
1.792542219161987305e+00,-1.788769602775573508e+00,-2.320571243969086428e+00
1.795079350471496582e+00,-1.789304018020630105e+00,-2.536249541327368462e+00
1.797222733497619629e+00,-1.790530085563659668e+00,-2.720116092718093181e+00
1.798584342002868874e+00,-1.791854500770568848e+00,-2.895876450820417780e+00
1.800341367721557617e+00,-1.793901085853576882e+00,-3.102240557293298728e+00
1.801237940788269043e+00,-1.795651316642761230e+00,3.001189469899824935e+00
1.802122235298156738e+00,-1.797635436058044434e+00,2.790559563478220984e+00
1.802756071090698464e+00,-1.799981951713562012e+00,2.589647542269261749e+00
1.802987337112426758e+00,-1.801888346672058105e+00,2.413948379693102275e+00
1.784730076789855957e+00,-1.782510638236999512e+00,2.260136561879426687e+00
1.714117050170898438e+00,-1.696819543838500977e+00,2.262115895353877804e+00
1.649006247520446777e+00,-1.618035316467285156e+00,2.262921355781223998e+00
1.583603978157043679e+00,-1.537778496742248313e+00,2.259416646195381073e+00
1.517304658889770508e+00,-1.456363797187805176e+00,2.260430886767288872e+00
1.456448316574096902e+00,-1.383954167366027832e+00,2.188239562432101604e+00
1.455638170242309570e+00,-1.384689688682556152e+00,1.980646321626264861e+00
1.454168558120727539e+00,-1.386357426643371582e+00,1.758603896072979067e+00
1.452581644058227539e+00,-1.387625455856323242e+00,1.544649993115726927e+00
1.450431942939758301e+00,-1.388735413551330566e+00,1.354809011769400717e+00
1.447807669639587402e+00,-1.389309883117675781e+00,1.142840914969727173e+00
1.445746660232543945e+00,-1.389024734497070312e+00,9.520648175195566276e-01
1.443406462669372559e+00,-1.388257384300231934e+00,7.385933254531238390e-01
1.441659450531006081e+00,-1.387338399887084961e+00,5.474970267012270186e-01
1.439823508262634499e+00,-1.386078119277954102e+00,3.576834392871616752e-01
1.438152194023132324e+00,-1.384289622306823508e+00,1.477312772096373017e-01
1.437189340591430886e+00,-1.382847785949707031e+00,-4.215352818578229493e-02
1.436116099357604980e+00,-1.381012916564941406e+00,-2.525908328230017097e-01
1.435436844825744629e+00,-1.378632545471191406e+00,-4.451757891453171911e-01
1.434990525245666504e+00,-1.376029849052429199e+00,-6.569290411346961900e-01
1.434857845306396484e+00,-1.373965740203857422e+00,-8.456643723128776102e-01
1.435489058494568093e+00,-1.371750354766845703e+00,-1.056314602495655564e+00
1.436564445495605691e+00,-1.369581580162048340e+00,-1.248137517441633815e+00
1.438171029090881126e+00,-1.368160486221313699e+00,-1.459717376272735123e+00
1.439996600151062012e+00,-1.366691350936889648e+00,-1.671043388612338809e+00
1.441877841949462891e+00,-1.366073846817016602e+00,-1.861919478645557513e+00
1.444019675254821777e+00,-1.366004228591918945e+00,-2.053855754238613329e+00
1.446395397186279297e+00,-1.366619706153869629e+00,-2.262690629221082883e+00
1.448708295822143555e+00,-1.367352604866027832e+00,-2.456906933232335000e+00
1.378779172897338867e+00,-1.412593007087707520e+00,-2.588239658264701593e+00
1.290150642395019531e+00,-1.467186808586120605e+00,-2.595601040784342839e+00
1.203462243080139160e+00,-1.519838929176330566e+00,-2.594785942326302663e+00
1.118285894393920898e+00,-1.571343779563903809e+00,-2.599277392507070239e+00
1.033567667007446289e+00,-1.622066378593444824e+00,-2.606777261524075850e+00
9.874096512794495739e-01,-1.650324225425720215e+00,-2.458146698881547021e+00
9.632790088653564453e-01,-1.670712828636169434e+00,-2.253424421796982102e+00
9.489826560020447888e-01,-1.688630104064941406e+00,-2.071180531567782257e+00
9.381347894668580212e-01,-1.708624124526977539e+00,-1.872390446825308308e+00
9.318012595176695667e-01,-1.729188323020935059e+00,-1.685348355639237905e+00
9.295359253883361816e-01,-1.742813706398010476e+00,-1.497904838205784905e+00
9.317582249641418457e-01,-1.758876562118530495e+00,-1.266812420080230872e+00
9.358348250389100231e-01,-1.773230671882629395e+00,-1.045136604780323220e+00
9.433242082595824085e-01,-1.786637902259826882e+00,-8.223328857594697228e-01
9.530594348907471813e-01,-1.796553015708923118e+00,-6.365526899917527404e-01
9.646250009536744274e-01,-1.805157184600830078e+00,-4.595275109710670880e-01
9.784878492355347790e-01,-1.812335491180419922e+00,-2.702518194634728199e-01
9.950477480888367809e-01,-1.816940307617187500e+00,-8.234713035876120579e-02
1.011422157287597656e+00,-1.818056464195251687e+00,1.063727460239523026e-01
1.018563151359558105e+00,-1.817471742630004883e+00,8.367447896818580588e-02
1.017592430114746094e+00,-1.815617442131042480e+00,-1.401087171158323097e-01
1.016439199447631836e+00,-1.813196182250976785e+00,-4.069563759752818366e-01
1.016052961349487305e+00,-1.811000108718872070e+00,-6.190738681166949586e-01
1.016019463539123535e+00,-1.807824969291687012e+00,-8.757143347760190100e-01
1.016619205474853516e+00,-1.805091857910156028e+00,-1.152130362471451397e+00
1.017616271972656250e+00,-1.803499460220336914e+00,-1.330720416247612947e+00
1.019228339195251687e+00,-1.801924467086791992e+00,-1.523471103061139198e+00
1.021321892738342507e+00,-1.801229357719421387e+00,-1.707840793255817946e+00
1.023451685905456321e+00,-1.800790190696716309e+00,-1.912322921194601566e+00
1.026029109954833984e+00,-1.800579667091369629e+00,-2.104684927252437721e+00
1.028477191925048828e+00,-1.800952553749084473e+00,-2.296317919716326816e+00
1.031959056854248047e+00,-1.802265286445617676e+00,-2.603011918739943198e+00
1.034998416900634766e+00,-1.804975390434264693e+00,-2.849352093757921089e+00
1.036360740661621094e+00,-1.806606411933898926e+00,-3.040884981833836154e+00
1.038709402084350586e+00,-1.810345292091369629e+00,2.935835370394217936e+00
1.039747357368469238e+00,-1.813177227973937988e+00,2.670525116179956804e+00
1.040093183517456055e+00,-1.816437840461730957e+00,2.420161384423842321e+00
1.039318680763244629e+00,-1.818617820739746094e+00,2.187411313077567421e+00
1.038271427154541016e+00,-1.821876406669616699e+00,1.917054877110474731e+00
1.036666393280029297e+00,-1.823323488235473633e+00,1.725244915730212325e+00
1.033901572227478027e+00,-1.825324177742004395e+00,1.418707627500031654e+00
1.030698418617248313e+00,-1.826179385185241699e+00,1.152708507154303286e+00
1.028141975402832031e+00,-1.826218485832214355e+00,9.602702956256882194e-01
1.024122834205627441e+00,-1.825325489044189231e+00,6.552004043860725213e-01
1.021091818809509277e+00,-1.823154687881469505e+00,3.869725421958690736e-01
1.019339799880981445e+00,-1.821545124053955078e+00,1.953474908039082025e-01
1.017316222190856934e+00,-1.818508148193359597e+00,-1.106755508162120955e-01
1.016104698181152344e+00,-1.815463900566101074e+00,-3.785690471318615136e-01
1.015569210052490234e+00,-1.813272714614867942e+00,-5.694508204616103297e-01
1.015032768249511497e+00,-1.809470772743225098e+00,-8.277753017900219001e-01
1.082484364509582297e+00,-1.888713479042052779e+00,-8.681904878152369998e-01
1.150537490844726562e+00,-1.969407558441162109e+00,-8.695875730924276237e-01
1.219349384307861106e+00,-2.051122426986694336e+00,-8.681207634362005932e-01
1.227490544319152832e+00,-2.059620618820190430e+00,-1.036486864809195829e+00
1.235202312469482422e+00,-2.075238466262817383e+00,-1.215118924606743089e+00
1.239914774894714355e+00,-2.092724561691284180e+00,-1.399790360983415693e+00
1.245007514953613281e+00,-2.188778877258300781e+00,-1.511653996717128967e+00
1.249636650085449219e+00,-2.294352293014526367e+00,-1.527928607616384493e+00
1.251368284225464089e+00,-2.319728851318359819e+00,-1.722192168357135289e+00
1.252599120140075684e+00,-2.319915771484375000e+00,-1.904334946291936337e+00
1.254909038543701172e+00,-2.320226192474364790e+00,-2.104018230802052525e+00
1.257059693336486816e+00,-2.321035146713256836e+00,-2.313430849152769309e+00
1.258996844291687012e+00,-2.322856903076171875e+00,-2.495828716782368062e+00
1.260105252265930176e+00,-2.324437141418457031e+00,-2.633309895873940043e+00
1.259588837623596191e+00,-2.325420141220092773e+00,-2.788733225458453369e+00
1.260007023811340332e+00,-2.328230619430541992e+00,-3.027210218972454125e+00
1.259977459907531516e+00,-2.330313205718994141e+00,3.051378721105946212e+00
1.259736537933349609e+00,-2.331993818283081055e+00,2.833449839036620066e+00
1.259338617324829102e+00,-2.333403348922729048e+00,2.636010704156479090e+00
1.259009122848510742e+00,-2.334499597549438477e+00,2.418963914674539417e+00
1.258879542350769043e+00,-2.335358142852783203e+00,2.222363239772188415e+00
1.258198380470276101e+00,-2.336226224899291992e+00,2.008323970185935003e+00
1.256987214088439941e+00,-2.336394548416137695e+00,1.813381356198752847e+00
1.255695104598999023e+00,-2.336413860321044922e+00,1.593976134639385256e+00
1.253939986228942871e+00,-2.336464166641235796e+00,1.400598144605400552e+00
1.251596689224243164e+00,-2.335834980010986328e+00,1.188358738423514804e+00
1.249071478843688965e+00,-2.334484815597534180e+00,1.005203345426039174e+00
1.248803734779357910e+00,-2.333528518676757812e+00,8.727509000711898279e-01
1.248401522636413574e+00,-2.332121372222900391e+00,6.877138420528562390e-01
1.249052882194519043e+00,-2.330301761627197266e+00,5.375918586891735851e-01
1.248270630836486816e+00,-2.327654600143432617e+00,3.347147341564649103e-01
1.248672246932983398e+00,-2.325486421585083008e+00,1.274109711322523875e-01
1.249375462532043679e+00,-2.323155403137207031e+00,-6.092745458884629706e-02
1.255298614501953125e+00,-2.323461055755615234e+00,-1.086620302797945969e-01
1.258458018302917703e+00,-2.325560808181762695e+00,3.818808134858359821e-02
1.259310007095336914e+00,-2.326695919036864790e+00,1.793257086508089349e-01
1.260633945465087891e+00,-2.328274965286254883e+00,3.781331910304708832e-01
1.262439489364624023e+00,-2.329774618148804155e+00,5.991763999557657705e-01
1.264998197555541992e+00,-2.330336332321166992e+00,8.022042015323295194e-01
1.266858100891113281e+00,-2.331136941909790039e+00,1.031782484654239607e+00
1.269330024719238503e+00,-2.330533742904663086e+00,1.227094197814592391e+00
1.271674275398254395e+00,-2.329878568649291992e+00,1.403146905135989941e+00
1.273412704467773438e+00,-2.329053401947021040e+00,1.577878873327228426e+00
1.274911522865295410e+00,-2.327241420745849609e+00,1.792010494212440408e+00
1.275654077529907227e+00,-2.325614690780640093e+00,1.970204968414793090e+00
1.275915145874023438e+00,-2.323385000228881836e+00,2.232614547231321023e+00
1.275241017341613770e+00,-2.321077585220336914e+00,2.445202201009564646e+00
1.274547934532165527e+00,-2.319080591201782227e+00,2.636045914367533882e+00
1.273919701576232910e+00,-2.317280292510986328e+00,2.810726100862834365e+00
1.273075222969055176e+00,-2.315421581268310547e+00,3.002306201042505673e+00
1.271937489509582297e+00,-2.313177824020385742e+00,-3.071292156114072913e+00
1.269103169441223145e+00,-2.310044288635253906e+00,-2.809176150102115521e+00
1.266669631004333496e+00,-2.307802200317382812e+00,-2.637444982796535164e+00
1.185185790061950906e+00,-2.365574121475220171e+00,-2.513012329321535177e+00
1.101329445838928223e+00,-2.426256418228149414e+00,-2.516000045032297017e+00
1.017972588539123535e+00,-2.486889600753784180e+00,-2.503878565450387228e+00
9.396325349807740368e-01,-2.550522089004516602e+00,-2.376265715550400337e+00
8.927577733993530273e-01,-2.603203773498535156e+00,-2.197376337658193624e+00
8.758590817451477051e-01,-2.626126766204833984e+00,-2.023437527898275246e+00
8.743623495101928711e-01,-2.626941204071044922e+00,-1.865750879511453020e+00
8.717097640037536621e-01,-2.632325649261474609e+00,-1.681075116289544313e+00
8.700607419013977051e-01,-2.640896797180175781e+00,-1.504095824947426108e+00
8.700903654098510742e-01,-2.649837970733642578e+00,-1.324864576503317126e+00
8.944236040115356445e-01,-2.751793146133422852e+00,-1.326902437061423523e+00
9.083360433578492321e-01,-2.802198171615600586e+00,-1.500829654807807279e+00
9.099351763725279651e-01,-2.801043987274169922e+00,-1.677088025222748024e+00
9.114872217178343616e-01,-2.800236940383911133e+00,-1.857990648234776110e+00
8.765488862991333008e-01,-2.892039537429809570e+00,-1.918973554578944807e+00
8.731320500373840332e-01,-2.904411077499389648e+00,-2.090394023885846497e+00
8.724840879440307617e-01,-2.906540393829345703e+00,-2.245627626960544632e+00
8.709726333618164062e-01,-2.910573005676269087e+00,-2.424107379702197917e+00
8.692416548728942871e-01,-2.913938999176025391e+00,-2.596764075187980136e+00
7.809962630271911621e-01,-2.966429471969604492e+00,-2.600915397946874208e+00
6.963686347007751465e-01,-3.019557952880859819e+00,-2.570595877972925880e+00
6.793024539947509766e-01,-3.028083324432373047e+00,-2.406623992427923131e+00
6.076062917709350586e-01,-3.095425128936768022e+00,-2.378882192852475708e+00
5.307520031929016113e-01,-3.167885303497314453e+00,-2.381696796834628316e+00
4.532859027385711115e-01,-3.241949558258056641e+00,-2.356211532851236967e+00
3.799533843994140070e-01,-3.325028419494628906e+00,-2.214400260200965143e+00
3.417018949985504150e-01,-3.380880117416381836e+00,-2.069254308840892342e+00
3.241352140903472900e-01,-3.416802644729614258e+00,-1.896423306664949626e+00
3.154479861259459894e-01,-3.441830396652221680e+00,-1.713338647010629101e+00
3.127837479114531916e-01,-3.504566431045531782e+00,-1.547179972579289631e+00
3.244657516479492188e-01,-3.608309745788574219e+00,-1.373777889701319310e+00
3.479042351245880127e-01,-3.690534591674804688e+00,-1.218150347131392808e+00
3.865032196044921875e-01,-3.768481492996215820e+00,-1.041363447217338090e+00
4.384684562683104914e-01,-3.838742494583129883e+00,-8.649965823322882663e-01
4.782768487930297852e-01,-3.878411054611206055e+00,-7.543221698886322102e-01
5.039111971855163574e-01,-3.899369716644287109e+00,-7.423553836120281302e-01
5.032292604446411133e-01,-3.897233247756958008e+00,-9.307229618574254237e-01
5.535771846771240234e-01,-3.982953310012817383e+00,-1.042532417984432636e+00
5.897077918052673340e-01,-4.047137737274169922e+00,-8.753092398058567314e-01
5.896094441413879395e-01,-4.048685073852539062e+00,-6.992789323460614215e-01
5.898327827453613281e-01,-4.050406455993652344e+00,-4.674429568179350736e-01
5.903941392898559570e-01,-4.053101062774658203e+00,-2.227185834409826926e-01
5.923340916633605957e-01,-4.056161403656005859e+00,5.253134655470079878e-02
5.942235589027404785e-01,-4.058374404907226562e+00,2.263834668904823877e-01
5.941198468208312988e-01,-4.060163497924804688e+00,4.699937707619313842e-01
5.964105129241943359e-01,-4.061305522918701172e+00,6.716776679608480460e-01
5.988885164260864258e-01,-4.061947345733642578e+00,8.553419460322106982e-01
6.008324623107910156e-01,-4.062324523925781250e+00,1.036601641387793649e+00
6.025597453117370605e-01,-4.062711715698242188e+00,1.225708595614487084e+00
6.050305962562561035e-01,-4.061595439910888672e+00,1.410698284911888756e+00
6.074014306068420410e-01,-4.060460567474365234e+00,1.645280180681396809e+00
6.087931990623474121e-01,-4.059303760528564453e+00,1.819878803978989490e+00
6.098319888114929199e-01,-4.057513713836669922e+00,2.031494311690754451e+00
6.103314161300659180e-01,-4.055252552032470703e+00,2.219945479673032462e+00
6.098249554634094238e-01,-4.052521228790283203e+00,2.503467088786563988e+00
6.095767021179199219e-01,-4.050420284271240234e+00,2.682321308382135783e+00
6.087573766708374023e-01,-4.047638416290283203e+00,2.877732089604995824e+00
6.068326830863952637e-01,-4.045163631439208984e+00,3.140017986201832034e+00
6.047200560569763184e-01,-4.042901992797851562e+00,-2.861365281754272072e+00
6.024959087371826172e-01,-4.041512012481689453e+00,-2.664858845753625083e+00
5.996458530426025391e-01,-4.039631366729736328e+00,-2.396497511478902886e+00
5.971443057060241699e-01,-4.038821220397949219e+00,-2.217671796586511146e+00
5.953022241592407227e-01,-4.038320541381835938e+00,-2.035169611429207048e+00
5.924840569496154785e-01,-4.039092540740966797e+00,-1.796269413907569445e+00
5.906791090965270996e-01,-4.039706707000732422e+00,-1.609954416680408507e+00
5.886721014976501465e-01,-4.041771888732910156e+00,-1.376174884772119800e+00
5.873004198074340820e-01,-4.043654441833496094e+00,-1.148038611772162154e+00
5.859277844429016113e-01,-4.046524524688720703e+00,-9.078967588744771833e-01
5.857292413711547852e-01,-4.048449516296386719e+00,-6.993495503081762488e-01
5.857223868370056152e-01,-4.050954818725585938e+00,-5.144345082047435680e-01
5.865031480789184570e-01,-4.054064750671386719e+00,-2.644698545247081145e-01
5.876808166503906250e-01,-4.056351661682128906e+00,-7.476839622316480694e-02
5.891883373260498047e-01,-4.058883190155029297e+00,1.664915247904107942e-01
5.911467075347900391e-01,-4.061367034912109375e+00,4.260705376307957759e-01
5.933876037597656250e-01,-4.063194751739501953e+00,6.087339061790492112e-01
5.954973697662353516e-01,-4.064354896545410156e+00,8.012827564725382157e-01
5.985413193702697754e-01,-4.064704418182373047e+00,1.049262413223184476e+00
6.015133857727050781e-01,-4.064456939697265625e+00,1.249462910294662832e+00
6.032781004905700684e-01,-4.064182281494140625e+00,1.464717406485525286e+00
6.052490472793579102e-01,-4.062951087951660156e+00,1.675953003202156344e+00
6.066187024116516113e-01,-4.061500549316406250e+00,1.868003752491532055e+00
6.076571941375732422e-01,-4.059465885162353516e+00,2.085905492984053033e+00
5.489052534103393555e-01,-3.969340324401855913e+00,2.163641509827070042e+00
4.918676018714904785e-01,-3.883249282836914062e+00,2.165025864354732210e+00
4.350168108940123957e-01,-3.798585414886474609e+00,2.164943671734778086e+00
3.805077373981475830e-01,-3.717372417449951172e+00,2.163213355248606362e+00
3.498967289924621027e-01,-3.671263933181762251e+00,2.150051752832375485e+00
3.493928611278533936e-01,-3.672589302062987837e+00,1.967850962493655542e+00
3.484362959861754816e-01,-3.674153089523314986e+00,1.771694581379273270e+00
3.471111655235289972e-01,-3.675387144088745117e+00,1.595313683987371833e+00
3.453694581985473078e-01,-3.676245450973511186e+00,1.418126507058454555e+00
3.683364689350128174e-01,-3.583204984664916992e+00,1.327987152943016724e+00
3.950184583663939875e-01,-3.485499620437622070e+00,1.303278577982655229e+00
4.276103973388671875e-01,-3.380672693252563477e+00,1.253044875710085604e+00
4.648219048976898193e-01,-3.279514312744140625e+00,1.201207244938133689e+00
5.047846436500549316e-01,-3.185680389404296875e+00,1.145888032798582090e+00
5.547021627426147461e-01,-3.093287229537963867e+00,1.045009373745229508e+00
6.117805838584899902e-01,-3.005884170532226562e+00,9.472742259796743669e-01
6.799390316009521484e-01,-2.921396970748901367e+00,8.331162939084644226e-01
7.568299174308776855e-01,-2.847929477691650391e+00,6.652183122782616698e-01
8.237405419349670410e-01,-2.804313898086547852e+00,4.755190020216619740e-01
8.752650618553161621e-01,-2.781438350677490234e+00,3.010082947103591144e-01
9.012010693550109863e-01,-2.774881124496459961e+00,9.866348554508219681e-02
9.338483214378355823e-01,-2.774638175964355469e+00,-1.309400111499001984e-01
9.572466015815735974e-01,-2.779491186141968218e+00,-3.188813524302486213e-01
9.842598438262939453e-01,-2.791124105453491211e+00,-5.404532193124149675e-01
1.004352211952209695e+00,-2.805175542831420898e+00,-7.212844769533406364e-01
1.023770928382873535e+00,-2.825191736221313032e+00,-9.237546225404128508e-01
1.032088518142700195e+00,-2.836302042007446289e+00,-9.279624659511640505e-01
1.078380703926086426e+00,-2.881998300552368164e+00,-7.435303194571801777e-01
1.162900209426880105e+00,-2.946325063705444336e+00,-6.221361053634354432e-01
1.211628317832946777e+00,-2.977385997772216797e+00,-5.533250602035004739e-01
1.257631301879882812e+00,-3.001358509063720703e+00,-4.654189079710148724e-01
1.313541054725646973e+00,-3.023378372192382812e+00,-3.415813018351390729e-01
1.360262393951416016e+00,-3.036222696304321289e+00,-2.448648054666005269e-01
1.401866674423217773e+00,-3.043761730194091797e+00,-1.609809423770519887e-01
1.482037305831909180e+00,-3.048880815505981001e+00,6.493722950968000259e-04
1.587142109870910645e+00,-3.047908782958984375e+00,1.959915513619200130e-03
1.688840031623840332e+00,-3.047848463058472124e+00,2.889731538932700100e-03
1.795158267021179199e+00,-3.047661781311035156e+00,4.459986737834299719e-03
1.806024551391601562e+00,-3.049015998840332031e+00,2.061067517402971894e-01
1.807302594184875710e+00,-3.050493955612182617e+00,3.914551167860034764e-01
1.809389233589172363e+00,-3.051577568054199219e+00,5.788512443514115535e-01
1.811807274818420410e+00,-3.052530288696289062e+00,7.924232188299800139e-01
1.814201116561889648e+00,-3.053108692169189009e+00,9.990093927545887764e-01
1.816983461380004883e+00,-3.053209543228149414e+00,1.208439920348796992e+00
1.818915486335754395e+00,-3.053249120712280273e+00,1.418225860398712346e+00
1.820347547531127930e+00,-3.052193880081176758e+00,1.629348236993143795e+00
1.821208596229552779e+00,-3.050966501235961914e+00,1.816917265112417690e+00
1.791054964065551758e+00,-2.958271503448486328e+00,1.902874739941166959e+00
1.758188366889953613e+00,-2.862288475036621094e+00,1.902810752841870068e+00
1.748425722122192383e+00,-2.833389997482299805e+00,2.061692744707877001e+00
1.747488260269165039e+00,-2.831981420516968218e+00,2.286906250989540812e+00
1.747211337089538574e+00,-2.829792261123656782e+00,2.472008744470994390e+00
1.746302485466003418e+00,-2.828982830047607422e+00,2.649076471270260136e+00
1.745183825492858887e+00,-2.826467275619506836e+00,2.836949588038921721e+00
1.744648814201354980e+00,-2.825304746627808061e+00,3.020892628378053058e+00
1.742981910705566406e+00,-2.823487520217895508e+00,-3.048512938067042821e+00
1.742072701454162598e+00,-2.821444511413574219e+00,-2.834050149203207525e+00
1.740034699440002441e+00,-2.819802522659301758e+00,-2.639110083011782848e+00
1.737521409988403098e+00,-2.817677497863769087e+00,-2.427771010017814035e+00
1.735079288482666016e+00,-2.815474033355712891e+00,-2.175465823458034187e+00
1.732597112655639648e+00,-2.815603733062744141e+00,-1.981499590266152966e+00
1.730212807655334473e+00,-2.815726041793823242e+00,-1.792980831666217911e+00
1.728380203247070312e+00,-2.816762924194335938e+00,-1.608715970143484109e+00
1.725979328155517578e+00,-2.818727016448974609e+00,-1.357146727481631121e+00
1.724441051483154297e+00,-2.820581912994384766e+00,-1.174409462772806556e+00
1.723177671432495117e+00,-2.822861194610596147e+00,-9.623794013719515483e-01
1.722665905952453613e+00,-2.825823783874512163e+00,-6.952606541217696279e-01
1.722806572914123535e+00,-2.828030824661254883e+00,-5.198753619047318253e-01
1.723259687423706055e+00,-2.829974651336669922e+00,-3.106626078436657834e-01
1.724714875221252441e+00,-2.832398891448974609e+00,-1.257594446736685079e-01
1.725724697113037109e+00,-2.834188699722290039e+00,-8.029692431738250091e-02
1.725886344909667969e+00,-2.833449602127075195e+00,-2.209208994985983887e-01
1.724792599678039551e+00,-2.831148147583007812e+00,-3.973439010335174104e-01
1.725041270256042480e+00,-2.830131292343140093e+00,-5.585597785532224746e-01
1.724861621856689675e+00,-2.829096317291260210e+00,-7.834500496982399476e-01
1.725413560867309570e+00,-2.826133966445922852e+00,-9.974411855760931811e-01
1.779190778732299805e+00,-2.913209915161132812e+00,-1.020461588680794840e+00
1.831395626068115234e+00,-2.999885559082031250e+00,-1.019365716293331836e+00
1.884738683700561301e+00,-3.087960243225097656e+00,-1.032784413618474728e+00
1.935358047485352007e+00,-3.179901599884033203e+00,-1.083958477771542972e+00
1.980190157890320046e+00,-3.270606279373168945e+00,-1.128075556657571754e+00
2.022310972213745117e+00,-3.368206739425659180e+00,-1.179181230489919630e+00
2.057755231857299805e+00,-3.462604284286499023e+00,-1.227943711007942307e+00
2.088757514953613281e+00,-3.557834386825561079e+00,-1.273093630054737080e+00
2.104141712188720703e+00,-3.608967542648314986e+00,-1.453890861599085094e+00
2.105606079101562500e+00,-3.608597993850708008e+00,-1.692662961411212752e+00
2.108493804931640625e+00,-3.607282161712647373e+00,-1.896190619999711169e+00
2.110675573348999023e+00,-3.607377767562866211e+00,-2.076036872213870232e+00
2.112874507904052734e+00,-3.608172655105590820e+00,-2.252902967888035235e+00
2.114704370498656782e+00,-3.608920812606811968e+00,-2.432308614446968775e+00
2.115527868270874023e+00,-3.609975576400756836e+00,-2.620306027026738427e+00
2.117256879806518555e+00,-3.611966133117675781e+00,-2.828713438678073011e+00
2.119251728057861328e+00,-3.614936828613280806e+00,-3.086760749640229395e+00
2.120301008224487749e+00,-3.616836071014403853e+00,3.005572560927202375e+00
2.122208356857299805e+00,-3.619868278503417969e+00,2.723896237289779698e+00
2.123276472091674805e+00,-3.621845960617065430e+00,2.483880096691411410e+00
2.124423980712890181e+00,-3.624417066574096680e+00,2.237807067060535449e+00
2.124872684478760210e+00,-3.625890254974364790e+00,2.025414462901052204e+00
2.124200582504272461e+00,-3.627544164657592773e+00,1.834960427376153280e+00
2.122190713882446289e+00,-3.629033565521239790e+00,1.567754630355243650e+00
2.119925260543823242e+00,-3.629979848861694336e+00,1.353024754464830393e+00
2.117699146270751953e+00,-3.630318403244018555e+00,1.159759780645174931e+00
2.115945816040039062e+00,-3.629374742507935014e+00,9.731138522373463662e-01
2.112821817398071733e+00,-3.627227067947388139e+00,6.689761289630052898e-01
2.110291004180908203e+00,-3.624203205108642578e+00,4.203296361681022053e-01
2.108885288238525391e+00,-3.621978521347045898e+00,2.292166288364446136e-01
2.106598615646362305e+00,-3.619202613830566406e+00,-5.561146594265400228e-02
2.105577230453491211e+00,-3.617497444152832031e+00,-2.413365615577240386e-01
2.103914976119995117e+00,-3.614870071411132812e+00,-4.764692991356984098e-01
2.103165388107299805e+00,-3.613308429718017578e+00,-6.516856823528639486e-01
2.102516412734985352e+00,-3.611638307571411133e+00,-8.521685106842651347e-01
2.102380514144897017e+00,-3.609112262725830078e+00,-1.042565177993288072e+00
2.102897882461547852e+00,-3.607404947280883789e+00,-1.262021075408732429e+00
2.104067325592041016e+00,-3.605900049209594282e+00,-1.457049610060106026e+00
2.106374979019165039e+00,-3.604288339614868164e+00,-1.717702895846838551e+00
2.109187364578247070e+00,-3.603842496871947798e+00,-1.953658265965998897e+00
2.112024307250977007e+00,-3.604186534881591797e+00,-2.183142654920740000e+00
2.114655733108520508e+00,-3.604595422744750977e+00,-2.262130250654002417e+00
2.114299535751342773e+00,-3.603885650634765625e+00,-2.075358993287120146e+00
2.111964702606201172e+00,-3.603746414184569424e+00,-1.893680328585747530e+00
2.109810590744018555e+00,-3.604146242141724077e+00,-1.718128891939736835e+00
2.108783721923828125e+00,-3.605000734329224077e+00,-1.604850869167820937e+00
2.106694459915161133e+00,-3.621833086013793945e+00,-1.745659345658783446e+00
2.087628841400146484e+00,-3.720834493637084961e+00,-1.745150974681915157e+00
2.068107128143310547e+00,-3.815483093261719194e+00,-1.755357892882158932e+00
2.061280727386474609e+00,-3.840814113616943803e+00,-1.587805221407051492e+00
2.061060428619384766e+00,-3.937155246734619141e+00,-1.555601823601205691e+00
2.061283588409423828e+00,-4.037493228912353516e+00,-1.554619377319681917e+00
2.060716867446899414e+00,-4.049281597137451172e+00,-1.406512276228577107e+00
2.059735536575317383e+00,-4.050625801086425781e+00,-1.223365466631173959e+00
2.059307336807250977e+00,-4.051084041595458984e+00,-1.017425774202186828e+00
2.059406042098999023e+00,-4.053228855133056641e+00,-8.000644377054856315e-01
2.060040473937988281e+00,-4.055044174194335938e+00,-6.227670511917031693e-01
2.060026884078979492e+00,-4.056083202362060547e+00,-6.156640711536467414e-01
2.059942245483398438e+00,-4.054440021514892578e+00,-7.914890080352184887e-01
2.122461080551147461e+00,-4.119388580322265625e+00,-8.041972582360331634e-01
2.196302175521850586e+00,-4.196210384368896484e+00,-8.059812568480181350e-01
2.215363025665283203e+00,-4.215676784515380859e+00,-8.070594127792443118e-01
2.188264846801757812e+00,-4.188334941864013672e+00,-6.343054883008042433e-01
2.273986101150512695e+00,-4.236216545104980469e+00,-5.048002483381631711e-01
2.359512329101562500e+00,-4.283234596252441406e+00,-5.163721887478059935e-01
2.452547073364257812e+00,-4.335130691528320312e+00,-5.175450046790978087e-01
2.540969133377075195e+00,-4.386542797088623047e+00,-5.270928543483899276e-01
2.628520727157592773e+00,-4.435927867889404297e+00,-5.231231225243675453e-01
2.702687501907348633e+00,-4.479412555694580078e+00,-3.667849222029421763e-01
2.703472852706909180e+00,-4.480695247650146484e+00,-1.797006760418005111e-01
2.704398155212402344e+00,-4.482724189758300781e+00,2.598271108859399880e-02
2.705786943435668945e+00,-4.484476566314697266e+00,2.057592968569987024e-01
2.706633090972900391e+00,-4.486104488372802734e+00,4.093187212806297937e-01
2.709414958953857422e+00,-4.487524509429931641e+00,6.019924137330134872e-01
2.789108991622924805e+00,-4.433189392089843750e+00,5.927102449249019855e-01
2.873423814773560014e+00,-4.375688552856445312e+00,5.948636480108726587e-01
2.955830335617064986e+00,-4.320387840270996094e+00,5.815856074134068132e-01
3.042634725570678711e+00,-4.263230800628662109e+00,5.792674461433526822e-01
3.131871461868286133e+00,-4.204973697662353516e+00,5.796671830317204899e-01
3.219243049621582031e+00,-4.147032737731933594e+00,5.792211699541331971e-01
3.290511131286621094e+00,-4.098309516906738281e+00,4.624402270758549149e-01
3.289195775985717773e+00,-4.096848487854003906e+00,2.866621124800513010e-01
3.287393808364868164e+00,-4.094779014587402344e+00,8.926232144560390658e-02
3.286435842514038086e+00,-4.093136310577392578e+00,-9.700148976996250672e-02
3.285573005676269087e+00,-4.091317176818847656e+00,-2.993586878996750134e-01
3.285039663314819780e+00,-4.089270591735839844e+00,-4.803134867521731688e-01
3.284705638885498047e+00,-4.087240219116210938e+00,-6.758534555453840076e-01
3.284507989883422852e+00,-4.084894180297851562e+00,-8.764367970622662929e-01
3.284577846527100053e+00,-4.083083152770996094e+00,-1.070699464085150598e+00
3.285455942153930664e+00,-4.081678867340087891e+00,-1.262620489670668089e+00
3.286574363708496094e+00,-4.080326080322265625e+00,-1.438665310088215410e+00
3.288435220718383789e+00,-4.078587532043457031e+00,-1.603409652439034883e+00
3.287962675094604492e+00,-4.078523159027099609e+00,-1.428120793959370305e+00
3.286525726318359819e+00,-4.079894542694091797e+00,-1.251006813111035898e+00
3.285269260406494141e+00,-4.081903934478759766e+00,-1.036219748700511811e+00
3.284628629684447798e+00,-4.083336353302001953e+00,-8.708448697834381136e-01
3.285318851470947710e+00,-4.084844589233398438e+00,-6.187581769025159995e-01
3.285938739776611772e+00,-4.087405204772949219e+00,-4.359873162884386755e-01
3.286655426025390181e+00,-4.089520931243896484e+00,-2.462325033001974972e-01
3.287658691406250000e+00,-4.091806888580322266e+00,-5.663422291499250333e-02
3.289406061172485352e+00,-4.094015598297119141e+00,1.543774133079185984e-01
3.291840553283691406e+00,-4.097007274627685547e+00,4.228610499141562951e-01
3.294358015060424805e+00,-4.098595142364501953e+00,6.088172209485250841e-01
3.297867059707641602e+00,-4.099495887756347656e+00,8.595710308153877710e-01
3.354200601577758789e+00,-4.021876335144042969e+00,9.762963599677991766e-01
3.412455558776855469e+00,-3.937755823135375977e+00,9.764274216020858432e-01
3.420741796493530273e+00,-3.928063154220581055e+00,1.154075047938944110e+00
3.422522544860839844e+00,-3.927721738815308061e+00,1.351297632377528313e+00
3.424222230911254883e+00,-3.927095413208007812e+00,1.565418188485690809e+00
3.426462173461914062e+00,-3.925644874572753906e+00,1.769012182820600243e+00
3.427670001983642578e+00,-3.923835992813110352e+00,1.988537278210374959e+00
3.428076744079589844e+00,-3.922176361083983931e+00,2.166836728217168329e+00
3.369218111038208008e+00,-3.844164133071899414e+00,2.227769716250428633e+00
3.303543329238892046e+00,-3.759160041809082031e+00,2.228568304833156155e+00
3.236346960067749023e+00,-3.671964406967163086e+00,2.226716320087840373e+00
3.173036336898804155e+00,-3.588963747024536133e+00,2.227401916796750037e+00
3.109401702880859819e+00,-3.506281614303588867e+00,2.225864513040660686e+00
3.050657987594604492e+00,-3.429270029067993164e+00,2.227789312603268179e+00
2.986244678497314453e+00,-3.345455408096313032e+00,2.225950669467461562e+00
2.922335147857666016e+00,-3.262150764465332031e+00,2.228047350855409281e+00
2.858733415603637695e+00,-3.179947614669799805e+00,2.226526965970852867e+00
2.795894861221313032e+00,-3.098399400711060014e+00,2.227624359244268604e+00
2.732897996902465820e+00,-3.016583204269409180e+00,2.225894481054813134e+00
2.669133186340332031e+00,-2.933335304260253906e+00,2.225366146622310026e+00
2.606253147125244141e+00,-2.851591587066650391e+00,2.224507823902277970e+00
2.543116092681884766e+00,-2.768955707550048828e+00,2.226041521882586416e+00
2.476972103118896484e+00,-2.681977987289428711e+00,2.224981313195198318e+00
2.411924600601196289e+00,-2.597499847412109375e+00,2.225567618039271167e+00
2.344370841979980469e+00,-2.508983373641968218e+00,2.223971111475480100e+00
2.301138401031494141e+00,-2.453829765319824219e+00,2.066057591324257370e+00
2.300255775451660156e+00,-2.454559803009033203e+00,1.868861408067414409e+00
2.298829555511474609e+00,-2.456093072891235796e+00,1.681514925019692797e+00
2.296710252761840820e+00,-2.457630157470703125e+00,1.511013893534323582e+00
2.295897722244262695e+00,-2.457190990447998047e+00,1.293781093658761705e+00
2.293516635894775391e+00,-2.457626819610596147e+00,1.031038536145430395e+00
2.289327383041381836e+00,-2.457716941833496094e+00,8.192669640534792075e-01
2.288237333297729048e+00,-2.456692934036254883e+00,6.184370736282142067e-01
2.286348342895507812e+00,-2.455739259719848633e+00,4.364982005161563983e-01
2.284718036651611772e+00,-2.453824758529663086e+00,2.442164615747975942e-01
2.283100605010986328e+00,-2.451482295989990234e+00,3.172388041308159962e-02
2.281578540802001953e+00,-2.449240684509277344e+00,-1.602403980027699015e-01
2.280355215072631836e+00,-2.445916891098022461e+00,-4.020156315292736093e-01
2.280075311660766602e+00,-2.443658113479614258e+00,-5.973445384757012366e-01
2.280311822891235796e+00,-2.441487550735473633e+00,-7.825050582231652951e-01
2.280677795410155806e+00,-2.439121723175048828e+00,-9.737318537943944197e-01
2.281450033187866211e+00,-2.437416553497314453e+00,-1.148930167462678398e+00
2.283372402191162109e+00,-2.434677600860596147e+00,-1.377339175387545911e+00
2.286189079284667969e+00,-2.432644367218017578e+00,-1.646331253443182874e+00
2.288105249404907227e+00,-2.431770801544189009e+00,-1.833571870241221591e+00
2.290786027908325195e+00,-2.431299209594726562e+00,-2.022169692062333102e+00
2.293859004974364790e+00,-2.431350946426392046e+00,-2.264782353712016416e+00
2.297307491302490234e+00,-2.432930231094360352e+00,-2.551887756542371211e+00
2.300514459609985352e+00,-2.434559345245361328e+00,-2.813805111638101319e+00
2.301929473876953125e+00,-2.435990333557128906e+00,-2.989002235250837636e+00
2.303799390792846680e+00,-2.439020156860352007e+00,3.025262589105157218e+00
2.305279731750488281e+00,-2.441741943359375000e+00,2.788817417232032358e+00
2.305756568908691406e+00,-2.444906473159790039e+00,2.538098272645262554e+00
2.305524826049804688e+00,-2.447396039962768999e+00,2.310432638276497030e+00
2.305204629898071733e+00,-2.449394702911376953e+00,2.117664838343487510e+00
2.304554939270019531e+00,-2.450860500335693359e+00,1.942950104319734361e+00
2.302612543106079102e+00,-2.453618764877319780e+00,1.690439802102164712e+00
2.300590991973876953e+00,-2.454687356948852539e+00,1.482269679096618775e+00
2.298452377319335938e+00,-2.455373525619506836e+00,1.290750662405893090e+00
2.295345067977905273e+00,-2.456032037734985352e+00,1.054416726613439437e+00
2.292428970336914062e+00,-2.455824136734008789e+00,7.973729200633078440e-01
2.290003776550292969e+00,-2.455175399780272993e+00,6.096290697942590153e-01
2.287447929382324219e+00,-2.453559398651123047e+00,3.750409617979909571e-01
2.285331964492797852e+00,-2.451240062713623047e+00,1.016916640767707020e-01
2.283270359039306197e+00,-2.448462724685668945e+00,-1.549196614446645137e-01
2.281913042068481001e+00,-2.445440530776977095e+00,-3.629730058367978129e-01
2.281561851501464844e+00,-2.445004463195800781e+00,-2.830311285300096125e-01
2.280143737792968750e+00,-2.446324110031127930e+00,-1.091799797237844039e-01
2.281261920928955078e+00,-2.447967767715454102e+00,6.943559809610169720e-02
2.282416820526123047e+00,-2.449755907058715820e+00,2.651557231539728998e-01
2.283962249755859819e+00,-2.451464653015136719e+00,4.949306603856320486e-01
2.286059617996215820e+00,-2.452265262603760210e+00,6.982831019213197044e-01
2.288010597229003906e+00,-2.453245639801025391e+00,9.210084852483255702e-01
2.290604591369628906e+00,-2.452917337417602539e+00,1.117019853992711420e+00
2.293463468551636186e+00,-2.452054023742675781e+00,1.371301977637692904e+00
2.296175956726074219e+00,-2.450684785842895508e+00,1.642117770600235449e+00
2.298414945602416992e+00,-2.448559999465942383e+00,1.886759457017376018e+00
2.299352407455444336e+00,-2.445920228958129883e+00,2.142015376717216313e+00
2.299474239349364790e+00,-2.442805767059326172e+00,2.353481468637022012e+00
2.226361513137817383e+00,-2.378591060638428178e+00,2.442627344910202503e+00
2.151736974716186523e+00,-2.315068721771239790e+00,2.433903400948326912e+00
2.079466581344604492e+00,-2.252038717269897017e+00,2.425093186315004701e+00
2.024872064590454102e+00,-2.204282760620117188e+00,2.299771879169036026e+00
2.024381160736083984e+00,-2.205060482025146484e+00,2.088433580422705660e+00
2.023528337478637695e+00,-2.207337379455566406e+00,1.894240158060741308e+00
2.023060083389282227e+00,-2.208488225936889648e+00,1.682818395140432077e+00
2.020407438278198242e+00,-2.210110664367675781e+00,1.461286358816945574e+00
2.018167972564697266e+00,-2.210599422454833984e+00,1.210449547822010308e+00
2.015055418014526367e+00,-2.210911512374877930e+00,1.020574223210098941e+00
2.012074232101440430e+00,-2.210254669189453125e+00,7.555136979691048360e-01
2.008364439010620117e+00,-2.208996057510375977e+00,5.033605647985908149e-01
2.006496667861938477e+00,-2.207164287567138672e+00,3.150905447441293972e-01
2.004150152206420898e+00,-2.205334901809692383e+00,4.875817542091819695e-02
2.001884222030640093e+00,-2.202133893966674805e+00,-2.025125209043892871e-01
2.000834465026855469e+00,-2.198876142501831055e+00,-4.770043494238374593e-01
2.000463724136352539e+00,-2.196356534957885742e+00,-7.093124032556950009e-01
2.000739097595214844e+00,-2.193161010742187500e+00,-9.712447549079855635e-01
2.001714229583739790e+00,-2.190429687500000000e+00,-1.136633099030106564e+00
2.002455949783325195e+00,-2.188995599746704102e+00,-1.344303309047624184e+00
2.004528522491455078e+00,-2.187218904495239702e+00,-1.535830775630071976e+00
2.006548404693603516e+00,-2.186620473861694336e+00,-1.732133773470630800e+00
2.008554220199584961e+00,-2.186199903488159180e+00,-1.932071260542577607e+00
2.011072874069213867e+00,-2.186372041702270508e+00,-2.143948581575840340e+00
2.013279914855957031e+00,-2.186782836914062500e+00,-2.346753093275153912e+00
2.015759944915771484e+00,-2.187678337097167969e+00,-2.530407747474764601e+00
2.017799139022827148e+00,-2.189005374908447710e+00,-2.743489826439006851e+00
2.019223928451538086e+00,-2.190233230590820312e+00,-2.921572697171808120e+00
2.020558118820190430e+00,-2.192180871963500977e+00,-3.134199380341946561e+00
2.021476030349731445e+00,-2.193791627883911133e+00,2.958188054955445789e+00
2.022241830825805664e+00,-2.195791244506835938e+00,2.772522842916716801e+00
2.022348403930664062e+00,-2.197540283203125000e+00,2.588712141591035909e+00
2.022574186325072798e+00,-2.199421405792236328e+00,2.413529327798091817e+00
2.022411346435546875e+00,-2.201301097869873047e+00,2.221902274649966369e+00
2.022131681442260742e+00,-2.203483819961547852e+00,2.001378432724922884e+00
2.020824432373046875e+00,-2.205261945724487749e+00,1.802250281174960778e+00
2.018851757049560547e+00,-2.206824064254760742e+00,1.593626686013261962e+00
2.016950130462646484e+00,-2.207510232925415039e+00,1.415198406094787531e+00
2.015120267868041992e+00,-2.207798957824707031e+00,1.228718428728937662e+00
2.013128519058227539e+00,-2.207752227783203125e+00,1.040365852863619045e+00
2.010554790496826172e+00,-2.207219600677490234e+00,8.372398867209434048e-01
2.008073329925537109e+00,-2.206389188766479492e+00,6.523624512953882792e-01
2.007665872573852539e+00,-2.204923391342163086e+00,4.939791588039623149e-01
2.006960630416870117e+00,-2.203434467315673828e+00,2.816615552050593108e-01
2.005977869033813032e+00,-2.201758146286010742e+00,6.661983674246510501e-02
2.004197359085083008e+00,-2.199808120727539062e+00,-1.103127777497460021e-01
2.002973318099976030e+00,-2.197875261306762695e+00,-3.010077952421241765e-01
2.001945257186889648e+00,-2.195129394531250000e+00,-5.110675877918553489e-01
2.001850366592407227e+00,-2.193114042282104492e+00,-6.946331661471769614e-01
2.067908763885498047e+00,-2.260184288024902344e+00,-8.065553725109237959e-01
2.140151739120483398e+00,-2.336182832717895508e+00,-8.059746427552475501e-01
2.214321374893188477e+00,-2.413918495178222656e+00,-8.050829691580116965e-01
2.265342235565185103e+00,-2.467014074325561079e+00,-8.824402783589110344e-01
2.326448440551757812e+00,-2.544380903244018555e+00,-8.957385459640052616e-01
2.391071796417236328e+00,-2.623541116714477095e+00,-8.792308986232911794e-01
2.466675281524658203e+00,-2.703804969787597656e+00,-7.876897438941962148e-01
2.487638711929321289e+00,-2.724229097366333008e+00,-9.225444114275476171e-01
2.492985248565673828e+00,-2.732887983322143999e+00,-9.277777634036902255e-01
2.552277088165283203e+00,-2.813312053680419922e+00,-9.301334115528572255e-01
2.617626190185546875e+00,-2.900934219360352007e+00,-9.305580359951991509e-01
2.681431531906127930e+00,-2.986698389053344727e+00,-9.329171682724496373e-01
2.743539571762084961e+00,-3.071221590042114258e+00,-9.324439264303959751e-01
2.805804491043090820e+00,-3.155929565429687500e+00,-9.341226943863487620e-01
2.866055488586425781e+00,-3.237259864807128906e+00,-9.340173244586263968e-01
2.928160905838012695e+00,-3.321028709411621094e+00,-9.319336788502892155e-01
2.941636562347412109e+00,-3.340391397476196289e+00,-7.928977072357500377e-01
2.941470384597778320e+00,-3.341701984405517578e+00,-6.204501645091774487e-01
2.941271543502808061e+00,-3.343408107757568359e+00,-4.265447624723160969e-01
2.941714286804199219e+00,-3.345639467239379883e+00,-2.162517519526865883e-01
2.943243026733398438e+00,-3.347340822219848633e+00,6.833423654793000131e-04
2.944947242736816406e+00,-3.349175691604614258e+00,1.785858583655164922e-01
2.946012258529663086e+00,-3.350322484970092773e+00,3.648372180795017017e-01
2.945907592773437056e+00,-3.351406097412109375e+00,5.389707118191983115e-01
2.947957992553710938e+00,-3.352672815322875977e+00,7.793488030728541460e-01
2.950509786605834961e+00,-3.352870464324951172e+00,9.768069471103894008e-01
2.953003644943237305e+00,-3.352486133575439453e+00,1.218441042851072575e+00
2.954757928848266602e+00,-3.352320194244384766e+00,1.400246676602443285e+00
2.957369804382324219e+00,-3.351102828979492188e+00,1.642920548228027799e+00
2.958647966384888139e+00,-3.349720716476440430e+00,1.823736043173053600e+00
2.960030078887939453e+00,-3.347653388977050781e+00,2.049968251503726968e+00
2.960554122924804688e+00,-3.345267534255981001e+00,2.258538541742252104e+00
2.960854768753052202e+00,-3.342870950698852539e+00,2.484508537339042977e+00
2.960183858871459961e+00,-3.340659618377685103e+00,2.717533435309547496e+00
2.959233283996582031e+00,-3.337891817092895508e+00,2.975382570814557592e+00
2.957738637924194336e+00,-3.335270404815673828e+00,-3.069363821754439225e+00
2.955543279647827148e+00,-3.333147525787353072e+00,-2.859020241537723717e+00
2.953921556472778320e+00,-3.331413507461547852e+00,-2.632703000584132091e+00
2.951485872268676758e+00,-3.330087184906005859e+00,-2.436861143982155031e+00
2.948936939239501953e+00,-3.329210519790649414e+00,-2.215791817036350864e+00
2.946623802185058594e+00,-3.329519987106323242e+00,-2.030809545612783928e+00
2.944085597991943803e+00,-3.329981565475463867e+00,-1.805966170042951680e+00
2.941864728927612305e+00,-3.331159114837646484e+00,-1.592517665755520895e+00
2.940432548522949219e+00,-3.333053588867187500e+00,-1.412608142470330064e+00
2.939026832580566406e+00,-3.334627151489257812e+00,-1.223807473811036939e+00
2.938618421554564986e+00,-3.340077400207519531e+00,-1.062149840937722578e+00
2.989173889160155806e+00,-3.430984973907470703e+00,-1.063603667199347624e+00
3.041476249694824219e+00,-3.525933504104614258e+00,-1.065862218910657244e+00
3.092948913574218750e+00,-3.619769334793090820e+00,-1.065720573355560807e+00
3.146054506301879883e+00,-3.716244697570800781e+00,-1.067421438813361156e+00
3.181637048721313032e+00,-3.781831741333007812e+00,-9.710341219855384010e-01
3.181708335876464844e+00,-3.783677339553833008e+00,-7.914324087940585173e-01
3.181984424591064453e+00,-3.785375118255615234e+00,-5.901977527020328962e-01
3.182326078414916992e+00,-3.787509918212890181e+00,-3.804675627869892884e-01
3.183195829391479492e+00,-3.789369344711304155e+00,-1.641678401379592089e-01
3.184237957000732422e+00,-3.791148662567138228e+00,2.510801003395979683e-02
3.185799121856689009e+00,-3.792941808700561523e+00,2.369938803083387890e-01
3.187354326248168945e+00,-3.794730901718140093e+00,4.522022081038457042e-01
3.189439058303833008e+00,-3.795880794525146484e+00,6.406502255214676644e-01
3.191571235656738281e+00,-3.796375513076782227e+00,8.392090701962110488e-01
3.193826198577880859e+00,-3.796571016311645508e+00,1.019380000957005095e+00
3.196737527847290039e+00,-3.796501398086547852e+00,1.245932322420858052e+00
3.198740005493164062e+00,-3.796078443527221680e+00,1.456794778441502958e+00
3.200516462326049805e+00,-3.794451713562012163e+00,1.638082919200418042e+00
3.202160120010375977e+00,-3.793137311935424805e+00,1.844371629957903602e+00
3.203473806381225586e+00,-3.791438579559326172e+00,2.052822530732721251e+00
3.203927278518676758e+00,-3.789192914962768999e+00,2.228140287147088117e+00
3.203804969787597656e+00,-3.786999702453612837e+00,2.439143655239381037e+00
3.203225374221801758e+00,-3.785027265548706055e+00,2.653669111067606057e+00
3.202078819274902344e+00,-3.782839298248291016e+00,2.869956473745964853e+00
3.201199531555175781e+00,-3.780839681625366211e+00,3.075884099282068185e+00
3.200331211090087891e+00,-3.779031515121459961e+00,-3.027738564796889964e+00
3.198675870895385742e+00,-3.777076959609985796e+00,-2.834856964493920994e+00
3.197356462478637695e+00,-3.775127649307250977e+00,-2.631247634342765096e+00
3.195043087005615234e+00,-3.773705244064331055e+00,-2.427381436335222187e+00
3.192182540893554688e+00,-3.772761821746826172e+00,-2.225059114501484636e+00
3.189976215362548828e+00,-3.772499799728393555e+00,-2.035098112793484848e+00
3.188064575195312500e+00,-3.772832632064819336e+00,-1.852755234102273052e+00
3.186391830444335938e+00,-3.773280858993529385e+00,-1.629535636413171895e+00
3.184036254882812500e+00,-3.774753332138061523e+00,-1.401145959305501121e+00
3.182682991027832031e+00,-3.776159763336181641e+00,-1.200779289187318799e+00
3.181581020355224609e+00,-3.778108835220336914e+00,-1.011679620538615598e+00
3.181234598159790039e+00,-3.779909849166870117e+00,-8.883502606978833649e-01
3.180502176284790039e+00,-3.780786991119384766e+00,-7.316540967887064095e-01
3.258386850357056108e+00,-3.842225551605224609e+00,-6.610234893996062011e-01
3.337368965148925781e+00,-3.903672695159912109e+00,-6.619259832634065699e-01
3.342658042907714844e+00,-3.906126260757446289e+00,-8.295337241855113009e-01
3.406978368759155718e+00,-3.984829664230346236e+00,-8.823606369859284815e-01
3.474262475967407227e+00,-4.067708969116210938e+00,-8.827500292657938230e-01
3.537912607192993164e+00,-4.145818710327148438e+00,-8.860533828420574798e-01
3.600948333740234375e+00,-4.223289489746093750e+00,-8.821652271506866816e-01
3.635346651077271396e+00,-4.263993263244628906e+00,-1.052808558643798742e+00
3.636620044708251953e+00,-4.261938571929931641e+00,-1.287948723502803761e+00
3.638629198074340820e+00,-4.260051727294921875e+00,-1.500530039720544995e+00
3.640583276748656782e+00,-4.259290695190429688e+00,-1.744803543921546574e+00
3.643343687057495117e+00,-4.258815765380859375e+00,-1.985578589418949047e+00
3.646992683410644975e+00,-4.259266853332520419e+00,-2.231574281401304205e+00
3.650163650512695312e+00,-4.260190486907958984e+00,-2.410657796184267454e+00
3.650299072265625000e+00,-4.261241436004638672e+00,-2.611037008856813113e+00
3.652309894561768022e+00,-4.262632369995117188e+00,-2.810180404630408191e+00
3.654629468917847124e+00,-4.265458106994628906e+00,-3.077489620825225813e+00
3.655660152435303178e+00,-4.267568588256835938e+00,3.017414802742530711e+00
3.657233238220214844e+00,-4.270045757293701172e+00,2.782290647098358161e+00
3.657799243927001953e+00,-4.272236824035644531e+00,2.578376098003881012e+00
3.658053398132324219e+00,-4.275061130523681641e+00,2.383482184229828160e+00
3.657705545425415039e+00,-4.277483463287353516e+00,2.156847887007228959e+00
3.656845092773437500e+00,-4.279353618621826172e+00,1.963460545708828775e+00
3.654944419860839844e+00,-4.281447887420654297e+00,1.751030590299617495e+00
3.653148174285888672e+00,-4.282936573028564453e+00,1.574741598967960510e+00
3.651341915130615234e+00,-4.284062385559082031e+00,1.385919445650414694e+00
3.649179935455321822e+00,-4.284477710723876953e+00,1.198823413778113078e+00
3.645209074020385742e+00,-4.284162521362304688e+00,8.946857592856038988e-01
3.642174005508422852e+00,-4.283236503601074219e+00,6.274454530946890207e-01
3.639971017837524858e+00,-4.282059669494628906e+00,4.370138633846483156e-01
3.637802362442016602e+00,-4.280399799346923828e+00,2.268588787819960928e-01
3.636085033416748047e+00,-4.277755260467529297e+00,-3.937789354810460052e-02
3.634993553161621094e+00,-4.275840282440185547e+00,-2.294873278987063225e-01
3.633839845657348633e+00,-4.272424221038818359e+00,-5.349060773229137311e-01
3.633500337600708008e+00,-4.269446849822998047e+00,-8.007402613891326792e-01
3.633856534957885742e+00,-4.267342090606689453e+00,-9.905782599129243637e-01
3.635515928268432617e+00,-4.264149665832520419e+00,-1.294991822147790073e+00
3.638072490692138228e+00,-4.262029647827148438e+00,-1.565678256775963506e+00
3.640312910079956055e+00,-4.261115550994873047e+00,-1.756901135790776225e+00
3.643979787826538086e+00,-4.260519981384277344e+00,-2.007607732148121826e+00
3.645986080169677734e+00,-4.261026382446289062e+00,-2.212378905073753010e+00
3.649606227874755859e+00,-4.261809825897216797e+00,-2.404186981747070462e+00
3.604718685150146484e+00,-4.299405574798583984e+00,-2.291988914004972067e+00
3.602489709854125977e+00,-4.299512863159179688e+00,-2.096503254061302002e+00
3.600877523422241211e+00,-4.299415111541748047e+00,-1.899621056912335515e+00
3.598590850830078125e+00,-4.300101757049560547e+00,-1.710031444198808481e+00
3.596803188323974609e+00,-4.301008701324462891e+00,-1.514396856169549999e+00
3.604898929595947266e+00,-4.394421100616455078e+00,-1.533109210011522006e+00
3.606308698654174805e+00,-4.393532276153564453e+00,-1.706561443968358960e+00
3.607754230499268022e+00,-4.393689632415772373e+00,-1.891019909130908339e+00
3.609770774841308594e+00,-4.393411636352539062e+00,-2.076452730955832049e+00
3.605834007263184038e+00,-4.401411056518554688e+00,-2.227560289758498069e+00
3.542783260345458984e+00,-4.480535030364990234e+00,-2.232791951259489149e+00
3.502773284912109375e+00,-4.530823230743408203e+00,-2.376477449225067762e+00
3.428966999053955078e+00,-4.592055797576904297e+00,-2.456825887456776769e+00
3.350631237030029297e+00,-4.655431270599365234e+00,-2.455055174596850520e+00
3.279023885726928711e+00,-4.713791370391845703e+00,-2.460041767213964725e+00
3.202453374862670898e+00,-4.775939464569091797e+00,-2.460634902059250617e+00
3.189562797546386719e+00,-4.789679050445556641e+00,-2.618725502371188174e+00
3.190451383590698242e+00,-4.791966438293457031e+00,-2.820712051489711492e+00
3.191016674041748047e+00,-4.794690132141113281e+00,-3.016826385344158812e+00
3.189527988433837891e+00,-4.797408580780029297e+00,3.062823063924487776e+00
3.187857389450072798e+00,-4.798851490020751953e+00,2.863148677603190695e+00
3.187028408050537109e+00,-4.799512863159179688e+00,2.646018429077217959e+00
3.186378479003906250e+00,-4.799377441406250000e+00,2.457264551327186908e+00
3.187187671661376953e+00,-4.798977851867675781e+00,2.257304220667113004e+00
3.187091350555419922e+00,-4.797522068023681641e+00,2.079742962502072690e+00
3.185598134994506836e+00,-4.790491580963134766e+00,1.930097276561271169e+00
3.177625417709350586e+00,-4.762759685516357422e+00,1.776593179631061892e+00
3.176719427108764648e+00,-4.758424758911132812e+00,1.601218598297870388e+00
3.175267934799194336e+00,-4.758208274841308594e+00,1.406497246982717497e+00
3.174078941345214844e+00,-4.755806446075440341e+00,1.186795091358731957e+00
3.174238204956054688e+00,-4.751768589019775391e+00,1.000747957830243839e+00
3.175441980361938477e+00,-4.746987819671630859e+00,8.118898327238878165e-01
3.190898656845092773e+00,-4.728942871093750000e+00,6.544667140855855436e-01
3.265068054199218750e+00,-4.674786090850830078e+00,6.006530650944422733e-01
3.297898769378662109e+00,-4.654317855834960938e+00,4.726552765182847060e-01
3.299878358840942383e+00,-4.650547504425048828e+00,2.827610612330812012e-01
3.298922777175903764e+00,-4.648863315582275391e+00,6.230948030379550306e-02
3.298001766204833984e+00,-4.646198749542236328e+00,-1.619829175704650126e-01
3.297779083251953125e+00,-4.644813060760498047e+00,-3.749900888204641958e-01
3.296298265457153320e+00,-4.642809867858886719e+00,-6.260059836740817785e-01
3.295513629913330078e+00,-4.641526699066162109e+00,-8.174751496657413075e-01
3.295110464096069336e+00,-4.639581680297851562e+00,-1.033086763339454706e+00
3.295389413833618164e+00,-4.637589454650878906e+00,-1.220905588290437827e+00
3.295849084854125977e+00,-4.636250972747802734e+00,-1.406267817457500735e+00
3.298943996429443803e+00,-4.634814739227294922e+00,-1.663413865074233167e+00
3.301602602005004883e+00,-4.634097576141357422e+00,-1.942433112282618390e+00
3.304182767868041992e+00,-4.634798049926757812e+00,-2.135921509408281072e+00
3.306367158889770508e+00,-4.635530948638916016e+00,-2.362994800294587971e+00
3.269778013229370117e+00,-4.668197154998779297e+00,-2.379424515675601981e+00
3.259871721267700195e+00,-4.678214550018311435e+00,-2.363410708224362278e+00
3.259439229965209961e+00,-4.679952621459960938e+00,-2.403549470633660423e+00
3.253175020217895508e+00,-4.682968616485595703e+00,-2.238310592427996681e+00
3.190043926239013672e+00,-4.761295318603515625e+00,-2.246249425829621948e+00
3.125988245010375977e+00,-4.840797901153564453e+00,-2.248129872787564487e+00
3.062834024429321289e+00,-4.918730735778808594e+00,-2.247122550231478666e+00
2.997985601425170898e+00,-4.998550891876220703e+00,-2.249722283408056800e+00
2.931989431381225586e+00,-5.079876422882080078e+00,-2.249428326637741282e+00
2.867189884185791016e+00,-5.160250186920166016e+00,-2.249939499367950901e+00
2.804012537002563477e+00,-5.237947463989257812e+00,-2.193768310212498296e+00
2.765467405319213867e+00,-5.295893669128417969e+00,-2.013724898634880134e+00
2.752192974090576172e+00,-5.326906204223632812e+00,-1.826793537480920770e+00
2.745039701461791992e+00,-5.357405185699462891e+00,-1.636091739891585961e+00
2.745226383209228516e+00,-5.390108108520507812e+00,-1.429792052214757581e+00
2.751889467239379883e+00,-5.417814254760742188e+00,-1.248681379760230303e+00
2.764416217803955078e+00,-5.447322368621826172e+00,-1.099363368240475092e+00
2.773771286010742188e+00,-5.462932109832763672e+00,-8.905151537381497118e-01
2.775793075561523438e+00,-5.464302062988281250e+00,-6.634469725982873323e-01
2.777101039886474609e+00,-5.465797424316406250e+00,-4.847061848454907729e-01
2.789621353149414062e+00,-5.472429275512695312e+00,-3.184994785457829214e-01
2.790124654769897017e+00,-5.473911285400390625e+00,-1.252875879416961991e-01
2.791532754898071733e+00,-5.477343082427978516e+00,1.246999001388463951e-01
2.792421817779541016e+00,-5.481019496917724609e+00,3.562542292477511308e-01
2.804691076278686523e+00,-5.478222370147705078e+00,5.542554258868908068e-01
2.807386398315429688e+00,-5.480986595153808594e+00,8.158300937830301747e-01
2.808995723724364790e+00,-5.481356143951416016e+00,9.963513248804620748e-01
2.811886310577392578e+00,-5.481669425964356357e+00,1.223777904406409656e+00
2.814451694488525391e+00,-5.480546951293945312e+00,1.489152142756496877e+00
2.815531969070434570e+00,-5.478828907012940341e+00,1.681796054023287690e+00
2.816848278045654297e+00,-5.476840019226074219e+00,1.856963211833336347e+00
2.816384792327880859e+00,-5.475226402282714844e+00,2.055198687911727440e+00
2.815018892288208008e+00,-5.472342491149902344e+00,2.295100488928249582e+00
2.807763814926147461e+00,-5.463584423065185547e+00,2.474202444349808516e+00
2.796262264251708984e+00,-5.455687522888183594e+00,2.621481637832054012e+00
2.760294198989868164e+00,-5.434346675872802734e+00,2.502347731566322508e+00
2.744179010391235796e+00,-5.419940471649169922e+00,2.325932187619829783e+00
2.744635581970214844e+00,-5.421514511108398438e+00,2.099219411307487793e+00
2.744370222091674805e+00,-5.422658920288085938e+00,1.889468450852739512e+00
2.745077610015869141e+00,-5.423305988311767578e+00,1.703687181995652056e+00
2.743842124938964844e+00,-5.422914505004882812e+00,1.495378205806376704e+00
2.741850376129150391e+00,-5.421043395996093750e+00,1.286150247158940774e+00
2.740262746810913086e+00,-5.418981075286865234e+00,1.095304730496657220e+00
2.741648912429809570e+00,-5.412837028503417969e+00,9.050508084208923609e-01
2.755033969879150391e+00,-5.396495342254638672e+00,7.319074590303985550e-01
2.754385232925415039e+00,-5.393328666687011719e+00,5.411454721069784979e-01
2.753480672836304155e+00,-5.391300678253173828e+00,3.586550290041724542e-01
2.752283573150634766e+00,-5.389946937561035156e+00,1.822429509866803909e-01
2.750341653823852539e+00,-5.387222766876220703e+00,-5.585629548923239096e-02
2.750081777572631836e+00,-5.384565353393554688e+00,-2.603779246569187800e-01
2.749343633651733398e+00,-5.382035255432128906e+00,-4.956052283633541333e-01
2.747607707977294922e+00,-5.379717826843261719e+00,-7.188962930599628320e-01
2.746298074722290039e+00,-5.378072738647460938e+00,-9.121713533594821843e-01
2.744684219360352007e+00,-5.375910758972167969e+00,-1.135277398193908160e+00
2.743730545043945312e+00,-5.373866558074951172e+00,-1.360878907363165968e+00
2.744687080383300781e+00,-5.372503757476806641e+00,-1.547276137389455686e+00
2.746239423751831055e+00,-5.371640682220458984e+00,-1.763632755813546948e+00
2.748841047286987749e+00,-5.371170043945312500e+00,-1.990599680794390425e+00
2.750939607620239702e+00,-5.371885776519775391e+00,-2.183428376223735423e+00
2.752960443496704102e+00,-5.374153614044189453e+00,-2.407258868728808121e+00
2.754874467849731445e+00,-5.376938819885253906e+00,-2.635350900164614263e+00
2.756822824478149414e+00,-5.379567146301269531e+00,-2.893491949060460033e+00
2.758547782897949219e+00,-5.381888389587402344e+00,-3.133449078617631223e+00
2.759942770004272461e+00,-5.383868694305419922e+00,2.926167465696289050e+00
2.760608911514282227e+00,-5.385240077972412109e+00,2.748061372985982853e+00
2.760661602020264116e+00,-5.387383937835693359e+00,2.505210931840791133e+00
2.761099815368652344e+00,-5.389447212219238281e+00,2.279952598706022293e+00
2.762501001358031782e+00,-5.390720367431640625e+00,2.102425326542249007e+00
2.764487504959106445e+00,-5.392824172973632812e+00,1.861850467605112858e+00
2.763939142227172852e+00,-5.394836902618408203e+00,1.635637409078831706e+00
2.762809514999389648e+00,-5.395694732666015625e+00,1.458856957666947674e+00
2.759632349014282227e+00,-5.395750999450683594e+00,1.218294639644692312e+00
2.756446838378906250e+00,-5.394737243652343750e+00,9.615336188622876090e-01
2.753968238830566406e+00,-5.390881061553955078e+00,7.345405565850845475e-01
2.752331256866455078e+00,-5.387698650360107422e+00,5.001630615647802980e-01
2.842728137969970703e+00,-5.344848155975341797e+00,4.082713284097091444e-01
2.935511112213134766e+00,-5.307137489318847656e+00,3.126566560148557050e-01
3.032757043838500977e+00,-5.281017780303955078e+00,1.726943643316915245e-01
3.110600233078002930e+00,-5.273080825805664062e+00,-1.049105369016220014e-02
3.160551786422729048e+00,-5.276950359344482422e+00,-1.539380132808214063e-01
3.258788585662841797e+00,-5.296753883361816406e+00,-1.868581082546701966e-01
3.264178991317749023e+00,-5.297631263732910156e+00,3.841862125074999978e-04
3.363366365432739702e+00,-5.289976596832275391e+00,1.056491077413296009e-01
3.464672565460205078e+00,-5.279764175415039062e+00,1.022707534705575988e-01
3.565328836441040039e+00,-5.268295764923095703e+00,1.899367187753835950e-01
3.661366939544677734e+00,-5.238481044769287109e+00,3.452594177418096266e-01
3.756262063980102983e+00,-5.205284118652343750e+00,3.591640036974128036e-01
3.847280263900756836e+00,-5.163037300109863281e+00,4.974405207956206221e-01
3.931763172149658203e+00,-5.109997749328613281e+00,6.028346381045157631e-01
4.005076885223388672e+00,-5.066341400146484375e+00,5.187455709810242510e-01
3.999935150146484819e+00,-5.067352294921875000e+00,3.467255097244668072e-01
3.999671459197998047e+00,-5.064748764038085938e+00,1.297537131087583007e-01
3.998939275741577148e+00,-5.061921119689941406e+00,-1.036934944114757118e-01
3.997665643692016602e+00,-5.060344696044921875e+00,-3.438080713396944876e-01
3.996370553970336914e+00,-5.058230400085449219e+00,-5.748849693674910055e-01
3.994277715682983843e+00,-5.056581497192382812e+00,-8.425882275997812476e-01
3.993066787719727007e+00,-5.054618358612060547e+00,-1.043601990230767385e+00
3.993126392364501953e+00,-5.053232669830322266e+00,-1.281503624165374999e+00
3.994317293167113814e+00,-5.052009582519531250e+00,-1.482435104989180186e+00
3.996002197265625000e+00,-5.062202453613281250e+00,-1.664726099540871029e+00
3.997944116592407227e+00,-5.062403678894042969e+00,-1.855860719657429270e+00
4.001135826110839844e+00,-5.062941551208496094e+00,-2.103731110226763068e+00
4.002671241760253906e+00,-5.062884807586669922e+00,-2.280669917184229956e+00
4.005009651184082031e+00,-5.065793514251708984e+00,-2.556211030516825300e+00
4.006930351257324219e+00,-5.068552970886231357e+00,-2.749367895209482882e+00
3.990645170211791992e+00,-5.075634956359863281e+00,-2.920390362953126040e+00
3.991909503936768022e+00,-5.076977729797363281e+00,-3.099735735935792658e+00
3.992147445678710938e+00,-5.078360080718994141e+00,2.995394723454886776e+00
3.993168830871582031e+00,-5.079670429229736328e+00,2.818224361839650971e+00
3.993624925613403320e+00,-5.081512451171875000e+00,2.635753388431121280e+00
3.994779825210571289e+00,-5.082995414733886719e+00,2.456050466954549982e+00
3.995390176773071289e+00,-5.084737300872802734e+00,2.271690206615204044e+00
3.996861696243286133e+00,-5.086553573608398438e+00,2.090043940497420039e+00
3.997638940811156782e+00,-5.088276386260986328e+00,1.910265944163350049e+00
3.997336387634276900e+00,-5.089882850646972656e+00,1.734041053854695535e+00
3.996687173843383789e+00,-5.091373443603515625e+00,1.552607295665400899e+00
3.995676755905151811e+00,-5.092741966247558594e+00,1.372180476490481915e+00
3.994036436080932617e+00,-5.090714931488037109e+00,1.192336937811971920e+00
3.992341041564940962e+00,-5.088940143585205078e+00,1.002323045408635815e+00
3.990626096725463867e+00,-5.088239192962647373e+00,8.208610774508486863e-01
3.988976478576660156e+00,-5.085604667663574219e+00,6.432680685511883434e-01
3.987759590148925781e+00,-5.083115100860595703e+00,4.584926413087968000e-01
3.988538503646850586e+00,-5.080256462097167969e+00,2.667762162461239650e-01
3.988068819046020952e+00,-5.078207492828369141e+00,7.011696730453340076e-02
3.986733198165893555e+00,-5.077036857604980469e+00,-1.336869087787432020e-01
3.986028432846068892e+00,-5.074882984161376953e+00,-3.352214122259414841e-01
4.000959396362304688e+00,-5.080921173095703125e+00,-5.466285819207905572e-01
3.999769926071166992e+00,-5.079254627227783203e+00,-7.501101302837015483e-01
3.999305725097655806e+00,-5.077398777008056641e+00,-9.574726112597636840e-01
3.998015642166137695e+00,-5.075335025787353516e+00,-1.183349762901050983e+00
3.997839450836181641e+00,-5.073475837707520419e+00,-1.405394380799957821e+00
3.998982906341552734e+00,-5.072249889373779297e+00,-1.598015045583217830e+00
4.000032901763916016e+00,-5.070549011230468750e+00,-1.781633960530064176e+00
4.001790046691895419e+00,-5.069935321807861328e+00,-1.961592327101190358e+00
4.003885746002197266e+00,-5.070679187774658203e+00,-2.143640964614803135e+00
4.005625724792480469e+00,-5.072760105133056641e+00,-2.332235902859611798e+00
3.989287137985229492e+00,-5.088941097259521484e+00,-2.470032740524668036e+00
3.909992694854735884e+00,-5.151154041290283203e+00,-2.467979025528069581e+00
3.827772855758666992e+00,-5.214488506317138672e+00,-2.565472372729416417e+00
3.733189821243286133e+00,-5.264854431152343750e+00,-2.720817297948044722e+00
3.692612409591674805e+00,-5.279664993286132812e+00,-2.756952760726438356e+00
3.597820758819580078e+00,-5.314171791076660156e+00,-2.768623095627565700e+00
3.515551567077636719e+00,-5.354410648345947266e+00,-2.563885468777354681e+00
3.477583169937133789e+00,-5.384231090545654297e+00,-2.356042836334856005e+00
3.446315765380859819e+00,-5.421915531158447266e+00,-2.140385081590997718e+00
3.423635721206665039e+00,-5.466162204742431641e+00,-1.924775806439249948e+00
3.411252737045288086e+00,-5.511843204498291016e+00,-1.718308780342967079e+00
3.408436059951782227e+00,-5.558083534240722656e+00,-1.513008932925989702e+00
3.416065692901611772e+00,-5.607266902923583984e+00,-1.325618042104754091e+00
3.431012630462646484e+00,-5.650228500366210938e+00,-1.148181153288879930e+00
3.455255746841430664e+00,-5.692979335784912109e+00,-9.543431842558983691e-01
3.493232488632202148e+00,-5.735089778900146484e+00,-7.474800697150115747e-01
3.522935390472412109e+00,-5.759095191955566406e+00,-6.823046032301186559e-01
3.574491024017333984e+00,-5.811626911163330078e+00,-8.533848329320180559e-01
3.593259811401367188e+00,-5.834117412567138672e+00,-7.042914447300140379e-01
3.631197690963745117e+00,-5.865514278411865234e+00,-5.522406123750672746e-01
3.637594461441040039e+00,-5.870062351226806641e+00,-3.636343205590671923e-01
3.645917415618896928e+00,-5.873892784118652344e+00,-1.985099119882290930e-01
3.744155406951903853e+00,-5.889811038970947266e+00,-1.867442633848119260e-01
3.842150211334228960e+00,-5.907593250274658203e+00,-1.986291387196293945e-01
3.862761020660399947e+00,-5.912001609802246094e+00,-4.269590222363459781e-02
3.962474584579468218e+00,-5.912177562713623047e+00,7.047375705115301037e-03
4.026201248168945312e+00,-5.906987190246582031e+00,1.613190884955323090e-01
4.117896556854248047e+00,-5.894188404083251953e+00,1.952709737905279977e-02
4.162025928497314453e+00,-5.889461994171142578e+00,1.924729293887476045e-01
4.187303066253662109e+00,-5.882799148559570312e+00,3.821110711641538260e-01
4.199110984802246094e+00,-5.876999378204345703e+00,5.719090421409281921e-01
4.247962951660156250e+00,-5.842973709106445312e+00,6.043478659758964033e-01
4.285281181335449219e+00,-5.816696643829345703e+00,4.192447882857531227e-01
4.377192974090576172e+00,-5.776207447052001953e+00,4.257179858172202569e-01
4.441425323486328125e+00,-5.739580154418945312e+00,5.905116851298322089e-01
4.526449203491210938e+00,-5.676232814788818359e+00,6.925923130256306237e-01
4.583199977874755859e+00,-5.622936725616455078e+00,8.043970843587078257e-01
4.598171710968017578e+00,-5.608313560485839844e+00,9.384226454268486117e-01
4.599818706512451172e+00,-5.608004093170166016e+00,1.140122745288211226e+00
4.601196765899658203e+00,-5.609532356262207031e+00,1.342844082277676598e+00
4.603255748748779297e+00,-5.610043525695800781e+00,1.564519736001217520e+00
4.604634284973144531e+00,-5.609724521636962891e+00,1.742307861658480173e+00
4.606227397918701172e+00,-5.609231948852539062e+00,1.956237191684607968e+00
4.607681751251220703e+00,-5.608523845672607422e+00,2.166331290761069006e+00
4.608859539031982422e+00,-5.606976032257080078e+00,2.404658061786950185e+00
4.609392642974853516e+00,-5.604853153228759766e+00,2.619458528314728696e+00
4.584938526153564453e+00,-5.591305732727050781e+00,2.726256390250693329e+00
4.584094047546386719e+00,-5.589382648468017578e+00,2.903581590368450982e+00
4.580299377441406250e+00,-5.587802886962890625e+00,2.936616656407005976e+00
4.561701297760009766e+00,-5.583605289459228516e+00,2.766630362997884784e+00
4.562304496765136719e+00,-5.585409641265869141e+00,2.584596407849746758e+00
4.562574386596679688e+00,-5.587397098541259766e+00,2.404213932924204933e+00
4.550025463104248047e+00,-5.573912143707275391e+00,2.236665086428649918e+00
4.537316799163818359e+00,-5.558572769165039062e+00,2.427319135415482609e+00
4.531822204589843750e+00,-5.553050041198730469e+00,2.607782394713854757e+00
4.531475067138671875e+00,-5.550999641418457031e+00,2.817688704402595778e+00
4.530053615570068359e+00,-5.548678874969482422e+00,2.993480428378303415e+00
4.527913093566895419e+00,-5.546783924102783203e+00,-3.102193832478375768e+00
4.524840831756591797e+00,-5.545160293579101562e+00,-2.899710650986025762e+00
4.521815776824951172e+00,-5.543926239013671875e+00,-2.705333469065172913e+00
4.519981861114501953e+00,-5.542447090148925781e+00,-2.512753344498237063e+00
4.516746997833251953e+00,-5.541893482208251953e+00,-2.314768530947053815e+00
4.455713748931884766e+00,-5.615153312683105469e+00,-2.170887438080932430e+00
4.419957637786865234e+00,-5.662620544433593750e+00,-2.328718674128413380e+00
4.344880104064941406e+00,-5.730027675628662109e+00,-2.414428654487036141e+00
4.269522666931152344e+00,-5.795792579650878906e+00,-2.417538237978372084e+00
4.190912723541259766e+00,-5.864776134490966797e+00,-2.415485665647381097e+00
4.114512443542480469e+00,-5.932304382324218750e+00,-2.415599381301362314e+00
4.034476757049560547e+00,-6.000911235809326172e+00,-2.469348008929314719e+00
3.963436841964721680e+00,-6.049934387207031250e+00,-2.637987883648783782e+00
3.896524429321289062e+00,-6.081316947937011719e+00,-2.786272534780077414e+00
3.809146881103516069e+00,-6.106479167938232422e+00,-2.972014901671248044e+00
3.719139099121093750e+00,-6.115483283996582031e+00,3.129468919784625935e+00
3.636104345321655273e+00,-6.108939647674560547e+00,2.970564875891729795e+00
3.604259967803955078e+00,-6.103678703308105469e+00,2.798730175180674795e+00
3.595568180084228516e+00,-6.100446224212647373e+00,2.609827693844170238e+00
3.588164329528808594e+00,-6.096127033233642578e+00,2.427956377765184914e+00
3.585414886474609375e+00,-6.094333648681640625e+00,2.197453820248262968e+00
3.585224628448486328e+00,-6.094651699066162109e+00,1.997836375402403997e+00
3.584563255310058594e+00,-6.096621513366699219e+00,1.812167784028726469e+00
3.583547830581665039e+00,-6.097732067108154297e+00,1.609915712249559538e+00
3.581414461135864258e+00,-6.098380088806152344e+00,1.371046677226259947e+00
3.579651117324829102e+00,-6.098496437072753906e+00,1.196220401518567122e+00
3.577436208724976030e+00,-6.097816467285156250e+00,9.691370298809047767e-01
3.582389354705810547e+00,-6.089178085327148438e+00,8.186664735431063988e-01
3.600088834762572798e+00,-6.072996139526367188e+00,6.222420179112678751e-01
3.629195690155028853e+00,-6.053809165954589844e+00,4.722952535466420909e-01
3.630367994308472124e+00,-6.052139282226562500e+00,2.579332231209500170e-01
3.629633426666260210e+00,-6.050327777862548828e+00,5.577851511947620744e-02
3.628256559371947798e+00,-6.047876358032226562e+00,-1.336375723456801889e-01
3.627048730850220171e+00,-6.045482635498046875e+00,-3.411009382619349939e-01
3.626066207885742188e+00,-6.042807102203369141e+00,-5.903399300378927572e-01
3.625363349914550781e+00,-6.040608882904052734e+00,-7.797350061202050764e-01
3.625269412994384766e+00,-6.038537502288818359e+00,-9.571996201896811884e-01
3.625859975814819336e+00,-6.036458969116210938e+00,-1.180930218928120334e+00
3.626522302627563921e+00,-6.034631729125976562e+00,-1.358803183445473683e+00
3.628522634506225586e+00,-6.031878948211669922e+00,-1.550442169420166438e+00
3.628936052322388139e+00,-6.040198802947998047e+00,-1.724527719993470321e+00
3.630096912384033203e+00,-6.040662288665772373e+00,-1.902821416499564489e+00
3.631638526916503906e+00,-6.040582180023193359e+00,-2.082540150895336062e+00
3.582720518112182617e+00,-6.115726947784423828e+00,-2.243948874635405932e+00
3.509399175643920898e+00,-6.189284324645996094e+00,-2.400535422170921862e+00
3.429907083511352539e+00,-6.255976200103759766e+00,-2.485622384441938060e+00
3.341598272323608398e+00,-6.318895339965820312e+00,-2.545589041371120853e+00
3.253524780273437056e+00,-6.374409198760986328e+00,-2.601475958690005363e+00
3.160237789154052734e+00,-6.427602291107177734e+00,-2.654799288252091216e+00
3.071344375610352007e+00,-6.472171783447265625e+00,-2.702038509363580143e+00
2.982399463653564453e+00,-6.514928340911865234e+00,-2.704380498040300118e+00
2.891860961914062500e+00,-6.557552814483642578e+00,-2.706012424006271733e+00
2.798589706420898438e+00,-6.602173805236816406e+00,-2.705562638737077918e+00
2.706465721130371094e+00,-6.645753860473632812e+00,-2.714884018360702811e+00
2.699932336807250977e+00,-6.649779796600341797e+00,-2.891898589208240722e+00
2.701703310012817383e+00,-6.651542186737060547e+00,-3.056658274061212932e+00
2.633294105529785156e+00,-6.656509876251220703e+00,3.045413974644783917e+00
2.614873409271239790e+00,-6.654179096221923828e+00,2.861669072328460128e+00
2.595726966857910156e+00,-6.647484302520751953e+00,2.688859971800827697e+00
2.521610260009765625e+00,-6.605527877807617188e+00,2.524806140937473131e+00
2.516526937484741211e+00,-6.602581501007080078e+00,2.345460504824723014e+00
2.512175559997558594e+00,-6.598689556121826172e+00,2.168128488875594950e+00
2.508458614349364790e+00,-6.593438148498535156e+00,1.988662276461890421e+00
2.506045818328857422e+00,-6.588060855865479404e+00,1.809434535069685657e+00
2.504361391067504883e+00,-6.578709125518798828e+00,1.619877798310600081e+00
2.503929615020751953e+00,-6.570809841156005859e+00,1.443594724094025894e+00
2.504959106445312500e+00,-6.564285278320312500e+00,1.266289720050003620e+00
2.506812810897827148e+00,-6.557402133941650391e+00,1.086496032723268224e+00
2.510177612304687500e+00,-6.550845146179199219e+00,9.073429331646544194e-01
2.516456127166748047e+00,-6.543175220489501953e+00,7.243141345720366386e-01
2.526211500167846680e+00,-6.534941673278808594e+00,5.424928381076573602e-01
2.534706592559814453e+00,-6.529487609863281250e+00,3.646114457608006787e-01
2.551730632781982422e+00,-6.523565292358398438e+00,1.823037139141482910e-01
2.559199333190917969e+00,-6.521443843841552734e+00,4.052810381815499796e-03
2.568414211273193359e+00,-6.521131038665772373e+00,-1.851552361564708093e-01
2.576506853103637695e+00,-6.522377490997314453e+00,-3.618185284247216749e-01
2.586929082870483398e+00,-6.526354312896728516e+00,-5.397600979310569480e-01
2.600996017456054688e+00,-6.536011219024658203e+00,-6.879696728727686672e-01
2.642163515090942383e+00,-6.570290088653564453e+00,-8.468286304910906948e-01
2.655262947082519531e+00,-6.587328910827636719e+00,-1.012941582825813924e+00
2.656134366989136186e+00,-6.587421417236328125e+00,-1.196504356614778608e+00
2.657517910003662109e+00,-6.587777137756347656e+00,-1.406275476185611772e+00
2.658706665039062500e+00,-6.589096069335937500e+00,-1.602754027494389444e+00
2.659795761108398438e+00,-6.590644359588623047e+00,-1.788086157086679506e+00
2.660959243774414062e+00,-6.592885017395020419e+00,-1.996763753044902723e+00
2.661862850189208984e+00,-6.595131874084472656e+00,-2.183262675172342515e+00
2.661423921585083008e+00,-6.598271846771240234e+00,-2.392785641833582222e+00
2.660617113113403764e+00,-6.601477622985839844e+00,-2.588688530292634571e+00
2.659450769424438477e+00,-6.604351997375488281e+00,-2.772143405100004454e+00
2.657430410385131836e+00,-6.607210636138916016e+00,-2.982441669895141256e+00
2.594579458236694336e+00,-6.613722324371337891e+00,3.131224394385190735e+00
2.555588006973266602e+00,-6.612072944641113281e+00,2.968868714314542689e+00
2.550368309020996094e+00,-6.612140178680419922e+00,2.789862647409514729e+00
2.543213605880737305e+00,-6.610096931457520419e+00,2.603883304943572785e+00
2.537272453308105025e+00,-6.607748508453369141e+00,2.442453260863341136e+00
2.512974500656127930e+00,-6.587423324584960938e+00,2.287837376758207419e+00
2.510960340499877930e+00,-6.585718154907226562e+00,2.107848655304946472e+00
2.510869741439819780e+00,-6.587446689605712891e+00,1.924624270057859965e+00
2.508032560348510742e+00,-6.578535556793212891e+00,1.780879139924419707e+00
2.489594221115112305e+00,-6.482005596160888672e+00,1.807999080744068898e+00
2.487698316574096680e+00,-6.471698284149169922e+00,1.982682140514752778e+00
2.473484992980957031e+00,-6.443161010742188388e+00,2.139087670924381346e+00
2.472862958908081055e+00,-6.440663337707520419e+00,2.316718615301262663e+00
2.470881700515747070e+00,-6.437798023223876953e+00,2.496543474656563788e+00
2.468131542205810547e+00,-6.434918403625488281e+00,2.607912527673296399e+00
2.450109481811523438e+00,-6.421779632568359375e+00,2.455002775359747869e+00
2.371842145919799805e+00,-6.358457565307617188e+00,2.452995263049373875e+00
2.301454544067382812e+00,-6.300814628601074219e+00,2.640940254398230547e+00
2.299704313278198242e+00,-6.298132896423339844e+00,2.851831632549667983e+00
2.297672510147094727e+00,-6.295367717742919922e+00,3.038853894066857908e+00
2.294892311096191406e+00,-6.293090820312500000e+00,-3.032680037843976439e+00
2.293040752410888672e+00,-6.291167736053466797e+00,-2.789821675773732856e+00
2.290844202041625977e+00,-6.289325714111328125e+00,-2.609544048110405079e+00
2.287691354751586914e+00,-6.288326263427734375e+00,-2.389670819731052109e+00
2.285212755203247070e+00,-6.287417888641357422e+00,-2.139125469203287722e+00
2.282507896423339844e+00,-6.287893772125244141e+00,-1.894479975775456015e+00
2.279224872589111772e+00,-6.291314601898193359e+00,-1.679314604852183423e+00
2.277583122253417969e+00,-6.294947624206542969e+00,-1.482378583914589099e+00
2.277568817138671875e+00,-6.298151016235351562e+00,-1.248857340695497031e+00
2.277762889862060547e+00,-6.300209999084472656e+00,-1.072644277032237969e+00
2.278436899185180664e+00,-6.303997039794921875e+00,-8.975612190456614403e-01
2.348710536956787109e+00,-6.377076148986816406e+00,-8.057707564497553765e-01
2.420892715454101562e+00,-6.450004100799560547e+00,-8.042195932442144368e-01
2.494999647140502930e+00,-6.524651527404785156e+00,-8.049331366480172445e-01
2.568587303161621094e+00,-6.598731040954589844e+00,-7.947314857032645730e-01
2.629191637039185014e+00,-6.649804592132568359e+00,-6.088053557609806044e-01
2.629802227020264116e+00,-6.651301860809326172e+00,-4.170632472322424733e-01
2.641697883605957031e+00,-6.656342983245849609e+00,-2.550117938320766164e-01
2.686366796493530273e+00,-6.663633346557617188e+00,-1.104735422906536063e-01
2.783693075180053711e+00,-6.672924041748046875e+00,-1.152737884552060971e-01
2.797024488449096680e+00,-6.674958229064941406e+00,4.797476484860600104e-02
2.812843799591064453e+00,-6.675344467163085938e+00,2.283298199614560153e-01
2.814500331878662109e+00,-6.676797389984130859e+00,4.153341798400196905e-01
2.866601467132568359e+00,-6.650318622589111328e+00,5.517829328334578065e-01
2.905413150787353072e+00,-6.623735427856445312e+00,7.188317208085740484e-01
2.930424690246582031e+00,-6.600065708160400391e+00,8.994215745300795373e-01
2.944981813430786133e+00,-6.580966949462890625e+00,1.070286770927485698e+00
2.957005500793457031e+00,-6.557813644409179688e+00,1.250299345130530648e+00
2.968090534210205078e+00,-6.517167568206787109e+00,1.412091071311057044e+00
2.963926553726196289e+00,-6.539801120758056641e+00,1.509932157401080888e+00
2.965033531188964844e+00,-6.532007694244384766e+00,1.685092255605172396e+00
2.964107990264892578e+00,-6.509144783020020419e+00,1.614268461527638365e+00
2.967579603195190430e+00,-6.553896903991699219e+00,1.459252410930546029e+00
2.971192359924316406e+00,-6.536805629730224609e+00,1.249254523077652390e+00
2.971709728240966797e+00,-6.533158302307128906e+00,1.073622495233724106e+00
2.985023260116577148e+00,-6.512936115264892578e+00,8.993962359005660545e-01
3.003111600875854492e+00,-6.493103504180908203e+00,7.138482781104134034e-01
3.025090217590332031e+00,-6.476686477661132812e+00,5.389046098269666407e-01
3.062753438949584961e+00,-6.457211017608642578e+00,4.302208058896306309e-01
3.081420898437500000e+00,-6.447940349578857422e+00,5.112808815802628581e-01
3.115814924240112305e+00,-6.430169582366943359e+00,3.510537677326334149e-01
3.155184984207153320e+00,-6.418149948120117188e+00,1.828138391363224868e-01
3.189031124114990234e+00,-6.412096023559570312e+00,5.215182410035380106e-02
3.215326547622680664e+00,-6.411664009094238281e+00,3.125643129187059832e-02
3.216484546661376953e+00,-6.413714408874511719e+00,2.060869463225659948e-01
3.217330217361450195e+00,-6.415528774261474609e+00,3.891349030687535904e-01
3.218285083770751953e+00,-6.417605876922607422e+00,5.699438357045834014e-01
3.219937562942504883e+00,-6.419234752655029297e+00,7.737814626989210076e-01
3.222173452377319780e+00,-6.420166015625000000e+00,9.719938970528867461e-01
3.223898410797119141e+00,-6.420070171356201172e+00,1.155000618749369989e+00
3.225746870040893555e+00,-6.419881820678710938e+00,1.337881564173181159e+00
3.227645874023437056e+00,-6.418599605560302734e+00,1.536994129334671833e+00
3.228676795959472656e+00,-6.417222023010253906e+00,1.716793413018135928e+00
3.229985713958739790e+00,-6.414990425109863281e+00,1.886897767462062392e+00
3.198662757873535156e+00,-6.318708896636962891e+00,1.889503896528629268e+00
3.166316747665405273e+00,-6.218237876892089844e+00,1.886583959836808821e+00
3.134363889694213867e+00,-6.119242668151856357e+00,1.889363025524182449e+00
3.098566293716430664e+00,-6.016664981842041016e+00,1.933206926747683907e+00
3.056125402450561079e+00,-5.930236339569091797e+00,2.083520534099176036e+00
2.997706890106201172e+00,-5.850408554077148438e+00,2.265193966724620367e+00
2.951776027679443803e+00,-5.804419040679931641e+00,2.376701826665428730e+00
2.872067213058472124e+00,-5.738476753234863281e+00,2.470759982858762527e+00
2.788699865341186523e+00,-5.672015666961669922e+00,2.433000785705738522e+00
2.755144834518432617e+00,-5.636244773864746094e+00,2.232407575267138178e+00
2.731926679611206055e+00,-5.601246356964111328e+00,2.026086000965118927e+00
2.718231201171875000e+00,-5.567873001098632812e+00,1.825282523388734424e+00
2.712656021118164062e+00,-5.534958839416503906e+00,1.614640515590748837e+00
2.713412523269653320e+00,-5.507553577423095703e+00,1.435243745536122884e+00
2.718143463134765625e+00,-5.483373165130615234e+00,1.256680481745434008e+00
2.720739364624023438e+00,-5.477850914001464844e+00,1.336537004805810502e+00
2.721976757049560547e+00,-5.477120399475097656e+00,1.530487609868687038e+00
2.723126888275146484e+00,-5.475984096527099609e+00,1.710946854664726624e+00
2.724043846130371094e+00,-5.474422454833984375e+00,1.912048334390824778e+00
2.724675655364990234e+00,-5.473116397857666016e+00,2.086734606166477324e+00
2.725029230117797852e+00,-5.470746994018554688e+00,2.274814700027094183e+00
2.711698293685913086e+00,-5.456541538238525391e+00,2.451867505805211511e+00
2.633220672607421875e+00,-5.396564006805419922e+00,2.485642922939605981e+00
2.551346063613892046e+00,-5.333575248718261719e+00,2.485955727196497378e+00
2.471454143524169922e+00,-5.271734714508056641e+00,2.456178374297231848e+00
2.427996397018432617e+00,-5.233904361724853516e+00,2.286840632436626830e+00
2.427507877349853072e+00,-5.235977649688720703e+00,2.076595444334440987e+00
2.427217721939086914e+00,-5.237736225128173828e+00,1.886540864382056482e+00
2.425714731216430664e+00,-5.239579677581787109e+00,1.691139313085944895e+00
2.423572778701782227e+00,-5.240729331970214844e+00,1.439663477801366609e+00
2.421107292175292969e+00,-5.241237163543701172e+00,1.190453063749822071e+00
2.418851137161254883e+00,-5.241310596466064453e+00,9.959397641285043790e-01
2.416160821914672852e+00,-5.240469932556152344e+00,7.842743485800327541e-01
2.413416862487792969e+00,-5.238313674926757812e+00,5.184167506125142433e-01
2.411471128463745117e+00,-5.236289501190185547e+00,3.280230809588046137e-01
2.408932209014892578e+00,-5.233283519744873047e+00,2.220823593673539736e-02
2.407797813415527788e+00,-5.231019496917724609e+00,-1.526798660607590896e-01
2.406784534454345703e+00,-5.228940486907958984e+00,-3.392673535830392217e-01
2.406222343444824219e+00,-5.226515769958496094e+00,-5.311980840945670357e-01
2.405600547790527788e+00,-5.223952293395996094e+00,-7.437098788840292851e-01
2.405620813369750977e+00,-5.221218585968017578e+00,-1.012719775130156874e+00
2.406318426132202148e+00,-5.219316959381104404e+00,-1.203780345846006572e+00
2.408202171325684038e+00,-5.216547012329101562e+00,-1.508898162900560447e+00
2.410782337188720703e+00,-5.215013504028320312e+00,-1.776581312538344726e+00
2.412628412246704102e+00,-5.214606285095214844e+00,-1.956478452635365572e+00
2.414985179901123047e+00,-5.214293003082275391e+00,-2.166794136255542735e+00
2.417539596557617188e+00,-5.214941978454589844e+00,-2.362356853642026966e+00
2.419456481933593750e+00,-5.215980529785156250e+00,-2.547803945070681753e+00
2.421272754669189009e+00,-5.217636585235595703e+00,-2.725925435201661085e+00
2.423140287399291992e+00,-5.219605922698974609e+00,-2.913332647690154875e+00
2.424772500991821289e+00,-5.221847057342529297e+00,-3.131908893053110265e+00
2.425507307052612305e+00,-5.223614215850830078e+00,2.965449583318126248e+00
2.426554203033447710e+00,-5.225655555725097656e+00,2.790760993613639940e+00
2.427112340927124023e+00,-5.228030204772949219e+00,2.603258553566804689e+00
2.427106618881225586e+00,-5.230616569519042969e+00,2.388892900524970830e+00
2.427184820175170898e+00,-5.232567787170410156e+00,2.209499270129301252e+00
2.426327228546142578e+00,-5.234982967376708984e+00,2.018630129220822411e+00
2.424207925796508789e+00,-5.238473415374755859e+00,1.711674335060410446e+00
2.422193527221680132e+00,-5.239618778228759766e+00,1.536841929810395913e+00
2.420530557632446289e+00,-5.240232467651367188e+00,1.346000021831162297e+00
2.418018102645874023e+00,-5.240731239318847656e+00,1.154513683842552707e+00
2.415336847305297852e+00,-5.240870952606201172e+00,9.425345339638400155e-01
2.412380456924438477e+00,-5.239312648773193359e+00,6.756543140598159081e-01
2.410339832305908203e+00,-5.237477302551269531e+00,4.873612324592024869e-01
2.408361911773681641e+00,-5.235528945922851562e+00,3.125745896818767910e-01
2.406327962875366211e+00,-5.233330726623535156e+00,8.700895516453031886e-02
2.405488729476928711e+00,-5.231367588043212891e+00,-8.754770695569019656e-02
2.404688596725463867e+00,-5.229129791259765625e+00,-2.791436716246926131e-01
2.403891563415527788e+00,-5.225787639617919922e+00,-5.845070239243587151e-01
2.403164148330688477e+00,-5.222444534301757812e+00,-8.534824375772432914e-01
2.403416395187377930e+00,-5.220443725585937500e+00,-1.046900282347278166e+00
2.404911279678344727e+00,-5.217308521270751953e+00,-1.352836207319359829e+00
2.407079219818115234e+00,-5.215410232543945312e+00,-1.619005626554572475e+00
2.408912181854248047e+00,-5.214276313781738281e+00,-1.806419816055836458e+00
2.411348104476928711e+00,-5.213853359222412109e+00,-2.009719390689380880e+00
2.413204193115234375e+00,-5.213723182678222656e+00,-2.189816788064452346e+00
2.415778398513793945e+00,-5.214403629302978516e+00,-2.432957643303893303e+00
2.418638229370117188e+00,-5.216262817382812500e+00,-2.696906761703142141e+00
2.420593976974487749e+00,-5.218487262725830078e+00,-2.923028969002121613e+00
2.422135829925537109e+00,-5.220676422119140625e+00,3.128234149518297702e+00
2.423687458038330078e+00,-5.223434448242188388e+00,2.881570348577770169e+00
2.424624681472778320e+00,-5.225975036621093750e+00,2.664885555692514174e+00
2.424716711044311523e+00,-5.228799819946289062e+00,2.431893251160035518e+00
2.424446105957031250e+00,-5.231886386871337891e+00,2.183871471127011521e+00
2.423555850982666016e+00,-5.234565258026123047e+00,1.965248690624456840e+00
2.422105550765991211e+00,-5.236998558044433594e+00,1.715740220108925129e+00
2.420042514801025391e+00,-5.238516330718994141e+00,1.500039613759877710e+00
2.417485952377319780e+00,-5.239305973052978516e+00,1.269193304784298926e+00
2.414542198181152344e+00,-5.239817619323730469e+00,1.050468845212606084e+00
2.411478281021118164e+00,-5.239577293395996094e+00,8.020000483200462327e-01
2.409206390380859819e+00,-5.237747192382812500e+00,5.735566256621493775e-01
2.406527519226074219e+00,-5.235046863555908203e+00,3.256779295975870125e-01
2.404994249343872070e+00,-5.232963562011718750e+00,1.092004159205775815e-01
2.403753042221069336e+00,-5.230387210845947266e+00,-1.416444942600061374e-01
2.402806043624877930e+00,-5.227560997009277344e+00,-3.589321492735034758e-01
2.402370929718017578e+00,-5.224855899810791016e+00,-5.903273996033873150e-01
2.402010679244995117e+00,-5.222529411315917969e+00,-8.071129190501536987e-01
2.401890516281127930e+00,-5.219642162322998047e+00,-1.056637799199904304e+00
2.402573347091674805e+00,-5.217262268066406250e+00,-1.286672564972660249e+00
2.404107570648193359e+00,-5.215067863464356357e+00,-1.533424288776580768e+00
2.405739307403564453e+00,-5.213881969451904297e+00,-1.748719762487330298e+00
2.408696174621582031e+00,-5.213332176208496094e+00,-1.996790803969005212e+00
2.411255598068237305e+00,-5.213073253631591797e+00,-2.216393897743048402e+00
2.413636922836304155e+00,-5.213929176330566406e+00,-2.448741670721108044e+00
2.416482686996459961e+00,-5.215571880340576172e+00,-2.686438793271318737e+00
2.419255495071411133e+00,-5.217628955841064453e+00,-2.862845208736938041e+00
2.420456409454345703e+00,-5.219421863555908203e+00,-3.045179611912704143e+00
2.421497583389282227e+00,-5.220770359039306641e+00,3.049062734120900675e+00
2.421961307525634766e+00,-5.222486972808837891e+00,2.869673047732106408e+00
2.422689914703369141e+00,-5.224380493164063388e+00,2.685861390322072051e+00
2.423053741455078125e+00,-5.227044105529785156e+00,2.507548302055990774e+00
2.423096895217895508e+00,-5.229282379150390625e+00,2.323702399932898732e+00
2.391234874725341797e+00,-5.187137126922607422e+00,2.170005337230850095e+00
2.370013952255249023e+00,-5.145573139190673828e+00,2.029068757484635999e+00
2.370154380798339844e+00,-5.143985748291015625e+00,2.109712479779918937e+00
2.319171428680419922e+00,-5.052815914154052734e+00,2.081088119393030844e+00
2.268552303314208984e+00,-4.961188316345214844e+00,2.080402906624434944e+00
2.217299461364746094e+00,-4.868755817413330078e+00,2.080090026256926183e+00
2.165232658386230469e+00,-4.774580478668212891e+00,2.078998364658903863e+00
2.113965511322021040e+00,-4.681976318359375000e+00,2.078549795296709135e+00
2.059865474700928178e+00,-4.583894252777099609e+00,2.077289055387185890e+00
2.008573532104492188e+00,-4.491317272186279297e+00,2.078728559509188667e+00
1.960841894149780495e+00,-4.405418395996093750e+00,2.082561473628948612e+00
1.948377609252929688e+00,-4.386096000671386719e+00,1.918306126331129624e+00
1.947968840599060059e+00,-4.387837886810302734e+00,1.737984980666242851e+00
1.944937109947204812e+00,-4.333292007446289062e+00,1.597667008774976249e+00
1.945670962333679199e+00,-4.329865455627441406e+00,1.735820097147398933e+00
1.944703340530395508e+00,-4.325608253479003906e+00,1.611118719933235077e+00
1.944828271865844727e+00,-4.228830814361572266e+00,1.459485888401349962e+00
1.958244204521179199e+00,-4.169992923736572266e+00,1.297817925254246108e+00
1.982599139213562012e+00,-4.114890575408936435e+00,1.119772003430773211e+00
2.017900466918945312e+00,-4.062334537506104404e+00,9.396263654206373772e-01
2.043713092803955078e+00,-4.035063743591308594e+00,9.010902132638431983e-01
2.045299530029296875e+00,-4.035152912139892578e+00,1.089325774410219161e+00
2.047306776046752930e+00,-4.035020828247070312e+00,1.288851866965414317e+00
2.049024105072021040e+00,-4.034312725067138672e+00,1.471502986621921361e+00
2.049271583557128906e+00,-4.007622718811035156e+00,1.633206462815745663e+00
2.046308040618896484e+00,-3.967472314834594282e+00,1.814165985453260799e+00
2.033784151077270508e+00,-3.928722381591796875e+00,1.995585884209256866e+00
2.024597167968750000e+00,-3.909186363220214844e+00,2.177653486926876436e+00
1.991945028305053711e+00,-3.867510795593261719e+00,2.314931111661515217e+00
1.958737969398498313e+00,-3.837681293487548828e+00,2.496259255863396476e+00
1.872664928436279519e+00,-3.787841796875000000e+00,2.632905500893501394e+00
1.784561514854431152e+00,-3.740034580230712891e+00,2.644008342075588658e+00
1.741377949714660645e+00,-3.717200279235839844e+00,2.799142838799198341e+00
1.740585446357727051e+00,-3.715077638626098189e+00,2.974186198891661803e+00
1.740166187286376953e+00,-3.713550567626953125e+00,-3.117018940123501114e+00
1.739253878593444824e+00,-3.711689949035644975e+00,-2.942218060363432031e+00
1.737990140914916992e+00,-3.710432767868041992e+00,-2.767086693870748793e+00
1.716941833496093750e+00,-3.718677997589111328e+00,-2.593685759732830221e+00
1.660928845405578613e+00,-3.759491443634033203e+00,-2.450645169108445653e+00
1.617358803749084473e+00,-3.800661802291870117e+00,-2.268202351479969625e+00
1.590222835540771706e+00,-3.837389469146728960e+00,-2.085456484465314730e+00
1.570603728294372559e+00,-3.877546072006225586e+00,-1.908864427140356979e+00
1.562674760818481445e+00,-3.899422883987426314e+00,-1.728628712968947934e+00
1.561156272888183594e+00,-3.900785923004150391e+00,-1.559410662369451250e+00
1.559964418411254883e+00,-3.902119159698486328e+00,-1.382185000003532727e+00
1.559080958366394043e+00,-3.903867483139038086e+00,-1.188859669080340797e+00
1.558610677719116211e+00,-3.905421018600463867e+00,-9.881237957412656314e-01
1.558593273162841797e+00,-3.907324075698852983e+00,-7.652530629850224919e-01
1.558560013771057129e+00,-3.909342288970947266e+00,-5.539978145266153398e-01
1.559073686599731445e+00,-3.911704778671264648e+00,-3.267883981037257857e-01
1.559994339942931907e+00,-3.913875579833983931e+00,-1.424856110942780696e-01
1.561541080474853516e+00,-3.916946649551392046e+00,1.198413928107266851e-01
1.563834547996520996e+00,-3.919689893722534180e+00,3.721893706323408102e-01
1.565817236900329590e+00,-3.921302318572998047e+00,5.772067535481451017e-01
1.567936778068542480e+00,-3.922554016113280806e+00,7.678786348948919427e-01
1.570142865180969238e+00,-3.923303365707397461e+00,9.506874370094401394e-01
1.572254419326782227e+00,-3.923242092132567915e+00,1.128846777033249982e+00
1.574491143226623535e+00,-3.922727108001708984e+00,1.338768936668152332e+00
1.576332211494445801e+00,-3.921770095825195312e+00,1.528985525008171198e+00
1.577654957771301270e+00,-3.920500278472900835e+00,1.712878036458973963e+00
1.579046368598937988e+00,-3.918824434280395952e+00,1.892992279066434413e+00
1.579785823822021706e+00,-3.916360616683959961e+00,2.106187464125218956e+00
1.579980611801147683e+00,-3.914321660995483398e+00,2.296321912286561684e+00
1.580197930335998313e+00,-3.911461591720581055e+00,2.491653324461265306e+00
1.579789757728576882e+00,-3.908915996551513672e+00,2.754073161886497978e+00
1.578966021537780762e+00,-3.906549215316772905e+00,2.964272514151261806e+00
1.577538251876831055e+00,-3.904525279998779297e+00,-3.127969025803325032e+00
1.575231075286865234e+00,-3.901942491531372070e+00,-2.888320205835515964e+00
1.510910034179687500e+00,-3.923576831817626953e+00,-2.723625931695543123e+00
1.484655618667602317e+00,-3.936066150665283203e+00,-2.539599106868401623e+00
1.466553330421447754e+00,-3.948532819747924805e+00,-2.356740852941772157e+00
1.451043486595153809e+00,-3.964305639266968218e+00,-2.171505932159090602e+00
1.438782572746276855e+00,-3.982298374176025391e+00,-1.987905262569066078e+00
1.430287599563598633e+00,-4.002103328704833984e+00,-1.804624256748893263e+00
1.425590634346008301e+00,-4.023126602172851562e+00,-1.621581379642820453e+00
1.424690246582031250e+00,-4.044744014739990234e+00,-1.438487543349173503e+00
1.427974104881286621e+00,-4.065946578979492188e+00,-1.255168564749750360e+00
1.434876680374145508e+00,-4.086587429046630859e+00,-1.071272908908181165e+00
1.445491194725036621e+00,-4.105155467987060547e+00,-8.894254881188259354e-01
1.459414958953857422e+00,-4.121580600738525391e+00,-7.061059437219296964e-01
1.476210832595825195e+00,-4.135487079620361328e+00,-5.224849513912184218e-01
1.495205402374267578e+00,-4.146297454833984375e+00,-3.397128609005513056e-01
1.515943169593811035e+00,-4.153234004974365234e+00,-1.558299681226603950e-01
1.537617802619934082e+00,-4.156495094299316406e+00,2.710910011095540167e-02
1.559455275535583496e+00,-4.155729293823242188e+00,2.103684915133182121e-01
1.581148386001586914e+00,-4.151221752166748047e+00,3.947777874018434385e-01
1.601373672485351562e+00,-4.142822265625000000e+00,5.771388291419156102e-01
1.619700431823730469e+00,-4.131057739257812500e+00,7.578951051626591218e-01
1.635393381118774414e+00,-4.115724086761474609e+00,9.423392222968342002e-01
1.647695183753967285e+00,-4.097771167755126953e+00,1.126775684663576804e+00
1.656601309776306152e+00,-4.078306674957275391e+00,1.308292205252609586e+00
1.662011623382568359e+00,-4.057216644287109375e+00,1.492890810451484640e+00
1.663329005241394043e+00,-4.035554409027099609e+00,1.676522014975641905e+00
1.660814285278320312e+00,-4.014237403869628906e+00,1.859335118071586912e+00
1.654010295867919922e+00,-3.993386030197143999e+00,2.044368656506216020e+00
1.643963098526000977e+00,-3.974431276321411133e+00,2.226409666718852431e+00
1.630438566207885520e+00,-3.957707881927489790e+00,2.408125562980240275e+00
1.613715648651123047e+00,-3.943336248397827148e+00,2.593733698497784790e+00
1.594929695129394309e+00,-3.932189941406250000e+00,2.776076865096150037e+00
1.574346184730529785e+00,-3.924759149551392046e+00,2.958857271918198695e+00
1.552819609642028809e+00,-3.921065807342528853e+00,-3.141229152697261551e+00
1.531033873558044434e+00,-3.921620130538940874e+00,-2.959076365605349590e+00
1.509140729904174805e+00,-3.926066875457764116e+00,-2.775476284636978708e+00
1.488706350326538086e+00,-3.934263944625855380e+00,-2.592443912002742046e+00
1.470158457756042480e+00,-3.946024179458618164e+00,-2.410339826590047085e+00
1.453868389129638894e+00,-3.960972309112548828e+00,-2.226770006391681100e+00
1.440611839294433594e+00,-3.978552818298339844e+00,-2.040952121272249009e+00
1.431143283843993919e+00,-3.997488737106323242e+00,-1.860853251911124051e+00
1.425371527671813965e+00,-4.018123149871826172e+00,-1.676913045340975295e+00
1.423336267471313699e+00,-4.039459228515625000e+00,-1.493482315398120486e+00
1.425220012664794922e+00,-4.061048984527587891e+00,-1.311432116337776455e+00
1.431112527847290039e+00,-4.081899642944335938e+00,-1.127253009004822504e+00
1.440703630447387695e+00,-4.101346492767333984e+00,-9.444252442879104148e-01
1.453464150428771973e+00,-4.118242740631104404e+00,-7.627232811157907966e-01
1.469465851783752441e+00,-4.133197307586669922e+00,-5.790134011415533077e-01
1.488124370574951172e+00,-4.145080566406250000e+00,-3.955210286967049682e-01
1.508233189582824707e+00,-4.153233051300048828e+00,-2.137261085160291063e-01
1.529671907424926758e+00,-4.157681465148925781e+00,-3.093104893172919992e-02
1.551674246788024902e+00,-4.158324241638183594e+00,1.528582022995044754e-01
1.573242664337158203e+00,-4.154857158660888672e+00,3.357835768833375978e-01
1.594073414802551270e+00,-4.147536754608154297e+00,5.194105064158046625e-01
1.613343596458435059e+00,-4.136854171752929688e+00,7.019404115058598403e-01
1.630177497863769531e+00,-4.122824192047119141e+00,8.849965954626410891e-01
1.644217491149902344e+00,-4.105723857879638672e+00,1.068744493102967263e+00
1.654425024986267090e+00,-4.086589336395263672e+00,1.251615151079525035e+00
1.661048531532287598e+00,-4.066034793853759766e+00,1.434734850704477704e+00
1.663471817970276101e+00,-4.044574737548828125e+00,1.618934960751578389e+00
1.662183046340942383e+00,-4.023136615753173828e+00,1.801457793261364904e+00
1.656830072402954102e+00,-4.002359867095947266e+00,1.985204116581098077e+00
1.647670149803161621e+00,-3.982589006423950195e+00,2.171194734269051185e+00
1.635442495346069114e+00,-3.964937210083007812e+00,2.353245819432479458e+00
1.619612336158752441e+00,-3.949890375137329102e+00,2.537376820697066382e+00
1.601196885108947754e+00,-3.937595129013061523e+00,2.722532740157656672e+00
1.581089973449707031e+00,-3.929160118103027344e+00,2.904502129697780877e+00
1.559803843498229980e+00,-3.924525499343872070e+00,3.086861846810958543e+00
1.537921190261840820e+00,-3.924033641815185547e+00,-3.012819773967720938e+00
1.516115069389343262e+00,-3.927344560623168945e+00,-2.831836918346399390e+00
1.495054960250854492e+00,-3.934624910354614258e+00,-2.647213254151683959e+00
1.463692188262939675e+00,-3.953703403472900835e+00,-2.462268854508414595e+00
1.434162974357604980e+00,-3.980012893676757812e+00,-2.284773153166181014e+00
1.410068750381469505e+00,-4.011231422424316406e+00,-2.100087232416149252e+00
1.392908811569214089e+00,-4.044583797454833984e+00,-1.924861796572540751e+00
1.381903529167175293e+00,-4.081685066223144531e+00,-1.740289412142537184e+00
1.377594232559204102e+00,-4.119913578033447266e+00,-1.559262345042637277e+00
1.380286455154418945e+00,-4.157371044158936435e+00,-1.378805133899200452e+00
1.389969706535339355e+00,-4.195025920867919922e+00,-1.197271355980125573e+00
1.405343651771545410e+00,-4.228641033172607422e+00,-1.018500468001624082e+00
1.427109003067016602e+00,-4.259191513061523438e+00,-8.400279837398070271e-01
1.454213976860046387e+00,-4.285873889923095703e+00,-6.547016168125384672e-01
1.485305309295654297e+00,-4.306596755981445312e+00,-4.780135306117195837e-01
1.520619273185729980e+00,-4.322059154510498047e+00,-2.937010868080389137e-01
1.557881474494934082e+00,-4.330708503723144531e+00,-1.122464374074172017e-01
1.595484733581542969e+00,-4.332572937011718750e+00,6.682187229901340175e-02
1.634340763092041016e+00,-4.327852725982666016e+00,2.489818420175294866e-01
1.648994445800781250e+00,-4.325795173645020419e+00,4.308568429482266815e-01
1.650425553321838379e+00,-4.327475547790527344e+00,6.136364914148334515e-01
1.652108788490295410e+00,-4.328502655029296875e+00,7.995079654044116024e-01
1.653812885284423828e+00,-4.328986644744873047e+00,9.756287111631527509e-01
1.655276536941528320e+00,-4.328737258911132812e+00,1.151115664038780073e+00
1.657356739044189675e+00,-4.328227996826171875e+00,1.352988887907445648e+00
1.659236192703247070e+00,-4.327726840972900391e+00,1.530004569150400506e+00
1.661208271980285645e+00,-4.325994491577148438e+00,1.768376854430115941e+00
1.662307977676391602e+00,-4.324223518371582031e+00,1.949231120421456298e+00
1.662812471389770508e+00,-4.322184562683105469e+00,2.124494567492878350e+00
1.663283348083496094e+00,-4.320093154907226562e+00,2.320581003174126966e+00
1.663476228713989258e+00,-4.317704677581787109e+00,2.529013120723258901e+00
1.663156032562256081e+00,-4.315593719482421875e+00,2.711011207510289900e+00
1.662430882453918457e+00,-4.313275814056396484e+00,2.919233100523825009e+00
1.661278128623962402e+00,-4.311249256134033203e+00,3.100882530106645163e+00
1.659892559051513672e+00,-4.308839797973632812e+00,-2.973709581220331799e+00
1.651101469993591309e+00,-4.308940887451171875e+00,-2.821355584305286435e+00
1.552087783813476562e+00,-4.342484474182128906e+00,-2.821850021007203946e+00
1.450633287429809570e+00,-4.376797676086425781e+00,-2.821638595211528155e+00
1.438082814216613770e+00,-4.379487514495849609e+00,-2.647645744226062359e+00
1.436539411544799805e+00,-4.378057479858398438e+00,-2.451146627641382025e+00
1.434449553489685059e+00,-4.377180099487304688e+00,-2.241604112949943772e+00
1.432642936706542969e+00,-4.376614093780517578e+00,-2.063110756408801372e+00
1.430249571800231934e+00,-4.376726150512695312e+00,-1.850034726653944306e+00
1.428140163421630859e+00,-4.378247737884521484e+00,-1.674800721114653390e+00
1.426216721534729004e+00,-4.459787845611572266e+00,-1.520958642203815936e+00
1.432695865631103516e+00,-4.510315418243408203e+00,-1.337922544649225109e+00
1.437316417694091797e+00,-4.526547431945800781e+00,-1.408649629385529067e+00
1.448474049568176492e+00,-4.562192440032958984e+00,-1.258672143602269644e+00
1.479571819305419922e+00,-4.659997463226318359e+00,-1.258554138110596021e+00
1.510269403457641602e+00,-4.757743358612060547e+00,-1.258549500322712733e+00
1.542423725128173828e+00,-4.857315063476562500e+00,-1.257724783960854076e+00
1.549309968948364480e+00,-4.874914169311523438e+00,-1.450087832703586876e+00
1.550695180892944336e+00,-4.874292373657226562e+00,-1.626272233982031246e+00
1.552496075630187988e+00,-4.873717308044433594e+00,-1.860501766966770720e+00
1.554594755172729492e+00,-4.873593807220458984e+00,-2.053317622298693301e+00
1.557100534439086914e+00,-4.873811721801757812e+00,-2.246117112118288350e+00
1.558681726455688477e+00,-4.874319553375244141e+00,-2.442971289763174347e+00
1.561218142509460449e+00,-4.875453948974609375e+00,-2.626939836095531167e+00
1.563547253608703613e+00,-4.877153873443604404e+00,-2.854675280366839818e+00
1.565644502639770508e+00,-4.879737854003906250e+00,-3.125528099287650186e+00
1.566705703735351562e+00,-4.882317066192626953e+00,2.908051700099536507e+00
1.567514538764953613e+00,-4.884768009185791016e+00,2.720024581517950679e+00
1.568379402160644309e+00,-4.886792659759521484e+00,2.513499384654949598e+00
1.568571329116821289e+00,-4.888725757598876953e+00,2.327160871590761015e+00
1.568694233894347922e+00,-4.891889095306396484e+00,2.058724075058127934e+00
1.567945241928100586e+00,-4.893573760986328125e+00,1.871075672338827545e+00
1.566556692123413086e+00,-4.895452022552490234e+00,1.657725686734352388e+00
1.565036177635192871e+00,-4.896740913391113281e+00,1.470460421157685493e+00
1.563330173492431641e+00,-4.897492408752441406e+00,1.295869030868661564e+00
1.561186909675597922e+00,-4.897804737091064453e+00,1.108910672351865134e+00
1.558804750442504883e+00,-4.897187232971191406e+00,8.938561364491152128e-01
1.556412816047668457e+00,-4.896097183227539062e+00,7.076439520880989376e-01
1.554672837257385254e+00,-4.894657135009765625e+00,5.326098126415349521e-01
1.552372574806213379e+00,-4.893268108367919922e+00,3.518586966971645746e-01
1.550363063812256081e+00,-4.891314506530761719e+00,1.504664609938931585e-01
1.548867225646972878e+00,-4.888471126556396484e+00,-9.341173806581799799e-02
1.547594308853149414e+00,-4.885744094848632812e+00,-3.398239341913711908e-01
1.546712040901184082e+00,-4.883722782135009766e+00,-5.203265886767248771e-01
1.546296238899230957e+00,-4.880868911743164062e+00,-7.452140069181777404e-01
1.546314477920532227e+00,-4.878446102142333984e+00,-9.683526070413267517e-01
1.546838998794555664e+00,-4.876138210296630859e+00,-1.210534053594858328e+00
1.548266649246215820e+00,-4.874341011047363281e+00,-1.417212470122130918e+00
1.549900650978088379e+00,-4.873084545135498047e+00,-1.621722453624053095e+00
1.552092432975769043e+00,-4.872224807739257812e+00,-1.828870950172185594e+00
1.553892254829406738e+00,-4.872179508209228516e+00,-2.014780414222836047e+00
1.555240273475646973e+00,-4.871528148651123047e+00,-1.988712231188022095e+00
1.553504347801208496e+00,-4.871995449066162109e+00,-1.809383240036488427e+00
1.551866173744201660e+00,-4.873181819915772373e+00,-1.619282507313555497e+00
1.550425052642822488e+00,-4.873826503753662109e+00,-1.436303181042085653e+00
1.549365997314453125e+00,-4.875110626220703125e+00,-1.259832755274142846e+00
1.587630629539489524e+00,-4.965673923492431641e+00,-1.124610914351189983e+00
1.636907935142517090e+00,-5.052994251251220703e+00,-1.005666611575434910e+00
1.695607423782348633e+00,-5.136672973632812500e+00,-9.563242394547956104e-01
1.754770040512084961e+00,-5.221297740936279297e+00,-9.574492963130292189e-01
1.782696723937988503e+00,-5.260102748870849609e+00,-1.126487492653771127e+00
1.783238887786865234e+00,-5.258679866790772373e+00,-1.317371425951017194e+00
1.784050822257995605e+00,-5.257181644439697266e+00,-1.497124878244950885e+00
1.785800576210021973e+00,-5.256326675415039062e+00,-1.680514252311202439e+00
1.787663817405700906e+00,-5.255362033843994141e+00,-1.881620475097603995e+00
1.789632081985473633e+00,-5.255127906799316406e+00,-2.062631210863544950e+00
1.791736841201782227e+00,-5.255369186401367188e+00,-2.254607251232223053e+00
1.793404936790466309e+00,-5.256114482879638672e+00,-2.430995927466379047e+00
1.795036196708679199e+00,-5.256752490997314453e+00,-2.614889578194301567e+00
1.796702742576599121e+00,-5.257816314697265625e+00,-2.803132029748392817e+00
1.797988653182983398e+00,-5.259548664093017578e+00,-2.983366015440311436e+00
1.799078583717346191e+00,-5.261366367340087891e+00,3.103661777489964635e+00
1.799641132354736328e+00,-5.263133049011231357e+00,2.928253183518584546e+00
1.800295591354369895e+00,-5.264772891998291016e+00,2.748324202631697410e+00
1.800834298133850098e+00,-5.266469001770020419e+00,2.572772025388340822e+00
1.801241517066955566e+00,-5.268045902252197266e+00,2.397133259280248119e+00
1.801374793052673118e+00,-5.269549846649169922e+00,2.220288275275938972e+00
1.800932884216308594e+00,-5.271279335021972656e+00,2.019255783605023780e+00
1.799933075904846191e+00,-5.272606849670410156e+00,1.818226558672044746e+00
1.798880696296691895e+00,-5.273802280426025391e+00,1.616088462161328509e+00
1.797392249107360840e+00,-5.274555683135986328e+00,1.438847381874197806e+00
1.795802354812622070e+00,-5.275124549865722656e+00,1.240375326982285920e+00
1.793847441673278809e+00,-5.275211811065673828e+00,1.049178631772671899e+00
1.792152523994445801e+00,-5.274831295013427734e+00,8.684420616486947520e-01
1.790617823600769043e+00,-5.274056434631347656e+00,6.920484483749672622e-01
1.788732051849365234e+00,-5.272930145263671875e+00,4.910304425263132266e-01
1.786905288696289062e+00,-5.271080017089843750e+00,2.932578335978162087e-01
1.785576939582824707e+00,-5.269210815429688388e+00,1.156898892623989122e-01
1.784656405448913574e+00,-5.266989707946777344e+00,-5.922796714363619958e-02
1.783735871315002441e+00,-5.264808177947998047e+00,-2.344832947883664920e-01
1.783087372779846191e+00,-5.262939453125000000e+00,-4.137497363967715946e-01
1.782564282417297363e+00,-5.261048316955566406e+00,-5.926792739825598177e-01
1.804238677024841309e+00,-5.278237342834472656e+00,-6.581253431316507196e-01
1.825102090835571511e+00,-5.293971061706542969e+00,-6.967217971606188831e-01
1.836664557456970437e+00,-5.304608345031738281e+00,-8.643368754901720186e-01
1.901765108108520508e+00,-5.381841659545898438e+00,-8.724989688737557758e-01
1.964984297752380371e+00,-5.456540107727050781e+00,-8.717975195487424056e-01
1.996315836906433105e+00,-5.492908000946044922e+00,-1.047399762570357273e+00
1.996494531631469505e+00,-5.491377830505371094e+00,-1.242335529585387954e+00
1.997489690780640093e+00,-5.489933490753173828e+00,-1.444452025401125939e+00
1.998967885971069114e+00,-5.488681793212890625e+00,-1.654350787074291063e+00
2.000362157821655718e+00,-5.487945079803466797e+00,-1.829741390187143990e+00
2.002554416656494141e+00,-5.487254142761231357e+00,-2.048522180967073059e+00
2.004764080047607422e+00,-5.487173557281494141e+00,-2.263569272890264994e+00
2.006715536117553711e+00,-5.487903594970703125e+00,-2.460868290038316086e+00
2.008981704711914062e+00,-5.488879680633544922e+00,-2.645445138668241380e+00
2.010519266128540039e+00,-5.490272045135498047e+00,-2.851944152666504806e+00
2.012214422225952148e+00,-5.492494106292724609e+00,-3.077217346939906673e+00
2.013154268264770508e+00,-5.494662761688232422e+00,3.008068316854684010e+00
2.013954639434814453e+00,-5.496734142303466797e+00,2.810829402561373591e+00
2.014199256896972656e+00,-5.499057292938232422e+00,2.582851881587016063e+00
2.014715194702148438e+00,-5.501341342926025391e+00,2.370523094273154108e+00
2.014540433883666992e+00,-5.503636837005615234e+00,2.144210855217601353e+00
2.013894319534301758e+00,-5.505546569824218750e+00,1.947279689428130789e+00
2.012253046035766602e+00,-5.507480144500732422e+00,1.722154987519840974e+00
2.010239839553833008e+00,-5.508616924285888672e+00,1.509327256959221986e+00
2.008665084838867188e+00,-5.509242057800292969e+00,1.312578084326101235e+00
2.006426811218261719e+00,-5.509613513946533203e+00,1.115258825185006630e+00
2.003529548645019531e+00,-5.509613990783691406e+00,9.268053271379711466e-01
2.004405260086060014e+00,-5.509689807891845703e+00,1.085208947409174840e+00
2.006153821945190430e+00,-5.508883953094482422e+00,1.213129477399982781e+00
2.004639625549316406e+00,-5.508746147155761719e+00,1.022715436366802733e+00
2.002643585205078125e+00,-5.508099555969238281e+00,8.185709281378578117e-01
2.000491857528686523e+00,-5.507137298583984375e+00,6.331068431048506584e-01
1.998570680618285911e+00,-5.505824565887451172e+00,4.231648241294739821e-01
1.996896147727966309e+00,-5.504349231719970703e+00,2.251003674047273861e-01
1.995354771614074707e+00,-5.502405643463134766e+00,3.912841474523830188e-02
1.994275450706481934e+00,-5.500774383544921875e+00,-1.404563201451320131e-01
1.993536114692687988e+00,-5.498709201812744141e+00,-3.275464002442615707e-01
1.992991089820861594e+00,-5.496855735778808594e+00,-5.104374013954767753e-01
2.017046928405761719e+00,-5.513162612915039062e+00,-6.413644356981943462e-01
2.038280963897705078e+00,-5.528324604034423828e+00,-5.038196149175826477e-01
2.038374900817871094e+00,-5.526254177093505859e+00,-6.872470502301406547e-01
2.038008689880371094e+00,-5.524660587310791016e+00,-8.733526834240451509e-01
2.037899732589721680e+00,-5.522831916809082031e+00,-1.048215297310769678e+00
2.038692951202392578e+00,-5.523756980895996094e+00,-9.938966133546933701e-01
2.039109706878662109e+00,-5.525573730468750000e+00,-8.153187301387054831e-01
2.039446592330932617e+00,-5.525147438049316406e+00,-9.420970215113220192e-01
2.039536714553833008e+00,-5.523492813110351562e+00,-1.131093948704775087e+00
2.039774656295776367e+00,-5.521648883819580078e+00,-1.311020758162892763e+00
2.062140941619873047e+00,-5.618080615997314453e+00,-1.339517729374923416e+00
2.067554473876953125e+00,-5.636443614959716797e+00,-1.513991321006989521e+00
2.068882465362548828e+00,-5.635520935058593750e+00,-1.705180885508895905e+00
2.070312738418579102e+00,-5.634521484375000000e+00,-1.897606409456254362e+00
2.072842359542846680e+00,-5.634454727172851562e+00,-2.104987194477408341e+00
2.074596166610717773e+00,-5.634849548339843750e+00,-2.288298404482138171e+00
2.076703071594238281e+00,-5.636053085327148438e+00,-2.480305118586713320e+00
2.078230619430541992e+00,-5.637905120849609375e+00,-2.704519268603512216e+00
2.080202579498291016e+00,-5.639830112457275391e+00,-2.921864768790332079e+00
2.082066535949707031e+00,-5.641951560974121094e+00,3.133394956364089268e+00
2.083318948745727539e+00,-5.643921852111816406e+00,2.919530128467387797e+00
2.083995580673217773e+00,-5.646246910095214844e+00,2.692734773367356116e+00
2.084711790084838867e+00,-5.648345470428466797e+00,2.477798461358534432e+00
2.023828268051147461e+00,-5.589235305786132812e+00,2.304652310524138326e+00
2.001850843429564986e+00,-5.557365417480468750e+00,2.123306724690376512e+00
1.954710006713867188e+00,-5.467776298522949219e+00,2.063873952659176059e+00
1.901329874992370383e+00,-5.381149768829345703e+00,2.146147613624874939e+00
1.847737669944763184e+00,-5.297511100769042969e+00,2.141263452627543806e+00
1.793793082237243652e+00,-5.213141441345214844e+00,2.137951416235979174e+00
1.739875793457031250e+00,-5.128509998321533203e+00,2.137229104953598746e+00
1.682434320449829102e+00,-5.039224624633789062e+00,2.139305652647122802e+00
1.627745389938354492e+00,-4.952795982360839844e+00,2.136433153375786098e+00
1.578676581382751687e+00,-4.862941265106201172e+00,2.018324587006536497e+00
1.559531331062316895e+00,-4.805536270141601562e+00,1.837536412751672454e+00
1.550628662109375000e+00,-4.736180305480957031e+00,1.660875790508417049e+00
1.544341325759887695e+00,-4.636271953582763672e+00,1.643005970511580038e+00
1.540619730949402078e+00,-4.533001899719238281e+00,1.573686426044264453e+00
1.547102212905883789e+00,-4.478311538696289062e+00,1.388712505624737581e+00
1.569464325904846191e+00,-4.407608985900878906e+00,1.204280589934147105e+00
1.594093322753906250e+00,-4.360970973968505859e+00,1.019976415688148785e+00
1.638452649116515891e+00,-4.306601524353027344e+00,8.454165612423181209e-01
1.696238040924072488e+00,-4.243160724639892578e+00,6.781693781492520445e-01
1.693856477737426758e+00,-4.242705821990966797e+00,5.095210328155636015e-01
1.692465543746948242e+00,-4.241074085235595703e+00,3.224082766385881205e-01
1.691025972366333008e+00,-4.239354133605957031e+00,1.405206753823947108e-01
1.690343618392944336e+00,-4.238813400268554688e+00,1.169524864666969116e-01
1.691619277000427246e+00,-4.240320205688476562e+00,3.167355967427722963e-01
1.692972421646118164e+00,-4.242129325866699219e+00,5.145507868586429723e-01
1.694859385490417703e+00,-4.242979526519775391e+00,6.987295901787563546e-01
1.697022676467895508e+00,-4.243804931640625000e+00,8.797229637178297645e-01
1.714586019515991211e+00,-4.220752716064453125e+00,9.915962751975272438e-01
1.728444337844848633e+00,-4.203018665313720703e+00,8.032841492577383891e-01
1.728539347648620605e+00,-4.202653408050537109e+00,7.963062807837854029e-01
