x,y,theta
2.969459811594850618e-01,-1.257096142299674035e+00,-8.483494323807418969e-01
3.415053882206595115e-01,-1.310595788259653727e+00,-7.008592101098601868e-01
3.432138716867932371e-01,-1.311225856987058291e+00,-4.933015901524734348e-01
3.445152877905503508e-01,-1.312749452329043720e+00,-2.932132984982780965e-01
3.458340047464341649e-01,-1.313542960962233996e+00,-6.336751062420274694e-02
3.468618664311005073e-01,-1.314608848155348841e+00,1.143467441612315699e-01
3.489710833575853655e-01,-1.315958639152639886e+00,3.765260886560007347e-01
3.508915989329466356e-01,-1.317671006509598230e+00,5.833976161446737807e-01
3.529984540895049761e-01,-1.318310514716175774e+00,7.677407003048776213e-01
3.629953049109771457e-01,-1.321026017858351276e+00,8.584087158658139094e-01
3.628217660869574313e-01,-1.320237952809114601e+00,6.815257988019827184e-01
3.632008175155268526e-01,-1.321512945782983284e+00,6.482179863667483222e-01
3.667816525733846866e-01,-1.324033988092721437e+00,8.357264832710206148e-01
3.699715158817582505e-01,-1.325333210929800609e+00,1.016639887197297698e+00
3.724204666586207191e-01,-1.326139345420786153e+00,1.194163985834572728e+00
3.751492227004813440e-01,-1.326719966786461535e+00,1.370713546270067029e+00
3.781973095464852275e-01,-1.326768426631624198e+00,1.569450792816756479e+00
3.811517697807740856e-01,-1.326728552916795811e+00,1.746660819346696814e+00
3.846478681035601088e-01,-1.326830541486136550e+00,1.944649640621858078e+00
3.863431393696949434e-01,-1.326139821842096556e+00,2.146214790592235744e+00
3.879976679543317708e-01,-1.325288704916279592e+00,2.347895673549337037e+00
3.889662726355390676e-01,-1.324735924962351374e+00,2.528274942203979414e+00
3.895175227949663199e-01,-1.323941033419157476e+00,2.730096333692775712e+00
3.898110009445471258e-01,-1.322875756750462317e+00,2.929312370835977397e+00
3.899223209498008380e-01,-1.322474816316228763e+00,3.119344391595737953e+00
3.900373900945697803e-01,-1.323271726827665251e+00,-2.986457381140789735e+00
3.906883899465187771e-01,-1.322676287497488445e+00,-2.810688062739022719e+00
3.906206761335216382e-01,-1.323035025789535579e+00,-2.627347938841462227e+00
3.903246899003207648e-01,-1.324319222782121219e+00,-2.426840744296547836e+00
3.899458717053416179e-01,-1.325380005972516706e+00,-2.249569553665422550e+00
3.894136220850067387e-01,-1.325885776029641638e+00,-2.073538962336690439e+00
3.890342245861536652e-01,-1.327499749122629247e+00,-1.895453810987784538e+00
3.879901723024319904e-01,-1.329342827231847934e+00,-1.692954536023266732e+00
3.880264804463410822e-01,-1.332673327398366192e+00,-1.491173112924086386e+00
3.877077062628032089e-01,-1.335528975394562057e+00,-1.289436042981247033e+00
3.886853052280919152e-01,-1.338807214480262742e+00,-1.088534350968946240e+00
3.902123841906378066e-01,-1.342242103717007806e+00,-8.848278341506806699e-01
4.630843724515216198e-01,-1.420292464419008249e+00,-7.907550490970679524e-01
5.360868141432846290e-01,-1.496458619751480423e+00,-7.905070994430004605e-01
6.084789223895952226e-01,-1.572891399452025718e+00,-7.911010771840435440e-01
6.809622750447976713e-01,-1.648635063582770899e+00,-7.930574966421549687e-01
7.538333750250634235e-01,-1.725771772723081909e+00,-7.920419423615547849e-01
7.715498766180425294e-01,-1.747486686790489907e+00,-6.181805671171662908e-01
7.728671400217316245e-01,-1.749694468443580231e+00,-6.800753137984816288e-01
7.721116365217803867e-01,-1.749901278634902635e+00,-8.622180283797417077e-01
7.720459427916416262e-01,-1.749740696639860982e+00,-1.043596409020346227e+00
7.733645167054672420e-01,-1.749534829483021081e+00,-1.225714430132958555e+00
7.743532033477819043e-01,-1.749309226223362268e+00,-1.406950165218012527e+00
7.756572407448522055e-01,-1.749366452479285350e+00,-1.594949149113432441e+00
7.764248445531194420e-01,-1.749206180391915000e+00,-1.769233522216301147e+00
7.776480215138901197e-01,-1.749604382063665531e+00,-1.950533109485838246e+00
7.789248223550760963e-01,-1.750489712367283346e+00,-2.133415147590618233e+00
7.204963093209207914e-01,-1.831059864103976809e+00,-2.244214658426888942e+00
6.570551734530930554e-01,-1.911888237596832019e+00,-2.246437163860418806e+00
5.928984146072374672e-01,-1.992275395090967072e+00,-2.249326983472024200e+00
5.705630327458148798e-01,-2.018724488592325006e+00,-2.071157214145658010e+00
5.677202405545124231e-01,-2.019832942424011790e+00,-1.888184655857924499e+00
5.658250090646793629e-01,-2.021714043118866488e+00,-1.715607516641111996e+00
5.633546106376083884e-01,-2.023828679274595199e+00,-1.535492112761959849e+00
5.618937110870155793e-01,-2.026206573432061120e+00,-1.361432412979137307e+00
5.606392987146568974e-01,-2.028231392842245739e+00,-1.307499141341950111e+00
5.606082919528406761e-01,-2.027548035643191859e+00,-1.488959018985053007e+00
5.617353084646475869e-01,-2.027831386274087766e+00,-1.667534129301184054e+00
5.619239002952493012e-01,-2.027617709305930216e+00,-1.853581623845020898e+00
5.637768990658080792e-01,-2.029416923792177752e+00,-2.035707697353795087e+00
5.648383006073247614e-01,-2.029542022415367519e+00,-2.230258569955867909e+00
4.987722823223386115e-01,-2.106327884193428535e+00,-2.303273100004362473e+00
4.908079675414441234e-01,-2.112342502800337307e+00,-2.131070085159448624e+00
4.883780520024029737e-01,-2.112174300245595493e+00,-1.949659636028087561e+00
4.859675022227938901e-01,-2.113116542198029801e+00,-1.761620919791988316e+00
4.857882819135365682e-01,-2.115710944083064593e+00,-1.583776048514745849e+00
4.848665153637542469e-01,-2.117531066587740263e+00,-1.409181479190403152e+00
4.840465892499437595e-01,-2.119799531920787405e+00,-1.227934718128967262e+00
4.834125656158393958e-01,-2.122231591147599516e+00,-1.042035351024786838e+00
4.842811045751557186e-01,-2.124758578931256636e+00,-8.685968959265520928e-01
4.851991873408201816e-01,-2.127497687046912223e+00,-6.843157647407929201e-01
4.871542785925997432e-01,-2.129990742707141838e+00,-4.988304391928624626e-01
4.887549266728266617e-01,-2.132439234757818713e+00,-3.228099686514789846e-01
4.907268928691143062e-01,-2.134957247408415082e+00,-1.375254471409527446e-01
4.923803445040662585e-01,-2.137212828832962153e+00,2.952296282624496115e-02
4.938822520859943443e-01,-2.139352462575613067e+00,2.046460204288055307e-01
4.952115609419075470e-01,-2.141305598702005764e+00,3.906095717776187359e-01
4.966021700927374383e-01,-2.141600176334070849e+00,5.681076408921297283e-01
4.983726204272331262e-01,-2.143324508386679650e+00,7.558423702400021149e-01
5.004453379830782200e-01,-2.144780536449508279e+00,9.416878285034975260e-01
5.025728084173863852e-01,-2.145205294031495402e+00,1.129761002445465179e+00
5.040338928132580554e-01,-2.144800014628860829e+00,1.307673506637871519e+00
5.056592477144628006e-01,-2.143554833101818158e+00,1.496718160218796667e+00
5.059170313362758575e-01,-2.141847605869065863e+00,1.684241740497525397e+00
5.072300607362701941e-01,-2.140255730849558002e+00,1.860926489906065129e+00
5.080405688672836595e-01,-2.138590726410317444e+00,2.041539154836720993e+00
5.074838243631303314e-01,-2.137298534874982447e+00,2.221235472151228407e+00
5.068622735437723348e-01,-2.135525982211197604e+00,2.397708081562235805e+00
5.054924013269544991e-01,-2.134061748165174688e+00,2.583172576957768918e+00
4.173492299793439830e-01,-2.087253454043276335e+00,2.651258127258557806e+00
3.547501409066205480e-01,-2.049129457744867100e+00,2.797262399168505276e+00
3.548008406864574527e-01,-2.050990834180261846e+00,2.638422459579891743e+00
3.555571789242908398e-01,-2.053042182692815576e+00,2.454980784460058185e+00
2.830702123159095085e-01,-1.987043732490507031e+00,2.398601655299952284e+00
2.074286861884189759e-01,-1.918421873471637396e+00,2.408008113352393398e+00
1.306243735377276005e-01,-1.851022135186797035e+00,2.415859416326499698e+00
5.303285658311486517e-02,-1.783332943903459533e+00,2.424679796247760866e+00
-2.490345268608049750e-02,-1.717142802982533301e+00,2.430644253817901390e+00
-2.825916074916011086e-02,-1.713241758195999775e+00,2.611358027558119854e+00
-2.838729562901291456e-02,-1.714366623054181193e+00,2.430415096997138313e+00
-2.882743079550890986e-02,-1.716065430808534131e+00,2.248409203854231819e+00
-2.951811456473781708e-02,-1.718121488530504060e+00,2.064066019683108433e+00
-3.085371245760908446e-02,-1.719736577686163281e+00,1.876107481613803696e+00
-3.269850023284136958e-02,-1.721476915180239819e+00,1.696350183732906913e+00
-3.539099904730901025e-02,-1.722750056452323264e+00,1.511100155401583489e+00
-3.782906743175815101e-02,-1.723997381934641027e+00,1.326227248282127569e+00
-4.057766322282207322e-02,-1.724849221966971768e+00,1.139791084869521187e+00
-4.346347546758645014e-02,-1.725164872653529802e+00,9.593149755425182112e-01
-4.654191996067427728e-02,-1.724667651912703326e+00,7.732463570805289121e-01
-4.978535257363046751e-02,-1.723761220331506694e+00,5.894843068358167626e-01
-5.273414126676788383e-02,-1.722513077607169540e+00,4.052425168998738947e-01
-5.566705932393180983e-02,-1.720927092141797177e+00,2.234815914577492901e-01
-5.838177348282296703e-02,-1.718959900548305386e+00,4.928105948040895079e-02
-6.092868264351079116e-02,-1.716955269066209100e+00,-1.347364904050396273e-01
-6.367190432538191724e-02,-1.715153965804909086e+00,-3.223206718757615774e-01
-6.564287714405904473e-02,-1.712502591746622116e+00,-5.092733896946158856e-01
-6.726945963009139939e-02,-1.710122805739971552e+00,-6.898168762743204230e-01
-6.837627007113401822e-02,-1.708003685805262739e+00,-8.685016930304378935e-01
-6.942786757881241888e-02,-1.705866319609891102e+00,-1.047982555620627032e+00
-6.999687066627888199e-02,-1.704145689862136548e+00,-1.224950063542374235e+00
-7.039942812896014812e-02,-1.702373901028447323e+00,-1.408200418490757944e+00
-7.022659863232834365e-02,-1.700977578011526825e+00,-1.585607421069173295e+00
-6.966984382581953295e-02,-1.699368673824547038e+00,-1.767626914240445268e+00
-6.887563805918386906e-02,-1.698391691184294450e+00,-1.944709200765293966e+00
-6.762543444795005021e-02,-1.697654335185894814e+00,-2.130309602504003585e+00
-6.555659796819095220e-02,-1.700661285005164780e+00,-2.294070822586891545e+00
-1.332707258140738704e-01,-1.778449107135008589e+00,-2.288149868942006560e+00
-1.998707932477681859e-01,-1.855152626591246134e+00,-2.282043710946441983e+00
-2.650853768636436403e-01,-1.933830165085661967e+00,-2.272177107858500467e+00
-3.306733448324828961e-01,-2.012538141417024917e+00,-2.265923786864538769e+00
-3.770835057959842640e-01,-2.073551075404324262e+00,-2.421084995590680577e+00
-3.756697951954027781e-01,-2.075622677062641142e+00,-2.604274675102547398e+00
-3.745090774676014256e-01,-2.077953788152146153e+00,-2.784145207467710215e+00
-3.734453142139687598e-01,-2.080359980041443624e+00,-2.969981767700021980e+00
-3.726005176834442656e-01,-2.082600338523112438e+00,3.131226539923917418e+00
-3.717026315711569606e-01,-2.085507224454728803e+00,2.943894294806613576e+00
-3.707267569979377786e-01,-2.088131876452794966e+00,2.746610369121710971e+00
-3.699324608332141273e-01,-2.090432525731068747e+00,2.560347501875293919e+00
-3.699722809870009121e-01,-2.092903448513151687e+00,2.378991000667166400e+00
-3.699119655692080233e-01,-2.095396531594604816e+00,2.193513178325158908e+00
-3.705857848857393999e-01,-2.097751601700891033e+00,1.995744110874303257e+00
-3.718348036777444632e-01,-2.099728348843612480e+00,1.805929874478434671e+00
-3.735088741385645950e-01,-2.101431932956327131e+00,1.625999835472907717e+00
-3.755578672593902767e-01,-2.102412811891919642e+00,1.442603774702132302e+00
-3.782407243542240671e-01,-2.103488612503142452e+00,1.227680461770824127e+00
-3.808953373055361524e-01,-2.103448745429272737e+00,1.044910572713952490e+00
-3.838744466976464764e-01,-2.102917071473551225e+00,8.459916904169318963e-01
-3.867261911753301917e-01,-2.102088941931666177e+00,6.623257448410667658e-01
-3.892530681658175062e-01,-2.100732386267569751e+00,4.822778981271638732e-01
-3.915057906486807959e-01,-2.098975026440906611e+00,2.956228970198455652e-01
-3.932760782306973235e-01,-2.097524321223971810e+00,8.466480620308051985e-02
-3.948304826411965229e-01,-2.096068790199416831e+00,-9.128893134675179766e-02
-3.963412579319890994e-01,-2.094678248418681221e+00,-2.732719097472049996e-01
-3.977368605442451188e-01,-2.093293068319530992e+00,-4.532941834617946752e-01
-3.990757336635678554e-01,-2.091793521770782149e+00,-6.390032707351656072e-01
-4.004145472088604385e-01,-2.090663117658354331e+00,-8.157884367456154084e-01
-4.013061408543738273e-01,-2.089123705604957415e+00,-9.947972505889747241e-01
-4.021494554689364898e-01,-2.087718494126894697e+00,-1.176521386191216267e+00
-4.022341625840120671e-01,-2.086503574014273887e+00,-1.361095416708141270e+00
-4.015426405599904491e-01,-2.085255468916421773e+00,-1.557421579795717603e+00
-4.003130364713391454e-01,-2.084961180231045041e+00,-1.744574001167687793e+00
-3.989722794869185463e-01,-2.084598294640922056e+00,-1.924737362482867420e+00
-3.979077996038041243e-01,-2.084922015408175344e+00,-2.101130272977309588e+00
-3.964118287211929603e-01,-2.085601415115929225e+00,-2.281615756315761967e+00
-3.948921753535797885e-01,-2.087140735868511676e+00,-2.469036004553180952e+00
-4.749089922244985051e-01,-2.146675450789161221e+00,-2.520765019298684351e+00
-5.578133720703203347e-01,-2.207117817806991678e+00,-2.517577895866902171e+00
-6.417064263210853214e-01,-2.268118659471955567e+00,-2.515174997709315630e+00
-7.253350789018337963e-01,-2.329210099235844211e+00,-2.514698167767211334e+00
-7.305705005371547767e-01,-2.330208704952155152e+00,-2.336062795060429575e+00
-7.315542596484243543e-01,-2.331178188775885562e+00,-2.151034240601872316e+00
-7.335948170941860580e-01,-2.331757798336249188e+00,-1.965829757992375804e+00
-7.356784849850031005e-01,-2.332670966082929453e+00,-1.784974620897671116e+00
-7.377013151908625721e-01,-2.335888803754307741e+00,-1.605851162787928610e+00
-7.392520737215003690e-01,-2.345148719000135440e+00,-1.423995501502736349e+00
-7.365694274272798214e-01,-2.365394168893047766e+00,-1.248131425172952724e+00
-7.011235317568047520e-01,-2.444822629350703824e+00,-1.125353152321649786e+00
-6.804039991553036959e-01,-2.516095515426819418e+00,-1.299412660028579802e+00
-6.702822529183414257e-01,-2.596194018265241876e+00,-1.474697391904741028e+00
-6.722696143797796120e-01,-2.663117514819412168e+00,-1.650701663639886130e+00
-6.801927816654336212e-01,-2.701962203883875535e+00,-1.823708022255656758e+00
-6.940609658765430900e-01,-2.738435459570804476e+00,-2.003116009855734347e+00
-7.140889816466663431e-01,-2.773379112615266706e+00,-2.179531463613523457e+00
-7.395637382453679187e-01,-2.804696223486233819e+00,-2.354107462256033401e+00
-7.805039118893413175e-01,-2.838625947921532333e+00,-2.528150561998783186e+00
-8.663597063082301153e-01,-2.894973982583926464e+00,-2.572227784602183043e+00
-9.212902857071193496e-01,-2.925682783409083054e+00,-2.748629837456164626e+00
-9.385211632393415382e-01,-2.932951533704080127e+00,-2.925016748890661766e+00
-9.554164902826770556e-01,-2.936751560546777107e+00,-3.098814589075899129e+00
-9.715972469654737820e-01,-2.937319613249561812e+00,3.014895600546625865e+00
-9.886396994994034459e-01,-2.934757138433220280e+00,2.840073421034933432e+00
-9.897427335153150540e-01,-2.935054771088694281e+00,2.897971568310642176e+00
-9.885305161653088479e-01,-2.937250735261693890e+00,2.714947835043061364e+00
-9.876151489858644439e-01,-2.939438317106024545e+00,2.528874838019656401e+00
-1.065203397576133471e+00,-2.881996746198382198e+00,2.501524536288168843e+00
-1.146856806334274781e+00,-2.820614817518894757e+00,2.502299427431295964e+00
-1.206831482485075435e+00,-2.778884784346287606e+00,2.327857983088316818e+00
-1.205798753092230502e+00,-2.775257307927986083e+00,2.459213314254954597e+00
-1.206390012370176290e+00,-2.771286978543682000e+00,2.639593170131487643e+00
-1.207198123950638191e+00,-2.767208624903027214e+00,2.826162850864530895e+00
-1.208387899311615943e+00,-2.764916543758122014e+00,3.011720825940007451e+00
-1.210283168555462696e+00,-2.763982896503805797e+00,-3.088343316418374673e+00
-1.212356155946783032e+00,-2.763544217715228513e+00,-2.901436767446869514e+00
-1.214773259600083977e+00,-2.763713577216071471e+00,-2.725520754610850638e+00
-1.217254745796365833e+00,-2.763670269431619531e+00,-2.538436384999599227e+00
-1.299689108733724785e+00,-2.826236863746787176e+00,-2.504792441919949653e+00
-1.337256692028324201e+00,-2.858043679677714444e+00,-2.663233176756508946e+00
-1.336327029989379467e+00,-2.860670700351336748e+00,-2.850951613377403770e+00
-1.335010474986058515e+00,-2.863103398815523448e+00,-3.042699051726272419e+00
-1.334220551839745861e+00,-2.865574704546566931e+00,3.060942901707132346e+00
-1.333815868496257995e+00,-2.868369325570999884e+00,2.885767649580142091e+00
-1.333376798932163432e+00,-2.871231458467379039e+00,2.707538543519731888e+00
-1.333066011877998225e+00,-2.873653121990642934e+00,2.531177699115192858e+00
-1.332275211049665398e+00,-2.876096037733827160e+00,2.332950138855678368e+00
-1.332633174146058863e+00,-2.879120127285991426e+00,2.151408424584292156e+00
-1.332721165229778348e+00,-2.881223672862830654e+00,1.965712093322392162e+00
-1.333956372088234810e+00,-2.883627176351291510e+00,1.783343512229147443e+00
-1.335648806781564391e+00,-2.885702292580276218e+00,1.601514822143800476e+00
-1.337376831551464251e+00,-2.887606937951884944e+00,1.424835757416257565e+00
-1.339345320761171632e+00,-2.889085818969668651e+00,1.248941995846901243e+00
-1.341700609309640191e+00,-2.890153892717544526e+00,1.070822446842583986e+00
-1.344102844841625899e+00,-2.891006161141592923e+00,8.884475120119447178e-01
-1.346260810432919452e+00,-2.891642480581095853e+00,7.110082063039775413e-01
-1.348352377586404360e+00,-2.892223367361563380e+00,5.328119349064420751e-01
-1.350470298668449587e+00,-2.892120174540277144e+00,3.558515072923899569e-01
-1.351928993816094549e+00,-2.892014247265900728e+00,1.737133286840954194e-01
-1.353338943666460459e+00,-2.891192249894434241e+00,-5.997654962370747161e-03
-1.354545798400977219e+00,-2.890540974010070041e+00,-1.820903727940577921e-01
-1.355516537691483947e+00,-2.890227037139347477e+00,-3.621515643105656101e-01
-1.356448228525865662e+00,-2.889800531112751703e+00,-5.442095877247067337e-01
-1.357321328562966167e+00,-2.889714556036653725e+00,-7.273391719026907065e-01
-1.356178203547097949e+00,-2.891293627949229172e+00,-9.215868496837852364e-01
-1.306296840413524452e+00,-2.978391643667484434e+00,-1.033387007095876831e+00
-1.255181477392576683e+00,-3.065972641411914168e+00,-1.033319813426254896e+00
-1.202997320741888476e+00,-3.157288417060807095e+00,-1.033608831199962053e+00
-1.163784706164618044e+00,-3.228013746333659562e+00,-8.767063415765171674e-01
-1.163711564745556037e+00,-3.227876935843846606e+00,-1.076770744393214407e+00
-1.163035318961550990e+00,-3.227287013421662021e+00,-1.255958751602406887e+00
-1.161459420131285114e+00,-3.226246083486589367e+00,-1.454139143380897448e+00
-1.159488966062116155e+00,-3.225325158549029236e+00,-1.636191485174657068e+00
-1.157284053282503944e+00,-3.225192276265656410e+00,-1.833873079502412740e+00
-1.154617216222972864e+00,-3.225503488678065800e+00,-2.048610641139010813e+00
-1.151799408467668373e+00,-3.225851176598240500e+00,-2.224792929430407185e+00
-1.149105241325256710e+00,-3.228019996896664079e+00,-2.394097494651617808e+00
-1.147462142615044201e+00,-3.229976145971656276e+00,-2.598288975206321183e+00
-1.145874499536516655e+00,-3.231613457680599932e+00,-2.778545300928142225e+00
-1.144372767358856624e+00,-3.234346356808233569e+00,-2.982296627704369651e+00
-1.143234975195075220e+00,-3.236796146072376867e+00,3.124541407969628981e+00
-1.141948850661505643e+00,-3.239299426238946733e+00,2.945615602029193258e+00
-1.141169918030115360e+00,-3.241561509575644262e+00,2.767585244400833755e+00
-1.140200199293243566e+00,-3.244590445675461066e+00,2.593778780802016737e+00
-1.139977787613665416e+00,-3.246455966440438878e+00,2.417142574346080153e+00
-1.139960354366341466e+00,-3.249618155508689821e+00,2.210666481641206271e+00
-1.140697504233088910e+00,-3.252038980867072215e+00,2.007910502633478700e+00
-1.141789359879550991e+00,-3.254369401004166384e+00,1.800053787002368511e+00
-1.143910963648230528e+00,-3.256678936724362927e+00,1.556505932218270827e+00
-1.146313502613481639e+00,-3.258164366607914531e+00,1.344128052080379332e+00
-1.149184349622154766e+00,-3.259366791005595676e+00,1.120542376053001554e+00
-1.152277596800080461e+00,-3.259326084774593291e+00,8.805299279003783175e-01
-1.155008831215720955e+00,-3.258957551490023086e+00,6.683100325767071803e-01
-1.157679671006215161e+00,-3.258302044422271226e+00,4.485840039169074478e-01
-1.160310663942527798e+00,-3.256767422057058603e+00,2.077727473774302058e-01
-1.162116800480134993e+00,-3.254710694992195119e+00,-9.682691674742532895e-03
-1.163384394436825175e+00,-3.252848719206579808e+00,-2.496480686275421024e-01
-1.164536900569995925e+00,-3.250998276508378027e+00,-4.610854666273622726e-01
-1.165321494271042368e+00,-3.248535735138426084e+00,-6.895085344068985211e-01
-1.124924275362150894e+00,-3.293473899453436715e+00,-8.419309150996301394e-01
-1.055730533951040773e+00,-3.372421730371790272e+00,-8.402969582051673658e-01
-9.852095508966098869e-01,-3.453316457036345266e+00,-8.400526530031294792e-01
-9.609716388864053549e-01,-3.484126611894101888e+00,-6.618607656078049351e-01
-9.608357387588675191e-01,-3.486974067991683413e+00,-4.774261855486726103e-01
-9.602440457169720833e-01,-3.490146507207176452e+00,-2.846230809712164134e-01
-9.592470981276536302e-01,-3.493434550304642006e+00,-1.083662527656022445e-01
-9.584103452044265836e-01,-3.496694693398950893e+00,6.679258460054045277e-02
-9.571622565425760287e-01,-3.499671396460814599e+00,2.427640439043591836e-01
-9.558759837715744556e-01,-3.502306020257232255e+00,4.217000058334830492e-01
-9.542701881743786974e-01,-3.504598251596847902e+00,5.992521963044381561e-01
-8.788046475376047884e-01,-3.443553896148552340e+00,7.187692713863217397e-01
-8.018005931642891992e-01,-3.378694270358733487e+00,7.169750448793037467e-01
-7.413095202902676428e-01,-3.325771912197131641e+00,5.578621039159603612e-01
-7.425179652563045352e-01,-3.325782097534463411e+00,3.647840239496272785e-01
-7.437424856001292328e-01,-3.324892215044772836e+00,1.734151276687533050e-01
-7.446512518170295136e-01,-3.323919955719892183e+00,-7.857679501749228329e-03
-7.455193907552656318e-01,-3.322929362964783362e+00,-1.938818648842126346e-01
-7.462460078694111987e-01,-3.322483958659907088e+00,-3.815355811815341891e-01
-7.468944062777440607e-01,-3.321959009712406097e+00,-5.582477414570644614e-01
-7.465689535591569781e-01,-3.320323014659777527e+00,-7.367356975291444732e-01
-7.458805887526445133e-01,-3.318207322397296544e+00,-9.170994822864025897e-01
-7.447802034923313164e-01,-3.316772519115461115e+00,-1.092043145812057636e+00
-7.434727563266425587e-01,-3.315088563588055148e+00,-1.276525586395008682e+00
-7.420005156157575277e-01,-3.313768532728845528e+00,-1.479932792161474442e+00
-7.403893298159416325e-01,-3.312836638158916713e+00,-1.655461415563235672e+00
-7.381586577862985221e-01,-3.311979540268892741e+00,-1.839318749441366085e+00
-7.353357913759323017e-01,-3.311631355221963613e+00,-2.042921075678890031e+00
-7.324327775475553137e-01,-3.312056338837169989e+00,-2.222869743936247922e+00
-7.301052838277738433e-01,-3.313576408057463230e+00,-2.405491920170912401e+00
-7.277463823693083311e-01,-3.314674169627847000e+00,-2.580926158339187815e+00
-7.253465790054803852e-01,-3.316281802955356905e+00,-2.798449828850034571e+00
-7.229037729713787552e-01,-3.318288154801755319e+00,-3.002517205488517860e+00
-7.211214504692098348e-01,-3.320036244858155072e+00,3.101308669436118048e+00
-7.193477276971772527e-01,-3.321745933802727091e+00,2.921767003389815986e+00
-7.179046039316202554e-01,-3.323704966283055118e+00,2.708285954812533536e+00
-7.169164388348324701e-01,-3.325804303660239380e+00,2.522933376994789700e+00
-7.161346851824895721e-01,-3.328053032223671437e+00,2.326143680624105148e+00
-7.155067696480005290e-01,-3.329954675302278400e+00,2.141448182657094801e+00
-7.156812864871541224e-01,-3.331983900000532017e+00,1.958996671571797021e+00
-7.472316693398620702e-01,-3.239347094450486964e+00,1.926883669174899172e+00
-7.812099604787983154e-01,-3.144370336611270300e+00,1.928539321785992078e+00
-8.018666450369065224e-01,-3.078283628703753827e+00,2.029719248432247269e+00
-8.025027881046677969e-01,-3.079685002317482656e+00,1.839211848181454556e+00
-8.033832511714379399e-01,-3.080968899434211927e+00,1.665244070353612438e+00
-8.052903769024900571e-01,-3.081917427584727864e+00,1.466149088325023220e+00
-8.068960760423705691e-01,-3.082624101470467171e+00,1.277281949275960837e+00
-8.084122095694536991e-01,-3.082850534805800180e+00,1.096477096411110352e+00
-8.099717467972161744e-01,-3.082499464680084511e+00,9.226460478325352321e-01
-7.438932842708984028e-01,-3.004114761201087003e+00,8.750437006596827327e-01
-6.753644658593127570e-01,-2.924454634596836300e+00,8.791683610047786868e-01
-6.097976214933634731e-01,-2.848177521937363732e+00,8.756959009876260636e-01
-5.666001556560295027e-01,-2.797349983586814748e+00,8.770621153689014404e-01
-4.981589627603221770e-01,-2.715782016457231496e+00,8.772280095407452016e-01
-4.778244757864940073e-01,-2.688982475210812684e+00,7.318391105638426541e-01
-4.789511572712450427e-01,-2.687528596773140599e+00,5.354980936143746151e-01
-4.802356709780323252e-01,-2.686518351242662472e+00,3.549196555494399385e-01
-4.813588123695846654e-01,-2.685278208350764917e+00,1.704788124527539528e-01
-4.822169111120471197e-01,-2.684082103873949965e+00,-9.261480349529303824e-03
-4.832759017977737437e-01,-2.682588245633493074e+00,-1.849557749617962710e-01
-4.837576837494153570e-01,-2.681174583794057931e+00,-3.653011417377984293e-01
-4.842587697481481324e-01,-2.680023960266315175e+00,-5.495771008853815864e-01
-4.842775763749472828e-01,-2.678720787905978007e+00,-7.325723078971079216e-01
-4.832886311290353065e-01,-2.678933768469533572e+00,-9.329000079328456652e-01
-4.214101432331210373e-01,-2.763217784982942238e+00,-9.376776975666196723e-01
-3.595758287825140953e-01,-2.846263227185920730e+00,-9.341953470551687122e-01
-2.986529690369029155e-01,-2.927339147467034053e+00,-9.336148881340192718e-01
-2.349427637596178953e-01,-3.011456847409687665e+00,-9.312984344171441053e-01
-1.850921320425540084e-01,-3.073002283338372997e+00,-1.097506563847377326e+00
-1.833706348651376605e-01,-3.072502272763567355e+00,-1.271174761063647685e+00
-1.811015715535594650e-01,-3.071765414098023950e+00,-1.469160631418064300e+00
-1.787599742176891049e-01,-3.071437414375270958e+00,-1.675976896524209225e+00
-1.762422545040692179e-01,-3.071313903874529849e+00,-1.852752184591717866e+00
-1.734509546906301825e-01,-3.071500551057425810e+00,-2.035304542256799909e+00
-1.711710961156955868e-01,-3.072296279616001602e+00,-2.217158841065799191e+00
-1.683193035962509965e-01,-3.073932949824158545e+00,-2.421527831639097794e+00
-1.656795422540320029e-01,-3.075733925252909895e+00,-2.599921676667718451e+00
-1.632808857899403776e-01,-3.077911369452781098e+00,-2.802458624519782227e+00
-1.608638794857517318e-01,-3.080130966381944280e+00,-2.996451700977685206e+00
-1.587152401608918628e-01,-3.082746267972817922e+00,3.083130796201742019e+00
-1.567294775883282254e-01,-3.085555760479775866e+00,2.916530563715287183e+00
-1.559539911655239419e-01,-3.087103083486165023e+00,2.700210785521707013e+00
-1.553620679832863616e-01,-3.089930709134591336e+00,2.508273722868113342e+00
-1.545107977222703044e-01,-3.092748099141076512e+00,2.300754092274297946e+00
-1.542341002607394984e-01,-3.095324588110138997e+00,2.106845755303277556e+00
-1.543734259709843848e-01,-3.097656763672124836e+00,1.904473009828893337e+00
-1.549553466785844325e-01,-3.099941289776703357e+00,1.696839954271495143e+00
-1.557826977107867050e-01,-3.101152675706869921e+00,1.504300026104459231e+00
-1.569922312890739691e-01,-3.102600809605690291e+00,1.303041460296492149e+00
-1.584452099866660579e-01,-3.103475852573668980e+00,1.092257406476918158e+00
-1.600905799575730315e-01,-3.103471210301652849e+00,8.977329771701663130e-01
-1.613604070599156115e-01,-3.103014085016717605e+00,6.890885673881274043e-01
-1.622625051885131509e-01,-3.102082988772551175e+00,4.947245264012371524e-01
-1.632575917314574854e-01,-3.100911959911314852e+00,2.910396760658227611e-01
-1.640480910472786047e-01,-3.099590885651926087e+00,9.620176239404705509e-02
-1.646881601591484168e-01,-3.097741255869978616e+00,-1.129864219583347346e-01
-1.646221806836142276e-01,-3.095851302644360370e+00,-3.141481882373560186e-01
-1.648194141001411428e-01,-3.094076883278555901e+00,-5.246219522912926037e-01
-1.644614349628238936e-01,-3.092446981313207832e+00,-7.147675958582642153e-01
-9.309432369164657994e-02,-3.161865216721758021e+00,-8.047043591249773975e-01
-2.037705500881742057e-02,-3.235324584348624910e+00,-8.025335866349695424e-01
5.243001395210095811e-02,-3.309678859391154582e+00,-8.055302357803908464e-01
7.950732477494296124e-02,-3.339119004715201733e+00,-6.369870364145436836e-01
8.157748267273547127e-02,-3.340982983649637195e+00,-4.534319508661991960e-01
8.336650512030267801e-02,-3.342594993901194300e+00,-2.715829745948136753e-01
8.567587663933132203e-02,-3.344607298102201476e+00,-6.835202792138614369e-02
8.812364386249070536e-02,-3.346523715725639558e+00,1.241600432409318555e-01
9.067504278683877206e-02,-3.348458540020434526e+00,3.059669905756161046e-01
9.356949653413731971e-02,-3.349584846841701768e+00,4.843248147640916157e-01
1.834219090156591903e-01,-3.300012485425136699e+00,5.334436994493748641e-01
2.747767325326609944e-01,-3.247935730559494694e+00,5.344218245599614558e-01
3.641004484037884126e-01,-3.196702008045636312e+00,5.373260011858453922e-01
4.531434756908984118e-01,-3.144754434506098484e+00,5.395799984908536961e-01
5.424433924454099554e-01,-3.092003719645724402e+00,5.441050874829722606e-01
6.308180216552201625e-01,-3.039158562564162391e+00,5.486624811867419904e-01
6.331164797765851393e-01,-3.036946581509178511e+00,3.803348714725563462e-01
6.331773920264753830e-01,-3.036029455892684581e+00,2.075861401027166153e-01
6.331473105917453381e-01,-3.034810138169366400e+00,2.750449390573718109e-02
6.332062469703763075e-01,-3.033575423747596922e+00,-1.543176950417596560e-01
6.334246815317284840e-01,-3.032057175761730949e+00,-3.298220718566171050e-01
6.341836221078841485e-01,-3.030771278391458878e+00,-5.274627394850399664e-01
6.346897117303405000e-01,-3.029744239895112656e+00,-7.265540152606667634e-01
6.351052291751493328e-01,-3.028854385806439176e+00,-9.017298572756896613e-01
6.363495538522220274e-01,-3.028008098529605618e+00,-1.103024908001932092e+00
6.382900770904343934e-01,-3.027014108566908668e+00,-1.291250176680703188e+00
6.400589945053936081e-01,-3.026581218163125531e+00,-1.469556237223503814e+00
6.422996314389742833e-01,-3.026375110917757461e+00,-1.644371797460574935e+00
6.449900216454643731e-01,-3.026809127204601158e+00,-1.844633546975823490e+00
6.474870493884258282e-01,-3.027451706958645961e+00,-2.019689295875569446e+00
6.497386787735084379e-01,-3.028627734999725707e+00,-2.196200964337052586e+00
6.520345381976875299e-01,-3.029925683706228501e+00,-2.373802402402748868e+00
6.540734745174928699e-01,-3.031706718718010674e+00,-2.551936672174497822e+00
6.560800746204747957e-01,-3.033746653471915522e+00,-2.745034775953451245e+00
6.577503410947851403e-01,-3.036063099459468173e+00,-2.921085103311517717e+00
6.590168244288536759e-01,-3.038131566555617891e+00,-3.111477470272379531e+00
6.603191645155820355e-01,-3.040076646181120612e+00,2.995026646126522252e+00
6.614477632507794747e-01,-3.042277001531340730e+00,2.802741558569221691e+00
6.626261833558733105e-01,-3.044196584252776727e+00,2.616886763340357192e+00
6.633205217455263591e-01,-3.045935866512995638e+00,2.441097279527418618e+00
6.637930605076552970e-01,-3.048004200384811124e+00,2.237110006232854609e+00
6.634823388896965435e-01,-3.049615155646708153e+00,2.033825154505062738e+00
6.633333532253484766e-01,-3.051386949589022901e+00,1.831384784403773391e+00
6.624778161144249111e-01,-3.052538493303314837e+00,1.658414036759673360e+00
6.615863822052209242e-01,-3.053394424947629027e+00,1.477845863995265852e+00
6.607332390269173850e-01,-3.053807109016665855e+00,1.301729152336889017e+00
6.594678439103572876e-01,-3.053878957608646694e+00,1.100945428096314904e+00
6.585612054446784436e-01,-3.053523105533046067e+00,9.229164680095366391e-01
6.568381521360507902e-01,-3.051933414388965371e+00,7.225879850403155169e-01
7.354056485788514896e-01,-2.989856963179613469e+00,6.541458125003697388e-01
8.164843854539556300e-01,-2.927912575119949512e+00,6.541900133306892684e-01
8.982556967285940663e-01,-2.865637057840053625e+00,6.536993178130993121e-01
9.804928938165271557e-01,-2.803268997715561817e+00,6.526252852342599997e-01
1.003777608036680702e+00,-2.788512614067256035e+00,8.253880169670633205e-01
1.005854096937569553e+00,-2.789068554600770522e+00,1.000082808440171389e+00
1.007985289793576156e+00,-2.788979228186114767e+00,1.179690824345194899e+00
1.009914004620470429e+00,-2.788262391421332254e+00,1.354155550916274153e+00
1.011515141100786552e+00,-2.787288306199220855e+00,1.541446757781056665e+00
1.013211503012944048e+00,-2.786019551160479946e+00,1.719295565579320062e+00
1.014591862451580839e+00,-2.784756208972014146e+00,1.904113688379219793e+00
1.015712432391306708e+00,-2.783208546185388155e+00,2.089113437125989847e+00
1.015965255301543912e+00,-2.780803186732557553e+00,2.300180614895522613e+00
1.016117876199790215e+00,-2.778666387189116627e+00,2.503879094864493116e+00
1.015915420659127433e+00,-2.776651018008532645e+00,2.683072876383688854e+00
1.015747897818585876e+00,-2.774716010750746698e+00,2.862301861499886524e+00
1.014598780567566250e+00,-2.772292499174168867e+00,3.078357240253000615e+00
1.013814325085550250e+00,-2.770301994551578773e+00,-3.007460512723432178e+00
1.012546144747660248e+00,-2.768330223768741938e+00,-2.821273634441980871e+00
1.011104170960806181e+00,-2.767031130525062999e+00,-2.642737963156497116e+00
1.009399802555634773e+00,-2.765774041099347436e+00,-2.461986663805107778e+00
1.007547567134020827e+00,-2.764776596384940888e+00,-2.243951877377682091e+00
1.005601506975227988e+00,-2.764131682712587246e+00,-2.065397959619591717e+00
1.003784335589803289e+00,-2.764465521050269103e+00,-1.890797041752232621e+00
1.001756143926000986e+00,-2.764807868144070202e+00,-1.710807471525785939e+00
1.000007884541674885e+00,-2.765401692283564472e+00,-1.524133747492111279e+00
9.991460886531972063e-01,-2.766631352153736234e+00,-1.345686021915288411e+00
9.986390324403296992e-01,-2.767867688892582390e+00,-1.170951377176462804e+00
9.982233758758325415e-01,-2.769760274373216369e+00,-9.912123255320706150e-01
9.980620906405842652e-01,-2.771449784364754532e+00,-8.055254824164751470e-01
9.986211345956615970e-01,-2.773131354284980254e+00,-6.256653902368648490e-01
9.990661295169116496e-01,-2.774647506104566563e+00,-4.505052259779547263e-01
9.997395072243008274e-01,-2.776391259312895432e+00,-2.698701407122692242e-01
1.000774909596870765e+00,-2.778286094065033573e+00,-8.407587030722538102e-02
1.002142663529859812e+00,-2.780329027500693773e+00,1.134762627093098414e-01
1.003752854910624936e+00,-2.782027146127494799e+00,2.990129917992602193e-01
1.005489559032299862e+00,-2.783470197589620998e+00,4.801150236361287349e-01
1.007618477878964081e+00,-2.784317532766027004e+00,6.593629361946866663e-01
1.082990988882159833e+00,-2.716959480058673382e+00,7.497274205924312485e-01
1.156842046562674753e+00,-2.650309241868383126e+00,7.412851590594963236e-01
1.232631025929239676e+00,-2.581612216100368062e+00,7.415136872379737287e-01
1.307240621721007301e+00,-2.514970942176852464e+00,7.343852303544788906e-01
1.319671553504404349e+00,-2.506006357021796749e+00,9.093312976735169473e-01
1.321545732868422141e+00,-2.505650164788484791e+00,1.089559767881151275e+00
1.323556932086373372e+00,-2.505370815271264817e+00,1.266162805588653795e+00
1.325197077937919188e+00,-2.504768484681120455e+00,1.447123242897997208e+00
1.327009821054111915e+00,-2.503848824950406282e+00,1.635424939412326584e+00
1.328531618061898456e+00,-2.502548730611940719e+00,1.833561533787238185e+00
1.329337032733746815e+00,-2.501247751175464273e+00,2.010207282145937135e+00
1.330193091385830417e+00,-2.499715552702399535e+00,2.213582791350958701e+00
1.330401680531117403e+00,-2.497880653838188358e+00,2.402097396750379588e+00
1.330640778004632319e+00,-2.495694231037964173e+00,2.618943256321482504e+00
1.329994973833614980e+00,-2.494076147783746755e+00,2.794021572707189982e+00
1.329571215746673696e+00,-2.492041824646395565e+00,2.998043628939713656e+00
1.328586977067147457e+00,-2.490362037003728268e+00,-3.093251460691567534e+00
1.327718730302886785e+00,-2.488679176762390366e+00,-2.918531890161939479e+00
1.326097545817082946e+00,-2.486835234529621186e+00,-2.685327402993354262e+00
1.324425004966684583e+00,-2.485790039293449549e+00,-2.510221119352350261e+00
1.323231486179791583e+00,-2.484927097918593564e+00,-2.322232737378014278e+00
1.321118296453483776e+00,-2.484555285606779407e+00,-2.147704427125683324e+00
1.319334331819488337e+00,-2.484542318607954936e+00,-1.958915339787636212e+00
1.316997470440433471e+00,-2.485121281230056045e+00,-1.744164911650378569e+00
1.315187538533126199e+00,-2.485957783020211309e+00,-1.555694463450280729e+00
1.313597970473271426e+00,-2.487671491093860876e+00,-1.323923635390644948e+00
1.312847035137858054e+00,-2.489199061246511135e+00,-1.149091782002530815e+00
1.312753815217577280e+00,-2.490885994332729059e+00,-9.745196310135960660e-01
1.379051392320611580e+00,-2.569197630178465364e+00,-8.609302081764040881e-01
1.445536706585976772e+00,-2.646684365712426601e+00,-8.601932105960493624e-01
1.514606387487896111e+00,-2.726585266728331458e+00,-8.606145412968384534e-01
1.582746192291985210e+00,-2.804584057531421148e+00,-8.609793235197010786e-01
1.651687432573591519e+00,-2.884114214018661304e+00,-8.634450105759987615e-01
1.696744413131831219e+00,-2.937812973280341744e+00,-6.826416554276981685e-01
1.696617493348733685e+00,-2.939254109470143206e+00,-5.042271455030825633e-01
1.697278323089383978e+00,-2.941002338773959224e+00,-3.352441228948112584e-01
1.698885387251307444e+00,-2.942939725791123617e+00,-1.533159873942235574e-01
1.700003447583624094e+00,-2.944195701467977599e+00,3.151120448313423500e-02
1.701740817035946929e+00,-2.945412151087677621e+00,2.187855594315311347e-01
1.703455396217311568e+00,-2.946727654722709033e+00,4.005190537655157756e-01
1.705215338940907266e+00,-2.948117012645521395e+00,5.830783895622255741e-01
1.707535350574485244e+00,-2.949074713781917989e+00,7.677915643243021782e-01
1.709606858015118025e+00,-2.949500346520701033e+00,9.470869095872146426e-01
1.711589118790090680e+00,-2.949620254755530357e+00,1.126115973930340131e+00
1.713879707726406298e+00,-2.949364264143768732e+00,1.305718772095858737e+00
1.715819488287023242e+00,-2.948661712746588837e+00,1.487249648929892976e+00
1.717408764741722882e+00,-2.947369011968717700e+00,1.661932522422582936e+00
1.719123914433334788e+00,-2.946182784599702842e+00,1.844150000840793613e+00
1.720400007674218967e+00,-2.944885956709109021e+00,2.002550960731892982e+00
1.721209364898751648e+00,-2.943225148104831934e+00,2.179194982490086030e+00
1.721570600640414561e+00,-2.941630353908132989e+00,2.358017404165880126e+00
1.721743262174136424e+00,-2.939687713462013186e+00,2.539676474577044374e+00
1.721294440697208161e+00,-2.938028701535901011e+00,2.720332727544569007e+00
1.720908370565511936e+00,-2.936316735822095847e+00,2.906559974560579906e+00
1.720092523787743133e+00,-2.934899987563013291e+00,3.087564881019648766e+00
1.719032506854842657e+00,-2.933529767184703818e+00,-3.015390397412914592e+00
1.717822213769915729e+00,-2.932333164077755239e+00,-2.834108081386356393e+00
1.716173110505990529e+00,-2.931524182886757757e+00,-2.656619765537899358e+00
1.714225113170724679e+00,-2.930658206943722366e+00,-2.473843074070092740e+00
1.712420082166825619e+00,-2.930310498364297800e+00,-2.294734044474862955e+00
1.710646045177874219e+00,-2.930254059603999206e+00,-2.110791133923286989e+00
1.708730011833234919e+00,-2.930625179572511563e+00,-1.930091906014767433e+00
1.706779204117468307e+00,-2.931270750033053929e+00,-1.746805919206706026e+00
1.705275053879238945e+00,-2.932462158898009985e+00,-1.565150040561594125e+00
1.704017997140087726e+00,-2.934044334491086481e+00,-1.383618055768305766e+00
1.703008225593306779e+00,-2.935900891271396862e+00,-1.204291298437218272e+00
1.702243408765119259e+00,-2.937710959668592636e+00,-1.026380086683277071e+00
1.702259834249288284e+00,-2.939773732431314013e+00,-8.455635458636702184e-01
1.702663210236646352e+00,-2.941965416623337770e+00,-6.674532147256818648e-01
1.703511200807514392e+00,-2.944796048748501427e+00,-5.115600863348804817e-01
1.704512367673320705e+00,-2.946933460830796214e+00,-3.353798637718517495e-01
1.706208021051091483e+00,-2.949033931178629775e+00,-1.505710742580580463e-01
1.707824809329151261e+00,-2.950683468702226087e+00,3.180182756810273625e-02
1.709333176846767000e+00,-2.952185735427274693e+00,2.088197362555871128e-01
1.711222022784027796e+00,-2.953707669137128899e+00,3.947406279620778724e-01
1.711123894595706130e+00,-2.955212491068569758e+00,3.394410305518248405e-01
1.709285727087903162e+00,-2.954217719132774089e+00,1.530211060889200003e-01
1.708024684549326766e+00,-2.953155591963591675e+00,-3.120430403863876795e-02
1.706211526386911093e+00,-2.952036457764791066e+00,-2.139541827655979667e-01
1.704581803653197225e+00,-2.950172158650934850e+00,-3.995876654222936808e-01
1.703818148717459291e+00,-2.948470863254232022e+00,-5.849332540880689546e-01
1.703744763493176606e+00,-2.946438201124057077e+00,-7.667779202408844252e-01
1.734593314312617540e+00,-2.979917789437975806e+00,-6.857752949686545252e-01
1.735188715166914308e+00,-2.982460567535989870e+00,-4.998988676660334196e-01
1.735916738236861878e+00,-2.984286342986006701e+00,-3.211888915969220437e-01
1.737169282056616693e+00,-2.986238220978945535e+00,-1.315279091269092315e-01
1.738343225563304006e+00,-2.988332901061744540e+00,4.984748899196746880e-02
1.739906624184274664e+00,-2.990114377850124239e+00,2.252225539895258144e-01
1.741510502089880230e+00,-2.991460712071268624e+00,4.079851171881683225e-01
1.743788297833823275e+00,-2.992772383483034204e+00,5.773718772944747002e-01
1.746060152407470145e+00,-2.994322208344367908e+00,7.485101309860446861e-01
1.744491228731487098e+00,-2.994155877881239380e+00,5.718577669387490126e-01
1.743097279525080756e+00,-2.993310225828576865e+00,3.965532930895949160e-01
1.741527643803007397e+00,-2.992868234737198208e+00,2.200798678852135815e-01
1.740265458847917168e+00,-2.991628390122718972e+00,4.201344046739062532e-02
1.739668302051132320e+00,-2.990319944856401957e+00,-1.356793155431478548e-01
1.739033835408018813e+00,-2.988903914308993937e+00,-3.169401547149444109e-01
1.738684416224931750e+00,-2.987373156699954180e+00,-4.961014793624560215e-01
1.738804073779780079e+00,-2.985712907194808530e+00,-6.685412838661290991e-01
1.810890266257082715e+00,-3.054239653525583797e+00,-7.629626942477479856e-01
1.884035670508053428e+00,-3.124629208744821085e+00,-7.618149110027360171e-01
1.957291064770645628e+00,-3.194698082349198387e+00,-7.626609632357558288e-01
1.968145279430156824e+00,-3.205876392813393316e+00,-8.978986557703214633e-01
1.968275813190494938e+00,-3.203868121032948935e+00,-1.083046525395243931e+00
1.969270117482353255e+00,-3.203006196972797426e+00,-1.263371904827857994e+00
1.972083565259368898e+00,-3.208695753355520708e+00,-1.429835386711431511e+00
1.973612045878232246e+00,-3.207592265478361515e+00,-1.610447295412049451e+00
1.975775057340629859e+00,-3.207224542748911666e+00,-1.800331403001118824e+00
1.978069035453449809e+00,-3.207033511551707239e+00,-1.978125624570957086e+00
1.980335987885270432e+00,-3.207582329049130543e+00,-2.154015956934152154e+00
1.982452234987317263e+00,-3.207642366952171642e+00,-2.332837060073942315e+00
1.984587243690515868e+00,-3.208653158680269790e+00,-2.509551920950273018e+00
1.986823287804346583e+00,-3.209838473684974769e+00,-2.686721427594056522e+00
1.988954048580190870e+00,-3.211289715537748890e+00,-2.866289992179972046e+00
1.990940001231791712e+00,-3.213265445829350586e+00,-3.055543593937918523e+00
1.992392578717345097e+00,-3.215550107970655436e+00,3.044319503363045687e+00
1.993714588538699761e+00,-3.217046052099136855e+00,2.868113742199256411e+00
1.994907683724145953e+00,-3.218799837370216022e+00,2.686897841376037821e+00
1.996295683919977693e+00,-3.220235523944489753e+00,2.493933897873918504e+00
1.996921188579918072e+00,-3.222618624391095032e+00,2.315741834867950821e+00
1.929189953993555529e+00,-3.148358235813820905e+00,2.314711356780992269e+00
1.857418946888716782e+00,-3.068949316753428302e+00,2.312588926949194157e+00
1.788535212288411946e+00,-2.993502029935924735e+00,2.309634997405866308e+00
1.720933867650366933e+00,-2.918391737389632645e+00,2.308641400177842584e+00
1.647574336415678076e+00,-2.836643578663539333e+00,2.308202207608476275e+00
1.577532287199268524e+00,-2.759458179028775771e+00,2.307987275573501584e+00
1.554205222598891156e+00,-2.735592849108104296e+00,2.149411310062701919e+00
1.554638683835398938e+00,-2.734946768603016665e+00,2.326279742074253587e+00
1.554420232082675435e+00,-2.732881285803201443e+00,2.528459840039116724e+00
1.553897699516561870e+00,-2.731109566630025576e+00,2.733174636815127290e+00
1.552988974074825723e+00,-2.729638116251348112e+00,2.934232244448062854e+00
1.551931654828281548e+00,-2.727775353154289206e+00,3.128410551548350238e+00
1.550487215210581526e+00,-2.726261192478466100e+00,-2.947097802865223937e+00
1.548851560061942578e+00,-2.724743061947203060e+00,-2.754827557906607272e+00
1.546684672948548389e+00,-2.723786378292655019e+00,-2.549224882660669600e+00
1.462563190192705642e+00,-2.782627411372303072e+00,-2.533269793095942024e+00
1.380020173696002495e+00,-2.839991773705188738e+00,-2.536747217151559930e+00
1.291439346343379535e+00,-2.900232249425061415e+00,-2.538488618480909231e+00
1.200233852339668950e+00,-2.962733432180342241e+00,-2.542127512906236397e+00
1.115872052122704572e+00,-3.019265261596724592e+00,-2.545656537907535100e+00
1.073722737312917896e+00,-3.043667421672568096e+00,-2.408271942995326320e+00
1.072209681704746620e+00,-3.043657512225164563e+00,-2.224562943306613860e+00
1.070388854659436451e+00,-3.043533009818968793e+00,-2.035109238489123840e+00
1.068715539105022705e+00,-3.043980150378065019e+00,-1.855985792956689640e+00
1.067258417758878419e+00,-3.044652970020564453e+00,-1.676084835251696381e+00
1.065913451065425788e+00,-3.045969909975059231e+00,-1.495833482074787613e+00
1.064955416245241704e+00,-3.047315693046278806e+00,-1.318856669575066753e+00
1.064654701818721794e+00,-3.049357904145689524e+00,-1.133108895068626776e+00
1.118173439652361267e+00,-3.137386609300708340e+00,-1.011096606114231022e+00
1.170941595927107670e+00,-3.223498140721962280e+00,-1.013296324138655002e+00
1.225261531745204246e+00,-3.312533758618954494e+00,-1.012096299357524876e+00
1.242345402008954380e+00,-3.343622832646413467e+00,-8.415587778367296101e-01
1.242778659419459863e+00,-3.346173154881812106e+00,-6.563758441820041201e-01
1.243098088733814333e+00,-3.348831344392259268e+00,-4.766376222756149583e-01
1.244013941460519579e+00,-3.351481445422596739e+00,-2.946938375762674922e-01
1.245159276269223625e+00,-3.354130437711792645e+00,-1.119412164812741695e-01
1.246517391530624241e+00,-3.356287864147917688e+00,6.568719727158357780e-02
1.247547531211729011e+00,-3.358488899091303104e+00,2.460705737060688014e-01
1.249272792150235345e+00,-3.360795225019161503e+00,4.350284407823326593e-01
1.250954386085379344e+00,-3.362670758759178202e+00,6.149738465066296733e-01
1.252759067962204043e+00,-3.364066501657541508e+00,7.982079890138829015e-01
1.254759208055487463e+00,-3.365194386616220168e+00,9.804290325273277151e-01
1.256405553518114004e+00,-3.366173563993687168e+00,1.162335550766206982e+00
1.258024036393375900e+00,-3.366139657834461563e+00,1.360535943451441909e+00
1.259143822907200727e+00,-3.365885856090834682e+00,1.543170257490180663e+00
1.260974091054841262e+00,-3.364940610444610236e+00,1.731650875897937647e+00
1.262429451068092234e+00,-3.363805471884422360e+00,1.906946486085959069e+00
1.264026361518251207e+00,-3.362239140965374684e+00,2.085158184787801794e+00
1.264999350930783528e+00,-3.360674899476347122e+00,2.265345837469500356e+00
1.265497565343997932e+00,-3.359176511125570030e+00,2.445826629739162428e+00
1.264970607584074536e+00,-3.356827831759441771e+00,2.708130834704425283e+00
1.264890848878515328e+00,-3.355060189661309256e+00,2.888915282574719079e+00
1.264420217833080340e+00,-3.353197422473296108e+00,3.069542081066037653e+00
1.263891859728381251e+00,-3.351700082356352972e+00,-3.036742683702716938e+00
1.263547198579496822e+00,-3.350638496717049719e+00,-2.862706330918711739e+00
1.262005630870260964e+00,-3.349492024491958819e+00,-2.676608028178910192e+00
1.261032795257922556e+00,-3.349184040553882635e+00,-2.493722468753161170e+00
1.260059705267851715e+00,-3.349385772449617882e+00,-2.312309496145047660e+00
1.258719020230187668e+00,-3.349828202077546724e+00,-2.130341910068906941e+00
1.257570491781334621e+00,-3.350194704731843665e+00,-1.954017257648821948e+00
1.256175860089392415e+00,-3.350668564904838220e+00,-1.776236648679061281e+00
1.254978583938098691e+00,-3.351853541960341243e+00,-1.595858941643332196e+00
1.254181735579684931e+00,-3.353456638673573131e+00,-1.416230093265865797e+00
1.254009455568083853e+00,-3.355257519934921717e+00,-1.233843912287305500e+00
1.254148359841522620e+00,-3.357240501419374024e+00,-1.049063145362085558e+00
1.268928968006542313e+00,-3.376209023507256379e+00,-8.920709390525715099e-01
1.334843811108565426e+00,-3.456804532355724824e+00,-8.930056969807349532e-01
1.400975841199846084e+00,-3.536224072934403662e+00,-8.896941555868700391e-01
1.452874212993350067e+00,-3.596249540929751909e+00,-1.053280294367512804e+00
1.452700688132784856e+00,-3.595050531181531728e+00,-1.231783499639068191e+00
1.453263691518205114e+00,-3.594361067034875568e+00,-1.432811730042073517e+00
1.454306406961303422e+00,-3.593801390143294583e+00,-1.634131269765387806e+00
1.455146925699718263e+00,-3.593575427115996312e+00,-1.812069683187948588e+00
1.456509696088537309e+00,-3.593806945713767131e+00,-2.013449177034589255e+00
1.458203893793793116e+00,-3.594229094099969934e+00,-2.190379517105693896e+00
1.459834408398640537e+00,-3.595321751837655899e+00,-2.387240605071613508e+00
1.382361254137675299e+00,-3.662199106040029850e+00,-2.442747895265131586e+00
1.317200499871784336e+00,-3.713942207877800605e+00,-2.273436593352399893e+00
1.314984310947072688e+00,-3.713272017575963702e+00,-2.070798286343010108e+00
1.312788444614643835e+00,-3.713545910015736418e+00,-1.880003911225724744e+00
1.310480424341447847e+00,-3.714542312815989344e+00,-1.705438567182468557e+00
1.309034726346350874e+00,-3.716193291769256390e+00,-1.515724399933587874e+00
1.307925069873664192e+00,-3.717963535745487658e+00,-1.339271444407303280e+00
1.308504389553250880e+00,-3.719206376744790710e+00,-1.155904221321058856e+00
1.309006324784932618e+00,-3.720653326362143520e+00,-9.683150601472043650e-01
1.309187961101428987e+00,-3.722777075021783233e+00,-7.852375390688056678e-01
1.309135414616191317e+00,-3.725127160780201674e+00,-6.006962557560965310e-01
1.309605020243459927e+00,-3.727599307468258516e+00,-4.204334355462109873e-01
1.310115524378075103e+00,-3.730252980336455693e+00,-2.380640072455126877e-01
1.310821465867143987e+00,-3.732624496495616118e+00,-4.352118992527488628e-02
1.312119587493840056e+00,-3.735309576198627024e+00,1.393000439402862500e-01
1.313692518280782817e+00,-3.737720242148000249e+00,3.228545949285941963e-01
1.315495524995906163e+00,-3.739611220375973488e+00,5.050931911514350281e-01
1.316903283007136993e+00,-3.740872553964367242e+00,6.857580406256733596e-01
1.318779742449140091e+00,-3.742109324599731224e+00,8.651239606434198981e-01
1.320279284294478606e+00,-3.742764535720613406e+00,1.048333238187843630e+00
1.321721723743551902e+00,-3.743592493422602363e+00,1.209522363740062056e+00
1.323503719351547758e+00,-3.744035800861400531e+00,1.386563403261762639e+00
1.324843309199613239e+00,-3.743869506920103785e+00,1.570924905014388528e+00
1.325930146687722910e+00,-3.743403757566558188e+00,1.752751160234245154e+00
1.326667229295566797e+00,-3.742749886315269947e+00,1.931458340562663301e+00
1.327048408445802519e+00,-3.741988337215378380e+00,2.111510879014098840e+00
1.327242139296524570e+00,-3.741019388940850732e+00,2.293365615236556909e+00
1.326686162752765741e+00,-3.740373159554823523e+00,2.474480033541766932e+00
1.325752913344533823e+00,-3.739961789445882534e+00,2.656165564957539527e+00
1.324520251044994268e+00,-3.739516706165870730e+00,2.838200273575658183e+00
1.323671086647497219e+00,-3.738916990351880631e+00,3.023892423782239547e+00
1.322697537405416623e+00,-3.738331945105088483e+00,-3.078388943754593043e+00
1.321227704044602103e+00,-3.737405656369507057e+00,-2.895882749540668488e+00
1.319694878721503928e+00,-3.736377771218333255e+00,-2.713258947710569746e+00
1.317902919803219497e+00,-3.735715437499649294e+00,-2.530988840837081533e+00
1.317804692154446178e+00,-3.736473900686388294e+00,-2.525456817726999592e+00
1.319357618177558367e+00,-3.739147372881237441e+00,-2.689133983496191149e+00
1.228200490266301736e+00,-3.786984910554672901e+00,-2.693165476619458154e+00
1.131148837885262992e+00,-3.835072896349937199e+00,-2.693324937069208502e+00
1.036454012074369935e+00,-3.882961017469626519e+00,-2.692304478455161298e+00
9.420380903331110334e-01,-3.930128103209613144e+00,-2.693614901663572425e+00
8.887378175154133642e-01,-3.955593907506416596e+00,-2.526452671732639654e+00
8.881985840251481745e-01,-3.954628696051734504e+00,-2.610759313364581669e+00
8.891603446860850690e-01,-3.954739110150600645e+00,-2.800634220203772173e+00
8.899505835518510821e-01,-3.955999881926742123e+00,-2.984232872194869657e+00
8.908167876967251209e-01,-3.957270228272718793e+00,3.119519093027324885e+00
8.915348635912346831e-01,-3.959221234473290885e+00,2.939947066062567949e+00
8.920344263906545557e-01,-3.961369259545528987e+00,2.763031505695103363e+00
8.923744607767466475e-01,-3.963755979539592467e+00,2.580386001646781224e+00
8.926062699393950695e-01,-3.966001252885244632e+00,2.405265044659147922e+00
8.927873768454519521e-01,-3.968169577502635992e+00,2.222412417314203026e+00
8.923835679325232695e-01,-3.970384988909525514e+00,2.043480360987323774e+00
8.913907988359042189e-01,-3.972690751160778078e+00,1.862430242997265006e+00
8.897904511191936372e-01,-3.974877246186717450e+00,1.663085715012725840e+00
8.884055811751648823e-01,-3.976338010893744723e+00,1.488804142602677905e+00
8.861115616861597877e-01,-3.977575656922228031e+00,1.265982550924345862e+00
8.847894100604356549e-01,-3.978539497239053091e+00,1.082383538619917651e+00
8.830542691798614063e-01,-3.978852402278816758e+00,8.713342377887705048e-01
8.813364056430117444e-01,-3.978623376949814272e+00,6.940759453986670158e-01
8.797921446729527473e-01,-3.978280750944017896e+00,5.156176760020049210e-01
8.780493018940910277e-01,-3.976622270019139371e+00,3.286677789564557139e-01
8.763392042639589485e-01,-3.975118051096953042e+00,1.510161640337631395e-01
8.750465843735049098e-01,-3.973415178029184425e+00,-2.255376739784800341e-02
8.738179810409891779e-01,-3.971447479710365158e+00,-1.999444212232635021e-01
8.727945895844290147e-01,-3.968867334716550843e+00,-4.030353464987895262e-01
8.719261846835780760e-01,-3.967111088058734580e+00,-6.012429520114337400e-01
8.714658489439602862e-01,-3.965158278851944385e+00,-7.984929232238880958e-01
8.715128015811874906e-01,-3.963460659486620408e+00,-9.751570868631330713e-01
8.716460064610320746e-01,-3.961513560651065191e+00,-1.148346039717160760e+00
8.724364442760738081e-01,-3.959775293618050807e+00,-1.322109004255700659e+00
8.734979918918659436e-01,-3.958235619741680811e+00,-1.513648015813286563e+00
8.741722670267783046e-01,-3.956720067483483483e+00,-1.720014558558680351e+00
8.752393676396100775e-01,-3.956070330497256204e+00,-1.907225724694989522e+00
8.764240203435521570e-01,-3.955747922965052066e+00,-2.085144206858357219e+00
8.778586539869240868e-01,-3.956051721570974955e+00,-2.269673462161541533e+00
8.792254032814286191e-01,-3.957000413201772204e+00,-2.472422505355608813e+00
8.803191689365827965e-01,-3.957598700884652931e+00,-2.650518976133207083e+00
8.811125316655675777e-01,-3.958563769560150991e+00,-2.835693562933250256e+00
8.819682385458886831e-01,-3.959617654880336346e+00,-3.038786711672038621e+00
8.824848803929371543e-01,-3.960919314020369786e+00,3.064918879744773061e+00
8.833396201854099017e-01,-3.962211597864175872e+00,2.883054495675487328e+00
8.836709970033629347e-01,-3.963790358683773274e+00,2.680694292991641081e+00
7.959019542176577477e-01,-3.911133641449010767e+00,2.569828159733110517e+00
7.077085270688241447e-01,-3.856308424294411452e+00,2.571259970557654650e+00
6.992549988546035156e-01,-3.851673998340985339e+00,2.749114313056474135e+00
6.985928377750791896e-01,-3.852863683376888115e+00,2.592230483293254562e+00
6.982942439449552063e-01,-3.854286624708247899e+00,2.414676442396473277e+00
6.243031865928172497e-01,-3.786160231503556517e+00,2.369096966270371585e+00
5.504792130766605895e-01,-3.716516108417508235e+00,2.370124092447727815e+00
4.754945784493327388e-01,-3.645695101508204417e+00,2.368589286925468773e+00
3.999726032520696251e-01,-3.573480829791599866e+00,2.368584491127388336e+00
3.950099519989681562e-01,-3.569586467560115661e+00,2.540215095450565563e+00
3.926327329884455875e-01,-3.568832012302559420e+00,2.717118034706070606e+00
3.899211606001201647e-01,-3.568008721329458233e+00,2.901335104316423941e+00
3.875315031636674123e-01,-3.567090675061209470e+00,3.086380147325076706e+00
3.853052330292549565e-01,-3.566311707313889912e+00,-3.017558905147993187e+00
3.831241350145325741e-01,-3.565571188138158654e+00,-2.836599537218129186e+00
3.806296190856172657e-01,-3.565002127996652614e+00,-2.659214681001099922e+00
2.942467346778758208e-01,-3.621609617453560137e+00,-2.526169342993698219e+00
2.041299369751138904e-01,-3.683014337943814276e+00,-2.530570395225443470e+00
1.178387155367143502e-01,-3.741839738930006654e+00,-2.532989037564010726e+00
3.348985862037300726e-02,-3.798808515148743847e+00,-2.535859647865366551e+00
-5.303894655436908884e-02,-3.857278832859807771e+00,-2.540565613975996229e+00
-1.173966851684586088e-01,-3.899339467686019578e+00,-2.447644768901708900e+00
-1.182985299857101380e-01,-3.899302860309524110e+00,-2.488265962146275267e+00
-1.178696379855092291e-01,-3.900281551601422425e+00,-2.682994808235577455e+00
-1.174518474422453912e-01,-3.901502833048703600e+00,-2.865754085066214873e+00
-1.168729998380857726e-01,-3.903046999228185321e+00,-3.046495103411414718e+00
-1.162232900651628542e-01,-3.905048341143832591e+00,3.024245838328230462e+00
-1.158651175946824458e-01,-3.906752982562291976e+00,2.821178141645128257e+00
-1.159647009312875787e-01,-3.908299675508645876e+00,2.640769155328027917e+00
-1.163823142151866052e-01,-3.909998376797104935e+00,2.454334900389222085e+00
-1.168106308961852219e-01,-3.912104150212370346e+00,2.244740061189000713e+00
-1.177070656030887730e-01,-3.913853838290310971e+00,2.044173820491212989e+00
-1.190521079163137513e-01,-3.915107498888772852e+00,1.860635778389554185e+00
-1.210586338276682383e-01,-3.915832055806726331e+00,1.677027587990450153e+00
-1.233574104640600549e-01,-3.916416206419631063e+00,1.491223615527565549e+00
-1.258234373491585179e-01,-3.916818083132707073e+00,1.308911661466566789e+00
-1.286879399404292634e-01,-3.916702835050176024e+00,1.128105125599350611e+00
-1.317076541873202777e-01,-3.916095899951329340e+00,9.255269773848945336e-01
-1.342783116021234180e-01,-3.915090255759963611e+00,7.444700950657092697e-01
-1.371270991091423641e-01,-3.913696135114106411e+00,5.586143102208515065e-01
-1.397570361385951365e-01,-3.911787728959185806e+00,3.481936832028871276e-01
-1.421880336940389566e-01,-3.909558651128195006e+00,1.693633024774177653e-01
-1.447007589803585847e-01,-3.907341507624424448e+00,-3.540249971650200750e-02
-1.465252464923076647e-01,-3.905364051110888912e+00,-2.164503170581908165e-01
-1.481950703997782226e-01,-3.903179506372613794e+00,-4.039466660218961058e-01
-1.494410555665757478e-01,-3.900825738503245876e+00,-5.864687830000716584e-01
-1.505419078539487476e-01,-3.898494947545580125e+00,-7.618479049178341622e-01
-1.511915953647374744e-01,-3.896217957355156525e+00,-9.432354811447533072e-01
-1.514127677181477116e-01,-3.893911357977748455e+00,-1.127903204803959003e+00
-1.513031780825335459e-01,-3.891891168955171842e+00,-1.302665182323839765e+00
-1.513153563620958375e-01,-3.890298317321005506e+00,-1.481433177913029642e+00
-1.500759113602818107e-01,-3.888841189611876192e+00,-1.661442563272091277e+00
-1.487539478285848094e-01,-3.887928103775225797e+00,-1.847426742495946739e+00
-1.472204063842098287e-01,-3.887292997163642294e+00,-2.052358908499504864e+00
-1.455412989517342603e-01,-3.887497034710189592e+00,-2.228894965885492851e+00
-2.113231748585544800e-01,-3.960114333962577948e+00,-2.291559373802367183e+00
-2.798839296522450115e-01,-4.035646199043107174e+00,-2.286738135807575123e+00
-3.471604604363072721e-01,-4.112049505455471099e+00,-2.259244111326520699e+00
-3.791542328872597456e-01,-4.157270680061625256e+00,-2.072186182393743525e+00
-3.922978364219005809e-01,-4.180860426946499508e+00,-1.889650119661067773e+00
-3.941859203346005369e-01,-4.181295755965884098e+00,-1.707041376661615262e+00
-3.959317716026805045e-01,-4.181953406094659265e+00,-1.522934599474786932e+00
-3.973134118998950526e-01,-4.183124760627193517e+00,-1.333710801465558093e+00
-3.988642279264706936e-01,-4.184478858248439792e+00,-1.128888676011785330e+00
-3.993405985436434547e-01,-4.186103780915846784e+00,-9.463274866874867852e-01
-3.994714671070105361e-01,-4.188251253394979834e+00,-7.615604318927814420e-01
-3.989731707107569969e-01,-4.190464706593174604e+00,-5.812467270883258097e-01
-3.985139336230352769e-01,-4.192571043583734891e+00,-3.969645282395670161e-01
-3.976826079851241147e-01,-4.194821332687141080e+00,-2.186267217303068666e-01
-3.965323062786181851e-01,-4.196635761916550855e+00,-3.419840242889540805e-02
-3.957959420885621693e-01,-4.198559531758094820e+00,1.430891628796496784e-01
-3.939799268107258001e-01,-4.200782394663742814e+00,3.283835587340805939e-01
-3.920812460833552615e-01,-4.202653401540911382e+00,5.068059453587824281e-01
-3.899328735396512813e-01,-4.204480785086414762e+00,6.928547589118945194e-01
-3.874892914954480294e-01,-4.205738053373045737e+00,9.150848784708773831e-01
-3.307562466190630546e-01,-4.122928295513084151e+00,9.992728195094178201e-01
-2.680318314690687265e-01,-4.044187588880022943e+00,8.548134541759436766e-01
-1.954194068600682566e-01,-3.972997126000145318e+00,7.804825860222326384e-01
-1.230129804084064832e-01,-3.902962115360692152e+00,7.793681660508627873e-01
-4.770195168494968663e-02,-3.830603348872485103e+00,7.775095362856456749e-01
2.698544839273567253e-02,-3.759037038873899395e+00,7.752682230052244661e-01
1.026886241131754335e-01,-3.686910057088229831e+00,7.742234153889396842e-01
1.769957635155880449e-01,-3.615974200740192934e+00,7.744975058400578316e-01
2.523729580106827686e-01,-3.544548103042587162e+00,7.745373197856205705e-01
3.266653536755215748e-01,-3.474376441299746876e+00,7.749124760166157255e-01
3.711391647228392543e-01,-3.430485837867807142e+00,6.074249991716667019e-01
3.704122089990590783e-01,-3.430496253799314665e+00,4.258575442139126421e-01
3.701793361472117683e-01,-3.430215368784724550e+00,2.435703783006814560e-01
3.698500567068063183e-01,-3.429533631965801632e+00,6.031640005665372950e-02
3.696493578937274926e-01,-3.428775331775263613e+00,-1.226998668797328051e-01
3.695645016011707140e-01,-3.427527316447978922e+00,-3.019660766226270332e-01
3.697686804067289446e-01,-3.425940417202332444e+00,-4.759975291210064019e-01
3.705571323067708978e-01,-3.424503692770644925e+00,-6.561048237501579949e-01
4.416006393466158086e-01,-3.489667030957394722e+00,-7.690297222936057775e-01
5.174832878323606389e-01,-3.560379820731305767e+00,-7.657751594497119729e-01
5.942772638341260460e-01,-3.632488139763127233e+00,-7.650533926922915562e-01
6.700748300195651375e-01,-3.703939013017123028e+00,-7.649338601234600965e-01
7.462486756294126611e-01,-3.777087756021102027e+00,-7.673996597098524663e-01
8.219333511865127839e-01,-3.849683883817957675e+00,-7.677702128494353628e-01
8.978937241038394967e-01,-3.922831172070652350e+00,-7.694882595356372645e-01
9.729646873909733040e-01,-3.994712044731995704e+00,-7.716564176824131094e-01
1.048882891471945911e+00,-4.067570483973818263e+00,-7.723924670567114958e-01
1.099611687120720882e+00,-4.108833305799516111e+00,-8.925040955392907760e-01
1.100833897801735128e+00,-4.107961073390852036e+00,-1.074661938875146383e+00
1.102409991117061727e+00,-4.107148220666847038e+00,-1.252641858619807813e+00
1.105102496199518169e+00,-4.105980276207964685e+00,-1.391660270837215219e+00
1.105268964589813940e+00,-4.108468828477157331e+00,-1.281067149692055818e+00
1.106731364457498978e+00,-4.107242689384828616e+00,-1.467083112491078367e+00
1.111286849968880608e+00,-4.207528720483667328e+00,-1.535363817047262325e+00
1.116279405333871377e+00,-4.246739872415211892e+00,-1.702957057521374384e+00
1.117520354430149743e+00,-4.246650174098832053e+00,-1.890559699984338371e+00
1.119360469163237726e+00,-4.246762258990307792e+00,-2.078670797204845044e+00
1.121291068844579852e+00,-4.247493142077230388e+00,-2.263945584516716902e+00
1.122596272199967160e+00,-4.248554466581926370e+00,-2.294773308039858239e+00
1.120501153468562272e+00,-4.249336890294973301e+00,-2.119130210044035234e+00
1.122674034956144595e+00,-4.251131928039244556e+00,-2.272979788936570156e+00
1.056889371158086455e+00,-4.326083637745387733e+00,-2.306930011531456159e+00
9.902833259271163202e-01,-4.401841951930567376e+00,-2.299450690660922891e+00
9.674022547060844301e-01,-4.431906191909352088e+00,-2.475422768814641294e+00
9.694737470348173680e-01,-4.433323468633847853e+00,-2.661680177811708070e+00
9.714158122567067011e-01,-4.434909007185280139e+00,-2.844354691564731752e+00
9.730514644692898063e-01,-4.436751674841693749e+00,-3.022849481272209093e+00
9.747709374942599148e-01,-4.438424661222557077e+00,3.073861806334965863e+00
9.759932671982725072e-01,-4.440348640672961977e+00,2.886630294597013702e+00
9.770649251960739079e-01,-4.443169595527400872e+00,2.703382533074898397e+00
9.778320508714797299e-01,-4.445581608079996805e+00,2.527574489518300993e+00
9.785996412581294823e-01,-4.448338794800138274e+00,2.352082987457103425e+00
9.780671060185470722e-01,-4.450752259863668847e+00,2.171996994111851542e+00
9.774330831293285282e-01,-4.453204230627437532e+00,1.998899546473288824e+00
9.752581290540330849e-01,-4.455639207402353641e+00,1.816711980850591379e+00
9.733173805715717997e-01,-4.457942785636600291e+00,1.639166502748361065e+00
9.715199607312706709e-01,-4.460052628775931893e+00,1.450820299603665875e+00
9.699654515673494792e-01,-4.461972271361068998e+00,1.262130622113447398e+00
9.683224296349467464e-01,-4.462854447579013062e+00,1.080800333627948140e+00
9.662526521342942321e-01,-4.462770602276262544e+00,9.025126971572208223e-01
9.636549324783540982e-01,-4.462290597661803027e+00,7.202640981269234910e-01
9.610914908131412693e-01,-4.461099375339845352e+00,5.433649825437391057e-01
9.585882541715153859e-01,-4.459854468028865426e+00,3.544389597513950552e-01
9.567918018966801164e-01,-4.459001701276585017e+00,1.738168448805273991e-01
9.550965612506716607e-01,-4.457562571010138974e+00,-5.946872068013778385e-03
9.532405679226952921e-01,-4.456484570852395244e+00,-1.863902112733996919e-01
9.514531937216903490e-01,-4.455249271157477153e+00,-3.681210548603691124e-01
9.498819985247827224e-01,-4.454040523465415902e+00,-5.513431314593497667e-01
9.484478239869397198e-01,-4.452868495065887444e+00,-7.295560840686694526e-01
9.476839993793557682e-01,-4.451436456195675184e+00,-9.119536867499176136e-01
9.475095068916997709e-01,-4.449913796171548697e+00,-1.097797825245087955e+00
9.475466037504626238e-01,-4.448511987310157068e+00,-1.273179044343659472e+00
9.476983537888721276e-01,-4.447547465424014135e+00,-1.464028523484232069e+00
9.489434371571859872e-01,-4.446413081208667073e+00,-1.639078001983867550e+00
9.506489280141942055e-01,-4.445027865548730972e+00,-1.814930266813696846e+00
9.526791440226729524e-01,-4.444316699403737303e+00,-1.997104315675007902e+00
9.544861547196922258e-01,-4.444039583621453460e+00,-2.180096903534872954e+00
9.038241554708295045e-01,-4.498790948089689934e+00,-2.321873879208268487e+00
8.350708915710313152e-01,-4.572775175352854049e+00,-2.313635848772956916e+00
7.663482721467134162e-01,-4.647147348040475023e+00,-2.302314529512645258e+00
6.995108635777114170e-01,-4.723787878355774517e+00,-2.196333315094822325e+00
6.401802525673617739e-01,-4.804130662130978280e+00,-2.188503188887394479e+00
5.817325942128077632e-01,-4.886092962401856532e+00,-2.085718651475612528e+00
5.334285108372355255e-01,-4.974981101106628500e+00,-2.035482783264453310e+00
5.243486578383159680e-01,-4.986315884236392826e+00,-1.859503863824981007e+00
5.233415859836234585e-01,-4.987671269046510147e+00,-1.667855843869195276e+00
5.228744895124719516e-01,-5.025229811876865682e+00,-1.510231004286181955e+00
5.287843628628347004e-01,-5.070159836557285082e+00,-1.334462554377037868e+00
5.304247737826759401e-01,-5.079437668781410231e+00,-1.156727697597580207e+00
5.391596357217158797e-01,-5.100452255221005871e+00,-9.770292896735486288e-01
5.729407429124881990e-01,-5.152016165365208344e+00,-1.034043786172721413e+00
6.223406915612915702e-01,-5.243042917122746616e+00,-1.043813830788175911e+00
6.262802741997636202e-01,-5.249883240351205238e+00,-1.218113861037801282e+00
6.275115767027154012e-01,-5.249338182570761013e+00,-1.393861720830978479e+00
6.293615817710911386e-01,-5.248796361058084337e+00,-1.571041239618167662e+00
6.318420208138972871e-01,-5.248750155554539276e+00,-1.758404308136862548e+00
6.341386634116196186e-01,-5.248850383386474583e+00,-1.936485554282616262e+00
6.371407167877589650e-01,-5.249638014962400234e+00,-2.123654820529449871e+00
6.396859344967487093e-01,-5.250289139672063676e+00,-2.309091327420448536e+00
6.418232169766704409e-01,-5.251073497427732661e+00,-2.484297895439564918e+00
6.439451230333178566e-01,-5.252677363538361455e+00,-2.589580117938892645e+00
6.415057970181300417e-01,-5.253337303141702108e+00,-2.410957975283332111e+00
6.397900735935090344e-01,-5.254542997606057142e+00,-2.234794524265625526e+00
6.370548375987050704e-01,-5.254722374070797564e+00,-2.050320823610020771e+00
6.343068853530391404e-01,-5.256868510909853853e+00,-1.871345410230046635e+00
6.281501258449911917e-01,-5.277007049170399533e+00,-1.691966359909614859e+00
6.255236057773623237e-01,-5.298708914293859706e+00,-1.509500314227477880e+00
6.289175080825515352e-01,-5.334644898455495721e+00,-1.346984645167070171e+00
6.382294186248895773e-01,-5.379881072752581872e+00,-1.177841325255229110e+00
6.806317495653897431e-01,-5.472293763141914624e+00,-1.092513690664388415e+00
7.236493758336436377e-01,-5.564303689666855846e+00,-1.093977975655845869e+00
7.389902039753688534e-01,-5.609910059570407448e+00,-9.275742029619702400e-01
7.386841554647607389e-01,-5.612044856694489603e+00,-7.428698232185740880e-01
7.392077233307103867e-01,-5.613809580608116079e+00,-5.576029294092131883e-01
7.403629662268983447e-01,-5.615393604617835877e+00,-3.800131953497511428e-01
7.410934562650210999e-01,-5.617063297817334266e+00,-2.078342909253408921e-01
7.424564680136637174e-01,-5.618428959095513875e+00,-2.655013160054699867e-02
7.440821151587119209e-01,-5.620146822328557334e+00,1.609331864686738001e-01
7.457308087150398279e-01,-5.621886204303113033e+00,3.479134518580271340e-01
7.479502033654953363e-01,-5.622716475774863554e+00,5.367841324105603329e-01
7.499314472168236989e-01,-5.623419804804767885e+00,7.185062452259156629e-01
7.950235470206685751e-01,-5.574309242839293077e+00,8.583859292398147156e-01
8.051606001028120962e-01,-5.564705263937174351e+00,1.032648794084414900e+00
8.071747592976631358e-01,-5.564163532675446611e+00,1.208675693767964576e+00
8.087450248805025943e-01,-5.563109602721688418e+00,1.390880069615617831e+00
8.100179803827366465e-01,-5.561894066919951918e+00,1.578472188169799173e+00
8.107667888874428019e-01,-5.560378360257979935e+00,1.754954327582401552e+00
8.112198928415874644e-01,-5.558499017700601286e+00,1.935802036717581442e+00
8.117245828753889558e-01,-5.556248061418376238e+00,2.111200043984186259e+00
7.534345024527892010e-01,-5.476132194790291230e+00,2.224013964824679501e+00
6.936437769844476797e-01,-5.395370576046873090e+00,2.224928192924636949e+00
6.320107279122202382e-01,-5.315606665635027817e+00,2.281038303053586791e+00
6.042899661477239004e-01,-5.273267729536812887e+00,2.099866936084779034e+00
5.890734135969191154e-01,-5.234128944659346416e+00,1.921015903771105870e+00
5.786016106771946221e-01,-5.185560048688765633e+00,1.736688634191694725e+00
5.772431541860258974e-01,-5.130702425033730307e+00,1.552009339530580068e+00
5.865431200622072128e-01,-5.068697372161585335e+00,1.377276700076593530e+00
6.121813666057794867e-01,-4.970606708517520289e+00,1.254688711463648687e+00
6.507921634318005744e-01,-4.879042259307149187e+00,1.126281992910770580e+00
6.949578726121879990e-01,-4.788268848250105236e+00,1.070028929897022252e+00
7.462730453821836418e-01,-4.698140987750849540e+00,1.066644624804278463e+00
7.975262781455777494e-01,-4.608206136262478658e+00,1.054272915381953002e+00
8.341253961255826743e-01,-4.554610965885229845e+00,8.789554754183886986e-01
8.751921458841273038e-01,-4.513824008584916392e+00,7.018607917322493561e-01
9.229723089934064317e-01,-4.479901373546963050e+00,5.225684901248558445e-01
9.751570465840749824e-01,-4.454555601252308428e+00,3.419339164103020745e-01
1.031603848482746777e+00,-4.438985446594791107e+00,1.626648643910492964e-01
1.075083200075094281e+00,-4.434149494371451006e+00,-1.395453799736989624e-02
1.112854492720513511e+00,-4.437441192283849034e+00,-2.041111759003161052e-01
1.164024784638129750e+00,-4.452170123857158934e+00,-3.822168336409584866e-01
1.253157905812411599e+00,-4.494205248922643392e+00,-4.923409962498764281e-01
1.302755592130294016e+00,-4.517136279994060644e+00,-3.275342739813343895e-01
1.324208131023147050e+00,-4.522352041272398537e+00,-1.480316402173928458e-01
1.337325161421661912e+00,-4.523461613067140341e+00,3.916962356875191426e-02
1.343458500380696030e+00,-4.523627129512171052e+00,2.145532470540051917e-01
1.349750940345451733e+00,-4.523127485748029919e+00,3.983451938251049707e-01
1.366243110801896643e+00,-4.515540987748587476e+00,5.745582613911700554e-01
1.450296265074609847e+00,-4.456058431944764031e+00,6.417060399075372734e-01
1.533697455634683404e+00,-4.394716869214125410e+00,6.482238839363371197e-01
1.616587242353888954e+00,-4.332491420694676520e+00,6.518499154991904687e-01
1.699169982119216771e+00,-4.271169185303063109e+00,6.575784670036479707e-01
1.780994661351630537e+00,-4.208991708567295653e+00,6.569286031244618851e-01
1.790328216795339822e+00,-4.205421716931403431e+00,8.349716359641637942e-01
1.793893330797207364e+00,-4.205091105458681255e+00,1.017312694964975561e+00
1.797086115282292784e+00,-4.204494413326197666e+00,1.191230930836212565e+00
1.800395455448077220e+00,-4.202868275652807739e+00,1.372884092693718694e+00
1.803383127442568234e+00,-4.201289284535504542e+00,1.546897564810040926e+00
1.806284238369853856e+00,-4.199465747346275535e+00,1.734086099916901214e+00
1.813366439754426018e+00,-4.195502306865239284e+00,1.901434403749501678e+00
1.815063371268860637e+00,-4.193891203069735951e+00,2.092039869416899567e+00
1.816181610998875540e+00,-4.191952095393041589e+00,2.279012844087126233e+00
1.816527015233151410e+00,-4.190176348861457178e+00,2.462509731649010991e+00
1.816384929855849428e+00,-4.188845276790859273e+00,2.646098722625519262e+00
1.815757235574404715e+00,-4.187679646740479988e+00,2.829620015224262985e+00
1.815238703125571451e+00,-4.186418295186161487e+00,3.010536162192011922e+00
1.814784068056529254e+00,-4.185073265496380479e+00,-3.090642463199771317e+00
1.813857162023761793e+00,-4.184000200555261451e+00,-2.911394243116366631e+00
1.812746026571159685e+00,-4.183043553758653665e+00,-2.733455855907140464e+00
1.811453009349147658e+00,-4.182484937321216734e+00,-2.553491466494857587e+00
1.810414024859603455e+00,-4.181656793003287298e+00,-2.371314387215038622e+00
1.808621310142608740e+00,-4.181119021689851500e+00,-2.185996206409958731e+00
1.806753459612735035e+00,-4.180949637824811660e+00,-2.004951335074490970e+00
1.805294843473275623e+00,-4.182592137065903160e+00,-1.817409496202625929e+00
1.803788085658890594e+00,-4.183990553906459020e+00,-1.637110379099857793e+00
1.802703380336679873e+00,-4.185856135822414004e+00,-1.459475237898357536e+00
1.802084532879206336e+00,-4.187922009488338482e+00,-1.278469669540625242e+00
1.801559956852963662e+00,-4.190018858561692205e+00,-1.101465209591169003e+00
1.801262337671711844e+00,-4.192327238778456255e+00,-9.203897757509186262e-01
1.801092127119820141e+00,-4.195485358410230070e+00,-7.452584774140499357e-01
1.801428356873295389e+00,-4.198835666288124102e+00,-5.650187145383985809e-01
1.802384264992414886e+00,-4.201059000628898588e+00,-3.893162439032010202e-01
1.803521534649899616e+00,-4.202940431257324860e+00,-2.075827551221277878e-01
1.804943476762081778e+00,-4.204653089756666517e+00,-3.002194116635111334e-02
1.806571487212576210e+00,-4.206826647647853967e+00,1.518623858212052036e-01
1.808309437835509570e+00,-4.208746553994855866e+00,3.410277948179889496e-01
1.810237844509954064e+00,-4.210564523523633973e+00,5.229033429745605366e-01
1.812341098745301471e+00,-4.212061360063855453e+00,6.986858399755547788e-01
1.814664548592767268e+00,-4.213369307877176340e+00,8.860510797478242662e-01
1.817007385409039388e+00,-4.214143870611088971e+00,1.074371670368528653e+00
1.819202099967642594e+00,-4.214196990983880120e+00,1.259686940579570535e+00
1.820337768140404267e+00,-4.214495922717313547e+00,1.290605773014393387e+00
1.818258992770359184e+00,-4.215670321936834775e+00,1.111136190634633536e+00
1.816548217013036925e+00,-4.216136492565416560e+00,9.361439498929173819e-01
1.814666189364067206e+00,-4.215773182737352798e+00,7.563438639506125938e-01
1.813341807140769424e+00,-4.215220598565078802e+00,5.779302626248764563e-01
1.811655121185437478e+00,-4.214430491958986558e+00,3.964001395233983094e-01
1.810212201647017238e+00,-4.213526653459405580e+00,2.212031247549891833e-01
1.808995045239912836e+00,-4.212505351487816796e+00,4.044694382107490160e-02
1.807935732795163952e+00,-4.210985165938877728e+00,-1.337736452019196443e-01
1.807555002880059547e+00,-4.209831436023725004e+00,-3.128388586363333723e-01
1.807113664642598705e+00,-4.208596910752596010e+00,-4.871086781366179008e-01
1.806991520538871354e+00,-4.207371350890218409e+00,-6.668509031839274792e-01
1.807097686964695527e+00,-4.205513790536459240e+00,-8.484951945438754528e-01
1.807367317682834651e+00,-4.203651051774111025e+00,-1.028985501225180732e+00
1.808237747391385541e+00,-4.201532186905420296e+00,-1.165109889344431826e+00
1.808481689489634947e+00,-4.204892469504747154e+00,-9.851851506879798492e-01
1.869195715456206219e+00,-4.287996642601722641e+00,-9.269808206358763902e-01
1.930487948868681469e+00,-4.368569785787983939e+00,-9.017155961883689397e-01
1.944239401082032526e+00,-4.385420144642824702e+00,-7.197263237126750868e-01
1.960370336727397467e+00,-4.399374697177083071e+00,-5.406584056392478299e-01
1.973767181133967208e+00,-4.412101897072408185e+00,-3.709129740987813784e-01
1.975248942960467158e+00,-4.414051565862909143e+00,-1.958575787518111733e-01
1.976591428555957153e+00,-4.415567335334993793e+00,-7.436295091625950635e-03
1.978543714803832065e+00,-4.416978144726055433e+00,1.798536744656855091e-01
1.980441639027802125e+00,-4.417805411562492068e+00,2.655024709009837780e-01
1.978630855334548855e+00,-4.416640808191278467e+00,8.277374136402981808e-02
1.977561866628117393e+00,-4.415594137668558794e+00,-1.006373980764406206e-01
1.976037299427727767e+00,-4.415018489670944568e+00,-2.853218206327612916e-01
1.974837790620303180e+00,-4.413934801008948305e+00,-4.703252163638166339e-01
1.974463547795594298e+00,-4.412919265063791840e+00,-6.476468427350597912e-01
1.997399798592103037e+00,-4.433499686398834960e+00,-8.027886996507758166e-01
2.008183889374634656e+00,-4.447619002107428443e+00,-9.791144632099930689e-01
2.025977938047268445e+00,-4.482347990343670041e+00,-1.028741707856895227e+00
2.050581357301580088e+00,-4.516513342409068876e+00,-8.619350285874977091e-01
2.051454739213583789e+00,-4.520026467792883196e+00,-6.782784115561797389e-01
2.052612602346288728e+00,-4.522781138522775635e+00,-4.936125356270179010e-01
2.054140154161633536e+00,-4.525676970226159668e+00,-3.157242031751263389e-01
2.056125161669207557e+00,-4.528275492296453208e+00,-1.337155763823269783e-01
2.058106046276348966e+00,-4.531106245011177869e+00,5.307098796023242138e-02
2.059811693290738432e+00,-4.533732636959278750e+00,2.394447715384324382e-01
2.061890348138697870e+00,-4.535186965418976257e+00,4.270533249237020157e-01
2.063400175312415374e+00,-4.535331035626890106e+00,6.166642627382019626e-01
2.064938051485301518e+00,-4.534400748218687660e+00,8.023739478100729849e-01
2.062483028119739270e+00,-4.531326019638725278e+00,7.106531082705542790e-01
2.060034892337140988e+00,-4.531485967011824378e+00,5.277040138767975508e-01
2.058079253426130073e+00,-4.531465488390956864e+00,3.527456949710523482e-01
2.056378324785453238e+00,-4.531310012833053236e+00,1.699832643405717603e-01
2.054756053300804908e+00,-4.531227562143609333e+00,-1.518308987850117316e-02
2.052801894524088233e+00,-4.530523356061387119e+00,-1.903271698816627888e-01
2.050865167483700624e+00,-4.529389796285143710e+00,-3.677996906957062828e-01
2.049698576720579979e+00,-4.527955502760186768e+00,-5.529563150969321050e-01
2.051806066269696416e+00,-4.529102873215739677e+00,-7.381044046788948210e-01
2.054913967555808796e+00,-4.531333251790313987e+00,-9.128882864691917343e-01
2.058716716161151261e+00,-4.536298841296561690e+00,-1.086265227738554495e+00
2.073817970735023497e+00,-4.578632277032707698e+00,-1.261416193883551307e+00
2.087858440046943542e+00,-4.651736746472873385e+00,-1.374831818474264056e+00
2.100654163364694238e+00,-4.712020471621477746e+00,-1.397236870536848530e+00
2.103217247699670445e+00,-4.764521427794651487e+00,-1.574272474413933587e+00
2.096961689068489676e+00,-4.865556189048790614e+00,-1.623387716713778905e+00
2.091359675176748478e+00,-4.967211345145559065e+00,-1.620162226472252387e+00
2.085164212873568346e+00,-5.068989096463561772e+00,-1.617690568711229737e+00
2.085711603672353753e+00,-5.096116928283082714e+00,-1.799758099866004102e+00
2.087947757105535818e+00,-5.096376054981676340e+00,-1.976456410597706714e+00
2.090353841687145220e+00,-5.096786976041292938e+00,-2.161178132241014183e+00
2.092975979299066758e+00,-5.097848657769429970e+00,-2.346212388787484393e+00
2.094912191573102600e+00,-5.099672449896020865e+00,-2.525034185499194006e+00
2.096599996930014420e+00,-5.101659051103538012e+00,-2.706627629869044593e+00
2.098248155542707938e+00,-5.103136909875614080e+00,-2.884200239803255794e+00
2.100000361257591930e+00,-5.104296475197073413e+00,-3.070262125344683568e+00
2.000448727470179655e+00,-5.111530180078745822e+00,-3.070838928613234486e+00
1.912594977365281723e+00,-5.117059376058178621e+00,-2.904080363070518089e+00
1.894185046318047849e+00,-5.121043637302986617e+00,-2.717721878609354658e+00
1.888736214506783195e+00,-5.121930910505390955e+00,-2.555406265087847295e+00
1.883216229126047692e+00,-5.123635363663841424e+00,-2.381472315471319323e+00
1.878011322854986842e+00,-5.126371942213055810e+00,-2.194893959365036284e+00
1.873126270156342477e+00,-5.130337535361504386e+00,-2.007354029301427811e+00
1.867989638423110277e+00,-5.140416436686507495e+00,-1.832960494153335285e+00
1.845234683270015719e+00,-5.239482988810857833e+00,-1.769021040514192844e+00
1.823403814733225214e+00,-5.339066050962212095e+00,-1.766763285802114725e+00
1.801865868496708600e+00,-5.437690275290192332e+00,-1.771282379724181899e+00
1.784389105317645940e+00,-5.508827065279083612e+00,-1.613158347047548125e+00
1.783060641203179530e+00,-5.510796359141999723e+00,-1.427441091428721887e+00
1.782219454243603840e+00,-5.513115670187848316e+00,-1.240199418916920537e+00
1.782041948206748216e+00,-5.515443657267150357e+00,-1.054269840917380074e+00
1.782376976385589007e+00,-5.517598884296308626e+00,-8.803635416454953511e-01
1.782661243362186454e+00,-5.520128154772970142e+00,-7.005464404331542827e-01
1.783710021794044698e+00,-5.522383079468285771e+00,-5.269562196877735083e-01
1.784881932395058657e+00,-5.525651641226683175e+00,-3.576028512720093588e-01
1.878639099215622554e+00,-5.560207115265123790e+00,-2.526534595382832205e-01
1.880273936921156075e+00,-5.563396128082822578e+00,-2.227067538712244055e-01
1.857069107806743613e+00,-5.562346510495883578e+00,-8.004375157976753585e-02
1.859097432292874386e+00,-5.564337227514736028e+00,9.061383512901928505e-02
1.860711620125540922e+00,-5.565734191577058176e+00,2.723425621931083174e-01
1.862758229658154407e+00,-5.567296326789127114e+00,4.603245056838014548e-01
1.864733722290222051e+00,-5.568571445257768815e+00,6.475304791615692501e-01
1.867219691147551597e+00,-5.569605653130420109e+00,8.200055420469294365e-01
1.869736127886592048e+00,-5.569845072228936544e+00,1.005420767546340244e+00
1.872426372031669617e+00,-5.569493154327429529e+00,1.175254369102760155e+00
1.875291272927740893e+00,-5.569109829106212217e+00,1.351065299463031888e+00
1.876108855654082808e+00,-5.568058421402443336e+00,1.540044242193142177e+00
1.871374753486177767e+00,-5.468662351415944478e+00,1.643917202921218568e+00
1.865612278760002907e+00,-5.367234175349365977e+00,1.647071017734953458e+00
1.863404149892551320e+00,-5.355077656901543470e+00,1.475671338013314848e+00
1.861391254377223525e+00,-5.355589017404585483e+00,1.291053979738860713e+00
1.886554910325122680e+00,-5.293120171803487040e+00,1.172765327175919303e+00
1.887701812629238640e+00,-5.291440362765752248e+00,1.361251926096610498e+00
1.906991375719577997e+00,-5.204606000726498927e+00,1.216345913508187326e+00
1.916067482440110270e+00,-5.188533127546764767e+00,1.042274991568143072e+00
1.977368796913496762e+00,-5.105750466190852599e+00,9.505432560270463682e-01
2.041787109439446635e+00,-5.026709266328654557e+00,7.927272296642799976e-01
2.080869035413495549e+00,-4.993752112719768377e+00,6.166065486350165159e-01
2.107613636181474792e+00,-4.977071359170435194e+00,4.277737477693125956e-01
2.126343116645649456e+00,-4.969405578079478580e+00,2.392201171644446900e-01
2.151276375069564928e+00,-4.965335455546646237e+00,4.058350924737345877e-02
2.181393330439600042e+00,-4.965328043682203152e+00,-1.424514043198300828e-01
2.199604994400263802e+00,-4.968608103076945781e+00,-3.273586070569177719e-01
2.224373504942919855e+00,-4.979962743362211341e+00,-5.189171151251301684e-01
2.250160026175962447e+00,-4.998277344476628414e+00,-7.072243441530807750e-01
2.271030500409115138e+00,-5.020264887971706003e+00,-8.876526722202994213e-01
2.310093823194462548e+00,-5.083697801639477376e+00,-1.019395388525986768e+00
2.326910785099681078e+00,-5.106566169640626818e+00,-8.333207031669370712e-01
2.348194654390951985e+00,-5.126259082077710971e+00,-6.439396638526246885e-01
2.377156872438623836e+00,-5.144289855845726400e+00,-4.563803804143329867e-01
2.425082818135276153e+00,-5.161746825728643628e+00,-2.836203157457267143e-01
2.522470222152699115e+00,-5.190214341432701772e+00,-3.554885805249858866e-01
2.547108081541197500e+00,-5.201531082671752237e+00,-2.969000194199293841e-01
2.549341217608581900e+00,-5.202675555012633346e+00,-1.141206382452613910e-01
2.551720391801107546e+00,-5.203854749279974712e+00,6.994555544681013703e-02
2.554504312894377627e+00,-5.205447802255837253e+00,2.543866934054435647e-01
2.557107589987261065e+00,-5.206420163723060490e+00,4.436239452117418103e-01
2.560357061601402417e+00,-5.206961369280137752e+00,6.221749881193037179e-01
2.563510034974130658e+00,-5.208699165728366332e+00,8.063684391272983865e-01
2.566919758302824928e+00,-5.209386645204383548e+00,9.896268733067563605e-01
2.569897589807214278e+00,-5.209580646531457582e+00,1.172355794742322654e+00
2.572691711768595901e+00,-5.209025743659362107e+00,1.351066918262564531e+00
2.575270226566921394e+00,-5.208724128221152938e+00,1.535747314096089999e+00
2.576534496417198561e+00,-5.208270025859854435e+00,1.711648651171584046e+00
2.577293300808999099e+00,-5.207521272125040568e+00,1.893771446511423484e+00
2.577375467966317224e+00,-5.206907857730763922e+00,2.069405652440287735e+00
2.576719021909414042e+00,-5.206073446522494486e+00,2.245175974644812555e+00
2.575663351794377220e+00,-5.205438640471044209e+00,2.428950301266162626e+00
2.574343722159281089e+00,-5.204775399746346842e+00,2.616127711437900238e+00
2.573030588181405953e+00,-5.204084386378724503e+00,2.792535239652181644e+00
2.571686461823052827e+00,-5.203278753876743323e+00,2.980690385313557567e+00
2.570318722933727873e+00,-5.202768502688746466e+00,-3.122954966761468665e+00
2.568648686037712903e+00,-5.202014947126326838e+00,-2.940632184918585690e+00
2.566631396622109484e+00,-5.201441146004245120e+00,-2.755612871629664173e+00
2.565219242905969921e+00,-5.200693092152151920e+00,-2.575412783368303149e+00
2.563479970966574761e+00,-5.199770242321828384e+00,-2.397585614967200573e+00
2.562120747468288329e+00,-5.198959315659188896e+00,-2.218025475123393431e+00
2.560652636308175190e+00,-5.198482451629938161e+00,-2.037509814948475384e+00
2.559123216423190073e+00,-5.198342502753754424e+00,-1.856645323994894792e+00
2.557811624931246808e+00,-5.198937303307413771e+00,-1.676290221236608646e+00
2.556790230505324946e+00,-5.200088307124764775e+00,-1.489341981827709160e+00
2.556136424959308151e+00,-5.201878363854508081e+00,-1.301041082492801149e+00
2.555756239340003955e+00,-5.205768766262090175e+00,-1.127731315796945744e+00
2.565755936898571399e+00,-5.225183267500065121e+00,-9.480709876565968086e-01
2.626194836610157957e+00,-5.307188740560500939e+00,-9.258768292092610652e-01
2.685801708527828513e+00,-5.388694513996844293e+00,-9.295585433943260867e-01
2.745873300972690334e+00,-5.469882079156646704e+00,-9.254741480603111414e-01
2.787779434082382934e+00,-5.519245607213027149e+00,-7.468992364024982233e-01
2.798777279158073394e+00,-5.531645341846082253e+00,-5.625195584161996054e-01
2.800157168148383668e+00,-5.534095702786541615e+00,-3.717902198318255858e-01
2.801341112619663232e+00,-5.536914554703336044e+00,-1.846434354927564137e-01
2.803095606700397369e+00,-5.539697160571173562e+00,4.037209201595996777e-03
2.804763630828441823e+00,-5.541847886898776387e+00,1.879630308438915431e-01
2.806944537139623108e+00,-5.543821151700323746e+00,3.670851283906099161e-01
2.809155909532799811e+00,-5.545400713666008841e+00,5.454320778307472084e-01
2.807740775548167811e+00,-5.545283269348508348e+00,3.694501488657936927e-01
2.805603121542713740e+00,-5.544901483309367940e+00,1.900808217202786810e-01
2.804293026453373638e+00,-5.544186022824335147e+00,9.632737571785586483e-03
2.802916250116766150e+00,-5.543224863178462414e+00,-1.645831253868987321e-01
2.805486536405881193e+00,-5.543143414012494219e+00,-3.380437176926193166e-01
2.809103608101017002e+00,-5.544192794591605633e+00,-5.119906907308238164e-01
2.822025250003650676e+00,-5.553458488339263255e+00,-6.871467960192843005e-01
2.828736885419524061e+00,-5.559525840452347545e+00,-8.617429257365809558e-01
2.839300851983557639e+00,-5.574092080304429153e+00,-1.036959508403914931e+00
2.859696308430875078e+00,-5.612218001210140805e+00,-1.205377641010694667e+00
2.869432162326008839e+00,-5.658462426922366006e+00,-1.382542017930407985e+00
2.872344863023931882e+00,-5.714001393552517349e+00,-1.562550530948548344e+00
2.863852469933692912e+00,-5.814743747862918255e+00,-1.730392655700723870e+00
2.845420370860266779e+00,-5.876297682933508071e+00,-1.911400679228902444e+00
2.806190714255287766e+00,-5.971561832531987690e+00,-1.951859437758131754e+00
2.766940584288253735e+00,-6.066368780644868508e+00,-1.952597033863159748e+00
2.728445298444293066e+00,-6.159766575546793632e+00,-1.905303110928211696e+00
2.721523922971496035e+00,-6.178932061798780850e+00,-1.729370613196510087e+00
2.719599213712418972e+00,-6.180523258621984262e+00,-1.543416962512029755e+00
2.717680116259475920e+00,-6.182755925701179045e+00,-1.363162585938749283e+00
2.715719242429693647e+00,-6.185054234248318572e+00,-1.180336863067669162e+00
2.715171858436102870e+00,-6.187437588888989204e+00,-1.002074192630423521e+00
2.715108670804236901e+00,-6.189905120619735968e+00,-8.183244241759104476e-01
2.715684268506411314e+00,-6.192448560771272703e+00,-5.909568195510855881e-01
2.716363095389995763e+00,-6.194437154164474713e+00,-4.131581025726914214e-01
2.716882304852156871e+00,-6.196135898695501076e+00,-2.233960107093794778e-01
2.717764383264629657e+00,-6.197768690507762912e+00,-3.162520528935487685e-02
2.719175775038880971e+00,-6.199689989851658645e+00,1.770533249896092953e-01
2.720721003471449961e+00,-6.201758425382111639e+00,3.786717560919223291e-01
2.723261420448155334e+00,-6.203499012698019399e+00,6.650836797114695331e-01
2.725462308907022901e+00,-6.204720652689305282e+00,8.930129770203916184e-01
2.727523161824747522e+00,-6.205324412938497680e+00,1.067368528028604935e+00
2.729592615358213514e+00,-6.205398494010952781e+00,1.259373082709175806e+00
2.731379158823118658e+00,-6.204291069084648669e+00,1.483508906065821975e+00
2.732729084410906228e+00,-6.203373876073797533e+00,1.657999871317808127e+00
2.733921911024411067e+00,-6.201913759002493975e+00,1.871645104050277508e+00
2.734463522774834843e+00,-6.200191825945665869e+00,2.050989836476334371e+00
2.734626093728048879e+00,-6.197692047095173962e+00,2.310163326034000875e+00
2.734073069318825766e+00,-6.195533225163520896e+00,2.530745044365445118e+00
2.733103463572999825e+00,-6.193698297501552652e+00,2.754007397979710170e+00
2.731719363506226461e+00,-6.192299963016141717e+00,2.930777498603175601e+00
2.729730342547759037e+00,-6.189917001876964697e+00,-3.108938549291621722e+00
2.728032821573087130e+00,-6.188502342998273953e+00,-2.931776788952106472e+00
2.725992250331240818e+00,-6.187000670300607297e+00,-2.697028088161114834e+00
2.724052110271319549e+00,-6.185632154520163795e+00,-2.509466006088071133e+00
2.722048698405564515e+00,-6.184907831958453173e+00,-2.330984500241342960e+00
2.721000489168507563e+00,-6.185264383735333382e+00,-2.318825104584414820e+00
2.722573732608346564e+00,-6.186200202175948348e+00,-2.510803616090014678e+00
2.723262426948739545e+00,-6.187085941493050356e+00,-2.605016989394555615e+00
2.720952105041590130e+00,-6.186289032149478118e+00,-2.427036742632328714e+00
2.718552250920172053e+00,-6.186587053014708459e+00,-2.307764116552065925e+00
2.720528528440648852e+00,-6.187337250926666421e+00,-2.493258695647295298e+00
2.722175517205622342e+00,-6.188650327148077501e+00,-2.668634565128181535e+00
2.723915765021191593e+00,-6.190509004505766022e+00,-2.853043063769937326e+00
2.627371291584987834e+00,-6.211947623842027255e+00,-2.954466904541241057e+00
2.526997625180811280e+00,-6.232736428287128483e+00,-2.931212874894701059e+00
2.429620853696603078e+00,-6.261915130406264574e+00,-2.884144458990202331e+00
2.332451212763902770e+00,-6.289178894303245393e+00,-2.881192971753842702e+00
2.234749379308847761e+00,-6.317104208814400934e+00,-2.876152824184628365e+00
2.194662787152825700e+00,-6.327795238774649000e+00,-2.708613862726993116e+00
2.192031291398784276e+00,-6.327329104289125539e+00,-2.526417057752777140e+00
2.114732187040591072e+00,-6.392014527269194168e+00,-2.431642649949694590e+00
2.036798570700287581e+00,-6.458922611035616157e+00,-2.429561132665965406e+00
1.960441087902217383e+00,-6.525386519597595303e+00,-2.427161191932035944e+00
1.884305592448952238e+00,-6.593027423819792787e+00,-2.421210055537443395e+00
1.836468959739493867e+00,-6.642266596770090459e+00,-2.583753808058617096e+00
1.838034830846089873e+00,-6.643701288917929659e+00,-2.771302226073955932e+00
1.839621487341662309e+00,-6.645525208140031559e+00,-2.957888518263158240e+00
1.841113454742199673e+00,-6.646751075500933581e+00,-3.138865100336335701e+00
1.842491134425075172e+00,-6.648604314355172740e+00,2.957740894968190926e+00
1.761427406990846434e+00,-6.626699763588022485e+00,2.898481177177086199e+00
1.733286261504227044e+00,-6.620516124249555823e+00,2.805380943226631452e+00
1.728110665858001216e+00,-6.618777242304438424e+00,2.885082026116162712e+00
1.726913697919248980e+00,-6.618887506489610217e+00,2.895869681826844122e+00
1.727620830466134683e+00,-6.620751566150748779e+00,2.711753383435615561e+00
1.644676918115513420e+00,-6.571845021754608496e+00,2.579952826811195532e+00
1.587974361458382333e+00,-6.539708599520176691e+00,2.363991124661750654e+00
1.587193408685200646e+00,-6.540309676774648473e+00,2.384642877473231781e+00
1.586265716594610353e+00,-6.539022866244032173e+00,2.563953035669745084e+00
1.585165786753642836e+00,-6.538174198700841266e+00,2.738093317740693422e+00
1.584327953196702721e+00,-6.537178187672633811e+00,2.920013784952675273e+00
1.583141107683134985e+00,-6.536241388033841027e+00,3.122923694257828231e+00
1.582177596171058465e+00,-6.535252859695706462e+00,-2.986286790838695193e+00
1.580603365334540822e+00,-6.534132364860612441e+00,-2.809754552314513543e+00
1.578989735911515480e+00,-6.533106922555864671e+00,-2.629138968138430066e+00
1.577202804732791064e+00,-6.532190682065611043e+00,-2.447980294394588530e+00
1.575378934159165079e+00,-6.531828400646707777e+00,-2.273243956565762947e+00
1.573459210688562315e+00,-6.531864425582233125e+00,-2.093213003393919802e+00
1.571325456135711951e+00,-6.531951251933350910e+00,-1.912713898360960174e+00
1.569799972293114410e+00,-6.532531332322460749e+00,-1.733550755995140191e+00
1.568041798062586922e+00,-6.533002767416047796e+00,-1.555295757434330906e+00
1.566884693492506475e+00,-6.534004384977892599e+00,-1.379685846760578150e+00
1.566318024284464316e+00,-6.535565506082295251e+00,-1.198303952400842309e+00
1.565590112666166878e+00,-6.536755629680302881e+00,-1.018070299402605627e+00
1.565478593096758297e+00,-6.538476310158351623e+00,-8.435059321187171610e-01
1.566233179904516604e+00,-6.540164868094716866e+00,-6.635985269565136679e-01
1.566776267154980751e+00,-6.542016156521756720e+00,-4.891095597089396563e-01
1.566962593769084089e+00,-6.543960567311748022e+00,-3.081113918010378039e-01
1.566103083058213885e+00,-6.543703166598905163e+00,-4.104104514873502252e-01
1.564590057218761654e+00,-6.542036242720281614e+00,-5.863749283370967014e-01
1.629762663323264249e+00,-6.589045392373733989e+00,-6.628481037501249284e-01
1.703202962864476477e+00,-6.639043737949227086e+00,-6.268624867769118092e-01
1.778066391008310543e+00,-6.706054323297991004e+00,-7.714554875038635018e-01
1.837777495909020287e+00,-6.767470967393804493e+00,-9.341850000145340838e-01
1.855761106900175372e+00,-6.797020622555541181e+00,-1.109897722096980566e+00
1.856143364867121281e+00,-6.795387743489705201e+00,-1.298497114947552822e+00
1.857412120840847392e+00,-6.793943039201028711e+00,-1.477698929738365585e+00
1.859047082007408536e+00,-6.792483943262243251e+00,-1.659457618273386004e+00
1.860841544850465157e+00,-6.791240537793611587e+00,-1.846318157384674086e+00
1.863470619803962336e+00,-6.790638466024812026e+00,-2.031107368162497373e+00
1.850825563475177571e+00,-6.811956646758739353e+00,-2.191125980873869672e+00
1.830617773771409107e+00,-6.829847107928087802e+00,-2.128518151628010280e+00
1.828850419395454896e+00,-6.830693020039634078e+00,-1.939613446433497312e+00
1.827315165731481894e+00,-6.831536782939827468e+00,-1.752909371784146186e+00
1.826361945742515092e+00,-6.833046823405595660e+00,-1.571006827731786348e+00
1.825590510269633482e+00,-6.834796486488832201e+00,-1.384536985916559937e+00
1.825033144981134337e+00,-6.836934376803068147e+00,-1.208381288664621911e+00
1.824790439449135881e+00,-6.839579053364936989e+00,-1.021819420308198278e+00
1.878464742048601144e+00,-6.926415903001307051e+00,-9.982713736437415220e-01
1.936656922106893663e+00,-7.010577113906600211e+00,-9.158858679641199707e-01
1.996547490965050686e+00,-7.092443470757157087e+00,-9.202982056811424005e-01
2.055367719948653527e+00,-7.174217226248142509e+00,-9.248239887884002197e-01
2.114501941755280612e+00,-7.257440553071272227e+00,-9.264036959077961431e-01
2.156662868061858696e+00,-7.319959210839352970e+00,-7.619845533624018952e-01
2.156729054254896027e+00,-7.321858678424766786e+00,-5.752473647175657678e-01
2.157772382478373441e+00,-7.324134226971120931e+00,-3.843046825036476877e-01
2.158744541091659475e+00,-7.325942850159703923e+00,-1.970888204128140864e-01
2.159544886699377386e+00,-7.328106042091463657e+00,-1.596266724680451068e-02
2.160824765776764078e+00,-7.329991811964559290e+00,1.634160217903860290e-01
2.161823163330401254e+00,-7.332066736737244739e+00,3.468314697271119851e-01
2.163485276694421700e+00,-7.334192323762898091e+00,5.233858760733909321e-01
2.165314077490792855e+00,-7.336001074742697803e+00,7.028389312453799942e-01
2.167260076042585748e+00,-7.337050908505298175e+00,8.837712099480641292e-01
2.169231213898328736e+00,-7.337838915313941612e+00,1.064453872396103229e+00
2.171011806079321982e+00,-7.338295919737880979e+00,1.244422247253450520e+00
2.172387042031584503e+00,-7.338030131861956740e+00,1.424577298836133821e+00
2.173923041461347072e+00,-7.337706351522404802e+00,1.605398191688472309e+00
2.175111910961211592e+00,-7.337063341254919102e+00,1.793828942217144506e+00
2.175881326063390908e+00,-7.336000279821743852e+00,1.973291766518803891e+00
2.176162971563658122e+00,-7.335599186657776549e+00,2.135302431255484468e+00
2.176054329684596667e+00,-7.334701327564290274e+00,2.314233637940370514e+00
2.108858943218676618e+00,-7.262518795844858488e+00,2.315117798800602866e+00
2.040482795169868524e+00,-7.191019504360898651e+00,2.322344343441406167e+00
1.971492040381220834e+00,-7.119383927421900182e+00,2.328490051601736610e+00
1.911608374527200116e+00,-7.057889716657125945e+00,2.327692319718217551e+00
1.849959165437822239e+00,-6.977918377011920192e+00,2.211377402982846352e+00
1.790289919867055657e+00,-6.897006495561134543e+00,2.216645673405184258e+00
1.729960163100492831e+00,-6.815772428715372477e+00,2.217902979643822547e+00
1.705295247427163652e+00,-6.779643946107223762e+00,2.042634087153442746e+00
1.698304715082951333e+00,-6.762210902380638267e+00,1.862794655115351805e+00
1.694882190887398554e+00,-6.744204678808265463e+00,1.684182683488925969e+00
1.694789466977552506e+00,-6.725713585497011593e+00,1.508183096700064452e+00
1.697993054703028637e+00,-6.707050763778868330e+00,1.332558659857455474e+00
1.704357208555027148e+00,-6.688454473359080943e+00,1.155263455562359987e+00
1.713204176631095255e+00,-6.670997878554675076e+00,9.803366444276309100e-01
1.724597711541772771e+00,-6.655528496106010827e+00,8.058134012746778208e-01
1.799252986424930478e+00,-6.587982168625070578e+00,7.092874457881540584e-01
1.875120024984828770e+00,-6.519890282887646826e+00,7.179470036170552127e-01
1.950728098602380500e+00,-6.450736175709921305e+00,7.249992156977907998e-01
2.025319530010722069e+00,-6.381534426548854277e+00,7.325405180184663134e-01
2.099241685422259973e+00,-6.311078225885203175e+00,7.353350680006059958e-01
2.171731831985376004e+00,-6.243213469466417642e+00,5.684110694550332799e-01
2.186823118113391029e+00,-6.233536618033255650e+00,3.899508203167828535e-01
2.203382586606168037e+00,-6.226925118808961379e+00,2.088077442287635255e-01
2.221167954615093088e+00,-6.223316617681826202e+00,2.455844014131417299e-02
2.238806772199467332e+00,-6.223030490675875548e+00,-1.561737008800373194e-01
2.255599108889751125e+00,-6.225775967856695736e+00,-3.382952670541551909e-01
2.347596211459471505e+00,-6.266447774486938904e+00,-4.843727366931832590e-01
2.437678916240866744e+00,-6.310275047862591080e+00,-4.769241542274496592e-01
2.529031802988110034e+00,-6.353779577397816070e+00,-3.346901262668683930e-01
2.628716588080245664e+00,-6.375166446425412303e+00,-2.139433099030968455e-01
2.686944347914034914e+00,-6.379612725195500822e+00,-4.147362361564110173e-02
2.709649060746940563e+00,-6.379258224124141563e+00,1.343623405666608817e-01
2.808573662744803467e+00,-6.352549941697562375e+00,2.667213777416734266e-01
2.871790246860673967e+00,-6.332863062384620711e+00,4.431490783851644299e-01
2.883317126542312536e+00,-6.328622144863531140e+00,6.212587901211206187e-01
2.886707022136425937e+00,-6.329268963926972802e+00,8.054264790424732201e-01
2.956074347244767253e+00,-6.254225303519155510e+00,8.434473574084323522e-01
3.024775814021142040e+00,-6.179155337168565687e+00,8.426138860220804272e-01
3.093694750539928595e+00,-6.103438117940592100e+00,8.379839056584315049e-01
3.163393518618707656e+00,-6.027164297621845357e+00,8.358045087544389018e-01
3.232538947117827632e+00,-5.952425494272224782e+00,8.328378841601203897e-01
3.289453426281959025e+00,-5.887099916075531958e+00,6.548905421764580348e-01
3.371977620340001369e+00,-5.827066482532775815e+00,6.283054025786917185e-01
3.454423268953099591e+00,-5.765980283769466475e+00,6.332383772155115720e-01
3.536378371960247957e+00,-5.704956391623490219e+00,6.370235817699705372e-01
3.588089163704715201e+00,-5.663782429045402189e+00,4.643252778693077176e-01
3.586880833867931440e+00,-5.661752528367035353e+00,2.955280997375073215e-01
3.585466667701056043e+00,-5.660019750356341639e+00,1.166409305046390427e-01
3.584350456979112920e+00,-5.658549763102250552e+00,-5.956302818993555043e-02
3.583679850492468066e+00,-5.656870688245509982e+00,-2.448133262927162934e-01
3.583174579558951578e+00,-5.654554927668320019e+00,-4.321341844668030174e-01
3.582949098692058243e+00,-5.652241009273931027e+00,-6.203038904211233273e-01
3.583634238606849376e+00,-5.648516233420108890e+00,-7.909894429988963971e-01
3.549392031461851893e+00,-5.600404512555216208e+00,-7.420895672596683479e-01
3.551212665675160363e+00,-5.600423651333634290e+00,-5.514464489224639721e-01
3.552735245483952475e+00,-5.601363479074722207e+00,-3.677205233991261424e-01
3.553863153355619975e+00,-5.603945665497884754e+00,-1.895665540335637889e-01
3.554995547227853603e+00,-5.606420197847843845e+00,-1.657379787420978218e-02
3.556617128810974027e+00,-5.608525648713690970e+00,1.597887371560982039e-01
3.558430029559080054e+00,-5.610311643250386560e+00,3.352188451224550336e-01
3.560339974515090322e+00,-5.612137492424873919e+00,5.134391332597370017e-01
3.645454285628367597e+00,-5.556913709177803362e+00,5.803155593823696723e-01
3.729148631232329869e+00,-5.503482690152957879e+00,7.546468340267690200e-01
3.731909558063342569e+00,-5.503767692497008035e+00,9.400593006060633527e-01
3.734541670217513598e+00,-5.503194142063946970e+00,1.126111284064974072e+00
3.735793398364508189e+00,-5.502553062830969566e+00,1.306896920473458623e+00
3.736769579075827075e+00,-5.501356705866112584e+00,1.483976607283499671e+00
3.738098057237567051e+00,-5.499504633210557714e+00,1.668981280112326493e+00
3.739131063170086033e+00,-5.497974299063759673e+00,1.851289816119202403e+00
3.739688962271392914e+00,-5.496264804165609696e+00,1.966814938272757995e+00
3.739482711820687033e+00,-5.497989143524784517e+00,1.846076307229779223e+00
3.740680107573415736e+00,-5.496172502355235245e+00,2.020121411168666725e+00
3.740419361449861313e+00,-5.493556949237262899e+00,2.205151811106975668e+00
3.680750770882485146e+00,-5.412339596750060267e+00,2.207517609795663915e+00
3.627678740455251738e+00,-5.336486755724971331e+00,2.156928848468833593e+00
3.615702570113802139e+00,-5.318378773277574467e+00,2.332970428752626724e+00
3.601030597898581931e+00,-5.303469213860383391e+00,2.230474966058149100e+00
3.601103447268492186e+00,-5.303763061361743247e+00,2.223505386644459403e+00
3.600503621416029532e+00,-5.301317969084403003e+00,2.407504187608169754e+00
3.599508116489720244e+00,-5.298534690142628456e+00,2.591737375888174988e+00
3.598874878229085805e+00,-5.297827518884928644e+00,2.549372946604254953e+00
3.572262694874485334e+00,-5.275219473111244284e+00,2.548814502693634410e+00
3.570541536123762683e+00,-5.272839873554131529e+00,2.735526641679522530e+00
3.568789589681157892e+00,-5.270485468252531724e+00,2.918994886202682437e+00
3.567667821758511604e+00,-5.268591061679386733e+00,3.107629293159484440e+00
3.565858353990067009e+00,-5.266700799303584368e+00,-2.995129897798747276e+00
3.564038008209638342e+00,-5.264549313352570259e+00,-2.810241901823135269e+00
3.562356067281591265e+00,-5.262621470293488812e+00,-2.617643633727953389e+00
3.560162245383749813e+00,-5.260892669554841028e+00,-2.425234032896388836e+00
3.557841749126684050e+00,-5.259672744156962843e+00,-2.241078226156953956e+00
3.555068422714728005e+00,-5.259182281023615957e+00,-2.038716873270308483e+00
3.552709403324912252e+00,-5.259405928869163915e+00,-1.852581232692770197e+00
3.550384646289577617e+00,-5.259724870707991329e+00,-1.676350129576731129e+00
3.548139782704134326e+00,-5.260706459113575484e+00,-1.493676047534456375e+00
3.546492905440044474e+00,-5.261560173204881785e+00,-1.309183388486498956e+00
3.545243440545198688e+00,-5.263083718734036687e+00,-1.096703647631412482e+00
3.544063639278579814e+00,-5.264659067820486982e+00,-8.943374523452751745e-01
3.543826455632614891e+00,-5.266128382145855547e+00,-7.098394559660741177e-01
3.543929438109030716e+00,-5.267594617083315001e+00,-5.269506326591805179e-01
3.544142930279671422e+00,-5.269163322851068365e+00,-3.442477625244864115e-01
3.544704202206303556e+00,-5.270874125814000166e+00,-1.413335265347772374e-01
3.545411921587047210e+00,-5.271993059134582715e+00,4.217920469927053523e-02
3.546462031013440708e+00,-5.273108178007585245e+00,2.235893181457312695e-01
3.547434244026080208e+00,-5.273907517632584252e+00,4.061953253901257610e-01
3.549098502042824954e+00,-5.275107318590815275e+00,5.870355232480324315e-01
3.551026077399038972e+00,-5.276072876615006457e+00,7.627480992346653554e-01
3.555672635298326778e+00,-5.278039172107133581e+00,9.327326671470747010e-01
3.555569838677863803e+00,-5.275946108947380253e+00,1.119981134102952636e+00
3.557445415644012954e+00,-5.275210161699768641e+00,1.306608592537833458e+00
3.558836074595250754e+00,-5.273572892829020198e+00,1.492413386082408033e+00
3.559950939799917613e+00,-5.271733891799350147e+00,1.676422085764834646e+00
3.560645024773311906e+00,-5.269450805793826298e+00,1.863711207090713140e+00
3.560792208113514601e+00,-5.267316363438656168e+00,2.039405537085983600e+00
3.560870826576651549e+00,-5.264815754610157938e+00,2.225724410794807984e+00
3.495708379788657894e+00,-5.188782359819752443e+00,2.291198909047582610e+00
3.425152617709874114e+00,-5.107856850488547984e+00,2.288752906929421016e+00
3.358764891696420118e+00,-5.031942781782129614e+00,2.290370334999459523e+00
3.290540661121972299e+00,-4.953582670743262639e+00,2.287167135936922779e+00
3.224316566324576083e+00,-4.877714665942580297e+00,2.287925429148156109e+00
3.171607157029314727e+00,-4.819490885374416500e+00,2.116315646169759646e+00
3.171039815334475875e+00,-4.820174351190394724e+00,1.931243349806672116e+00
3.169987259662164103e+00,-4.821171041894257492e+00,1.743222797365321375e+00
3.168325189944753539e+00,-4.822286084483633495e+00,1.568125214076469653e+00
3.166185621117045823e+00,-4.823088190013811172e+00,1.388321149613699346e+00
3.163341996025227143e+00,-4.823078770941362059e+00,1.222373395753870939e+00
3.160578070181317312e+00,-4.823515562340260132e+00,1.045747068723793749e+00
3.158466211938358192e+00,-4.822181704800863500e+00,1.020915204010881761e+00
3.160373197873308726e+00,-4.821219174357297632e+00,1.208631910295980383e+00
3.162104333376607457e+00,-4.819746454447316530e+00,1.390373764821709823e+00
3.163333638311358609e+00,-4.819049385081245696e+00,1.571034359826270377e+00
3.164121420608650315e+00,-4.817365398863941550e+00,1.752665812976729631e+00
3.164532655427333641e+00,-4.815617192274070035e+00,1.933714663418206747e+00
3.157675551061260855e+00,-4.799179805623209560e+00,2.098824049732921804e+00
3.156998075531527892e+00,-4.796737912707737195e+00,2.272913232786717419e+00
3.156566443286326518e+00,-4.794688917079473534e+00,2.454367082195795025e+00
3.089955314637527817e+00,-4.743353836438662263e+00,2.318824378605269576e+00
3.089622255022639763e+00,-4.744565225560363864e+00,2.129067035773799521e+00
3.088544901550916766e+00,-4.746367381993728429e+00,1.927264690480909426e+00
3.086874094238655886e+00,-4.747472695088459815e+00,1.706993455810901894e+00
3.084449706401724889e+00,-4.748584865507066155e+00,1.493894616386910679e+00
3.082131779928957371e+00,-4.748986369521006168e+00,1.279859132623535789e+00
3.078599154279845429e+00,-4.749373733786772966e+00,1.104218568855370286e+00
3.074942766048483822e+00,-4.747849896240126988e+00,9.695314679056024065e-01
3.053843763410792000e+00,-4.778296341236814904e+00,1.145352269788707300e+00
3.055507790894611997e+00,-4.777581212076438710e+00,1.326649306415995211e+00
3.056941074221407373e+00,-4.776806048065635579e+00,1.505165829711939462e+00
3.058449626263100907e+00,-4.775453225836133520e+00,1.685732273486863830e+00
3.059590893641819687e+00,-4.773597444659276157e+00,1.865279822204580773e+00
3.060238682610235905e+00,-4.771725576769842547e+00,2.041979155891342046e+00
3.060393179898202920e+00,-4.769028141350831973e+00,2.214521952851164155e+00
3.015523085921240298e+00,-4.714804567162949489e+00,2.111877823871412652e+00
3.015071182335389732e+00,-4.716085500079707060e+00,1.925684238852960251e+00
3.013861772654581106e+00,-4.716908197016321580e+00,1.749716951384833630e+00
3.012124957219092014e+00,-4.717524486431861064e+00,1.569266549747319051e+00
3.010297289447987357e+00,-4.718019450092260314e+00,1.387764200420816607e+00
3.008330826320906315e+00,-4.717830392332331257e+00,1.204762529924954695e+00
3.006349462460253807e+00,-4.717210878245577277e+00,1.023434911648483769e+00
3.004446377523233291e+00,-4.716290184977242284e+00,8.454908567551505660e-01
3.034523886156609951e+00,-4.683192999132829826e+00,9.367800577858259592e-01
3.036855640684171131e+00,-4.682209207916016247e+00,1.127834639954897522e+00
3.039017042003937963e+00,-4.681070189362531941e+00,1.310323055797758096e+00
3.040511749715506529e+00,-4.679398441726079660e+00,1.484110833310418709e+00
3.041753322798236958e+00,-4.677814101293161109e+00,1.663097557424688899e+00
3.042817361166254120e+00,-4.676099068088327648e+00,1.839862957154131395e+00
3.043091578129951902e+00,-4.674821116990035996e+00,2.021336504481775265e+00
2.988044228544371794e+00,-4.590282371613499279e+00,2.171320492082594367e+00
2.930003285882822439e+00,-4.505787928520401664e+00,2.175573371018947988e+00
2.874603598566238372e+00,-4.420373437997299426e+00,2.210646090607930159e+00
2.813206070260230174e+00,-4.340101139298823796e+00,2.219918958007601972e+00
2.751081441428434360e+00,-4.260518119134624193e+00,2.223403096111058463e+00
2.688094554957399129e+00,-4.181249911969877608e+00,2.229245381805992299e+00
2.628411482455880410e+00,-4.110452739530688682e+00,2.062641021307149103e+00
2.627715224103547076e+00,-4.112635812125215118e+00,1.880893361945665809e+00
2.626947818458276629e+00,-4.114445933140677525e+00,1.692934625901342027e+00
2.625847137416977173e+00,-4.115940354288595948e+00,1.506466657949619981e+00
2.624225670261743470e+00,-4.117526784207575119e+00,1.319373895898714455e+00
2.622537414996458427e+00,-4.118346811658109452e+00,1.136714817032356661e+00
2.620683802791222039e+00,-4.118608189502618977e+00,9.598376676054600765e-01
2.618422150627468969e+00,-4.118235623322555661e+00,7.729273732121317853e-01
2.547189565731539318e+00,-4.182790799287102956e+00,7.352032797993026669e-01
2.557768723310485104e+00,-4.174248880421457031e+00,9.037610847125381319e-01
2.567674413503230557e+00,-4.162498244516928736e+00,1.078954449533293447e+00
2.576130531168327575e+00,-4.147872814357933535e+00,1.252630880601232732e+00
2.582686962776201245e+00,-4.128461541211217778e+00,1.429241791252952698e+00
2.585532367852720892e+00,-4.114062745716148939e+00,1.602581439634337190e+00
2.585817412303924367e+00,-4.095023167063519764e+00,1.778909292360437266e+00
2.582044882644329853e+00,-4.076894338774358140e+00,1.956494016025226212e+00
2.576739809402038173e+00,-4.063007733461212467e+00,2.134969113701681298e+00
2.517051724997611206e+00,-3.983826077573659585e+00,2.255364857920163946e+00
2.463273635612467150e+00,-3.909704849732633658e+00,2.423392300760419893e+00
2.462136517238641797e+00,-3.907630833291936501e+00,2.612411623273886541e+00
2.460571482742964111e+00,-3.906287960978239493e+00,2.799717666109798220e+00
2.458886352985977464e+00,-3.904923325970273584e+00,2.984386700327730235e+00
2.457127566296668508e+00,-3.903901990112363940e+00,-3.123110803202310048e+00
2.455046619519086537e+00,-3.903090413833053773e+00,-2.934621433335426133e+00
2.452296433942362963e+00,-3.900643308792376196e+00,-2.755976528875869747e+00
2.450263179079715581e+00,-3.899848326576353053e+00,-2.570122721440424307e+00
2.428676220352453896e+00,-3.916901195767391375e+00,-2.408071113573414745e+00
2.381264101632853958e+00,-3.957439497313151922e+00,-2.236239753999115454e+00
2.379348106946249874e+00,-3.957897402930493413e+00,-2.059598361839049652e+00
2.377029612295460836e+00,-3.958889438000419148e+00,-1.871503665188637422e+00
2.375009162328481249e+00,-3.959846011330326210e+00,-1.696256502725318027e+00
2.373066628359010277e+00,-3.961496260828096805e+00,-1.513370772114398966e+00
2.371696230611959333e+00,-3.963803254377958218e+00,-1.326683304146804465e+00
2.370588127052371430e+00,-3.965579771380813412e+00,-1.150377379648841902e+00
2.393373778655362383e+00,-4.016339916341074456e+00,-9.851691632126332587e-01
2.393246879654086445e+00,-4.019135912840396507e+00,-7.991754057635185315e-01
2.393473783165532165e+00,-4.021414433350338768e+00,-6.128651623335032994e-01
2.393991221589582885e+00,-4.024059837797857142e+00,-4.302609512085568966e-01
2.394321167714629439e+00,-4.026479691379972081e+00,-2.555726966474297646e-01
2.395445064640942867e+00,-4.028964073423525249e+00,-7.256393758870205435e-02
2.396590679219984032e+00,-4.031226931291624460e+00,1.151223860596468779e-01
2.396583502142819899e+00,-4.034103047643725404e+00,1.977769373765244643e-01
2.394251020694469378e+00,-4.033369652010299511e+00,1.338759511601222106e-02
2.392720057539378331e+00,-4.032292589369378177e+00,-1.619947034183039924e-01
2.390982413738381496e+00,-4.030686825596680123e+00,-3.465279678274720276e-01
2.389504158197004902e+00,-4.029229647463258956e+00,-5.233087609943160023e-01
2.388433516168687820e+00,-4.027477079125099557e+00,-7.051945749837321697e-01
2.387971002285325994e+00,-4.025547248473846373e+00,-8.786294388309850989e-01
2.442614334941380694e+00,-4.106587036530721768e+00,-9.768196742994302850e-01
2.487313948262183327e+00,-4.164880569869159999e+00,-7.940767208862634652e-01
2.487495702103707629e+00,-4.167906255538507132e+00,-6.108523197022170947e-01
2.488591865016511306e+00,-4.170391625837133631e+00,-4.340134274922449187e-01
2.489675583648098378e+00,-4.172787323220047639e+00,-2.561221678685438596e-01
2.491100518780079653e+00,-4.175311833666014216e+00,-7.292627946495269797e-02
2.492670748546188531e+00,-4.177604706773540677e+00,1.144919743914280530e-01
2.494574230912215196e+00,-4.179691216315924329e+00,3.028585780374267733e-01
2.496446769431871715e+00,-4.181391422586088424e+00,4.788031915402668481e-01
2.498425021109653255e+00,-4.182734223051561173e+00,6.616330414039972574e-01
2.498590938721089394e+00,-4.185470716425845339e+00,6.526410909802408122e-01
2.496416624417461261e+00,-4.185239274831181078e+00,4.668260476087975341e-01
2.494480796067446882e+00,-4.184704870042173397e+00,2.867689890879457915e-01
2.492182331217743574e+00,-4.183681875840219888e+00,1.025174067965762825e-01
2.490199323245646301e+00,-4.182338503620118608e+00,-8.299995293590985146e-02
2.488571106970833835e+00,-4.181083323017356967e+00,-2.673011187146885903e-01
2.487360607743317242e+00,-4.179752258909292806e+00,-4.477987259429753730e-01
2.486455307247160906e+00,-4.178121186808161802e+00,-6.221253298985065516e-01
2.485524373184243352e+00,-4.176002744527380628e+00,-8.114560495902241044e-01
2.557661497181801469e+00,-4.252796373188232337e+00,-8.055026887780949441e-01
2.628945561560684929e+00,-4.328557008665710804e+00,-8.036145184329959168e-01
2.693041029415364385e+00,-4.398898883942796267e+00,-6.158429932748149538e-01
2.693320963178642113e+00,-4.401296504235581608e+00,-4.354087769893055238e-01
2.693852142041605724e+00,-4.403727102771330948e+00,-2.530663220731441121e-01
2.694693598026572268e+00,-4.407072678887869799e+00,-9.403180189199472627e-02
2.695366292429190569e+00,-4.409716317398548746e+00,1.004676197536884946e-01
2.696711692805281668e+00,-4.412273560105746562e+00,2.966685784068185949e-01
2.697868674602168948e+00,-4.414348946170572496e+00,4.721375299619403054e-01
2.700126017843456516e+00,-4.416505829051411425e+00,6.396714707187367566e-01
2.701837483065546053e+00,-4.418124700085582113e+00,8.162988320149140442e-01
2.704051125325600324e+00,-4.418924264709508165e+00,9.911853459466950511e-01
2.705831515003126686e+00,-4.420381646138317855e+00,1.164964188002597156e+00
2.705672033862437154e+00,-4.422122069595507909e+00,1.128220307216859952e+00
2.703866560823708909e+00,-4.422769538760335628e+00,9.426868103082896022e-01
2.701531719998661263e+00,-4.422632308095202802e+00,7.536875580148187925e-01
2.698885385762633593e+00,-4.422373983626338045e+00,5.441678602080327609e-01
2.697382586549790240e+00,-4.421222700576004527e+00,3.603853015704021612e-01
2.695851499275964791e+00,-4.419517128783660986e+00,1.538456638203603011e-01
2.694476504865629618e+00,-4.417994832225710766e+00,-3.940055224624355174e-02
2.693560894763335600e+00,-4.416073860274742025e+00,-2.488421685051495913e-01
2.692736218005374660e+00,-4.413928125370674138e+00,-4.578905816090890202e-01
2.692450617414699376e+00,-4.412332474035138397e+00,-6.517381106813423530e-01
2.761241212742671092e+00,-4.480501096036140218e+00,-7.838086424654294726e-01
2.835081325403488339e+00,-4.554880283548255804e+00,-7.838671974468623960e-01
2.908666840413437260e+00,-4.629639441070548145e+00,-7.848162596723291529e-01
2.981054614008233017e+00,-4.702659717481030732e+00,-7.839820506418336832e-01
3.051497927228154161e+00,-4.774366520036508632e+00,-7.831854249238294763e-01
3.127805418799214809e+00,-4.851161695154575959e+00,-7.821839357560724793e-01
3.203712712462257084e+00,-4.927107399530038734e+00,-7.800713063270858783e-01
3.280300548688220186e+00,-5.003741684609709139e+00,-7.793431256981530053e-01
3.337412266714856912e+00,-5.061373429882012331e+00,-6.842187374240769060e-01
3.337478989195303836e+00,-5.063802484378769897e+00,-4.756924008166739659e-01
3.337807219485719568e+00,-5.065995879383869749e+00,-2.948062761120169850e-01
3.338758100956172203e+00,-5.068379738837510473e+00,-1.020907227204182754e-01
3.340173165149190826e+00,-5.070593651755427977e+00,8.430661146774068304e-02
3.342228225188593527e+00,-5.073150755133163159e+00,3.070229276278086950e-01
3.343952546598658149e+00,-5.075234301888672306e+00,5.191549684979023249e-01
3.346200664278205394e+00,-5.077056923923931819e+00,7.411859421136096637e-01
3.348388078439232363e+00,-5.077931975990444435e+00,9.221198514040439553e-01
3.351041144452839848e+00,-5.078386724548122011e+00,1.155503004233611408e+00
3.353710517883058184e+00,-5.078415010410495256e+00,1.418553440439627611e+00
3.355488056347775583e+00,-5.077850964991004190e+00,1.593569763690147578e+00
3.356829913245032326e+00,-5.076864477424623878e+00,1.770175351078605797e+00
3.358912094881472576e+00,-5.075935819405789751e+00,1.861733463885175910e+00
3.358451566511468478e+00,-5.078191580552582352e+00,1.677962056633048427e+00
3.356999324369443816e+00,-5.079711576960463937e+00,1.465053753068950027e+00
3.355324010783425237e+00,-5.080529909837534497e+00,1.281820531719393808e+00
3.353408079054451374e+00,-5.081267202201917854e+00,1.084175482723252815e+00
3.351032665525127463e+00,-5.081169025165086062e+00,8.878550937402038823e-01
3.348746053116518517e+00,-5.081114619853572378e+00,6.917083744365370990e-01
3.346450635859715916e+00,-5.080074269634640594e+00,4.751902274361597400e-01
3.343981351903265065e+00,-5.078811435455678591e+00,3.096208038943367158e-01
3.342871455973456474e+00,-5.077626300386843816e+00,1.164346178147132455e-01
3.341363033759825019e+00,-5.076639611969604893e+00,-7.129080124536379959e-02
3.340579479006609898e+00,-5.076654990347917895e+00,-2.480959104184086161e-01
3.339689560359849096e+00,-5.076931420004271445e+00,-4.430182678286150866e-01
3.339580642191344317e+00,-5.077212291207722217e+00,-6.222947683153565723e-01
3.339734772426360632e+00,-5.078002762858120356e+00,-7.974491916933454938e-01
3.405350737905358915e+00,-5.156117703347818271e+00,-8.605953842594366021e-01
3.475769572413256903e+00,-5.240347575617104070e+00,-8.608474839887584329e-01
3.547081752037613445e+00,-5.324620893640618746e+00,-8.612020246847120752e-01
3.613489607948729532e+00,-5.403941272779622551e+00,-8.594498053227846990e-01
3.657745373502348407e+00,-5.459311822045038731e+00,-6.849877174475126340e-01
3.659746458961790960e+00,-5.460061797386167370e+00,-4.974818275353791730e-01
3.660997305065284202e+00,-5.461332917713759727e+00,-3.138478613966859676e-01
3.759901415245214373e+00,-5.489459976971616584e+00,-2.318128780653259113e-01
3.776439372367320413e+00,-5.491909238913883939e+00,-4.095848785413305770e-01
3.775740052185103224e+00,-5.492010057556808711e+00,-6.026474506304485557e-01
3.775403160320993656e+00,-5.491942530853817672e+00,-7.787573365186151175e-01
3.845664827707028000e+00,-5.567431528161738363e+00,-7.948811999885195823e-01
3.915797900342363302e+00,-5.641060683963121214e+00,-7.927805433641734734e-01
3.988347662031816565e+00,-5.717057717665853467e+00,-7.911419905478117576e-01
4.061567213953041211e+00,-5.791845060314942728e+00,-7.880979190794756839e-01
4.131717122634031902e+00,-5.858514857001097198e+00,-9.430612843279492230e-01
4.132315158652546394e+00,-5.857183428597450003e+00,-1.127648324981250338e+00
4.133287547477933366e+00,-5.856012336680321617e+00,-1.303861411022153582e+00
4.134912257841227401e+00,-5.854973369343934309e+00,-1.482522789091009985e+00
4.136673865776291592e+00,-5.854300562030002375e+00,-1.657993764247279733e+00
4.138551452942618170e+00,-5.853731025571343061e+00,-1.836394473856939769e+00
4.140932079403209620e+00,-5.853534213412893372e+00,-2.013122008392179918e+00
4.143348281976396486e+00,-5.853861208186134313e+00,-2.190740811928038934e+00
4.150346011156828219e+00,-5.856447378019809413e+00,-2.322116884450706742e+00
4.094504548284304768e+00,-5.937145865810869338e+00,-2.176901194284268648e+00
4.038546628011355999e+00,-6.021179194578705207e+00,-2.169746325361972872e+00
4.009147856432302426e+00,-6.077968212540344695e+00,-2.331946377997085484e+00
3.946349352608857330e+00,-6.144602473599445780e+00,-2.498794403083112403e+00
3.947455686763139848e+00,-6.145619284339497668e+00,-2.686365563614975027e+00
3.949210155764961705e+00,-6.147214888195108529e+00,-2.900694174947644477e+00
3.950498093464681837e+00,-6.149405195109891586e+00,-3.131571384312852757e+00
3.951523410553988036e+00,-6.151330807202586293e+00,2.907572368449717448e+00
3.952006692319753878e+00,-6.152931618428500116e+00,2.730157186650107537e+00
3.952280019757383300e+00,-6.154857525114278971e+00,2.540298473390523171e+00
3.952233002689727659e+00,-6.157293732815523057e+00,2.325381454042018348e+00
3.951954476244401437e+00,-6.158988672420032451e+00,2.140591949954210982e+00
3.951108656381391970e+00,-6.160754278334149348e+00,1.959474230339937950e+00
3.949133007486815838e+00,-6.162229832683464359e+00,1.744742882546443941e+00
3.947244948113896257e+00,-6.163656969102201622e+00,1.562715939439060620e+00
3.945030151711379940e+00,-6.164791486283364819e+00,1.377904394142590805e+00
3.943327715733910388e+00,-6.164976217066086228e+00,1.193201787836567274e+00
3.940616259427116574e+00,-6.165173589225020123e+00,9.763363287401349844e-01
3.938293767131486156e+00,-6.164640481394041416e+00,7.930823861272932040e-01
3.936303991078395015e+00,-6.163772894337144592e+00,6.092776262869866732e-01
3.934598298665986427e+00,-6.161984294791171379e+00,4.234682882926558700e-01
3.932752098878525171e+00,-6.160207010948833606e+00,2.424220662958762873e-01
3.930946411362731929e+00,-6.158016809435020278e+00,2.864771910771029065e-02
3.929713321393778713e+00,-6.156030681763143164e+00,-1.558716927256298679e-01
3.928536104632254666e+00,-6.154211356835043389e+00,-3.381186187541035948e-01
3.927487406539280190e+00,-6.152028509598282291e+00,-5.499264307049192002e-01
3.927109361262912213e+00,-6.149620000699754563e+00,-7.363774378839530454e-01
3.926996012039000394e+00,-6.147716492712156366e+00,-9.223024064107022690e-01
3.927662018756733708e+00,-6.146038597528403535e+00,-1.107013362330769857e+00
3.928461569639718043e+00,-6.144187430000464190e+00,-1.319271449945139230e+00
3.929887149659965218e+00,-6.142573662642877075e+00,-1.503378605580330651e+00
3.931646584786710807e+00,-6.141567695230631507e+00,-1.687275860071296929e+00
3.933403181122841819e+00,-6.140913227440655042e+00,-1.870541301258499267e+00
3.935791942530138421e+00,-6.140947390955014740e+00,-2.085646578193825817e+00
3.938067256006814176e+00,-6.141223887400762749e+00,-2.268228107473876154e+00
3.939937639155189242e+00,-6.141711021154626415e+00,-2.448958174697710710e+00
3.941829379046743131e+00,-6.142759938316898705e+00,-2.634528880561477493e+00
3.943825181038603578e+00,-6.144261089078575822e+00,-2.850245488961590024e+00
3.944946006276115469e+00,-6.146377747653419377e+00,-3.035293887106272237e+00
3.946210226526021714e+00,-6.148072757634202468e+00,3.062452860191393622e+00
3.947870493677267056e+00,-6.151242749041046842e+00,2.853948616868747568e+00
3.947583370658513946e+00,-6.156085035073075140e+00,2.681294715680119012e+00
3.948471434184103401e+00,-6.157818795249860422e+00,2.498438936464836058e+00
3.948117549334217102e+00,-6.160213253848227488e+00,2.316771692594286502e+00
3.947436164726578323e+00,-6.162810239022583403e+00,2.138654488625978178e+00
3.946167675080720194e+00,-6.165247241718816440e+00,1.960403953930880405e+00
3.944099806444673284e+00,-6.167484719518779634e+00,1.779010757614580163e+00
3.943804739249465285e+00,-6.168557154674829235e+00,1.849656808889625026e+00
3.944036070220411805e+00,-6.167820805241265525e+00,2.033328126199973163e+00
3.943552025965939123e+00,-6.167008715517704687e+00,2.216200417522113941e+00
3.943154872283007428e+00,-6.165939518563048338e+00,2.395413994515764866e+00
3.942710960976049783e+00,-6.164673592109531697e+00,2.577047339441313145e+00
3.942140978483009484e+00,-6.163141336451553265e+00,2.754304846788493855e+00
3.941344071119454284e+00,-6.161366263875525995e+00,2.939243003463356985e+00
3.940146818522638927e+00,-6.159128795258197897e+00,3.121734942080346631e+00
3.938957900677073631e+00,-6.156425155340196298e+00,-2.970243648042298901e+00
3.937507907724010270e+00,-6.154154789487464861e+00,-2.786870781840121492e+00
3.935846198259452144e+00,-6.152186452738613198e+00,-2.599565552329979656e+00
3.934051687159223931e+00,-6.150544802911662501e+00,-2.424216755812889090e+00
3.931644900599915893e+00,-6.149195644251193471e+00,-2.207440668367630199e+00
3.929327189714992397e+00,-6.148327067924727274e+00,-2.002573648438629839e+00
3.927207772051744872e+00,-6.147923485283396161e+00,-1.808975149778940139e+00
3.924799239210417401e+00,-6.148198275549854763e+00,-1.602938910273960849e+00
3.923220813647930072e+00,-6.148793389193036418e+00,-1.410397106071425322e+00
3.922281166112654649e+00,-6.149610421224705803e+00,-1.202835143347228408e+00
3.921944330094195852e+00,-6.150484126817542752e+00,-1.011321455955779491e+00
3.921992840728054208e+00,-6.152006845221317022e+00,-8.000475649364365838e-01
3.922294134302472202e+00,-6.153575620168092009e+00,-6.064962552051206268e-01
3.923348968850244756e+00,-6.155147904544681303e+00,-3.982018124934644798e-01
3.924498457018055664e+00,-6.156554863418272738e+00,-2.063861032966914644e-01
3.925870809575219056e+00,-6.158008246606793357e+00,9.410920783616675590e-04
3.927391703403861456e+00,-6.159230412548402533e+00,1.924515767782537801e-01
3.929415436264964701e+00,-6.160371665956245302e+00,4.013520455019281563e-01
3.931390830391364943e+00,-6.161336770319724820e+00,5.926718529926507939e-01
3.933762741176452860e+00,-6.161735115941273655e+00,8.020209738760999407e-01
3.936550432154520607e+00,-6.161835751503439873e+00,9.927214548853523501e-01
3.939841091698188080e+00,-6.161558992122006195e+00,1.200345524979026912e+00
3.942956922943918752e+00,-6.160544331423735365e+00,1.409372298141302604e+00
3.945558350648259438e+00,-6.159240395296658122e+00,1.596180573026916516e+00
3.948750442593241150e+00,-6.157137512940894730e+00,1.824324191454152588e+00
3.950907095696310378e+00,-6.154861693855986360e+00,2.038680404529468415e+00
3.951992729974182161e+00,-6.152549654403958179e+00,2.223240981396510385e+00
3.952842321562652472e+00,-6.150009719163343824e+00,2.415207317965163636e+00
3.953063672947478846e+00,-6.147225195699400402e+00,2.597474558226890107e+00
3.955805672304979037e+00,-6.141399391752355719e+00,2.762735420651237117e+00
3.955660977296440617e+00,-6.141315868407066780e+00,2.948602502779245071e+00
3.955550278771274630e+00,-6.140177382103993331e+00,3.130471175236171799e+00
3.955581470497430807e+00,-6.139063730576575395e+00,-2.971196858885431169e+00
3.955290837574660046e+00,-6.137919837809417523e+00,-2.786705862000213418e+00
3.954675616364049962e+00,-6.137062906911342708e+00,-2.587767858136767796e+00
3.953294560250486978e+00,-6.136368368906437887e+00,-2.378468753606856279e+00
3.951877084332292789e+00,-6.135823004487353849e+00,-2.188427132647174922e+00
3.950278858384240088e+00,-6.136064400486660020e+00,-1.982727742413062044e+00
3.949167434517621533e+00,-6.136679074919351606e+00,-1.777802930853504604e+00
3.951034578831564392e+00,-6.137704530430537986e+00,-1.853976900816864060e+00
3.952864231634450665e+00,-6.137314799846795843e+00,-2.037324880613804456e+00
3.955387442917661645e+00,-6.137387668443242461e+00,-2.222956331704050825e+00
3.957496661024448859e+00,-6.138065430655477606e+00,-2.404119446164167506e+00
3.959892586676163617e+00,-6.139628472975199536e+00,-2.597916849409849682e+00
3.961708416579365899e+00,-6.140850322764573654e+00,-2.781085705168981015e+00
3.963427212692307577e+00,-6.143038755511960325e+00,-2.977861287474695029e+00
3.964529003438686861e+00,-6.145156214897697922e+00,3.124942938807478754e+00
3.965497597638106608e+00,-6.147330212223310220e+00,2.949305314547496781e+00
3.966378679189907608e+00,-6.149489996752163457e+00,2.760573012467895992e+00
3.966920619707516860e+00,-6.158204954824525679e+00,2.619938100261768099e+00
3.966127028818522859e+00,-6.158560034622408530e+00,2.798329896939712569e+00
3.965666317250849726e+00,-6.157366954344966281e+00,2.983368236131314966e+00
3.965603406666390551e+00,-6.154056956936254430e+00,-3.126103924076129026e+00
3.964833293642876733e+00,-6.153221164084735406e+00,-2.944273791953941011e+00
3.964111178267898605e+00,-6.152216975369090513e+00,-2.764443757766545495e+00
3.963015349587971858e+00,-6.151455815547998363e+00,-2.590724367361184388e+00
3.961827803387180325e+00,-6.150749915550717262e+00,-2.414701515642979412e+00
3.960215001119869793e+00,-6.150218529448578053e+00,-2.227684199548376931e+00
3.905537243110992485e+00,-6.221031038600945529e+00,-2.063975920168372280e+00
3.904412390806835109e+00,-6.222004229332095626e+00,-1.880957356015158011e+00
3.903456076205802372e+00,-6.223202168325172146e+00,-1.703248279646423669e+00
3.908506317738725144e+00,-6.225957587537427784e+00,-1.785182315337839443e+00
3.910637301806964228e+00,-6.226343093873833112e+00,-1.974453806029988767e+00
3.912871370407845717e+00,-6.226789363932510035e+00,-2.160153871778383472e+00
3.915304646068097583e+00,-6.227775312392913598e+00,-2.340022206455538267e+00
3.913753487192310754e+00,-6.232913898747278303e+00,-2.494262335215431392e+00
3.829603221473398378e+00,-6.298200322210550262e+00,-2.496012285269656683e+00
3.742895217382200990e+00,-6.364397649663285250e+00,-2.493728036868421150e+00
3.685604061707175916e+00,-6.410313973697260082e+00,-2.376201603227702908e+00
3.671077129905482295e+00,-6.426092197396998884e+00,-2.200120972736146818e+00
3.659294061773237683e+00,-6.444004156501415892e+00,-2.025589263290851427e+00
3.642225707640423860e+00,-6.491435568529713152e+00,-1.849277091142151219e+00
3.629506681245375788e+00,-6.560768491415688075e+00,-1.671420965655948887e+00
3.628855713485380274e+00,-6.644190434334913853e+00,-1.541469294141227575e+00
3.622562174349898800e+00,-6.706731305570234447e+00,-1.719442264413489907e+00
3.604923452321796340e+00,-6.769544092313219075e+00,-1.897666621378939045e+00
3.578389463014236771e+00,-6.827573558161250666e+00,-2.072672567823544920e+00
3.565467101696607077e+00,-6.854352533397873870e+00,-2.259024731123893126e+00
3.568549134258632183e+00,-6.855444863249532617e+00,-2.443926191047814722e+00
3.570702046917077155e+00,-6.857330579659341119e+00,-2.628302816241150808e+00
3.572783108937568120e+00,-6.859254404852324960e+00,-2.818005039351727525e+00
3.574330885079645803e+00,-6.861604844823835592e+00,-3.001134338569608762e+00
3.575942043839926310e+00,-6.864029512068710481e+00,3.100076601883354321e+00
3.577321464472886792e+00,-6.866801460858449779e+00,2.916483214886911313e+00
3.578458334168453714e+00,-6.868941058581402359e+00,2.737292201877612463e+00
3.579366880826683861e+00,-6.870703720047208307e+00,2.733629480284670787e+00
3.578941658451336938e+00,-6.869734788804433556e+00,2.917106119026488198e+00
3.578108389041678272e+00,-6.868340479000389465e+00,3.106515716171277752e+00
3.576725376016311575e+00,-6.867229780862430744e+00,-3.001129611955553500e+00
3.575760361117112929e+00,-6.865940092607152323e+00,-2.817186268263496718e+00
3.574278378938068990e+00,-6.865048240430153825e+00,-2.627175659129395768e+00
3.572053142996219233e+00,-6.863432883898509473e+00,-2.457152110607946138e+00
3.551600306021415410e+00,-6.880623444419502022e+00,-2.291382416539302191e+00
3.545647221829002049e+00,-6.885870412545694208e+00,-2.109931223766581709e+00
3.540797026585079443e+00,-6.892536394818658430e+00,-1.929445186325863482e+00
3.510835377284923009e+00,-6.990137667073997640e+00,-1.847280194742644710e+00
3.484950388330841253e+00,-7.079900692654947036e+00,-1.696838939673798841e+00
3.483954891838610735e+00,-7.081094603232578777e+00,-1.515207022250832480e+00
3.494389156269583463e+00,-7.181112882100694428e+00,-1.436311266395483566e+00
3.505111009818266954e+00,-7.284217011489287685e+00,-1.438948875758596646e+00
3.509868355414238916e+00,-7.345755591758941883e+00,-1.266711255191235175e+00
3.510228654964454797e+00,-7.347790371771726115e+00,-1.078726914611218834e+00
3.510357511941717856e+00,-7.350010538260317361e+00,-8.927114017461328377e-01
3.574816165949954438e+00,-7.426996355284246398e+00,-8.599943725386817173e-01
3.593414791004696074e+00,-7.451421855182587706e+00,-6.782446145910249191e-01
3.594494507808295936e+00,-7.453623931176266204e+00,-4.948924174373089957e-01
3.595447686800288700e+00,-7.457406744616501548e+00,-3.283308595389426987e-01
3.596600263563591859e+00,-7.459875372350281530e+00,-1.543757344241843688e-01
3.598131466925628352e+00,-7.461830955615801564e+00,1.914029740464645579e-02
3.599890695575886479e+00,-7.463822887103463088e+00,1.988390029938408576e-01
3.601768010078193250e+00,-7.465675480445521650e+00,3.732373479119914239e-01
3.604061436381686523e+00,-7.467171003180419930e+00,5.421535179507067648e-01
3.654820375434148172e+00,-7.440382091927430608e+00,7.014454745500841026e-01
3.724242162322424665e+00,-7.363419185449403770e+00,8.644758145165384322e-01
3.794096009171414430e+00,-7.282523076337915846e+00,8.662489679382920915e-01
3.864264517178053637e+00,-7.201710182203781230e+00,8.668827676677340888e-01
3.936093012353362397e+00,-7.118127843663671683e+00,8.686982387016910501e-01
4.007273591485642328e+00,-7.034657923851919570e+00,8.673594135623885482e-01
4.042379990879950924e+00,-6.990371297538475304e+00,7.509613981688600948e-01
4.120924008092614166e+00,-6.929329175429498555e+00,6.505171475153938010e-01
4.150458572186371597e+00,-6.904832985683151847e+00,4.649939911261987135e-01
4.148638024943799962e+00,-6.896994610834174644e+00,3.074124590664160661e-01
4.146907286412758964e+00,-6.894021475666857413e+00,1.336047630292360733e-01
4.148137069497468410e+00,-6.894093245649184354e+00,2.896952724995458528e-01
4.150251884636428912e+00,-6.894258001899373767e+00,4.722001788342399808e-01
4.152713224582173623e+00,-6.894669784267784429e+00,6.530258862970650391e-01
4.232541013394474305e+00,-6.829189571135223957e+00,7.149819417519289733e-01
4.309599797867169180e+00,-6.762953381176370904e+00,7.112977856674850274e-01
4.390103277285938077e+00,-6.694254237775346006e+00,7.117577994879527026e-01
4.466837336060063279e+00,-6.629247554862220504e+00,7.100823870438485175e-01
4.546485897444796365e+00,-6.561247021963374060e+00,7.115451347695376239e-01
4.606162391217742069e+00,-6.507623805860313304e+00,5.665823255688711146e-01
4.604957483491362247e+00,-6.506277625295322053e+00,3.852267462499023298e-01
4.603931981666417705e+00,-6.505195844678363315e+00,1.622508847837478008e-01
4.602763234481773047e+00,-6.503653984438165558e+00,-3.950493882106401178e-02
4.601761168992601903e+00,-6.501549128662269084e+00,-2.724864549458732021e-01
4.601249405554372451e+00,-6.499310200838665175e+00,-4.907741065500286770e-01
4.601402659103123405e+00,-6.497493774375580955e+00,-7.198102466901180607e-01
4.601874454470419096e+00,-6.494783755766384559e+00,-9.877880666407988786e-01
4.603721933486253803e+00,-6.492681247265635669e+00,-1.238207498104800575e+00
4.606163750888895514e+00,-6.490471726864117663e+00,-1.479624927293797354e+00
4.615315226745317467e+00,-6.489922745254863123e+00,-1.643354725134596572e+00
4.616874549239676107e+00,-6.489853880868709624e+00,-1.825420239914421705e+00
4.618680766067071453e+00,-6.490110415444546810e+00,-2.003366464830363292e+00
4.620386015194418938e+00,-6.490721113703510348e+00,-2.181872667303713875e+00
4.622212969794966320e+00,-6.491631652703738098e+00,-2.363904934844269778e+00
4.540303229813473784e+00,-6.561437207141286976e+00,-2.459044672886320448e+00
4.458279956342168227e+00,-6.628665362444962739e+00,-2.458937203992300091e+00
4.379384837558626842e+00,-6.693215701388671057e+00,-2.459302162932124780e+00
4.297369750517927578e+00,-6.760521777800652998e+00,-2.456256173325834791e+00
4.217535939607091500e+00,-6.826247113315989878e+00,-2.457489640202008108e+00
4.187886458215240637e+00,-6.848658488851965487e+00,-2.274538864464910937e+00
4.185704611234798200e+00,-6.848684277938041909e+00,-2.090215108893913598e+00
4.183290505744239773e+00,-6.849171260917860771e+00,-1.922009659403765225e+00
4.181231549051821261e+00,-6.850613198824282435e+00,-1.741933543341211976e+00
4.178892119693977669e+00,-6.857077625563750445e+00,-1.559302906598508676e+00
4.180354406094732411e+00,-6.963414925826197255e+00,-1.540673858490867909e+00
4.183145138741569902e+00,-7.060293244894457310e+00,-1.362260572921762947e+00
4.182674113275229644e+00,-7.061881799165137252e+00,-1.179850867850575691e+00
4.182439780950045538e+00,-7.063486634735769876e+00,-9.994885666845789718e-01
4.244686651498318142e+00,-7.144778090073101495e+00,-9.141822312928994387e-01
4.307976779488291719e+00,-7.227747857085679684e+00,-9.146050260315661262e-01
4.368588073799535287e+00,-7.307855218604977665e+00,-9.162771007082564090e-01
4.433290401905013667e+00,-7.394185333954991002e+00,-9.159899609085819794e-01
4.443875003316811956e+00,-7.412824535378075730e+00,-7.297116246328528844e-01
4.444790369445387412e+00,-7.414898170846224268e+00,-5.064374792505962342e-01
4.445948375999289048e+00,-7.416644197019708784e+00,-3.259119699951356086e-01
4.447110260297793438e+00,-7.418595735289115645e+00,-1.282453761674841874e-01
4.448591307889110169e+00,-7.420440622084274906e+00,4.856828175946300424e-02
4.450378895244934796e+00,-7.422787542752375067e+00,2.807383330294377366e-01
4.452158019761019325e+00,-7.424908411013296572e+00,4.925467943787434355e-01
4.403012140450834444e+00,-7.470598593163748191e+00,5.954294271777709202e-01
4.366804622924983725e+00,-7.496783068236854142e+00,5.922960565539682198e-01
4.377768413142102411e+00,-7.495124331099486170e+00,7.606042680204010420e-01
4.386464780173212397e+00,-7.480323607131151853e+00,7.455113408397698871e-01
4.394521402048806813e+00,-7.472305643761639971e+00,5.434380932804110387e-01
4.434760471713195429e+00,-7.442298803027488141e+00,3.964294725890282201e-01
4.458450301841986096e+00,-7.433338945268264553e+00,2.162686237807264766e-01
4.489930811503429986e+00,-7.429320783559035135e+00,4.795924576550018165e-02
4.591165897057951639e+00,-7.430065751746565361e+00,8.951247997285799798e-03
4.692405290817656116e+00,-7.429402771562869212e+00,1.383557984287994702e-02
4.778175985275393778e+00,-7.429914084259094942e+00,1.957410179236158954e-01
4.780670663135012433e+00,-7.432124000486086679e+00,3.643343731102343108e-01
4.783099315816373043e+00,-7.433278686264060298e+00,5.486996542715550929e-01
4.863204229029882697e+00,-7.373167288357005411e+00,6.866042884488555709e-01
4.942826984556870862e+00,-7.310717834927951131e+00,6.840536629101011679e-01
5.022451886418834555e+00,-7.249275953126598004e+00,6.835838731221566267e-01
5.102555598660031499e+00,-7.188258348542928999e+00,6.811637732599344908e-01
5.142959178125551922e+00,-7.163656438446127872e+00,8.580650118769430623e-01
5.144457529351208258e+00,-7.164589992079206660e+00,1.038553148624645317e+00
5.145852051684300932e+00,-7.164644072020940335e+00,1.216294830446455366e+00
5.147209656839630831e+00,-7.164493026961173072e+00,1.399397674598691133e+00
5.148617433237693497e+00,-7.164177939173887566e+00,1.602407597572755416e+00
5.150354840436810022e+00,-7.163122392869302857e+00,1.805125384916420384e+00
5.151532831320761119e+00,-7.161628429167623544e+00,2.008332518331817695e+00
5.152390899461549267e+00,-7.160707769873334350e+00,2.183715664614693353e+00
5.153189963694766895e+00,-7.158766535684721433e+00,2.360367274120888759e+00
5.156439974756099609e+00,-7.155596292673870984e+00,2.516149950135534219e+00
5.156055293019289998e+00,-7.154141834513617404e+00,2.702813377656370530e+00
5.155508678196778938e+00,-7.152843973303272485e+00,2.903546721506565120e+00
5.154339586424243613e+00,-7.150941598699832369e+00,3.125654997501943200e+00
5.153016032830496584e+00,-7.149368847744617561e+00,-2.954577284650702129e+00
5.151828530145498242e+00,-7.148040628063113466e+00,-2.777727084872254171e+00
5.150263811057570251e+00,-7.146734174378956972e+00,-2.599285086209602191e+00
5.148400529172315387e+00,-7.145614457182460022e+00,-2.414100972204659801e+00
5.146065329150027345e+00,-7.144896383133782614e+00,-2.187735311414701567e+00
5.143615805890530801e+00,-7.144847802929176872e+00,-1.998277822344421084e+00
5.144339334310543244e+00,-7.144978011104191395e+00,-2.122302965547447684e+00
5.146741237404564906e+00,-7.145270447850925244e+00,-2.298607476581025821e+00
5.074792744267423217e+00,-7.216598852427712707e+00,-2.371339157860502311e+00
4.999807016286514028e+00,-7.289878385291159724e+00,-2.374041018899531785e+00
4.926441442737641729e+00,-7.360019254384217113e+00,-2.376364930934367070e+00
4.852563166243467840e+00,-7.430816137492011642e+00,-2.377344649414739219e+00
4.772082631222007265e+00,-7.507114314118022769e+00,-2.379638908864529334e+00
4.694109048726754274e+00,-7.581212356571963795e+00,-2.380620072898200767e+00
4.615306375100113989e+00,-7.655642779905597273e+00,-2.381926844939846077e+00
4.537112091542723213e+00,-7.730161617280784547e+00,-2.383423596770466890e+00
4.459316330039603926e+00,-7.803944240891294015e+00,-2.384534789674876087e+00
4.378517509837996258e+00,-7.880572756077794061e+00,-2.382804643889564922e+00
4.299959491162480774e+00,-7.954350340047509071e+00,-2.386776605665383855e+00
4.220842506036553310e+00,-8.027996280264758866e+00,-2.387752429941046639e+00
4.148895332401632885e+00,-8.094885350346688213e+00,-2.392460157960867306e+00
4.066632034732106327e+00,-8.170626029304083104e+00,-2.393005998574313953e+00
3.986643958421097533e+00,-8.243911517157801683e+00,-2.394440612213352360e+00
3.907816485786967053e+00,-8.317211643537305577e+00,-2.393236069569126823e+00
3.828019955082550663e+00,-8.390471685975377625e+00,-2.395603577096790726e+00
3.745646276619164716e+00,-8.465781190591304295e+00,-2.398797764384505093e+00
3.665872707017088228e+00,-8.538084754806403609e+00,-2.399563493950263027e+00
3.586042494591160867e+00,-8.611104345240082836e+00,-2.397863067594464770e+00
3.563904356896884451e+00,-8.625161808116146744e+00,-2.209269757335309503e+00
3.561720445532246870e+00,-8.624218912965730510e+00,-2.015670911277302579e+00
3.559489151714301691e+00,-8.623899077989188200e+00,-1.814105240604713343e+00
3.557029802150158737e+00,-8.624520330298791393e+00,-1.600202024421277125e+00
3.555341506088693482e+00,-8.625776919827186973e+00,-1.508830019751371765e+00
3.556470828441381737e+00,-8.624820723159070113e+00,-1.707597268679574398e+00
3.557749381416864143e+00,-8.624401932977837859e+00,-1.903018449124048717e+00
3.559435789464520106e+00,-8.624662219254320306e+00,-2.099695479076734372e+00
3.561092109122494520e+00,-8.625590455145113467e+00,-2.279438321510673049e+00
3.563381689964473686e+00,-8.627260558010938496e+00,-2.527114506122707382e+00
3.565745590533193177e+00,-8.629537093418685245e+00,-2.780232086348799481e+00
3.567333526012026468e+00,-8.631618521145842493e+00,-2.980660855563639799e+00
3.569682507099214863e+00,-8.634106397912136188e+00,3.130818601660959821e+00
3.570781667126272652e+00,-8.635227191353724407e+00,2.949002755208079751e+00
3.570572348868771950e+00,-8.635722924768508335e+00,2.768969648616004253e+00
3.571880251007939489e+00,-8.636913953460457094e+00,2.587810433071777716e+00
3.572447194316542340e+00,-8.637840122132704579e+00,2.412705961111758945e+00
3.495126385402557379e+00,-8.568569216287150070e+00,2.398863805159923146e+00
3.415620298647421116e+00,-8.497150953373719062e+00,2.399490695726183453e+00
3.340650942653674793e+00,-8.429277005473736040e+00,2.394360904609274421e+00
3.264863791849299091e+00,-8.360639002022896449e+00,2.404185397154348536e+00
3.187780156245344276e+00,-8.292213437580798541e+00,2.417061166536385919e+00
3.180483828890026565e+00,-8.287719665412536685e+00,2.244582021818666284e+00
3.180007634882201284e+00,-8.288380084582703589e+00,2.061163860907655465e+00
3.178987253330089136e+00,-8.289472070855799402e+00,1.849958674906283518e+00
3.177391044242406259e+00,-8.290936414772966501e+00,1.648165442463785935e+00
3.175647550908031302e+00,-8.291246412492181861e+00,1.469020560934599651e+00
3.173477244612647130e+00,-8.291556524588871824e+00,1.267758075172637611e+00
3.169422265492996438e+00,-8.291935400726233141e+00,1.089149472509037819e+00
3.165197162180633850e+00,-8.290402869101743732e+00,9.161908295934423352e-01
3.162598931348988174e+00,-8.288575349505974188e+00,7.377871903702305501e-01
3.158837428448752149e+00,-8.285396609235904819e+00,5.718722275482889250e-01
3.156380022460987256e+00,-8.283681624394752419e+00,3.980171747084437772e-01
3.154280905637499188e+00,-8.281749445978448421e+00,2.221612072706276308e-01
3.152234592247278755e+00,-8.280429986265261277e+00,3.874825906106332818e-02
3.149797235569233855e+00,-8.279404738366281435e+00,-1.410639291747202984e-01
3.147800256349678527e+00,-8.278423232157853917e+00,-3.183863100575275995e-01
3.146063873413915690e+00,-8.277256049851017039e+00,-4.946571084384609462e-01
3.144699806967505840e+00,-8.275564418252352894e+00,-6.703795821611352457e-01
3.143229367507417660e+00,-8.274238894876585704e+00,-8.494018276937413958e-01
3.141977771072866688e+00,-8.272653603105498021e+00,-1.025437358653551456e+00
3.141543548310597789e+00,-8.270970879203005666e+00,-1.211505945323065880e+00
3.141562524817760327e+00,-8.270310927162791259e+00,-1.387812976847941471e+00
3.142344734626557834e+00,-8.269400406475023502e+00,-1.565629549408105614e+00
3.143149299432652199e+00,-8.268990156907285893e+00,-1.747862914802148282e+00
3.143888651506629994e+00,-8.268905316316571330e+00,-1.918419201864700385e+00
3.144858116858966657e+00,-8.269149364253868484e+00,-2.096814984722211950e+00
3.145680429134113165e+00,-8.269932237094131722e+00,-2.278083614472411700e+00
3.144711145728181112e+00,-8.269652474212087157e+00,-2.157376838217311743e+00
3.141692242982581540e+00,-8.269680015334319734e+00,-1.953173852499684893e+00
3.139221818620574922e+00,-8.270213695855840541e+00,-1.758024040182421421e+00
3.137565444590896035e+00,-8.270538417692408828e+00,-1.579256157777737313e+00
3.136369340380941839e+00,-8.272074944742582758e+00,-1.385421286267260577e+00
3.135395494643766767e+00,-8.274032629777432035e+00,-1.149544007606797313e+00
3.134914476875331424e+00,-8.276361404095602836e+00,-9.500913453934853869e-01
3.135389123890298890e+00,-8.278823533944635216e+00,-7.440376971996379707e-01
3.191543874818147053e+00,-8.321361442628932181e+00,-5.929233622586139729e-01
3.280242222660384233e+00,-8.368778794767136375e+00,-4.098150599907518510e-01
3.319862804591442451e+00,-8.383133831907040090e+00,-3.134224289728785307e-01
3.318546319650705012e+00,-8.383195469328237337e+00,-5.048045174042872230e-01
3.317330606616569533e+00,-8.382616253472034984e+00,-6.997836019928488360e-01
3.316376958470502068e+00,-8.381584311217515904e+00,-8.958289239058571107e-01
3.315831374313505275e+00,-8.380369642523685769e+00,-1.103036152037595308e+00
3.316533688583866990e+00,-8.378741818164940014e+00,-1.336413395301947249e+00
3.318209889041397798e+00,-8.377095411743139763e+00,-1.604550815257332452e+00
3.320583022256712091e+00,-8.377114279716838752e+00,-1.866059928856229178e+00
3.323540859154514582e+00,-8.378315426170567903e+00,-2.119016552347162463e+00
3.326567351090329527e+00,-8.380305282289764790e+00,-2.334501397607198658e+00
3.328030562145555926e+00,-8.385443282153449474e+00,-2.507899925381746886e+00
3.329004569027940619e+00,-8.389266884921115164e+00,-2.626368184267851014e+00
3.327499832883990205e+00,-8.388273266726898214e+00,-2.447324385418661929e+00
3.325916565690220761e+00,-8.386581637545653223e+00,-2.265814752488127581e+00
3.318180436908273467e+00,-8.387398317723215868e+00,-2.102402013716146101e+00
3.315917731566933924e+00,-8.387191099380979509e+00,-1.921765790826157394e+00
3.313410912515999840e+00,-8.387398931775258859e+00,-1.738133280257252888e+00
3.312328836139172505e+00,-8.387585157856586093e+00,-1.548432613717225514e+00
3.310865340162999271e+00,-8.385298788350690202e+00,-1.373293167900454304e+00
3.309387769171623361e+00,-8.383154345280850350e+00,-1.188392224094810379e+00
3.306923592796094713e+00,-8.381368241493110105e+00,-9.992882072740575383e-01
3.305075268252419374e+00,-8.380772788234287063e+00,-8.171331870368659933e-01
3.303249456320918487e+00,-8.380456986071520120e+00,-6.384636908045744352e-01
3.301765881677759751e+00,-8.380875756698371148e+00,-4.552549864521820422e-01
3.299415721925583522e+00,-8.381724290906742425e+00,-2.692312308233321128e-01
3.296766452078923049e+00,-8.383300384017060125e+00,-8.503293014389003146e-02
3.293932234630158717e+00,-8.385417524753881580e+00,9.389269264054521391e-02
3.291454797048114944e+00,-8.387700510581534985e+00,2.792797937007453490e-01
3.288926383236368878e+00,-8.390935954871078906e+00,4.593919207428947549e-01
3.286795310590183483e+00,-8.394152465099368854e+00,6.437998799020201446e-01
3.285040840847289090e+00,-8.398282770496681593e+00,8.341378645891430743e-01
3.284390717008339067e+00,-8.401722752184541676e+00,1.013245904862042357e+00
3.286244114180687070e+00,-8.402925620127303930e+00,1.090072479214550638e+00
3.284630452771261755e+00,-8.402884341279436953e+00,9.018280156892380939e-01
3.282619869063848395e+00,-8.401061513465608144e+00,6.662505472893478498e-01
3.280828162010549498e+00,-8.399185113850386131e+00,4.352887368218792408e-01
3.279526437185884991e+00,-8.396993596907815771e+00,2.457647921916902567e-01
3.277830760981993663e+00,-8.394928950875700124e+00,2.742406384054517365e-02
3.276779614415645803e+00,-8.393453645799075602e+00,-1.803126285601402978e-01
3.275157611882228981e+00,-8.391438590967650768e+00,-4.269911513008087800e-01
3.274125752968464198e+00,-8.389814105927532850e+00,-6.566946767911082672e-01
3.272998548829794352e+00,-8.387761853809598378e+00,-8.875463277087556335e-01
3.272675486913266152e+00,-8.385999607502553133e+00,-1.078996768416212948e+00
3.273343205821667823e+00,-8.384082227758248962e+00,-1.332508736112657743e+00
3.274809297756530846e+00,-8.382824884503367713e+00,-1.513663878540217445e+00
3.277007079695459790e+00,-8.382209854124527126e+00,-1.694532232345282496e+00
3.279711104991037462e+00,-8.381485352736445904e+00,-1.885704917496131117e+00
3.283638081324040670e+00,-8.381577521796421237e+00,-2.062698141535254326e+00
3.285272701496363190e+00,-8.382880199780975872e+00,-2.241226681178604352e+00
3.287610578752806934e+00,-8.384245042063307451e+00,-2.410669584428926093e+00
3.289050621190561241e+00,-8.386237996284583218e+00,-2.597011258132485789e+00
3.287547159472106184e+00,-8.385930718878489287e+00,-2.547208635084797557e+00
3.285627828960219876e+00,-8.384066131124940924e+00,-2.369311397981515910e+00
3.283948672721939577e+00,-8.382200813774291603e+00,-2.192284099329850910e+00
3.281700228169527112e+00,-8.381129046669030913e+00,-2.010879296695181839e+00
3.279524506927622429e+00,-8.380610025063127466e+00,-1.827345284512496226e+00
3.277438671302610462e+00,-8.380707223734432887e+00,-1.630197611467689045e+00
3.275904343861602896e+00,-8.380791802971984339e+00,-1.441643510191314093e+00
3.275568659591802767e+00,-8.382195222892960373e+00,-1.259578021306817286e+00
3.275644688765695811e+00,-8.383557623598850483e+00,-1.075926897974732288e+00
3.277224137153863293e+00,-8.385516335851995962e+00,-8.665687972123499172e-01
3.279057250607102514e+00,-8.387088963594365509e+00,-6.656385181938373474e-01
3.280934361263181831e+00,-8.388674146815812804e+00,-4.815919527953717028e-01
3.375020271517894077e+00,-8.426539514862652069e+00,-3.900289629085921250e-01
3.469465795151839949e+00,-8.463406668653345122e+00,-3.877643075433200859e-01
3.504372611549110950e+00,-8.474570925597047832e+00,-5.638673750967048148e-01
3.504008201355325980e+00,-8.473893025395573986e+00,-7.762544975849263729e-01
3.503352543950588149e+00,-8.472446800195379879e+00,-1.002347595826959203e+00
3.504097197642651373e+00,-8.471030105847098923e+00,-1.196504203578713010e+00
3.505498685562423944e+00,-8.469554987202593921e+00,-1.439448891922370910e+00
3.507531337363738455e+00,-8.467953494041946527e+00,-1.632801642440496304e+00
3.508522385553063838e+00,-8.468749668398709574e+00,-1.517385043769967856e+00
3.508918227667716216e+00,-8.469897440308040260e+00,-1.530234079753220566e+00
3.511015717540613590e+00,-8.469682630629066011e+00,-1.723092168245641709e+00
3.512959005516554711e+00,-8.470442772596944891e+00,-1.907381147963977064e+00
3.515853118337255001e+00,-8.471687571054848931e+00,-2.112025368428659178e+00
3.517759365677270100e+00,-8.472348291266317943e+00,-2.301847296907914675e+00
3.520346159757377524e+00,-8.474298898608626729e+00,-2.538425776534252609e+00
3.522374301691855614e+00,-8.476012345979992091e+00,-2.757345378403627922e+00
3.524799243762331447e+00,-8.477870746389069012e+00,-2.933679397143123424e+00
3.524226096538715325e+00,-8.477352513922237875e+00,-2.967969239207446375e+00
3.522542286064213712e+00,-8.475467605070862831e+00,-2.783631697352560774e+00
3.521062810324938841e+00,-8.473367365365861659e+00,-2.584881397847269557e+00
3.518130744395381093e+00,-8.471493787855656876e+00,-2.415701078841606453e+00
3.515781167459506751e+00,-8.471573857498615467e+00,-2.241184514999275290e+00
3.510932462306064927e+00,-8.469963947497237911e+00,-2.076126378887213964e+00
3.508961787283745082e+00,-8.469900746429225080e+00,-1.894429797782255953e+00
3.507072533509405510e+00,-8.470055373400747101e+00,-1.732821851870368413e+00
3.506260964290271342e+00,-8.470506991907363670e+00,-1.544258886910868434e+00
3.505342616026742686e+00,-8.471952956949991176e+00,-1.366899269853843135e+00
3.504413650098756605e+00,-8.473691609254110801e+00,-1.192842817378412246e+00
3.504199027483258622e+00,-8.476200752763906721e+00,-9.329263063295114566e-01
3.504815924753278633e+00,-8.478143031661693030e+00,-7.405110823144299692e-01
3.505764617696330632e+00,-8.480178848844731831e+00,-5.348242448565523333e-01
3.506992797801355977e+00,-8.482250279847558971e+00,-3.128719922928708264e-01
3.508055272765152832e+00,-8.484294112729186210e+00,-1.111735585981668828e-01
3.509393768813578340e+00,-8.486543544370659831e+00,1.180097712530695370e-01
3.510708052182040184e+00,-8.489062413002708141e+00,3.205582579262898357e-01
3.512428914506601441e+00,-8.491589474358155698e+00,5.224623327524557936e-01
3.514680250315078247e+00,-8.494437359557052147e+00,7.511882792840739453e-01
3.535439648253473788e+00,-8.472698678126027616e+00,8.845604890808690390e-01
3.572599374195731148e+00,-8.424945051615209124e+00,7.275348784048104589e-01
3.571507854518817027e+00,-8.423408314957582022e+00,5.537885108686246838e-01
3.657116064731054550e+00,-8.370105073783648209e+00,5.519629709254223471e-01
3.744349022879094768e+00,-8.314904016438370959e+00,5.484025280794403434e-01
3.830073144487227577e+00,-8.261591088648705394e+00,5.460412179250997422e-01
3.915878606852537303e+00,-8.208345050224425066e+00,5.845676012306286751e-01
3.966592080183144464e+00,-8.170150608155351435e+00,7.599067322005798042e-01
3.994636208150047718e+00,-8.139504762057578446e+00,9.496165942215826217e-01
4.016050059031180730e+00,-8.105836731001526019e+00,1.131507397822429928e+00
4.031028703310552963e+00,-8.068739425198343085e+00,1.311811054171552859e+00
4.038975038699146758e+00,-8.030928567605352342e+00,1.491747827190894604e+00
4.039908724542220497e+00,-7.992754503881505102e+00,1.670936543629411020e+00
4.019246485703720673e+00,-7.886672483189934191e+00,1.832138368807399553e+00
3.983310428218321153e+00,-7.791874123719286338e+00,1.983932854601958118e+00
3.959839946055962123e+00,-7.747913747090855452e+00,2.167809630764329309e+00
3.953753100561357314e+00,-7.739916060044143897e+00,2.343691990791822999e+00
3.937630000464663826e+00,-7.722383138478661202e+00,2.260912931414562621e+00
3.935479106165413743e+00,-7.718086906947219994e+00,2.064327852673518482e+00
3.933553321264193769e+00,-7.714155048166277950e+00,1.885378154283186447e+00
3.932161939147569729e+00,-7.709802957102746213e+00,1.697676630839152656e+00
3.925760042667830518e+00,-7.606455085111183401e+00,1.624497302365683016e+00
3.920145462582989460e+00,-7.502266687126885714e+00,1.622498966523347352e+00
3.914521958252321188e+00,-7.400462120057740734e+00,1.620233410769823523e+00
3.911791117190011047e+00,-7.298357055558795103e+00,1.574095154136786689e+00
3.911340712138660525e+00,-7.211134073852495163e+00,1.439833670726269110e+00
3.910206909840013179e+00,-7.210731178209632830e+00,1.447206892924207233e+00
3.910845980661239008e+00,-7.208944321309989078e+00,1.622687815052514582e+00
3.904652592924549914e+00,-7.104254917695931759e+00,1.655907719228892683e+00
3.889228849490191653e+00,-7.021585805798009616e+00,1.831878894949524605e+00
3.860710183271615747e+00,-6.919810859507832035e+00,1.821924132721211231e+00
3.855726368892044231e+00,-6.912085900941014494e+00,1.673266763454848371e+00
3.855431543032721287e+00,-6.909915813628716208e+00,1.852955492582751162e+00
3.853064338724976334e+00,-6.906824905362070055e+00,2.022019155874924312e+00
3.795934699257591305e+00,-6.819902408394098892e+00,2.153110887029411558e+00
3.737101843185544503e+00,-6.730448048924873028e+00,2.150241529529708817e+00
3.681216288045889407e+00,-6.645373180743149533e+00,2.149793909822062421e+00
3.620415816459865432e+00,-6.556208998090378159e+00,2.187144384913873640e+00
3.554480728133663447e+00,-6.469847610825619100e+00,2.238895132349937978e+00
3.489276758679188628e+00,-6.391786558404469076e+00,2.261242164854846859e+00
3.422056575983949855e+00,-6.310738237035938170e+00,2.260735726344281993e+00
3.352574687678776311e+00,-6.226849706372583171e+00,2.259269067316761692e+00
3.280809809690346412e+00,-6.141075260748645626e+00,2.260863631154562459e+00
3.211079802498191249e+00,-6.057476036948107101e+00,2.259428675688704313e+00
3.141435306589068333e+00,-5.973645421033158875e+00,2.256468046471490574e+00
3.070665295467172928e+00,-5.887313303120874863e+00,2.253595447693991449e+00
3.004326959689846532e+00,-5.806234167702596594e+00,2.251120370498279843e+00
2.940458372771275641e+00,-5.727874939653807118e+00,2.249119792629402426e+00
2.872375564789887203e+00,-5.643785560352807096e+00,2.247851439781335170e+00
2.804287890346735423e+00,-5.559506504595017162e+00,2.246513286126743836e+00
2.740574843050446852e+00,-5.480922674556437002e+00,2.246347721379715168e+00
2.671865159300453652e+00,-5.396465975310702490e+00,2.251528453767686067e+00
2.601162163846223674e+00,-5.314843870209124077e+00,2.304834999455746658e+00
2.526721574162711370e+00,-5.237816373481004817e+00,2.379558707178341059e+00
2.445713351242173150e+00,-5.167359694745825571e+00,2.463254215044864637e+00
2.357169747252541914e+00,-5.100317880522187153e+00,2.510013486270241234e+00
2.268699506218601947e+00,-5.039182121202285813e+00,2.555358827291303925e+00
2.177608237919030465e+00,-4.982429341816558832e+00,2.595395802838646571e+00
2.085637261440886459e+00,-4.926457671265693783e+00,2.591356602784490093e+00
1.991120237751580868e+00,-4.868760491078371722e+00,2.589322723322874165e+00
1.899585214424726498e+00,-4.812907926959108629e+00,2.588674265648032158e+00
1.807736780324092685e+00,-4.756987544443623150e+00,2.591461399913237429e+00
1.716280006312178807e+00,-4.702013318968933930e+00,2.591908829609472331e+00
1.622933349332179809e+00,-4.646342421957026403e+00,2.595453675204205890e+00
1.530884910359116891e+00,-4.591254506810962255e+00,2.596507347273593780e+00
1.437639847678457539e+00,-4.533712873196440896e+00,2.553779602434007145e+00
1.350184334915947248e+00,-4.473091351363369661e+00,2.494048082882257322e+00
1.267952361212353107e+00,-4.406000051027703535e+00,2.407437433439411745e+00
1.190422964170828379e+00,-4.334955176536370303e+00,2.365088101529048359e+00
1.118036688114867339e+00,-4.266877336821917055e+00,2.368308944393173299e+00
1.039297410862260129e+00,-4.196147374617507531e+00,2.408447840665198125e+00
9.570585276398623220e-01,-4.129504858725605132e+00,2.459225532915082724e+00
8.710100218312254450e-01,-4.066706869745445374e+00,2.493515094227118922e+00
7.828669782955451906e-01,-4.002913299951632808e+00,2.493368842500725879e+00
6.964204259745780945e-01,-3.941350624995255458e+00,2.492794997056551054e+00
6.101403671722807065e-01,-3.880386420655120183e+00,2.494311092657644391e+00
5.234665709629052754e-01,-3.819307705209226800e+00,2.493616231255586957e+00
4.337012350654557702e-01,-3.757564866722365782e+00,2.497020761153741386e+00
3.472977074355076965e-01,-3.696273246606254670e+00,2.454518004451282653e+00
2.661487258820382507e-01,-3.632213027480318157e+00,2.359883145842679664e+00
1.919255466185340320e-01,-3.560765737389574248e+00,2.262495245851012360e+00
1.255148431706467060e-01,-3.482570311724679790e+00,2.164765154378513135e+00
6.566545544177035398e-02,-3.396918366239672249e+00,2.064842294792373245e+00
1.683671158336774720e-02,-3.308808107037600088e+00,1.965977629530460957e+00
-2.279755045970808386e-02,-3.218223450646533479e+00,1.846016833526061163e+00
-4.504864013806023776e-02,-3.142770390322569440e+00,1.701338294761687076e+00
-5.369078158995702066e-02,-3.065766052350933357e+00,1.539782215109617880e+00
-5.046809959054843198e-02,-3.007854497411602601e+00,1.379149448356245644e+00
-3.567922495485742473e-02,-2.952846445072181858e+00,1.192661077288845517e+00
-4.167778659954641737e-03,-2.893913207733179060e+00,9.792852009344320541e-01
3.827820456510494518e-02,-2.845716638643686736e+00,7.878329904750752677e-01
9.246413741663624120e-02,-2.805038366273623573e+00,6.281767673998921442e-01
1.534297141281344423e-01,-2.772976762227024938e+00,5.208692069265212776e-01
2.429413982025930008e-01,-2.736119693711162704e+00,4.576445706253029488e-01
2.487330747247302742e-01,-2.750683827227986100e+00,6.147141692448764294e-01
3.348449405859839079e-01,-2.715929856913583240e+00,5.904667564002725744e-01
4.188585259472926703e-01,-2.674948206340034940e+00,5.796913592712999996e-01
5.060250897128049097e-01,-2.632138324947073116e+00,5.743623908810876477e-01
5.689191831359851070e-01,-2.614066830130256314e+00,7.156934048982392937e-01
5.689968079033385084e-01,-2.626114976937276246e+00,8.994079755367218043e-01
5.701392094075153905e-01,-2.635816777480667561e+00,1.110017330742093522e+00
5.719218983267887468e-01,-2.643715759065348614e+00,1.315153174159264138e+00
5.730734861583443029e-01,-2.651130399818304895e+00,1.511519628019518890e+00
5.741568828751092424e-01,-2.657307033464975987e+00,1.707738284581962862e+00
5.720631710386624436e-01,-2.678501713118217609e+00,1.597123308522378160e+00
5.697958859298977163e-01,-2.612619133461137721e+00,1.557520405747246928e+00
5.754138805090039943e-01,-2.540495632737576059e+00,1.491615514243395557e+00
5.741936162654649456e-01,-2.510895701932105872e+00,1.684001003988879308e+00
5.650870268060553814e-01,-2.486237812161876004e+00,1.863421998118470979e+00
5.484373106953916999e-01,-2.462637631319279041e+00,2.046211554956015810e+00
4.885715086224862724e-01,-2.402868436773097915e+00,2.161869263054078782e+00
4.320885917775026952e-01,-2.340368024626359400e+00,2.102339963880340612e+00
4.821413904354043822e-01,-9.445647458237450556e-01,-1.463024910580872806e+00
4.793084460850970951e-01,-9.711976187389819160e-01,-1.290714259219625015e+00
4.777084955357197571e-01,-9.954638706457977770e-01,-1.124597136185697455e+00
4.764725881238801586e-01,-1.017553816148893064e+00,-9.511812754203866627e-01
4.758817474554453697e-01,-1.039751627684363244e+00,-7.705880396437555513e-01
4.757366245754225953e-01,-1.060329358153142332e+00,-5.995018530160761694e-01
4.756695469864115067e-01,-1.081895990992886913e+00,-4.363951628001471739e-01
4.750494608032612143e-01,-1.098113094049652405e+00,-2.777457985633415838e-01
4.764121356879857383e-01,-1.110899556345798622e+00,-7.884122798791273756e-02
4.774923826504700597e-01,-1.123337430209505827e+00,1.001083322551768462e-01
4.775213291650874936e-01,-1.132256038856616520e+00,2.823597194854797765e-01
4.767305871234434056e-01,-1.138701363821644774e+00,4.622171819038235485e-01
4.765055644806129309e-01,-1.145733741196938160e+00,6.678084900578502570e-01
4.765151740415216608e-01,-1.152334244181909773e+00,8.732357371938488377e-01
4.768543426166235721e-01,-1.158006661400463155e+00,1.052209049380983474e+00
4.786158213798625272e-01,-1.164380512198960549e+00,1.231313806789239074e+00
4.804170263431767340e-01,-1.170466711186357367e+00,1.410997448095430595e+00
4.824493051594606063e-01,-1.176469218150292484e+00,1.615873892906114939e+00
4.833864471629292781e-01,-1.181728745697443017e+00,1.800956327285474723e+00
4.838004297478404880e-01,-1.186083138102891121e+00,1.984075943929998642e+00
4.840091949120656767e-01,-1.191274661447091487e+00,2.163834195221693513e+00
4.834738728687974496e-01,-1.195858092095937186e+00,2.364179586160450430e+00
4.830464268775713776e-01,-1.200363834792337769e+00,2.549363375031257206e+00
4.826969106345901928e-01,-1.204438657123806378e+00,2.733238690622692868e+00
4.819188674266348116e-01,-1.209828740241810197e+00,2.928174578272384032e+00
4.800716205179088591e-01,-1.214661655586701805e+00,3.112687097723883856e+00
4.793976844686572703e-01,-1.218052120696988316e+00,-2.982898991440218417e+00
4.779757842351841091e-01,-1.221505235070676321e+00,-2.791429298440962548e+00
4.747695133693540792e-01,-1.227393471810984682e+00,-2.642533539411280330e+00
4.729378310499944837e-01,-1.232617871482658112e+00,-2.488752925466800381e+00
4.704176089392958504e-01,-1.236207945357618243e+00,-2.301990145487391004e+00
4.677828057399002759e-01,-1.240067472044935393e+00,-2.116534223094221012e+00
4.656559578438235203e-01,-1.244999217569998873e+00,-1.935118921420724503e+00
4.631856020084779146e-01,-1.250474036391535870e+00,-1.750080538511102457e+00
4.610991290656945574e-01,-1.255478629416641123e+00,-1.573034958144272855e+00
4.596274317718156976e-01,-1.261410635250700629e+00,-1.390039264363878591e+00
4.579316243562918665e-01,-1.267772845032012485e+00,-1.204704395981735621e+00
4.570630669305970062e-01,-1.273785184427344896e+00,-1.028910537006933801e+00
5.026957969131169435e-01,-1.364898983973551694e+00,-1.025920765004665114e+00
5.511534812781213599e-01,-1.457686633382475838e+00,-1.030532961377632173e+00
6.039634102215877265e-01,-1.552731209044831751e+00,-1.029192176400408387e+00
6.535132821822827731e-01,-1.644038448563453825e+00,-1.002878995796066652e+00
7.126886104912126818e-01,-1.730975685490027116e+00,-9.043198416295595843e-01
7.766877291828373497e-01,-1.814263099612089647e+00,-8.835764279132932719e-01
8.117717359748922723e-01,-1.858281801021793189e+00,-1.045557846896722154e+00
8.118775139280292041e-01,-1.860127847589486016e+00,-1.217565929721134088e+00
8.124867891765900074e-01,-1.861428594658044666e+00,-1.386862960898238351e+00
8.133601247748258878e-01,-1.863300621469825558e+00,-1.560223549101779739e+00
8.142620486299052551e-01,-1.864749437237572360e+00,-1.739011596500535495e+00
8.151335530846653965e-01,-1.866278941626606347e+00,-1.913826989685054825e+00
8.162763207784426989e-01,-1.868453686200203689e+00,-2.087550111588622581e+00
8.169291810496304151e-01,-1.870755127464381218e+00,-2.261334590375545073e+00
8.182614729823052269e-01,-1.873770029650183799e+00,-2.442638407504696296e+00
8.184333609794856024e-01,-1.876143273501618136e+00,-2.617978608805655139e+00
8.186576994029084453e-01,-1.878673061540199640e+00,-2.799493190431517675e+00
8.180739023449379310e-01,-1.881046453900068416e+00,-2.978754437455474413e+00
8.173594345352446222e-01,-1.883568484002517529e+00,3.118236434509618960e+00
8.158498801987844606e-01,-1.886940791414507546e+00,2.940787840900704886e+00
8.133520054501131025e-01,-1.889933978756914712e+00,2.768326666417181059e+00
8.083881602440241565e-01,-1.893023232587797366e+00,2.840423392151657289e+00
8.052878547261931308e-01,-1.894777962786230896e+00,3.011089476772965678e+00
8.024616106343841482e-01,-1.895119795417886666e+00,-3.089241629712804471e+00
7.979735135820631431e-01,-1.896397550786023789e+00,-2.910465397956798927e+00
7.935756886962613832e-01,-1.897984676687691330e+00,-2.734376822405451879e+00
6.994373965743987398e-01,-1.948089129542925679e+00,-2.648320601582165867e+00
6.076359360273109189e-01,-2.006321977842233206e+00,-2.555076619272767857e+00
5.192589324034218023e-01,-2.066682624870996854e+00,-2.520754482069602176e+00
4.372123829480652479e-01,-2.133173942958944025e+00,-2.453591534248033668e+00
3.557865861998639190e-01,-2.199423416054899327e+00,-2.458172324082414484e+00
2.793756005423587707e-01,-2.261356487197647702e+00,-2.460041992308994896e+00
1.968154720790187273e-01,-2.327691652113260457e+00,-2.461475883524794295e+00
1.154571099689003649e-01,-2.393914467978857097e+00,-2.458094862556779781e+00
3.405202638504034596e-02,-2.459899665366847010e+00,-2.456348627434068899e+00
-6.021976993951717871e-03,-2.494642176158264224e+00,-2.618996129233348125e+00
-5.815738438250064694e-03,-2.496710909174695292e+00,-2.810106214643578681e+00
-5.529799985763164845e-03,-2.499754935609302731e+00,-3.013620041721829068e+00
-6.568312353789710831e-03,-2.503000581225540699e+00,3.093881596965654790e+00
-8.613174818438732935e-03,-2.505684598776251271e+00,2.927174540129356295e+00
-9.097777485378282306e-03,-2.508355342406069166e+00,2.725385827118067983e+00
-9.569785221836836150e-03,-2.510628458942445018e+00,2.528943731198858291e+00
-1.000831408953814505e-02,-2.512429202782462845e+00,2.346353953944644299e+00
-1.104607860838030357e-02,-2.514333376668487219e+00,2.149482402886874866e+00
-1.221848403856358976e-02,-2.516134429092443447e+00,1.954554745425977735e+00
-1.399316387469596266e-02,-2.517261358712277630e+00,1.771420042586559607e+00
-1.630877222117365147e-02,-2.518308884300391792e+00,1.561563342600541304e+00
-1.878352416904317812e-02,-2.519205911177465396e+00,1.373212984843295681e+00
-2.207951476483531808e-02,-2.518905513562517129e+00,1.179969535739942010e+00
-2.519214547311272520e-02,-2.517912017487033083e+00,9.974999854668910038e-01
-2.799149728596719150e-02,-2.516600182600439606e+00,8.195273727748607628e-01
-3.132449521658742242e-02,-2.514471642251738803e+00,6.256841133392284648e-01
-3.427214192330638870e-02,-2.512740535772953532e+00,4.491224441708910331e-01
-3.733555476063169648e-02,-2.510849296207889214e+00,2.666893595091514579e-01
-3.939253260680837532e-02,-2.509165728906087800e+00,8.190520429508700573e-02
-4.064385588366588309e-02,-2.506776137960434969e+00,-7.036835342180162989e-02
-4.135288003532158058e-02,-2.505405887109527718e+00,-2.394479465712121002e-01
-4.212194345663313605e-02,-2.504862997681168491e+00,-4.174546276839509185e-01
-4.291341382513481906e-02,-2.505353150563272457e+00,-5.880164587938611076e-01
-4.264434768761771188e-02,-2.504951616562340888e+00,-7.664508052976212182e-01
-4.283315224191414777e-02,-2.504892093461387415e+00,-9.986142079415977202e-01
-4.174721275926990272e-02,-2.503609397674213977e+00,-1.192131399850673956e+00
-3.997882570733751056e-02,-2.503017656604599850e+00,-1.394995321375537056e+00
-3.809353893739430424e-02,-2.502974917365630603e+00,-1.593731572624999426e+00
-3.610923709805990284e-02,-2.502869122262335377e+00,-1.794806351845454673e+00
-3.429847613052067201e-02,-2.503483051128377213e+00,-1.967957939372667164e+00
-3.157871626720822056e-02,-2.504843671579460640e+00,-2.151955320880599043e+00
-2.882064528211994089e-02,-2.505975122147673151e+00,-2.341568230820344709e+00
-2.722179734664397985e-02,-2.507712301904281293e+00,-2.556565779393614957e+00
-2.525472957718542799e-02,-2.509497629709585009e+00,-2.745030275461536107e+00
-2.362968086781404298e-02,-2.511927616083171166e+00,-2.927374066082820914e+00
-2.246236177610681090e-02,-2.514812020201957932e+00,-3.133061746245171530e+00
-2.140017274131903249e-02,-2.517217308100875517e+00,2.938777081982486550e+00
-2.053442580498547956e-02,-2.519368593777385090e+00,2.764336211991388126e+00
-2.029340048361602880e-02,-2.521760291451980329e+00,2.566605949952810217e+00
-1.975853881207373028e-02,-2.524598371845634404e+00,2.349514423204656755e+00
-2.014213162928435094e-02,-2.526700740867195982e+00,2.151414830800173927e+00
-2.080569327323363374e-02,-2.529177610907593632e+00,1.933281109630606842e+00
-2.202252558297060001e-02,-2.531118885395134743e+00,1.735730319454933612e+00
-2.410849164966053643e-02,-2.533145746395205844e+00,1.513462615760763130e+00
-2.645932611039458413e-02,-2.534487482297232752e+00,1.301617889848866172e+00
-2.934369133527028536e-02,-2.534951234632308648e+00,1.076939275827094145e+00
-3.159292880235730488e-02,-2.534372136562379474e+00,8.810939836109479284e-01
-3.406103991806733872e-02,-2.533473475114644824e+00,6.731680718749877279e-01
-3.553854408477025162e-02,-2.532542865186492520e+00,4.775119105919984341e-01
-3.751140613977022031e-02,-2.531857217212600375e+00,2.812872095744586298e-01
-3.940315696821451719e-02,-2.530462403840668006e+00,6.481477345969698101e-02
-4.115601109654374451e-02,-2.528342311957842981e+00,-1.449228974166376360e-01
-4.238914467971970773e-02,-2.526619908537309112e+00,-3.506930378337674292e-01
-4.297548385942837057e-02,-2.524523330258020781e+00,-5.927012166441979479e-01
-4.351393610236174714e-02,-2.521454357417443504e+00,-8.351060226424720234e-01
-4.288601430691461880e-02,-2.519703020036224927e+00,-1.070240297234009264e+00
-4.202668952671023694e-02,-2.518072450826659647e+00,-1.279146834280942002e+00
-4.014949121286279232e-02,-2.516055349616158843e+00,-1.521789517748093346e+00
-3.845159065750826388e-02,-2.515245529397226232e+00,-1.744990201796368767e+00
-3.640793537241514971e-02,-2.515084994670696794e+00,-1.943127224133829545e+00
-3.395513229105722591e-02,-2.515683437903472264e+00,-2.134869104746670132e+00
-3.151130092682307565e-02,-2.516990388087796848e+00,-2.360451374473206965e+00
-2.960015914335619933e-02,-2.518798336980911934e+00,-2.578054038186615937e+00
-2.785772112045774643e-02,-2.520566711969521201e+00,-2.768639831080136560e+00
-2.600291303392428602e-02,-2.523199098829835840e+00,-2.977716802308815414e+00
-2.523722631057175383e-02,-2.525896297541562419e+00,3.055891420736617015e+00
-2.444560439702977983e-02,-2.528212037609657070e+00,2.866190884609411516e+00
-2.395473240926065950e-02,-2.530742748741467985e+00,2.649363641116815327e+00
-2.341447907112646082e-02,-2.533045963900635300e+00,2.473423230497871828e+00
-2.331786792468667352e-02,-2.536171741334196650e+00,2.251242492721908128e+00
-2.360978512870920767e-02,-2.537967374835294443e+00,2.076545518502808108e+00
-2.474178228841281829e-02,-2.540305402280980118e+00,1.861623793722092746e+00
-2.635729701163213104e-02,-2.542127485818494126e+00,1.630099907952676341e+00
-2.854410684801031439e-02,-2.543471123721479099e+00,1.424389172864505060e+00
-3.141191766386914469e-02,-2.544362638422590805e+00,1.184257702880560981e+00
-3.489087382606481658e-02,-2.544670421074586741e+00,9.729529232295055508e-01
-3.680365071811752403e-02,-2.543653486631478167e+00,7.563607588250186309e-01
-3.944397476556664450e-02,-2.542300925667220657e+00,5.340812707382412983e-01
-4.222512156577785253e-02,-2.540688364157172696e+00,2.565533983486015246e-01
-4.462825295808080933e-02,-2.538707545926195408e+00,1.537763672487806911e-02
-4.651633109297282492e-02,-2.536654144632381147e+00,-2.243532656702030559e-01
-4.737088342461587276e-02,-2.535287909787739213e+00,-4.128735834174223629e-01
-4.809155435598681111e-02,-2.532848860146954539e+00,-6.564558202336924220e-01
-4.850842095254246505e-02,-2.529948745536423793e+00,-9.313634116245684824e-01
-4.792484516600654249e-02,-2.527904180509501941e+00,-1.185201390739654803e+00
-4.620424446820586145e-02,-2.526126728664904064e+00,-1.424338683839949438e+00
-4.458694567047800233e-02,-2.524776070425414076e+00,-1.663451721247854342e+00
-4.258984507781360396e-02,-2.524225018105181739e+00,-1.870040440435094764e+00
-3.949253792765237275e-02,-2.524543689944299008e+00,-2.109166579765377580e+00
-3.651794677563546115e-02,-2.525883378376617916e+00,-2.330531421332180386e+00
-3.524935836382250137e-02,-2.527589644218814158e+00,-2.509563460846072847e+00
-3.354629948491680974e-02,-2.529875809421990418e+00,-2.721330218804443479e+00
-3.234489743384432597e-02,-2.531711041290798825e+00,-2.901934685890074750e+00
-3.089028501923672676e-02,-2.533775998769688176e+00,-3.087622318510117481e+00
-2.974675830334607904e-02,-2.537127290229549637e+00,2.953004586932849840e+00
-2.870939129013436869e-02,-2.540344266070583057e+00,2.714349676886380180e+00
-2.821828033040618341e-02,-2.542365205858625909e+00,2.525938939721524168e+00
-2.763937641322875352e-02,-2.545500381327103767e+00,2.281448691423616282e+00
-2.834853758574035210e-02,-2.548758633996363265e+00,2.043563655651980504e+00
-2.904573150136190510e-02,-2.550397683666854487e+00,1.855479795744518601e+00
-3.096210684942932168e-02,-2.552708232695476198e+00,1.610125569264598822e+00
-3.377476084345895635e-02,-2.554268887046081904e+00,1.356726703167512094e+00
-3.720471313629719612e-02,-2.555479276615571838e+00,1.132211065357192625e+00
-3.965736559566822306e-02,-2.555515409796815351e+00,9.578655990739650683e-01
-4.224162815569612595e-02,-2.554677535966124680e+00,7.640340067195078300e-01
-4.428512633021614714e-02,-2.553812954302282723e+00,5.739027814652669646e-01
-4.645902720430115929e-02,-2.552807522841576748e+00,3.751428200405212965e-01
-4.881814409300000435e-02,-2.550677204277037369e+00,1.244861133772186684e-01
-5.060210378430832906e-02,-2.549352711570592955e+00,-7.036984117070009537e-02
-5.171477832978166322e-02,-2.547534703736891615e+00,-2.672515481964513051e-01
-5.265432954019804573e-02,-2.545282967952968711e+00,-4.796369729650866165e-01
-5.387111396375420663e-02,-2.543298262229877871e+00,-6.891256873394637772e-01
-5.433300389918990780e-02,-2.540946601929852555e+00,-9.354008593460784171e-01
-5.376696727395115921e-02,-2.538412824566062209e+00,-1.157699621776734578e+00
-5.269934320594533289e-02,-2.536887126830445816e+00,-1.411197968207533515e+00
-5.104853799692535277e-02,-2.535626103909627727e+00,-1.652676973877779121e+00
-4.852040577222228174e-02,-2.534707181688018451e+00,-1.907758745124298105e+00
-4.575566865189534260e-02,-2.535238891046154297e+00,-2.169533271431256960e+00
-4.363776202720108521e-02,-2.536633046027788829e+00,-2.384689606645008286e+00
-4.196361726449253371e-02,-2.538427109429753248e+00,-2.562086398066112825e+00
-4.087804846465999814e-02,-2.540292561784524672e+00,-2.750476746477419798e+00
-3.917124905724387457e-02,-2.542827391971678175e+00,-2.988796590497349026e+00
-3.746335719020387617e-02,-2.545983829250645147e+00,3.042460988581335624e+00
-3.663667924974789436e-02,-2.548941141746666084e+00,2.805177206067781981e+00
-3.613011026356161004e-02,-2.551498200268198957e+00,2.557037899313907126e+00
-3.530516407533874218e-02,-2.554714050805418246e+00,2.338541925044258285e+00
-3.844807387054088171e-02,-2.555898049199853084e+00,2.434813896932567001e+00
-4.064780468723167700e-02,-2.555082237353149655e+00,2.623424944829783723e+00
-4.237776006845853788e-02,-2.553441039144178859e+00,2.799260044463800945e+00
-4.468445880911335599e-02,-2.551581871601961371e+00,2.979645999864983796e+00
-4.748871475615517451e-02,-2.550140405301199564e+00,-3.123572481583456906e+00
-4.970670835795407833e-02,-2.549193415777533556e+00,-2.939428678138956474e+00
-9.529673742642591483e-02,-2.558882254733158668e+00,-2.896800225035455423e+00
-1.955544895601032673e-01,-2.586459170467191981e+00,-2.831700425512534203e+00
-2.927375783015834787e-01,-2.624559473700502910e+00,-2.737096566530955233e+00
-3.880792042229125327e-01,-2.665702264703861957e+00,-2.740081026861104441e+00
-4.820516742201180760e-01,-2.712381712274300138e+00,-2.632061025375830088e+00
-5.702135451819264622e-01,-2.769015912414715785e+00,-2.520528659599187371e+00
-6.517393333581349424e-01,-2.831249507278815081e+00,-2.472939374813360569e+00
-7.339532159478648898e-01,-2.894777837520617680e+00,-2.472184329210894926e+00
-8.177189139049229061e-01,-2.959850479278268942e+00,-2.471918948134874672e+00
-8.994274222924959483e-01,-3.023861778372856968e+00,-2.469041689271704865e+00
-9.836052986308880808e-01,-3.090378906713046270e+00,-2.467491037280047372e+00
-1.047139434956766646e+00,-3.140698460609263609e+00,-2.610387854254731632e+00
-1.046220697895510421e+00,-3.142484161102029105e+00,-2.802613547964167839e+00
-1.045084136224274651e+00,-3.144316763940337545e+00,-2.978134571276961129e+00
-1.044108625652887978e+00,-3.146558937987822269e+00,3.107455691641498152e+00
-1.043592085652004897e+00,-3.148675607699209511e+00,2.926315907130125460e+00
-1.043794402037790059e+00,-3.150955584652629149e+00,2.733594738686490278e+00
-1.044373293739919495e+00,-3.153890716411027917e+00,2.529417372575525569e+00
-1.044963638322492283e+00,-3.156643706740870581e+00,2.314393774530415726e+00
-1.045795081077857347e+00,-3.158633088898739949e+00,2.134814809218069431e+00
-1.047359906895006798e+00,-3.160963881525220120e+00,1.947705384125372197e+00
-1.049286233117140643e+00,-3.162373620134432795e+00,1.762924145693963940e+00
-1.051458889855210632e+00,-3.163638014333442605e+00,1.570967112244897823e+00
-1.053854066175649695e+00,-3.164394011796150874e+00,1.377613533547249025e+00
-1.057305713320068508e+00,-3.164980625941352876e+00,1.200666616733826020e+00
-1.060432886904344452e+00,-3.165440396434118231e+00,1.030297363404352184e+00
-1.063520771442081125e+00,-3.165003393311121904e+00,9.013643394267999431e-01
-1.065244624981933397e+00,-3.164315342486134330e+00,7.239398284302495101e-01
-1.067038737138135573e+00,-3.163373568456200324e+00,5.474752475914606009e-01
-1.069106716548118508e+00,-3.161977641249067883e+00,3.891719316969214360e-01
-1.070859562666809817e+00,-3.160735754427477229e+00,2.048986444245737837e-01
-1.072414588541630742e+00,-3.159329453086632267e+00,2.563668735401594678e-02
-1.073249145300656515e+00,-3.158066055337415801e+00,-1.508111458671315408e-01
-1.073886378969336919e+00,-3.156551107093229724e+00,-3.140467170647858741e-01
-1.074492393827767955e+00,-3.154028274544176114e+00,-4.223067777384071908e-01
-1.074489945756768927e+00,-3.152996398533674860e+00,-6.030532711815262958e-01
-1.074323141209024612e+00,-3.152002941533555536e+00,-7.821174446167132865e-01
-1.073956482132635948e+00,-3.151140275867923002e+00,-9.610697763515041459e-01
-1.073339530668256048e+00,-3.150455745321204315e+00,-1.144171440729049527e+00
-1.072579844604719224e+00,-3.151310229561466336e+00,-1.313403311880100066e+00
-1.071950832469622528e+00,-3.151687476363582263e+00,-1.503320365311804796e+00
-1.070597159419524491e+00,-3.151536477241977607e+00,-1.682236089697527692e+00
-1.068923703001916747e+00,-3.151146600450189794e+00,-1.862598903441730736e+00
-1.066583094595516146e+00,-3.151295656566502235e+00,-2.037682868585915852e+00
-1.064307469899350211e+00,-3.151625085774708790e+00,-2.216153463126832257e+00
-1.062726439958704416e+00,-3.152252180335311849e+00,-2.301458901043483607e+00
-1.064935950379414908e+00,-3.152536179494554780e+00,-2.116996988414329373e+00
-1.067593373955632030e+00,-3.153415363572572350e+00,-1.927489789810031828e+00
-1.069289018750065212e+00,-3.154225883516357243e+00,-1.743935433026190918e+00
-1.070961767870938885e+00,-3.155909536247326397e+00,-1.569847003147624376e+00
-1.072059463728600059e+00,-3.157750172942086930e+00,-1.378642873690676174e+00
-1.073216458082856706e+00,-3.159117021938003145e+00,-1.202950936337665144e+00
-1.073765900629787051e+00,-3.161338442119011383e+00,-1.024371172960281351e+00
-1.074012151473714205e+00,-3.163326746021225766e+00,-8.487204847708932354e-01
-1.073667786623701659e+00,-3.165087240066940311e+00,-6.655763944378202401e-01
-1.073254284830432725e+00,-3.166977345533133370e+00,-4.864445459833308671e-01
-1.072574583326032283e+00,-3.168966259879055780e+00,-2.855957703933671432e-01
-1.072211138834064936e+00,-3.172325796527261321e+00,-1.345126477713618207e-01
-1.072286404168898422e+00,-3.174552000159898135e+00,4.186395232509480119e-02
-1.071647607175657768e+00,-3.177237754659075541e+00,2.244914258593883605e-01
-1.070469758381935144e+00,-3.179896936870685309e+00,3.998242955806481924e-01
-1.069151717635030474e+00,-3.182721572669371390e+00,5.612924938597328994e-01
-9.893124316467799551e-01,-3.132775633468768195e+00,6.112767314404349284e-01
-9.065273578789425635e-01,-3.072272122733354927e+00,6.536372888649701896e-01
-8.264434194312967330e-01,-3.010386248218002159e+00,6.933214941373857521e-01
-7.474158774148317308e-01,-2.947492141783365049e+00,6.863981397378978722e-01
-6.676428523707508278e-01,-2.883948476809861994e+00,6.637096512258369163e-01
-6.069811662534142505e-01,-2.844777571632825630e+00,4.875655763050851799e-01
-5.553359923008726051e-01,-2.824737403543958525e+00,3.121256497308553257e-01
-4.992492422048592782e-01,-2.813959005198956032e+00,1.353310941203691997e-01
-4.409431813900856478e-01,-2.812015280341426227e+00,-4.807948302663489493e-02
-3.814669582498141365e-01,-2.821068725116310461e+00,-2.349361466759191386e-01
-3.207564701696297149e-01,-2.843286552113425625e+00,-4.352984587513563652e-01
-2.651810621899088338e-01,-2.876798899206661098e+00,-6.232775637802451252e-01
-2.094261492415251946e-01,-2.925599695515325838e+00,-8.048099865726842106e-01
-1.470135324625835016e-01,-3.002571306590680056e+00,-9.658351725228483398e-01
-9.007951193607088847e-02,-3.083222644826201897e+00,-9.306676785398385610e-01
-2.608212580961361687e-02,-3.164655120948667744e+00,-8.927371531141164995e-01
3.782673595161117897e-02,-3.245366769465751311e+00,-9.044787054563200313e-01
8.672640876076345706e-02,-3.313489823831147874e+00,-1.041474169682821582e+00
1.015176112362718153e-01,-3.347994269852559324e+00,-1.238611835792284621e+00
1.110697435594607679e-01,-3.381645530871492333e+00,-1.435167097731453234e+00
1.138509895720188347e-01,-3.417552269999977632e+00,-1.631440916046570822e+00
1.104363881295147010e-01,-3.451403642989976817e+00,-1.807339604960256585e+00
9.962087494293107859e-02,-3.487907572703435211e+00,-1.982452539038897843e+00
7.845065292451572359e-02,-3.528278132674682155e+00,-2.170610612699190867e+00
4.350427176976622012e-02,-3.571191376106941817e+00,-2.361348959096229549e+00
2.351217979629649166e-02,-3.592163462778990457e+00,-2.389986362873287362e+00
1.788326695675023989e-02,-3.599022821191010912e+00,-2.206868829882611127e+00
-8.095921492395730806e-03,-3.638908400332061976e+00,-2.145016845790641558e+00
-5.949687873375927860e-02,-3.726760780095432324e+00,-2.103761414842952426e+00
-1.113768193418990804e-01,-3.815645453603017323e+00,-2.105750059219195336e+00
-1.639316972499897662e-01,-3.903813438142055947e+00,-2.102864121869348235e+00
-2.170314385248457711e-01,-3.991946812661688160e+00,-2.106980100417850110e+00
-2.364011887624556107e-01,-4.023070567021964195e+00,-1.937801293661840951e+00
-2.389917684131607489e-01,-4.025321116880186345e+00,-1.755185597524690388e+00
-2.411242280641025248e-01,-4.027488648374004221e+00,-1.573859357480423604e+00
-2.427691070244087090e-01,-4.029422312487404234e+00,-1.386271924584060233e+00
-2.437881415823215658e-01,-4.032208252873212828e+00,-1.206486284634411543e+00
-2.446885350722134145e-01,-4.035104055634904263e+00,-1.042436420294027943e+00
-2.448556243930587184e-01,-4.039246064145938675e+00,-8.765342338273292011e-01
-2.434832389748451398e-01,-4.044276370803914666e+00,-7.018118175910583734e-01
-2.318405697804272469e-01,-4.057243365434871407e+00,-5.778729231775087127e-01
-1.564065071490379766e-01,-4.121506232155044636e+00,-7.156491809058072029e-01
-1.197308496511756970e-01,-4.154914281801254106e+00,-9.218842973031767807e-01
-1.191160362691004587e-01,-4.153504172962682262e+00,-1.130108629826595656e+00
-1.183264100598107743e-01,-4.152328765923441800e+00,-1.329246975953093157e+00
-1.148029278363568439e-01,-4.151287921457005758e+00,-1.474573471390735024e+00
-1.109788787070676574e-01,-4.152946470441728266e+00,-1.621959567818870740e+00
-1.094889982915642629e-01,-4.152958365739150892e+00,-1.798526443620945381e+00
-1.072964128631044983e-01,-4.153431923645523050e+00,-1.983167643605042274e+00
-1.044187800849590703e-01,-4.154201605945743836e+00,-2.189833201926996598e+00
-1.021825710828252187e-01,-4.155409750862493645e+00,-2.370540528911950329e+00
-9.994008371248801204e-02,-4.157483247633709134e+00,-2.635662739237251806e+00
-9.711322653538179139e-02,-4.160015184162471513e+00,-2.870419822720613467e+00
-9.553888320745608509e-02,-4.161922766294916087e+00,-3.054040265795834319e+00
-9.399365071978947606e-02,-4.164482725330436175e+00,2.977727170981959048e+00
-9.330422296335802446e-02,-4.166111891061288652e+00,2.797263150574226920e+00
-9.247194730306199095e-02,-4.169191522596919164e+00,2.556195190504566561e+00
-9.251997723960848907e-02,-4.171590000068761128e+00,2.350067026982750829e+00
-9.322840250887572122e-02,-4.174935890852493614e+00,2.106742023330829827e+00
-9.460341554433002176e-02,-4.177043134613555253e+00,1.868084089624932220e+00
-9.632461828845420571e-02,-4.178990668152435362e+00,1.667312071811640983e+00
-9.882980715270955896e-02,-4.180629084850390420e+00,1.431474782042998717e+00
-1.012085974882363654e-01,-4.181374118159908448e+00,1.198223152091011601e+00
-1.037480561787489791e-01,-4.181385248386838782e+00,9.958227856699313207e-01
-1.072248975143164362e-01,-4.180368362210201028e+00,7.573861945641318094e-01
-1.095240111300500030e-01,-4.178824273283447077e+00,5.197183765813407907e-01
-1.119195765099330470e-01,-4.177591456485999721e+00,3.202586510493424798e-01
-1.137974607791283482e-01,-4.175666683278955738e+00,8.878093778311205164e-02
-1.157783932853532760e-01,-4.173257579051089294e+00,-1.733164652521788085e-01
-1.169348313110588761e-01,-4.171013821058670246e+00,-3.741289214617740666e-01
-1.174209256716044758e-01,-4.169171179794700421e+00,-5.559585116675721528e-01
-1.173709204529667649e-01,-4.166399795946582607e+00,-8.106590842740614145e-01
-1.167489411938872623e-01,-4.163002539830270798e+00,-1.098761755381586491e+00
-1.154855584435247606e-01,-4.160921704836119339e+00,-1.361915699993113016e+00
-1.130494574083319020e-01,-4.159134413583450929e+00,-1.619277944729941021e+00
-1.109477773438906079e-01,-4.158073507101678778e+00,-1.818570629283121409e+00
-1.087611476058453763e-01,-4.157691153690008967e+00,-1.999620640045766118e+00
-1.052937257912556906e-01,-4.158369258336247931e+00,-2.263030105817521953e+00
-1.020538402810095002e-01,-4.160203056151986267e+00,-2.554913699815011707e+00
-9.917430045643008119e-02,-4.162285482412885429e+00,-2.815202640964753034e+00
-9.752991062078875117e-02,-4.163949147393177341e+00,-2.992702175835075806e+00
-9.529185238487820897e-02,-4.166707787334987145e+00,2.998959310593237504e+00
-9.415189778927490760e-02,-4.168778901911656121e+00,2.822069780339970801e+00
-9.305143048419874108e-02,-4.171162459085566709e+00,2.644598730592365055e+00
-9.259611123077572670e-02,-4.174252742044386899e+00,2.394226164829586168e+00
-9.262511514699840742e-02,-4.176963544114301818e+00,2.185722312952723456e+00
-9.373866293802467220e-02,-4.180905002800823667e+00,2.005491594463229443e+00
-9.532555746808889230e-02,-4.182980241849663550e+00,1.842274006914062401e+00
-9.707594132172514545e-02,-4.185495190749344729e+00,1.656477826309530776e+00
-9.859633794948559349e-02,-4.186859745609110561e+00,1.475023344494261757e+00
-1.010439987855604183e-01,-4.188108604238776955e+00,1.295567578955783450e+00
-1.019479465054641265e-01,-4.187780744166263780e+00,1.117555337482643019e+00
-6.072320733046859126e-02,-4.118925915159308282e+00,1.017039134519399424e+00
-6.111987187195592509e-03,-4.032041741290439241e+00,1.018052112467805248e+00
4.746560751528198369e-02,-3.944560550630872520e+00,1.019540836133284722e+00
1.033323429122976200e-01,-3.854817169256477438e+00,1.018943843778189917e+00
1.552856956818780554e-01,-3.770882879397838394e+00,1.005206799893978209e+00
2.172159277431174873e-01,-3.681101139380201559e+00,9.516431558701452520e-01
2.808250745153667016e-01,-3.597301948522932058e+00,9.038520026917232775e-01
3.484516458753296186e-01,-3.516158570936330108e+00,8.684028946950704819e-01
4.151205186891414045e-01,-3.436229902905318490e+00,8.982618863928836239e-01
4.776322078316552200e-01,-3.354894009034174562e+00,9.469417563201375510e-01
5.424957969632051569e-01,-3.267273496727912896e+00,9.290893636962702651e-01
6.075432679598797847e-01,-3.186829142279451244e+00,8.808915121505589418e-01
6.801771301612031806e-01,-3.104514246427370061e+00,8.321725353583907525e-01
7.480791658068489669e-01,-3.034894143668784849e+00,7.894890647600671940e-01
8.258613003607820913e-01,-2.962237468279770081e+00,7.335497769892491693e-01
9.052517860662608884e-01,-2.895569202111046625e+00,6.875184749970513209e-01
9.899670490148431146e-01,-2.830937721410023311e+00,6.381781447669988561e-01
1.072749871476085914e+00,-2.775287946308893083e+00,5.289350430475406872e-01
1.111413263993144662e+00,-2.743785560266526424e+00,3.700750509414429401e-01
1.111057686407810330e+00,-2.741501703020187364e+00,1.890177310196297089e-01
1.110957338742301515e+00,-2.739356670366649205e+00,5.441660843965947549e-03
1.111177923299028203e+00,-2.737234744813127119e+00,-1.787131815896228215e-01
1.111666143742500168e+00,-2.735275405413036154e+00,-3.618801738463117701e-01
1.115488215410766593e+00,-2.734034959355951422e+00,-5.317119232446150257e-01
1.123184056775479833e+00,-2.737041909193448141e+00,-6.956105313388399880e-01
1.131124761091043318e+00,-2.741103872286589915e+00,-8.659271622248113642e-01
1.133129349107633743e+00,-2.741361542183184952e+00,-7.573032118228374410e-01
1.134877635724231615e+00,-2.742678221415918660e+00,-5.816750025580417205e-01
1.136618033139419337e+00,-2.744512428704731999e+00,-3.851691780487337957e-01
1.138882685609409640e+00,-2.746202107753370036e+00,-1.889757666229217037e-01
1.140998175278500781e+00,-2.747694735792396870e+00,1.536567915171793350e-02
1.143531238329382083e+00,-2.748681126701828958e+00,1.975078020720463234e-01
1.145881267897345568e+00,-2.749810764934363050e+00,3.728344070744107341e-01
1.149441480273061700e+00,-2.751273994468999007e+00,5.691274738376841391e-01
1.152834015033369353e+00,-2.752173622251688823e+00,7.445900081189751329e-01
1.156411305806889889e+00,-2.752654826912724673e+00,9.183404321631279954e-01
1.159869132596490271e+00,-2.753134191890719507e+00,1.095643614865896565e+00
1.163582673851521365e+00,-2.753119778471828205e+00,1.294328259506391410e+00
1.167152071584359518e+00,-2.752261779531939734e+00,1.492108537447515149e+00
1.169729657359755759e+00,-2.750640777401615278e+00,1.692037005064489952e+00
1.171626041100217730e+00,-2.748534152641922024e+00,1.893623428824204424e+00
1.173355713926296007e+00,-2.746355443869093360e+00,2.094086194544838353e+00
1.174533265627665690e+00,-2.744066111029302313e+00,2.294147986337795153e+00
1.175895578447181178e+00,-2.742383621597378252e+00,2.457497644711786222e+00
1.175909894960879498e+00,-2.740040562287371806e+00,2.645911925838869028e+00
1.176261744271054122e+00,-2.737914064158300853e+00,2.847029601663874754e+00
1.176369603805975883e+00,-2.736557233696538916e+00,3.029904759731671060e+00
1.175748393375292356e+00,-2.734622624766850141e+00,-3.056919841779385028e+00
1.174872429120444872e+00,-2.733368143316269983e+00,-2.870034916183284324e+00
1.173313995105999208e+00,-2.731095719766936547e+00,-2.722757875360135138e+00
1.171622251450075813e+00,-2.729131374934163023e+00,-2.552673446709646576e+00
1.169917322870758003e+00,-2.727406672483279948e+00,-2.387102754934518956e+00
1.167002827946504340e+00,-2.725306718517976456e+00,-2.264777890972884400e+00
1.164896488906761007e+00,-2.723494199890800438e+00,-2.087385002610204321e+00
1.163787002294638828e+00,-2.722928256750797971e+00,-1.903478083966843926e+00
1.161525766761124290e+00,-2.723509885705748257e+00,-1.675998601950998701e+00
1.158807891201708129e+00,-2.725382512991541439e+00,-1.429663691542385928e+00
1.157583916830463133e+00,-2.727548554730224950e+00,-1.232265789231938413e+00
1.156197768978977303e+00,-2.729758366190321972e+00,-1.021908971318723491e+00
1.155690612563885278e+00,-2.732516073476769058e+00,-7.848946802626276531e-01
1.156069860437688890e+00,-2.735909040053664310e+00,-5.326792493697993791e-01
1.157527192336243349e+00,-2.739401761845686956e+00,-3.444171922430006028e-01
1.260569134383198175e+00,-2.775901287767881698e+00,-3.417866059405167412e-01
1.360904336709162443e+00,-2.812041110093448371e+00,-3.424480783217906943e-01
1.452856003144893604e+00,-2.845486280150207214e+00,-3.384309055178359449e-01
1.550111976726241902e+00,-2.876599511548855848e+00,-2.946672439961694479e-01
1.616387129832586922e+00,-2.901452697622078247e+00,-4.453723022178169288e-01
1.627885874399976673e+00,-2.908221681948832238e+00,-6.500337390334406384e-01
1.703043761409062773e+00,-2.978359772111330628e+00,-7.638222651173529609e-01
1.776419894783109132e+00,-3.049430213372759546e+00,-7.662876089019178272e-01
1.853401763367830801e+00,-3.123275083278792774e+00,-7.655445437838110934e-01
1.867191553963260864e+00,-3.134594409964670536e+00,-9.439199308335093352e-01
1.867840185294093569e+00,-3.132934040751060412e+00,-1.091557245177969815e+00
1.869259176302574099e+00,-3.132725837800980795e+00,-1.270010601926474303e+00
1.870641863689186835e+00,-3.131447683613097333e+00,-1.449966107487411726e+00
1.872832243340729397e+00,-3.130415709320061080e+00,-1.659823412335417636e+00
1.874747118194302287e+00,-3.130034808222074361e+00,-1.852791539961248235e+00
1.877176422161777714e+00,-3.130374395267437659e+00,-2.063256425340624034e+00
1.879395186436167542e+00,-3.130863631918043843e+00,-2.253341267434411765e+00
1.881861056036367552e+00,-3.131563781722687789e+00,-2.452571522555587524e+00
1.884203911132110498e+00,-3.132830890953485437e+00,-2.645975829067130025e+00
1.885987836248742555e+00,-3.133993239525675101e+00,-2.852349464568138426e+00
1.887529618811108145e+00,-3.135749549803370950e+00,-3.055205712837385512e+00
1.889055513795992791e+00,-3.137349363599065910e+00,3.036860461890261487e+00
1.890298540248670500e+00,-3.139856682715202130e+00,2.828098564386737124e+00
1.891017368817008437e+00,-3.141933265718332091e+00,2.619461387998378576e+00
1.891398038971794815e+00,-3.143968731337179801e+00,2.427611380565674271e+00
1.891093829354072886e+00,-3.146175652696826752e+00,2.224398835084789194e+00
1.890287021127343037e+00,-3.148248990078894582e+00,2.037316498068350690e+00
1.889390101279013079e+00,-3.150323947015940540e+00,1.829003291096457984e+00
1.887785845045125033e+00,-3.152029238175227288e+00,1.630848265082966542e+00
1.886136431829370519e+00,-3.153808812347584922e+00,1.412545320185059516e+00
1.883960917982663075e+00,-3.154136145708308359e+00,1.225369795229434455e+00
1.881536541370445903e+00,-3.154113188038406790e+00,1.013976769283299495e+00
1.879382684935958503e+00,-3.153151602405685594e+00,8.071259952189434594e-01
1.877651609150071677e+00,-3.151944385627684309e+00,6.052886110300126354e-01
1.875954691628439530e+00,-3.150822718388988530e+00,4.231409077585596146e-01
1.874634258171341106e+00,-3.149570844290005667e+00,2.443624122320948722e-01
1.873408596590471431e+00,-3.147980938379015825e+00,4.613959347093039842e-02
1.872886731483153433e+00,-3.145988208528661012e+00,-1.664598613427057672e-01
1.871706520809952812e+00,-3.143798055948318293e+00,-3.824575568579711149e-01
1.871294785818185424e+00,-3.141750220790741732e+00,-5.630915659664310624e-01
1.871012585502022318e+00,-3.139721918078824281e+00,-7.412858486549199766e-01
1.871226717156340591e+00,-3.137865589263261867e+00,-9.246997030831639597e-01
1.872176883854297813e+00,-3.135979378994240729e+00,-1.103696173459131291e+00
1.873316633596943337e+00,-3.134434418699892255e+00,-1.288154410840284481e+00
1.875189847281577560e+00,-3.132717401687396208e+00,-1.501421142888727411e+00
1.877099525844126315e+00,-3.131625625593314588e+00,-1.692455991353963185e+00
1.879819252851552935e+00,-3.130853830640344615e+00,-1.927874647327414204e+00
1.882862969364781147e+00,-3.131031928974981948e+00,-2.143861810644623223e+00
1.885271876201556118e+00,-3.131629448677513139e+00,-2.330079877410020206e+00
1.887924909844866495e+00,-3.132188845663773868e+00,-2.545641903408010887e+00
1.890164996631126693e+00,-3.133435778798997706e+00,-2.729404864568307776e+00
1.891622558183617464e+00,-3.134773572897071592e+00,-2.905062070334511581e+00
1.893493367662864468e+00,-3.136837176540393290e+00,-3.111300669902315352e+00
1.894495145372108391e+00,-3.138596340049758293e+00,2.992243282653351599e+00
1.895482752939531501e+00,-3.140589172637822557e+00,2.781726569116200753e+00
1.896216936026967170e+00,-3.142942076961720232e+00,2.580926874807181637e+00
1.896539882230360741e+00,-3.144851204736472727e+00,2.405327551337548275e+00
1.878068284370719265e+00,-3.126456123723667879e+00,2.256912746068570286e+00
1.807565037438108035e+00,-3.040989914500372038e+00,2.261133777926537025e+00
1.742227620744893679e+00,-2.962354797264697748e+00,2.263561258177278823e+00
1.676221231662245570e+00,-2.882305274033916564e+00,2.262052181523573680e+00
1.609033392346328029e+00,-2.800932540929212511e+00,2.264058384643775401e+00
1.547540038056059108e+00,-2.728335099282333420e+00,2.192188577623204626e+00
1.546895318839691669e+00,-2.728852615464342879e+00,1.984269423166755475e+00
1.545546675056564512e+00,-2.730369255940943596e+00,1.761996653521867851e+00
1.544066856517784636e+00,-2.731502763536749256e+00,1.547837000277471509e+00
1.542023488036811996e+00,-2.732479668372783443e+00,1.357790833567248612e+00
1.539503723649618072e+00,-2.732922062165674237e+00,1.145618486700045402e+00
1.537544714456186234e+00,-2.732502740915808914e+00,9.546391053122441628e-01
1.535305333552244411e+00,-2.731601519273624046e+00,7.409655658022410440e-01
1.533658930562794342e+00,-2.730546783451769155e+00,5.496682514656414664e-01
1.531923040554721283e+00,-2.729150593730135022e+00,3.596548253698678144e-01
1.530350988030235726e+00,-2.727225496714568376e+00,1.495040972937776436e-01
1.529488364279598445e+00,-2.725645471264920960e+00,-4.057841178494906581e-02
1.528515018528564307e+00,-2.723672396312168065e+00,-2.512123875421801711e-01
1.527935267714880085e+00,-2.721153065471506594e+00,-4.439929791214497490e-01
1.527588654235425114e+00,-2.718411000461228966e+00,-6.559408601194790522e-01
1.527556718931200930e+00,-2.716207125408933720e+00,-8.448701166662254680e-01
1.528288956621178363e+00,-2.713851341002813555e+00,-1.055713846670726541e+00
1.529465824807372254e+00,-2.711542022421113529e+00,-1.247730039921340683e+00
1.531174613488565539e+00,-2.709980375628375793e+00,-1.459503416315552693e+00
1.533102654453954550e+00,-2.708370951455178144e+00,-1.671023263953083537e+00
1.535086668108030183e+00,-2.707613511152782149e+00,-1.862093797627222047e+00
1.537331297799741980e+00,-2.707404367967644276e+00,-2.054225407938116366e+00
1.539809576338450947e+00,-2.707880825358629284e+00,-2.263256822946628333e+00
1.542224843924074884e+00,-2.708475135178643356e+00,-2.457670882339172191e+00
1.474001075371641933e+00,-2.756386032758113558e+00,-2.571267989481993865e+00
1.386884036531069286e+00,-2.813932008718336597e+00,-2.570766915405708453e+00
1.301361458306143692e+00,-2.869213891915112669e+00,-2.568547970026908267e+00
1.217088496568301537e+00,-2.923172499480869213e+00,-2.573527170536915598e+00
1.132900051314479350e+00,-2.975836488168893013e+00,-2.584425095425079810e+00
1.086295674429975877e+00,-3.004306234601607173e+00,-2.442275996870723276e+00
1.062709500043432564e+00,-3.025539772093400526e+00,-2.235071681101065799e+00
1.049007681553855598e+00,-3.044174081276172839e+00,-2.050345795936714399e+00
1.038882382191101739e+00,-3.064861319852343335e+00,-1.848965797516145981e+00
1.032519341906351418e+00,-3.086026938466210900e+00,-1.662689901907591805e+00
1.029273148334379107e+00,-3.100307692235131807e+00,-1.479311438033647397e+00
1.031709097655525875e+00,-3.116848474601046082e+00,-1.247714665890844898e+00
1.035993528742314762e+00,-3.131526473253424037e+00,-1.025639971937882811e+00
1.043677327679307876e+00,-3.145189502665670211e+00,-8.024251820587225970e-01
1.053542459171229906e+00,-3.155313213839374242e+00,-6.162197430116265195e-01
1.065257200239670743e+00,-3.163902180085466753e+00,-4.385222594948641195e-01
1.079240775622632098e+00,-3.171043754121813052e+00,-2.484587649362495487e-01
1.095774065495924043e+00,-3.176273688270031315e+00,-5.963766903511103640e-02
1.112264848615504009e+00,-3.176712353713980086e+00,1.306482129946368309e-01
1.119539768218364983e+00,-3.175841441055426984e+00,1.112826426289855869e-01
1.118566367461551359e+00,-3.174089121076865361e+00,-1.113476327608644428e-01
1.117316373730188772e+00,-3.172244069392398558e+00,-3.776792118832298928e-01
1.116842103229949812e+00,-3.170529666534160906e+00,-5.893505689215138288e-01
1.116690346190107430e+00,-3.167826348315445184e+00,-8.455453143944202665e-01
1.117183460125319439e+00,-3.165545812970696371e+00,-1.121515081894249644e+00
1.118111790987053711e+00,-3.164306923244333269e+00,-1.299739755560636034e+00
1.119654773803625325e+00,-3.163066033422262890e+00,-1.492123334563595138e+00
1.121705987909725977e+00,-3.162688930529617082e+00,-1.676123544490698114e+00
1.123801258750446452e+00,-3.162565726981964698e+00,-1.880233753166145494e+00
1.126351077226936725e+00,-3.162655901007451753e+00,-2.072220857569499586e+00
1.128790448253489842e+00,-3.163332412892854606e+00,-2.263476060068014828e+00
1.132289628134101056e+00,-3.164999530555648644e+00,-2.569702237700119074e+00
1.135393645903148396e+00,-3.168076333028222891e+00,-2.815569928634764629e+00
1.136790757017493769e+00,-3.170043692884638720e+00,-3.006715286874184212e+00
1.139241866695605676e+00,-3.174169576342991572e+00,2.970483496019010961e+00
1.140353388350115349e+00,-3.177433279742154060e+00,2.705653499616137658e+00
1.140789605333566881e+00,-3.181149158033798052e+00,2.455770920106084887e+00
1.140073680944976076e+00,-3.183738612613435937e+00,2.223413026056011876e+00
1.139120482980324978e+00,-3.187502205002020528e+00,1.953535818344536157e+00
1.137549771900140394e+00,-3.189390146353976885e+00,1.762115423604713849e+00
1.134836667354774953e+00,-3.191960816588137906e+00,1.456051562779790087e+00
1.131643764081889936e+00,-3.193404441553437945e+00,1.190521409318746837e+00
1.129071102114537206e+00,-3.193923440203772390e+00,9.984631348163047759e-01
1.124996881813732141e+00,-3.193653982953492676e+00,6.938527239629102006e-01
1.121860332395712145e+00,-3.192071353000926148e+00,4.260797417857133951e-01
1.120027199238208926e+00,-3.190914801369502563e+00,2.348238893181651132e-01
1.117861428065852980e+00,-3.188429477620213337e+00,-7.075025577973595436e-02
1.116505447031161502e+00,-3.185905436799865598e+00,-3.381969784050692929e-01
1.115862432246555125e+00,-3.184120931659134790e+00,-5.287148194254732703e-01
1.115147690093978072e+00,-3.180813413529973044e+00,-7.865948394894233253e-01
1.186103895176753520e+00,-3.258828447911862103e+00,-8.240056849042938225e-01
1.257916396561626238e+00,-3.337714401442602341e+00,-8.229401030392632377e-01
1.330555514848499321e+00,-3.417054438774070668e+00,-8.198520900945973633e-01
1.339856900144810625e+00,-3.427006518992969486e+00,-9.836588257204772479e-01
1.348724870685602761e+00,-3.443326933168321613e+00,-1.159847566458541923e+00
1.355067182279226401e+00,-3.461886282672921755e+00,-1.340476686075119606e+00
1.369513262338545090e+00,-3.559795854847487284e+00,-1.439858961217997058e+00
1.384195947638677815e+00,-3.666397877447042042e+00,-1.448488118584939421e+00
1.391677512950481477e+00,-3.693068592295271735e+00,-1.633270871926273848e+00
1.393351804728928167e+00,-3.693901248664052783e+00,-1.813970858650177709e+00
1.396066452923994783e+00,-3.694677941849951353e+00,-2.012358995114014615e+00
1.398668265753836737e+00,-3.695962637262520278e+00,-2.220472618950306121e+00
1.400829110911060438e+00,-3.698192263815287539e+00,-2.402687632995447853e+00
1.402832921630550400e+00,-3.701999664927752676e+00,-2.534095797313819620e+00
1.403011672162715273e+00,-3.704740964032254613e+00,-2.684987808434677881e+00
1.403711577123996967e+00,-3.707585347648642671e+00,-2.924856205844781343e+00
1.403886776853645824e+00,-3.709766661449431346e+00,-3.131059116524943509e+00
1.403983330315623057e+00,-3.712071333192866085e+00,2.934128387128593474e+00
1.403896317189365250e+00,-3.714122070548738996e+00,2.736619124920801394e+00
1.403845817367685100e+00,-3.715854219613891285e+00,2.519501232189968576e+00
1.403970284314041805e+00,-3.717329785210391258e+00,2.322828933056193534e+00
1.403546845581572278e+00,-3.718870158229584888e+00,2.108716469898012758e+00
1.402525870192406821e+00,-3.719767371978821124e+00,1.913698313297871323e+00
1.401409413489273614e+00,-3.720524339869609509e+00,1.694215094584021752e+00
1.399835362139973727e+00,-3.721358380313636527e+00,1.500755765607296288e+00
1.397608118841075164e+00,-3.721575003636473866e+00,1.288430782744077074e+00
1.395147614408911441e+00,-3.721164031377573345e+00,1.105174848309693036e+00
1.394636492067879763e+00,-3.721802651236687520e+00,9.733891652227507629e-01
1.394021002170768631e+00,-3.721548623945142520e+00,7.887748340681175474e-01
1.394414027642814080e+00,-3.720740683658912751e+00,6.390623466074305536e-01
1.393329469969134315e+00,-3.718757301770331480e+00,4.364019899657968216e-01
1.393470733147093021e+00,-3.717130478536124105e+00,2.293150512943856745e-01
1.393890482571837008e+00,-3.715378328715633671e+00,4.121963089006757536e-02
1.399747794447585347e+00,-3.716067276513620676e+00,-6.120699995051595219e-03
1.403018051150967782e+00,-3.719140748802337804e+00,1.412647990655780117e-01
1.403881294362488097e+00,-3.721692693147611308e+00,2.830253958743204623e-01
1.405318885123753692e+00,-3.723764523216725575e+00,4.820991956009251789e-01
1.407232130070716014e+00,-3.725639625421704793e+00,7.033841514833287789e-01
1.409802320559891298e+00,-3.726426572291207773e+00,9.066252623845749703e-01
1.411702475272893054e+00,-3.727523395434277909e+00,1.136419827198515975e+00
1.414070878200026860e+00,-3.727069016105309274e+00,1.331911008803451590e+00
1.416306716733391591e+00,-3.726575874695871260e+00,1.508145893542518934e+00
1.417922090438883398e+00,-3.725976758659521604e+00,1.683061976390037850e+00
1.419195388127933333e+00,-3.724421136076848438e+00,1.897379149835209278e+00
1.419735736424097006e+00,-3.723129035181516944e+00,2.075759734826823966e+00
1.419727367544537433e+00,-3.721378683375761387e+00,2.338397062966730111e+00
1.418786379317352297e+00,-3.719559048623560127e+00,2.551169366453422960e+00
1.417858965514241509e+00,-3.718050267206693071e+00,2.742196464943073675e+00
1.417016525967459639e+00,-3.716730368210008795e+00,2.917058892024892991e+00
1.415952548557663837e+00,-3.715375485908215758e+00,3.108819812931821858e+00
1.414555725125909991e+00,-3.713669103880049782e+00,-2.964599581583647669e+00
1.411370764170901682e+00,-3.711349648835483794e+00,-2.702269422604308691e+00
1.407508981140812798e+00,-3.708622545651200308e+00,-2.544515247097995037e+00
1.330248986713582493e+00,-3.773312096569947816e+00,-2.431925011652955604e+00
1.250914725970681651e+00,-3.840779909849814544e+00,-2.438828212523254546e+00
1.171665034045140663e+00,-3.907960137613270657e+00,-2.430601921736941229e+00
1.096666363731510607e+00,-3.977163869283773856e+00,-2.309018624839776823e+00
1.052755276821618402e+00,-4.033284830961687994e+00,-2.131960352120499724e+00
1.035779512290720294e+00,-4.057837646961267808e+00,-1.963249415486405525e+00
1.033078413195331891e+00,-4.059228292355833823e+00,-1.809399089362382362e+00
1.030118848854538749e+00,-4.065199835428446207e+00,-1.626618096104148981e+00
1.028450652942397792e+00,-4.074311418463995693e+00,-1.451517351522580768e+00
1.029088198856988656e+00,-4.083740642292072565e+00,-1.271972518033794852e+00
1.059624447196690022e+00,-4.185560605363323639e+00,-1.272310540317799221e+00
1.077519613427550205e+00,-4.236403128141754237e+00,-1.443950178455432276e+00
1.078505058507442493e+00,-4.235856066360129013e+00,-1.620971877425183116e+00
1.079723274149247736e+00,-4.235667392918345264e+00,-1.802101651704531182e+00
1.051670997363511884e+00,-4.331300146946726493e+00,-1.859349205837631747e+00
1.049385166544489767e+00,-4.345351847587765270e+00,-2.029468520977994572e+00
1.048990072784179439e+00,-4.348663495108712418e+00,-2.184665598017848431e+00
1.047662058399552620e+00,-4.353217383943464469e+00,-2.363727428251710005e+00
1.046157409577990860e+00,-4.357248209565629971e+00,-2.536599002972016681e+00
9.611684648379508200e-01,-4.416082686748908692e+00,-2.542591580535393359e+00
8.794397330816388081e-01,-4.474908517625024729e+00,-2.514748487623858164e+00
8.624431994206047669e-01,-4.485388346467076737e+00,-2.353923135442518966e+00
7.942100397191901306e-01,-4.557768572903354354e+00,-2.328867157676291821e+00
7.208763941559542809e-01,-4.634504441629148097e+00,-2.333248310785554835e+00
6.467766277822157850e-01,-4.712749608414464220e+00,-2.309753791258044142e+00
5.769396289773763842e-01,-4.799613995635611197e+00,-2.170263878832308535e+00
5.408970866902542696e-01,-4.857508995662289664e+00,-2.026813929849848428e+00
5.246377616533348665e-01,-4.894452878506158733e+00,-1.855276569434874068e+00
5.147339318772413685e-01,-4.919908267267715019e+00,-1.678272020255793473e+00
5.085398888185680422e-01,-4.982456018327376945e+00,-1.525332378714971515e+00
5.202907679487333015e-01,-5.085997332987591157e+00,-1.356420835226691324e+00
5.449720774701464210e-01,-5.170551624951602143e+00,-1.204295395280235770e+00
5.849726031477794352e-01,-5.248866814990362784e+00,-1.027703938164453712e+00
6.380992128331236524e-01,-5.319400303265198637e+00,-8.517627141977014427e-01
6.786229519750890393e-01,-5.359208215125014441e+00,-7.412085298519313081e-01
7.034922254781094120e-01,-5.382407742542600460e+00,-7.327729606430581910e-01
7.017383334469120548e-01,-5.382027424062506782e+00,-9.241733772005095160e-01
7.514874469244386956e-01,-5.470932844514555526e+00,-1.039438149278345769e+00
7.861667817158864979e-01,-5.537970814920607054e+00,-8.755398062009143167e-01
7.862497804997528039e-01,-5.540194084890707416e+00,-6.994765935609011942e-01
7.862926566452702604e-01,-5.542742036285503993e+00,-4.681461953128573383e-01
7.874656677672523530e-01,-5.545517081688034366e+00,-2.225783446128866416e-01
7.899373988987113959e-01,-5.548646471070679098e+00,5.339751493137617072e-02
7.930558815954797947e-01,-5.551017923935840592e+00,2.289187541128475667e-01
7.938243959674554651e-01,-5.552920474189440903e+00,4.737045395448079010e-01
7.965531292111761585e-01,-5.554110591230978500e+00,6.759750751741090413e-01
7.994677131274660065e-01,-5.554798359185208589e+00,8.602255852575545481e-01
8.018473229560008075e-01,-5.555222639410005492e+00,1.042071362187058092e+00
8.040105430694294286e-01,-5.555656977704987121e+00,1.231764196948572865e+00
8.069084341612013933e-01,-5.554582360010955178e+00,1.417341686596623740e+00
8.098030264342588325e-01,-5.553501082916997511e+00,1.652645849197790229e+00
8.116200816870016155e-01,-5.552390656161946048e+00,1.827835981683158195e+00
8.130784401110265902e-01,-5.550649000415379675e+00,2.040045551739657181e+00
8.139923587983736164e-01,-5.548440250635230164e+00,2.229093858651304938e+00
8.139922820919521795e-01,-5.545782995505875945e+00,2.513351111579044339e+00
8.141571205577633474e-01,-5.543741207335637355e+00,2.692808708615673119e+00
8.137425112695122476e-01,-5.541024684795441857e+00,2.888826385864179169e+00
8.123218302980985683e-01,-5.538640725516133401e+00,-3.131326173281347103e+00
8.107139212026434061e-01,-5.536473581360386476e+00,-2.848774114447236716e+00
8.088474624840591432e-01,-5.535428921065423502e+00,-2.651274753291708475e+00
8.064314192909266543e-01,-5.533975659440139694e+00,-2.381698164987858135e+00
8.042931700064550604e-01,-5.533519827710120964e+00,-2.201881744728332535e+00
8.028184259854088678e-01,-5.533365502432872951e+00,-2.018390102902494210e+00
8.004729042873128808e-01,-5.534573174741804102e+00,-1.778282538803520385e+00
7.990543080482559457e-01,-5.535536911244992808e+00,-1.590984202563459071e+00
7.975461317871030964e-01,-5.538028288855615600e+00,-1.356005601732462207e+00
7.961464812828654702e-01,-5.540629167593957405e+00,-1.127484731299871923e+00
7.947669080610824111e-01,-5.544217899792331927e+00,-8.869604611736244815e-01
7.945546434524464186e-01,-5.546710861512373469e+00,-6.781009645155064991e-01
7.945469562914500017e-01,-5.549779979559196441e+00,-4.928731420818002196e-01
7.953283702646650744e-01,-5.553563400241816161e+00,-2.425230042621918936e-01
7.965018773895529147e-01,-5.556388152005228065e+00,-5.250431729557337307e-02
7.979991669666701704e-01,-5.559576536867356644e+00,1.891479228610087049e-01
7.999470897537308556e-01,-5.562706422913892723e+00,4.491239866093521549e-01
8.021754576725643737e-01,-5.565046233804406661e+00,6.321157612372015899e-01
8.042577065530790437e-01,-5.566720971277698382e+00,8.249968723070989496e-01
8.072428731437197857e-01,-5.567689261408329315e+00,1.073389942947517106e+00
8.101418890704159548e-01,-5.568061197865232792e+00,1.274010031479950067e+00
8.118138475823997169e-01,-5.568635442802147395e+00,1.489810911159731299e+00
8.136768236791876996e-01,-5.568153133642005592e+00,1.701539624116477079e+00
8.149324616945915478e-01,-5.567465978317110320e+00,1.894086381674405573e+00
8.158410783530393173e-01,-5.566202872238320332e+00,2.112486044819145814e+00
7.553324674182305687e-01,-5.480034164371918592e+00,2.187886216414193008e+00
6.964213856325452978e-01,-5.396561393813755991e+00,2.188335527022060578e+00
6.378095857349083131e-01,-5.314455822415894204e+00,2.187151446251951459e+00
5.819473226917307729e-01,-5.237158567144049037e+00,2.182622158680024071e+00
5.509105017709252650e-01,-5.194501033864809436e+00,2.166282721124077604e+00
5.505374066411814482e-01,-5.196505728760650200e+00,1.983331478075560206e+00
5.497143586751398470e-01,-5.198755459063857387e+00,1.786422212823387978e+00
5.485021118612750657e-01,-5.200590277625192215e+00,1.609386623216668255e+00
5.468672214009770993e-01,-5.202054392151907791e+00,1.431541436935429568e+00
5.674664514889073974e-01,-5.110521366431481027e+00,1.345517496188088247e+00
5.917803016802930527e-01,-5.013794112310564266e+00,1.323394741316616718e+00
6.222483346608257415e-01,-4.909036516685286955e+00,1.273647124662163899e+00
6.574948970503671219e-01,-4.807804788407865182e+00,1.222030210185806043e+00
6.946795391002343889e-01,-4.714338674218874203e+00,1.170408271957986690e+00
7.423398768266236125e-01,-4.621340200525274611e+00,1.070406908484437425e+00
7.971158900039188033e-01,-4.533008726850301429e+00,9.744337598444194892e-01
8.628574046166110900e-01,-4.447172757536302257e+00,8.624862962985397896e-01
9.376693439710858113e-01,-4.371951730287119808e+00,6.954204345268064635e-01
1.003813375333308278e+00,-4.326980073419170125e+00,5.046777040353354060e-01
1.055895148308853448e+00,-4.302998211027706965e+00,3.320440054475280456e-01
1.082604742799638364e+00,-4.296006041011797727e+00,1.309264278144554594e-01
1.115616575188256743e+00,-4.295492429570635373e+00,-1.005034095428394003e-01
1.139488940864585187e+00,-4.300308650620786821e+00,-2.899820875318300240e-01
1.167216446554293352e+00,-4.311938482717861731e+00,-5.132768359467837493e-01
1.188020452006262495e+00,-4.326116273602313100e+00,-6.955717815689639316e-01
1.208336770019871054e+00,-4.346408922402974717e+00,-8.997077038819237815e-01
1.218210614594034347e+00,-4.359910699256244193e+00,-9.094153809131986232e-01
1.266315839600165694e+00,-4.406696373390633248e+00,-7.289810346138366759e-01
1.352536483473104179e+00,-4.471301726666897736e+00,-6.102137057188244951e-01
1.402138279224465434e+00,-4.502771346239662797e+00,-5.430210850584908933e-01
1.448848507013962283e+00,-4.527173997293989949e+00,-4.564979089541910673e-01
1.505459310081676216e+00,-4.549686055233011395e+00,-3.340389956480014910e-01
1.552751502929326621e+00,-4.563157369376743766e+00,-2.386541880083238865e-01
1.594815067880018145e+00,-4.571255722989694625e+00,-1.557206852165788635e-01
1.675647696694565925e+00,-4.577286743130930091e+00,4.640759153859098582e-03
1.782323260184432989e+00,-4.579733117079094029e+00,3.165523943873154930e-03
1.884740030003812183e+00,-4.581055988806273405e+00,3.135021624303810893e-03
1.991600010972486068e+00,-4.582293471191300149e+00,3.927281520034794221e-03
2.003575221050233335e+00,-4.587012539852677762e+00,2.022358956816436570e-01
2.004997366012276849e+00,-4.588310806336965086e+00,3.895669827014070496e-01
2.007381631076363249e+00,-4.589444705310013362e+00,5.788443606209225933e-01
2.010069859904280776e+00,-4.590401950964511535e+00,7.943564858863749745e-01
2.012650040772524740e+00,-4.590850351604840007e+00,1.003062088361585502e+00
2.015628719464662044e+00,-4.590841600264638167e+00,1.214577872083709043e+00
2.017756898955252787e+00,-4.590770992796567640e+00,1.426448472980793136e+00
2.019376183007536518e+00,-4.589605687081467877e+00,1.639655720980803588e+00
2.020380735081642065e+00,-4.588297662777446995e+00,1.829421140803225265e+00
1.991496967580558719e+00,-4.494739710751371575e+00,1.919891380496328237e+00
1.958080223138830123e+00,-4.398753606960591256e+00,1.921386239069956092e+00
1.949677028493514319e+00,-4.369107658167697750e+00,2.082636396347432584e+00
1.949345337714267989e+00,-4.367551607381317424e+00,2.309915048769263901e+00
1.949285216697988599e+00,-4.365431938184591409e+00,2.497047718493535129e+00
1.948346087584151620e+00,-4.364857330657737400e+00,2.675977037696248839e+00
1.947264062899983550e+00,-4.360783490424249287e+00,2.858283806330146781e+00
1.946631494221991332e+00,-4.359386744528827684e+00,3.042199337525226532e+00
1.944869800775893554e+00,-4.357414974965408305e+00,-3.027226854344069906e+00
1.943860861006441620e+00,-4.355201311860207092e+00,-2.812784486183400823e+00
1.941742311487091310e+00,-4.353447513142788772e+00,-2.617860336045065850e+00
1.939138343652105023e+00,-4.351220853430472602e+00,-2.406536258157290664e+00
1.936593534096222369e+00,-4.348879270470908942e+00,-2.154248362938238515e+00
1.934068575692643455e+00,-4.348906085077363315e+00,-1.960295048145437091e+00
1.931641307047903489e+00,-4.348923403195878556e+00,-1.771788055635331594e+00
1.929784993976821239e+00,-4.349843370399535836e+00,-1.587533951635346163e+00
1.927369805684470583e+00,-4.351667404458886779e+00,-1.335976169230242760e+00
1.925825047022082792e+00,-4.353398931664001381e+00,-1.153247286859586218e+00
1.924564087852573824e+00,-4.355548919376794004e+00,-9.412247085649829703e-01
1.924058652754567333e+00,-4.358331202021856754e+00,-6.741143545065760856e-01
1.924199862572937292e+00,-4.360379257582442492e+00,-4.987356946359665089e-01
1.924647871668498489e+00,-4.362157554539744631e+00,-2.895295354724087833e-01
1.926107869396927796e+00,-4.364394985607437327e+00,-1.046333446978465198e-01
1.926751524816802563e+00,-4.367510547768395313e+00,-6.176686151588629131e-02
1.926597044559488880e+00,-4.367604463114675539e+00,-2.040481486923725885e-01
1.925215006942750051e+00,-4.366118612681847644e+00,-3.818974806111753439e-01
1.925386218654588033e+00,-4.365181756517805489e+00,-5.418547302937851695e-01
1.925110142750910081e+00,-4.364145515226342198e+00,-7.655606462921865640e-01
1.925557901397666916e+00,-4.361170917419483928e+00,-9.787877511203626479e-01
1.980961042782836135e+00,-4.447302701645303280e+00,-9.989814231810352219e-01
2.035069691164120620e+00,-4.532986949116010855e+00,-9.963844547943412344e-01
2.090634808519366672e+00,-4.619569377319193038e+00,-1.006129908413964991e+00
2.143774945628372119e+00,-4.710071951948876290e+00,-1.055827813703795748e+00
2.191233271955483453e+00,-4.799419920553488872e+00,-1.098430566060951019e+00
2.236364246657536192e+00,-4.895664280178275263e+00,-1.147790838531930646e+00
2.274931572428335436e+00,-4.988816559505714565e+00,-1.194383248821148547e+00
2.309331625872610871e+00,-5.082802234402203467e+00,-1.236804594054092377e+00
2.326917024299082204e+00,-5.133309058519619050e+00,-1.414357650688454315e+00
2.328535235510530210e+00,-5.133080074425299344e+00,-1.652962096601698905e+00
2.331523277459704335e+00,-5.131831551241454292e+00,-1.856334473561966236e+00
2.333845595703071041e+00,-5.132001937743025266e+00,-2.036040765001159158e+00
2.336229373148197563e+00,-5.132889151417545648e+00,-2.212749484688198987e+00
2.338242611382129521e+00,-5.133744137466288215e+00,-2.391997049150073273e+00
2.339246420816266880e+00,-5.134926647313018400e+00,-2.579853072882428489e+00
2.341152434973759355e+00,-5.136960054103712814e+00,-2.788160449788293249e+00
2.343386001847805655e+00,-5.139987546954892572e+00,-3.046085396337551821e+00
2.344609560383354108e+00,-5.141956953481555459e+00,3.046347663346266277e+00
2.346758849104117139e+00,-5.145049004474843812e+00,2.764793294744793517e+00
2.348026851191327591e+00,-5.147121476949307883e+00,2.524898893307246261e+00
2.349398749825088561e+00,-5.149783478618213728e+00,2.278947215951097949e+00
2.350005579224241803e+00,-5.151351369082914466e+00,2.066653439334483533e+00
2.349500150089478545e+00,-5.153145984660080892e+00,1.876297519940352876e+00
2.347673469521220024e+00,-5.154857286289839635e+00,1.609210485355682785e+00
2.345547095546458127e+00,-5.156011049134014534e+00,1.394576493435354614e+00
2.343434881420778826e+00,-5.156556186713532774e+00,1.201406504900017103e+00
2.341741697685874257e+00,-5.155800746695247128e+00,1.014855197038474710e+00
2.338650720530808691e+00,-5.153925419523064377e+00,7.108327255802431299e-01
2.336115513439951830e+00,-5.151150220091918364e+00,4.623014163229282603e-01
2.334715604169392833e+00,-5.149100881773042815e+00,2.712825793484699988e-01
2.332434138852801819e+00,-5.146563707259036669e+00,-1.343022769736675580e-02
2.331439672540154717e+00,-5.145017527957043590e+00,-1.990610766618837180e-01
2.329787784157932418e+00,-5.142602869015144407e+00,-4.340782091097471485e-01
2.329070604885154161e+00,-5.141188799703369838e+00,-6.092000292946716522e-01
2.328449195452106490e+00,-5.139662151605405960e+00,-8.095880558015480233e-01
2.328303807605982545e+00,-5.137258584384960969e+00,-9.998892550483040598e-01
2.328867786863925371e+00,-5.135670865575302280e+00,-1.219227407735329338e+00
2.330069694107385292e+00,-5.134231718880507778e+00,-1.414158956114055732e+00
2.332426040327312045e+00,-5.132662659724230636e+00,-1.674691879561836183e+00
2.335336575809439985e+00,-5.132236417671642847e+00,-1.910525489379491182e+00
2.338305635771749103e+00,-5.132597923054131428e+00,-2.139886982855812914e+00
2.341567759857117625e+00,-5.133345317893802218e+00,-2.216345986991650641e+00
2.341701080676157343e+00,-5.133089732000042815e+00,-2.027916911268637268e+00
2.339792704330008632e+00,-5.133345365358637835e+00,-1.844365655718729791e+00
2.338157941784149152e+00,-5.134178811539067411e+00,-1.666654832216889037e+00
2.337836672563121443e+00,-5.135688662949087657e+00,-1.551564317545740312e+00
2.337568593415673135e+00,-5.153417788854054216e+00,-1.689352083482936973e+00
2.324669336384291185e+00,-5.253944991831422939e+00,-1.687724570845334782e+00
2.311210922820878810e+00,-5.350335621746689974e+00,-1.697791526981393462e+00
2.306184362383781217e+00,-5.376741824091396005e+00,-1.531424372521911659e+00
2.311658263579353445e+00,-5.474102206359521716e+00,-1.503395459283227931e+00
2.317046225409191251e+00,-5.574812629186562063e+00,-1.505583481219780140e+00
2.316148635999562888e+00,-5.587644977752852959e+00,-1.370635079276032897e+00
2.315531381329598570e+00,-5.589293313227989835e+00,-1.186576852590493170e+00
2.315489964024589398e+00,-5.590083357672524400e+00,-9.795693583837727925e-01
2.316224860288586207e+00,-5.592220160571645060e+00,-7.576705064007921431e-01
2.317490743690018729e+00,-5.594004222375333235e+00,-5.758386316100922997e-01
2.318829431578380174e+00,-5.596780403958391048e+00,-5.661206375132122881e-01
2.319169884356366840e+00,-5.596312377692325590e+00,-7.432927690733910353e-01
2.386574639440473877e+00,-5.661951727683427471e+00,-7.585729080842591454e-01
2.464343934205733611e+00,-5.736352049130291064e+00,-7.609930270930980178e-01
2.484933393563757864e+00,-5.756207662772475864e+00,-7.627727693450691016e-01
2.457845497938056400e+00,-5.732216123871315183e+00,-5.911668250495775156e-01
2.546868131371470056e+00,-5.780137907022029786e+00,-4.681218820443271977e-01
2.635054839822800865e+00,-5.826901032286175841e+00,-4.843138495130330790e-01
2.730155639092785691e+00,-5.877302091376062521e+00,-4.879877840179551729e-01
2.820754126114935367e+00,-5.928897987390726598e+00,-5.022667141265787505e-01
2.909947975949427779e+00,-5.979279563552164056e+00,-5.045493670784051421e-01
2.984980465264621241e+00,-6.025291562106415810e+00,-3.571810066480933799e-01
2.986108211014169456e+00,-6.027604260308094375e+00,-1.708500536641032186e-01
2.987290268405258686e+00,-6.030151015147452220e+00,3.479953054579051214e-02
2.988933286797252009e+00,-6.032417160650181742e+00,2.145432977016158427e-01
2.990032535136182279e+00,-6.034563669033361499e+00,4.180701034489822665e-01
2.993040343167477246e+00,-6.036429832516683192e+00,6.107177177633061893e-01
3.073169741696757828e+00,-5.983457189666952836e+00,6.025836233315539081e-01
3.157278737460580409e+00,-5.925815802520280506e+00,6.057748698358341732e-01
3.239750075293821752e+00,-5.870864250024267150e+00,5.948347493067154268e-01
3.326495519413762203e+00,-5.813442559500948903e+00,5.945647324274484502e-01
3.415507274047611119e+00,-5.754283604960319209e+00,5.966872097486045634e-01
3.502743360588866040e+00,-5.695143362045858915e+00,5.979108022126530253e-01
3.574922658166508782e+00,-5.645452509929943297e+00,4.858679894647915387e-01
3.574281399281394656e+00,-5.644313820903143153e+00,3.117245188737124972e-01
3.573022725076790085e+00,-5.642427700248736855e+00,1.160316502374380138e-01
3.572834424905583450e+00,-5.640177639102250673e+00,-6.622003155515818196e-02
3.572546492081839276e+00,-5.637727731973113166e+00,-2.649225332611062078e-01
3.572126939683772040e+00,-5.636172919688917204e+00,-4.456288759209831030e-01
3.571929802066409643e+00,-5.634396042550060990e+00,-6.402212788493563123e-01
3.571789328174566513e+00,-5.632386845094631056e+00,-8.401716954156478456e-01
3.571949123461160891e+00,-5.630811448386745077e+00,-1.033540344465265326e+00
3.572740275383991193e+00,-5.629886269771090745e+00,-1.225629057647264819e+00
3.573776711154860841e+00,-5.628959302810312870e+00,-1.401825571219298405e+00
3.575465129329831626e+00,-5.628755042207852277e+00,-1.567082825722383665e+00
3.574942237323145644e+00,-5.629430196500148753e+00,-1.392026335424652483e+00
3.573531552989340554e+00,-5.631213702830363488e+00,-1.215029959387263325e+00
3.572316985584834459e+00,-5.633733245471622020e+00,-1.000396207799256088e+00
3.571406813296114535e+00,-5.636685386856726154e+00,-8.366925565862157743e-01
3.572169868350746125e+00,-5.638344884243072563e+00,-5.841775481739188702e-01
3.572895663495747609e+00,-5.641026002897999270e+00,-4.010567971502090878e-01
3.573703548347205938e+00,-5.643258875461156343e+00,-2.109518614017056870e-01
3.574804570102077861e+00,-5.645651487584056660e+00,-2.100310643413796571e-02
3.576647260309080867e+00,-5.647940013659481728e+00,1.903596859456754553e-01
3.579209536705117323e+00,-5.651017882890455368e+00,4.592745668968616357e-01
3.581800884122604778e+00,-5.652656514486815276e+00,6.455838913529462486e-01
3.585362403269291232e+00,-5.653603373362281914e+00,8.967720676375149358e-01
3.641998347431429917e+00,-5.575564889068218122e+00,1.010456350105116030e+00
3.699400472296918707e+00,-5.490302498151559796e+00,1.009019996660623919e+00
3.711276519603540880e+00,-5.481738895333801764e+00,1.183664328458227777e+00
3.713662236129974037e+00,-5.481880087052982908e+00,1.381060010880100331e+00
3.715878900016279740e+00,-5.481645570017674274e+00,1.595302126271639809e+00
3.718874532792801002e+00,-5.480579495062936957e+00,1.798683618843177845e+00
3.720732263545480034e+00,-5.479141719556631429e+00,2.018065421669871462e+00
3.721131338827143420e+00,-5.477786999808905044e+00,2.197009792501535941e+00
3.660374499397501147e+00,-5.402277716349949799e+00,2.256751512052232123e+00
3.592448022366002913e+00,-5.319517403045963988e+00,2.256938414383629077e+00
3.522945602402464793e+00,-5.234502057388233709e+00,2.254508297436260023e+00
3.457476274287421436e+00,-5.153507741681989884e+00,2.254604630633272766e+00
3.391714673209061282e+00,-5.072772532631180553e+00,2.252522049816358507e+00
3.331012308571797753e+00,-4.997507751739906467e+00,2.253942080476154519e+00
3.264490159268624403e+00,-4.915557023070031839e+00,2.251596967860320486e+00
3.198518224195299631e+00,-4.834074109297242572e+00,2.253218893222097119e+00
3.132894385746336940e+00,-4.753650179245439311e+00,2.251301109656742572e+00
3.068061014995049351e+00,-4.673827231011248529e+00,2.252033656370092451e+00
3.003077460974203916e+00,-4.593729036554121237e+00,2.249989963739497778e+00
2.937291526444533840e+00,-4.512215750839977169e+00,2.249232426848960298e+00
2.872424925850268096e+00,-4.432200477619410606e+00,2.248216176204636874e+00
2.807272598086886006e+00,-4.351326214153995231e+00,2.249653112567070234e+00
2.738964201109761021e+00,-4.266247780675731960e+00,2.248650976619736674e+00
2.671735519714903972e+00,-4.183765720372623065e+00,2.249545031060777855e+00
2.601755071290385857e+00,-4.097591504156795850e+00,2.248692992718765993e+00
2.556648605774157534e+00,-4.044429860143124777e+00,2.091241584345073790e+00
2.555558194321030818e+00,-4.045802182296824867e+00,1.894043476785367996e+00
2.554319938407126678e+00,-4.047579382905045264e+00,1.706123118026525498e+00
2.552241592170388262e+00,-4.049494989956481383e+00,1.535322866512035311e+00
2.550995055409123413e+00,-4.049830626612924256e+00,1.318576797635467202e+00
2.548452584178950708e+00,-4.050633552934591819e+00,1.056030983240070942e+00
2.544093969343726336e+00,-4.051136532263273082e+00,8.444523272559446569e-01
2.542805555605756940e+00,-4.050448496080219840e+00,6.438137809254717014e-01
2.540751784335518071e+00,-4.049794701394914043e+00,4.620292841164992392e-01
2.538931944876951619e+00,-4.048174084468243450e+00,2.698998294794643926e-01
2.537113700399099336e+00,-4.046125572360320000e+00,5.755725781205929537e-02
2.535393051539997167e+00,-4.044175665872131731e+00,-1.342591686988229005e-01
2.533910869746249794e+00,-4.041192970618509683e+00,-3.758562840050963527e-01
2.533430790137416455e+00,-4.039193928428876923e+00,-5.710409858056635368e-01
2.533468942073948682e+00,-4.037269537517860662e+00,-7.560580988253956525e-01
2.533631034408065474e+00,-4.035146500919887913e+00,-9.471422765170495195e-01
2.534216474262854124e+00,-4.033673044295891685e+00,-1.122198157261143026e+00
2.535923756902097814e+00,-4.031135328925148364e+00,-1.350464515004117239e+00
2.538511858596953719e+00,-4.029335337828080732e+00,-1.619280401367591882e+00
2.540262509316321360e+00,-4.028661905400451992e+00,-1.806376105938825027e+00
2.542788282241226216e+00,-4.028369232367108310e+00,-1.994827205294535277e+00
2.545688602714825333e+00,-4.028645133964182889e+00,-2.237257301146293731e+00
2.549006324789577782e+00,-4.030437109101598026e+00,-2.524176079508372528e+00
2.552084279103510323e+00,-4.032284935137612436e+00,-2.785902947144716979e+00
2.553397474528523503e+00,-4.033927530976828990e+00,-2.960942825311116522e+00
2.555178736865382660e+00,-4.037211896211138296e+00,3.053517986928966366e+00
2.556562459457153214e+00,-4.040198970701717407e+00,2.817271675453324686e+00
2.556956213387180821e+00,-4.043656849768662020e+00,2.566753582372065079e+00
2.556622972807280902e+00,-4.046460230740713371e+00,2.339290163341726458e+00
2.556219387878190030e+00,-4.048718941696697549e+00,2.146688133627070894e+00
2.555471316611802379e+00,-4.050454616685281728e+00,1.972139342890779190e+00
2.553437325665856239e+00,-4.053576591757336978e+00,1.719832013817706562e+00
2.551306860892002426e+00,-4.054955772950252779e+00,1.511826577770331470e+00
2.549048267840104298e+00,-4.055956484897764724e+00,1.320470947125333527e+00
2.545788976615310784e+00,-4.057015239197332868e+00,1.084334615366918664e+00
2.542695042511486481e+00,-4.057202858173337034e+00,8.274856070318250545e-01
2.540110225380152631e+00,-4.056879074754859538e+00,6.398986882083986805e-01
2.537333718347210443e+00,-4.055649363073859703e+00,4.054995268018123933e-01
2.534975179770987186e+00,-4.053703738664097500e+00,1.323359365656761599e-01
2.532656523651085401e+00,-4.051299067574873902e+00,-1.240931249364694150e-01
2.531033780120505394e+00,-4.048628340734813591e+00,-3.319671355836947835e-01
2.529721989815550298e+00,-4.050265642832377111e+00,-2.512253445874866875e-01
2.528133475045854617e+00,-4.052564357139144313e+00,-7.454626343158000934e-02
2.529230095081199892e+00,-4.054509591694554160e+00,1.051035303788368236e-01
2.530361034813146670e+00,-4.056636974056363698e+00,3.019818223051496386e-01
2.531881337440150759e+00,-4.058669226690227561e+00,5.329172319972800276e-01
2.533940214777291811e+00,-4.059685164623722642e+00,7.371706338216733601e-01
2.535860450907522878e+00,-4.060884509561407008e+00,9.607989524477703602e-01
2.538384313996957076e+00,-4.060694600604190185e+00,1.157549388267463453e+00
2.541138480364887542e+00,-4.060011717225419758e+00,1.412739019992827805e+00
2.543724536273832992e+00,-4.058826847919013048e+00,1.684464406114599244e+00
2.545804184310624940e+00,-4.056904739646067348e+00,1.930017163513374046e+00
2.546559231433725756e+00,-4.054522457333733954e+00,2.186184344993280071e+00
2.546488408708839302e+00,-4.051646976067080352e+00,2.398393945064128285e+00
2.472602604647016200e+00,-3.989977127754891661e+00,2.485644125462290521e+00
2.394693822296702912e+00,-3.929853837897741453e+00,2.479500629797541045e+00
2.318808612979667227e+00,-3.870355922009216076e+00,2.473893877305967326e+00
2.260642936145867310e+00,-3.825595721400464555e+00,2.353469005117453605e+00
2.259957414668254838e+00,-3.826448694951590124e+00,2.143019645078373170e+00
2.259062455459846852e+00,-3.828804103685889526e+00,1.949455903621578390e+00
2.258520589306610038e+00,-3.830033986244205213e+00,1.738569804328198964e+00
2.255824633761217779e+00,-3.831856664090096398e+00,1.517573745683263864e+00
2.253478372871481561e+00,-3.832525583350801401e+00,1.267272800511560549e+00
2.250276021970607498e+00,-3.833058804806089181e+00,1.077834753662624934e+00
2.247124293145333240e+00,-3.832628597269947424e+00,8.133090739428543436e-01
2.243210154559424296e+00,-3.831641324727155240e+00,5.616897166038460343e-01
2.241126230391761176e+00,-3.829966418687773544e+00,3.738546636802507206e-01
2.238538486461989496e+00,-3.828332950342593133e+00,1.080538991197588089e-01
2.235949005488207852e+00,-3.825326797550606894e+00,-1.426868880954092755e-01
2.234568507469525844e+00,-3.822192587294026112e+00,-4.166503545645925954e-01
2.233908627282152004e+00,-3.819754877542772764e+00,-6.484311803418119080e-01
2.233851225051158629e+00,-3.816603467028808261e+00,-9.098376367596082703e-01
2.234491460246690764e+00,-3.813899580687756252e+00,-1.068440095769939591e+00
2.235071657945589152e+00,-3.812563298163680781e+00,-1.274915100383468447e+00
2.236965372652769179e+00,-3.810765584228423375e+00,-1.465466280398350696e+00
2.238881512351367675e+00,-3.810159001859498851e+00,-1.660677088709725968e+00
2.240795511481312730e+00,-3.809728675924037411e+00,-1.859521688724865784e+00
2.243263346813122894e+00,-3.809850172460592876e+00,-2.070305106580577537e+00
2.245437959910076220e+00,-3.810229845100733037e+00,-2.272014772653954573e+00
2.247927244812590430e+00,-3.811056067242813761e+00,-2.454689141761130955e+00
2.250004310860417966e+00,-3.812357423428188952e+00,-2.666674166451509898e+00
2.251468436808727880e+00,-3.813590722399212041e+00,-2.843775083512113167e+00
2.252893290037548013e+00,-3.815561158720531143e+00,-3.055302994379877290e+00
2.253884609461925148e+00,-3.817212961875392274e+00,3.038067825330268867e+00
2.254756839367131338e+00,-3.819263498018981018e+00,2.853386628906358080e+00
2.254953656253101624e+00,-3.821116615491480850e+00,2.670560300310781177e+00
2.255281789595524611e+00,-3.823091384032935913e+00,2.496362282509175134e+00
2.255224342718301855e+00,-3.825096506939034136e+00,2.305720314231307189e+00
2.255071726226639761e+00,-3.827427357884584325e+00,2.086298171502614540e+00
2.253863333752324838e+00,-3.829442332168725649e+00,1.888271579710835590e+00
2.252169738586185854e+00,-3.831343431794635990e+00,1.680520738485869581e+00
2.250778484063911566e+00,-3.832415801854788029e+00,1.502604550846026177e+00
2.249205217391361256e+00,-3.833083250836034850e+00,1.316889745939653800e+00
2.247033070454325987e+00,-3.833415220843677140e+00,1.129777319549077674e+00
2.243863783522306310e+00,-3.833328036847436948e+00,9.284233395372446518e-01
2.241524938204584316e+00,-3.833040229585229941e+00,7.444137630343874434e-01
2.241382606953762568e+00,-3.832217824555563812e+00,5.876930312498315212e-01
2.240847182653876946e+00,-3.831262446194440230e+00,3.766535870014645071e-01
2.239829897602600095e+00,-3.829867722947893238e+00,1.621131535466673601e-01
2.237991611642409673e+00,-3.828277176429582873e+00,-1.431860689674559553e-02
2.236707991082489855e+00,-3.826651362302269987e+00,-2.045128828776570651e-01
2.235540205023452742e+00,-3.824198144302353608e+00,-4.140716800888482596e-01
2.235370629377785079e+00,-3.822382280793433562e+00,-5.971356924998202365e-01
2.308194240493176785e+00,-3.883532323837098676e+00,-7.066780834853976234e-01
2.388034312500532774e+00,-3.952493466354027429e+00,-7.049653698642461830e-01
2.470061416487611350e+00,-4.022924994233927798e+00,-7.030346618990448437e-01
2.526961369683684122e+00,-4.071605838591402460e+00,-7.786966722326557067e-01
2.596665319330326405e+00,-4.143611404387262276e+00,-7.903658933820060239e-01
2.670107449364922392e+00,-4.216809661128628761e+00,-7.724800278718904067e-01
2.754423600550358397e+00,-4.289366831799149793e+00,-6.797901490089093279e-01
2.778785893807818930e+00,-4.309291483520949484e+00,-8.126548087003180321e-01
2.786159337797422975e+00,-4.319990983482688840e+00,-8.220227157282985475e-01
2.854525031833900162e+00,-4.395825822840254027e+00,-8.274407832137763430e-01
2.929196846089731299e+00,-4.477829994673512282e+00,-8.299395265439630798e-01
3.001921095533856221e+00,-4.558174646278310149e+00,-8.341375431157673770e-01
3.072653750455101473e+00,-4.637562368841087412e+00,-8.354693488180608973e-01
3.143360878034693329e+00,-4.717351566365740823e+00,-8.392019567228090615e-01
3.211471389550552225e+00,-4.794200382111399428e+00,-8.413976290758522492e-01
3.281393065814546262e+00,-4.873612704017306285e+00,-8.419037600440265612e-01
3.296923526865309206e+00,-4.894319867662040302e+00,-7.071923855642470169e-01
3.297201315682982248e+00,-4.899131215103154524e+00,-5.409608530192090425e-01
3.297630567930695644e+00,-4.902001248617474438e+00,-3.483484165382870756e-01
3.298746188036345117e+00,-4.904632725411209648e+00,-1.383834367246895014e-01
3.301076212759455952e+00,-4.906287734473099960e+00,7.880488053635084644e-02
3.303646069395502316e+00,-4.908206396378941072e+00,2.567931884959948619e-01
3.305760005062356122e+00,-4.909560670714143704e+00,4.431559637583679656e-01
3.306593675657353515e+00,-4.910909925051608838e+00,6.173853722143762823e-01
3.309797712735916164e+00,-4.912336319241434879e+00,8.578812563389491830e-01
3.312802735332343484e+00,-4.912469351457497524e+00,1.055389949324559318e+00
3.315704314183410162e+00,-4.912026618645124465e+00,1.297076398652304841e+00
3.317803962464807022e+00,-4.911834580154773811e+00,1.478925702946706222e+00
3.320757663069922039e+00,-4.910551878168377904e+00,1.721656026228591374e+00
3.322286977052538504e+00,-4.909184709426729576e+00,1.902519646944632381e+00
3.323947686899222376e+00,-4.907151204323271898e+00,2.128814246153271306e+00
3.324727770118125036e+00,-4.904867670954462966e+00,2.337450350406849342e+00
3.325284145320510198e+00,-4.902591030594084742e+00,2.563489480995813530e+00
3.324886442814857901e+00,-4.900575710952401742e+00,2.796586084442307385e+00
3.324165849904881842e+00,-4.898027805931342016e+00,3.054510084856015606e+00
3.322914258541787902e+00,-4.895668925278163108e+00,-2.990158760222653811e+00
3.321003403367231765e+00,-4.893862588493179011e+00,-2.779735973413626660e+00
3.319695025697597668e+00,-4.892398644908378280e+00,-2.553338081574822116e+00
3.317607442876903789e+00,-4.891405787392194782e+00,-2.357415092465574791e+00
3.315442562785189118e+00,-4.890870362253199488e+00,-2.136264804346660107e+00
3.313525142384855737e+00,-4.891473809173733756e+00,-1.951217746644289930e+00
3.311477260090966990e+00,-4.892271918417649523e+00,-1.726296957265838650e+00
3.309802738138913014e+00,-4.893758665579939660e+00,-1.512773751851538284e+00
3.308889842376379065e+00,-4.895872400575603578e+00,-1.332805887136505607e+00
3.308059628232710381e+00,-4.897689200699893775e+00,-1.143936575529447497e+00
3.308452380832914486e+00,-4.904082875316055912e+00,-9.864945676634055971e-01
3.366213703400725787e+00,-4.992223374730109242e+00,-9.938309717845424940e-01
3.425393684622201729e+00,-5.084554153032716073e+00,-1.001621928176917198e+00
3.482932199200763801e+00,-5.175674885003954451e+00,-1.005257531543260141e+00
3.541848922210762307e+00,-5.269616020312943405e+00,-1.010989275123160169e+00
3.581097160832213966e+00,-5.333978219253901365e+00,-9.197758204294568252e-01
3.581129121812354654e+00,-5.336590439205842529e+00,-7.442513093273522840e-01
3.581607829698571166e+00,-5.338571156923482164e+00,-5.448979350105103148e-01
3.582157954996710636e+00,-5.340960193620767349e+00,-3.368854730520405849e-01
3.583220041129379307e+00,-5.343051859247926139e+00,-1.223033132531427952e-01
3.584436033281105161e+00,-5.345029195887849305e+00,6.543659862826958773e-02
3.586180373211981021e+00,-5.347029839838350007e+00,2.756059989674436994e-01
3.587915630917645426e+00,-5.349029462841630611e+00,4.890986109323814945e-01
3.590141670500201165e+00,-5.350344864617927243e+00,6.760132925963814321e-01
3.591979790675611461e+00,-5.350793381877060106e+00,8.733510702611940735e-01
3.593833206672036873e+00,-5.350853871666021000e+00,1.052585122391615169e+00
3.596129710736774676e+00,-5.350524237387840998e+00,1.278273699091083460e+00
3.597506555556836627e+00,-5.349873351261454246e+00,1.488270513767934400e+00
3.599070082999507481e+00,-5.348227386260700378e+00,1.668357636979719727e+00
3.600476193591563234e+00,-5.346907759079472910e+00,1.873174803870540472e+00
3.601560571135833388e+00,-5.345211996788525433e+00,2.080281578493643480e+00
3.601791360854729618e+00,-5.342990593670464250e+00,2.254396048670689101e+00
3.601431674616957235e+00,-5.340841446605382181e+00,2.464052880550623659e+00
3.600623290244690189e+00,-5.338924155956502382e+00,2.677230651076178969e+00
3.599245664613214934e+00,-5.336803906635227079e+00,2.892168998643540601e+00
3.598142339108354459e+00,-5.334864411473597023e+00,3.096746411787792308e+00
3.597056645987021462e+00,-5.333114850889526970e+00,-3.008227555758361316e+00
3.595183646115370113e+00,-5.331233061289808006e+00,-2.816698518604261459e+00
3.593649218902645437e+00,-5.329348128025789499e+00,-2.614442971650112302e+00
3.591115261315630303e+00,-5.328008723083929254e+00,-2.412060911690188547e+00
3.588043590913287950e+00,-5.327153160636093787e+00,-2.211223652348577318e+00
3.585606367566940289e+00,-5.326972409399487240e+00,-2.022977954916613363e+00
3.583432153171319356e+00,-5.327387861917316947e+00,-1.842646505107035759e+00
3.583467411307959427e+00,-5.328190450969841230e+00,-1.613205780470747808e+00
3.582148156390665861e+00,-5.329901682903956939e+00,-1.381126284000915527e+00
3.581835280499062524e+00,-5.331535412978015920e+00,-1.177075021761707863e+00
3.581606080217497379e+00,-5.333673756165068447e+00,-9.849723926257474282e-01
3.583212806000940720e+00,-5.337098264995154828e+00,-8.554575611311235894e-01
3.583972577509915602e+00,-5.338334930435165937e+00,-6.931565492213245250e-01
3.665373523834397851e+00,-5.399040105516452748e+00,-6.185310603421010356e-01
3.747554449199918203e+00,-5.458463519448057966e+00,-6.172061110514392990e-01
3.754220362502816322e+00,-5.462126258902710418e+00,-7.797442973050051629e-01
3.823730667735459665e+00,-5.538171448855849555e+00,-8.265768492827121339e-01
3.896149907584046002e+00,-5.618841935238252816e+00,-8.245875595696057214e-01
3.965842191026766717e+00,-5.695612085753733567e+00,-8.208216115398527801e-01
4.036108735023198335e+00,-5.770334941441438659e+00,-8.072172756020615791e-01
4.076977106967512476e+00,-5.807615487773067464e+00,-9.661998036170512671e-01
4.078148228091598604e+00,-5.805885138737190587e+00,-1.202000486399284362e+00
4.080059755672954758e+00,-5.804214520979954273e+00,-1.415169999841141779e+00
4.082003984421899823e+00,-5.803620252208413710e+00,-1.659950827371072579e+00
4.084776360155311536e+00,-5.803243673970287730e+00,-1.901230333026109554e+00
4.088512534618669925e+00,-5.803716326761142241e+00,-2.147726812185575263e+00
4.093216963596759683e+00,-5.805621777321505306e+00,-2.323090128287127687e+00
4.093945024069336469e+00,-5.807271177690198627e+00,-2.522520909831409863e+00
4.096360327866990225e+00,-5.808833587062353310e+00,-2.721115496447935822e+00
4.099276484078635541e+00,-5.811876195058825800e+00,-2.987751987705624668e+00
4.100781550440808942e+00,-5.814240496008042491e+00,3.107701255326240641e+00
4.102926014484751249e+00,-5.817000130851036843e+00,2.873249121633553393e+00
4.103978096306983403e+00,-5.819485406637728175e+00,2.669882221962498470e+00
4.104778662529207978e+00,-5.822629351354235538e+00,2.475534051021818005e+00
4.105009382488085556e+00,-5.825507794679418261e+00,2.249565347064873766e+00
4.104615167883691740e+00,-5.827804260765995892e+00,2.056719010036802242e+00
4.103207174022640125e+00,-5.830421104788985787e+00,1.844826230814275103e+00
4.101847646091773214e+00,-5.832426158511447412e+00,1.669071179270245509e+00
4.100444851609546859e+00,-5.834071775761370482e+00,1.480779999455348772e+00
4.098621325388927872e+00,-5.835044691504546854e+00,1.294212113254052277e+00
4.094992930224838901e+00,-5.835543527068887570e+00,9.907159626834864952e-01
4.092237490750373574e+00,-5.835347177196028134e+00,7.241137263262404922e-01
4.090220597351816423e+00,-5.834743143602469040e+00,5.342014718592772438e-01
4.088190505382882201e+00,-5.833656219858791125e+00,3.245645873352238642e-01
4.086577825819919241e+00,-5.831626210769642604e+00,5.896241321075255948e-02
4.085592997444276619e+00,-5.830182327249988639e+00,-1.306286650462245014e-01
4.084462199954366213e+00,-5.827331204100696382e+00,-4.354109785392603071e-01
4.084183060071090665e+00,-5.824836672224792622e+00,-7.006064027717316955e-01
4.084616462045979723e+00,-5.823061527028965401e+00,-8.899208229497289624e-01
4.086301091548285136e+00,-5.820152903837692904e+00,-1.193687765787378785e+00
4.088984581992066936e+00,-5.818219598399537951e+00,-1.463721942812208798e+00
4.091409724741058795e+00,-5.817436897840056353e+00,-1.654408945581466561e+00
4.095350859741453853e+00,-5.816903675829181886e+00,-1.904453439522576064e+00
4.097688026630380342e+00,-5.817555472877495859e+00,-2.108682057572648372e+00
4.101724257530393380e+00,-5.818394373317331336e+00,-2.299821207816292290e+00
4.065931734361275751e+00,-5.864413997508576060e+00,-2.180403437621303731e+00
4.065676524437491501e+00,-5.865668706589474368e+00,-1.981497052905888623e+00
4.065342651905481830e+00,-5.866305419611776095e+00,-1.782842880282922371e+00
4.064259100126556667e+00,-5.867729103960868109e+00,-1.591725063757500669e+00
4.063698524227586262e+00,-5.869315996053155793e+00,-1.394568437334761768e+00
4.086774779365605959e+00,-5.963193387462235151e+00,-1.410166220824930816e+00
4.089161203315123672e+00,-5.962922952849188718e+00,-1.583355622635420623e+00
4.090867637179259830e+00,-5.963348342851718442e+00,-1.768723283937765789e+00
4.091555958840618956e+00,-5.962713910191657085e+00,-1.957350927477987446e+00
4.089481700998432778e+00,-5.972340606317128930e+00,-2.105368744608092424e+00
4.037750151638685558e+00,-6.059866902888187745e+00,-2.107619038584841231e+00
4.007217852272200176e+00,-6.117141812952935354e+00,-2.245789343657595527e+00
3.941783795449552485e+00,-6.190645961405706998e+00,-2.321706770629346828e+00
3.872612627994246548e+00,-6.265975158063091577e+00,-2.317055945579170828e+00
3.809592880213894528e+00,-6.335593791178912859e+00,-2.319113897440249428e+00
3.742439262638279196e+00,-6.409875341029834139e+00,-2.316349198052818803e+00
3.731959731866160368e+00,-6.427377215032023194e+00,-2.470090519341715751e+00
3.732633665477583573e+00,-6.429253322207641119e+00,-2.673066815164385268e+00
3.733027016294773404e+00,-6.431524510317412791e+00,-2.870667750750700353e+00
3.731316781807453520e+00,-6.434050974071321427e+00,-3.075858827073725266e+00
3.729507973559057721e+00,-6.435858701056482722e+00,3.006952763497280134e+00
3.728418928153020229e+00,-6.436771336388408926e+00,2.789123732878360684e+00
3.727392927802272826e+00,-6.436869278517580284e+00,2.599670746127091814e+00
3.727773815954056769e+00,-6.436498177342697247e+00,2.399011057272288916e+00
3.727109454093954000e+00,-6.435209877874445539e+00,2.220748732898840228e+00
3.720078094604146290e+00,-6.429353583627905877e+00,2.073085123680241892e+00
3.701843259180254808e+00,-6.404309636992786992e+00,1.921151325716459413e+00
3.699410720068419867e+00,-6.400478219775871835e+00,1.744867709844173831e+00
3.697921058532165794e+00,-6.400611893695697496e+00,1.549086133993084147e+00
3.696336422679671330e+00,-6.398546524661428592e+00,1.328258789169742604e+00
3.695723676534410362e+00,-6.394582430997364675e+00,1.141537673903427974e+00
3.696043567521388962e+00,-6.389735928093637440e+00,9.520026524402745993e-01
3.708614491027530047e+00,-6.369876598487501873e+00,7.929281019298121125e-01
3.773479171604744664e+00,-6.305703434913517924e+00,7.373684622821927714e-01
3.801180467780576500e+00,-6.278791835454373249e+00,6.124761677988083131e-01
3.801999815838497110e+00,-6.274038249875101947e+00,4.233745054792391049e-01
3.800950632818627106e+00,-6.272387075750657459e+00,2.020015320099114164e-01
3.799786549449251982e+00,-6.269771580495079988e+00,-2.311366380643474147e-02
3.799477225502587707e+00,-6.268339015260095515e+00,-2.368328635994214337e-01
3.797837668693746949e+00,-6.266467804533978558e+00,-4.885597450470610115e-01
3.796968742151965781e+00,-6.265229908616676724e+00,-6.806089151977923191e-01
3.796388090659054360e+00,-6.263283752011325589e+00,-8.967999028521895788e-01
3.796477900493518298e+00,-6.261197765554924466e+00,-1.085197587590851054e+00
3.796836380676855249e+00,-6.259735065702798806e+00,-1.271138382904915876e+00
3.799812618358492156e+00,-6.257803942187181612e+00,-1.528993245771362641e+00
3.802454156523138007e+00,-6.256645911576005581e+00,-1.808721677362909119e+00
3.805188795323511286e+00,-6.256921827818183068e+00,-2.002789811035724732e+00
3.807554167814598323e+00,-6.257267246975273700e+00,-2.230573895670109774e+00
3.776471098538583426e+00,-6.294719122823355661e+00,-2.246457376589535926e+00
3.768691892066436733e+00,-6.306208779974449286e+00,-2.229891494619659298e+00
3.769142093158688755e+00,-6.308224855860371960e+00,-2.269614724274091166e+00
3.763868623352578435e+00,-6.312231888145293901e+00,-2.104282235023556602e+00
3.712178275789017601e+00,-6.398093976686651807e+00,-2.113320712614782160e+00
3.659226668386512227e+00,-6.485047361241837116e+00,-2.116407541816662796e+00
3.606699495378469233e+00,-6.570187506954535905e+00,-2.116786233340455681e+00
3.552617426922134669e+00,-6.657418490007864342e+00,-2.120493424402499549e+00
3.497450362794118028e+00,-6.746199424823562829e+00,-2.121340819543329204e+00
3.443213218264353781e+00,-6.833816181772644605e+00,-2.122926712538091287e+00
3.390080167672882894e+00,-6.918456184887744165e+00,-2.067886250522664948e+00
3.359156063696046246e+00,-6.981211352046719831e+00,-1.887104025061359325e+00
3.349925609643369384e+00,-7.013875528741931653e+00,-1.699795242618090896e+00
3.346714216914028928e+00,-7.045258488488695292e+00,-1.508720252577538945e+00
3.351074908682129205e+00,-7.077896365126740363e+00,-1.302046525694774859e+00
3.361232912612867718e+00,-7.104731991434516836e+00,-1.120589681734676990e+00
3.376658429330699818e+00,-7.133646954349830871e+00,-9.759055210540482639e-01
3.387148480501165793e+00,-7.149207290621942157e+00,-7.715529287025667537e-01
3.389601512964774521e+00,-7.150301141503074831e+00,-5.424915906158329637e-01
3.391299519590041722e+00,-7.151607253852449553e+00,-3.622078881735835698e-01
3.404746397768128929e+00,-7.157573274131949326e+00,-1.970787052695244512e-01
3.405657525511277317e+00,-7.158996763882541359e+00,-2.442775793953768509e-03
3.407707559915881923e+00,-7.162243508342647225e+00,2.489665397613549658e-01
3.409277474559460952e+00,-7.165794728959338222e+00,4.819402502183310344e-01
3.422198125007054337e+00,-7.162113510643354886e+00,6.775820371743750403e-01
3.425544482790003009e+00,-7.164599337104751164e+00,9.399594334803469398e-01
3.427457822391256403e+00,-7.164827341173600317e+00,1.121136254518445563e+00
3.430635567323101931e+00,-7.164838971476987339e+00,1.349219000523803613e+00
3.433371826419454820e+00,-7.163478514246884643e+00,1.615398867194409727e+00
3.434497824292082502e+00,-7.161698674486840055e+00,1.808702246260625035e+00
3.435822465023302019e+00,-7.159619731720435531e+00,1.984530830127214873e+00
3.435428100499483772e+00,-7.158138742648268327e+00,2.183428880485654755e+00
3.434036090915181028e+00,-7.155527338075120980e+00,2.424144488256199548e+00
3.426773388519726904e+00,-7.147707242485611623e+00,2.603897186060750268e+00
3.415517989158118883e+00,-7.141288474750018267e+00,2.751921291542781312e+00
3.381363834989089767e+00,-7.124859201614266446e+00,2.639291546306251401e+00
3.365135353597586754e+00,-7.112562299412793720e+00,2.463658116707075685e+00
3.366592511229964835e+00,-7.113862460637270679e+00,2.236588205160853438e+00
3.367234229995977657e+00,-7.114835418475034423e+00,2.026454193827466277e+00
3.368509779733705578e+00,-7.115241530811167614e+00,1.840643064330186096e+00
3.367466353593264294e+00,-7.114940412490132537e+00,1.632647306187449798e+00
3.365277303350007188e+00,-7.113322623669151135e+00,1.423996452941310498e+00
3.363167406624424149e+00,-7.111531177858109842e+00,1.234124322593772805e+00
3.363354124208249196e+00,-7.105298288386554084e+00,1.045151716289404176e+00
3.373148122672374960e+00,-7.086727657444408912e+00,8.781099437599638735e-01
3.372109906520035505e+00,-7.083781863389018163e+00,6.871094647834701252e-01
3.370973015537574113e+00,-7.081982603098908591e+00,5.044243224855767815e-01
3.369644989472773133e+00,-7.080892700580193377e+00,3.278174154554562292e-01
3.367393367791526426e+00,-7.078571628843066676e+00,8.947937716428770727e-02
3.366804386002292926e+00,-7.076055465982090453e+00,-1.152369540069418941e-01
3.365772998297563046e+00,-7.073751318065107263e+00,-3.507025531675083685e-01
3.363785565423977886e+00,-7.071801425378356321e+00,-5.742320882001878957e-01
3.362305469398300328e+00,-7.070437916061418804e+00,-7.677019793664031644e-01
3.360462099932671087e+00,-7.068623389651275346e+00,-9.910468033289103751e-01
3.359289440613350664e+00,-7.066830074970866349e+00,-1.216887067677853373e+00
3.360093535519769414e+00,-7.065419718039708918e+00,-1.403478827565382447e+00
3.361571104420377765e+00,-7.064435684526781500e+00,-1.620073084082075177e+00
3.364143560152610846e+00,-7.063690269286039047e+00,-1.847276774190864446e+00
3.366375847100561369e+00,-7.064174518201509656e+00,-2.040298351676872457e+00
3.368764435096079257e+00,-7.066223498170088213e+00,-2.264364807065615715e+00
3.371120516018480284e+00,-7.068800332526867791e+00,-2.492692646527381761e+00
3.373487690274052930e+00,-7.071217540125894097e+00,-2.751069313891441936e+00
3.375589592552814544e+00,-7.073363025697121387e+00,-2.991261893434672192e+00
3.377360090110592239e+00,-7.075403672010814660e+00,3.068474341122957139e+00
3.378262339143546455e+00,-7.076749338711690207e+00,2.890186424180379632e+00
3.378677376381035380e+00,-7.078965310683007495e+00,2.647113023015062794e+00
3.379462193056611774e+00,-7.081047063354883875e+00,2.421631596326446534e+00
3.381077458047242246e+00,-7.082192229406305550e+00,2.243922406938394065e+00
3.382650948926194001e+00,-7.084315828658419356e+00,2.004097176200985153e+00
3.381719889481948016e+00,-7.086692106753384124e+00,1.778612946760926627e+00
3.380665045240616617e+00,-7.087797550709945327e+00,1.601783167778115802e+00
3.377456061328537373e+00,-7.088422649437255529e+00,1.361159431379686868e+00
3.374086437502995750e+00,-7.087989622238302090e+00,1.104335697545060002e+00
3.371012037450077159e+00,-7.084642289102756507e+00,8.772780914131649288e-01
3.368866765727009494e+00,-7.081841958135627557e+00,6.428346728065030824e-01
3.451321530178195207e+00,-7.026248876911518337e+00,5.559504991449208955e-01
3.537250059568652905e+00,-6.975173720956314938e+00,4.621474829636918469e-01
3.628876469002697558e+00,-6.933962943634112364e+00,3.274636608599534870e-01
3.704313653296488429e+00,-6.913554110780632200e+00,1.473958256424744984e-01
3.754091126286199565e+00,-6.910327195955710877e+00,2.547784740125243197e-03
3.853768161168778850e+00,-6.914914284847567316e+00,-2.825393124617420204e-02
3.859141601850399450e+00,-6.914960263968627174e+00,1.603509325880445868e-01
3.955876061799062704e+00,-6.895077436891149603e+00,2.597763922724888319e-01
4.054485974021716288e+00,-6.872204187739793468e+00,2.526717087228959602e-01
4.152385536282846346e+00,-6.848934921796434594e+00,3.370112291465363619e-01
4.243139283214087953e+00,-6.809031941246630026e+00,4.893177389047873582e-01
4.332868376024332946e+00,-6.763295663317050455e+00,5.044751898916595145e-01
4.417491462128828594e+00,-6.709159791617127055e+00,6.442205310776419891e-01
4.493557527938689233e+00,-6.644743630200006912e+00,7.526685091420521889e-01
4.558518246626300119e+00,-6.589858511512799666e+00,6.750381294404524946e-01
4.551074790384936009e+00,-6.589418823827644545e+00,5.124180469395461790e-01
4.550412489298204299e+00,-6.586967161045953034e+00,2.965434363508203108e-01
4.549577126993864518e+00,-6.584685610616333840e+00,6.335146875070229999e-02
4.548367503423127012e+00,-6.583676574543197546e+00,-1.765423455359968474e-01
4.547046876593052289e+00,-6.582141080451529014e+00,-4.073983808032886067e-01
4.545016834581536713e+00,-6.581197815344581592e+00,-6.748819535832512040e-01
4.543747006068521443e+00,-6.579736796214500139e+00,-8.757162770123287920e-01
4.543882617330430307e+00,-6.578694308664442936e+00,-1.113397026538439860e+00
4.544831779123474469e+00,-6.577744717060334700e+00,-1.314423906216070081e+00
4.549703738979550494e+00,-6.587732843831324736e+00,-1.495431639038881544e+00
4.551875388779004439e+00,-6.587885805467911027e+00,-1.686412213306420771e+00
4.555385931427425206e+00,-6.588222862830711790e+00,-1.934090527399124904e+00
4.557113315591236002e+00,-6.588189513561235167e+00,-2.110870999043217733e+00
4.560183460080929230e+00,-6.591006369775361584e+00,-2.386217313959432040e+00
4.562817148041594884e+00,-6.593746248973844537e+00,-2.579178896835233825e+00
4.548972825685092758e+00,-6.604919027981074109e+00,-2.748317951526695779e+00
4.550896486454428569e+00,-6.606626315526137105e+00,-2.927606431762941774e+00
4.551782235636694374e+00,-6.608538452670839725e+00,-3.115722651485757222e+00
4.553059571099990599e+00,-6.610561797769085146e+00,2.989974652413042389e+00
4.553846059533394275e+00,-6.613189583964598661e+00,2.807184518953620866e+00
4.555128832577337583e+00,-6.615541349483495814e+00,2.627414132419537030e+00
4.555971640187128635e+00,-6.618107682847686135e+00,2.442838612318321001e+00
4.557658404798280216e+00,-6.620602419172133324e+00,2.260992574793498466e+00
4.558506960056360136e+00,-6.623353271061372283e+00,2.081306372783096492e+00
4.558831284514741178e+00,-6.625146393117471000e+00,1.903911710183612493e+00
4.558792437341443460e+00,-6.626883886169227189e+00,1.721306313620570849e+00
4.558375168436370473e+00,-6.628561232447027329e+00,1.539705871110842006e+00
4.556787728957380601e+00,-6.627003268199553432e+00,1.358626162429886985e+00
4.554648591629792520e+00,-6.625232495477535011e+00,1.168417120832978995e+00
4.552825633305615405e+00,-6.624666757850302901e+00,9.864860003726809712e-01
4.550768553537712258e+00,-6.622203334185936541e+00,8.083826144557110238e-01
4.549097570923769318e+00,-6.619759152296918359e+00,6.232186270230315461e-01
4.549178000641274089e+00,-6.616474864389905619e+00,4.313581594400080488e-01
4.548168186183212391e+00,-6.614214302443546245e+00,2.345584640139004029e-01
4.546482602341482604e+00,-6.613013522120212428e+00,3.063779544325496637e-02
4.545271722339087717e+00,-6.610758999744922093e+00,-1.710050545599099137e-01
4.560714119588689996e+00,-6.613862734129385856e+00,-3.826113959823797539e-01
4.559135189542646849e+00,-6.612212770776194404e+00,-5.861892648682809348e-01
4.558241054116687785e+00,-6.610257546380018390e+00,-7.936483155773431664e-01
4.557406728172181509e+00,-6.607916328209015866e+00,-1.018845474026983222e+00
4.557034887753464325e+00,-6.605874891285608896e+00,-1.240787232790583783e+00
4.558196063768348516e+00,-6.604238297207380093e+00,-1.433197877992562930e+00
4.559186830197894835e+00,-6.602148348893322805e+00,-1.616606007072583617e+00
4.561053351899687414e+00,-6.601014488582993778e+00,-1.796354143024684991e+00
4.563476929205837251e+00,-6.601163661618278056e+00,-1.978194426969876130e+00
4.565769927113444204e+00,-6.602689756894173811e+00,-2.166583775050366256e+00
4.553171666941956630e+00,-6.621165454652159887e+00,-2.300587746370997611e+00
4.486367947701041636e+00,-6.695537506132095196e+00,-2.295283022107732052e+00
4.416749154276699230e+00,-6.771798251566128357e+00,-2.391147741210985611e+00
4.332234757172149564e+00,-6.837485386218804528e+00,-2.547872384750772490e+00
4.294700945348924215e+00,-6.858772005358042989e+00,-2.585308760901078085e+00
4.206881538473965954e+00,-6.908014957823588986e+00,-2.601006275936660117e+00
4.132093757447318438e+00,-6.960273963826301369e+00,-2.400908530893611115e+00
4.099369082589338298e+00,-6.995871344587500040e+00,-2.192937339382275308e+00
4.074538020039581099e+00,-7.038144416011172133e+00,-1.977139278679074907e+00
4.059252583744539677e+00,-7.085500312628594699e+00,-1.761376099866563960e+00
4.054367663653548171e+00,-7.132598707523279735e+00,-1.554741285406220586e+00
4.059020347144979723e+00,-7.178692000391293071e+00,-1.349259731214563329e+00
4.074331344292719592e+00,-7.226123422693624399e+00,-1.162211097181625963e+00
4.096026126384311183e+00,-7.266082012453876082e+00,-9.844396881257184706e-01
4.126871753285709765e+00,-7.304310008461797565e+00,-7.902622182694605257e-01
4.171170903753546710e+00,-7.339652479193293111e+00,-5.830221091529973476e-01
4.204077625417621533e+00,-7.358713908022277650e+00,-5.179495318131386306e-01
4.263178027145191784e+00,-7.402322775805760813e+00,-6.885879504962969522e-01
4.284320614705269037e+00,-7.422348345416774684e+00,-5.411126605382645671e-01
4.325799386575178040e+00,-7.448049982918472089e+00,-3.902956651415969702e-01
4.333166575938142806e+00,-7.451235037312893716e+00,-2.003414898724847903e-01
4.342336578132607094e+00,-7.453377261930876685e+00,-3.381938826552061822e-02
4.442701958331138457e+00,-7.452507739522022057e+00,-1.968277084805090255e-02
4.543359145967352575e+00,-7.453615987585944680e+00,-3.075429425129206154e-02
4.565286732063750463e+00,-7.454411810157726137e+00,1.258311182901780123e-01
4.664988952451800230e+00,-7.438152828152361451e+00,1.751044841539864116e-01
4.728384561498509164e+00,-7.422945038516715499e+00,3.280808524102531987e-01
4.817940431101946253e+00,-7.395482865361229230e+00,1.860057210423305130e-01
4.862464228163321245e+00,-7.384804567527903707e+00,3.557959214763238287e-01
4.887136694260913572e+00,-7.374596340577165066e+00,5.445605111221117900e-01
4.897935463073887163e+00,-7.366778098916842765e+00,7.352678454274513831e-01
4.941703296303292525e+00,-7.325753824882697884e+00,7.676243909546108801e-01
4.975244136268485384e+00,-7.294260901490784654e+00,5.824011856903074102e-01
5.061548256188260986e+00,-7.241128496839195350e+00,5.869539374266753429e-01
5.120921420691945336e+00,-7.196234006531632588e+00,7.501322228341870124e-01
5.196973244770364708e+00,-7.122147560928028476e+00,8.511828901353384325e-01
5.248462968413034169e+00,-7.064500045086603564e+00,9.609039856495340537e-01
5.264873302123567633e+00,-7.051869224187663043e+00,1.092952412209532875e+00
5.266775510872456323e+00,-7.051639498194776756e+00,1.295355180573553255e+00
5.268552158815170472e+00,-7.053119125930717104e+00,1.498466471018636392e+00
5.270844362585249243e+00,-7.053487788440204298e+00,1.720533153729358222e+00
5.272311498495702686e+00,-7.053116771668831220e+00,1.898660803017876209e+00
5.273963386328181180e+00,-7.052540444729249458e+00,2.112930725247885277e+00
5.275444330050944153e+00,-7.051772371981428478e+00,2.323366493145447187e+00
5.276520471914690091e+00,-7.050217720626046791e+00,2.562036185568731916e+00
5.276869180117866875e+00,-7.048195835568010104e+00,2.777180695748593831e+00
5.252667844673722719e+00,-7.037904779796338772e+00,2.882143973483970001e+00
5.252056313701899626e+00,-7.036196139218859891e+00,3.059643566458357888e+00
5.248675607296423351e+00,-7.035295996829256104e+00,3.092884794684894967e+00
5.230388062647669756e+00,-7.034128892222506479e+00,2.923144170334735836e+00
5.231698874000690225e+00,-7.035867099051221984e+00,2.741252657016584937e+00
5.232803243024616080e+00,-7.037742001132121672e+00,2.560799935866693300e+00
5.218794470881173986e+00,-7.026666166029764682e+00,2.394014723684073864e+00
5.204648758588581003e+00,-7.013458612597954556e+00,2.584686095603462963e+00
5.198685872438949751e+00,-7.009027378796449881e+00,2.765604216226221546e+00
5.197926455135606361e+00,-7.007435259946436901e+00,2.976412102769868451e+00
5.196061718273637275e+00,-7.005746577099875694e+00,-3.130082537375952434e+00
5.193543872231522585e+00,-7.004630282975065292e+00,-2.941590277589339664e+00
5.190148164202439851e+00,-7.003933185698833164e+00,-2.738130387986482894e+00
5.186860638403029355e+00,-7.003616211533817193e+00,-2.542780747103694061e+00
5.184717178384163461e+00,-7.002831598398198132e+00,-2.349315588155546308e+00
5.181332003496400773e+00,-7.003226057065457866e+00,-2.150365416454152356e+00
5.132671186679274022e+00,-7.086662173475485105e+00,-2.005231294795276842e+00
5.104780289009811511e+00,-7.140048054018532042e+00,-2.161967756251960360e+00
5.042680194725130960e+00,-7.220646207706727715e+00,-2.241934871490281367e+00
4.979990586390012020e+00,-7.299322902971151272e+00,-2.242186986625989586e+00
4.914714643001633299e+00,-7.381732325051901356e+00,-2.238105062735539885e+00
4.851430092156370222e+00,-7.462288849577193517e+00,-2.236730311347149502e+00
4.784581499175077468e+00,-7.544582565349280401e+00,-2.289356319854267685e+00
4.723166068318393584e+00,-7.605910713655532618e+00,-2.457612759447602713e+00
4.662686973822257386e+00,-7.649145733255874546e+00,-2.605564615549543994e+00
4.580994034857842401e+00,-7.690045768922099789e+00,-2.790633601214031145e+00
4.493989779662316053e+00,-7.715722940753137138e+00,-2.970691049139946305e+00
4.410908183463334353e+00,-7.724786502320251991e+00,-3.129260996321977295e+00
4.377597505101361364e+00,-7.727484813490860915e+00,2.986306087002509102e+00
4.367910847820590803e+00,-7.726625101790215666e+00,2.799195992035625746e+00
4.359425820372949012e+00,-7.724105206271225654e+00,2.617495612938559812e+00
4.356106955177112106e+00,-7.723090699515093860e+00,2.386951204837286955e+00
4.355781473732301734e+00,-7.723600643528522269e+00,2.187304315195595539e+00
4.355340817529469000e+00,-7.725791835328275958e+00,2.001612586989931497e+00
4.354390585953376913e+00,-7.727205805958615947e+00,1.799337694324408599e+00
4.352218853522237474e+00,-7.728405680466431171e+00,1.560440365155796982e+00
4.350346838646762748e+00,-7.728983988992473186e+00,1.385590519833413525e+00
4.347844989368319091e+00,-7.728894859136816287e+00,1.158476994826271200e+00
4.349605578092687885e+00,-7.718819910189503197e+00,1.012191407314810609e+00
4.361962155738625668e+00,-7.698664622663381252e+00,8.213029400602177565e-01
4.385074301207183112e+00,-7.673446484713060123e+00,6.761147658750028544e-01
4.385903453211465575e+00,-7.671696237427743981e+00,4.618517477343491162e-01
4.384832869920310294e+00,-7.670170927619265555e+00,2.597776296409950447e-01
4.383003535937242567e+00,-7.668149180661699482e+00,7.044167149474776790e-02
4.381351256091391200e+00,-7.666149823163310728e+00,-1.369419728737176767e-01
4.379865807974704595e+00,-7.663851414481029245e+00,-3.860837459111685077e-01
4.378747285653056487e+00,-7.661941363619202860e+00,-5.753996928055936655e-01
4.378250595035225956e+00,-7.660032042413590148e+00,-7.527852380603282656e-01
4.378422542103247217e+00,-7.657976808897334564e+00,-9.764366179336988472e-01
4.378715617599819865e+00,-7.656153047016808877e+00,-1.154230187678769504e+00
4.380134130373225076e+00,-7.653173660427679437e+00,-1.345771233096561437e+00
4.382640664197746894e+00,-7.661677777109367149e+00,-1.518629504959969179e+00
4.383667479376575749e+00,-7.661975452780938056e+00,-1.697436694539061763e+00
4.384969266333228255e+00,-7.661658686958209508e+00,-1.877635640487634427e+00
4.352459858777456780e+00,-7.745674866747506826e+00,-2.037983461704643506e+00
4.295295963365302505e+00,-7.832876230585800847e+00,-2.195174030451613412e+00
4.230387383718679395e+00,-7.914387888251126491e+00,-2.281460716551015011e+00
4.155421823508353540e+00,-7.993835473814575820e+00,-2.343157807791963698e+00
4.079389996986296119e+00,-8.065877701063287830e+00,-2.400153430285751011e+00
3.997727765708925407e+00,-8.136622910008998844e+00,-2.454292878480200724e+00
3.918379491025455685e+00,-8.198030929742301964e+00,-2.502088744719513258e+00
3.837902289846786719e+00,-8.257634012084242414e+00,-2.505004007924744425e+00
3.756426643245295516e+00,-8.317357058866564401e+00,-2.506881052493457496e+00
3.672853619667995062e+00,-8.379560455223764137e+00,-2.506476230309734543e+00
3.590139141581801585e+00,-8.440726864987903255e+00,-2.515139888702693671e+00
3.583759018900835258e+00,-8.446449786381208469e+00,-2.690988477013861679e+00
3.585187543437274194e+00,-8.448096079670843750e+00,-2.855041827903311180e+00
3.518080170946136231e+00,-8.467427371884905796e+00,-3.034362616177226357e+00
3.498991840535424558e+00,-8.469274730402602813e+00,3.066015263494243026e+00
3.478290899831573579e+00,-8.467026086395240014e+00,2.894141838093351460e+00
3.396006846607184215e+00,-8.441889340779997752e+00,2.731633785367802325e+00
3.390019115241092340e+00,-8.440338816032545211e+00,2.552819120253651874e+00
3.384552003637776529e+00,-8.437715252355454609e+00,2.376010001412296901e+00
3.379423566306901439e+00,-8.433633201872790863e+00,2.197057099242286871e+00
3.375542774892078324e+00,-8.429160598627456480e+00,2.018333695187841226e+00
3.371499763527360471e+00,-8.420684794865680445e+00,1.829325074557747843e+00
3.369002587877936161e+00,-8.413354621986192328e+00,1.653550000353063432e+00
3.368241956156528882e+00,-8.407047939400836611e+00,1.476715441049496036e+00
3.368209354927925947e+00,-8.400218593078308871e+00,1.297383688387238720e+00
3.369719358415367072e+00,-8.393391690162538055e+00,1.118685375250473735e+00
3.373793423895182109e+00,-8.384898654450530842e+00,9.361572630875693024e-01
3.381208332215859258e+00,-8.375104872846742765e+00,7.546624980414674555e-01
3.388010573423202665e+00,-8.368261794420797983e+00,5.770748406556361898e-01
3.402946188021403806e+00,-8.359241180509791036e+00,3.951500715402975761e-01
3.409553404434682911e+00,-8.355523201473957329e+00,2.179090449040973210e-01
3.418273389468347467e+00,-8.353196213871466824e+00,2.982599863921566244e-02
3.426248498324306002e+00,-8.352815100940443216e+00,-1.461628064945224570e-01
3.437094617468727797e+00,-8.354598658980490811e+00,-3.233177578565369914e-01
3.452784484907642337e+00,-8.360782372342088209e+00,-4.697707836899133182e-01
3.500314675914555362e+00,-8.384471594450253917e+00,-6.248981804104470905e-01
3.516686464078892183e+00,-8.398789888590409092e+00,-7.906661579840497112e-01
3.517492808831692575e+00,-8.398925091800119702e+00,-9.740874877218455019e-01
3.518856709000402816e+00,-8.399203934296613383e+00,-1.183716123876716653e+00
3.520243237704594907e+00,-8.400465022378330815e+00,-1.380050944479933150e+00
3.521583373493950564e+00,-8.401971607741526071e+00,-1.565238081697729378e+00
3.523149259381059384e+00,-8.404136796112524621e+00,-1.773769132123108161e+00
3.524463357095734661e+00,-8.406365262916370540e+00,-1.960120125052848161e+00
3.524666142469161212e+00,-8.409761595410401469e+00,-2.169494353628611538e+00
3.524525222452246087e+00,-8.413303521530529849e+00,-2.365247914933188422e+00
3.523960764460662531e+00,-8.416601963620001570e+00,-2.548553226877149580e+00
3.522560518326030898e+00,-8.420074498998502577e+00,-2.758702262730959198e+00
3.462434598912682571e+00,-8.441429324157221359e+00,-2.927729693478183570e+00
3.423864035845856968e+00,-8.449189189301584690e+00,-3.089839169707852218e+00
3.418707601147447761e+00,-8.450722690049731867e+00,3.014443616751148358e+00
3.411179736474923896e+00,-8.450686231844345642e+00,2.828578476601849356e+00
3.404766874775659868e+00,-8.450082727637727942e+00,2.667255380721765601e+00
3.376333987876777520e+00,-8.436483421551470130e+00,2.512797143014335433e+00
3.373885650798371660e+00,-8.435657654657983784e+00,2.332881740932647663e+00
3.374100376760226006e+00,-8.437668888333918815e+00,2.149716026368107435e+00
3.369164736368868596e+00,-8.430286352446616505e+00,2.006085282846605811e+00
3.329079036214039888e+00,-8.341392694040072442e+00,2.034504128930771483e+00
3.325071439963043662e+00,-8.332299730139830274e+00,2.204909662307675156e+00
3.304474671321633750e+00,-8.307927284725138861e+00,2.358676209017295911e+00
3.302959248341692522e+00,-8.305699526966055402e+00,2.537050718614452194e+00
3.300000632407194434e+00,-8.303418040816273660e+00,2.717686604735150890e+00
3.296183716297369948e+00,-8.301314393240017964e+00,2.830071766813830880e+00
3.274945535038008781e+00,-8.292625587412182142e+00,2.678677974883620472e+00
3.183653470870772662e+00,-8.248431589705779388e+00,2.678335205617215387e+00
3.100727065870198640e+00,-8.208267239893174860e+00,2.868608908633538235e+00
3.098217199007359035e+00,-8.206090522299955836e+00,3.079821586338649553e+00
3.095413473208026733e+00,-8.203896900972626582e+00,-3.016021841193035513e+00
3.091990571379013009e+00,-8.202349108061836702e+00,-2.804052213614335098e+00
3.089551828381805976e+00,-8.200936479204406382e+00,-2.560876760671252139e+00
3.086795032132005456e+00,-8.199681803463008123e+00,-2.380283147078722461e+00
3.083334644162690097e+00,-8.199458304731138014e+00,-2.160152379101920150e+00
3.080514865394825108e+00,-8.199178427743269992e+00,-1.909292128598865323e+00
3.077790031323533793e+00,-8.200298779531079774e+00,-1.664331392730647119e+00
3.075143559973837259e+00,-8.204425422822369640e+00,-1.448799494762222251e+00
3.074144925500583270e+00,-8.208384534606462779e+00,-1.251494311588902564e+00
3.074633679357186011e+00,-8.211553277949771967e+00,-1.017601612286424650e+00
3.075131601500169953e+00,-8.213546259599736388e+00,-8.411248500323919020e-01
3.076457074510431156e+00,-8.217118375747977765e+00,-6.657164929421534039e-01
3.160496240465689777e+00,-8.273841053682151170e+00,-5.769556073073519586e-01
3.246699854541983843e+00,-8.329833517846495283e+00,-5.775440424572696463e-01
3.335185273815193252e+00,-8.387251103639240313e+00,-5.801251112931895548e-01
3.422939799299778763e+00,-8.444595011751662383e+00,-5.716753706544797087e-01
3.492572900173318562e+00,-8.483665932902846762e+00,-3.885356853274922195e-01
3.493193581728953667e+00,-8.485366397442133390e+00,-1.966192101241178436e-01
3.505496035601082916e+00,-8.488678210417457848e+00,-3.510656552668885155e-02
3.549996993106601550e+00,-8.489151904965513751e+00,1.064891250730153199e-01
3.645853903294224541e+00,-8.482279929258064399e+00,9.848361148694408096e-02
3.658796119892633758e+00,-8.483946464193687476e+00,2.601396097644745331e-01
3.673916346679449330e+00,-8.482378002931096006e+00,4.402021557454516287e-01
3.675354499622668136e+00,-8.483577341081787182e+00,6.298045915153406282e-01
3.720291991389064634e+00,-8.446256458964919389e+00,7.675642173305250449e-01
3.752462081701861241e+00,-8.411765570922810298e+00,9.342705612156323447e-01
3.771491940179871882e+00,-8.382884581126289092e+00,1.116847082101134925e+00
3.781248616445280764e+00,-8.360603410529826363e+00,1.289852190851672464e+00
3.787588485496427015e+00,-8.334766801744178721e+00,1.472880354889444243e+00
3.789423427178293391e+00,-8.291689787800663680e+00,1.628198519853187420e+00
3.789527024677010747e+00,-8.313918088929687755e+00,1.724059747752781480e+00
3.788247914494362600e+00,-8.305457747265787560e+00,1.899921395805754587e+00
3.781034582883441075e+00,-8.282200686995613736e+00,1.831124146891204951e+00
3.792478288658237329e+00,-8.323825768836494277e+00,1.678749520477167190e+00
3.792175247942120020e+00,-8.305597742065026878e+00,1.465615625101744257e+00
3.791835385862733609e+00,-8.301485491722678134e+00,1.288172698057544752e+00
3.799888745646989197e+00,-8.277936503613654295e+00,1.114900685733695385e+00
3.812859107303861794e+00,-8.253671941576302018e+00,9.289916248996673565e-01
3.830392943645430481e+00,-8.231864393141275826e+00,7.536036485566884879e-01
3.861925926230343364e+00,-8.202593193367492930e+00,6.466580058324775671e-01
3.877741963426214689e+00,-8.188426088208986542e+00,7.262281586492757013e-01
3.904934949588912296e+00,-8.159360275265559181e+00,5.697442435329403976e-01
3.940025462307775062e+00,-8.137735121328553589e+00,3.969534545015267479e-01
3.971865412135302531e+00,-8.123891344109404500e+00,2.564833197586680602e-01
3.995199861742210423e+00,-8.111841222007100782e+00,2.242908953250100090e-01
3.996188128988914290e+00,-8.112317166357950526e+00,3.991308891738101772e-01
3.997265601807702851e+00,-8.113105758618015528e+00,5.800176299502678434e-01
3.998316305340910315e+00,-8.113807796124907767e+00,7.606002744519954062e-01
3.999720202337432529e+00,-8.113786819339319223e+00,9.657398802788982328e-01
4.001565375029758620e+00,-8.112967223707988396e+00,1.165245629621783463e+00
4.002758443905388930e+00,-8.111348590571214601e+00,1.349426270722065446e+00
4.004054313712628321e+00,-8.109613367857624766e+00,1.533473880658293265e+00
4.005436368349404752e+00,-8.106704789241392817e+00,1.730278645606990517e+00
4.005972111744179109e+00,-8.103984768557136675e+00,1.907967544707255714e+00
4.006583056481871630e+00,-8.100160673678370671e+00,2.075569368580481022e+00
3.956921266282763305e+00,-8.007685100063222094e+00,2.072453793688795010e+00
3.906076655251157437e+00,-7.912353751378621958e+00,2.066984139451118363e+00
3.856230599991783414e+00,-7.818549431104304226e+00,2.067717460146084818e+00
3.802187136701740133e+00,-7.721789146109661495e+00,2.109473484059741999e+00
3.744728930787274646e+00,-7.642032610395935066e+00,2.257635960705019151e+00
3.672692335156151344e+00,-7.571535988629025660e+00,2.438087691995849404e+00
3.618664275863805901e+00,-7.532778577384497964e+00,2.550032615045280338e+00
3.527081338012973077e+00,-7.480076642916917429e+00,2.647030927645683818e+00
3.431298802023532435e+00,-7.428192634639263936e+00,2.614101227398541116e+00
3.390291510946743081e+00,-7.398394804993509766e+00,2.416953762478784462e+00
3.359752013555904249e+00,-7.367217419747384533e+00,2.212888397111070660e+00
3.338924573477056068e+00,-7.336083230868291949e+00,2.014091218500575931e+00
3.326410888531956100e+00,-7.303909431996234325e+00,1.804792562785199728e+00
3.321494111244970071e+00,-7.276083007038224970e+00,1.626037309159187760e+00
3.320978868544413043e+00,-7.250587485593783299e+00,1.448214611829295340e+00
3.321612625981376521e+00,-7.243579975455832098e+00,1.524588211520914172e+00
3.321793271030553552e+00,-7.241954749479891262e+00,1.716521414481503971e+00
3.321865375301342738e+00,-7.240184041806693394e+00,1.895804858248671065e+00
3.321963497794900189e+00,-7.238030636990471223e+00,2.095172808407345766e+00
3.322289612746722298e+00,-7.236204565414515066e+00,2.267586291051254754e+00
3.322126262209469605e+00,-7.233177163690386102e+00,2.452294825160082681e+00
3.306214851615213224e+00,-7.220356731216054591e+00,2.624660942498873162e+00
3.217657932241542618e+00,-7.172656683092706764e+00,2.655021216236251203e+00
3.125676164322502615e+00,-7.123086509033779379e+00,2.654059734429886408e+00
3.035879611094862707e+00,-7.074620010385475943e+00,2.624798964511473542e+00
2.984195003281034264e+00,-7.042277699372267996e+00,2.459802161781708740e+00
2.983473191375838773e+00,-7.043887713685923480e+00,2.250783031492877839e+00
2.983069779955764389e+00,-7.045304804615105887e+00,2.061597677536590290e+00
2.981544994939419269e+00,-7.047065612591594252e+00,1.866952329084639262e+00
2.979271317640002081e+00,-7.048255953410468067e+00,1.616236213397354682e+00
2.976567541489686608e+00,-7.048872730691177146e+00,1.367788810850740777e+00
2.974061025976403982e+00,-7.049084808461540952e+00,1.173900671961972897e+00
2.970965685272521029e+00,-7.048475462520291224e+00,9.628622973289027165e-01
2.967516500934316959e+00,-7.046524699111685663e+00,6.977738132693585005e-01
2.964942175217840425e+00,-7.044621902346594133e+00,5.080084159831844692e-01
2.961540324221528575e+00,-7.041802746262741053e+00,2.029631797704755936e-01
2.959718703878527535e+00,-7.039521334481301906e+00,2.870281769497057961e-02
2.958048317949612205e+00,-7.037401008619402987e+00,-1.572575453275326107e-01
2.956757826121946930e+00,-7.034859896955456549e+00,-3.485624484309305382e-01
2.955382090660047645e+00,-7.032193780124168292e+00,-5.604497595964408330e-01
2.954538008566940377e+00,-7.029185918692628654e+00,-8.286973615009575189e-01
2.954577174883974866e+00,-7.026930540165078121e+00,-1.019137604433464794e+00
2.955554522332947354e+00,-7.023545592721497144e+00,-1.323500391815314980e+00
2.957441960575107665e+00,-7.021246505473837551e+00,-1.590432892025018363e+00
2.958882079848218716e+00,-7.020246452025975081e+00,-1.769719172078968894e+00
2.960840999640006466e+00,-7.019242816897281578e+00,-1.979426449622138984e+00
2.963172898093097807e+00,-7.019146407552388389e+00,-2.174382682790485966e+00
2.964951392863175883e+00,-7.019550251188394263e+00,-2.359224321411794278e+00
2.966747218888051485e+00,-7.020578254993210976e+00,-2.536740835864239596e+00
2.968653083286245664e+00,-7.021903043974777603e+00,-2.723543366312608516e+00
2.970380085812958093e+00,-7.023537809818114930e+00,-2.941514800548179931e+00
2.971137343692540789e+00,-7.024875769569190354e+00,-3.126736198455704940e+00
2.972254032990745642e+00,-7.026423037832593366e+00,2.982366481432134009e+00
2.972955476197336022e+00,-7.028389734395668498e+00,2.795471241550063546e+00
2.973145238641820232e+00,-7.030671354890663416e+00,2.581714715428189422e+00
2.973297203382113452e+00,-7.032313219051620656e+00,2.402931586332719416e+00
2.972621174180020809e+00,-7.034590003394028734e+00,2.212675550061315555e+00
2.970848880811665982e+00,-7.038107371042433336e+00,1.906476279607861146e+00
2.968795595452016212e+00,-7.039362795449632948e+00,1.732264330665781893e+00
2.966984748532771832e+00,-7.040029513990879728e+00,1.542044909939710440e+00
2.964318879433168519e+00,-7.040749929725737211e+00,1.351183811519118594e+00
2.961417914624017378e+00,-7.041152673008437723e+00,1.139832549390788374e+00
2.957847591093938355e+00,-7.039887876312609372e+00,8.737233616718351747e-01
2.955187013498122628e+00,-7.038231754360441350e+00,6.860604109918486682e-01
2.952564718226908358e+00,-7.036453956717659608e+00,5.119043440913603193e-01
2.949837070315703524e+00,-7.034443803624068181e+00,2.869696018547467919e-01
2.948325921931995719e+00,-7.032428272628781230e+00,1.130431866971714772e-01
2.946797257670728865e+00,-7.030136564348732797e+00,-7.792341383975777414e-02
2.944982498000526583e+00,-7.026704907710120018e+00,-3.825180316206333031e-01
2.943233355354742731e+00,-7.023259464861235202e+00,-6.507268653017604931e-01
2.942778836246225715e+00,-7.020990640432280827e+00,-8.435205070156869267e-01
2.943243831784946529e+00,-7.017301879171903067e+00,-1.148696501101827971e+00
2.944616097822768896e+00,-7.014687274405427608e+00,-1.414110225028433199e+00
2.945881308453030201e+00,-7.012945924776751383e+00,-1.600909971463334580e+00
2.947880963846173596e+00,-7.011776573990909256e+00,-1.803597739818995960e+00
2.949372422755173417e+00,-7.011011069566201570e+00,-1.983085200532875181e+00
2.951665657377092966e+00,-7.010832403094401144e+00,-2.225481447181440586e+00
2.954481303597187303e+00,-7.011746382445315007e+00,-2.488687650824152442e+00
2.956488812462296334e+00,-7.013202255926747064e+00,-2.714067254836776577e+00
2.958085425646710842e+00,-7.014707708195002667e+00,-2.945246700608759927e+00
2.959811373814215330e+00,-7.016766071738834043e+00,3.092018179679464573e+00
2.960892814986638033e+00,-7.018738586968392923e+00,2.876077917200637213e+00
2.961209119371821075e+00,-7.021165079173184331e+00,2.643832542400141872e+00
2.961228019354415153e+00,-7.023923269696673799e+00,2.396560747555315452e+00
2.960557477598384057e+00,-7.026413463231048873e+00,2.178691373196511183e+00
2.959289695638376738e+00,-7.028782519018417219e+00,1.929940170117085518e+00
2.957230604926153195e+00,-7.030387899090774440e+00,1.715000603753017661e+00
2.954535492339510849e+00,-7.031388468824346205e+00,1.484919046013630561e+00
2.951403663454827075e+00,-7.032202147897866240e+00,1.266963261357709758e+00
2.947993816947531265e+00,-7.032309346146765172e+00,1.019266543593118746e+00
2.945015010703821101e+00,-7.030695764307762552e+00,7.915962714512899678e-01
2.941449613319528922e+00,-7.028322615757869762e+00,5.444915159190433229e-01
2.939134849279365636e+00,-7.026305581222048069e+00,3.287879248830576917e-01
2.936996419558747018e+00,-7.023745226139665121e+00,7.871614412321006893e-02
2.935088734180713921e+00,-7.020878112958291339e+00,-1.377997388131309009e-01
2.933705065779270260e+00,-7.018018083886991221e+00,-3.684250713079759709e-01
2.932475793355125759e+00,-7.015511688273697644e+00,-5.844422818128014452e-01
2.931355162888138022e+00,-7.012406020976677645e+00,-8.332012343843374635e-01
2.931127849587089607e+00,-7.009617746379040781e+00,-1.062472960792582688e+00
2.931769973571825449e+00,-7.006820927293561319e+00,-1.308465380508606835e+00
2.932730234667573210e+00,-7.004984691096619365e+00,-1.523004521422976598e+00
2.935123224927158159e+00,-7.003470849127508835e+00,-1.770323222299324595e+00
2.937193329247044904e+00,-7.002327616111168496e+00,-1.989177243620614766e+00
2.939340429764322860e+00,-7.002308868909150164e+00,-2.220778033369398052e+00
2.942117983608026677e+00,-7.002949710040103248e+00,-2.457730134208575556e+00
2.944167344127518238e+00,-7.003358447176542434e+00,-2.631865110427217935e+00
2.944890997755931217e+00,-7.004266599452789066e+00,-2.812282177362412927e+00
2.945450894060614111e+00,-7.004813419149922282e+00,-3.000063468803607414e+00
2.945550626411991058e+00,-7.005846609213400633e+00,3.104435837175479662e+00
2.945929540297513860e+00,-7.006872179296099290e+00,2.920611450050444091e+00
2.945244019027710713e+00,-7.008908092599298811e+00,2.745658466184639046e+00
2.944313963987767568e+00,-7.010683868894926007e+00,2.564939471669123172e+00
2.899971613199805454e+00,-6.976553465605627835e+00,2.420158712525295464e+00
2.866546448191590102e+00,-6.940513804748072779e+00,2.284268097307558865e+00
2.864740845152953241e+00,-6.937616382704031359e+00,2.363763164911176329e+00
2.790236417730055596e+00,-6.860217880089932052e+00,2.333523630355935907e+00
2.717276019786206476e+00,-6.783161829309496405e+00,2.332068665972741872e+00
2.643570660307013931e+00,-6.705429487431794122e+00,2.330935741610046019e+00
2.568717122617553361e+00,-6.626136780619438227e+00,2.328900405548626651e+00
2.495129429991172820e+00,-6.548073945064905033e+00,2.327311800047404677e+00
2.417562617012592341e+00,-6.465338490689178208e+00,2.324850736398251794e+00
2.344185700452049215e+00,-6.387175816448040777e+00,2.325107740229035880e+00
2.275190668589108345e+00,-6.313705338566631298e+00,2.326198092235618020e+00
2.256270121924665695e+00,-6.296141665780998764e+00,2.162363180558851461e+00
2.255318287771540309e+00,-6.296639476971340521e+00,1.980562616722015390e+00
2.235661345789474286e+00,-6.241882217193455595e+00,1.844242931835902155e+00
2.234271593886866469e+00,-6.236990313973387323e+00,1.981562973831934027e+00
2.229975437418665773e+00,-6.230977211667227067e+00,1.857346850845085218e+00
2.203220017073517667e+00,-6.133853754061469488e+00,1.703241103467842077e+00
2.199375262749358129e+00,-6.070291184065421675e+00,1.544568055758637426e+00
2.208154544759176385e+00,-6.008733261942254877e+00,1.365854084827578641e+00
2.228665675751865471e+00,-5.947033702985707215e+00,1.182085328015868519e+00
2.246274048811877755e+00,-5.911937385326345940e+00,1.138058817261664135e+00
2.247298647299518226e+00,-5.910486869349433015e+00,1.323933480880895797e+00
2.248808963389471671e+00,-5.909002192259234398e+00,1.521650455515594080e+00
2.249969046501389069e+00,-5.907165147260757365e+00,1.702767989625347589e+00
2.244241911483407570e+00,-5.878459825532954319e+00,1.859398978717093698e+00
2.232995539019479114e+00,-5.837416990177902498e+00,2.033190084493141647e+00
2.212295331076676863e+00,-5.800810987606859648e+00,2.211981950068867331e+00
2.198993533714154847e+00,-5.782611325332352337e+00,2.392423170077854433e+00
2.158174440228542768e+00,-5.746767052878938742e+00,2.526423059549002037e+00
2.119131102645887665e+00,-5.723487249596260540e+00,2.707741549854559615e+00
2.024771546384904752e+00,-5.690841919424702411e+00,2.842853866984937028e+00
1.928622421321556368e+00,-5.661631461761913009e+00,2.853954626492011926e+00
1.881053650743657712e+00,-5.647556003482883114e+00,3.010688105244432311e+00
1.879448414429771397e+00,-5.645150073534154878e+00,-3.096383658080759993e+00
1.878455001047622641e+00,-5.643408207132877052e+00,-2.903676808212446669e+00
1.876984624336247354e+00,-5.641544175627497992e+00,-2.728362066862604074e+00
1.875298056552149317e+00,-5.640345079596102984e+00,-2.552716287188011801e+00
1.855910971580241098e+00,-5.652136911604574543e+00,-2.377651499281717928e+00
1.808982476495623715e+00,-5.702760228210955518e+00,-2.231485632666340813e+00
1.774763368742298342e+00,-5.751862266757512998e+00,-2.048389237172370869e+00
1.755796562242864844e+00,-5.793190406974920492e+00,-1.864720100139727776e+00
1.744930584552669028e+00,-5.836265707041627948e+00,-1.687201253993878103e+00
1.741045258136580731e+00,-5.858825614861838282e+00,-1.506688829051926914e+00
1.738373989697826527e+00,-5.859884236674557378e+00,-1.338282627863388585e+00
1.736453970933909741e+00,-5.861071538530560510e+00,-1.161877030439920411e+00
1.735153005035633633e+00,-5.862676963749287928e+00,-9.688975242975280677e-01
1.734397143394393437e+00,-5.864068177337760090e+00,-7.684263070692930464e-01
1.734275703185971018e+00,-5.865743529628984376e+00,-5.457689467362072389e-01
1.734233022912602395e+00,-5.867559698760425491e+00,-3.346959757471879016e-01
1.734798711951904160e+00,-5.869592988758157937e+00,-1.076663290611498541e-01
1.735802097578319936e+00,-5.871380409664824107e+00,7.649127403757899346e-02
1.737529397414104393e+00,-5.873881274371443695e+00,3.386430436207579220e-01
1.739913996698023713e+00,-5.875900426334126792e+00,5.908173841620323330e-01
1.741832082462201337e+00,-5.876913094003629823e+00,7.956933578844495036e-01
1.743805416719838908e+00,-5.877544270152172068e+00,9.862237463504801571e-01
1.745754318407960470e+00,-5.877666609531730479e+00,1.168890412624293162e+00
1.747435412505537355e+00,-5.877018340473633806e+00,1.346906219203942268e+00
1.749140632731548406e+00,-5.875900320475582639e+00,1.556682912800654517e+00
1.750364134317746734e+00,-5.874436565753134332e+00,1.746751908602956593e+00
1.751014170702145156e+00,-5.872779611427654700e+00,1.930494714404683121e+00
1.751643818085109272e+00,-5.870711533891692646e+00,2.110456686637338208e+00
1.751467151077803930e+00,-5.868014855696758403e+00,2.323496656226251122e+00
1.750850626413894995e+00,-5.865850508559273813e+00,2.513473715137159115e+00
1.750079514892137977e+00,-5.862879438228523199e+00,2.708644723948368416e+00
1.748683229838559727e+00,-5.860320546371638351e+00,2.970865287562180157e+00
1.747002558755385238e+00,-5.858055001047550725e+00,-3.102285234915893142e+00
1.744806013343155104e+00,-5.856253901742714874e+00,-2.911507170620136531e+00
1.741548322262306270e+00,-5.854066042929883196e+00,-2.672062694735461097e+00
1.681513796797523552e+00,-5.888334924202182741e+00,-2.507896128896164090e+00
1.657440035343528795e+00,-5.905760730378809775e+00,-2.324095449512663780e+00
1.641383949085260197e+00,-5.921438504483533372e+00,-2.141382646460668226e+00
1.628564602987506493e+00,-5.939789873577930202e+00,-1.956220621520547764e+00
1.619094761202048760e+00,-5.959634423621138488e+00,-1.773601781175302206e+00
1.613745408091388445e+00,-5.980472511874040720e+00,-1.590972199151974298e+00
1.612340260464199204e+00,-6.001726103639111187e+00,-1.408539205409887085e+00
1.614510094393313500e+00,-6.022902071487065356e+00,-1.227565359940673062e+00
1.620847474006506195e+00,-6.042809920168496163e+00,-1.045442608400902307e+00
1.631001574098843721e+00,-6.061557151438114133e+00,-8.624175248172308850e-01
1.644349501607652808e+00,-6.077537361157614448e+00,-6.814150754755299300e-01
1.660447394510034425e+00,-6.090793053798741141e+00,-4.992048781311539396e-01
1.679050538425615802e+00,-6.100926804925474123e+00,-3.152147667415370891e-01
1.699171922117280298e+00,-6.107571129637989316e+00,-1.320611463478680303e-01
1.720202960793624669e+00,-6.110057524475999813e+00,5.220685996416673386e-02
1.741392503017295645e+00,-6.108745842279390104e+00,2.355266149374050377e-01
1.761938578357244545e+00,-6.103459614329808325e+00,4.190338735740626874e-01
1.781571292095692760e+00,-6.094506733000713439e+00,6.037708153519893983e-01
1.798982235116976192e+00,-6.082048588057680227e+00,7.863448565096665677e-01
1.813991017946047890e+00,-6.066718088408929788e+00,9.665302398926038929e-01
1.825678813430591241e+00,-6.048334139302233403e+00,1.150695114264351560e+00
1.833620981205225542e+00,-6.028048354768780648e+00,1.334115893740516645e+00
1.838616266711276204e+00,-6.006818261505515011e+00,1.512451186650769941e+00
1.839941091233719073e+00,-5.984685813117381237e+00,1.693635614897881725e+00
1.836990290265721137e+00,-5.962944413287523560e+00,1.874719298166715786e+00
1.830101190929497079e+00,-5.942184352779494638e+00,2.056611857549017319e+00
1.819313633941966657e+00,-5.922743117061097351e+00,2.239807181517886381e+00
1.805519869810332079e+00,-5.905867069658762070e+00,2.421532844291416797e+00
1.788787790340740091e+00,-5.891888941743396835e+00,2.602888538951909858e+00
1.769377907384911186e+00,-5.880831161412098496e+00,2.788140493032722933e+00
1.748570804825983371e+00,-5.873329663215201002e+00,2.970134727484551984e+00
1.726787721870231218e+00,-5.869869303244442449e+00,-3.130491418600575226e+00
1.704799897528259445e+00,-5.870253271981502152e+00,-2.947604332034619912e+00
1.683374968965528184e+00,-5.874850773367215950e+00,-2.765652165290307885e+00
1.662591888805379892e+00,-5.883284488008970747e+00,-2.582240012195506917e+00
1.643959008492203555e+00,-5.895114713223298608e+00,-2.399382198985657855e+00
1.627859123371482086e+00,-5.910076729338442192e+00,-2.217438913316426952e+00
1.614583897812862601e+00,-5.927732107296516340e+00,-2.034016069206632249e+00
1.604512112355631848e+00,-5.947458571796074622e+00,-1.849260055407584202e+00
1.598364290517552355e+00,-5.967865227417638252e+00,-1.670311485072028646e+00
1.596143482976021488e+00,-5.989293250111274780e+00,-1.487504450497220798e+00
1.597480756824180448e+00,-6.010867503001417589e+00,-1.306895782611922074e+00
1.602673167842930457e+00,-6.031971522021167154e+00,-1.127456357864375036e+00
1.611522137487224837e+00,-6.051658163379000754e+00,-9.461493856854473750e-01
1.624307586090142586e+00,-6.069337643384258740e+00,-7.643572201512006670e-01
1.639735413184202795e+00,-6.083978921659970673e+00,-5.837547174740088662e-01
1.658036605257592333e+00,-6.096146024423112486e+00,-4.008712465444324580e-01
1.678398515943857028e+00,-6.104834840545014352e+00,-2.181838460207610741e-01
1.699512227027373701e+00,-6.109360105902625016e+00,-3.522599425228472442e-02
1.721282227114034447e+00,-6.109979331360404053e+00,1.487354035302425881e-01
1.743029808530069058e+00,-6.106853763317075412e+00,3.329101839559570064e-01
1.763596780163026789e+00,-6.099712556881238257e+00,5.164344079816202138e-01
1.782790850037789143e+00,-6.088942653497214863e+00,7.003681832471374547e-01
1.800030531688896263e+00,-6.075150130659932479e+00,8.822735667089626199e-01
1.814246119218880127e+00,-6.058463343256844880e+00,1.065029042594014763e+00
1.825469273222903865e+00,-6.039234110089216401e+00,1.246581819729905227e+00
1.832570322529885054e+00,-6.018693842782376180e+00,1.427524316553285821e+00
1.836374433458811906e+00,-5.997330673870445494e+00,1.606499431553662927e+00
1.836337605458737476e+00,-5.975831391053668007e+00,1.783947828345338271e+00
1.832662033081517095e+00,-5.954939471089076619e+00,1.960381938147709224e+00
1.825298503937294203e+00,-5.935364457365030155e+00,2.137629057830855217e+00
1.814512695130032105e+00,-5.917355880813276237e+00,2.316957558570801101e+00
1.800136940842695266e+00,-5.902014432358027918e+00,2.499242759785910817e+00
1.782260742199952563e+00,-5.889946012196959124e+00,2.684438673264761821e+00
1.762216963860066876e+00,-5.880997325343095383e+00,2.870627343353314931e+00
1.740902981185951992e+00,-5.875464935781352871e+00,3.052517611787520124e+00
1.719261193118365894e+00,-5.874536256904968390e+00,-3.047279784357488364e+00
1.697643189982565692e+00,-5.877815340392912091e+00,-2.862782838732283341e+00
1.676672033175346410e+00,-5.884864603857384857e+00,-2.680841733726295306e+00
1.657041759983423734e+00,-5.895746100627202502e+00,-2.495293832030712977e+00
1.629013178142821650e+00,-5.919816350545379358e+00,-2.309562337999552462e+00
1.603915339161826159e+00,-5.950776662406799034e+00,-2.131323190221528385e+00
1.584459622778666921e+00,-5.985797079897213990e+00,-1.947550663997809073e+00
1.572206513187016652e+00,-6.021870919350777562e+00,-1.773039929030020279e+00
1.566579174320958279e+00,-6.060728830491433961e+00,-1.589151461682671629e+00
1.567537726430766831e+00,-6.099857029261551489e+00,-1.410329237565722149e+00
1.575265398060251565e+00,-6.137203362241192117e+00,-1.231854483511802156e+00
1.589915262323511769e+00,-6.173744147337100863e+00,-1.052009393740998222e+00
1.609705012438195526e+00,-6.205487356651821607e+00,-8.742923221612971529e-01
1.635352717679193990e+00,-6.233313035551971026e+00,-6.968039915327302047e-01
1.665695121677332580e+00,-6.256590370692194369e+00,-5.124806503298455773e-01
1.699224531246159575e+00,-6.273392891488215106e+00,-3.360728614238396861e-01
1.736185421070290946e+00,-6.284399944497893742e+00,-1.519561586335584080e-01
1.774115972923555828e+00,-6.288306704689524906e+00,3.002614960213233555e-02
1.811423817523449165e+00,-6.285428632218703626e+00,2.096896626954337373e-01
1.849032050714316977e+00,-6.275832316991709625e+00,3.925092563372751808e-01
1.862945659066850723e+00,-6.272697903747621595e+00,5.755060647276978303e-01
1.864462955491677176e+00,-6.274631564384964832e+00,7.588250759992278827e-01
1.866154899772089815e+00,-6.275817536761992166e+00,9.451662229012625094e-01
1.867799662993232301e+00,-6.276426261071563317e+00,1.121717816082022701e+00
1.869111659602413100e+00,-6.276303844735625859e+00,1.297591441756210440e+00
1.870995496882144726e+00,-6.275833802038587983e+00,1.499853131618116286e+00
1.872694984695294274e+00,-6.275355184780718965e+00,1.677206620900216771e+00
1.874291890067001365e+00,-6.273689700124219115e+00,1.915970108334560162e+00
1.875032808268237039e+00,-6.272068437567754451e+00,2.097163398085604147e+00
1.875144867841238350e+00,-6.270269569339100180e+00,2.272765495233092015e+00
1.875215222441680041e+00,-6.268423723624556132e+00,2.469190157825085219e+00
1.874965936977345926e+00,-6.266325190640624321e+00,2.677959728131785955e+00
1.874249631679938632e+00,-6.264577298070093114e+00,2.860294170145573300e+00
1.873101411089615143e+00,-6.262685200275623920e+00,3.068850898489683843e+00
1.871573060922233189e+00,-6.261145289445870787e+00,-3.032351909309092264e+00
1.869756696145050689e+00,-6.259262035736666618e+00,-2.823427755889977853e+00
1.860868201754759088e+00,-6.261393843766384748e+00,-2.670281085345550753e+00
1.767766670725881006e+00,-6.310349589331984532e+00,-2.670000671895161215e+00
1.672476858882119943e+00,-6.360267939860339226e+00,-2.669382378863583316e+00
1.660245580803000998e+00,-6.365621392491814134e+00,-2.494922451572240352e+00
1.658361507622716058e+00,-6.364919923995715045e+00,-2.298144717154858352e+00
1.656040163662905407e+00,-6.364784499891310787e+00,-2.088363884576601048e+00
1.653937792420778763e+00,-6.364905254390540001e+00,-1.909900415241378546e+00
1.651435300101552928e+00,-6.365819299961076538e+00,-1.696698987014462423e+00
1.649058196209750138e+00,-6.368496328641430004e+00,-1.521754719609649698e+00
1.657332180894805607e+00,-6.451397581406033588e+00,-1.372943246834556374e+00
1.670899085330077360e+00,-6.501601682990226116e+00,-1.190174932310100075e+00
1.678137135245545197e+00,-6.518137533987173882e+00,-1.259802862129001388e+00
1.692922508126671888e+00,-6.553954171668156192e+00,-1.113073074275314323e+00
1.737837302709473342e+00,-6.647827667672710383e+00,-1.112984915587035717e+00
1.782468347688100474e+00,-6.741228714743569661e+00,-1.112392960066646674e+00
1.828974182743720700e+00,-6.836062942942837672e+00,-1.110316167853577562e+00
1.839062751914173122e+00,-6.854179021657259341e+00,-1.298655993581670831e+00
1.840398843984881072e+00,-6.854149113238812596e+00,-1.474365897092219324e+00
1.842146121778984513e+00,-6.854018092374875692e+00,-1.708167226103643355e+00
1.844248645152483546e+00,-6.854192380578961519e+00,-1.900608333068800615e+00
1.847117525843527286e+00,-6.854963274551264085e+00,-2.092652800942083502e+00
1.848956590405801181e+00,-6.855983716813439877e+00,-2.288947652612976835e+00
1.851407456258063577e+00,-6.856903682627591756e+00,-2.472946867162410189e+00
1.853621083698674843e+00,-6.858369466866396813e+00,-2.700809914436222758e+00
1.855740909017322027e+00,-6.860744724897489988e+00,-2.971786888744621713e+00
1.856835899154589686e+00,-6.863274233784256495e+00,3.061671919570049916e+00
1.857725560373252538e+00,-6.865689492316057851e+00,2.873548423621585801e+00
1.858605180196983619e+00,-6.867675017562850037e+00,2.666928884581499126e+00
1.858805600588685492e+00,-6.869673019091182553e+00,2.480497833396768215e+00
1.859061556212968869e+00,-6.872923695660618115e+00,2.211951265473811823e+00
1.858293783459745052e+00,-6.874819884703544659e+00,2.024214605653242405e+00
1.856923311825520395e+00,-6.877004920204398353e+00,1.810777769597124998e+00
1.855332385857246136e+00,-6.878627498898987724e+00,1.623426493924836178e+00
1.853476123535590103e+00,-6.879747107769929038e+00,1.448749403201104347e+00
1.851120736791717958e+00,-6.880499125461287946e+00,1.261705157332509319e+00
1.848387662212181537e+00,-6.880368325788573713e+00,1.046563647040019029e+00
1.845573066651660543e+00,-6.879771753576225279e+00,8.602629682945130973e-01
1.843349702418994651e+00,-6.878729912283561454e+00,6.851386389484023232e-01
1.840580416050101364e+00,-6.877823453787331509e+00,5.042955605179564316e-01
1.838012874549300513e+00,-6.876314588643111847e+00,3.028091392050105690e-01
1.835754201082028247e+00,-6.873874366150777071e+00,5.881200961102796276e-02
1.833733821107890405e+00,-6.871515116345827678e+00,-1.877225042741087480e-01
1.832270794695269434e+00,-6.869767761455944921e+00,-3.683270672693441661e-01
1.831079003129986615e+00,-6.867152980648159044e+00,-5.933425945513856048e-01
1.830381824412767866e+00,-6.864898525682264996e+00,-8.166120023343653722e-01
1.830202794587203474e+00,-6.862681093396800769e+00,-1.058926689780415487e+00
1.830993978116198795e+00,-6.860832121302613551e+00,-1.265739965795547484e+00
1.832071012234639973e+00,-6.859486707706176745e+00,-1.470385767839106572e+00
1.833759464271265127e+00,-6.858449591072744767e+00,-1.677670447784448182e+00
1.835183263516769525e+00,-6.858276936802522705e+00,-1.863715657413233640e+00
1.836923297334801308e+00,-6.860698043659370526e+00,-1.835595079358193882e+00
1.835463496304787112e+00,-6.862617912518273577e+00,-1.655523045015884653e+00
1.834203176288252246e+00,-6.865183797046854330e+00,-1.464716669728068243e+00
1.833038303992625684e+00,-6.867076062249318547e+00,-1.281103653900193651e+00
1.832322828678715210e+00,-6.869566667509358737e+00,-1.104145372175137529e+00
1.884567727708610807e+00,-6.956394712167002226e+00,-9.670291226297129672e-01
1.947222583505273885e+00,-7.036756716399332312e+00,-8.466323068415886333e-01
2.018874390336373725e+00,-7.111979155494802640e+00,-7.958832156106331324e-01
2.091472004344286706e+00,-7.187784355135067749e+00,-7.944220511481678848e-01
2.126450330864883664e+00,-7.223292823838434629e+00,-9.591037947942202546e-01
2.126830766962528596e+00,-7.222982124371332802e+00,-1.149346035912132358e+00
2.127525417268574692e+00,-7.222253539757783614e+00,-1.328300577379020408e+00
2.129151478130928421e+00,-7.222073570106020135e+00,-1.511187153083763723e+00
2.130873942057375015e+00,-7.221842242384370003e+00,-1.711744834694184814e+00
2.132819131619784425e+00,-7.222235575055846901e+00,-1.892242104066575115e+00
2.134986098820856437e+00,-7.223221333711224545e+00,-2.083618106791273128e+00
2.136811601162734942e+00,-7.224843812900820339e+00,-2.259364101762434629e+00
2.138582774441604162e+00,-7.226365733240733391e+00,-2.442609003116134492e+00
2.140458794777980511e+00,-7.228232981494260301e+00,-2.630233788411977081e+00
2.142071993557485232e+00,-7.230751786128091219e+00,-2.809885293065141010e+00
2.143511095810337608e+00,-7.233458938872579402e+00,-3.005415692374391767e+00
2.144373277734628491e+00,-7.236208649661992176e+00,3.103088958710505718e+00
2.145293840697845233e+00,-7.238818540262052181e+00,2.923900312800927548e+00
2.146200972648468319e+00,-7.241255800650377772e+00,2.748660710337564428e+00
2.146907781394770343e+00,-7.243424673062253127e+00,2.573607229833648535e+00
2.147314186001210601e+00,-7.245561227214276201e+00,2.397312059015741514e+00
2.147108693600039420e+00,-7.248208993938224154e+00,2.197089791209451803e+00
2.146449083377444556e+00,-7.250057418008554855e+00,1.996084675945510867e+00
2.145623407601654264e+00,-7.251813236533879881e+00,1.794380210962195576e+00
2.144256602998446670e+00,-7.253181787489412002e+00,1.617657027508686118e+00
2.142755212650987229e+00,-7.254412548610027933e+00,1.419736994794108753e+00
2.140809205358424894e+00,-7.255235357825080555e+00,1.229090115929838412e+00
2.139037986834380511e+00,-7.255527393268956793e+00,1.048865924367439195e+00
2.137353584972718323e+00,-7.255403624367668947e+00,8.729828130990792134e-01
2.135257899364414680e+00,-7.255023251268680085e+00,6.725080346675698095e-01
2.133089195450674325e+00,-7.253921394019612556e+00,4.752759610648377153e-01
2.131408870005799816e+00,-7.252686638612411585e+00,2.982116488125144960e-01
2.130064906401101243e+00,-7.251032628907561062e+00,1.237957587062908232e-01
2.128727133677192018e+00,-7.249418192683193318e+00,-5.095925728653381837e-02
2.127712924495421820e+00,-7.248062315064679240e+00,-2.297266559784160722e-01
2.126817047332544508e+00,-7.246661945138442640e+00,-4.081582933143871328e-01
2.152007546651398595e+00,-7.259680724823451392e+00,-4.698931751700250459e-01
2.176186583048389966e+00,-7.271216119918060272e+00,-5.050030660189165355e-01
2.190134374031338815e+00,-7.279517943227011401e+00,-6.697701309262942271e-01
2.269837411970886176e+00,-7.342751370257563970e+00,-6.735041315440338794e-01
2.347698789309846656e+00,-7.403327831826391758e+00,-6.679691609364216687e-01
2.387257092650222123e+00,-7.431885565321405096e+00,-8.366048551939431199e-01
2.386695707304786751e+00,-7.430732721861923906e+00,-1.030455713539494722e+00
2.386896556163550009e+00,-7.429487311724308540e+00,-1.231802731527349426e+00
2.387704006039478077e+00,-7.428247393515649222e+00,-1.440894992314902368e+00
2.388433688497140661e+00,-7.427579636044266742e+00,-1.615806457135183782e+00
2.389952398283965440e+00,-7.426786615351973708e+00,-1.834107653545847150e+00
2.391617434616602811e+00,-7.426585309660032941e+00,-2.048673680523307006e+00
2.393266690145883668e+00,-7.427183443814318942e+00,-2.245553818390732648e+00
2.395276084817090201e+00,-7.427953840858388723e+00,-2.429708975967848517e+00
2.396663071204447881e+00,-7.429285815920668945e+00,-2.635783351388091500e+00
2.398382376826780238e+00,-7.431393613451297675e+00,-2.860627678808384200e+00
2.399353317205879410e+00,-7.433610654656764183e+00,-3.058094775869123261e+00
2.400167937555527153e+00,-7.435762136164048464e+00,3.028287616992912046e+00
2.400495018418695281e+00,-7.438278825810312966e+00,2.800749562029038575e+00
2.401079524962848932e+00,-7.440698360577852277e+00,2.588863820589903941e+00
2.400993148709347658e+00,-7.443278237846777223e+00,2.362997793803973234e+00
2.400363944325027976e+00,-7.445583709102831627e+00,2.166515163700508673e+00
2.398769485210785035e+00,-7.448128978971407577e+00,1.941840737450863053e+00
2.396639402922982498e+00,-7.449978188619556185e+00,1.729463655690083757e+00
2.394826164924373835e+00,-7.451233131333373727e+00,1.533165047924224256e+00
2.392310410347162186e+00,-7.452386353822661569e+00,1.336295497554296441e+00
2.389070749068738841e+00,-7.453323045740535058e+00,1.148289915967939168e+00
2.388849051166631821e+00,-7.454001079708421074e+00,1.307880330757273057e+00
2.389453003769352435e+00,-7.453502093234803283e+00,1.436803719864001350e+00
2.387125696080778514e+00,-7.454277570984683798e+00,1.247251395091360404e+00
2.384392327045696813e+00,-7.454541905016954573e+00,1.043779641764938759e+00
2.381522794577177304e+00,-7.454474392295495022e+00,8.588946564320734112e-01
2.378754584549491291e+00,-7.454046268356031568e+00,6.495738000102798670e-01
2.376189696031980603e+00,-7.453405671969496993e+00,4.521260405175469566e-01
2.373693147784586177e+00,-7.452248832976147597e+00,2.667201093163575343e-01
2.371716335605564829e+00,-7.451293111685069803e+00,8.769742541000520586e-02
2.369971797502494759e+00,-7.449838613846228697e+00,-9.883514495429705782e-02
2.368463483169727990e+00,-7.448546925992644674e+00,-2.811726206532883521e-01
2.396853589569313048e+00,-7.457904484453121263e+00,-4.056845495217101250e-01
2.422978305754357020e+00,-7.467325627997877469e+00,-2.683531761773885749e-01
2.423632883661866799e+00,-7.465094120920170440e+00,-4.518891656972993665e-01
2.424052765599670867e+00,-7.463243959466688615e+00,-6.375089009842116461e-01
2.424206899693443606e+00,-7.461342165884102151e+00,-8.124176999109250508e-01
2.426274119659346251e+00,-7.461761071722107452e+00,-7.579879141831989964e-01
2.428771270370418733e+00,-7.462921337988634995e+00,-5.791541376118720663e-01
2.431039795625240085e+00,-7.461557786402211789e+00,-7.046067032530765051e-01
2.431823356635196554e+00,-7.459524882112285482e+00,-8.932362977823622430e-01
2.432491715339495375e+00,-7.457387972888136041e+00,-1.073108615669875476e+00
2.479796962194465326e+00,-7.544663023623731313e+00,-1.101359572064801950e+00
2.492317259470089752e+00,-7.559946515377978571e+00,-1.275177916839027814e+00
2.493734804455465248e+00,-7.558726307966532332e+00,-1.467140589942586670e+00
2.495061034486051987e+00,-7.557470545762152270e+00,-1.660369232470220391e+00
2.497661088853312172e+00,-7.556859316850347952e+00,-1.868482487344566012e+00
2.499598986292946190e+00,-7.556875299961171244e+00,-2.052448590828095831e+00
2.502069195993124495e+00,-7.557596279508738135e+00,-2.245110182601504523e+00
2.504126675698889581e+00,-7.559084438407107420e+00,-2.469979576754594230e+00
2.506632407620170699e+00,-7.560541532484030824e+00,-2.687980615434908849e+00
2.509077679425555818e+00,-7.562216315572976910e+00,-2.916562131348347631e+00
2.510891958690337766e+00,-7.563886884992766291e+00,-3.131083369531114435e+00
2.512226657218323833e+00,-7.566036474685058799e+00,2.924649428057064515e+00
2.513546430583281754e+00,-7.567957318337095174e+00,2.709055313225298800e+00
2.440754380844631477e+00,-7.524815936509876124e+00,2.536758786653199316e+00
2.412193330354090115e+00,-7.498880992957927205e+00,2.354457994805267074e+00
2.345272033534601785e+00,-7.423304570017782211e+00,2.298072069856987643e+00
2.272931236798683585e+00,-7.351745818801780352e+00,2.381528332430927097e+00
2.200731152146012004e+00,-7.283225958522494103e+00,2.378899061640990187e+00
2.128024638251347245e+00,-7.213984098099901487e+00,2.376790535638367174e+00
2.055156752540994614e+00,-7.144650299683338979e+00,2.377426615755834582e+00
1.977480723637935478e+00,-7.071520876830676983e+00,2.381558774630244901e+00
1.903003488796585430e+00,-7.000687252283667839e+00,2.380692797354960089e+00
1.832986910285143267e+00,-6.925362225239783065e+00,2.264588407297742467e+00
1.800052755848562835e+00,-6.874261967413067609e+00,2.084742242464243223e+00
1.774107477360216789e+00,-6.809051100739992535e+00,1.909073616499975534e+00
1.742953107037104044e+00,-6.713595568134672398e+00,1.893578758462812983e+00
1.713153158328769798e+00,-6.614456495175932815e+00,1.827182442238790783e+00
1.705362370709140318e+00,-6.559760885364212868e+00,1.644725728167934387e+00
1.708519811215209572e+00,-6.485477081044678016e+00,1.464332323920596757e+00
1.720068676347343839e+00,-6.433903388521230227e+00,1.281849771560167994e+00
1.748488051132258025e+00,-6.369712100883500483e+00,1.109703349261875749e+00
1.787425712442201720e+00,-6.293022545646958399e+00,9.429205269379583587e-01
1.784011078062489375e+00,-6.291797333944343151e+00,7.849665394532469032e-01
1.781893206171677679e+00,-6.290123845473370778e+00,6.017575842365636696e-01
1.779720400283552939e+00,-6.288460155249000039e+00,4.233649631736753349e-01
1.778609519876082734e+00,-6.287762348665202339e+00,4.031820905506419139e-01
1.780025615649021287e+00,-6.288593309700494238e+00,6.055392816376692355e-01
1.781652026176052450e+00,-6.289739201847923233e+00,8.054075215952170019e-01
1.783531400901875896e+00,-6.289824694453574949e+00,9.914860490307290108e-01
1.785668705402571721e+00,-6.289802802770782186e+00,1.174377912071956853e+00
1.796953415846787472e+00,-6.263080290320541366e+00,1.279702409315601308e+00
1.805526295908645995e+00,-6.242244593191085045e+00,1.090064046473578241e+00
1.806661670283493226e+00,-6.241920200602013580e+00,1.077407181657331403e+00
