timestamp,marker_id,tx,ty,tz,distancia_m,rx,ry,rz
1778592196.945018,10,0.01919199058639477,-0.006846019960358476,1.00942889036134,1.0096345305050198,1.6855717903807153,-1.5776553613415287,-0.9180141754644082
1778592196.9783468,10,0.025106289587353364,-0.0038781409530789994,0.9983446635841596,0.9986678291910003,-1.7022008700896092,1.5972607646845804,-0.8835191318406309
1778592197.0116754,10,0.021082452283055764,-0.0013527104199136388,1.0064033020246281,1.006625007609995,1.66575308302529,-1.5574506396239616,-0.9232117231284936
1778592197.0455067,10,0.029382102365407725,0.0001224942584329683,1.013631504975996,1.0140572719645362,-1.6970002659109846,1.6296400249483753,-0.8746852695001989
1778592197.0788355,10,0.02941587858962115,0.003177337631890844,1.0130965742498188,1.0135285186635574,-1.6984412456191442,1.6292899553321696,-0.8789057849895618
1778592197.1121638,10,0.029381474171314648,0.0077110806608565955,1.0043685576700283,1.004827811829276,-1.729657945140031,1.5974033917507384,-0.8832783964259473
1778592197.1454926,10,0.023110080193867233,0.009620261553100714,0.9922442286565673,0.9925599400243711,1.647612879100696,-1.5666755560281869,-0.9109068964502505
1778592197.1788213,10,0.02386345833213713,0.012289225329574681,1.0001875754233291,1.000547687885974,1.6625600160621266,-1.5746444107242972,-0.904015213817962
1778592197.2121499,10,0.02897537260755476,0.014676600141059152,0.9914865175799661,0.9920183916401427,-1.7046639025445385,1.6030479857239475,-0.888788429709788
1778592197.2454789,10,0.02481179165272189,0.017565539362967376,1.003261901725035,1.003722380258139,1.6590237238838643,-1.5840475631236004,-0.8930000017727152
1778592197.2788072,10,0.030250579362627927,0.019631102903218376,0.9918407290487466,0.9924961005227783,-1.7062796837804242,1.6075750248069405,-0.8991878939967151
1778592197.312136,10,0.026091486546974376,0.02241687932135348,1.0049474214929042,1.005535977533363,1.6555985525889656,-1.5876511802720459,-0.8940692388910763
1778592197.3454645,10,0.025418898687918856,0.024044701200777743,0.9887931853915163,0.9894120635726263,1.6249576569663793,-1.5757633157174087,-0.9003015692418457
1778592197.3787932,10,0.025568241777785182,0.026730881049745508,1.0014793897994803,1.0021622838554853,1.6551211208448295,-1.5802724518380873,-0.8946424658275063
1778592197.4121218,10,0.02491994242438661,0.027275582009946987,1.0054091430638545,1.0060877227462874,1.6543046015019245,-1.5863715912870713,-0.8865204819810273
1778592197.4454503,10,0.02437798745558884,0.027149307389531092,1.0020381129841704,1.0027022245098458,1.6441622378055811,-1.5874458147977029,-0.8846654281519459
1778592197.4787788,10,0.024286388108557565,0.027254807483691895,1.0014774378040758,1.00214256052168,1.643399485340606,-1.5881731559242773,-0.881682652840347
1778592197.5121076,10,0.024343429552946546,0.027190197787378478,1.002900218653175,1.0035640278490965,1.6451484932412064,-1.5882676143067036,-0.883026402168701
1778592197.5454364,10,0.024122812693235532,0.027049583415401222,1.002649683878305,1.0033045293610732,1.642866292717546,-1.5808530248622463,-0.884558178272662
1778592197.5787652,10,0.024162586435978607,0.027110943587533902,1.0019353175384444,1.0025932447290606,1.6406045866125962,-1.5809229285036825,-0.885185434877718
1778592197.6120937,10,0.024343188383294256,0.027270745096034058,1.0015039522383262,1.0021708690177265,1.6424816726440759,-1.5879168348960564,-0.882459602319009
1778592197.6454222,10,0.02953196103081758,0.02807283467527031,0.9999881144157245,1.0008178903985216,-1.714677205665811,1.6133155045540688,-0.8934912320742889
1778592197.678751,10,0.029975664077430922,0.0297498454367542,1.0092481906093314,1.0101314290668333,-1.7319564472570643,1.6082167115336303,-0.8801670027745033
1778592197.7120793,10,0.028278489630383315,0.028784841283330174,0.9914009357776667,0.992221777388662,-1.6996134392215665,1.594981880953157,-0.8946541508705501
1778592197.7454083,10,0.028457315343720563,0.02990973339328711,1.001050691570864,1.0019016409023065,-1.7097104674225136,1.5978259045330656,-0.895727863279753
1778592197.7787368,10,0.027882779615393417,0.029221905561058338,0.9929129242064877,0.9937340913040965,-1.6925557783262415,1.5982283228204075,-0.8954307680122023
1778592197.8120654,10,0.02791426757892999,0.029172414654779797,0.9929231720749714,0.9937437606116991,-1.6928315343497606,1.5973827339879951,-0.895852985328976
1778592197.8453941,10,0.02835964310120022,0.02958771376189334,0.9971005180141463,0.9979424558493151,-1.7032235058326766,1.59758197504995,-0.8911667834980341
1778592197.8787227,10,0.02836201326770378,0.02961109411562013,0.9973408574839655,0.9981833532463729,-1.7032270728489487,1.5977329327365926,-0.890722424682852
1778592197.9120517,10,0.027919425290932977,0.029160281631038426,0.9928040382305086,0.9936245139187049,-1.6928755122910284,1.5968173282187506,-0.8954661282810619
1778592197.94538,10,0.02788897022203929,0.029135484924113986,0.9924872708369875,0.9933064249843856,-1.6929921961711252,1.5973691165262107,-0.8963986233702322
1778592197.9787087,10,0.022513842277698645,0.02861184143246443,0.9884329332652183,0.989103217125263,1.6135468063890175,-1.5759548993748382,-0.876814861742395
1778592198.0120373,10,0.022183756770095108,0.028581002191327896,0.988608832673705,0.9892706489081545,1.6165304038684665,-1.5833367130345168,-0.8783436494818613
1778592198.045366,10,0.027183451552132636,0.028409782176038966,0.9926514632886072,0.9934299086148907,-1.6927713346340592,1.6152934274296766,-0.8946034232685938
1778592198.0786946,10,0.027106480410343317,0.028828658490521988,0.9971255759711318,0.997910450434487,-1.7000136741873733,1.6198236432950102,-0.8983893201984738
1778592198.112023,10,0.02895476923311418,0.03053088722606477,1.0133588156301239,1.0142320261909703,-1.7457977310126584,1.6251258100538148,-0.8703753282262404
1778592198.1453516,10,0.026981480005112263,0.02868635408081014,0.9963535784098203,0.9971315662357549,-1.7017079836683768,1.6213167854558612,-0.9009218340368066
1778592198.1786804,10,0.028105073105521104,0.028081508280391018,1.0085576918747299,1.0093399249416675,-1.7052756007096563,1.6520913432774536,-0.8866635399186922
1778592198.2120092,10,0.02737458096357846,0.027728999871898165,1.0009016880429578,1.0016598495717344,-1.694501446226808,1.6439875436918248,-0.8962396170554419
1778592198.245338,10,0.027350743558330965,0.027695111598989713,1.0014321024718826,1.0021882748470616,-1.693766448044556,1.64380559612232,-0.8955160472589583
1778592198.2786665,10,0.027213480039487287,0.026893616454194226,1.005555578624256,1.0062831916534267,-1.6821476261768384,1.651187282431637,-0.8881915507383545
1778592198.311995,10,0.020517731094858865,0.027725766809848264,0.9868070002258582,0.9874096166886527,1.607389332531204,-1.5945115236853573,-0.8904762726823366
1778592198.3453238,10,0.026739957482058416,0.02803272992130513,0.9930995646407058,0.9938549212850649,-1.6939523555722107,1.6289595059337587,-0.9060054044097773
1778592198.3786523,10,0.027631010796514244,0.027666099530776297,1.0035462058783342,1.0043076586154682,-1.694403671221441,1.6497200613473808,-0.8915651874521626
1778592198.411981,10,0.026927656618439606,0.0286811628266392,0.9958536477778622,0.9966304207601347,-1.7016950287356472,1.621969195149636,-0.9011683314023611
1778592198.4453094,10,0.026568323363138354,0.028977363400923183,0.9919936201389025,0.9927723333132741,-1.7000908246998625,1.6114649760868476,-0.905101473852147
1778592198.4786382,10,0.026641722686389056,0.028981395187416624,0.9921619516323475,0.9929426171343521,-1.6996238287494227,1.6100446581507724,-0.9045999134790557
1778592198.511967,10,0.026639923545865377,0.028993442152412587,0.992020247034046,0.9928013274265222,-1.6994237680358926,1.6097524961376353,-0.9040241737398635
1778592198.5452957,10,0.02663478301466352,0.028999808874719472,0.9922628004111478,0.9930437380401639,-1.69970224231807,1.6098702862306327,-0.903651791178742
1778592198.5786245,10,0.02146946763206309,0.029046218626322652,0.9929053587611367,0.9935621129619799,1.6230270103296316,-1.589451995085326,-0.8785196816989599
1778592198.6119528,10,0.0270680483277623,0.029059149362039575,0.9925469585675699,0.9933411188326258,-1.7004076493936313,1.6146771241814086,-0.9027049412078039
1778592198.6452816,10,0.027223174322956813,0.02915773168827598,0.9929805477028185,0.993781486370929,-1.6985765346985195,1.6120757510235173,-0.9004428308133641
1778592198.67861,10,0.02757653170602839,0.029240645141246843,0.9924140625714437,0.9932276436038052,-1.6942756315907739,1.604456607635413,-0.8972374681610873
1778592198.7119389,10,0.027586179232985106,0.029189474055852826,0.9928890210904093,0.9937009765931616,-1.6952614753497306,1.6042450002621806,-0.8975024202396674
1778592198.7452674,10,0.027612551793868633,0.029225359070193177,0.992706923362941,0.9935208152434788,-1.6944757316676962,1.6037426458258068,-0.8969955099623449
1778592198.778596,10,0.02766299856698548,0.029238401187439922,0.9928913009059045,0.9937068285004054,-1.694148567281251,1.602771959618134,-0.8963512839946632
1778592198.8119245,10,0.027651173290444038,0.02912647195146761,0.9926634220975297,0.9934755197401978,-1.6951460939898313,1.6025317271354436,-0.898034898030755
1778592198.8452532,10,0.022408652248017226,0.028680636857734688,0.9893394767899472,0.9900087509518005,1.6145759311424528,-1.5788409754996982,-0.8755411041034263
1778592198.878582,10,0.027790633765588456,0.0290951984879209,0.9926587461838524,0.9934738226422689,-1.6943851969086148,1.5993406000813735,-0.8973663068226491
1778592198.9119108,10,0.027804216855247425,0.029099673268274465,0.9925153646699555,0.9933310699687132,-1.6940186266200696,1.599227913345906,-0.8976720546457335
1778592198.9452398,10,0.027838699406078565,0.029008555896215607,0.9922032899235905,0.9930175517255486,-1.6943193316394476,1.5981357155112834,-0.8989922686097799
1778592198.9785678,10,0.022623972176451863,0.028558013535524247,0.9893372144625171,0.9900078424813555,1.6142924980671383,-1.5741243371324267,-0.8774403652559647
1778592199.0118964,10,0.027593396875728645,0.029033039391143444,0.9927048270729958,0.9935125498057162,-1.691957806508063,1.5905307307054002,-0.8981312043447557
1778592199.0452251,10,0.02764075802723417,0.02902443465634017,0.9929738039691004,0.9937823728967553,-1.6918722986233394,1.5900037295811982,-0.8984128743210533
1778592199.078554,10,0.02812053516224634,0.02875589220371183,0.9968591984218059,0.9976702497881793,-1.6923390680858086,1.5982002183409225,-0.8940104871454159
1778592199.1118822,10,0.02814576811655058,0.02878493186971958,0.9972375116607877,0.9980498039822535,-1.6920986151342823,1.598532026670964,-0.894195735859465
1778592199.145211,10,0.028157592732708372,0.028818582299912226,0.9976279740757875,0.9984412528400647,-1.6920635522251406,1.5986472379049494,-0.893562765668969
1778592199.1785398,10,0.028122883688611943,0.028832174268773027,0.9976982827340695,0.9985109184333135,-1.6923250318843164,1.5992484477223001,-0.8932119527520289
1778592199.2118683,10,0.02815670223329596,0.028763009405338068,0.9972459449097179,0.9980579067516985,-1.6922677500030097,1.5981561246870544,-0.8942969309243567
1778592199.2451973,10,0.02826577342870863,0.029163287314544404,1.001453065486983,1.002276256152858,-1.698006272592323,1.5987566088031815,-0.8980270727587555
1778592199.2451973,17,-4.219772218694481,3.2786270624488933,9.749941530038578,11.118328688766987,-1.9972246389288255,-1.282534087711498,1.0808863112943385
1778592199.2785256,10,0.02818364637725694,0.028778392038366334,0.9975092332364008,0.998322184549309,-1.6920884868992883,1.5981288744029065,-0.8943646353189126
1778592199.3118544,10,0.028282341519650596,0.02919813592414564,1.0019979481807828,1.0028221727413977,-1.698084631182928,1.5988818176468713,-0.897326664509981
1778592199.345183,10,0.02814189943991993,0.028698057873701752,0.997630733814309,0.9984400963907076,-1.693472057399143,1.5984159559076452,-0.8949995061497648
1778592199.3785114,10,0.028184355883035417,0.028726480516948358,0.9978559585740437,0.9986671530901354,-1.6929768028955683,1.5981619201235564,-0.8949432015513744
1778592199.4118402,10,0.028189150608526285,0.028764486593636868,0.9980088712111378,0.9988211706392467,-1.6926685817243297,1.5984329669512,-0.8945977842986403
1778592199.4451687,10,0.028166369383734614,0.028733473101257297,0.9980637280614967,0.9988744476222898,-1.6932890316476528,1.5985893680931875,-0.8947199773149406
1778592199.4784975,10,0.028149322343418395,0.02872069390104921,0.9980816693803828,0.9988915263228952,-1.693570599475063,1.5989270677814171,-0.8950009482347742
1778592199.511826,10,0.02815924632974541,0.028717878575623485,0.998173978166899,0.9989839590270089,-1.6936315864421725,1.5987125858176168,-0.8948630822699681
1778592199.5451548,10,0.028173994053036732,0.0287594027415084,0.998126318089643,0.9989379480478936,-1.69301646816383,1.598596733252981,-0.8943768025549972
1778592199.5784838,10,0.028169952914120257,0.02873360593196052,0.9981760397280312,0.9989867730076174,-1.6933401084667374,1.5987264925146338,-0.8948870291624592
1778592199.611812,10,0.028185527097252812,0.02875275364962892,0.9984649610386187,0.9992764498386003,-1.693278435448862,1.5988116561615004,-0.89471428899639
1778592199.6451406,10,0.02819143217249705,0.028746529132457684,0.9979804223997841,0.9987922923603041,-1.692806247494788,1.5983060723663143,-0.894830877211898
1778592199.6784692,10,0.028175666259325938,0.028730932878619674,0.9976967168907548,0.9985079236379768,-1.6928009424453678,1.5983858782127187,-0.895188555397836
1778592199.7117982,10,0.028182904898581503,0.028757572528064868,0.9977921423997086,0.9986042427011963,-1.6925357105682453,1.598512657612818,-0.8949687221540326
1778592199.7451267,10,0.028166805910659124,0.028684510458129104,0.9980361822022239,0.9988455291386261,-1.6938127299841934,1.598198796840488,-0.89505678651314
1778592199.778455,10,0.028184878454699292,0.02870487641139077,0.997615729120189,0.9984265122137461,-1.6929227655217598,1.59801528304386,-0.8954456005709147
1778592199.8117838,10,0.028208751857851558,0.028751550240445033,0.9981490710760285,0.9989614374001357,-1.6928386055379536,1.5978904561615987,-0.8943286201067298
1778592199.8451126,10,0.028159345864494662,0.028738995868836253,0.9982356004171088,0.9990461413684409,-1.6934542290791896,1.598910539830609,-0.8947067321023655
1778592199.878441,10,0.028177133125896654,0.028736057265656582,0.9983924598809882,0.9992032905097843,-1.6934924396662812,1.5986853170830442,-0.8946864181746513
1778592199.91177,10,0.028171954006672526,0.028729165966527973,0.9980377207465922,0.9988484950195096,-1.6932941500328316,1.5983178247312093,-0.8945556136880112
1778592199.9450984,10,0.02817736770016736,0.028735115635122654,0.9979889701304356,0.9988001078409443,-1.693148812118423,1.5981577536939156,-0.8944040524297081
1778592199.978427,10,0.028165739543705572,0.02869445060976375,0.9976827084650393,0.998492597443755,-1.6933117249747796,1.5981852075712593,-0.8952910302750942
1778592200.0117557,10,0.028179521673010466,0.028711098110494597,0.9979636205189057,0.998774148882335,-1.6932728733777926,1.5983272599764955,-0.8952168582002316
1778592200.0450842,10,0.028188560046876802,0.028740034178846345,0.9982025338391854,0.9990139553805482,-1.6931594956994305,1.5983565061958382,-0.8946568125756451
1778592200.078413,10,0.028190201274112727,0.028741829026730177,0.998024540692661,0.9988362047945968,-1.692940939532303,1.5982242751710944,-0.8946946615610654
1778592200.1117415,10,0.02818810274787538,0.028715595972134286,0.9977619454243021,0.9985730090110826,-1.6929152271882726,1.5981679688775354,-0.8953849475783595
1778592200.1450703,10,0.028192174200945313,0.028722059768072062,0.9981070161199727,0.998918100262185,-1.6931908651616456,1.598261660382368,-0.8950680970389067
1778592200.1783993,10,0.02819842121512929,0.028758585665160683,0.9978730049587892,0.9986855066706284,-1.692517991095528,1.5981225493230415,-0.8946498552548785
1778592200.2117276,10,0.028176737045992734,0.028741411777240877,0.9981416159192843,0.9989527930245092,-1.6932080346894707,1.5984420710376945,-0.8945205776449701
1778592200.2450566,10,0.028187125163030728,0.028766619483470975,0.9982305674437598,0.9990426908799013,-1.692912149680315,1.598547726208394,-0.894389932818578
1778592200.2783847,10,0.02815797830361128,0.028747929592000288,0.9982342206341749,0.9990449811910832,-1.6933909546293406,1.5988923594858797,-0.8944747190945375
1778592200.3117135,10,0.02818877082309186,0.02873250636023316,0.998094773947619,0.9989060724131205,-1.693155321356648,1.598134506791055,-0.8945913396757308
1778592200.345042,10,0.02819071472772876,0.0287500561522353,0.9982746286277502,0.9990863407571386,-1.6930989590683878,1.5984500136554045,-0.8945834058332109
1778592200.3783708,10,0.0281690133540509,0.02870815504979179,0.9979998289833071,0.9988099469520784,-1.6934397201972076,1.5984976168907505,-0.8952040510650492
1778592200.4116995,10,0.028182717795910302,0.02871340389269922,0.9979207897547318,0.9987315093508249,-1.6931810175855415,1.598234911056108,-0.8951719483872499
1778592200.4450278,10,0.028190418619712075,0.028780169608506215,0.998219426811638,0.9990320424935348,-1.6926956838500982,1.598670936116074,-0.8944409325746682
1778592200.4783566,10,0.02819293550554025,0.028769601590558396,0.9979944312713389,0.9988069965897828,-1.6925553849111714,1.5984229237599075,-0.8946107577024265
1778592200.5116854,10,0.028173029944396584,0.028708606519289945,0.9976371862214837,0.9984477247389802,-1.6929984530869058,1.5982946156938977,-0.8954648722452286
1778592200.545014,10,0.02818936880045213,0.028692826330427773,0.9975415378726656,0.9983521616030883,-1.6928775854456035,1.5980536645470982,-0.89595468591218
1778592200.578343,10,0.028181415229012095,0.028779674096130428,0.9981612239986422,0.9989736187206631,-1.6927290419556245,1.5987515729652302,-0.8944064244943619
1778592200.6116712,10,0.028190869286093507,0.028785516926597157,0.9985115946540676,0.9993241394835042,-1.6929495770705447,1.598829762317534,-0.8942184547653153
1778592200.6449997,10,0.02818929750445749,0.028710984919574984,0.9979629165992898,0.9987737181445094,-1.6931978116668716,1.5981160365004006,-0.8951536011838415
1778592200.6783285,10,0.02817620489277736,0.028759717350940666,0.9984431310563662,0.9992545750797971,-1.6932768221916072,1.5989410958766956,-0.894561447214121
1778592200.711657,10,0.02818747784141096,0.02876669036919736,0.9984551078833138,0.9992670608201479,-1.693148087788685,1.5986587929971783,-0.8942766352634
1778592200.7449858,10,0.02818726886489361,0.028759936700310306,0.9982580993667067,0.9990700120793824,-1.6930046352708443,1.5985547385196721,-0.8944930619628312
1778592200.7783144,10,0.028178884794668423,0.028733961466658534,0.9981162427460634,0.9989272867047717,-1.6932271743030254,1.598411915592714,-0.894704820908458
1778592200.811643,10,0.028199122469346763,0.028759624218397867,0.9979303821174119,0.9987428868563863,-1.6925245687273065,1.5982907376512236,-0.8948424767596551
1778592200.8449717,10,0.028189453431212985,0.02878191722146804,0.9981576175278628,0.9989703066020497,-1.692645521858115,1.59856224672322,-0.8942899475891112
1778592200.8783002,10,0.028175517700319525,0.028764116496428547,0.9984125835908073,0.999224159669877,-1.6932274084224226,1.5988636205953253,-0.8943768257161507
1778592200.9116294,10,0.028173797329119395,0.028705391591158577,0.9978749004784802,0.9986851753016467,-1.693294209264725,1.598334182062481,-0.8952933783437987
1778592200.9449575,10,0.028200935783218996,0.02873140751454725,0.997809743742856,0.9986215856193977,-1.6927450764441534,1.5978122091544031,-0.8948142815877467
1778592200.9782863,10,0.028174115723248825,0.028784679046847315,0.9982121435270462,0.9990244351513518,-1.6928003784068064,1.5989049783177767,-0.8942877939890691
1778592201.0116148,10,0.028160333648660135,0.02870299126788572,0.9977839256969959,0.9985938255758626,-1.693370207363911,1.5983958954121567,-0.8951837724653786
1778592201.0449436,10,0.028177299961550904,0.028693616722887488,0.9978249274226302,0.9986350032217679,-1.6933880507426669,1.5979879557155403,-0.8951229517178054
1778592201.0782723,10,0.02815623356796499,0.028726153552824926,0.9979443099561629,0.9987546301071932,-1.693343567163461,1.5986104757302075,-0.8947675554388285
1778592201.1116006,10,0.028171899531499064,0.028713837154412357,0.9980939940295738,0.9989042803418402,-1.6934783358309864,1.598430164944749,-0.8949448171100017
1778592201.1449294,10,0.028192473514585925,0.02870986258884536,0.9975393987422706,0.9983506016504581,-1.6927206494518527,1.5978705091762886,-0.8954336215861655
1778592201.1782582,10,0.02816891416768904,0.028739503333261394,0.9978270373095504,0.9986381943242427,-1.6928933049165162,1.5986694436928166,-0.8951212299127526
1778592201.2115867,10,0.028179490904652674,0.028762229284583267,0.9982691614987872,0.9990809118087264,-1.6930428747647788,1.5987753276060235,-0.8945724551343675
1778592201.2449157,10,0.028199809162795086,0.028766990545272816,0.9984482361282165,0.9992605512124436,-1.6930020396605692,1.5985480347423686,-0.8944459057214125
1778592201.278244,10,0.028182660429189377,0.02870992690877009,0.998287234607714,0.999097555313139,-1.693554503624554,1.5986266514114897,-0.8953743613095139
1778592201.3115726,10,0.02819367198271075,0.0287172897998679,0.9981366650519186,0.9989476302561031,-1.6932788746049823,1.5981556871118612,-0.8949894584481478
1778592201.3449013,10,0.028195291283432886,0.028757333804853957,0.9983498348655978,0.9991618244680327,-1.6930612314094793,1.598444950478946,-0.8944664902511134
1778592201.3782299,10,0.028208450016548373,0.028751825865199098,0.9979599749492648,0.9987724944869357,-1.6925783387119941,1.598025245591009,-0.8947830266135475
1778592201.4115586,10,0.028180353660520328,0.028739950693733706,0.9978497987373629,0.9986612728740941,-1.6928012705017221,1.5985275196232362,-0.8951735596028
1778592201.4448872,10,0.028164853548912558,0.02868791360547724,0.9977545072361546,0.9985641251679976,-1.6934673390565784,1.598201170865776,-0.8953183044214523
1778592201.4782157,10,0.028174416238842873,0.02870809225408742,0.9978088250951115,0.9986192486273011,-1.6931874649162906,1.5983094189568388,-0.8953085129723016
1778592201.5115445,10,0.028184639945555468,0.02874753373167331,0.998190889536057,0.9990024257114188,-1.6931197206824193,1.598383458689251,-0.8944666126905157
1778592201.5448732,10,0.028181164572068467,0.028685097324357842,0.9976229044803748,0.9984330084632644,-1.6932046835683954,1.597870398319392,-0.8954701590200876
1778592201.5782022,10,0.028179182766712482,0.028729713190392015,0.9979741579981606,0.9987852035315399,-1.693113364620036,1.5983311375469587,-0.8948524310954694
1778592201.6115303,10,0.02819830692887181,0.02875266468687642,0.9979324969800167,0.9987447765916084,-1.6926172267301387,1.5982376850864284,-0.8948619197321608
1778592201.644859,10,0.02819890333726758,0.02875273517483416,0.9978703388025022,0.9986826878399762,-1.6925262026500205,1.598267902320287,-0.8950081436234315
1778592201.6781876,10,0.028180324972329023,0.028718579180489808,0.9977051324207202,0.9985161084150516,-1.692897559744222,1.598262630574561,-0.8953401298788604
1778592201.7115164,10,0.02818325524827442,0.028748681812255063,0.9982519148641968,0.9990633954421348,-1.6931445874416138,1.5986019088450516,-0.8946751402645973
1778592201.7448452,10,0.02818466911042077,0.028779096863852428,0.998174486700636,0.9989869458052197,-1.6927108405274338,1.598737886156542,-0.894468083552988
1778592201.7781734,10,0.028190368821129883,0.028759452939735225,0.9979584624263076,0.998770692279236,-1.692671712364137,1.59830712601027,-0.8945913390303858
1778592201.8115022,10,0.028174669080313224,0.028751211388783837,0.9982858444573969,0.9990971281002291,-1.6932176146697857,1.5988270616613254,-0.8947044735607902
1778592201.844831,10,0.02818819159909925,0.02874112671798094,0.9982346499279616,0.999046066419085,-1.6932475282959512,1.5981423362382636,-0.8942401682332998
1778592201.8781595,10,0.028181174654686246,0.02873857151798967,0.9980231513307152,0.9988344681126619,-1.693039560839762,1.598419311759481,-0.8948184317564872
1778592201.9114885,10,0.028207905195351355,0.02874260030737898,0.9979491471634427,0.9987613945844034,-1.6926625697812825,1.5980137297596295,-0.8949358548438261
1778592201.9448168,10,0.02818566998634001,0.028736979553524965,0.9981700661863482,0.9989813446791173,-1.6931784926929234,1.5983921489346393,-0.8947338020677931
1778592201.9781454,10,0.028196367762122723,0.02873548986974979,0.9980915923062599,0.9989031935905885,-1.69303457668915,1.5980880614699273,-0.8946768354315104
1778592202.0114741,10,0.028178217167100502,0.02881876354765117,0.9987188560860095,0.999531833688592,-1.692961734795029,1.5991827774127254,-0.8935350255290995
1778592202.0448027,10,0.028183645918795394,0.02871845893449615,0.9979930188263556,0.9988038513176604,-1.6931756171312005,1.5983600930001785,-0.8952076014264787
1778592202.0781314,10,0.028220710802234417,0.02874748434682444,0.9980246503882186,0.9988373386878268,-1.692563763450324,1.5979113854106703,-0.8949362998824363
1778592202.11146,10,0.028183668250270372,0.0287351090499372,0.9978401155425957,0.99865155176078,-1.6928388852819352,1.598342817451721,-0.8950735391903928
1778592202.1447885,10,0.02817650460104764,0.0287147767815611,0.998077411230152,0.9988878678936038,-1.6933951735701702,1.5984041135305629,-0.8950357642116827
1778592202.1781173,10,0.028194988879266508,0.028710100164541952,0.9981431091781842,0.9989538996616673,-1.6933694011207048,1.598029675530165,-0.8949497174973957
1778592202.2114458,10,0.028186067714249703,0.028741856329351775,0.9977822771428185,0.99859402226268,-1.6927057377061403,1.5982192172594543,-0.8948937726775226
1778592202.2447748,10,0.028177428716926953,0.028730731000468777,0.9980158852401515,0.9988268766831427,-1.693134762127366,1.598496116532626,-0.8949931003862502
1778592202.278103,10,0.02818700840939099,0.028731770845892825,0.9981369101456506,0.9989481035039401,-1.6932213585382634,1.5981924016448592,-0.8945925071500808
1778592202.311432,10,0.028169630364811626,0.028718434703765287,0.9979072121440107,0.9987177181845509,-1.6932379487283251,1.5984402489738858,-0.895060969270244
1778592202.3447607,10,0.02817671016917759,0.028723592124589078,0.9979893254500991,0.9988001128618486,-1.6932283328318067,1.598307072078234,-0.8948391206997124
1778592202.3780892,10,0.028182485921576933,0.028789796567877814,0.9984092885101842,0.9992218033462601,-1.692917255473976,1.598751094076488,-0.8939158628963739
1778592202.411418,10,0.02819739073317402,0.028772939676506525,0.9982845895834552,0.9990971407734058,-1.6928258173302453,1.5983740452697592,-0.8942073943776341
1778592202.4447463,10,0.02819094477305929,0.028721334600242898,0.9980327534096449,0.998843842303117,-1.6931354143073356,1.5982202438576063,-0.895080106064566
1778592202.478075,10,0.028181121164694813,0.028728231943877327,0.997729393996726,0.9985406504223023,-1.6928409587156672,1.598201234106509,-0.8950519462024065
1778592202.5114038,10,0.02816686184837102,0.02871861148914164,0.9976610085636195,0.9984716414402705,-1.692978428028674,1.5984347324046386,-0.8952992803332204
1778592202.5447323,10,0.028198664662019934,0.0287406362269495,0.9982812301908727,0.9990928902814058,-1.693129154008146,1.598299183131033,-0.8947298192778604
1778592202.5780613,10,0.028170580826069283,0.028683036006149843,0.9977827515598222,0.9985923680305683,-1.6934565765915621,1.598258121378563,-0.8956219401698998
1778592202.6113896,10,0.028207219439090978,0.02874176002250956,0.9980256760678933,0.9988378177103888,-1.692752266253095,1.598088580748159,-0.894950286274698
1778592202.6447184,10,0.028178957723296365,0.028826770907197864,0.9988346815900058,0.9996478167466358,-1.692968882156887,1.5993659512229619,-0.8935452129253997
1778592202.678047,10,0.028187774641108797,0.028718769855919205,0.9978456091443622,0.9986566867897788,-1.6930293314137894,1.5980162097440935,-0.8949626835359067
1778592202.7113757,10,0.028198004286478263,0.028764696238562305,0.9984749077014635,0.9992870841279212,-1.6930632078247556,1.5986124272878668,-0.8945060820716941
1778592202.7447042,10,0.028209521427946832,0.0287398437958902,0.9983081675461338,0.9991200894336604,-1.6930826300072135,1.5980748688871709,-0.8946512022361293
1778592202.7780328,10,0.028178786107101107,0.028777608911955823,0.9985536698778779,0.9993656119697821,-1.693162179341655,1.5991148571831395,-0.8944304727987124
1778592202.8113613,10,0.028187794926757707,0.028729797184749273,0.9978486397560691,0.9986600326898775,-1.692863074840166,1.598270750667932,-0.8951606549923761
1778592202.84469,10,0.028189957282726903,0.028740065996865297,0.9981098935143897,0.9989214306522873,-1.6930385625905495,1.598320781197943,-0.8947614356480664
1778592202.8780186,10,0.02818817882749143,0.028778619964405384,0.9983169455010779,0.9991293740388522,-1.6928168724370862,1.5988285020762336,-0.8945298489451515
1778592202.9113476,10,0.0282070152613402,0.02881095721147411,0.9985160534718119,0.9993297834080186,-1.6925303889339856,1.598714084951779,-0.8940019889148031
1778592202.944676,10,0.02820226675787616,0.028728319541718204,0.9983326031352832,0.9991439689438376,-1.6932652802686439,1.5982763860752622,-0.8949547140627471
1778592202.9780047,10,0.028195794285900404,0.028740381735945966,0.9983104473977416,0.9991219954245926,-1.6931311903647983,1.5985863468234796,-0.8950758740122291
1778592203.0113335,10,0.02819947898868152,0.02875822424684083,0.9984069285079296,0.9992190155164696,-1.693059314401228,1.5984708711512896,-0.8945317222011436
1778592203.0446618,10,0.028172949595414897,0.0287595295055982,0.9984850758547168,0.999296388630965,-1.6934081042578557,1.5987997308780948,-0.8941916539349805
1778592203.0779908,10,0.028190015506288312,0.028701665863025253,0.9978635604343664,0.998674195040759,-1.6931781621553832,1.5980331395220648,-0.895347043198462
1778592203.111319,10,0.028188255547305315,0.02875606094119113,0.9981575126169775,0.9989694233485654,-1.6928869740818284,1.5986342507534599,-0.8948541409531755
1778592203.1446478,10,0.02818615830934918,0.028737377532613077,0.997994292350356,0.9988057388459377,-1.6930084004041308,1.5981924296116732,-0.8946546401975787
1778592203.1779764,10,0.02820157335271073,0.0287287327606348,0.9980945790385181,0.9989061304905866,-1.6930434268476906,1.598047281577828,-0.8948782958610529
1778592203.2113051,10,0.028177442188668276,0.02871547252075775,0.9980980541220938,0.998908540484411,-1.6934074990938601,1.5983787474995999,-0.894980717508294
1778592203.2446342,10,0.02817553490716301,0.028737845784905746,0.99773944616179,0.9985508134165718,-1.6927437117579869,1.5985610657548808,-0.8952791306915036
1778592203.2779624,10,0.028186789540871726,0.028753392996872986,0.9982080740914558,0.9990198255764634,-1.6930400567247497,1.5984478462498601,-0.8944973181951263
1778592203.311291,10,0.0281769658422377,0.02874898508418309,0.9979683140257409,0.9987798562980859,-1.692952656907088,1.598335663869614,-0.894446540932782
1778592203.34462,10,0.028167844478748885,0.028742130977861328,0.9982143230249857,0.9990252110171985,-1.693343433270198,1.5986878737173407,-0.8945564339499961
1778592203.3779483,10,0.02818094737420158,0.028723183965674637,0.9980639401226085,0.9988747747666368,-1.6932168419987652,1.598497145897748,-0.8951693638895103
1778592203.411277,10,0.028205400224512147,0.02876402847365044,0.9980086127141047,0.9988213578950891,-1.6925399715078138,1.598110938719067,-0.8945431348738678
1778592203.4446056,10,0.02819086488112724,0.028775489046236724,0.9980500228945793,0.9988626541384288,-1.6926054573691487,1.5983782570174365,-0.8942980380588237
1778592203.4779344,10,0.02819831951044186,0.028761483702875523,0.9980797264233661,0.9988921405563991,-1.6926502571161082,1.598473208455422,-0.8948786081758872
1778592203.511263,10,0.02818171657291009,0.0287335047401334,0.9980290319773287,0.9988402135042677,-1.693155740106315,1.5981528432634227,-0.8944936704079243
1778592203.544592,10,0.028196302679040015,0.028782732942380637,0.9980380919837685,0.9988510951343056,-1.6924314200870898,1.598453515038635,-0.8944503563109802
1778592203.5779202,10,0.028201073646957703,0.02875133002596705,0.9979705394076882,0.9987828277752754,-1.6926800502375483,1.5980774299417424,-0.894656728077593
1778592203.6112487,10,0.02816602582529622,0.02868934997167893,0.997834789672646,0.9986444168439748,-1.693492439455396,1.5983651730113855,-0.8954795856422232
1778592203.6445775,10,0.028199061866348445,0.028731114568921585,0.9978460396306932,0.9986577906576274,-1.6927602810272893,1.5980294047020343,-0.8950666349210584
1778592203.677906,10,0.02818709911840363,0.028757293898130087,0.9981136014439292,0.998925550727593,-1.6929173213923265,1.598324323891101,-0.8943614656383413
1778592203.7112348,10,0.0281893772707831,0.028753481366007916,0.9978909464851422,0.998703031315412,-1.692668928155592,1.598272825956071,-0.89471013101675
1778592203.7445636,10,0.028187104687782447,0.028680817691930476,0.9977143384277315,0.9985244129606665,-1.6932864209510092,1.5978304341677552,-0.8955293687821114
1778592203.7778919,10,0.028170261600367015,0.028683893083523426,0.997762689553824,0.9985723379038399,-1.693421421588577,1.598285936080977,-0.8956682500084693
1778592203.8112204,10,0.02819548997849922,0.028730887286781037,0.9979360319993489,0.998747602501262,-1.6929195584237364,1.5980229713127787,-0.8948415057966401
1778592203.8445492,10,0.028189938587566375,0.028768053662948836,0.9984910940690245,0.999303126425752,-1.6931196657324183,1.598761528182432,-0.8944363401637547
1778592203.877878,10,0.028159795073683533,0.028725062268740522,0.9981005891844323,0.9989108515734754,-1.6934507500809066,1.5987809254081764,-0.8949515727040528
1778592203.911207,10,0.028182365951455464,0.028750737526163212,0.9983061270497063,0.9991175976650118,-1.693228529658021,1.5984984656530459,-0.8943739750475314
1778592203.9445353,10,0.028191346724183258,0.028762616447917364,0.9982896196893909,0.9991016989849641,-1.692994661337194,1.5984316474952127,-0.8943173032808276
1778592203.9778638,10,0.028177887500816085,0.02874923525856346,0.9982412492159719,0.9990526029735497,-1.6931693193849593,1.5987126310223092,-0.8947070496901993
1778592204.0111926,10,0.028203224408388534,0.02871166611931786,0.9978378299597077,0.998649145865091,-1.6929642505036657,1.597697670036002,-0.8950251872571628
1778592204.044521,10,0.02820332449067832,0.02876022351997449,0.9984331699762506,0.9992454017297603,-1.693057782008026,1.598326973249434,-0.8943357146001967
1778592204.0778499,10,0.028186941558862984,0.02875720799656636,0.9984514237966426,0.9992630916669261,-1.6932302179166494,1.5986985323731466,-0.8945072475216795
1778592204.1111784,10,0.02819493894557312,0.02876298762972635,0.998105505905544,0.9989178469516371,-1.6927270429180943,1.5984137946444341,-0.8946272324879089
1778592204.144507,10,0.02817962518903638,0.02873735382520798,0.9981875911536343,0.9989986956516834,-1.6932292812779444,1.5985748672975009,-0.8948279400047231
1778592204.1778357,10,0.028195684779254545,0.028753142355255598,0.9978955064520459,0.9987077558688818,-1.6926428379107565,1.5980829787077548,-0.8945820724938593
1778592204.2111645,10,0.02819705937661433,0.028735888971904197,0.9983197411413418,0.9991311880954421,-1.6932696166570307,1.598189391719384,-0.8945462901108242
1778592204.2444932,10,0.028193025552264835,0.02872174362270489,0.9980223037412368,0.9988334716115017,-1.693106011935891,1.598163457619854,-0.8950533495029672
1778592204.2778215,10,0.028190201227657245,0.028772297667013464,0.9981981203323109,0.9990105204617485,-1.6927396387829883,1.5987009191818424,-0.8946580449710011
1778592204.3111503,10,0.028193940063046454,0.028790908847887275,0.9986096746684919,0.9994223816935847,-1.6930090714223216,1.5986987516019076,-0.8938622449446796
1778592204.3444788,10,0.02817627157863488,0.028753660644405227,0.9981570462162054,0.9989685501513982,-1.6930951438262487,1.5985275963428252,-0.8943955618847133
1778592204.3778076,10,0.028196311228577044,0.028705331522474713,0.9979008849074122,0.9987117722965472,-1.693115636422383,1.5979915822111088,-0.895337435975173
1778592204.4111362,10,0.028179694603283373,0.028766700736352447,0.998267253055636,0.999079139399094,-1.6930232541794938,1.5986673182333124,-0.8943243016576432
1778592204.4444647,10,0.028192560271162216,0.02876930928921651,0.9979926565389499,0.998805204290252,-1.69257133384208,1.5983825904512514,-0.8945436542814044
1778592204.4777932,10,0.0281911869400819,0.02875775799745793,0.9981984812972665,0.9990104903004273,-1.6929560005792548,1.5983426963945089,-0.8943826457113393
1778592204.511122,10,0.028205638620958495,0.0287292665517006,0.9977698533420596,0.9985817988752097,-1.6926382447893311,1.5978770452173578,-0.8951415250991611
1778592204.544451,10,0.028182140399366108,0.028747180676157093,0.9977799689967268,0.998591758410526,-1.6926875941335993,1.598286039279219,-0.894795330670417
1778592204.5777793,10,0.02817481119522857,0.02872181792762769,0.9979693301840332,0.9987800292351277,-1.6932530434872444,1.5982805968566882,-0.8948036960251406
1778592204.611108,10,0.02819088595779567,0.02877219737082035,0.9980169202950593,0.998829484240361,-1.6926155244188508,1.598304132595725,-0.8942855299712377
1778592204.6444366,10,0.028165921906174528,0.02870331461012999,0.997910844147919,0.9987208079811118,-1.6933932627522497,1.5985992214523932,-0.8954894351287098
1778592204.6777654,10,0.028187413045824446,0.02875463103970265,0.9982455992957987,0.9990573735145913,-1.6930195109732609,1.5986262984277435,-0.8947273034108887
1778592204.711094,10,0.028194021335367546,0.028763682267654862,0.9982658427646252,0.9990780475454463,-1.6929018498288455,1.5985050566401602,-0.8945211346791752
1778592204.7444227,10,0.028177989256314748,0.028803672007269618,0.9986659611533015,0.999478540322842,-1.69306886216024,1.5990846339320546,-0.8937235298182958
1778592204.7777512,10,0.028222968031687095,0.028750810169337174,0.9979385650731819,0.9987514829376887,-1.692405986912913,1.5978845300629616,-0.8950086872256866
1778592204.8110797,10,0.028182567837242045,0.028734846685307857,0.9980589920083689,0.9988702118256857,-1.6931211714340242,1.5983342078568188,-0.8947426633170502
1778592204.8444085,10,0.02818548714787877,0.028746695786069063,0.9982357193401359,0.9990472188895271,-1.6931610127549992,1.598419518599019,-0.8945037282302045
1778592204.8777373,10,0.028192901832540352,0.028811002152499793,0.9988058133078924,0.9996189105136072,-1.692983932363565,1.5990308162732318,-0.893728823571645
1778592204.911066,10,0.028191097584659017,0.02875379122959339,0.9983536231831917,0.9991653894206449,-1.6931145085226418,1.5986024994931398,-0.8946632917586743
1778592204.9443944,10,0.02820741201615557,0.028803059900001492,0.9989549196844546,0.9997680760626573,-1.6930760426334206,1.598913163433086,-0.8938929471566277
1778592204.9777231,10,0.028167489116671045,0.02881763546564887,0.9991240595182204,0.9999363729083652,-1.6934502169493768,1.5997783796022516,-0.8936710072923576
1778592205.012496,10,0.02820081405911934,0.0287244857977551,0.9980989833252868,0.9989103876288972,-1.69307474850155,1.5981411370853356,-0.8950808042425058
1778592205.0458245,10,0.028168459409787166,0.02869684996106661,0.9980895064624404,0.998899211238875,-1.6936575506103888,1.5985132794031807,-0.8953051976858183
1778592205.0791533,10,0.02819018851159444,0.028736500487104282,0.9984502990251473,0.9992614636880432,-1.693464598544377,1.5983731311026939,-0.8944636820252063
1778592205.1124818,10,0.028198079151196934,0.02873952223625439,0.9982343479972148,0.9990459976035186,-1.6931352616666375,1.5981269695209028,-0.8945209658554617
1778592205.1458104,10,0.028175222310793942,0.028751798608341983,0.9977106646048708,0.9985224480910634,-1.692605658894346,1.59846780103872,-0.8948996293221282
1778592205.1791391,10,0.028175788457105812,0.028752501599451242,0.9978329533170193,0.9986446736095731,-1.692746963167764,1.5984348401229937,-0.8946870695062884
1778592205.212468,10,0.028184895406331643,0.028779201288540456,0.9980130325111671,0.9988256323393028,-1.6925365298954154,1.598645559172034,-0.8945396454594446
1778592205.245797,10,0.02821080437167391,0.028770053246328076,0.9981391442630574,0.9989521093412246,-1.692559807435919,1.5981437679168033,-0.8944595609901801
1778592205.2791252,10,0.028189520399943574,0.02874138700899758,0.9979606479498104,0.9987723320376798,-1.6929196833933624,1.5980598375537662,-0.8945060562815583
1778592205.3124537,10,0.028195911651745446,0.028725834974172113,0.997882870143237,0.9986943504166531,-1.6929395694542593,1.5978608244922488,-0.894758865239591
1778592205.3457825,10,0.02818459200202107,0.028785515717354694,0.9979396300902178,0.9987524630487953,-1.6924255405790525,1.5985177377721067,-0.8943068879066127
1778592205.379111,10,0.028191144350734918,0.02878135588087496,0.9983438166973815,0.9991563858596112,-1.6928773839766469,1.598462879741203,-0.8939399042809031
1778592205.4124398,10,0.028166639905790852,0.028706174975312387,0.9978572579618752,0.9986673677218497,-1.6933480009964545,1.5983829378571333,-0.8951813258618996
1778592205.4457684,10,0.02817630912065107,0.028732954106721015,0.9977990650004813,0.9986102648997737,-1.69284282916276,1.5985938842456535,-0.895365133374331
1778592205.479097,10,0.028199517005382948,0.02875079916429257,0.9979877863007102,0.9988000014103496,-1.6927174542233774,1.598112240592377,-0.894656072748888
1778592205.5124257,10,0.028200721560320482,0.028806567225621554,0.9985156475692016,0.9993290736551144,-1.6926177365849868,1.598859095196653,-0.8941416056934859
1778592205.5457544,10,0.028171935026465058,0.028746238158986998,0.997849197837922,0.9986606159037279,-1.6928531460086371,1.598526330457468,-0.8948214027442801
1778592205.579083,10,0.02819999054535868,0.028736243953577028,0.9978972572627737,0.9987091404587645,-1.6927398036264947,1.5981121368756674,-0.8950609384698055
1778592205.6124115,10,0.02817713633442102,0.028832402495925606,0.9984059770477196,0.9992195721913714,-1.692450244368334,1.5992663261619684,-0.8938020056885673
1778592205.6457403,10,0.02817428834026368,0.02878383186528493,0.9980021022377495,0.9988145451340287,-1.6925986211724378,1.5987296765802161,-0.8943076544483192
1778592205.6790688,10,0.028196627534329496,0.02873435936032733,0.9976497023858952,0.9984616376620703,-1.6925134870263716,1.5980780111088322,-0.8952772301740799
1778592205.7123973,10,0.028180908014780345,0.02873707566045875,0.998111574434125,0.9989227688432276,-1.693140283960761,1.5985096371370828,-0.8948656777055048
1778592205.745726,10,0.028204103333846153,0.028775392761831838,0.9983401691219573,0.9991529352185892,-1.6928299313240247,1.5981806906085265,-0.8939643984363521
1778592205.7790565,10,0.028176824530026016,0.0287809622710767,0.9986037935975454,0.9994157362265484,-1.6932176324427792,1.5991109783918471,-0.8942401386008304
1778592205.8123832,10,0.028182227019225403,0.028797416952146066,0.998631187714164,0.9994437343934278,-1.693022763295538,1.599114022740277,-0.8940518428525535
1778592205.845712,10,0.028208731587629546,0.02878169371976674,0.9982216707125685,0.9990348453939697,-1.6925123561522215,1.5983939753355139,-0.894475380931358
1778592205.8790407,10,0.028212947718974434,0.02873944034395153,0.9976326709136057,0.9984452273031765,-1.6923091179503655,1.597766388932885,-0.8951604062198898
1778592205.9123695,10,0.02819123323554825,0.028729104878501128,0.9975099949908175,0.9983217403247521,-1.6925092860380933,1.5979133151141862,-0.8951480519058823
1778592205.9456978,10,0.028183223457782635,0.028718532986921747,0.9976521604019233,0.9984632599029456,-1.6927953402172535,1.5982645808329963,-0.8954949162663296
1778592205.9790266,10,0.02820893315497796,0.02881506535171846,0.9984283230372669,0.9992422970150808,-1.692342349238355,1.5987869373546952,-0.8942124345998482
1778592206.012355,10,0.02817576365070027,0.028806542323037268,0.9988129528668297,0.999625432525836,-1.6931714089463008,1.5993854629929907,-0.8938940536344243
1778592206.0456839,10,0.028198508173477126,0.028737210241401138,0.9983596730224991,0.9991711664340897,-1.693275257942689,1.5982309330219142,-0.8945751932235415
1778592206.0790124,10,0.028199864529669168,0.02876926594622248,0.9982301730554988,0.999042732529989,-1.6927263638985508,1.5985149939143606,-0.8946429664615118
1778592206.1123412,10,0.02819535382312912,0.028787838395268255,0.9985639122459433,0.9993766079194607,-1.6928458249557756,1.599165400695604,-0.8947681373281873
1778592206.1456697,10,0.02819415629946134,0.0287970726133799,0.998474757582485,0.9992877580406662,-1.6927257097002717,1.5989356656753322,-0.8943132269511237
1778592206.1789985,10,0.028223876461198717,0.028757556766036755,0.9988319758684701,0.9996443869151473,-1.6932142654336289,1.5986239859043823,-0.8949013534389416
1778592206.212327,10,0.028209047094394743,0.028798952110674396,0.9989594956891817,0.9997725761433102,-1.6930693463017341,1.5990295534764873,-0.8941960276703287
1778592206.2456563,10,0.02820080802037404,0.028728416106633754,0.9982475233107936,0.999058919814608,-1.693149013590364,1.5984031034250585,-0.8952289098656745
1778592206.2789843,10,0.028203419861172502,0.028595036503282406,0.9982782234175954,0.9990858423350218,-1.6945001250813285,1.5980505830305307,-0.8971865598576647
1778592206.312313,10,0.02310504300770727,0.027390605618017632,1.004732172731647,1.0053709898393557,1.626481446312086,-1.57831462373761,-0.8792168926475377
1778592206.3456414,10,0.028276591112276855,0.023872676818139857,1.0239945202015455,1.0246629922594976,-1.6830818037005904,1.6484747744828667,-0.8736058345910449
1778592206.3789701,10,0.02024106521221283,0.01668718195114844,1.0099452140763534,1.010285849746559,1.6088839649328521,-1.5973378988839624,-0.8976733734553292
1778592206.412299,10,0.01899224958769053,0.004541185024905778,1.0397827397774368,1.039966092641921,1.6500891451830082,-1.5927256205525036,-0.895814337623476
1778592206.4456277,10,0.017085065820684663,-0.012492908659091025,1.0557361381301476,1.0559482778975584,1.6556816008751292,-1.5985334209686106,-0.8928158374322752
1778592206.4789565,10,0.01629140027429026,-0.03128237386375851,1.0060789055345447,1.0066969557910843,1.6346171015217843,-1.5589029061185014,-0.9552115912952464
1778592206.5122848,10,0.015477517332377646,-0.057969253594416625,1.0431139367063575,1.044838108443649,1.707964266717303,-1.5578614640431416,-1.0063681792859718
1778592206.5456138,10,0.014640428919210918,-0.08082095445565445,1.0520063399793245,1.055207898091535,1.7173292531069737,-1.5431113693672465,-1.0243736054492352
1778592206.5789423,10,0.012695025476741067,-0.10287342387029684,1.0513029956510656,1.056400536574815,1.72920693156934,-1.5395865923046015,-1.0378997119804159
1778592206.612271,10,0.017183393035609406,-0.12830000551309265,1.0816971469028152,1.0894149246400868,-1.5855642837650834,1.5999536703742787,-0.7902077187991297
1778592206.6455996,10,0.01166674977343432,-0.15119380669658955,1.1140883347472879,1.1243613733376234,1.757969213610231,-1.5293487673792872,-1.050741906605055
1778592206.678928,10,0.011185188503685509,-0.1784906031373628,1.1566930039143075,1.1704369735934126,1.7737165684002631,-1.5452802964168202,-1.047319529351714
1778592206.7122567,10,0.010122659005388236,-0.20321903218325732,1.2004650588586072,1.2175864654336621,1.7939327970832588,-1.5492041175396964,-1.0357659044917373
1778592206.7455854,10,0.015555825694300602,-0.2280665246030149,1.2431615738093187,1.264004359942477,-1.5720888643649036,1.6673965551584278,-0.6578393258411286
1778592206.778914,10,0.009794804136983123,-0.23587140863313527,1.228478305740892,1.2509557175514543,1.8104871771949869,-1.551761042758946,-1.0565396513435346
1778592206.8122425,10,0.009551389975551878,-0.24874776257744136,1.2463731083819065,1.2709888291150806,1.8182942914466336,-1.554920188676397,-1.0710536676755658
1778592206.8455713,10,0.008799222456962495,-0.25968974524892924,1.270959550023252,1.297248768701905,1.8176797472780635,-1.5512879830586568,-1.0673169421685262
1778592206.8788998,10,0.008685343376122511,-0.2626449854224793,1.2785320759504555,1.3052593967450747,1.8214253543599077,-1.5473275740981347,-1.0723392329709427
1778592206.9122288,10,0.014235524780957328,-0.2706565696332047,1.3131411570971478,1.340819647571529,-1.5545110649388378,1.6698016574207848,-0.6457490603171977
1778592206.945557,10,0.013090463329016522,-0.26968353488270297,1.3315587649291827,1.358657172975114,-1.5675045553112894,1.631856670291566,-0.687062769187108
1778592206.9788857,10,0.009943416513031387,-0.2634696762813082,1.3262596100887658,1.352212888270384,1.791483387024485,-1.5422286364478337,-1.090816291475452
1778592207.0122144,10,0.009583390782539265,-0.2588554273116665,1.3353842974779178,1.3602754116641924,1.777163078224365,-1.5363124039381226,-1.0996803712045995
1778592207.045543,10,0.010109622675991437,-0.2557838528579643,1.366599500256607,1.3903674974463132,1.7790107599953837,-1.546448263361067,-1.0749062769932665
1778592207.0788717,10,0.012091070975157044,-0.25877558866996925,1.4209520728232796,1.4443738409946332,1.7925845031297876,-1.5669603187648202,-1.0542278219101064
1778592207.1122005,10,0.011351266312814494,-0.24447881135882513,1.4231770286066732,1.4440677252830103,1.7857391390685435,-1.5563649267439847,-1.045013657397815
1778592207.1455288,10,0.015898511488737586,-0.23348619666885542,1.4354694388542457,1.4544212170437312,-1.5640887444827942,1.6100117381465853,-0.729067139027808
1778592207.1788576,10,0.013532851253138337,-0.2265972737313907,1.4542406040766978,1.4718509425450992,1.7559121744259125,-1.5727175176620243,-1.0382753998194236
1778592207.2121863,10,0.017436463995399085,-0.21027042809479612,1.4591293007599584,1.4743052599594417,-1.5781701913897748,1.6041807262451964,-0.7708672541861619
1778592207.2455149,10,0.018148604667351874,-0.19962978198549813,1.459940295363201,1.4736373664277587,-1.5509449058487805,1.636121410999988,-0.7535993132554348
1778592207.2788436,10,0.01870717279925914,-0.18999579551498613,1.4997559024295146,1.5118585011500518,-1.6011818153513138,1.6503863388657765,-0.7620352711963471
1778592207.3121722,10,0.018466430595692803,-0.17275256073372283,1.482222275807932,1.4923697032572891,-1.5907821558708937,1.6372069342567386,-0.7765641756640539
1778592207.3455007,10,0.01838991411795854,-0.16168962064831138,1.4989307112437986,1.5077383723565905,-1.6027944390147968,1.634965310124271,-0.7828590380567695
1778592207.3788295,10,0.016994239663248055,-0.1483224992881975,1.5037016118335966,1.511094605048865,-1.6004288870761483,1.6245789477771129,-0.7825928668800746
1778592207.4121583,10,0.012429529026376014,-0.13901740893597958,1.5439462724309208,1.5502420537878676,1.7231737683710033,-1.5857257301707253,-0.9619299036256157
1778592207.4454868,10,0.01583353360360642,-0.12291781959404506,1.4873994249465956,1.492553697691173,-1.572851024732052,1.5914890022187782,-0.8302716399870098
1778592207.4788153,10,0.014371928938752321,-0.11374550504034212,1.5040470571049394,1.5084104687532276,-1.5657465401020147,1.6286610834091015,-0.8305800283710646
1778592207.512144,10,0.010006301174860798,-0.10636108706740273,1.5341739147552136,1.5378889451519895,1.6898898905523092,-1.599983638598735,-0.9445674732725469
1778592207.5454729,10,0.013699808439288585,-0.093321889881259,1.4955175849365119,1.498489074613699,-1.5930082093028215,1.6114155732643782,-0.8108934257575672
1778592207.5788012,10,0.012181924671575323,-0.08529641015493263,1.5329030049472774,1.535322604357278,-1.6410272657643175,1.6358814382236018,-0.8081255666798367
1778592207.61213,10,0.010467140831955992,-0.07673517726508153,1.5131780567457063,1.5151586319207013,-1.6388233849711256,1.6206481008029343,-0.8239074605226987
1778592207.6454587,10,0.00995440751953441,-0.07055941801682446,1.5064751430682293,1.5081595003123442,-1.6256741739682095,1.622155169880803,-0.8193370075128482
1778592207.6787872,10,0.005849933402651134,-0.06875281087890307,1.544731816823621,1.5462721483075903,1.7009374641279749,-1.616016194192441,-0.9127844070079393
1778592207.7121158,10,0.009909576329701821,-0.06170592140145238,1.508149025209716,1.5094433751154936,-1.641060683178397,1.6183339250023372,-0.8324935892143309
1778592207.7454445,10,0.005754190709493121,-0.060198578170453605,1.5304110853872506,1.5316053897138937,1.697538868598161,-1.6098244609859496,-0.9166686176106548
1778592207.778773,10,0.011353727771886982,-0.05473434770552356,1.5150458224530101,1.5160767131268078,-1.6563234013936137,1.6316707087051554,-0.8420007097926828
1778592207.8121016,10,0.007827639334048543,-0.05418629141203006,1.5494878741870883,1.5504548037164307,1.692956716978671,-1.6499508156968772,-0.882317380918632
1778592207.8454304,10,0.01272327487330523,-0.048276468410707055,1.4912434768031775,1.4920789544235722,-1.6207257383459106,1.6209953544697573,-0.8363459675744339
1778592207.8787591,10,0.013687515044834522,-0.046634004797375644,1.521049415877724,1.521825681217632,-1.6376772870128409,1.622101403390586,-0.8335931280477646
1778592207.9120877,10,0.010083676650081285,-0.041533321600763576,1.4751546387444248,1.475773663387164,1.6175756518355575,-1.5831217781205138,-0.9422112850263427
1778592207.9454162,10,0.01455689042938456,-0.03915597515779328,1.4781111174961659,1.4787013116634795,-1.5994827604339652,1.5806864487781964,-0.8983961750075876
1778592207.9787452,10,0.011662524682538495,-0.03440950738651867,1.495138448223203,1.4955798233580986,1.6402124262236357,-1.5815866655173092,-0.9177126246431754
1778592208.0120735,10,0.01199708729615773,-0.032670072597774054,1.4822473256587716,1.4826558596551378,1.6388292110972402,-1.5819242182096374,-0.9086332900247276
1778592208.0454023,10,0.013161243856085586,-0.02772338968635326,1.4928035503672294,1.4931189653421946,1.6405321619530377,-1.6105876862799462,-0.8926693132978543
1778592208.078731,10,0.013964661968503366,-0.026169056898900173,1.4753235113646694,1.4756216637432003,1.6416044203287445,-1.612972556409986,-0.8969832196625971
1778592208.1120594,10,0.019320659473669635,-0.025855798063019072,1.5336786372318636,1.5340182438541465,-1.6823056385583226,1.6517296878161594,-0.8391710471483739
1778592208.1453881,10,0.014830738959557771,-0.020375491297567553,1.4893661602546853,1.4895793603482457,1.6426125562436076,-1.63405462887628,-0.877672767975451
1778592208.178717,10,0.018371553506222663,-0.019354461027944372,1.474205500911927,1.4744470041540658,-1.6348704103344514,1.640548484557742,-0.8486076775319058
1778592208.2120454,10,0.019430252401382048,-0.01832050143355446,1.5317330106385676,1.531965793143257,-1.680634089345835,1.6577883750292088,-0.8393429380796906
1778592208.2453742,10,0.019772806045638563,-0.01512954442744626,1.4945105627659687,1.4947179296417612,-1.6481399074614336,1.6445976251158874,-0.8577459119726994
1778592208.2787027,10,0.014581008175174002,-0.012595882639766005,1.4848953853646405,1.4850203929697676,1.6394450761346906,-1.6298873118631154,-0.8795080737840025
1778592208.3120313,10,0.01876543676870483,-0.01063487437478855,1.5086489924091597,1.5088031761854364,-1.6765693785139193,1.6455678191033527,-0.8562459961433293
1778592208.34536,10,0.014753323373808665,-0.009014178908997656,1.4992677542673265,1.499367438274477,1.6809434896635713,-1.6032938781154176,-0.9056193593551453
1778592208.3786886,10,0.013393517424012383,-0.00493756174138259,1.4798839096223881,1.4799527532270016,1.6277996148021698,-1.614492079491603,-0.8783199076433053
1778592208.4120173,10,0.012613805880874435,-0.00425167085988387,1.471718862376322,1.471779057697913,1.6272762215104035,-1.592392464005237,-0.8830189220781018
1778592208.4453459,10,0.015832528775750532,-0.002405665208624947,1.4866448372006311,1.486731088047809,-1.6614054656196142,1.5937789998544167,-0.8764757458161404
1778592208.4786747,10,0.012324840128872845,-0.001515529260380984,1.4848139532268192,1.4848658775156078,1.650711448207149,-1.5614654017834726,-0.900505655241091
1778592208.5120034,10,0.012098558561978032,0.00038441744215152586,1.4609621521850806,1.461012297351843,1.6132676851476033,-1.5614349857373353,-0.9032523340060408
1778592208.5453322,10,0.011508776565256451,0.002276935406527252,1.477036673445472,1.477083264774109,1.6070552415634933,-1.590870573122085,-0.8857067319928688
1778592208.578661,10,0.011291611221527947,0.002496925891044731,1.4676447449234344,1.4676903053520034,1.6039653395809406,-1.5851036720268652,-0.8949275858177852
1778592208.611989,10,0.011742484949332515,0.003279919006108349,1.47027116202778,1.47032171095716,1.6102179782531307,-1.5857259621094255,-0.8935587853597033
1778592208.6453178,10,0.015541971188328584,0.004177034663698958,1.4746293491331703,1.4747171653615205,-1.6438060333984101,1.5928615311383858,-0.8901738112623966
1778592208.6786463,10,0.015472215986375716,0.005150036983727444,1.4762032785571009,1.4762933421143631,-1.6580661897516586,1.5894788183930022,-0.8926430489421804
1778592208.711975,10,0.011698161488208576,0.005681033258630073,1.4724881500002007,1.472545575869251,1.6366849324836217,-1.5769440882764316,-0.9024677475407425
1778592208.7453039,10,0.01124883481009975,0.0065495368693510025,1.480752435058674,1.480809645649967,1.6356156893291038,-1.5821602716663747,-0.9008269412960072
1778592208.7786322,10,0.011714121616381735,0.006049950356672525,1.475201751770702,1.475260665432353,1.64095225005312,-1.5633009253853425,-0.9117068424200407
1778592208.811961,10,0.011440655245711534,0.009388390382809829,1.4855740862176594,1.4856478035213678,1.6126825049491094,-1.592693612605961,-0.8816120977090481
1778592208.8452895,10,0.011967555538893693,0.010230313760024314,1.4679706261306924,1.4680550537659487,1.606401222118183,-1.5868546322836419,-0.887835338555732
1778592208.8786182,10,0.015862854576166326,0.012041479255403656,1.4770473011643748,1.4771815586632964,-1.6604141237870274,1.5898202561606052,-0.8950985562034797
1778592208.9119475,10,0.015595389064447523,0.012809164609394843,1.4728796890438964,1.4730179460061263,-1.6665413712348967,1.5855619106401297,-0.9016646265473145
1778592208.9452753,10,0.011797707571710635,0.013221194024237236,1.4743263319634738,1.474432812642287,1.6449165534527077,-1.5746426221015923,-0.8973157048313762
1778592208.978604,10,0.012246904254675095,0.013343920183213811,1.4775434869254886,1.4776544936572995,1.6452413075662633,-1.5646817382048,-0.8986270562941454
1778592209.0119326,10,0.011847662480979725,0.013368717676828063,1.4744390338330702,1.4745472370219894,1.6396187399472515,-1.5648094757878355,-0.9056151406538582
1778592209.0452614,10,0.011133714844806778,0.01527755803207036,1.5223721628840938,1.5224895289328142,1.6475817664241839,-1.6001487453149075,-0.8900291131667639
1778592209.0785902,10,0.012191094822777176,0.01763192978554018,1.463057860935973,1.463214889272073,1.5816319122072093,-1.5894424182281457,-0.911564423714622
1778592209.1119187,10,0.010940488063777369,0.018266529943075642,1.4802136031963444,1.4803667354688634,1.6350585757126268,-1.5871365310454273,-0.8832357035577827
1778592209.1452475,10,0.010720846753652776,0.01941040565202167,1.4919036454631376,1.4920684259607166,1.6665574529117415,-1.5826047797482814,-0.8912010050940494
1778592209.178576,10,0.01413856418753545,0.021095424491187103,1.48258699594234,1.482804476817183,-1.6914779263583544,1.5862784840542243,-0.9030440408189041
1778592209.2119045,10,0.009845505717572013,0.02240436466197225,1.5119841216756276,1.512182156268867,1.6640418636708822,-1.5977902070130552,-0.8725260601265202
1778592209.2452338,10,0.008380660305286992,0.021674283323837397,1.515203066189905,1.5153812529578303,1.6388609006009125,-1.6037180744929957,-0.9025057378612862
1778592209.2785618,10,0.008340648452231605,0.02513957781080352,1.449110514727208,1.4493525618986096,1.6022474020743094,-1.563787465397668,-0.9023289621743208
1778592209.3118904,10,0.00912886521300713,0.026243247017312895,1.468203426769206,1.468466324629519,1.6340777555640167,-1.5821832996935785,-0.897776788647395
1778592209.3452191,10,0.00912805587870851,0.026304458374579377,1.4683863924570837,1.468650347593883,1.6327059720379011,-1.5832437285155951,-0.9002833755287991
1778592209.3785481,10,0.009202981131356619,0.026301925634077093,1.4694317912417998,1.4696959805571521,1.632383259624546,-1.5837392271300978,-0.8992334474528085
1778592209.4118764,10,0.01286625098573558,0.026151283579457927,1.475502128068513,1.4757899443965565,-1.664553434570432,1.5938479272171668,-0.9122285527566413
1778592209.445205,10,0.012753855211611912,0.026234115070384784,1.4717090548650829,1.4719981086224807,-1.6642535187826113,1.5912727405840896,-0.9127562009706294
1778592209.4785337,10,0.012864103832491761,0.026112776871950474,1.4770285691042364,1.477315388207097,-1.6632136054535083,1.594352685953534,-0.9105102324427655
1778592209.5118625,10,0.01312713249995796,0.02604816395642172,1.478408144356291,1.4786958679025866,-1.662755617762174,1.5946657231685755,-0.9079767599392559
1778592209.5451915,10,0.013137795529862863,0.026048437694711525,1.4808243899891522,1.481111743510416,-1.6597871324855393,1.5971995723455095,-0.907025826918149
1778592209.5785198,10,0.013171561955384922,0.02589647156769991,1.4839902855322689,1.4842746662387478,-1.659097801603449,1.5988991618831645,-0.9043161316831583
1778592209.6118484,10,0.013147171955258021,0.02587399470998859,1.483355456968203,1.4836393508700219,-1.6582534192603868,1.5987769491501678,-0.9039191350355368
1778592209.645177,10,0.013330612306675592,0.02604000427344893,1.4861982079389988,1.4864860915353777,-1.6606430632462124,1.599288831283546,-0.9038436096967146
1778592209.6785057,10,0.013384294212135911,0.025840922796280454,1.4927746018259542,1.493058238810247,-1.661586860060025,1.6032064202980536,-0.8982009613645311
1778592209.7118342,10,0.013449886376259556,0.025703145897415177,1.4936131344429482,1.4938948244548698,-1.6583446142661706,1.6043022531992797,-0.8969522286119702
1778592209.745163,10,0.013719695444612974,0.02582449301871197,1.4938223360046579,1.4941085322121614,-1.6537692512488362,1.6037736293041607,-0.9022619713554361
1778592209.7784915,10,0.01394114500003705,0.025878361808806705,1.4951492100411585,1.495438131592384,-1.6532013687342935,1.6047932159383897,-0.90440325415921
1778592209.8118203,10,0.013831257226562178,0.025789861534481096,1.4923637769548104,1.4926506836501507,-1.6489810827430194,1.604238402300516,-0.9062560129847486
1778592209.8451488,10,0.013796902815092717,0.025996777139492555,1.4962176493541812,1.4965070802331277,-1.6574124519844413,1.605257797119407,-0.9002572005574576
1778592209.8784773,10,0.013950513998806226,0.02599457671454858,1.4945020285325126,1.4947931790542779,-1.6543321091679504,1.6041218296161457,-0.9062977708387033
1778592209.9118063,10,0.013940868461687596,0.025996398552557174,1.49399466612677,1.4942858571794115,-1.6542540085018196,1.6036316098279404,-0.9050339590494046
1778592209.9451346,10,0.013579483899663984,0.02569876692928448,1.4942796280949466,1.4945622890814017,-1.6543871349512125,1.604945551735452,-0.899148872786989
1778592209.9784634,10,0.013664145349851003,0.02572679320724381,1.4952279211997723,1.4955116559533272,-1.6543960786532106,1.6062802269965537,-0.8997451456950002
1778592210.0117922,10,0.013746774492431406,0.02589267558980709,1.4913521178412306,1.4916402193047988,-1.6498543111280444,1.6038080077475234,-0.9073594823846247
1778592210.0451207,10,0.013573515257804515,0.025761487142463586,1.492677920362014,1.4929619112597992,-1.6554172849198234,1.6031618088640578,-0.9018217558744016
1778592210.0784495,10,0.013928017084973904,0.025856414950102158,1.4925799845692227,1.492868900537034,-1.6507681851802145,1.6036815449914206,-0.9083950283177384
1778592210.1117778,10,0.013724242356255259,0.025824658257628932,1.4944081815613819,1.4946943101918775,-1.6540607389907618,1.6046935487386942,-0.9030016642336953
1778592210.1451066,10,0.01381004273193357,0.02592249297370638,1.4944288010407367,1.4947174095133446,-1.6541084626715024,1.6043149925746802,-0.9028545528696956
1778592210.178435,10,0.013797227613031909,0.02588437757848725,1.4942160613410669,1.4945039318991578,-1.653214900525583,1.6049929734724997,-0.9031557135147329
1778592210.2117639,10,0.013513503662085606,0.0257469366405923,1.497639312985927,1.4979215704864388,-1.660607567745046,1.6052209502843438,-0.8977512483316198
1778592210.2450929,10,0.013619166527653282,0.025883622107928418,1.4945107376045432,1.4947969054040786,-1.657581551397056,1.6040299888149678,-0.9009869366343833
1778592210.2784212,10,0.013607847353410238,0.02589404247763945,1.4920939965227316,1.4923807052507094,-1.653351426183526,1.6031657548869007,-0.9036437468131858
1778592210.31175,10,0.013504683137478853,0.025682001594238103,1.4938130838240942,1.4940948668262604,-1.6550064360686398,1.6041911121708665,-0.8995278699502325
1778592210.3450785,10,0.013737468380749594,0.025767419794505787,1.4928649832522272,1.493150540361236,-1.6509756797413149,1.6043154674771083,-0.9039300428200804
1778592210.378407,10,0.013553030144964515,0.025796796222792184,1.4949758123119683,1.4952597897085642,-1.6567097396886303,1.604063551984683,-0.8988632878941522
1778592210.4117358,10,0.013840787467959194,0.025921819312997123,1.4924016863928828,1.4926909598649512,-1.6513831076879888,1.6036154151579718,-0.9063014020433422
1778592210.4450643,10,0.013274503161104095,0.02553543917770353,1.5009989607520162,1.5012748420148807,-1.6665494022612202,1.6055596324943124,-0.8927260416206263
1778592210.478393,10,0.014003360087520704,0.025998916585182337,1.495367037736009,1.4956585891521872,-1.653939918643044,1.60466966229282,-0.9055598946768663
1778592210.5117216,10,0.01366362413109583,0.02580387925784847,1.4930432970787009,1.4933287721599644,-1.6534600946379348,1.604686360048066,-0.9023955431798413
1778592210.5450506,10,0.013674388193469661,0.025815627152263862,1.4960265866792954,1.496311793560765,-1.6575481900318938,1.6048431117575692,-0.899991987749012
1778592210.578379,10,0.013876709264630457,0.025785616662538046,1.4939499098925426,1.4942368601913885,-1.6514641704144004,1.604653727226523,-0.9054968656195039
1778592210.6117074,10,0.013561350228131737,0.025810575243789134,1.4947473111524698,1.4950316452209176,-1.6571942484445636,1.6046698096178125,-0.8988277880617863
1778592210.6450362,10,0.014399147703580152,0.025895643704767067,1.4928223361116535,1.4931163541436845,-1.6432613803294296,1.6045491371253942,-0.9177898219670655
1778592210.678365,10,0.013719022742871682,0.02582968233600952,1.4953296520611659,1.4956156432746903,-1.6541921614927086,1.6055166162266945,-0.9005709644945653
1778592210.7116935,10,0.013767765703319798,0.025781960795835564,1.4961317429644094,1.4964172055882883,-1.6544965500028161,1.6053662183401742,-0.9016744707863574
1778592210.7450223,10,0.013651457235657985,0.025733213232799607,1.4917461438701907,1.492030535310697,-1.650354079223522,1.6048245163038073,-0.9043741722366484
1778592210.7783506,10,0.013873296469374366,0.025890485860052635,1.4929224709602764,1.493211401614364,-1.6514020317400024,1.603976743816198,-0.9058077418808956
1778592210.8116794,10,0.013813505910615496,0.02573235372460654,1.4922634220999726,1.4925491911194324,-1.6476574926634076,1.6049226345964793,-0.9060241498085151
1778592210.845008,10,0.013721839084446264,0.025708831932986318,1.4923295577071112,1.4926140632171199,-1.6507720125660172,1.6041902478668923,-0.9050146685486101
1778592210.8783367,10,0.013921991698782428,0.025862853007079627,1.492767726665163,1.493056661614557,-1.6502715110622606,1.6039437718876175,-0.9083132312864343
1778592210.9116657,10,0.013855724199238235,0.02585878517581639,1.4920440093702245,1.492332397209626,-1.6514886202930195,1.6037171892518336,-0.9064404634989164
1778592210.944994,10,0.013872401633893609,0.025907044332130095,1.4926852783603357,1.4929745338440277,-1.651067804126357,1.603449216029862,-0.9075145721417568
1778592210.9783225,10,0.013918324680158727,0.025892730691014502,1.4937373461665269,1.494026576938027,-1.65184375803028,1.6043952339414427,-0.9060957640988915
1778592211.0116513,10,0.013834858963471194,0.02589401430534542,1.4940058941922747,1.4942943201326313,-1.6536210692033595,1.604182771282886,-0.903926555637536
1778592211.0449798,10,0.013750357142811588,0.02589217983089479,1.4949536539887225,1.4952410858694938,-1.6563686296023952,1.6044017075439119,-0.9015874735444226
1778592211.0783086,10,0.013792607503855418,0.025840731189378945,1.4908019580994107,1.4910896880077988,-1.6500221816031824,1.6036595064585724,-0.9084185569706595
1778592211.111637,10,0.013671661394658708,0.025677984996152963,1.4938871576256718,1.4941703761478013,-1.6521170855539538,1.605246888109836,-0.9017389546570511
1778592211.144966,10,0.013891662183546337,0.02583474811019204,1.4922667106190093,1.4925549732287307,-1.649671976107418,1.6039684526490283,-0.908347945568385
1778592211.1782942,10,0.013757606497583806,0.02579196475902746,1.493078980504043,1.4933651057948507,-1.6522589735733717,1.604137420785925,-0.9044628463383849
1778592211.211623,10,0.013760095957364146,0.025806580954551864,1.4909723029238084,1.4912591082529032,-1.649038310415221,1.6030159846985317,-0.9063012372030347
1778592211.244952,10,0.013879627110969095,0.0257968448088146,1.4905435850111488,1.4908314123564466,-1.6489843471709544,1.6031012596738443,-0.9080739518525401
1778592211.2782803,10,0.013727966878941017,0.025889886448786103,1.4901312145672636,1.4904193302298077,-1.6498067125190587,1.6029008775388236,-0.9081590542509931
1778592211.3116088,10,0.013586072223302381,0.02582833206035458,1.4960136706532332,1.4962982947516974,-1.6588730130626221,1.605298031258686,-0.8984800210539337
1778592211.3449376,10,0.013683050194685858,0.025679473044432185,1.4903986906616147,1.4906827020946896,-1.647587041199214,1.6040467877635982,-0.9067419838628634
1778592211.3782663,10,0.013721456317998128,0.02579180880071076,1.4906539141558177,1.490940169005034,-1.6502962293682195,1.6027337181151036,-0.9066880051925578
1778592211.4115949,10,0.01374128868213646,0.02578410587643415,1.4912987880643194,1.491584968552781,-1.6497457247252347,1.6039817001152883,-0.9074918048103634
1778592211.4449234,10,0.013423040770087392,0.02562715905736343,1.4929433428255354,1.4932236115839954,-1.6550235919215264,1.6035466900168993,-0.901412655381376
1778592211.4782524,10,0.013840875647976321,0.02577353400019481,1.4946291785340158,1.4949154578834312,-1.6525129190354044,1.6049181200247946,-0.9041039603690955
1778592211.5115807,10,0.01385206911515325,0.025851343147376953,1.4920091078047,1.492297339518325,-1.6512506775893696,1.6030605925435584,-0.9066051719373738
1778592211.5449097,10,0.013684827107847618,0.025799070125781896,1.4902657469772627,1.4905518652921894,-1.6500444093319677,1.6026332686266709,-0.9057151749111025
1778592211.5782385,10,0.013688216552685302,0.02575068798345292,1.4923119818406039,1.492596903503771,-1.650812808058631,1.6041044234772004,-0.9043744522219391
1778592211.6115668,10,0.013770742780336536,0.025810789118927285,1.492346658130543,1.4926333703307935,-1.650449533503873,1.6040969253852961,-0.9052529168209056
1778592211.6448953,10,0.01343819996026151,0.02574943258144802,1.4933185711375323,1.4936010087706422,-1.6569077866445587,1.6036369588875825,-0.9007560605586563
1778592211.678224,10,0.013615152657247663,0.025787993947974597,1.4934635479380665,1.4937482257842178,-1.6523022768712254,1.6050278523774841,-0.9025739223184949
1778592211.7115526,10,0.01234279400746094,0.0265130600778703,1.4657994490725377,1.466091167635887,-1.6503665531909535,1.5693570749105208,-0.9236295794129382
1778592211.7448814,10,0.013385530461691825,0.025681867199246162,1.4917228283821617,1.492003930103757,-1.6555398632646416,1.6026089492966609,-0.9017788536153827
1778592211.77821,10,0.012595905125661434,0.026553413615695572,1.464548463463293,1.4648433166838266,-1.6467503527690153,1.5699065500573381,-0.9293744466664171
1778592211.8115387,10,0.013816716141805437,0.025755844868684485,1.4915394510890536,1.4918257938998367,-1.6472792106973768,1.6038649021968479,-0.9081470839909956
1778592211.8448672,10,0.013847986233592919,0.025863647537898028,1.4930709453366144,1.4933591472901158,-1.6496824248052468,1.6038080186610462,-0.9074411928497189
1778592211.8781958,10,0.013734661600204354,0.02571254893509096,1.4937251676471135,1.4940095891808756,-1.6517818931836472,1.605025810430465,-0.9026591737863872
1778592211.911525,10,0.01385903022510149,0.025787041216190704,1.4919856079371299,1.4922727962758662,-1.6486044221699983,1.6044805573018686,-0.9094404519924195
1778592211.944853,10,0.01362091650665256,0.02583197750152694,1.4917445008565213,1.492030320155657,-1.6523953449593076,1.6029071766486631,-0.9047065335970224
1778592211.9781818,10,0.01377035500162653,0.025714311589764952,1.4930176575702307,1.4933025729281744,-1.649864104684177,1.6050780782391776,-0.905109606486842
1778592212.0115104,10,0.01384012760709761,0.02577038301212095,1.4910567730672952,1.4913436767836674,-1.6489240362125586,1.6041318055256426,-0.9073198229714575
1778592212.044839,10,0.01380742664698388,0.02572676641152465,1.4910156577030804,1.4913015131274945,-1.6478739508674742,1.6037993539767463,-0.9080214959323624
1778592212.078168,10,0.013527744640130795,0.025722658132660163,1.4919148694615034,1.492197920095318,-1.6523916635538645,1.6041066698215305,-0.9032299648144955
1778592212.1114962,10,0.013947570161870626,0.025670844842121614,1.4915650420749593,1.4918511325626307,-1.645557197148945,1.6042815859188844,-0.909883076166391
1778592212.1448252,10,0.013619633481533954,0.025663551808570117,1.4918282127567999,1.4921110979698362,-1.6512459824867687,1.6034062582179858,-0.9037372701080572
1778592179.0141778,10,0.019958169116355708,0.03013040062357293,0.29721941244247074,0.29940866501967106,-1.7637360485830795,1.609220328625963,-0.9524190402679799
1778592179.0475063,10,0.019962715983458564,0.03013423316716399,0.29727303306319997,0.2994625823447791,-1.763851379850883,1.6093650465751208,-0.9524189024297736
1778592179.080835,10,0.019948364379778746,0.030126153488241072,0.29727554856283883,0.2994633101713167,-1.7634432824399084,1.609312460271099,-0.9523047395108573
1778592179.1141636,10,0.019960344689521427,0.030136597871787588,0.2972081586577471,0.2993982622931184,-1.763358405720865,1.6092604105223023,-0.9527970918173357
1778592179.1474922,10,0.019960912560748847,0.030150206527412734,0.2972713651211046,0.29946241417725294,-1.763631604275655,1.6093702607918894,-0.9523456654713891
1778592179.180821,10,0.019950156346496165,0.03013519002249615,0.2972029120422823,0.29939223326992664,-1.763589621667118,1.6092525099910575,-0.9523870768077674
1778592179.2141495,10,0.019965668058487398,0.030138473594307588,0.297278906884032,0.29946903674634123,-1.763616960272887,1.6094551232938592,-0.9523026267923796
1778592179.2474785,10,0.019963841945434522,0.030132999493891317,0.2973137348453982,0.2995029375005208,-1.7636671306363445,1.6094310746009055,-0.952391935503722
1778592179.2808068,10,0.019959861724411748,0.030128855036767,0.2973200929721068,0.2995085669406243,-1.7637031583354326,1.609519169242385,-0.9524677766754984
1778592179.3141356,10,0.019950842348623286,0.030123479469608496,0.2972675827898951,0.29945529867331233,-1.7636182285543158,1.6094205678716942,-0.9524133020180661
1778592179.3474643,10,0.01995771815550764,0.03014916694195486,0.297200678138598,0.2993919268572736,-1.763482978003964,1.6092803325577356,-0.9526502841591431
1778592179.3807926,10,0.01995027756810452,0.030156078109491658,0.29712643464794636,0.2993184270782381,-1.7635783227416597,1.6090409569349269,-0.9528618897622296
1778592179.4141214,10,0.019958604475656096,0.030128647319321886,0.29725882178639024,0.29944763884816433,-1.763978259931309,1.609446465680462,-0.9521548328214083
1778592179.44745,10,0.019951734943275647,0.030146286485487644,0.2971657403516643,0.2993565558909051,-1.7634048390348065,1.6092070266755247,-0.9528036866528932
1778592179.4807787,10,0.019957490927461803,0.030138081252984353,0.297242276637298,0.29943208980711333,-1.7634055912168347,1.6093310118428785,-0.9524398265427131
1778592179.5141075,10,0.0199638719864288,0.030144556842706612,0.29728534277250107,0.299475918095758,-1.7638474309764547,1.6094987298832295,-0.9523622831522398
1778592179.547436,10,0.01995809889027311,0.030150116143474612,0.2972368168093006,0.2994279220141379,-1.7638510276229902,1.6092259199784902,-0.9523609333809266
1778592179.580765,10,0.01997041225114272,0.030135108971965738,0.29721815404034424,0.2994087060347154,-1.763993133039703,1.6092732593663794,-0.9525873244060258
1778592179.6140933,10,0.019963579778460878,0.030139783646193047,0.2972150934722939,0.299405682750937,-1.7635773312475074,1.6094698486925776,-0.9525452466451505
1778592179.6474218,10,0.019969005603364294,0.03013357964872714,0.2971562774787355,0.29934703448047156,-1.763362960028887,1.6090374353511814,-0.9528108264470546
1778592179.6807506,10,0.019959386620258025,0.030131830594240554,0.29722698802884073,0.29941641027491056,-1.7636820171088052,1.6094590190944071,-0.9524290736347637
1778592179.7140791,10,0.019963375105564726,0.03014814305550679,0.29719680252494024,0.2993883536585034,-1.7634218869573182,1.6092273979932772,-0.9524064643566069
1778592179.747408,10,0.01995407393857185,0.030128258594073542,0.29721910758579273,0.29940787388903517,-1.763304710419178,1.6092488381538026,-0.9524209883014821
1778592179.7807364,10,0.019967681585566097,0.030144794136810277,0.29723444988714515,0.29942567545413845,-1.763657852897132,1.609439145909751,-0.9524856805160885
1778592179.814065,10,0.019961284190980543,0.030132987148946844,0.29724860066894887,0.2994381077630566,-1.76374613234083,1.6093212807301567,-0.9524260240510641
1778592179.8473938,10,0.01996277768513289,0.03016021605445228,0.2972337665978819,0.29942622318581485,-1.7636211082294484,1.6094939140708593,-0.952414162129217
1778592179.8807223,10,0.019962075918224468,0.03012659912791335,0.29716120119989015,0.299350757387618,-1.7632062793254644,1.609279885330089,-0.9528202415826912
1778592179.9140513,10,0.019966010948070552,0.03016128499809653,0.2971900926364524,0.29938319235918714,-1.7637374508568395,1.609272761539906,-0.9523354580389805
1778592179.9473805,10,0.019951695260345025,0.030148624234033923,0.2971819983169341,0.29937292765147094,-1.763660572398824,1.6091772172767829,-0.9526974065150036
1778592179.9807084,10,0.019968520940585186,0.030150683304596897,0.29724152083568833,0.2994333435691517,-1.7636041012323245,1.6093726991534465,-0.952467859466407
1778592180.014037,10,0.019962960037779576,0.030143163296854025,0.2972640220920596,0.2994545523069557,-1.7636541779164676,1.6093400041041732,-0.9524783792901655
1778592180.0473654,10,0.019963716863044868,0.03012884125145888,0.29727404613936975,0.29946311220952665,-1.7634060423295514,1.6094651645195357,-0.9523427765315451
1778592180.0806944,10,0.019962349415907934,0.030128501579094132,0.2972690221919299,0.29945799965362485,-1.7637475424343545,1.6094109505065155,-0.9524064475277065
1778592180.1140227,10,0.019954877816865346,0.03012651050771227,0.2972423680694679,0.29943084203134845,-1.7636165682936846,1.6094273671891037,-0.9527112003126378
1778592180.1473515,10,0.019968188440878106,0.0301325257867733,0.2973093678851063,0.29949884455894393,-1.764068324170545,1.6094947883680513,-0.9523270671486642
1778592180.18068,10,0.019972270665696307,0.030148009861664722,0.29733448734914236,0.2995256106935435,-1.7640865847827172,1.6096426547272316,-0.9520618672246469
1778592180.2140088,10,0.019963245316839486,0.03013290353613307,0.29728530699787714,0.29947466803708167,-1.7638348054995727,1.60954695075712,-0.9521190418142689
1778592180.2473378,10,0.01996056451865531,0.03014895057834367,0.2972038896403763,0.2993952828189646,-1.7632949422599944,1.609297972822917,-0.9526117437935395
1778592180.280666,10,0.019972749191208075,0.03015304031175002,0.29728348500305324,0.2994755198774309,-1.7640531401309567,1.6093384402818331,-0.952336116303743
1778592180.3139946,10,0.01997225793541385,0.030150790032138473,0.2972461598942609,0.29943820864827075,-1.7640002428037964,1.6092169420573248,-0.9523809615304357
1778592180.3473234,10,0.01995052753318006,0.03013700924336218,0.29725533886894545,0.2994444846062092,-1.7639378663317806,1.6093356809445558,-0.9521299455888789
1778592180.380652,10,0.019945746647464162,0.030127497891235817,0.29722781962051675,0.2994158908523021,-1.7632299366282598,1.6094696634826093,-0.9525281569204088
1778592180.4139807,10,0.01996101458372744,0.030139981267012797,0.29730679814709593,0.29949656558709603,-1.7638095169422874,1.609538477480511,-0.9521605990189366
1778592180.4473093,10,0.019967166787525824,0.030141653080281897,0.29720187094550216,0.2993929843757863,-1.7639114351817888,1.6093468941906734,-0.9525550040370936
1778592180.4806378,10,0.019963850059466003,0.030155895681660286,0.29719117993224325,0.29938358469207865,-1.7634780362018656,1.6092751428639902,-0.9524979544509653
1778592180.5139668,10,0.019950291480007768,0.030135003745928007,0.2972699898684298,0.29945881095282656,-1.7636638989765985,1.6093588116371425,-0.952188112022388
1778592180.547295,10,0.019955004907876595,0.03013743330557847,0.297183484717535,0.29937349698324817,-1.7635882610338292,1.6092464101550459,-0.9527956412760066
1778592180.5806243,10,0.019967510822308694,0.030138118119776975,0.29722549469603093,0.29941610235513544,-1.7638519014736476,1.6092443959207732,-0.9524209375521762
1778592180.6155963,10,0.019966623711698734,0.03014242660224615,0.2972598238981631,0.2994505549299972,-1.7638243383987262,1.6094619541868262,-0.9522187122798569
1778592180.6489248,10,0.01995758850969469,0.030144241645394903,0.2972763095913618,0.29946650044330075,-1.763677701266061,1.6094094285580327,-0.9522301769533037
1778592180.6822534,10,0.019962011399835795,0.030162165692123995,0.29714265278664614,0.2993359220732648,-1.7635363553864731,1.6092115213876417,-0.9528825321189354
1778592180.715582,10,0.01997332315643585,0.030147514440920942,0.29725164719798114,0.29944339703321227,-1.763795191474736,1.6093086448284981,-0.9526062739910803
1778592180.748911,10,0.019969261355991596,0.0301522315294178,0.2972662419365024,0.299458088988023,-1.7637266191267638,1.6096139997504169,-0.9519104812125617
1778592180.7822394,10,0.01995953640478996,0.03013055201018939,0.29729358320983235,0.29948239994309245,-1.7636452922153798,1.6095287565414351,-0.9523213755721793
1778592180.815568,10,0.019970786715676866,0.0301524209906192,0.2973688214642199,0.2995600387112034,-1.7641002812074533,1.609582162212273,-0.9517433424218863
1778592180.8488967,10,0.019962788437646532,0.03014847466075981,0.29726748921273516,0.299458517309861,-1.7638862572631129,1.6093776302661575,-0.9522970282679849
1778592180.8822253,10,0.0199651279138399,0.030146499584227122,0.2972832624166128,0.2994741322432748,-1.7637780588441878,1.609532506897793,-0.9524555449140757
1778592180.915554,10,0.019958091893588773,0.030131325591523737,0.29725609906662054,0.29944517135235266,-1.7638494658853765,1.609307281375495,-0.9525565591238385
1778592180.9488826,10,0.01997153432570161,0.030131480203012456,0.2973190576102044,0.2995085813474586,-1.7640917445989988,1.6095624250759997,-0.9522751424695818
1778592180.982211,10,0.01995171094177386,0.030132771340079988,0.29733592111610824,0.2995241303536364,-1.7638011329009056,1.609636058782323,-0.9522690393926585
1778592181.01554,10,0.019965716885877668,0.03013736535568221,0.2972677520130633,0.2994578551787363,-1.7638830126087317,1.609363119237323,-0.9523607215483295
1778592181.0488684,10,0.01996010936046839,0.030140271607786484,0.29725499387061455,0.29944510902549754,-1.7633408458584416,1.6094405024216418,-0.9524252717449386
1778592181.0821972,10,0.019955507983744437,0.030149489436059863,0.2971782261422207,0.2993695243427114,-1.763540646556384,1.609226358580821,-0.9525567143656699
1778592181.1155257,10,0.01995754970561049,0.030142801292328672,0.2972100600160743,0.29940058789982227,-1.7635205448052593,1.609401930462048,-0.9524358618749327
1778592181.1488543,10,0.019948789320589046,0.030134602397325447,0.297231521050909,0.29942048287189554,-1.7638538729081983,1.6092931691243226,-0.9524622367873262
1778592181.182183,10,0.019965275609390112,0.030144340201839055,0.2972711805372724,0.2994619312273043,-1.7641405583006282,1.6093568724738607,-0.9524079289628833
1778592181.2155116,10,0.019963774574199636,0.0301539609772236,0.2972648712044323,0.29945653659596927,-1.7641802589379667,1.609386499959983,-0.9520390947373875
1778592181.2488406,10,0.019955151120065167,0.030136183286396768,0.2972198923831645,0.29940952227268225,-1.763477430510471,1.6094128733445554,-0.9525226492934619
1778592181.2821689,10,0.019948560264300058,0.030145488833078826,0.2971892636811935,0.2993796152061354,-1.763336228313314,1.6091757230056378,-0.9527190470355315
1778592181.3154976,10,0.01995673782850087,0.030146491997755338,0.2972539272516015,0.29944445166178424,-1.7636595694261679,1.6093679366698403,-0.9523406674399085
1778592181.3488262,10,0.019971273101013737,0.030147144475144712,0.2972497948682662,0.29944138427830386,-1.7640738662189996,1.6093428424727783,-0.9521505145182589
1778592181.3821547,10,0.019960942455493284,0.03014452004129104,0.29721204499332815,0.2994029575694726,-1.7634330385671002,1.6093296176383354,-0.9524464108986929
1778592181.4154837,10,0.019956015034365504,0.030141516670841303,0.2971629659999835,0.2993536068350902,-1.7634404467677767,1.6090992291481971,-0.9522518626219544
1778592181.448812,10,0.019968726341979957,0.030136118215574405,0.29730858505445223,0.29949846477053,-1.763994700474429,1.6095214071669384,-0.9522051201448504
1778592181.4821408,10,0.019948737491468013,0.030133958224896545,0.2971976192747169,0.2993867606764916,-1.7636486141621954,1.6091526800724023,-0.9526129368440429
1778592181.5154698,10,0.019952304262665557,0.030145909376171388,0.29722693178004506,0.299417299555129,-1.7636080235976794,1.6092609283990325,-0.9522364645879822
1778592181.548798,10,0.019969561675259876,0.030137206993863255,0.2972138300410759,0.29940456811240956,-1.7634265031077054,1.609244302007927,-0.952391983105608
1778592181.582127,10,0.01996202836900457,0.030142197080978067,0.2972361227877539,0.2994266977264556,-1.763381824642643,1.6094097830954999,-0.9523437634563164
1778592181.6154554,10,0.01997258342972378,0.030152756495588517,0.2972685848311475,0.2994606891407496,-1.7639609266950498,1.60942229092647,-0.9520472152656069
1778592181.6487842,10,0.019952983495768083,0.030145721073894047,0.2972263761881655,0.2994167743320275,-1.7635054340546572,1.60930355798764,-0.9522139487256772
1778592181.6821127,10,0.01995863479930928,0.030146641620608268,0.29722992279871296,0.2994207643283653,-1.763478922202935,1.6094496095789659,-0.9523156795201131
1778592181.7154412,10,0.01996670567218957,0.030145010646685056,0.29721097369105753,0.2994023277876695,-1.763521894128045,1.6091793307740234,-0.952543608667096
1778592181.74877,10,0.01997484635976234,0.030141892780448525,0.29722732407298175,0.29941878759201046,-1.7636461442150486,1.6093728908222142,-0.9523659040246615
1778592181.7820985,10,0.019937961515261844,0.030130738280616045,0.2972625212492444,0.2994501464988396,-1.7635761728775667,1.6094524995378876,-0.9522538927920869
1778592181.815427,10,0.019951073685301152,0.03014368139204705,0.29717699103057393,0.2993674178447738,-1.763376959246087,1.6091852483930889,-0.9524040533520203
1778592181.8487558,10,0.019956322046186307,0.030135657922723647,0.2972050609262285,0.2993948244512749,-1.7637063237583768,1.609315820377782,-0.952521693861363
1778592181.8820844,10,0.019968620588213363,0.0301365349096073,0.2972569962255157,0.29944728809854043,-1.7636878615436784,1.6093474273223083,-0.9523169125276666
1778592181.9154134,10,0.019957087847763857,0.030146462289319702,0.29723696201076505,0.29942763087149077,-1.763652824631228,1.6094069136962417,-0.952353404256072
1778592181.9487417,10,0.019961463479543088,0.03014851887776641,0.2971897889279104,0.29938130178383576,-1.7633883179823118,1.6092328432740872,-0.9525717718355164
1778592181.9820704,10,0.01996563316476581,0.030140416968334038,0.2972693606428646,0.2994597535892136,-1.7637653374050415,1.6094348240394272,-0.9525134654744307
1778592182.015399,10,0.0199639703316749,0.030149367466313307,0.2971462159668262,0.29933830047861654,-1.7633542678127625,1.609228948088326,-0.9526264311726546
1778592182.0487278,10,0.0199595427096795,0.030135193117964778,0.29720730323159306,0.299397218263017,-1.7634677671902168,1.609354081986707,-0.9525482140468517
1778592182.0820565,10,0.019966270168011443,0.030149323278746823,0.2971791326961956,0.2993711251083702,-1.763315454001813,1.6091433709346108,-0.952370672316024
1778592182.1153848,10,0.01998275213056125,0.030147292552320855,0.2972321092524032,0.29942460887772604,-1.7639771969659144,1.6091328474980053,-0.9521998342847018
1778592182.1487136,10,0.01996576708926181,0.030138748950332486,0.2972643743575897,0.29945464482282297,-1.763717581117855,1.6094286051170634,-0.9522540122346866
1778592182.1820421,10,0.019968732199567116,0.030156664028187244,0.2972675231622225,0.2994597718859237,-1.7634160491664035,1.6095573547528528,-0.9522326624813613
1778592182.215371,10,0.019960812071106303,0.03015745338669503,0.2972237908194521,0.29941591113765836,-1.7638001580520801,1.6093009683181827,-0.9522811082910391
1778592182.2487,10,0.019978203262771162,0.030149594681807945,0.2971869333567616,0.29937969206858733,-1.7636187828443328,1.6091653740255492,-0.9524987124757213
1778592182.2820282,10,0.019981289085940494,0.030151651697625514,0.2972817693981624,0.2994742466893156,-1.7637126687561524,1.60948709793543,-0.9522021015979001
1778592182.3153567,10,0.01994126974342517,0.030121162931912245,0.2972413497129338,0.29942838655431026,-1.7632691821631805,1.609363408774225,-0.9525415030557794
1778592182.3486855,10,0.019956501723198884,0.03013821007407953,0.29730051712010713,0.2994898514931358,-1.763759264916979,1.6094923491357325,-0.9522148619614976
1778592182.3820143,10,0.019979206095712854,0.030152501288075787,0.2973140336293518,0.2995062213095042,-1.7638932153628804,1.6095401512353564,-0.9519274614246915
1778592182.4153428,10,0.019961206160927725,0.03014913997084386,0.2972459864717684,0.2994371334119323,-1.7635421658780714,1.6092575080566462,-0.9522337227967931
1778592182.4486713,10,0.019953387291179514,0.030152463116803654,0.2971818404969034,0.29937327037918554,-1.7634944879730625,1.609108413905141,-0.9522877803948971
1778592182.4819999,10,0.019966819990764023,0.03015566949772506,0.29730006152707456,0.2994918444422183,-1.7637491955589062,1.609402365178419,-0.9521217162536175
1778592182.5153291,10,0.01996406176736463,0.030134351293511535,0.2973816304729983,0.2995704875866627,-1.76369816893262,1.609757813099369,-0.952054850734528
1778592182.5486574,10,0.019953292764302046,0.030120703577702662,0.2973707738744713,0.29955762021830745,-1.7637313271613144,1.6096301828356452,-0.9522103982267575
1778592182.5819862,10,0.019957655587581693,0.030135566326337522,0.2972355139563965,0.29942513443477786,-1.763341736497143,1.6093897468697724,-0.9525471368491678
1778592182.6153145,10,0.0199744588955643,0.030143086602158947,0.29730694394675417,0.29949791918648494,-1.7638460630160084,1.6096007845127664,-0.9520869739567852
1778592182.6486433,10,0.019971456192799473,0.030138264959552866,0.29724996042112445,0.29944066699029576,-1.7635471562435046,1.6091756444097884,-0.9524782258986187
1778592182.6819718,10,0.019970097031783113,0.030146497710774114,0.29721038914655046,0.29940212343323236,-1.763593948302118,1.6092413504296783,-0.9523642827677998
1778592182.7153006,10,0.019957121160925174,0.03013870794719202,0.2973145994247087,0.29950392223280314,-1.7637266869904444,1.6095873994710734,-0.9521178590495943
1778592182.7486293,10,0.01995966234103321,0.0301422049109665,0.29720328197347523,0.2993939402417286,-1.763404521396829,1.6092468640068471,-0.9529283997555149
1778592182.7819576,10,0.019968052030628916,0.03015378075363863,0.2972617528416002,0.2994537081054383,-1.763642807784169,1.6094770202188085,-0.9520450469516144
1778592182.8152864,10,0.019960330933407572,0.030144622594200247,0.29724239484892273,0.2994330549185257,-1.7638621787397604,1.6092777021513942,-0.9521618492867755
1778592182.848615,10,0.01996695990796465,0.030157379320705672,0.2971588111890678,0.2993518098872282,-1.7634854086847034,1.609324427422071,-0.9525499337722217
1778592182.8819437,10,0.01996169107311957,0.03013730578548491,0.2972426626341315,0.299432674904284,-1.7633714623835328,1.6094384854798136,-0.9521140619476306
1778592182.9152727,10,0.019966578533691996,0.030140957619376785,0.2972730687115272,0.2994635519820793,-1.7639565398265877,1.6094279068434532,-0.9519483602473636
1778592182.948601,10,0.01995767866897733,0.03014520053147863,0.2971781545621721,0.2993691660841435,-1.7637498323007927,1.6093066343817806,-0.9524509241396772
1778592182.9819295,10,0.01995248810701443,0.030145891772913384,0.297183954215458,0.2993746469151658,-1.7634932905719383,1.6093138331559322,-0.9526522290573763
1778592183.0152583,10,0.019962869607448384,0.030151903805260387,0.297214661711535,0.2994064271226452,-1.7635339032442265,1.609252844887183,-0.9526915908023141
1778592183.0485868,10,0.019970761471971736,0.030140061521156558,0.2973122884504589,0.29950267358726257,-1.7638318973755933,1.6096145201338026,-0.951966315421761
1778592183.0819156,10,0.0199500360731811,0.03013966433100747,0.29730805661710874,0.29949705146252936,-1.7635742277078588,1.609677162905538,-0.9520545649344073
1778592183.1152442,10,0.01996861156924167,0.030142528045811343,0.29721396269225425,0.29940517207327677,-1.7632567188879844,1.6092785569086807,-0.952336605790899
1778592183.1485727,10,0.019950625637523124,0.03013580040516029,0.2972330792318736,0.2994222725834695,-1.7636617987943066,1.609116186682014,-0.952520655953822
1778592183.1819015,10,0.01997119143740753,0.03014585510853677,0.2972372747716603,0.29942882055897346,-1.7637222990695194,1.6093597945649316,-0.9522655435149423
1778592183.21523,10,0.01997152300726237,0.030162610292273004,0.29724617738266595,0.29943936741764676,-1.7639370811585924,1.6093552377249294,-0.952364310018443
1778592183.2485592,10,0.019963578654039832,0.030135793461021756,0.2972209357837867,0.2994110806038936,-1.7637052393005017,1.6093216972279525,-0.9524186360596639
1778592183.2818873,10,0.01997065404891784,0.030137635806988996,0.29726679308733056,0.2994572597009497,-1.763808928335084,1.609483818472038,-0.9524488089250035
1778592183.315216,10,0.019977367989781943,0.030147325166311894,0.2973727011684036,0.2995638159836317,-1.7642220463571552,1.609669336529561,-0.9520351881130685
1778592183.3485446,10,0.019965253098412863,0.030151303420002325,0.2972643364671098,0.299455836751331,-1.7636528796937874,1.6093729736410256,-0.952339593362064
1778592183.3818731,10,0.019960333090453558,0.030144924633175963,0.2971709942849207,0.2993622074051935,-1.7635118670454255,1.6093729263047334,-0.952335226053175
1778592183.415202,10,0.01996295068251156,0.030145665618441314,0.29721019798882853,0.2994013733169738,-1.7631519752528746,1.6094495251794139,-0.9521887630426827
1778592183.4485304,10,0.019963793489174198,0.03013697171943357,0.2971927684505421,0.2993832522606999,-1.7635220330516435,1.6093491965966957,-0.9524307566934479
1778592183.481859,10,0.019961903068292514,0.03013595945915927,0.2973095059579778,0.29949890811087915,-1.763619396043278,1.60961557151194,-0.9520208709125613
1778592183.5151882,10,0.01996434857215823,0.03014742616929047,0.2972334985130157,0.2994247737860553,-1.763778501277865,1.6092146417185305,-0.9524892495873576
1778592183.5485165,10,0.019956965063995944,0.030139811479232483,0.2972762223531121,0.29946592638747094,-1.7637289973948407,1.6095031514752285,-0.9523463947339849
1778592183.5818455,10,0.019946902713029607,0.030123173038954797,0.29730353790754266,0.2994906979091663,-1.7639043870728468,1.6093248575289762,-0.9521306542811685
1778592183.6151738,10,0.019950360092856157,0.030151929277016907,0.29722628142084984,0.2994171305624097,-1.7634961856682574,1.6094201944611837,-0.9524431336109959
1778592183.6485026,10,0.019961872501749474,0.03014861869966795,0.2972695761233858,0.29946054239557424,-1.7639804543612878,1.6093203008542822,-0.9521704529071672
1778592183.6818311,10,0.019955769323436644,0.030144173083244345,0.29719176645379686,0.29938244762859917,-1.763438029545504,1.609227225707293,-0.9526793824502169
1778592183.71516,10,0.01997459017300184,0.03013659291533592,0.29728509917567314,0.29947558945098324,-1.7638500759166058,1.6096335288219468,-0.9520609136877215
1778592183.7484884,10,0.0199625316592984,0.03014422694197352,0.29733092407130657,0.299521043496571,-1.763769616166743,1.6095225749911926,-0.9523026036252772
1778592183.781817,10,0.019973301002164826,0.03015182839744359,0.29720859021481544,0.299401088184579,-1.7636090236864796,1.6093615736367197,-0.9524605602238995
1778592183.8151455,10,0.019955624117637835,0.030134819585792807,0.29723289026577426,0.2994223193770607,-1.7636083293654732,1.609348129232541,-0.9522278004061805
1778592183.8484743,10,0.01996150628764923,0.030139136889331224,0.2972466200020288,0.2994367753104755,-1.7638062662574598,1.6093672062642062,-0.9524075504538697
1778592183.8818028,10,0.01996705493616831,0.030149511365931882,0.2972441359924502,0.29943572382120115,-1.7635555945209016,1.6094186212476609,-0.9520869891996339
1778592183.9151316,10,0.019971984529243685,0.030144101638382263,0.29731228196117027,0.2995031552998731,-1.7637374229319531,1.6095561079928504,-0.9522935463078251
1778592183.9484603,10,0.019972109121627914,0.030138077203322972,0.29729578318219163,0.29948617921064796,-1.7635965044593591,1.609619333147109,-0.9522825079634294
1778592183.9817889,10,0.019957289577548155,0.03006282130325333,0.29780829021975314,0.299986406951392,-1.763553384988296,1.6107307711283327,-0.9515483997196384
1778592184.0151174,10,0.019988888231708676,0.030042366926120213,0.29837451300197126,0.3005485808857312,-1.7624003872521579,1.611469707801767,-0.9524328878485495
1778592184.048446,10,0.020013997904212624,0.030021619880337753,0.29865656275712127,0.3008281905843394,-1.7608577970263084,1.611362240746206,-0.9543207047254664
1778592184.0817747,10,0.020027308689047008,0.03004308001072752,0.2989113424846995,0.30108415836085217,-1.7593728847320909,1.6099484954221899,-0.9557551628828915
1778592184.1151032,10,0.020023712475257367,0.030069450421994527,0.2989201894845197,0.3010953347221337,-1.7595681567866341,1.6104493111151186,-0.9554895872649981
1778592184.1484318,10,0.020024703054453384,0.030047698163770748,0.2987257471478161,0.30090019093776105,-1.7610755586021136,1.611716393865458,-0.9537260091814694
1778592184.1817605,10,0.019941529815647754,0.030087036068745066,0.29800567653481536,0.30018373972912543,-1.7628736129353688,1.610689872446192,-0.952425936533591
1778592184.2150893,10,0.020000460259790003,0.030235351139029518,0.29671739296522076,0.29892374639225483,-1.7638365830456426,1.6082969019901812,-0.9525000528531896
1778592184.248418,10,0.020053135765013733,0.030329016233004265,0.2962432320567796,0.29846612876358164,-1.7653628272200919,1.6082909277727229,-0.9510226554483034
1778592184.2817466,10,0.020118427632303374,0.030339187277553477,0.29592480932518095,0.29815551343083263,-1.7665754437848342,1.6079597924620261,-0.9487595988475815
1778592184.3150752,10,0.020136686652397536,0.030326955500286697,0.2955861046097515,0.2978193338546377,-1.7674822563463592,1.6080234421051738,-0.9477224704529437
1778592184.348404,10,0.020130888752607202,0.030282580022726498,0.2960487733497893,0.2982736386889019,-1.766679224801917,1.6083377125255802,-0.9488766521708414
1778592184.3817325,10,0.019979585043734132,0.030202657597763256,0.2968409485175951,0.2990416911758511,-1.7642551932151016,1.608836281793886,-0.9521580133681206
1778592184.4150612,10,0.019990765484959375,0.030204013935136092,0.2968425383035504,0.2990441534438741,-1.7638668661358985,1.608837890819595,-0.9526796363003985
1778592184.4483895,10,0.019985299770699464,0.030218297444333284,0.2967392674090356,0.29894272115207965,-1.7637011928937896,1.608461961788892,-0.9525990377213636
1778592184.4817183,10,0.019988701561829154,0.030214864406651595,0.2968310227574695,0.29903368086636256,-1.7636395721622078,1.608826777334911,-0.952450558403793
1778592184.5150476,10,0.020003395269552592,0.030222287470321477,0.2968346703258359,0.29903903422412326,-1.7640168513849688,1.6088486506545672,-0.9523423184928259
1778592184.5483758,10,0.02000067237215836,0.030210242543160376,0.29685175095775373,0.2990545898269064,-1.7637792341038445,1.6088546868775533,-0.9525729587094478
1778592184.5817044,10,0.019994439051827656,0.03019093752419028,0.2969059224035209,0.29910599636228025,-1.7640370786593345,1.6088951641378295,-0.9524955995046749
1778592184.615033,10,0.019991852044975385,0.03021108053338402,0.29684660590648915,0.2990489775494731,-1.7638133807977292,1.6088365677906695,-0.95233199923584
1778592184.6483624,10,0.019989922267002715,0.03020053932640064,0.2968993975706309,0.2991001869702689,-1.7636266445729125,1.6089991669727135,-0.9526237089897226
1778592184.6816902,10,0.01998726005177129,0.030211267423948383,0.2969129051052377,0.29911450058760164,-1.7635534943226323,1.6089208578935799,-0.9524842260173778
1778592184.7150187,10,0.01998654383682527,0.03018459984370989,0.29700499702301303,0.29920317554950215,-1.763377518256362,1.6090802360502918,-0.9528665247353606
1778592184.7483475,10,0.019965562715831987,0.030124164887364392,0.29730477946937933,0.2994932735472655,-1.7636638245470917,1.6093283995806194,-0.9527589071813468
1778592184.781676,10,0.02001082131565677,0.030102736047860325,0.29750446134101494,0.2996923626072272,-1.7640991761304674,1.6097883845969443,-0.953576545128482
1778592184.8150046,10,0.020029488390670192,0.030098842138821424,0.2976158667743876,0.2998038106148081,-1.7641422301275143,1.6100764954661508,-0.953067315548394
1778592184.8483334,10,0.020096747060666668,0.030024252876088068,0.2980976213592033,0.30027908162774614,-1.7642920426578954,1.6114773597916074,-0.9527200385272818
1778592184.8816621,10,0.02002861302878506,0.029619315731548163,0.29812138495292423,0.3002579047594111,-1.758856408806422,1.6113252931860345,-0.9536290067904349
1778592184.914991,10,0.002520052897164582,0.02784010909387223,0.30299365282643465,0.30428042328429417,1.578637057979902,-1.600431501242398,-0.8102378697281203
1778592184.9483194,10,0.0022160370371321464,0.024881335251405345,0.30521355087100027,0.30623406619663895,1.5823945312039058,-1.6036287732767023,-0.8243595948622235
1778592184.9816482,10,0.01864427130444888,0.013412000259280651,0.29851308955323114,0.29939531599215813,-1.7072932366245366,1.5975307508056453,-0.9116351548399646
1778592185.0149767,10,0.0019493414122481937,-0.0002781673816754845,0.2980808737786919,0.2980873774947577,1.6272087166624516,-1.550657160491881,-0.9438643808736719
1778592185.0483053,10,0.004230039205691101,-0.015290964511176746,0.30772378096135544,0.30813249130287446,1.6802106235440086,-1.5275564401907673,-0.990873347043036
1778592185.081634,10,0.021979500605964077,-0.03132373187709964,0.3143069016278182,0.3166277041518556,-1.6278349788617605,1.6171927624383784,-0.7839235596784685
1778592185.1149623,10,0.02366068787441023,-0.049841135088734355,0.32380285983622975,0.3284695707911842,-1.6084602990039853,1.635136204417467,-0.7295945801806692
1778592185.148291,10,0.025351576739323506,-0.06832723464982261,0.3404917100692005,0.3482038455616339,-1.5961800306443215,1.6497979775230467,-0.6843502849926923
1778592185.18162,10,0.012285609219220917,-0.0847334196678139,0.35231284249324196,0.3625672731896209,1.8371771916181108,-1.484064107595665,-1.1905387205251314
1778592185.2149487,10,0.01413887021647054,-0.10293223090816708,0.3679989608709005,0.38238486765664903,1.8601392515046191,-1.4834652660722636,-1.2249583290634831
1778592185.2482774,10,0.015718798588576745,-0.12253629615336825,0.3865769798004808,0.40583738839061584,1.8889120837479914,-1.4840856033760124,-1.2379972837804023
1778592185.2816057,10,0.018595036303442457,-0.14303417263300858,0.4093593357978817,0.43402720619889545,1.9166521034469253,-1.5000851860310005,-1.251779855787348
1778592185.3149345,10,0.02093903120500247,-0.16078140579778272,0.4290919613215088,0.4587036240851543,1.9320775073783754,-1.4849319052273593,-1.2836267542049005
1778592185.6815495,10,0.0530740631983265,-0.26820583224793537,0.6094512944585146,0.6679686406960634,-1.4988736003980823,1.7320368658860972,-0.4480924223038826
1778592185.714878,10,0.05295672976092839,-0.2649309852581915,0.6238827427024044,0.6798694866066005,-1.5001166203212237,1.7223732951897848,-0.45758888293498745
1778592185.7482069,10,0.05330419897150862,-0.26038229143334674,0.6342431242121507,0.6876806060450331,-1.4939294315907157,1.728402794733627,-0.4569601854868147
1778592185.7815351,10,0.0516638741720491,-0.24536279081509846,0.6264169228373706,0.6747371460265689,-1.4724571411934975,1.7143704790907617,-0.4844275097170015
1778592185.8148642,10,0.04982584745101001,-0.2334487318536229,0.6273478997223574,0.6712274672302445,-1.4711806909306393,1.6986449225278448,-0.5239534192880353
1778592185.8481927,10,0.05132725140067901,-0.2283363346303725,0.6500951651293827,0.690938269437568,-1.5063293028016977,1.7163503310356876,-0.5405165699592913
1778592185.8815212,10,0.0494636294310231,-0.21286655076640826,0.6410391647655558,0.677266586976649,-1.4732889815446224,1.695257166627861,-0.5408327674237772
1778592185.9148502,10,0.04135765329925574,-0.20650464171468752,0.6619516527500086,0.6946471140907452,1.8230755185699083,-1.4964091537450106,-1.226105604491453
1778592185.9481785,10,0.04875029989052488,-0.1987764611463561,0.6803817312008259,0.710498397884976,-1.5472941134985645,1.7075711650679863,-0.5892177655658897
1778592185.9815073,10,0.04702398015601452,-0.18418676242118387,0.6692383156730028,0.6957125421650444,-1.5415691257241,1.6894579143626525,-0.5954718763626767
1778592186.0148358,10,0.04679007168876965,-0.17468080094640961,0.6849051512508701,0.7083768483214967,-1.5651883213827227,1.692688766115548,-0.6264732842940476
1778592186.0481644,10,0.0375940907932157,-0.16125740833533916,0.6799418929117843,0.6998130072684126,1.782594017585868,-1.5072429168133208,-1.1465959287994367
1778592186.0814931,10,0.04410521896566233,-0.15141078716385165,0.6855019883502407,0.7034084679911948,-1.5741596678601635,1.6796442006954144,-0.6481674473083473
1778592186.1148217,10,0.041801299185521064,-0.13797792035605724,0.6716801901025596,0.6869785534466054,-1.5651178498189866,1.652213815533502,-0.6694713100973692
1778592186.1481507,10,0.040248657766749685,-0.12781357846052901,0.6915385918806229,0.7044017953917675,-1.5981943647016361,1.6833939342044721,-0.6657739012602635
1778592186.181479,10,0.038191740989983916,-0.11734876422918308,0.683556271480066,0.6946067360929435,-1.582068696015818,1.6627182996427714,-0.7014465591373104
1778592186.2148077,10,0.02849607312387295,-0.10785888278452259,0.6797601553042127,0.6888537098094297,1.7373578782213326,-1.5513333303094083,-1.0530372042440994
1778592186.2481368,10,0.03466926539489244,-0.09895828328289888,0.6804390840510303,0.6884708032280853,-1.586958791719973,1.654732082964077,-0.7225202918437701
1778592186.281465,10,0.0347845547338246,-0.09143942571036852,0.6873014248554346,0.6942293442592175,-1.6108520909060915,1.6731924454631228,-0.725618545045837
1778592186.3147936,10,0.025589907067034207,-0.08289051879217477,0.6774310770042044,0.6829630630864393,1.7161043888244414,-1.5627385889900165,-1.027521762603546
1778592186.3481224,10,0.03168749295678618,-0.0754928544379016,0.679512561651472,0.6844271982637847,-1.6115096912584177,1.6473778663411054,-0.7536055555664085
1778592186.381451,10,0.03131960578747813,-0.06782297641664084,0.6779258322724294,0.6820295506053689,-1.6150156017093376,1.6426290114386286,-0.7674893407338015
1778592186.4147797,10,0.031291539712007634,-0.060313384391775984,0.6769270382129892,0.6803286557673048,-1.621004607227572,1.6404914362601724,-0.7768038228082951
1778592186.448108,10,0.03137613855761272,-0.053246435309388315,0.6768278525697349,0.6796437206052169,-1.6280527395418072,1.6397891710182535,-0.7845062915706186
1778592186.4814367,10,0.031458985976318514,-0.046755604918027605,0.6766445970622055,0.6789872348751361,-1.6363846581137576,1.6387167136097085,-0.7916746365900619
1778592186.514766,10,0.031463305464451405,-0.04085188239512498,0.6784894179673417,0.6804459612486775,-1.6504446159521393,1.644432033890233,-0.7978621743912543
1778592186.5480943,10,0.030844230245780334,-0.036830537915691415,0.6812113043624974,0.6829031382662325,-1.6492812242585724,1.6610756599501848,-0.7991076735711902
1778592186.5814228,10,0.029254594828270846,-0.032706654181477106,0.6780091707039057,0.6794276945377712,-1.6465958036822612,1.6477934074245035,-0.8163516327608549
1778592186.6147513,10,0.02793403196460747,-0.029267122257746876,0.6776120676675836,0.6788188188580128,-1.6487764345450504,1.6297887988919861,-0.8194235184746808
1778592186.64808,10,0.028030554134922194,-0.026316667576810053,0.6788055704687564,0.6798935809793125,-1.6529993043546776,1.632094167631051,-0.8188733542811124
1778592186.6814086,10,0.02821387317309456,-0.0234739489260857,0.6786002123808162,0.6795920078700903,-1.658922075530627,1.6337896885115788,-0.8197370345746063
1778592186.7147374,10,0.028207308789396666,-0.0204845785316719,0.6807072379361022,0.681599306048178,-1.679216421985744,1.6427440723250681,-0.8243940019144024
1778592186.748066,10,0.026940261984302185,-0.01825965530246999,0.6730054715300292,0.6737919244372886,-1.6663117550733069,1.6453259922623606,-0.8346675831261281
1778592186.7813945,10,0.026515679035888532,-0.015990891884777567,0.6719627462984888,0.67267579283858,-1.6704215623547312,1.6446140950318622,-0.8268408446906067
1778592186.814723,10,0.026884351739190817,-0.014165718326944887,0.6795461216666824,0.680225232857753,-1.6823671907321454,1.650151491898632,-0.8234576867711569
1778592186.8480518,10,0.026389540201477484,-0.011669763285590289,0.6732768543928569,0.673894883396756,-1.6690614190726523,1.6394290667456148,-0.8495280184264359
1778592186.8813806,10,0.027158548586856634,-0.010497746171124426,0.6823176764449972,0.6829386509967919,-1.680499112950444,1.6534427816198687,-0.8324921723189076
1778592186.9147093,10,0.027270764278694636,-0.008331562966586813,0.675999375331339,0.6766005209680015,-1.680561792761257,1.64441149184449,-0.8475929604542011
1778592186.9480379,10,0.02713819136424808,-0.007376480951319828,0.6796601966119489,0.6802417781644559,-1.681131642512684,1.649112902893919,-0.8404233789899099
1778592186.9813664,10,0.02716010507976823,-0.005578580184810627,0.6736678358930682,0.6742381960269473,-1.680384028440239,1.6432176799531233,-0.8507403412374693
1778592187.0146952,10,0.027204975170062703,-0.004310567615934131,0.6797592790640755,0.6803171092519186,-1.6929856789487356,1.6469575755325314,-0.8402407807399743
1778592187.0480237,10,0.01821126555900691,-0.0026511290662794866,0.6719829946034425,0.6722349468116017,1.6428325046359986,-1.586030431959383,-0.9045138171165932
1778592187.0813525,10,0.025872817888019782,-0.0016055369618727493,0.6740399111731118,0.6745381992953838,-1.6816642846426129,1.6364474786943253,-0.8555104819426241
1778592187.1146808,10,0.025801556912651187,-0.0007058002025414973,0.6789528366813607,0.6794432816142265,-1.6790706561448352,1.6449362392864333,-0.8487288442336942
1778592187.1480095,10,0.02469574840064493,0.0010618900228905272,0.668830718167845,0.6692873352786559,-1.667614524878247,1.6214424487753005,-0.8639765370246065
1778592187.1813383,10,0.024746448159487126,0.0023037637168557275,0.6742315403801337,0.6746894575040736,-1.6771692205000825,1.6173646933926507,-0.8617905195314268
1778592187.214667,10,0.02439353819268284,0.0037187757486140858,0.6705411083570829,0.6709949716617641,-1.67355676117947,1.6158358703079225,-0.8659369091713572
1778592187.2479956,10,0.024324168464878337,0.004763360016996353,0.6703462736891735,0.6708043540549805,-1.679545455137167,1.621404579184215,-0.8695291008207394
1778592187.2813241,10,0.02428420638651058,0.00599816606212531,0.6771332008227294,0.6775950651623478,-1.6968191712441434,1.6332691492367166,-0.8636831844786999
1778592187.3146527,10,0.023533672579539432,0.006975041729727865,0.6704559016483492,0.6709050610982997,-1.6824036231359358,1.6331215748320616,-0.8709315745060512
1778592187.3479815,10,0.023344789348685918,0.00797477207936165,0.6729040480119125,0.6733560974776054,-1.695062002727024,1.6354786030174684,-0.8622809532743458
1778592187.38131,10,0.022298805459969394,0.009243958608217138,0.673591515787607,0.6740238999002469,-1.691411155200653,1.6246940827489396,-0.8725812858123242
1778592187.4146388,10,0.022117336025952533,0.010345693647507908,0.6699693181854187,0.6704141236875666,-1.6780508687246563,1.6296702432760728,-0.8762042916156891
1778592187.4479673,10,0.022167379769985018,0.01119264482632371,0.6722935533730122,0.6727520270731157,-1.6811977399489821,1.6305106344029985,-0.877079964930572
1778592187.4812958,10,0.022275021878933345,0.012728538897566791,0.6769309138995219,0.6774168985897944,-1.6820350856383885,1.6350618533954941,-0.8685773666647232
1778592187.5146246,10,0.02194553622259411,0.013895274125266133,0.6694117213115974,0.6699154706621345,-1.6784006912763803,1.6262571473609557,-0.8793090806204572
1778592187.5479534,10,0.022182549575674993,0.01548546744304401,0.677343688046377,0.6778837193382612,-1.6870392049570848,1.6313349105075723,-0.8735620442167036
1778592187.5812821,10,0.02161881041359296,0.017002500931637618,0.6688697439599187,0.6694349799544661,-1.6797929545569124,1.617960203296509,-0.8834214670200411
1778592187.6146107,10,0.02154060322046455,0.018274882041917618,0.6726756010178511,0.67326847030399,-1.6866641789677883,1.6138224103145222,-0.8845438713100372
1778592187.6479394,10,0.02110098482674812,0.019968675510395408,0.671155182926137,0.6717836550042837,-1.683766660662927,1.6112160090204108,-0.8853195744403852
1778592187.681268,10,0.020813952501861754,0.020720989619392668,0.668361766076245,0.6690067491304658,-1.6869162775998559,1.6132840326099167,-0.8906334829320907
1778592187.7145965,10,0.021041316961955263,0.022575138817455292,0.6780582336353063,0.678760150651725,-1.7056161423347107,1.6277291877540792,-0.8859302818126682
1778592187.7479253,10,0.020572739352904285,0.02373296514671069,0.6711333165694217,0.6718678589191547,-1.6975670853821414,1.6233261758387671,-0.8957682428941546
1778592187.7812538,10,0.02012905457628473,0.024540213626160295,0.6724760647801243,0.6732246717293675,-1.702299727177166,1.625835996692417,-0.8911466302053499
1778592187.8145823,10,0.01954988546669725,0.02664414661012286,0.671528873383842,0.672341532525334,-1.697673882081566,1.626023091918456,-0.8934153530563003
1778592187.8479111,10,0.019112720691989434,0.027684367233822192,0.673862617308396,0.6747018210195589,-1.6949460224787551,1.6287037953001384,-0.8988381348463188
1778592187.8812397,10,0.01976365295412705,0.028909803690901723,0.6785380314936951,0.6794411224755802,-1.7128126476023555,1.6293437712050145,-0.8930945455531512
1778592187.8812397,17,0.11792091848209746,1.0222864291093923,2.9680384607271195,3.141373456071771,0.8741432336546194,1.7391693278778555,0.8193333962141888
1778592187.9145687,10,0.020222649386928332,0.029565949693247467,0.6727441161821446,0.6736970734589732,-1.704890299495174,1.624469640268699,-0.9027062232207169
1778592187.947897,10,0.020694532634974276,0.03017809752130737,0.6707686260076269,0.6717659792570216,-1.7059683971622754,1.6200165441250884,-0.907479662320945
1778592187.9812255,10,0.0209584113083582,0.03031382990736435,0.6702519255532821,0.6712643495643913,-1.701052456156232,1.610300489199046,-0.9093611556473723
1778592188.0145545,10,0.0212537833480981,0.030489902702821554,0.6711473770958115,0.6721756907654596,-1.7011130519126985,1.6046651703447325,-0.9101373075049722
1778592188.0478828,10,0.021217330825113484,0.030482586628841863,0.6715497613403613,0.67257597724809,-1.7016282434409253,1.6052823218978645,-0.9100846604223435
1778592188.0812116,10,0.02126815715307282,0.030414848884472705,0.6715423913365504,0.672567157169725,-1.7019669785718736,1.604895021319423,-0.910209316981178
1778592188.11454,10,0.021258571625748186,0.030357791958475502,0.6720263355299746,0.6730474857289098,-1.7026526485455236,1.6056170398991185,-0.910029732997036
1778592188.1478686,10,0.021280559541717797,0.03032252142325245,0.6728586531490836,0.6738776481212825,-1.704600228790014,1.6055594000736186,-0.9098734386440823
1778592188.1811974,10,0.021307184224174998,0.030304275568182572,0.673564724422685,0.6745826733647129,-1.7059167249813372,1.6059633733117595,-0.9093930372826176
1778592188.2145262,10,0.02131142392400803,0.0302913569936968,0.674261661855321,0.6752781143692483,-1.7074801531270691,1.6064485942952558,-0.9099199955887095
1778592188.2478547,10,0.021317486890883513,0.030290110520995273,0.6750144434475457,0.6760298994168209,-1.7094698090360392,1.6067122229020592,-0.9091009448872014
1778592188.2811832,10,0.021354053159933703,0.030323965895800765,0.6752472762364897,0.6762650534803681,-1.7098261925527602,1.6068181678830151,-0.9093816360267829
1778592188.314512,10,0.02138239835340101,0.030305763573042016,0.6756887856772541,0.6767059785128922,-1.711106650973544,1.6067073814144779,-0.9084133318823122
1778592188.3478405,10,0.0214046218391036,0.030272131859271086,0.6762556698514007,0.6772712091987573,-1.7120499172132002,1.607560577967901,-0.9078421143127887
1778592188.3811693,10,0.021432002596399307,0.030235211996367292,0.6770919802466467,0.6781054847839552,-1.7134897292646303,1.6076028240623863,-0.9063480637863812
1778592188.4144983,10,0.021766358143288634,0.030796930685100563,0.6817182832235932,0.682760604434503,-1.7250303530978321,1.6097523316140416,-0.9049169815006173
1778592188.4478264,10,0.021857902444215403,0.031048135569131042,0.6841999427757525,0.6852527390065092,-1.730001530032772,1.6107680482160207,-0.9054529885062779
1778592188.4811552,10,0.021632286813942234,0.030383661764473532,0.6806156787951558,0.6816368717703065,-1.7195912472278376,1.6097044741191944,-0.9041118110355
1778592188.514484,10,0.02177864458676771,0.03059489133293747,0.6834771593740532,0.6845081329843612,-1.7241791249034875,1.6108856506536313,-0.9030537255110315
1778592188.5478125,10,0.021315969335645692,0.029678392655948748,0.6790270040640126,0.6800094483075272,-1.7054565940334507,1.6104023616226606,-0.9048217213712003
1778592188.5811412,10,0.021447306364868794,0.02956933675015369,0.6813656239156473,0.6823440818825293,-1.7049693616414752,1.6136241174659465,-0.9007329469233385
1778592188.6144698,10,0.02163170019023804,0.029745289081489202,0.6857744909520662,0.6867600491556183,-1.7086734097206402,1.6162969201790602,-0.9007162080338912
1778592188.6477983,10,0.0214815645833081,0.029572146499476232,0.6867163100869256,0.6876883451134939,-1.705369336068485,1.6171562411913443,-0.9045377706618507
1778592188.681127,10,0.021506459424602248,0.029634352710729648,0.686729796099727,0.6877052679082359,-1.7057107103649685,1.6173362416528951,-0.9049091210674762
1778592188.7144556,10,0.0216388661057288,0.02982157268583378,0.6874229260149854,0.6884096497978528,-1.7103924393300702,1.6171176858239689,-0.9025856307380428
1778592188.7477844,10,0.021767182354224784,0.029876550088823978,0.6877977543036516,0.6887903667285122,-1.7123019054469948,1.61742190830392,-0.9002058688855845
1778592188.781113,10,0.02173640097798164,0.029889458195626613,0.6882003651211546,0.689191985873018,-1.712366741478349,1.6175635392568946,-0.9013717752515313
1778592188.8144414,10,0.02163225236857248,0.029764634587568575,0.6872951929150181,0.6882794272813629,-1.709021114758007,1.616986437971288,-0.9029849472913812
1778592188.8477702,10,0.0215787611228812,0.029695645031872053,0.6871793048804112,0.6881590450770683,-1.7077638964625115,1.6173116732415294,-0.9033522273368618
1778592188.8810987,10,0.021498069640175355,0.02960779061659817,0.6865510510584512,0.6875253696940311,-1.7060113787873978,1.6163958309763025,-0.9049118364960053
1778592188.9144275,10,0.021537902689612493,0.029679304063070164,0.6868750582383032,0.687853245955711,-1.7068588126661355,1.6170495662218114,-0.9042060564808336
1778592188.947756,10,0.021541732193394943,0.029687669273512133,0.6871523925918747,0.6881306667904892,-1.707057474618299,1.6169743483172356,-0.9045204956546568
1778592188.9794734,10,0.021569596142749337,0.02969392191460461,0.6871185106299821,0.6880979756741018,-1.7073023496710118,1.6170181193064537,-0.9041704630930434
1778592189.012802,10,0.02157133277562967,0.029661760426500726,0.6870341512498187,0.6880124035312698,-1.7074005879401482,1.6173105833549672,-0.9040827514761971
1778592189.0461304,10,0.021482278288728188,0.029653638270214142,0.6867652447526984,0.6877407418085458,-1.7057833059823952,1.616908158307787,-0.9051585783082781
1778592189.0794592,10,0.02152681999919714,0.029702943255058456,0.68714879064802,0.6881272624350292,-1.7069339758247657,1.6165795966154788,-0.904613764635063
1778592189.1127875,10,0.02150753774038076,0.029665773783371322,0.6868952423604858,0.6878718676405443,-1.7062780958442982,1.616794348851087,-0.9047564700407745
1778592189.1461163,10,0.021516715281170707,0.029657027386966375,0.6869755187276261,0.6879519399209607,-1.706386254094406,1.6171239721918773,-0.9047820925863472
1778592189.179445,10,0.0215962881702378,0.029703490207243003,0.6873468822286577,0.6883272720898685,-1.7081531332104711,1.617479064686983,-0.9035907994914543
1778592189.2127736,10,0.021565983656060522,0.029688214310621696,0.6871817764856107,0.6881607920057105,-1.7068576468758603,1.617277393061063,-0.9039787936512728
1778592189.2461026,10,0.021559603530911894,0.02971226882850134,0.6872023950296404,0.6881822194432382,-1.7072845851665226,1.6172024371296443,-0.904497067229767
1778592189.2794309,10,0.021532090987559566,0.029665322395072226,0.686902393047058,0.6878797568389952,-1.7068254233526923,1.6170142359582618,-0.9044238846633221
1778592189.3127594,10,0.02151231173380268,0.029694363298879096,0.6869459342109664,0.6879238702769628,-1.706627520580391,1.6170157116020851,-0.9048251047138369
1778592189.3460882,10,0.02159709986051702,0.02972890707032227,0.6872389996086404,0.6882206660810658,-1.7075368487546518,1.6171094241562103,-0.9042991115758179
1778592189.3794167,10,0.021540806989323365,0.029682039635237346,0.6869251904240893,0.6879035158231352,-1.706765300151832,1.6166716422021707,-0.9045352590246221
1778592189.4127455,10,0.021541030739279106,0.029682771365380292,0.6872272355747863,0.6882051701614881,-1.7068473381919675,1.6174631158529533,-0.9043558878737024
1778592189.446074,10,0.021553383288539747,0.029702663786291477,0.6869659654124316,0.6879455168850352,-1.7067212241223986,1.6169816618163937,-0.9048232666033265
1778592189.4794025,10,0.021533603592230215,0.029675465149858433,0.6871942809190817,0.6881717147946591,-1.7063215354754764,1.6171208487900457,-0.9050745092120348
1778592189.5127313,10,0.02158086581305399,0.029657120403736633,0.6872740482696867,0.6882520584675984,-1.7072889541769127,1.6178201070773441,-0.9038374934149224
1778592189.5127313,17,-0.5551805932426246,1.2416450362617724,4.3691389981200635,4.5759461832587505,1.1752093140465287,-1.6344390457818454,-0.8441728244390556
1778592189.54606,10,0.021551216006039698,0.029671074833152577,0.6870611545980432,0.6880391396938765,-1.707028926799601,1.6171924674437221,-0.9047569826920964
1778592189.5793889,10,0.021567693033795004,0.029667125442182904,0.6869642735641831,0.6879427424345489,-1.7067927675463117,1.6171942506957744,-0.9040139125542099
1778592189.6127174,10,0.02160477819373073,0.0296819412684736,0.6872031517704624,0.688183083111989,-1.7079063496602886,1.6170903651925912,-0.9025335292908255
1778592189.646046,10,0.02154440174809519,0.02963228198320339,0.6867322478756659,0.6877088145825822,-1.7063037713525735,1.6168248896029003,-0.9042547151116781
1778592189.6793747,10,0.021555641947008566,0.02966976369757359,0.6870276462025373,0.6880057610399903,-1.70693136407821,1.6170574814583922,-0.9046363416929853
1778592189.7127032,10,0.021574652366560323,0.029685171502619522,0.687063142017986,0.6880424668227282,-1.7070763991182134,1.6173069812115048,-0.9038347834781779
1778592189.746032,10,0.021547402177925404,0.029696351858850174,0.6869455547392941,0.6879246754045231,-1.7069875087381188,1.6171433373116615,-0.9039338923986251
1778592189.7793605,10,0.021537344821740818,0.029665553940748265,0.6869059668833479,0.6878835000583522,-1.706712867285818,1.6171448646097055,-0.9039590797369926
1778592189.812689,10,0.02152899505529209,0.02967868135434612,0.686850845383434,0.6878287617997386,-1.7066481631145065,1.616813328801269,-0.9045959175052257
1778592189.8460178,10,0.02153759052646622,0.02969903094306085,0.6871788795911534,0.6881574767455452,-1.7070412605779235,1.6171858805241126,-0.9039306816158035
1778592189.8793464,10,0.021535863745966673,0.02973268121225298,0.6874390139533291,0.6884186398293408,-1.707449852221659,1.617196373557641,-0.9047627058352125
1778592189.9126756,10,0.021562582425350002,0.029691324416217774,0.6869953988975162,0.6879747072478729,-1.7073864610745804,1.617264556693919,-0.9041211619030708
1778592189.946004,10,0.02156367462431397,0.029707032748822273,0.687416816157434,0.6883962369116106,-1.7070508795051467,1.6171124411498294,-0.9047371885426251
1778592189.9793324,10,0.021558640793528594,0.029736362638879316,0.6873682059470326,0.6883488046061369,-1.7073806053233833,1.616983087486338,-0.90442513124165
1778592190.012661,10,0.021523059461312426,0.02971977487639236,0.687404227914117,0.6883829455045222,-1.7069508033715093,1.6172219747391023,-0.9053915117263058
1778592190.0459895,10,0.021534824947463876,0.029672250563772685,0.6870931011387158,0.6880705783358673,-1.7066306747462312,1.616995324547845,-0.9052175599515186
1778592190.0793185,10,0.02155688061333108,0.02973981446284654,0.6874163529571783,0.6883969770263448,-1.7080124818585938,1.6167292128963062,-0.9045401852536045
1778592190.1126468,10,0.0216154282980287,0.029741536018981374,0.687612518947298,0.6885947733742421,-1.7079430076669726,1.616998418909156,-0.9035772898398138
1778592190.1459754,10,0.02156052828402769,0.029703326024233215,0.6874394762211329,0.688418606244757,-1.7070195646761783,1.6179091048542171,-0.9043698892849308
1778592190.1793041,10,0.021538207864376394,0.029700597053345455,0.6873250105758004,0.688303486861979,-1.7073636460356867,1.617281183960911,-0.9045318387342054
1778592190.212633,10,0.02152215025337038,0.029680224895842076,0.6868706610746419,0.687848401718367,-1.7064081448115376,1.6169176317316274,-0.9044225267990271
1778592190.245962,10,0.021505494252532287,0.029662127938309846,0.6870275860010188,0.6880038023465144,-1.7060315344840098,1.6175232652903186,-0.9047765086654185
1778592190.2792902,10,0.021549859270523143,0.029673321228799208,0.6870744501842984,0.6880524707632281,-1.7069539901270092,1.616879846105049,-0.9041192112074148
1778592190.3126187,10,0.02153457702230979,0.029616855792326764,0.6868889498224364,0.6878643220452147,-1.7062975395153626,1.6169410876151062,-0.9048939786415001
1778592190.3459473,10,0.0215379191277203,0.029641685454115142,0.686967312155835,0.6879437472988074,-1.706475459717208,1.617398696626595,-0.9038788961031955
1778592190.379276,10,0.021558765868950315,0.029744592443341815,0.6876885700269579,0.688669071841574,-1.7080192089276784,1.617461413573254,-0.9046903906578315
1778592190.4126048,10,0.021505595117547592,0.02966108129421369,0.6869468302138456,0.6879231191824795,-1.7059816222636255,1.6168908536555031,-0.9050374062338009
1778592190.445933,10,0.021513005122254843,0.02966006222007068,0.6870395467797178,0.6880158919091686,-1.7061502274277442,1.6173925864984064,-0.9049459067901026
1778592190.4792619,10,0.02157212917819203,0.029646060694305136,0.687017541546871,0.687995165727985,-1.7067444632432003,1.6170811941779655,-0.9037292998224163
1778592190.5125906,10,0.02155089253971065,0.029643375996243664,0.6867259213400497,0.6877031785225752,-1.7062224368108576,1.6168946676834597,-0.9043369178507381
1778592190.5459192,10,0.02153737964270091,0.02963940499833797,0.686737058010596,0.687713704891489,-1.7059811864032235,1.6169454200403433,-0.9040240439595187
1778592190.579248,10,0.02151768416199137,0.029633375799161827,0.6867229345726982,0.6876987251413862,-1.70569253760367,1.6169585069765433,-0.9046729047768185
1778592190.6125767,10,0.02153246360176787,0.029654938456060414,0.686777881106115,0.6877549856890892,-1.706327862596813,1.6166932202167643,-0.9043432833836115
1778592190.6459053,10,0.021522534784923785,0.029681874329856906,0.6871043201788989,0.68808181197864,-1.7065013646037244,1.617314674525301,-0.9042541572450455
1778592190.6792343,10,0.021512306503672467,0.02961841266994132,0.6866083320658608,0.6875834722871531,-1.7058358223477295,1.616992558069336,-0.9039398180002491
1778592190.7125623,10,0.021530368646938393,0.029659090907100536,0.6867418648916878,0.6877191341255686,-1.706141306452024,1.6168546816965972,-0.9040541792945008
1778592190.7458913,10,0.02154914324579923,0.029711680168402255,0.6871845935391783,0.6881640902507651,-1.7070753425973022,1.6165748161599567,-0.9043057454275082
1778592190.7792196,10,0.021524820263891093,0.029658907847063164,0.6869611455718125,0.6879379217832161,-1.7060897620803972,1.6168468226168506,-0.9050889657925805
1778592190.8125482,10,0.021575163427623802,0.02970795281088213,0.6876183823481615,0.688597915971465,-1.707362386629669,1.6175814381803624,-0.904163759897386
1778592190.845877,10,0.02153238028112916,0.029668768241785798,0.6870424337623591,0.6880197562567963,-1.7063910640141606,1.616947184394357,-0.904670906546574
1778592190.8792057,10,0.021576492869961262,0.029735298711436015,0.6875071483646483,0.6884880624139509,-1.7078227295474324,1.617166241895783,-0.9039301821765885
1778592190.9125347,10,0.021530602918513334,0.02970060072134905,0.6873916714532176,0.6883698152363248,-1.7068597505457923,1.6175121495993066,-0.9046965407341446
1778592190.945863,10,0.021537997818871966,0.02965871798406488,0.6869327466585237,0.6879099674625506,-1.7067813170750208,1.616713888385963,-0.9044723748049196
1778592190.9791915,10,0.02152562427260103,0.02965443402047112,0.6871208392836994,0.6880972211361815,-1.706653354639343,1.6172993877904756,-0.90430344333997
1778592191.01252,10,0.021564417526194583,0.02969785519368046,0.6871947123367813,0.6881740763571238,-1.7070349745157345,1.6169023932352222,-0.9043485077135335
1778592191.0458488,10,0.021512448217556754,0.029686554808243778,0.6869564455431574,0.6879340339291151,-1.7060223253641622,1.6167690534683743,-0.9054264320397867
1778592191.0791776,10,0.02154095569466641,0.0296448317743906,0.6868985073452544,0.6878752708277206,-1.7063347962728688,1.6170037805231354,-0.9047982419993191
1778592191.112506,10,0.021520568257172325,0.029648212896372754,0.6868247264763564,0.6878011022711304,-1.7061779251557287,1.6166269697893767,-0.9047825525286204
1778592191.1458347,10,0.021536320010026935,0.02968164078852761,0.6870839372317604,0.6880618792531462,-1.706729353126944,1.6171431253790143,-0.9044894552927393
1778592191.1791635,10,0.021507600380929172,0.029667960891336123,0.6871120055138137,0.6880884193901323,-1.7062671219399312,1.617280223026131,-0.904911218517765
1778592191.212492,10,0.021507682115566955,0.029667341182853347,0.6869345921352061,0.6879112336594062,-1.7064267299244218,1.6172684958746426,-0.904681423451675
1778592191.245821,10,0.02154953530104987,0.029730824465726835,0.6875540180771977,0.6885338279047752,-1.7074141202868727,1.6168251738863544,-0.9050100381634019
1778592191.2791493,10,0.021501767948971625,0.02968567320063482,0.6870698762998949,0.6880469316384307,-1.7060864037408199,1.6167918915813575,-0.9052034122471879
1778592191.3124778,10,0.021537865156459442,0.02966756517337717,0.6869921750650797,0.6879696887650382,-1.7063055883865106,1.616932809013173,-0.9045952376523128
1778592191.3458066,10,0.02154369133809172,0.02965553486620304,0.686851770550697,0.6878291474583633,-1.7062032399835438,1.6167519503591163,-0.9044900923441113
1778592191.3791354,10,0.021509587758075963,0.02968221375040503,0.6869550945807601,0.6879324081253246,-1.7066471144519975,1.6166852773390936,-0.9051641221164806
1778592191.412464,10,0.02155655392177096,0.029702798781278374,0.6872764961019577,0.6882557107402798,-1.707129877011865,1.6170991588150303,-0.9042267027894569
1778592191.4457924,10,0.021540162933706634,0.029700604094702033,0.6871094255347748,0.688088269890956,-1.7070316351283523,1.616907379334382,-0.9045200740448727
1778592191.479121,10,0.021499222318910386,0.029644646946776723,0.6867443164738378,0.6877199850680767,-1.705587196432752,1.6171552097810555,-0.9052706995364954
1778592191.5124497,10,0.021516535748178217,0.029616565453808145,0.6868098222521123,0.6877847295497774,-1.7058082209672811,1.6173194473069281,-0.9040918878552863
1778592191.5457785,10,0.021558030788826676,0.029728425977094505,0.687294232162335,0.6882745742552032,-1.707264443537668,1.6173077607786919,-0.9048511330400563
1778592191.5791073,10,0.021529507745765262,0.029666974656961477,0.6869858553576701,0.6879630909798733,-1.7062092682359973,1.6169153752767986,-0.9047324824144932
1778592191.6124358,10,0.021519240880487896,0.02970579312519863,0.687237047579877,0.6882152798649386,-1.7066612980742746,1.617004035909054,-0.9051066912054603
1778592191.6457644,10,0.021513239466171345,0.029672963985317224,0.6871661633998555,0.688142892418195,-1.7062520091111477,1.617263700328692,-0.9050212695726774
1778592191.679093,10,0.021512454155292928,0.029666800140317567,0.686775271986227,0.6877522656641019,-1.705762477047987,1.6165262156337774,-0.9053304364910305
1778592191.7124217,10,0.02152689505339816,0.029662172214135522,0.6870587894936839,0.6880356327194307,-1.7062145567095368,1.6172204127994232,-0.9051181367878596
1778592191.7457504,10,0.021497858932821225,0.029622505100848382,0.686648317427714,0.6876231253917047,-1.705788980540751,1.6166837139069996,-0.9050490448679622
1778592191.7790787,10,0.021543348973731676,0.029656265466271366,0.6870935238711454,0.6880705781473861,-1.7067025906228623,1.6171538060711865,-0.903797833713315
1778592191.8124075,10,0.021548200786180447,0.02970596838403183,0.687250528358152,0.6882296551612069,-1.706811366688463,1.6168850026213675,-0.9044960352499929
1778592191.8457363,10,0.02150788671003363,0.02966862004762813,0.6869144344452911,0.6878911661415317,-1.706316257967972,1.6172513621249462,-0.9045259632356238
1778592191.8790648,10,0.0215092595137027,0.029657179002854687,0.6867675899176484,0.6877440796346636,-1.7057968539599755,1.617059293541027,-0.9049635608681668
1778592191.9123938,10,0.021554486243142178,0.02968102036594953,0.687010422265752,0.6879890109216401,-1.7069882103316365,1.6170294040475313,-0.9040333722119656
1778592191.945722,10,0.021525945571524915,0.02969446851822507,0.6869955767549539,0.687973873249704,-1.7064924221800566,1.6166661927801511,-0.9045991775751695
1778592191.9790506,10,0.021534477456322875,0.029640752755473097,0.6867903672755165,0.6877669056632972,-1.7063152330464795,1.6168742478071645,-0.9045619491280225
1778592192.0123794,10,0.02151170705750783,0.029685220779230415,0.686876634123268,0.687854255186191,-1.7058613059798957,1.6164470971770657,-0.9047004605819863
1778592192.0457084,10,0.021535191693390524,0.029674231268560704,0.6870981409044998,0.6880757078382226,-1.7067322291845404,1.6168254207199364,-0.9044368893905098
1778592192.0790367,10,0.02151570095856185,0.02965014053715437,0.6869562268704943,0.6879323468610539,-1.7061967805918632,1.6173285263853296,-0.9043686681102776
1778592192.1123652,10,0.021510125415314035,0.029642152678584846,0.6869192888918118,0.6878949426783391,-1.7056681753792553,1.6169542543352922,-0.9047934063693803
1778592192.1456938,10,0.021535607767681354,0.0296852618954538,0.6870650616464425,0.6880431644242642,-1.7070305274666555,1.6171956218037211,-0.9043633263132532
1778592192.179023,10,0.021535130737992705,0.029714140430934663,0.6873501321230876,0.6883290609345778,-1.7072555829633687,1.6173550682844788,-0.904580376459609
1778592192.212351,10,0.021503491078738165,0.0296808484801134,0.6872223052230452,0.6881989898940197,-1.706332567402799,1.6174553346029616,-0.9050712096070699
1778592192.24568,10,0.02154236262113598,0.029738301366607933,0.6874788399701728,0.6884588552427852,-1.7073602702355328,1.6170317863703298,-0.9051329993485137
1778592192.2790084,10,0.021537633482346635,0.02969679408103598,0.6870859860101459,0.6880646200802987,-1.7063203621724456,1.6170158789895894,-0.9047143794520696
